carID,price
75973,9163.56
75974,21326.95
75975,29953.73
75976,26892.88
75977,15416.83
75978,21947.6
75979,32986.02
75980,25626.67
75981,15791.7
75982,24161.27
75983,35317.52
75984,16577.06
75985,32633.18
75986,49905.14
75987,15383.03
75988,23229.49
75989,15708.83
75990,12825.05
75991,18161.03
75992,23252.45
75993,58296.17
75994,22497.55
75995,12673.43
75996,19777.58
75997,10615.8
75998,14791.78
75999,18030.62
76000,13686.64
76001,12155.43
76002,11981.3
76003,13301.14
76004,19528.2
76005,27964.56
76006,26188.51
76007,15965.22
76008,50599.68
76009,16963.15
76010,26166.45
76011,31086.75
76012,20834.6
76013,26475.54
76014,12314.42
76015,33803.37
76016,29101.87
76017,23469.76
76018,10942.39
76019,11566.93
76020,27971.36
76021,19508.32
76022,18116.51
76023,17064.32
76024,23305.95
76025,21558.82
76026,38028.51
76027,11605.95
76028,23663.47
76029,11902.02
76030,17340.19
76031,9358.4
76032,14463.92
76033,28312.71
76034,10697.33
76035,21759.42
76036,18379.63
76037,35796.43
76038,21801.62
76039,14294.48
76040,16650.95
76041,21679.73
76042,22744.55
76043,18694.52
76044,21629.26
76045,12058.15
76046,14661.7
76047,11647.31
76048,49291.75
76049,22653.82
76050,12740.4
76051,19462.57
76052,23211.18
76053,18932.58
76054,11850.2
76055,17644.47
76056,20235.53
76057,24575.35
76058,18996.83
76059,14737.81
76060,21091.6
76061,20287.13
76062,9863.47
76063,35727.66
76064,49030.44
76065,17059.63
76066,20001.56
76067,19985.34
76068,16071.87
76069,28451.12
76070,21797.8
76071,16389.77
76072,29682.58
76073,19375.41
76074,14141.94
76075,33361.34
76076,27156.67
76077,18424.3
76078,12472.09
76079,20201.13
76080,17544.29
76081,24244.28
76082,13663.19
76083,26303.09
76084,17786.41
76085,17629.63
76086,13826.27
76087,10373.33
76088,19619.25
76089,27155.11
76090,20786.16
76091,22040.9
76092,27390.33
76093,32723.11
76094,13932.6
76095,20696.34
76096,10644.35
76097,18760.53
76098,29019.33
76099,47399.17
76100,16655.46
76101,22760.29
76102,20547.4
76103,22361.71
76104,17559.44
76105,15857.54
76106,28495.73
76107,31609.16
76108,17272.37
76109,9998.25
76110,11451.94
76111,19145.68
76112,29922.08
76113,20318.95
76114,15035.51
76115,21002.34
76116,18321.37
76117,13742.91
76118,25054.07
76119,21053.55
76120,4746.82
76121,18698.21
76122,28659.25
76123,28245.42
76124,19509.42
76125,21909.98
76126,21447.62
76127,17272.89
76128,16450.87
76129,32892.42
76130,14237.37
76131,16291.94
76132,20701.58
76133,17554.84
76134,14064.57
76135,16951.21
76136,21652.36
76137,11289.75
76138,19461.25
76139,17395.27
76140,19724.52
76141,17240.04
76142,29642.58
76143,18140.01
76144,15126.62
76145,26520.78
76146,17354.62
76147,33448.4
76148,26062.65
76149,15231.58
76150,37015.56
76151,15738.98
76152,29189.58
76153,47459.9
76154,31494.98
76155,13341.85
76156,36269.05
76157,11084.17
76158,13665.26
76159,23391.84
76160,31448.35
76161,18998.21
76162,34130.23
76163,27725.99
76164,33986.45
76165,19226.58
76166,13041.82
76167,15250.67
76168,30741.75
76169,13637.45
76170,17670.65
76171,28897.02
76172,42739.64
76173,32462.71
76174,35423.75
76175,9868.98
76176,16062.79
76177,11460.45
76178,22568.09
76179,12179.97
76180,49319.39
76181,25733.77
76182,30827.68
76183,29548.06
76184,3993.07
76185,40040.7
76186,13987.99
76187,29823.09
76188,33655.88
76189,17875.15
76190,11730.44
76191,26608.9
76192,16051.55
76193,17079.87
76194,13408.78
76195,16350.52
76196,10387.66
76197,15830.72
76198,15740.25
76199,19913.73
76200,18266.44
76201,39527.19
76202,16052.26
76203,19420.91
76204,14752.54
76205,30586.71
76206,52080.18
76207,35486.3
76208,13905.02
76209,20078.89
76210,27229.1
76211,33066.34
76212,18425.42
76213,18137.45
76214,22524.62
76215,12785.23
76216,32174.39
76217,15451.28
76218,56378.31
76219,16680.3
76220,11507.72
76221,11729.52
76222,26485.47
76223,28516.33
76224,16466.87
76225,10349.36
76226,21819.8
76227,17764.03
76228,22932.71
76229,17230.12
76230,18075.02
76231,54635.94
76232,12512.64
76233,20997.22
76234,20697.4
76235,46995.07
76236,30653.08
76237,22677.55
76238,40067.7
76239,30112.03
76240,19833.67
76241,13020.79
76242,14894.79
76243,11306.31
76244,32587.49
76245,20464.09
76246,26069.24
76247,31278.65
76248,24608.25
76249,44115.54
76250,32301.17
76251,19204.42
76252,14568.04
76253,22358.85
76254,16321.34
76255,15021.84
76256,29705.35
76257,11178.9
76258,25122.29
76259,19438.17
76260,36573.73
76261,13959.77
76262,32694.79
76263,3525.82
76264,17104.47
76265,26700.4
76266,15729.07
76267,32454.53
76268,45730.1
76269,26313.07
76270,16621.41
76271,11837.29
76272,20475.78
76273,15700.23
76274,15594.37
76275,32339.65
76276,10840.18
76277,23916.8
76278,18093.68
76279,26824.84
76280,32953.64
76281,11055.26
76282,19522.68
76283,19320.92
76284,16538.51
76285,19942.69
76286,19076.85
76287,14635.47
76288,25235.81
76289,32345.0
76290,6585.14
76291,29804.19
76292,20500.29
76293,17782.1
76294,21798.57
76295,28676.46
76296,19551.73
76297,30986.83
76298,12876.05
76299,15155.8
76300,39085.5
76301,13998.02
76302,22243.42
76303,12916.17
76304,26472.15
76305,31240.25
76306,21536.98
76307,14298.68
76308,43709.96
76309,20493.95
76310,33808.21
76311,10821.93
76312,18123.5
76313,9526.38
76314,19418.28
76315,25212.51
76316,18914.42
76317,14172.58
76318,20454.4
76319,17850.8
76320,16259.87
76321,27636.31
76322,58214.77
76323,20453.87
76324,16289.81
76325,33427.26
76326,49454.51
76327,34408.66
76328,47395.25
76329,29909.14
76330,15237.83
76331,16821.45
76332,30646.08
76333,13631.11
76334,22025.75
76335,18039.74
76336,30452.73
76337,57370.18
76338,27162.69
76339,21789.18
76340,19869.91
76341,12621.07
76342,16595.66
76343,15216.87
76344,16101.95
76345,29318.29
76346,11944.55
76347,22638.15
76348,7276.03
76349,54624.44
76350,8739.17
76351,22115.65
76352,17035.93
76353,38678.81
76354,20364.94
76355,22743.33
76356,11071.51
76357,25857.04
76358,13909.97
76359,24373.27
76360,14020.78
76361,19142.45
76362,24288.39
76363,20158.0
76364,20569.73
76365,17090.6
76366,33201.72
76367,7783.08
76368,18286.85
76369,15606.35
76370,14941.28
76371,17833.29
76372,23073.64
76373,20961.41
76374,23608.54
76375,20670.81
76376,14355.27
76377,18119.44
76378,24305.7
76379,21186.53
76380,19745.02
76381,20041.27
76382,18930.01
76383,14135.97
76384,47425.92
76385,14908.49
76386,31055.69
76387,12140.69
76388,22281.67
76389,19075.53
76390,21357.74
76391,43470.24
76392,77876.95
76393,29576.02
76394,21376.85
76395,22319.24
76396,10615.18
76397,21213.15
76398,24874.05
76399,23627.66
76400,28415.1
76401,19816.64
76402,11094.8
76403,16573.4
76404,20542.6
76405,21215.62
76406,22481.82
76407,22098.53
76408,42860.12
76409,21690.73
76410,17675.86
76411,18328.33
76412,45489.41
76413,7912.29
76414,16497.91
76415,20627.91
76416,27274.84
76417,28937.82
76418,21345.03
76419,23380.86
76420,15323.28
76421,17056.42
76422,21248.22
76423,21482.51
76424,3912.73
76425,24669.52
76426,14144.08
76427,25385.09
76428,18383.51
76429,36733.44
76430,22519.84
76431,22708.72
76432,19482.72
76433,16006.4
76434,19344.64
76435,59848.36
76436,13615.3
76437,16417.55
76438,27734.65
76439,34347.9
76440,21168.85
76441,31461.56
76442,31484.82
76443,13173.75
76444,32600.16
76445,47425.92
76446,50491.06
76447,30679.24
76448,23699.73
76449,27317.29
76450,53817.69
76451,35899.64
76452,32274.85
76453,26983.41
76454,22124.75
76455,22140.09
76456,19375.78
76457,19703.43
76458,14657.42
76459,34389.09
76460,11467.24
76461,30981.71
76462,49564.4
76463,26697.74
76464,11822.28
76465,15950.72
76466,21797.36
76467,12469.64
76468,10310.99
76469,5029.17
76470,26418.36
76471,26480.83
76472,11288.21
76473,17352.89
76474,22008.44
76475,11002.99
76476,10762.82
76477,10780.49
76478,19314.6
76479,17958.3
76480,22071.15
76481,12057.1
76482,11794.15
76483,31763.75
76484,18442.57
76485,19667.54
76486,14934.37
76487,10742.46
76488,19167.28
76489,14295.25
76490,27188.26
76491,17749.88
76492,22517.42
76493,16834.23
76494,20199.77
76495,23823.27
76496,14147.89
76497,51027.02
76498,33554.61
76499,15849.89
76500,15254.36
76501,22090.35
76502,33763.59
76503,18137.3
76504,20519.54
76505,14624.01
76506,25103.53
76507,16260.15
76508,22152.62
76509,30177.67
76510,12034.81
76511,20157.86
76512,18762.28
76513,18669.48
76514,20581.1
76515,5375.7
76516,19628.54
76517,15068.92
76518,27567.9
76519,35142.46
76520,16964.28
76521,26904.27
76522,29908.93
76523,21610.0
76524,53904.59
76525,11370.06
76526,26555.59
76527,14024.66
76528,19420.65
76529,20902.06
76530,12221.74
76531,15191.16
76532,17033.8
76533,10163.24
76534,31382.55
76535,11718.32
76536,31456.06
76537,11443.6
76538,21627.16
76539,9833.32
76540,39352.64
76541,10678.68
76542,25804.96
76543,27519.61
76544,55339.58
76545,17627.5
76546,35423.75
76547,47705.9
76548,16863.6
76549,5089.81
76550,19873.81
76551,48859.21
76552,25542.39
76553,17593.34
76554,18004.9
76555,29314.8
76556,19674.47
76557,21677.95
76558,19205.28
76559,20774.57
76560,21731.9
76561,20432.07
76562,30088.76
76563,11819.85
76564,30186.61
76565,32368.3
76566,8485.48
76567,25035.37
76568,19947.78
76569,29219.64
76570,21494.36
76571,21642.95
76572,14755.53
76573,13512.0
76574,16488.34
76575,27785.73
76576,13073.36
76577,25664.16
76578,19603.54
76579,22745.22
76580,12794.66
76581,31346.39
76582,10625.92
76583,12865.05
76584,34024.47
76585,22117.35
76586,50503.39
76587,30600.31
76588,49792.24
76589,12767.83
76590,13780.22
76591,14888.5
76592,18393.54
76593,16976.49
76594,19094.26
76595,15708.02
76596,25684.09
76597,32680.54
76598,20664.65
76599,19520.37
76600,19425.67
76601,28833.71
76602,52650.57
76603,23966.5
76604,13978.7
76605,17977.76
76606,19996.44
76607,28220.06
76608,20968.6
76609,26075.1
76610,31109.74
76611,25223.99
76612,27589.16
76613,30891.41
76614,28996.06
76615,12625.15
76616,27274.84
76617,23808.68
76618,21469.12
76619,22328.34
76620,34318.52
76621,23729.64
76622,27625.26
76623,16559.81
76624,13396.34
76625,27486.59
76626,20871.9
76627,19758.31
76628,26823.15
76629,27671.87
76630,25549.26
76631,22677.55
76632,21937.71
76633,27239.35
76634,36184.55
76635,17277.93
76636,27566.28
76637,16202.57
76638,12245.6
76639,23018.02
76640,11439.0
76641,20168.14
76642,11874.74
76643,15859.57
76644,9376.49
76645,18519.98
76646,27590.11
76647,9571.46
76648,47532.54
76649,12447.2
76650,11667.05
76651,19552.79
76652,18200.69
76653,100698.01
76654,31613.91
76655,45871.94
76656,46052.73
76657,16720.26
76658,48000.4
76659,52253.54
76660,11462.76
76661,19780.27
76662,18525.02
76663,49302.1
76664,29946.43
76665,25335.63
76666,17608.7
76667,38058.85
76668,24438.47
76669,27256.45
76670,17326.6
76671,16571.95
76672,27602.47
76673,17669.4
76674,19678.57
76675,27894.19
76676,27248.6
76677,48429.75
76678,33808.21
76679,31335.87
76680,25931.42
76681,12916.31
76682,21606.8
76683,32083.78
76684,29169.8
76685,11900.95
76686,27888.19
76687,52115.75
76688,15237.5
76689,19514.69
76690,14477.6
76691,11830.15
76692,45121.54
76693,18572.2
76694,12633.42
76695,15302.61
76696,12111.72
76697,20413.36
76698,32115.87
76699,17535.48
76700,29763.1
76701,10088.73
76702,29138.31
76703,21335.36
76704,12753.11
76705,21882.78
76706,19513.66
76707,26359.13
76708,33973.81
76709,9271.71
76710,25081.92
76711,21387.77
76712,16689.62
76713,22470.39
76714,16429.1
76715,24212.2
76716,21520.38
76717,28950.82
76718,20501.2
76719,16759.66
76720,12177.47
76721,15133.33
76722,22370.0
76723,10275.94
76724,17510.07
76725,24636.05
76726,15674.32
76727,31025.77
76728,15803.91
76729,34135.69
76730,11752.14
76731,37460.0
76732,17434.67
76733,17236.5
76734,18280.65
76735,21474.46
76736,26375.28
76737,16516.3
76738,13263.25
76739,19833.43
76740,18965.81
76741,36708.94
76742,21567.94
76743,32972.37
76744,18925.24
76745,15232.53
76746,37028.28
76747,18142.37
76748,15520.33
76749,29568.1
76750,40622.14
76751,12139.59
76752,8158.16
76753,32417.11
76754,20321.42
76755,9662.37
76756,20932.41
76757,16249.89
76758,31226.61
76759,24627.3
76760,16137.75
76761,16135.8
76762,54716.5
76763,20913.28
76764,32716.19
76765,13639.65
76766,32679.72
76767,20256.27
76768,13835.2
76769,33118.82
76770,19436.75
76771,31018.28
76772,26948.42
76773,17416.88
76774,17427.74
76775,26817.96
76776,32691.75
76777,15783.35
76778,13847.04
76779,26704.07
76780,19554.12
76781,15300.69
76782,22081.6
76783,19169.24
76784,3567.24
76785,41956.68
76786,10101.1
76787,19267.85
76788,27700.87
76789,35908.85
76790,10994.72
76791,18314.73
76792,35618.87
76793,31690.64
76794,17141.45
76795,17399.05
76796,30049.9
76797,13933.77
76798,29598.51
76799,15800.47
76800,12676.17
76801,20601.78
76802,32511.29
76803,26587.51
76804,133105.02
76805,10940.28
76806,20729.83
76807,18919.41
76808,27815.71
76809,11040.19
76810,18603.57
76811,22414.31
76812,26032.96
76813,26591.54
76814,13978.27
76815,15561.6
76816,34366.65
76817,23650.94
76818,21505.18
76819,25841.68
76820,30174.82
76821,19757.84
76822,13128.43
76823,10244.31
76824,9199.29
76825,28788.13
76826,18768.69
76827,7978.61
76828,20796.99
76829,17381.39
76830,36513.03
76831,19055.5
76832,19153.96
76833,34364.47
76834,52583.85
76835,37681.83
76836,22535.62
76837,20979.91
76838,119225.99
76839,19063.8
76840,9912.88
76841,20702.06
76842,22661.44
76843,8582.93
76844,13837.44
76845,13817.37
76846,17702.09
76847,11478.51
76848,18047.77
76849,36067.14
76850,26901.56
76851,33435.75
76852,11688.1
76853,32607.64
76854,13899.17
76855,25320.88
76856,29652.16
76857,35111.6
76858,22634.95
76859,12798.8
76860,12214.4
76861,22214.66
76862,30765.59
76863,11649.7
76864,25269.48
76865,12580.04
76866,37562.06
76867,26441.21
76868,30932.25
76869,16993.04
76870,21140.42
76871,17687.7
76872,19673.39
76873,19390.21
76874,14973.25
76875,12476.11
76876,23371.42
76877,13850.41
76878,11385.5
76879,20657.87
76880,23759.5
76881,16335.22
76882,12929.46
76883,17877.34
76884,16374.36
76885,11333.68
76886,15249.01
76887,35636.01
76888,44671.81
76889,17911.17
76890,9205.09
76891,26168.27
76892,16369.27
76893,17467.78
76894,36129.24
76895,29889.98
76896,33579.53
76897,24690.46
76898,14909.28
76899,19978.92
76900,13144.57
76901,22219.84
76902,26515.58
76903,33728.86
76904,21064.36
76905,43406.11
76906,30022.93
76907,19947.12
76908,20018.93
76909,27747.24
76910,16370.66
76911,19205.19
76912,12897.28
76913,44204.09
76914,32243.72
76915,15138.9
76916,31504.7
76917,16170.43
76918,33311.52
76919,39429.83
76920,22152.62
76921,9159.74
76922,33959.63
76923,26983.8
76924,20678.74
76925,24403.8
76926,13865.39
76927,48492.38
76928,23805.42
76929,40380.79
76930,16959.91
76931,32073.96
76932,12098.36
76933,5770.27
76934,32980.4
76935,15954.99
76936,20112.0
76937,19725.44
76938,29024.72
76939,13798.31
76940,16218.43
76941,10593.81
76942,11879.3
76943,19666.18
76944,63919.37
76945,11587.39
76946,36809.19
76947,12456.02
76948,17237.26
76949,11862.99
76950,28219.26
76951,27940.25
76952,33003.19
76953,20801.73
76954,18836.42
76955,16386.59
76956,13009.03
76957,36757.04
76958,13135.82
76959,17227.42
76960,37366.88
76961,32022.6
76962,20268.32
76963,15717.19
76964,18123.5
76965,39426.91
76966,19176.63
76967,26148.63
76968,18461.06
76969,32767.32
76970,20819.82
76971,20054.49
76972,27405.56
76973,11555.07
76974,53426.04
76975,22973.46
76976,9759.0
76977,14329.55
76978,29958.84
76979,18802.13
76980,17903.04
76981,11753.82
76982,16695.63
76983,34855.18
76984,23015.64
76985,23326.37
76986,21750.52
76987,12016.93
76988,26154.65
76989,57370.18
76990,9492.98
76991,49817.11
76992,27636.94
76993,26696.67
76994,14762.0
76995,12954.71
76996,8273.74
76997,13542.91
76998,10913.67
76999,23436.09
77000,28557.62
77001,18425.68
77002,13257.87
77003,19330.08
77004,19302.47
77005,16970.01
77006,15770.03
77007,21047.2
77008,25972.24
77009,18335.81
77010,19821.78
77011,16654.19
77012,36078.66
77013,19022.21
77014,23399.94
77015,15276.51
77016,43931.13
77017,13758.51
77018,12741.94
77019,28335.29
77020,18826.83
77021,53904.59
77022,14694.86
77023,53342.21
77024,12566.85
77025,14870.57
77026,17420.2
77027,24227.21
77028,52306.9
77029,28811.86
77030,16591.54
77031,19793.03
77032,7417.92
77033,6599.41
77034,17236.47
77035,12889.61
77036,13241.68
77037,33514.33
77038,17407.31
77039,23054.87
77040,12982.37
77041,24525.19
77042,13143.39
77043,11251.74
77044,12195.41
77045,29774.47
77046,78485.96
77047,19528.81
77048,18375.9
77049,8638.43
77050,30386.86
77051,32041.46
77052,17490.04
77053,27630.36
77054,17873.09
77055,21025.83
77056,18072.23
77057,23926.55
77058,15295.05
77059,35051.76
77060,19329.32
77061,40233.76
77062,31469.57
77063,28406.46
77064,12439.35
77065,23709.97
77066,8907.76
77067,7190.43
77068,21776.5
77069,18927.63
77070,18698.22
77071,27704.91
77072,19590.38
77073,27220.67
77074,11952.68
77075,18864.54
77076,13821.44
77077,18561.94
77078,9984.01
77079,15282.83
77080,20911.38
77081,27876.84
77082,34634.29
77083,20588.09
77084,11421.32
77085,28940.38
77086,33057.98
77087,15008.6
77088,37175.68
77089,17865.65
77090,18665.6
77091,14251.38
77092,21988.99
77093,10465.05
77094,13551.65
77095,41072.12
77096,15484.96
77097,27182.02
77098,16558.02
77099,31669.38
77100,23527.46
77101,15903.31
77102,21376.9
77103,12795.96
77104,22111.01
77105,19616.47
77106,21084.9
77107,28557.89
77108,12904.56
77109,13358.58
77110,11719.88
77111,21674.36
77112,25706.01
77113,54315.86
77114,15548.37
77115,7973.77
77116,9360.72
77117,43557.47
77118,29876.35
77119,10255.9
77120,48480.65
77121,16468.75
77122,31508.54
77123,25631.31
77124,22684.64
77125,19835.43
77126,10046.21
77127,23299.25
77128,23959.9
77129,12333.92
77130,27652.93
77131,48826.01
77132,30378.04
77133,12014.93
77134,18726.16
77135,22156.46
77136,29727.43
77137,31396.29
77138,66314.22
77139,28347.9
77140,6139.85
77141,18927.56
77142,22626.8
77143,29545.14
77144,27669.81
77145,16219.41
77146,30858.55
77147,18692.72
77148,4874.91
77149,23864.97
77150,11175.7
77151,23591.54
77152,10034.15
77153,50857.79
77154,29093.7
77155,23952.22
77156,10203.02
77157,11911.39
77158,25099.74
77159,44995.26
77160,13713.37
77161,15421.88
77162,17023.65
77163,18249.38
77164,9063.02
77165,22040.63
77166,29950.38
77167,16049.46
77168,50226.4
77169,31025.82
77170,26899.45
77171,18729.99
77172,19118.18
77173,47189.94
77174,10192.26
77175,46559.08
77176,16965.05
77177,32830.0
77178,18134.19
77179,18335.53
77180,29314.8
77181,16661.6
77182,18479.8
77183,20766.11
77184,23376.34
77185,22221.37
77186,26139.5
77187,15441.65
77188,16077.02
77189,23598.59
77190,25542.4
77191,21050.32
77192,10491.88
77193,57961.04
77194,16515.39
77195,77696.17
77196,3900.28
77197,9750.09
77198,10952.76
77199,26275.44
77200,20573.79
77201,10733.61
77202,8077.54
77203,18948.95
77204,16458.84
77205,19727.07
77206,13410.13
77207,32324.14
77208,11756.1
77209,4092.82
77210,22104.45
77211,24498.7
77212,29997.82
77213,20633.83
77214,22849.55
77215,11429.88
77216,27463.62
77217,21618.15
77218,15219.33
77219,15412.03
77220,11506.87
77221,27698.68
77222,10988.24
77223,64212.94
77224,11114.74
77225,17694.25
77226,19647.54
77227,21637.8
77228,15318.68
77229,23609.06
77230,40698.17
77231,43089.3
77232,28169.27
77233,48967.6
77234,47956.07
77235,24217.05
77236,26338.51
77237,34225.38
77238,12451.07
77239,9265.35
77240,25198.4
77241,14185.79
77242,31686.76
77243,45077.3
77244,52566.03
77245,24210.28
77246,34597.64
77247,10934.73
77248,18444.82
77249,17773.86
77250,17232.08
77251,39923.63
77252,47550.81
77253,11014.77
77254,21552.23
77255,10098.76
77256,27879.29
77257,19633.5
77258,34987.57
77259,13423.82
77260,48828.1
77261,54655.36
77262,32929.49
77263,9235.61
77264,21352.11
77265,25843.08
77266,13328.22
77267,24547.33
77268,15943.22
77269,26108.44
77270,19062.39
77271,20329.74
77272,19745.07
77273,21301.46
77274,35139.46
77275,21073.78
77276,17232.32
77277,22594.14
77278,36295.22
77279,25400.99
77280,30633.51
77281,10401.12
77282,19362.12
77283,31485.34
77284,42480.5
77285,32359.5
77286,24806.02
77287,7900.26
77288,25459.54
77289,19373.76
77290,34410.28
77291,28288.2
77292,9600.65
77293,39285.67
77294,14818.77
77295,27423.34
77296,12688.94
77297,20627.18
77298,22787.51
77299,17580.76
77300,54216.58
77301,22235.87
77302,14406.97
77303,10987.21
77304,23375.67
77305,13279.79
77306,14996.75
77307,31655.46
77308,16211.69
77309,15144.84
77310,23531.83
77311,12688.55
77312,16261.6
77313,17229.89
77314,13605.01
77315,11902.76
77316,19796.47
77317,28027.06
77318,26453.81
77319,33758.3
77320,16831.18
77321,17667.99
77322,16333.36
77323,25368.09
77324,14251.15
77325,11797.19
77326,25654.05
77327,32562.15
77328,27528.97
77329,26800.5
77330,53440.34
77331,26507.17
77332,15217.53
77333,9316.23
77334,34718.7
77335,22170.94
77336,12248.39
77337,24450.61
77338,31357.15
77339,14196.7
77340,26093.93
77341,13855.43
77342,31763.36
77343,27908.45
77344,30758.84
77345,14330.05
77346,28209.64
77347,16564.97
77348,27125.62
77349,17922.25
77350,10899.8
77351,11791.56
77352,30134.94
77353,11172.72
77354,29757.54
77355,23975.63
77356,33516.42
77357,18333.24
77358,22154.93
77359,15995.96
77360,26022.56
77361,28075.01
77362,21030.29
77363,29331.38
77364,20155.71
77365,22934.64
77366,32701.17
77367,15998.35
77368,23342.31
77369,34329.22
77370,25105.67
77371,28418.95
77372,30015.48
77373,19082.82
77374,25198.31
77375,12508.31
77376,12103.14
77377,10840.92
77378,20963.87
77379,8105.98
77380,22137.08
77381,15846.79
77382,17737.61
77383,11932.45
77384,37594.19
77385,35296.77
77386,39471.61
77387,14719.67
77388,42821.95
77389,78355.73
77390,24203.29
77391,11017.32
77392,6129.82
77393,32505.44
77394,34665.7
77395,11710.99
77396,17362.43
77397,35232.79
77398,47925.44
77399,17052.2
77400,11274.72
77401,37818.81
77402,19530.01
77403,21541.78
77404,9450.07
77405,50476.67
77406,15003.85
77407,19719.05
77408,13308.03
77409,8531.18
77410,12273.52
77411,24294.91
77412,29928.22
77413,18812.89
77414,60269.3
77415,15683.99
77416,27156.63
77417,16625.3
77418,26299.55
77419,20649.96
77420,15326.17
77421,15238.6
77422,32083.78
77423,23051.9
77424,15049.46
77425,10779.91
77426,11928.07
77427,12817.98
77428,15663.01
77429,26273.06
77430,28878.39
77431,10822.8
77432,27420.88
77433,20902.66
77434,20011.61
77435,15065.48
77436,19978.55
77437,27226.79
77438,21351.65
77439,15273.8
77440,15671.77
77441,14096.71
77442,11092.23
77443,39114.72
77444,16771.01
77445,18170.29
77446,15145.83
77447,9983.99
77448,36544.94
77449,21301.48
77450,22259.0
77451,16426.54
77452,26834.1
77453,23678.16
77454,15069.6
77455,24587.97
77456,31801.64
77457,13201.13
77458,21447.62
77459,24864.97
77460,30633.51
77461,11646.85
77462,11190.15
77463,37385.38
77464,30408.17
77465,20069.06
77466,17907.47
77467,26444.92
77468,19756.48
77469,11062.25
77470,16143.71
77471,32692.39
77472,34316.86
77473,19018.64
77474,20570.24
77475,28383.06
77476,13757.09
77477,49551.2
77478,17412.09
77479,9552.81
77480,12102.1
77481,17347.26
77482,27586.7
77483,20395.02
77484,10175.32
77485,18424.89
77486,34678.19
77487,20329.74
77488,11970.54
77489,27946.63
77490,20256.85
77491,46756.41
77492,24495.82
77493,32666.28
77494,35863.21
77495,17034.32
77496,15733.6
77497,13510.65
77498,26114.54
77499,13042.35
77500,25331.21
77501,15844.01
77502,20827.37
77503,21550.32
77504,13506.38
77505,17866.89
77506,26590.51
77507,41632.98
77508,33205.17
77509,25361.37
77510,9605.83
77511,11017.17
77512,21628.86
77513,22878.18
77514,18212.5
77515,31476.98
77516,8962.99
77517,22219.37
77518,18212.42
77519,20960.83
77520,19077.58
77521,16384.22
77522,27023.49
77523,22412.09
77524,29119.51
77525,21746.39
77526,21124.96
77527,11263.62
77528,19098.35
77529,16474.46
77530,35423.75
77531,11432.8
77532,14454.11
77533,22429.2
77534,10853.6
77535,23600.56
77536,13453.13
77537,11275.39
77538,26931.77
77539,11417.1
77540,13566.14
77541,14943.62
77542,11261.07
77543,20036.32
77544,34516.74
77545,47191.16
77546,33914.04
77547,11453.81
77548,31231.18
77549,31732.12
77550,15077.37
77551,26443.4
77552,27158.22
77553,22389.47
77554,35885.48
77555,17945.62
77556,31042.29
77557,26202.94
77558,35750.72
77559,10499.04
77560,17089.48
77561,18369.25
77562,32768.29
77563,109461.71
77564,17258.18
77565,18387.97
77566,22076.69
77567,49327.93
77568,18064.22
77569,27110.97
77570,55342.59
77571,22450.78
77572,5478.81
77573,21015.81
77574,38087.06
77575,18722.7
77576,13310.11
77577,18572.53
77578,6948.73
77579,32389.45
77580,31951.15
77581,31663.68
77582,24803.0
77583,14349.97
77584,28444.64
77585,22349.06
77586,26276.24
77587,16937.66
77588,25098.96
77589,15010.26
77590,28852.53
77591,21474.46
77592,10957.84
77593,13196.28
77594,13538.41
77595,49268.34
77596,18560.81
77597,16830.31
77598,17780.34
77599,20988.77
77600,16811.02
77601,22294.34
77602,16273.6
77603,16122.41
77604,23238.88
77605,44790.55
77606,27464.54
77607,32415.06
77608,58814.4
77609,29787.69
77610,11473.2
77611,15667.12
77612,12553.61
77613,21347.31
77614,21595.84
77615,15848.22
77616,16703.9
77617,30077.91
77618,28231.99
77619,31483.09
77620,10427.65
77621,35233.99
77622,37273.72
77623,14469.5
77624,19965.64
77625,17588.55
77626,13899.49
77627,25336.66
77628,27808.34
77629,18701.65
77630,18049.42
77631,20679.31
77632,32904.67
77633,12162.58
77634,62196.27
77635,17363.86
77636,7109.6
77637,19526.35
77638,17971.36
77639,39245.91
77640,27392.22
77641,15911.41
77642,16648.47
77643,30795.97
77644,13565.14
77645,28645.03
77646,58554.21
77647,26780.68
77648,14626.47
77649,28473.33
77650,35246.92
77651,38918.23
77652,19595.54
77653,18043.74
77654,14070.34
77655,18700.65
77656,11905.82
77657,45197.11
77658,23832.24
77659,31595.52
77660,27292.37
77661,29346.43
77662,13363.37
77663,25349.51
77664,38889.43
77665,16059.27
77666,17884.44
77667,7462.89
77668,20073.97
77669,18092.43
77670,3544.36
77671,10114.25
77672,51712.51
77673,51061.45
77674,17641.04
77675,9594.73
77676,15645.94
77677,14657.89
77678,31623.63
77679,26795.78
77680,20630.36
77681,15258.57
77682,113384.05
77683,26266.14
77684,13901.49
77685,20940.15
77686,30084.92
77687,11876.21
77688,17431.18
77689,23512.94
77690,11824.7
77691,17522.47
77692,17328.15
77693,21487.36
77694,26109.79
77695,37897.57
77696,33732.03
77697,11979.96
77698,23600.77
77699,10672.95
77700,12471.94
77701,15963.21
77702,50771.73
77703,21509.78
77704,26150.76
77705,17601.28
77706,29405.68
77707,25834.55
77708,26888.33
77709,11219.94
77710,27141.81
77711,20106.31
77712,17531.51
77713,13353.33
77714,22666.5
77715,22688.44
77716,36065.28
77717,4301.47
77718,17983.52
77719,23178.74
77720,28132.89
77721,13391.0
77722,22762.79
77723,38691.93
77724,11677.3
77725,9822.51
77726,16512.82
77727,20386.68
77728,19251.67
77729,27207.66
77730,54682.95
77731,13022.9
77732,17220.83
77733,20489.51
77734,20724.91
77735,27116.35
77736,30193.0
77737,13814.14
77738,21501.89
77739,9932.32
77740,26644.29
77741,16376.13
77742,38141.98
77743,18787.63
77744,12596.7
77745,30900.07
77746,21809.02
77747,23571.59
77748,35031.38
77749,27165.36
77750,31604.67
77751,13360.65
77752,19007.19
77753,12362.89
77754,23237.91
77755,22418.92
77756,13382.5
77757,31514.61
77758,7850.75
77759,23050.02
77760,19117.44
77761,16373.53
77762,17616.2
77763,26135.59
77764,7595.59
77765,18764.21
77766,54370.46
77767,17644.47
77768,33823.75
77769,14370.02
77770,18661.65
77771,20714.81
77772,23020.62
77773,15947.0
77774,30975.59
77775,23306.83
77776,28903.43
77777,22333.67
77778,39963.08
77779,11208.23
77780,24333.75
77781,9275.86
77782,11327.77
77783,15820.91
77784,19753.11
77785,31346.14
77786,20918.73
77787,20990.84
77788,24735.86
77789,16921.62
77790,20348.91
77791,19395.17
77792,34498.32
77793,4831.9
77794,12178.54
77795,14457.33
77796,24912.39
77797,19702.26
77798,34590.04
77799,16180.48
77800,25142.36
77801,17244.08
77802,16689.91
77803,20032.31
77804,16259.56
77805,18534.5
77806,13633.33
77807,11215.91
77808,36795.39
77809,12385.3
77810,15007.6
77811,14046.85
77812,30188.78
77813,9011.7
77814,23360.2
77815,51652.08
77816,15122.72
77817,22096.29
77818,41910.06
77819,31169.05
77820,55522.53
77821,12542.06
77822,19903.33
77823,20636.28
77824,23499.38
77825,52145.49
77826,23630.24
77827,27457.83
77828,16888.44
77829,32185.53
77830,14178.52
77831,42776.11
77832,21594.14
77833,11757.85
77834,44757.46
77835,22592.4
77836,7927.23
77837,19523.28
77838,12182.28
77839,36083.96
77840,15970.49
77841,16078.98
77842,16189.06
77843,9265.34
77844,22999.61
77845,8206.21
77846,17413.51
77847,10155.66
77848,16844.28
77849,16695.47
77850,10877.69
77851,33306.99
77852,18612.87
77853,26046.33
77854,18653.76
77855,20329.74
77856,19832.74
77857,24767.78
77858,24998.07
77859,11453.91
77860,12362.91
77861,12221.93
77862,16431.46
77863,51702.04
77864,28279.77
77865,45001.75
77866,15101.74
77867,12262.45
77868,22402.64
77869,10492.56
77870,11647.69
77871,17555.62
77872,20767.18
77873,16219.23
77874,18959.98
77875,17077.78
77876,19162.2
77877,22538.0
77878,32071.96
77879,13105.39
77880,32679.72
77881,9025.43
77882,27920.68
77883,14296.31
77884,33202.41
77885,59013.1
77886,11425.7
77887,34347.9
77888,31963.65
77889,31707.94
77890,21722.7
77891,8691.67
77892,12376.36
77893,7434.48
77894,46656.43
77895,22008.57
77896,28591.08
77897,11249.72
77898,30055.08
77899,38423.16
77900,21550.31
77901,13615.41
77902,14955.74
77903,23085.61
77904,22609.15
77905,44289.97
77906,26635.64
77907,34293.31
77908,10621.89
77909,25993.94
77910,16370.66
77911,30677.22
77912,23761.07
77913,52667.49
77914,28162.05
77915,28405.39
77916,16649.9
77917,23765.85
77918,30196.24
77919,29017.98
77920,12941.87
77921,15106.83
77922,27030.57
77923,17458.33
77924,22642.37
77925,54144.01
77926,15640.72
77927,47043.36
77928,10468.94
77929,29183.49
77930,15700.14
77931,20264.1
77932,14387.17
77933,12503.92
77934,49176.15
77935,16891.46
77936,29365.49
77937,19834.26
77938,17834.18
77939,34834.43
77940,11766.87
77941,26353.25
77942,25969.9
77943,20124.4
77944,9029.33
77945,10911.68
77946,56253.14
77947,31101.55
77948,11121.06
77949,31000.43
77950,38939.4
77951,16924.59
77952,14310.36
77953,23526.97
77954,25439.08
77955,31908.98
77956,16650.49
77957,11363.72
77958,15122.6
77959,49899.28
77960,18241.72
77961,20726.57
77962,13760.49
77963,16496.99
77964,21793.75
77965,13923.98
77966,12667.05
77967,21417.2
77968,15259.25
77969,8073.29
77970,21374.47
77971,24009.81
77972,11322.65
77973,40480.84
77974,26365.25
77975,17366.39
77976,10630.3
77977,47113.84
77978,25820.53
77979,14026.03
77980,21701.13
77981,10945.3
77982,32649.87
77983,18349.47
77984,19159.39
77985,25343.55
77986,76042.33
77987,10755.41
77988,26891.98
77989,18753.36
77990,12090.93
77991,30771.03
77992,17754.01
77993,33150.57
77994,35093.41
77995,16234.61
77996,29250.0
77997,19083.29
77998,23452.32
77999,23434.84
78000,19733.24
78001,33506.83
78002,12534.44
78003,14978.24
78004,27761.29
78005,21027.48
78006,22013.32
78007,38106.71
78008,35502.04
78009,15605.73
78010,17719.84
78011,39058.28
78012,21116.89
78013,34124.48
78014,29367.92
78015,20792.88
78016,51150.21
78017,24143.55
78018,11433.4
78019,15997.76
78020,11767.79
78021,15994.32
78022,16591.89
78023,15512.62
78024,21060.02
78025,24868.36
78026,34964.3
78027,32606.24
78028,29960.23
78029,51241.93
78030,17115.54
78031,20527.78
78032,11980.31
78033,15377.65
78034,11862.28
78035,29002.81
78036,22633.14
78037,37954.14
78038,12684.25
78039,16356.11
78040,16453.09
78041,22734.51
78042,19371.96
78043,32096.68
78044,24836.07
78045,15697.16
78046,24178.71
78047,26885.98
78048,21650.04
78049,8515.3
78050,21499.12
78051,36193.1
78052,24611.11
78053,38281.1
78054,12629.22
78055,23148.7
78056,32361.14
78057,14484.99
78058,52450.95
78059,8942.07
78060,12273.56
78061,40066.0
78062,15796.12
78063,50462.03
78064,71649.47
78065,19992.07
78066,49551.2
78067,29234.7
78068,20329.74
78069,15415.28
78070,26378.82
78071,27907.74
78072,25037.62
78073,15209.95
78074,32550.29
78075,34071.3
78076,19049.83
78077,25837.61
78078,30046.57
78079,26580.7
78080,26794.07
78081,20581.64
78082,51963.79
78083,27855.73
78084,18422.62
78085,22569.91
78086,18552.29
78087,74482.7
78088,20361.04
78089,46256.0
78090,64533.76
78091,11504.65
78092,26888.92
78093,12351.97
78094,25764.69
78095,23168.68
78096,30618.88
78097,16043.32
78098,9919.0
78099,9448.59
78100,8490.36
78101,13840.34
78102,30982.31
78103,14977.37
78104,16686.46
78105,21179.88
78106,10812.26
78107,21946.37
78108,12839.05
78109,29118.32
78110,9960.9
78111,22215.55
78112,30022.32
78113,20446.71
78114,15740.32
78115,42012.02
78116,19445.94
78117,18154.17
78118,19012.48
78119,18370.79
78120,11388.45
78121,51963.79
78122,23560.1
78123,3772.96
78124,20043.71
78125,20623.0
78126,16933.67
78127,14690.27
78128,19104.78
78129,31939.87
78130,23276.96
78131,16843.03
78132,12089.65
78133,23115.06
78134,18474.31
78135,13457.3
78136,24750.78
78137,11001.35
78138,29982.16
78139,9338.59
78140,14990.86
78141,17894.5
78142,23339.18
78143,31560.2
78144,21447.62
78145,15324.53
78146,24116.24
78147,8386.72
78148,19413.36
78149,36149.44
78150,12339.08
78151,21104.27
78152,23131.27
78153,25834.55
78154,15057.27
78155,20774.72
78156,22234.21
78157,15330.63
78158,21811.6
78159,27407.33
78160,33067.64
78161,28630.47
78162,11559.89
78163,9895.0
78164,10904.31
78165,10901.43
78166,30656.9
78167,21006.13
78168,16962.12
78169,19949.71
78170,37018.7
78171,31278.65
78172,30758.33
78173,19763.55
78174,11971.4
78175,37601.96
78176,20230.13
78177,19573.45
78178,49420.92
78179,30364.17
78180,12484.89
78181,11605.01
78182,32219.8
78183,16780.07
78184,19469.09
78185,15558.12
78186,11640.55
78187,28789.03
78188,48839.65
78189,28571.26
78190,23371.3
78191,28011.53
78192,20148.49
78193,33472.79
78194,11368.02
78195,12315.53
78196,49454.51
78197,11479.8
78198,36279.6
78199,8951.6
78200,26815.66
78201,14659.91
78202,32672.29
78203,13488.26
78204,10294.57
78205,14099.08
78206,27147.15
78207,18774.05
78208,20742.7
78209,20092.7
78210,68922.52
78211,36697.48
78212,19234.62
78213,16074.98
78214,23311.86
78215,20086.65
78216,19332.28
78217,18842.81
78218,24353.4
78219,13033.84
78220,22466.79
78221,20153.7
78222,22017.75
78223,16657.3
78224,17054.15
78225,20649.92
78226,19670.32
78227,32288.55
78228,21619.82
78229,13887.7
78230,22781.77
78231,8906.58
78232,44112.04
78233,12101.98
78234,48263.59
78235,27404.45
78236,31385.74
78237,17622.81
78238,11469.9
78239,16301.19
78240,17756.39
78241,14777.75
78242,20662.52
78243,14582.8
78244,18586.7
78245,37826.68
78246,10396.05
78247,35957.44
78248,14572.5
78249,32603.24
78250,17186.95
78251,23146.85
78252,20621.22
78253,20470.26
78254,15403.58
78255,18304.32
78256,50491.06
78257,32130.0
78258,26670.05
78259,17101.35
78260,21423.43
78261,34347.9
78262,50820.83
78263,11828.53
78264,9478.83
78265,14869.65
78266,20611.25
78267,21446.1
78268,45769.47
78269,53345.12
78270,11278.09
78271,31984.91
78272,15996.12
78273,29880.82
78274,20628.61
78275,30461.02
78276,7510.19
78277,28781.23
78278,27150.68
78279,31397.73
78280,17722.26
78281,9469.12
78282,14628.34
78283,30873.6
78284,11796.33
78285,20229.31
78286,13946.89
78287,24979.11
78288,18978.03
78289,31586.65
78290,18112.76
78291,21628.68
78292,11174.14
78293,31675.41
78294,35170.87
78295,8877.44
78296,9638.07
78297,12757.4
78298,16653.61
78299,18333.88
78300,22290.03
78301,12088.81
78302,22015.75
78303,13182.38
78304,23139.49
78305,50145.48
78306,33776.37
78307,32252.95
78308,22595.07
78309,20001.27
78310,19953.17
78311,30408.7
78312,40498.11
78313,23468.6
78314,15843.9
78315,13417.64
78316,23110.91
78317,32359.51
78318,61331.81
78319,10773.73
78320,18347.45
78321,16813.6
78322,34203.7
78323,15145.46
78324,22969.03
78325,13990.99
78326,10363.76
78327,16913.9
78328,31590.09
78329,11651.55
78330,33620.45
78331,22586.81
78332,24564.63
78333,18750.77
78334,39759.65
78335,15116.82
78336,12332.44
78337,31230.41
78338,21772.65
78339,21078.03
78340,16280.33
78341,16603.69
78342,21376.39
78343,19169.45
78344,29909.42
78345,13902.85
78346,16162.03
78347,21073.25
78348,15215.12
78349,8364.21
78350,27708.65
78351,12330.93
78352,13940.26
78353,28466.1
78354,30294.13
78355,13230.51
78356,29848.38
78357,17552.44
78358,27380.34
78359,20244.68
78360,22158.41
78361,12264.73
78362,17819.81
78363,7881.16
78364,12397.31
78365,30920.71
78366,27101.52
78367,22646.35
78368,26522.03
78369,38529.86
78370,20401.86
78371,18884.46
78372,30687.89
78373,20108.01
78374,25862.36
78375,25562.05
78376,20284.29
78377,22774.3
78378,51709.16
78379,8541.84
78380,13283.89
78381,9337.07
78382,37740.67
78383,24491.27
78384,15952.75
78385,20632.9
78386,21157.08
78387,23919.47
78388,10176.24
78389,25896.34
78390,43342.23
78391,26489.57
78392,22132.55
78393,13177.63
78394,21437.21
78395,19346.87
78396,12206.88
78397,15807.83
78398,20180.54
78399,11796.9
78400,50462.03
78401,10819.68
78402,11685.08
78403,15449.01
78404,22238.66
78405,12055.85
78406,20872.15
78407,21655.07
78408,15498.55
78409,8016.82
78410,31002.86
78411,17428.14
78412,10397.32
78413,9760.21
78414,15978.08
78415,27481.55
78416,17476.88
78417,25677.89
78418,29686.02
78419,23142.47
78420,15375.16
78421,21822.76
78422,17958.35
78423,25416.29
78424,29533.1
78425,20743.14
78426,24357.24
78427,25570.92
78428,29998.43
78429,20371.88
78430,32600.16
78431,12151.91
78432,27255.05
78433,14301.1
78434,17827.71
78435,17966.52
78436,17236.08
78437,13953.08
78438,13862.22
78439,15175.91
78440,33088.5
78441,16822.81
78442,23841.93
78443,15586.96
78444,21115.0
78445,21794.54
78446,10873.36
78447,13359.69
78448,23615.01
78449,44477.62
78450,13807.77
78451,29415.62
78452,35152.51
78453,16219.92
78454,19510.28
78455,22574.79
78456,12476.8
78457,31953.28
78458,27914.44
78459,23744.61
78460,12048.87
78461,21470.24
78462,30399.72
78463,12856.46
78464,13537.11
78465,9547.07
78466,29904.68
78467,19223.17
78468,15289.8
78469,32940.35
78470,23036.01
78471,54171.23
78472,22770.11
78473,15564.87
78474,31405.34
78475,14417.79
78476,35253.34
78477,16291.06
78478,32443.72
78479,9608.93
78480,16885.26
78481,12780.71
78482,12699.29
78483,27777.98
78484,11401.72
78485,16287.43
78486,13335.46
78487,18957.06
78488,25490.78
78489,31102.34
78490,13090.77
78491,18282.32
78492,13496.64
78493,48037.53
78494,15845.64
78495,25263.53
78496,9654.51
78497,22098.22
78498,43642.68
78499,11551.67
78500,27380.34
78501,13566.16
78502,37410.81
78503,22751.1
78504,25180.82
78505,8222.03
78506,36939.99
78507,21422.9
78508,35423.75
78509,31653.07
78510,13580.87
78511,17065.81
78512,44447.54
78513,23003.12
78514,38551.66
78515,20073.97
78516,9594.64
78517,12220.69
78518,22165.25
78519,17478.04
78520,20780.14
78521,9388.09
78522,24940.94
78523,48082.7
78524,27635.92
78525,23337.97
78526,22713.15
78527,22157.21
78528,45250.31
78529,7004.51
78530,27156.67
78531,15394.71
78532,34937.17
78533,30444.41
78534,56489.9
78535,9493.32
78536,17944.04
78537,35661.87
78538,6603.6
78539,20390.08
78540,7564.14
78541,18047.03
78542,16635.69
78543,15393.93
78544,11063.99
78545,23212.79
78546,16186.25
78547,21789.18
78548,29541.83
78549,32451.16
78550,16589.28
78551,43282.08
78552,46662.89
78553,6690.49
78554,29030.47
78555,17757.38
78556,32681.41
78557,13326.95
78558,27111.64
78559,29866.09
78560,33889.57
78561,51003.65
78562,51825.4
78563,20430.3
78564,35158.5
78565,34231.62
78566,21684.97
78567,30676.37
78568,49675.43
78569,27842.96
78570,12399.58
78571,17935.38
78572,14753.71
78573,23560.69
78574,28397.69
78575,13765.59
78576,24451.76
78577,33253.33
78578,20050.79
78579,31512.06
78580,28099.5
78581,13899.77
78582,29424.97
78583,16686.49
78584,23198.94
78585,17019.7
78586,13736.82
78587,32841.42
78588,18886.05
78589,18140.95
78590,12267.73
78591,47546.16
78592,15541.47
78593,26564.79
78594,22982.84
78595,20329.74
78596,16664.3
78597,14187.47
78598,9639.66
78599,7088.29
78600,9394.92
78601,18344.18
78602,25006.6
78603,27501.98
78604,13600.44
78605,13008.67
78606,36214.98
78607,34894.37
78608,14159.35
78609,22537.71
78610,20055.99
78611,38792.93
78612,13555.74
78613,21447.62
78614,42439.64
78615,39153.48
78616,29814.29
78617,21443.83
78618,20312.94
78619,4848.88
78620,22251.01
78621,22836.06
78622,14789.12
78623,10889.05
78624,49870.37
78625,21517.74
78626,20449.88
78627,26757.21
78628,8764.77
78629,14580.49
78630,16047.54
78631,11187.33
78632,13416.56
78633,21152.18
78634,11597.81
78635,15554.93
78636,10855.82
78637,25777.67
78638,11399.54
78639,30513.26
78640,41487.12
78641,34849.53
78642,56253.14
78643,12885.67
78644,11488.47
78645,13890.0
78646,17364.61
78647,29220.89
78648,15013.92
78649,17146.49
78650,32623.45
78651,12347.7
78652,19871.41
78653,15234.84
78654,16855.9
78655,30187.3
78656,26921.99
78657,16097.29
78658,18173.82
78659,28471.68
78660,12435.58
78661,13813.81
78662,6873.81
78663,14887.71
78664,13026.3
78665,33056.53
78666,23996.62
78667,44749.33
78668,15134.91
78669,38336.57
78670,17337.91
78671,4300.83
78672,18404.85
78673,27761.57
78674,13619.08
78675,11817.41
78676,22144.67
78677,16915.88
78678,19045.84
78679,24503.77
78680,21329.79
78681,49406.24
78682,11673.74
78683,15329.28
78684,12290.57
78685,34172.3
78686,37303.71
78687,27971.36
78688,29109.29
78689,14650.22
78690,22739.93
78691,30771.53
78692,30756.98
78693,16217.8
78694,43452.46
78695,32523.18
78696,35228.37
78697,43381.88
78698,19708.28
78699,32173.93
78700,20298.73
78701,27290.92
78702,13089.22
78703,36633.29
78704,35764.34
78705,12175.07
78706,19467.59
78707,22386.55
78708,12963.39
78709,14685.29
78710,16499.16
78711,18288.37
78712,35693.5
78713,31293.5
78714,57305.78
78715,13602.25
78716,20517.02
78717,10203.15
78718,19614.42
78719,30970.2
78720,33921.92
78721,23483.31
78722,18532.02
78723,20618.14
78724,9670.82
78725,9954.45
78726,49354.74
78727,18994.93
78728,25709.65
78729,14450.22
78730,13170.79
78731,12419.13
78732,20243.34
78733,21221.12
78734,22878.76
78735,20859.45
78736,14167.68
78737,20028.95
78738,19019.43
78739,18274.4
78740,29545.14
78741,19271.46
78742,27450.54
78743,37472.38
78744,24763.85
78745,14593.44
78746,22812.51
78747,18657.26
78748,16557.82
78749,68888.43
78750,21593.39
78751,23978.62
78752,22442.65
78753,25932.55
78754,16117.45
78755,18173.0
78756,25780.24
78757,39010.44
78758,14682.41
78759,18246.15
78760,27157.85
78761,19152.65
78762,17111.76
78763,11628.98
78764,16588.14
78765,39492.7
78766,23620.02
78767,27815.59
78768,18474.09
78769,11789.75
78770,27725.91
78771,18367.8
78772,22315.28
78773,8806.61
78774,18690.69
78775,12707.93
78776,31210.35
78777,22070.92
78778,17539.98
78779,11511.98
78780,48857.21
78781,14381.57
78782,28615.72
78783,32443.58
78784,31007.96
78785,15199.93
78786,19696.49
78787,38161.69
78788,26005.55
78789,19995.23
78790,7344.32
78791,19273.31
78792,7426.06
78793,17997.87
78794,20803.96
78795,24179.02
78796,12215.09
78797,29423.48
78798,19926.3
78799,26211.16
78800,19843.76
78801,17661.63
78802,29743.32
78803,17834.33
78804,11981.06
78805,11041.05
78806,27779.27
78807,27101.52
78808,9375.83
78809,32211.49
78810,9852.36
78811,34444.85
78812,12413.48
78813,12686.18
78814,48262.06
78815,29383.9
78816,33947.33
78817,20457.97
78818,9644.46
78819,11588.89
78820,32822.38
78821,15987.54
78822,9969.85
78823,8195.17
78824,18696.73
78825,23477.62
78826,6704.93
78827,34532.83
78828,24649.73
78829,14500.36
78830,16026.13
78831,16308.36
78832,20949.19
78833,13346.81
78834,43818.1
78835,17394.66
78836,11756.74
78837,25925.78
78838,17298.28
78839,12522.54
78840,12531.63
78841,34187.24
78842,31512.07
78843,19568.74
78844,9805.55
78845,12495.32
78846,30697.81
78847,8016.82
78848,16593.81
78849,17307.94
78850,16961.25
78851,44213.78
78852,12167.32
78853,9750.01
78854,57102.5
78855,14810.2
78856,17282.95
78857,22336.54
78858,25023.6
78859,10258.9
78860,20465.7
78861,11234.61
78862,15495.61
78863,32711.61
78864,25806.38
78865,20593.37
78866,19330.23
78867,31734.01
78868,16016.46
78869,21201.95
78870,11050.46
78871,25755.4
78872,8400.36
78873,26442.08
78874,14494.94
78875,13843.12
78876,12173.54
78877,14138.68
78878,13601.65
78879,19108.35
78880,29842.1
78881,22849.55
78882,12022.1
78883,8781.14
78884,9245.89
78885,9299.37
78886,22136.81
78887,26098.82
78888,28036.15
78889,18198.17
78890,18253.01
78891,16762.18
78892,13349.71
78893,44096.89
78894,23424.18
78895,14773.35
78896,35677.48
78897,21550.78
78898,12680.4
78899,19135.06
78900,20730.53
78901,18752.28
78902,20529.86
78903,13094.9
78904,27511.11
78905,16458.96
78906,17340.22
78907,13074.36
78908,11493.09
78909,36813.43
78910,22095.21
78911,22097.5
78912,16083.78
78913,52435.29
78914,19760.27
78915,30934.49
78916,16803.24
78917,14362.99
78918,22783.44
78919,43940.11
78920,30205.72
78921,16772.3
78922,18968.74
78923,29806.11
78924,18271.9
78925,32260.42
78926,42432.0
78927,38765.15
78928,17525.48
78929,24901.41
78930,26309.58
78931,18026.08
78932,18023.62
78933,19904.75
78934,31034.91
78935,13877.39
78936,25446.09
78937,39041.47
78938,14784.48
78939,34611.1
78940,17450.64
78941,32398.47
78942,27318.7
78943,8834.86
78944,32356.22
78945,11540.8
78946,32447.27
78947,45279.18
78948,15650.58
78949,32293.06
78950,21865.71
78951,31474.75
78952,11405.3
78953,21036.62
78954,32488.21
78955,21408.65
78956,15489.87
78957,9796.01
78958,18572.34
78959,23862.45
78960,19205.41
78961,20892.17
78962,20517.76
78963,13811.74
78964,9051.46
78965,14283.58
78966,12279.21
78967,17079.57
78968,20116.91
78969,26063.46
78970,11405.88
78971,28206.6
78972,22437.7
78973,14920.11
78974,14820.6
78975,60374.37
78976,20657.13
78977,31601.0
78978,19681.96
78979,18322.54
78980,29022.05
78981,16803.94
78982,22462.82
78983,30303.39
78984,25384.38
78985,33447.89
78986,11262.23
78987,28871.02
78988,51868.74
78989,22617.82
78990,27766.86
78991,25824.31
78992,16945.75
78993,34798.52
78994,13813.84
78995,19790.38
78996,19044.59
78997,22527.55
78998,16974.42
78999,31763.36
79000,10751.77
79001,10662.94
79002,6059.56
79003,13562.39
79004,16780.87
79005,36435.67
79006,32718.51
79007,15719.68
79008,21096.24
79009,29553.69
79010,18020.63
79011,25335.16
79012,16794.98
79013,50141.15
79014,16544.81
79015,40712.3
79016,14120.31
79017,11982.02
79018,16529.92
79019,11689.41
79020,21186.94
79021,19305.82
79022,15725.96
79023,9509.52
79024,17381.21
79025,24198.04
79026,17091.23
79027,17367.05
79028,40410.92
79029,16832.2
79030,25030.77
79031,18310.18
79032,13415.54
79033,38788.82
79034,33529.23
79035,16913.11
79036,19766.15
79037,16221.39
79038,18973.36
79039,11694.93
79040,25552.22
79041,12152.11
79042,17750.68
79043,18332.12
79044,28268.24
79045,33387.75
79046,10679.79
79047,11477.26
79048,13262.53
79049,41814.4
79050,15127.56
79051,17567.8
79052,18716.38
79053,18779.32
79054,15261.77
79055,25406.57
79056,16421.17
79057,27523.42
79058,23158.31
79059,39787.84
79060,17208.38
79061,24647.52
79062,32669.76
79063,33977.6
79064,13279.72
79065,21867.94
79066,14817.84
79067,22087.92
79068,17326.4
79069,34738.13
79070,11486.73
79071,16388.71
79072,25441.7
79073,21470.24
79074,30206.02
79075,12122.52
79076,15294.73
79077,8459.55
79078,26504.58
79079,33124.27
79080,19132.99
79081,34112.3
79082,27937.58
79083,33108.73
79084,23374.17
79085,15441.75
79086,31780.98
79087,13871.31
79088,16238.75
79089,17101.28
79090,27497.39
79091,21758.4
79092,26013.3
79093,15882.36
79094,16728.2
79095,31605.27
79096,21478.26
79097,16287.0
79098,19625.4
79099,17679.67
79100,11939.29
79101,22988.74
79102,21447.62
79103,23878.74
79104,19419.96
79105,21697.4
79106,12999.06
79107,52252.21
79108,22774.3
79109,13503.96
79110,17218.06
79111,40481.77
79112,17526.26
79113,24972.14
79114,24773.47
79115,51260.95
79116,24698.07
79117,19965.13
79118,22282.89
79119,24796.08
79120,12867.31
79121,20986.88
79122,32529.38
79123,11659.82
79124,16515.79
79125,17907.29
79126,19400.62
79127,12463.85
79128,15339.22
79129,5135.07
79130,30750.02
79131,11385.27
79132,16214.42
79133,26575.81
79134,28629.85
79135,33620.45
79136,11793.83
79137,30958.68
79138,13869.46
79139,10970.33
79140,14593.8
79141,12904.33
79142,22464.77
79143,12073.32
79144,13785.69
79145,35681.88
79146,29693.24
79147,21164.39
79148,20808.89
79149,19035.4
79150,51008.33
79151,12296.63
79152,21069.89
79153,39303.97
79154,26261.67
79155,12676.89
79156,17036.68
79157,8352.03
79158,16599.76
79159,54018.7
79160,20527.38
79161,31298.75
79162,17767.47
79163,18228.89
79164,18338.31
79165,32389.54
79166,20212.27
79167,9543.31
79168,27481.55
79169,21744.32
79170,36260.47
79171,21760.46
79172,26957.47
79173,14071.78
79174,14485.94
79175,13586.84
79176,40370.05
79177,21748.78
79178,16782.96
79179,24757.3
79180,40101.97
79181,31490.35
79182,29270.54
79183,20104.6
79184,9933.1
79185,13918.32
79186,21178.16
79187,30398.41
79188,30767.76
79189,10907.58
79190,14873.62
79191,20339.56
79192,15368.17
79193,18900.2
79194,15394.92
79195,25655.39
79196,11018.08
79197,32477.12
79198,32968.4
79199,25163.0
79200,16613.1
79201,28945.01
79202,27803.46
79203,21764.15
79204,20912.25
79205,33074.9
79206,31743.58
79207,39203.82
79208,33306.34
79209,16428.02
79210,16222.96
79211,11069.74
79212,20094.79
79213,15674.74
79214,18008.45
79215,15477.72
79216,23507.68
79217,14304.21
79218,30439.92
79219,18555.84
79220,18901.25
79221,45910.76
79222,16584.07
79223,30482.49
79224,27872.24
79225,33747.28
79226,14773.16
79227,21967.72
79228,22635.21
79229,8609.74
79230,19110.57
79231,17261.91
79232,22700.54
79233,13173.55
79234,47577.64
79235,14330.92
79236,17825.74
79237,26755.92
79238,31004.08
79239,21941.36
79240,21629.69
79241,33101.27
79242,23987.09
79243,33623.71
79244,20702.55
79245,21241.84
79246,22575.86
79247,16590.82
79248,9475.03
79249,12826.15
79250,22732.44
79251,13511.38
79252,26181.91
79253,18104.58
79254,12795.61
79255,17242.33
79256,33541.39
79257,27103.99
79258,14705.56
79259,11600.56
79260,28475.98
79261,16613.73
79262,29582.06
79263,19044.12
79264,61090.79
79265,29960.54
79266,26422.5
79267,26438.54
79268,19323.96
79269,16099.52
79270,69575.0
79271,15712.24
79272,62354.37
79273,50195.83
79274,36049.46
79275,15182.3
79276,28962.78
79277,29236.28
79278,10380.7
79279,42177.17
79280,21906.29
79281,17431.17
79282,16174.95
79283,15664.16
79284,22039.8
79285,29000.26
79286,27145.4
79287,23590.12
79288,40878.78
79289,36702.51
79290,19717.0
79291,21607.79
79292,19696.76
79293,31247.87
79294,15066.21
79295,22584.17
79296,30571.1
79297,46708.74
79298,8677.89
79299,17563.13
79300,22018.87
79301,14013.38
79302,13314.31
79303,27991.36
79304,18752.53
79305,20554.46
79306,24832.19
79307,21465.78
79308,12809.4
79309,17944.53
79310,21105.73
79311,13481.98
79312,24042.57
79313,17007.73
79314,20078.63
79315,64345.46
79316,19068.14
79317,20799.59
79318,15811.15
79319,20324.95
79320,27657.7
79321,13264.08
79322,29405.64
79323,27396.27
79324,17236.58
79325,37551.18
79326,10870.85
79327,18685.12
79328,19357.1
79329,19108.6
79330,32474.34
79331,18160.56
79332,27771.42
79333,15385.6
79334,19139.02
79335,32663.37
79336,32822.67
79337,25846.66
79338,30294.14
79339,21115.34
79340,34216.4
79341,31721.11
79342,11684.82
79343,25887.07
79344,44041.63
79345,13359.47
79346,13276.18
79347,22099.15
79348,19447.66
79349,14983.82
79350,13769.87
79351,24576.91
79352,10360.75
79353,39147.67
79354,17207.04
79355,31859.37
79356,24319.69
79357,21454.07
79358,9554.06
79359,17366.37
79360,36784.4
79361,15032.96
79362,14712.95
79363,29276.26
79364,15138.55
79365,21059.82
79366,20492.87
79367,58092.38
79368,64750.86
79369,23651.95
79370,13093.24
79371,26430.51
79372,21746.09
79373,34993.19
79374,12207.61
79375,35643.61
79376,15035.04
79377,20414.77
79378,32528.0
79379,20648.27
79380,30247.45
79381,9144.64
79382,20489.93
79383,31578.94
79384,14579.21
79385,33853.89
79386,22811.0
79387,26414.12
79388,26663.61
79389,24619.32
79390,38123.01
79391,21132.44
79392,25530.68
79393,10597.77
79394,11848.77
79395,16797.18
79396,13332.09
79397,39631.06
79398,15481.28
79399,12012.85
79400,22032.47
79401,25126.98
79402,29461.41
79403,22046.4
79404,26354.88
79405,25456.25
79406,33128.96
79407,22637.48
79408,22925.48
79409,11351.37
79410,10664.87
79411,47985.74
79412,27796.42
79413,13964.35
79414,11553.04
79415,12664.99
79416,21153.99
79417,13693.26
79418,7855.62
79419,30442.51
79420,29059.16
79421,15072.32
79422,11948.98
79423,9444.63
79424,21289.81
79425,10878.6
79426,12610.48
79427,8108.05
79428,19124.58
79429,18037.76
79430,20521.58
79431,21954.27
79432,13743.18
79433,29983.36
79434,30844.09
79435,19011.72
79436,13777.17
79437,19071.18
79438,44988.56
79439,57049.72
79440,47387.81
79441,34685.49
79442,22033.11
79443,12512.97
79444,22189.64
79445,24658.13
79446,7393.59
79447,16940.92
79448,21974.61
79449,17660.86
79450,19894.39
79451,14332.13
79452,57439.75
79453,24164.5
79454,16714.89
79455,29641.99
79456,21935.12
79457,32207.31
79458,20514.24
79459,27113.5
79460,21382.66
79461,13815.64
79462,47135.46
79463,14756.73
79464,17443.64
79465,29228.49
79466,20234.51
79467,25578.28
79468,13779.62
79469,12406.2
79470,32815.44
79471,14068.51
79472,13745.43
79473,7533.97
79474,10807.83
79475,26418.52
79476,13458.3
79477,29007.59
79478,23992.46
79479,11764.71
79480,18159.02
79481,19209.65
79482,31639.84
79483,15748.61
79484,21017.74
79485,15247.67
79486,13831.52
79487,13541.58
79488,37905.54
79489,27805.1
79490,21575.18
79491,14198.05
79492,17438.85
79493,11183.47
79494,20742.93
79495,15632.62
79496,20079.7
79497,22270.45
79498,22796.1
79499,12382.04
79500,21521.11
79501,36116.29
79502,13202.89
79503,19943.77
79504,20799.72
79505,12658.78
79506,16153.49
79507,14352.78
79508,16995.09
79509,16604.13
79510,52329.45
79511,50813.04
79512,16938.49
79513,11796.42
79514,18709.38
79515,38861.72
79516,19883.07
79517,43024.53
79518,49980.33
79519,28965.03
79520,27892.46
79521,17595.07
79522,24770.75
79523,22564.5
79524,25697.81
79525,28529.7
79526,20516.35
79527,46655.64
79528,18215.83
79529,17334.28
79530,19354.52
79531,44747.61
79532,27434.13
79533,22103.98
79534,24118.34
79535,27667.08
79536,20812.15
79537,20478.19
79538,28602.26
79539,26353.49
79540,21983.88
79541,12194.81
79542,24846.72
79543,16825.27
79544,18863.91
79545,17882.76
79546,15978.39
79547,48827.45
79548,32180.61
79549,6854.35
79550,9675.41
79551,28088.81
79552,14251.22
79553,13897.08
79554,9088.55
79555,26009.7
79556,38361.62
79557,8207.34
79558,24161.42
79559,8319.17
79560,25676.55
79561,17856.92
79562,48223.5
79563,30487.6
79564,21547.17
79565,57441.84
79566,21089.08
79567,14138.52
79568,20075.84
79569,6526.38
79570,12113.99
79571,39627.45
79572,22359.12
79573,13713.19
79574,13642.21
79575,29408.85
79576,35899.53
79577,19132.64
79578,21492.86
79579,29661.92
79580,24079.76
79581,24484.73
79582,25600.4
79583,30593.81
79584,31776.58
79585,24978.41
79586,43315.21
79587,18635.34
79588,19951.83
79589,5481.7
79590,37992.76
79591,30005.14
79592,14461.33
79593,14375.37
79594,33698.8
79595,21544.32
79596,21164.64
79597,11866.57
79598,10035.52
79599,28504.72
79600,25091.27
79601,12806.14
79602,27758.99
79603,21910.2
79604,17132.6
79605,19204.75
79606,9320.9
79607,15069.04
79608,24024.14
79609,21389.98
79610,24152.93
79611,12622.27
79612,28762.57
79613,30389.38
79614,25771.8
79615,23458.63
79616,27424.81
79617,25366.39
79618,28947.61
79619,11505.65
79620,11903.94
79621,26180.47
79622,8653.59
79623,23967.3
79624,27509.83
79625,27537.17
79626,16408.36
79627,20557.66
79628,14643.97
79629,21659.94
79630,18987.64
79631,25397.95
79632,21889.83
79633,20000.31
79634,6772.33
79635,62050.82
79636,21216.11
79637,17674.63
79638,22064.77
79639,51398.39
79640,11565.73
79641,8698.27
79642,31108.37
79643,46608.88
79644,28078.84
79645,22570.46
79646,31383.47
79647,13930.75
79648,34177.24
79649,52876.23
79650,15711.94
79651,17946.93
79652,11356.18
79653,21578.05
79654,9520.7
79655,30748.97
79656,22876.28
79657,13878.78
79658,25021.85
79659,26987.55
79660,45526.1
79661,27968.26
79662,27454.04
79663,4984.79
79664,21529.9
79665,26199.28
79666,18008.42
79667,18567.87
79668,22183.75
79669,14127.32
79670,15921.99
79671,33428.91
79672,11920.19
79673,30746.39
79674,22524.78
79675,19287.48
79676,17764.85
79677,24418.33
79678,30503.32
79679,15648.54
79680,12577.16
79681,29316.41
79682,13290.41
79683,10408.74
79684,28687.89
79685,28819.64
79686,31739.47
79687,18144.28
79688,14108.64
79689,23564.46
79690,21561.96
79691,34310.34
79692,24996.82
79693,15030.47
79694,13132.98
79695,17051.06
79696,42325.12
79697,12811.75
79698,28114.9
79699,14511.76
79700,16929.42
79701,9676.05
79702,12751.43
79703,13265.16
79704,18820.25
79705,18662.42
79706,22302.67
79707,49917.78
79708,27724.73
79709,17026.56
79710,10763.65
79711,14001.89
79712,24571.56
79713,16267.98
79714,20307.63
79715,21298.22
79716,21149.13
79717,7552.92
79718,11377.37
79719,24723.28
79720,18359.82
79721,25331.77
79722,26669.85
79723,45276.91
79724,33900.79
79725,12119.25
79726,19195.33
79727,22880.94
79728,58883.09
79729,20004.32
79730,21931.44
79731,11456.58
79732,24308.9
79733,12214.49
79734,13213.4
79735,25347.68
79736,12103.51
79737,35610.54
79738,12215.9
79739,26536.87
79740,9319.22
79741,16143.68
79742,10127.81
79743,31921.5
79744,13488.64
79745,17251.41
79746,27103.9
79747,13554.7
79748,28366.86
79749,42478.34
79750,22079.4
79751,19853.64
79752,21426.34
79753,27980.11
79754,26078.03
79755,51184.57
79756,15129.54
79757,24950.85
79758,34272.23
79759,22121.86
79760,50504.68
79761,35089.93
79762,18123.22
79763,30857.93
79764,19224.31
79765,16712.34
79766,17467.73
79767,15166.03
79768,31393.59
79769,18489.75
79770,28878.04
79771,21400.59
79772,29941.51
79773,18688.83
79774,19850.72
79775,15737.66
79776,16987.27
79777,11448.14
79778,14588.7
79779,10306.76
79780,10236.8
79781,12918.58
79782,7863.43
79783,13188.58
79784,15359.19
79785,16234.59
79786,18927.88
79787,30330.13
79788,20256.75
79789,20555.27
79790,25205.93
79791,48935.98
79792,18960.45
79793,18339.02
79794,14947.95
79795,11562.87
79796,17847.76
79797,22758.11
79798,14492.88
79799,23080.24
79800,48595.36
79801,21664.53
79802,20868.78
79803,11062.99
79804,21316.52
79805,28725.76
79806,24929.75
79807,15126.43
79808,13130.57
79809,13725.02
79810,30045.09
79811,21703.5
79812,13593.94
79813,32221.96
79814,21221.89
79815,17791.09
79816,13323.65
79817,18814.14
79818,18738.25
79819,37603.06
79820,24854.25
79821,21935.75
79822,14619.12
79823,17433.63
79824,29735.33
79825,32647.12
79826,10584.52
79827,14825.98
79828,25235.57
79829,27656.94
79830,35492.18
79831,19667.74
79832,30881.57
79833,38878.29
79834,32214.64
79835,19427.81
79836,16910.33
79837,21085.52
79838,18317.38
79839,16342.34
79840,14782.57
79841,16369.06
79842,25447.47
79843,21117.26
79844,18015.41
79845,12785.36
79846,9823.53
79847,10461.16
79848,24894.18
79849,17103.97
79850,30079.3
79851,18685.55
79852,19650.41
79853,28935.08
79854,8089.88
79855,15501.03
79856,29396.61
79857,9330.02
79858,55079.37
79859,15408.66
79860,21591.57
79861,10520.87
79862,21981.87
79863,35127.57
79864,22000.1
79865,39260.75
79866,10625.18
79867,34643.2
79868,16543.73
79869,41427.58
79870,9312.58
79871,17090.77
79872,67487.18
79873,13367.45
79874,28513.79
79875,21555.42
79876,37764.61
79877,13161.89
79878,14030.89
79879,30234.91
79880,37528.82
79881,31426.39
79882,11701.02
79883,24240.12
79884,16140.27
79885,26461.21
79886,30989.92
79887,23466.19
79888,12231.91
79889,18659.37
79890,16817.44
79891,33374.76
79892,17353.66
79893,18965.95
79894,16723.88
79895,12346.91
79896,18212.38
79897,31551.78
79898,20963.23
79899,11819.2
79900,20045.75
79901,27920.24
79902,17795.19
79903,39312.88
79904,25766.54
79905,19205.65
79906,10406.9
79907,23074.99
79908,21516.1
79909,15426.78
79910,17681.88
79911,17796.19
79912,13198.2
79913,11019.49
79914,13423.19
79915,8467.2
79916,34517.08
79917,9950.73
79918,38202.86
79919,28475.98
79920,18188.48
79921,16889.25
79922,18257.85
79923,9534.49
79924,13413.24
79925,15027.19
79926,47692.09
79927,27661.27
79928,27981.15
79929,31434.51
79930,7242.51
79931,19392.6
79932,32856.34
79933,23490.01
79934,17117.75
79935,13352.11
79936,12106.34
79937,55077.84
79938,20246.2
79939,34392.21
79940,19486.12
79941,20103.69
79942,19517.45
79943,14090.59
79944,48660.33
79945,16153.1
79946,23259.58
79947,20363.03
79948,51398.39
79949,21699.43
79950,26467.98
79951,26289.78
79952,26761.45
79953,14515.93
79954,26631.34
79955,8694.19
79956,14659.27
79957,11423.31
79958,28533.04
79959,23536.82
79960,29379.79
79961,43468.7
79962,28489.05
79963,23092.55
79964,23318.42
79965,33075.22
79966,5949.47
79967,29542.66
79968,22208.57
79969,33062.11
79970,21164.61
79971,21428.89
79972,21188.99
79973,17734.21
79974,34167.33
79975,35265.7
79976,19482.98
79977,14911.06
79978,36975.83
79979,26192.32
79980,28121.47
79981,22468.17
79982,10917.89
79983,12238.94
79984,15393.77
79985,12227.19
79986,22550.04
79987,31158.05
79988,17186.62
79989,31949.56
79990,10785.67
79991,12636.55
79992,13786.4
79993,22572.63
79994,35075.36
79995,16123.81
79996,49908.16
79997,21406.43
79998,21178.67
79999,35354.7
80000,20676.38
80001,28557.56
80002,24454.55
80003,22733.42
80004,26804.54
80005,21382.15
80006,29611.28
80007,12755.86
80008,14972.91
80009,12475.02
80010,10714.21
80011,23446.0
80012,26296.08
80013,38335.64
80014,22275.06
80015,15696.26
80016,21291.88
80017,7082.77
80018,47129.98
80019,14234.33
80020,30719.73
80021,49268.79
80022,13559.06
80023,32996.18
80024,14456.2
80025,33251.08
80026,13979.59
80027,16567.97
80028,35188.99
80029,15271.2
80030,34641.15
80031,29527.01
80032,24827.13
80033,7295.08
80034,28801.23
80035,25523.51
80036,35709.67
80037,8370.65
80038,34229.18
80039,27087.48
80040,23990.14
80041,31820.53
80042,22500.42
80043,21248.61
80044,54303.43
80045,22150.52
80046,43045.07
80047,17747.33
80048,42801.25
80049,25171.74
80050,25138.27
80051,3574.5
80052,17248.48
80053,9191.0
80054,24849.17
80055,20631.12
80056,27813.46
80057,31253.41
80058,18923.64
80059,30520.23
80060,28539.55
80061,18409.56
80062,29173.95
80063,24776.87
80064,16161.91
80065,10735.08
80066,17973.0
80067,43916.23
80068,29541.24
80069,38358.15
80070,30409.42
80071,25865.3
80072,19205.38
80073,15863.53
80074,26232.06
80075,34432.82
80076,16946.05
80077,28433.48
80078,15355.63
80079,21892.96
80080,32126.65
80081,13396.36
80082,9208.89
80083,38889.98
80084,31017.26
80085,20698.16
80086,33050.75
80087,6577.0
80088,29987.44
80089,49683.38
80090,23876.19
80091,20156.06
80092,25958.56
80093,26321.0
80094,19447.83
80095,48797.2
80096,16931.11
80097,65999.47
80098,42860.24
80099,27997.06
80100,16537.14
80101,20665.24
80102,14493.64
80103,25890.64
80104,10154.51
80105,20859.58
80106,10337.23
80107,24455.44
80108,23111.38
80109,14919.09
80110,25118.27
80111,11063.14
80112,21356.49
80113,31404.13
80114,17660.56
80115,26838.4
80116,13277.21
80117,18966.4
80118,20230.55
80119,21315.94
80120,31604.34
80121,23544.47
80122,11746.35
80123,25655.13
80124,25683.37
80125,12052.07
80126,44678.03
80127,11252.75
80128,15382.19
80129,15494.72
80130,10487.97
80131,39039.8
80132,48730.14
80133,17850.64
80134,21486.87
80135,26261.32
80136,24430.24
80137,35133.4
80138,20689.8
80139,22470.8
80140,16082.42
80141,26900.56
80142,21033.38
80143,18611.87
80144,12680.04
80145,14668.75
80146,35890.8
80147,14146.88
80148,21512.87
80149,21593.23
80150,21722.66
80151,12791.37
80152,17521.62
80153,38409.22
80154,22643.25
80155,34793.94
80156,25980.42
80157,42655.67
80158,25511.97
80159,9961.4
80160,12292.92
80161,21784.95
80162,25611.21
80163,13835.81
80164,11558.98
80165,35175.89
80166,25480.37
80167,26292.03
80168,34905.02
80169,20420.72
80170,14455.69
80171,27305.45
80172,50544.91
80173,30143.18
80174,13825.78
80175,13863.93
80176,22072.88
80177,24107.48
80178,13997.57
80179,33910.75
80180,21561.56
80181,34628.68
80182,29635.2
80183,28457.2
80184,17573.4
80185,52074.44
80186,21419.02
80187,8989.91
80188,21182.78
80189,34417.0
80190,27361.0
80191,22516.55
80192,17366.14
80193,27547.1
80194,55292.93
80195,16130.46
80196,20392.35
80197,14406.14
80198,16482.77
80199,18354.26
80200,19453.45
80201,24198.49
80202,24749.44
80203,26139.4
80204,25007.37
80205,16733.22
80206,11584.87
80207,14653.62
80208,10819.37
80209,15303.57
80210,24303.74
80211,22803.65
80212,12029.28
80213,24928.63
80214,24545.13
80215,8579.3
80216,16887.7
80217,11305.44
80218,12743.41
80219,11466.66
80220,49736.39
80221,17210.55
80222,12722.83
80223,66648.34
80224,16555.58
80225,46555.57
80226,21009.53
80227,20766.67
80228,11023.65
80229,32893.9
80230,28089.8
80231,22740.62
80232,29112.6
80233,25827.58
80234,10053.95
80235,45745.32
80236,17597.79
80237,21309.44
80238,48986.13
80239,8372.74
80240,35292.29
80241,9868.93
80242,30751.51
80243,23201.16
80244,15283.34
80245,27093.76
80246,22486.26
80247,17474.97
80248,21427.88
80249,15758.11
80250,38810.61
80251,27734.13
80252,12188.61
80253,19579.41
80254,13768.64
80255,10805.51
80256,19208.78
80257,24805.75
80258,8112.94
80259,15149.75
80260,35821.4
80261,13719.08
80262,13550.3
80263,18619.74
80264,10072.14
80265,29549.67
80266,13402.13
80267,28071.73
80268,8381.24
80269,18518.09
80270,30574.11
80271,25840.05
80272,20420.11
80273,13741.36
80274,16042.85
80275,14651.66
80276,26428.75
80277,20242.61
80278,13306.78
80279,24005.92
80280,19476.43
80281,19002.03
80282,19890.53
80283,16988.66
80284,10142.71
80285,39558.88
80286,7432.67
80287,17799.73
80288,20931.22
80289,16464.74
80290,17995.3
80291,42945.94
80292,15305.94
80293,13383.85
80294,12465.66
80295,17366.34
80296,9602.64
80297,17617.75
80298,24107.24
80299,33710.67
80300,11066.47
80301,36729.16
80302,14659.42
80303,15719.22
80304,4448.14
80305,30005.24
80306,10310.23
80307,18744.49
80308,21183.71
80309,13442.84
80310,17767.91
80311,19944.23
80312,33500.58
80313,25753.26
80314,18978.06
80315,17462.88
80316,13939.46
80317,27374.03
80318,22691.83
80319,29018.47
80320,32162.5
80321,24541.16
80322,13885.54
80323,29491.34
80324,47676.71
80325,22353.76
80326,57336.35
80327,8769.72
80328,18252.33
80329,29222.23
80330,32691.2
80331,19386.39
80332,26126.1
80333,25942.05
80334,18416.72
80335,27849.82
80336,22554.56
80337,19797.12
80338,16539.11
80339,24985.36
80340,13844.43
80341,23763.88
80342,21916.56
80343,14034.67
80344,29676.9
80345,21977.33
80346,23123.24
80347,31560.67
80348,18996.51
80349,11764.31
80350,22964.31
80351,12659.33
80352,46984.78
80353,19105.6
80354,18881.86
80355,4579.41
80356,28167.14
80357,32736.2
80358,44624.21
80359,14694.18
80360,38643.39
80361,46179.22
80362,8019.68
80363,19099.38
80364,19410.56
80365,29716.12
80366,48714.27
80367,18288.33
80368,33389.34
80369,14549.58
80370,17104.63
80371,21909.84
80372,28372.0
80373,28088.5
80374,27106.45
80375,11664.02
80376,18463.58
80377,26109.61
80378,28996.87
80379,15902.47
80380,23414.28
80381,29212.75
80382,20631.66
80383,28116.04
80384,11971.81
80385,27842.77
80386,42478.08
80387,33259.78
80388,24255.97
80389,33851.47
80390,19212.28
80391,36565.01
80392,18269.9
80393,14665.44
80394,15275.67
80395,15459.27
80396,33987.69
80397,27153.6
80398,18150.56
80399,34151.34
80400,14066.02
80401,15667.52
80402,25129.36
80403,14113.68
80404,31846.07
80405,31355.02
80406,31550.4
80407,23553.48
80408,38848.5
80409,14042.68
80410,18653.07
80411,18443.87
80412,25704.99
80413,14942.01
80414,26554.46
80415,12283.67
80416,16614.87
80417,18232.91
80418,19310.42
80419,29684.55
80420,17207.33
80421,17705.41
80422,14043.65
80423,23430.1
80424,16408.86
80425,17023.23
80426,7443.24
80427,8346.01
80428,13467.38
80429,38527.73
80430,11461.85
80431,30798.43
80432,8809.8
80433,21541.07
80434,16424.06
80435,12959.83
80436,17994.41
80437,9322.33
80438,65916.46
80439,25691.15
80440,59758.49
80441,15145.24
80442,14471.38
80443,32077.39
80444,30066.29
80445,11225.59
80446,32069.32
80447,10682.17
80448,13803.38
80449,12379.13
80450,15393.9
80451,29768.75
80452,12477.84
80453,17117.13
80454,9417.6
80455,26296.47
80456,20185.03
80457,15655.45
80458,25266.92
80459,20472.22
80460,15748.86
80461,27858.67
80462,24196.01
80463,24756.64
80464,16920.66
80465,5204.8
80466,4314.05
80467,31001.98
80468,17618.49
80469,12376.93
80470,26065.76
80471,17214.14
80472,12726.98
80473,23263.24
80474,13949.16
80475,12561.4
80476,8927.76
80477,23055.79
80478,11075.77
80479,24306.48
80480,16831.32
80481,19146.68
80482,23659.52
80483,13088.11
80484,57046.57
80485,23057.27
80486,18892.9
80487,11993.28
80488,16655.79
80489,9331.51
80490,24526.72
80491,19583.41
80492,21745.59
80493,23100.35
80494,26990.0
80495,29571.71
80496,21241.5
80497,9811.43
80498,18342.21
80499,24384.05
80500,11608.97
80501,20177.69
80502,18950.3
80503,17486.25
80504,28596.34
80505,10530.72
80506,6315.08
80507,17754.13
80508,14319.45
80509,30921.39
80510,18031.04
80511,65815.48
80512,16271.23
80513,53675.48
80514,15901.2
80515,38706.23
80516,15770.66
80517,13333.71
80518,27590.93
80519,31798.6
80520,20486.95
80521,25112.43
80522,18453.2
80523,15820.5
80524,25851.32
80525,29155.43
80526,43100.45
80527,37932.2
80528,27580.11
80529,27083.78
80530,10617.52
80531,19942.09
80532,13373.44
80533,17767.05
80534,12953.11
80535,23880.72
80536,21148.02
80537,27706.66
80538,39212.09
80539,33822.29
80540,16996.9
80541,26261.99
80542,42503.84
80543,24455.97
80544,46410.88
80545,13435.3
80546,29055.02
80547,26863.32
80548,24948.67
80549,14395.46
80550,14851.34
80551,20552.48
80552,30604.72
80553,10585.53
80554,31550.04
80555,28483.54
80556,28459.74
80557,26353.2
80558,10936.54
80559,18234.13
80560,19257.31
80561,34848.74
80562,19985.54
80563,19090.06
80564,32530.62
80565,11547.95
80566,31290.92
80567,13702.72
80568,20578.72
80569,12109.93
80570,33210.98
80571,20565.19
80572,10273.12
80573,15238.76
80574,19168.46
80575,16496.87
80576,26114.67
80577,8983.57
80578,29793.34
80579,11706.27
80580,16932.19
80581,22248.92
80582,13854.65
80583,11782.13
80584,16981.47
80585,27731.96
80586,26067.9
80587,33896.65
80588,17986.68
80589,72497.33
80590,30700.98
80591,54342.05
80592,24486.0
80593,57814.83
80594,16052.14
80595,26040.71
80596,11093.14
80597,27439.09
80598,21595.36
80599,8910.59
80600,64734.22
80601,34235.5
80602,19147.58
80603,11660.37
80604,33814.77
80605,13816.18
80606,16175.93
80607,18127.26
80608,13885.2
80609,28447.03
80610,14396.94
80611,48334.79
80612,21581.23
80613,18043.47
80614,27398.58
80615,31118.49
80616,42678.71
80617,14130.92
80618,34297.86
80619,20101.27
80620,17607.68
80621,23418.17
80622,27773.04
80623,34256.26
80624,14566.71
80625,18019.02
80626,33289.8
80627,13340.28
80628,33285.13
80629,12628.71
80630,19206.77
80631,47293.8
80632,20894.8
80633,29451.25
80634,45919.77
80635,21096.23
80636,12400.26
80637,23171.06
80638,36014.02
80639,11757.86
80640,17758.27
80641,28595.38
80642,21686.45
80643,15916.45
80644,24947.08
80645,63490.76
80646,22643.25
80647,24291.4
80648,32477.75
80649,18711.52
80650,22314.41
80651,16017.68
80652,24798.71
80653,30167.47
80654,30082.75
80655,20368.44
80656,13444.42
80657,27128.61
80658,12715.15
80659,44078.16
80660,14786.23
80661,12896.5
80662,30648.62
80663,34514.52
80664,27953.51
80665,12389.73
80666,18133.71
80667,23945.5
80668,14241.6
80669,19967.6
80670,23357.47
80671,15431.99
80672,29816.11
80673,22162.23
80674,19579.21
80675,13361.5
80676,31137.68
80677,14383.09
80678,27628.59
80679,11375.29
80680,19437.83
80681,29057.89
80682,20931.34
80683,38880.2
80684,27860.37
80685,11988.93
80686,26460.82
80687,25564.72
80688,34918.89
80689,11843.84
80690,27116.88
80691,33824.55
80692,14144.58
80693,17886.21
80694,2805.05
80695,12454.34
80696,11879.45
80697,17088.33
80698,26119.71
80699,21766.61
80700,32326.01
80701,16664.78
80702,12849.99
80703,37627.16
80704,33239.77
80705,23461.3
80706,10433.98
80707,17266.0
80708,14822.53
80709,15492.29
80710,27827.75
80711,21717.13
80712,17657.73
80713,12071.14
80714,28721.91
80715,22109.16
80716,21273.66
80717,16500.23
80718,35198.9
80719,10684.1
80720,14101.02
80721,29984.6
80722,7035.63
80723,20762.22
80724,15005.27
80725,18230.79
80726,28547.38
80727,18195.75
80728,19963.97
80729,8946.24
80730,12215.81
80731,12881.57
80732,21453.62
80733,33712.63
80734,24386.67
80735,26051.86
80736,10268.5
80737,19777.98
80738,32811.85
80739,17389.26
80740,23123.04
80741,30335.67
80742,17667.28
80743,20365.37
80744,36629.4
80745,34187.05
80746,47616.85
80747,25885.5
80748,27282.64
80749,30362.4
80750,56100.84
80751,29998.28
80752,10389.85
80753,27237.41
80754,27818.32
80755,17046.28
80756,16429.69
80757,14349.88
80758,14269.33
80759,32532.07
80760,20187.9
80761,15360.63
80762,27154.86
80763,22179.08
80764,17828.82
80765,17347.98
80766,14709.0
80767,14094.82
80768,11528.84
80769,26674.06
80770,34712.38
80771,5535.87
80772,20500.12
80773,10042.09
80774,27668.42
80775,51065.78
80776,9407.44
80777,34631.19
80778,20731.21
80779,46939.81
80780,27950.34
80781,29168.31
80782,49083.99
80783,17785.63
80784,14163.75
80785,24685.45
80786,20987.0
80787,13551.81
80788,18366.47
80789,49034.82
80790,16617.75
80791,56500.82
80792,11927.38
80793,13272.95
80794,28554.16
80795,13446.03
80796,21754.51
80797,25182.25
80798,13913.95
80799,9807.04
80800,21696.57
80801,17197.73
80802,31225.59
80803,22632.75
80804,14712.89
80805,20561.33
80806,20241.65
80807,24603.99
80808,66828.84
80809,12526.95
80810,35222.12
80811,12204.15
80812,28903.31
80813,17087.21
80814,11354.6
80815,17080.78
80816,38196.23
80817,10874.83
80818,9662.46
80819,6042.76
80820,11801.04
80821,8787.63
80822,21698.91
80823,13512.77
80824,28427.15
80825,19677.37
80826,15290.03
80827,25641.53
80828,28891.05
80829,16622.52
80830,15334.94
80831,22049.51
80832,10339.25
80833,10939.0
80834,14965.99
80835,10890.2
80836,20823.01
80837,24270.34
80838,28882.72
80839,27614.94
80840,24269.88
80841,22984.5
80842,52468.59
80843,15575.55
80844,7157.77
80845,24443.09
80846,17358.19
80847,31371.95
80848,30733.18
80849,30276.64
80850,29397.33
80851,30065.73
80852,25525.68
80853,15113.3
80854,20402.38
80855,31873.34
80856,17126.32
80857,24599.91
80858,9024.68
80859,12899.53
80860,22798.67
80861,15271.22
80862,23632.55
80863,14547.46
80864,17023.58
80865,17825.9
80866,19229.1
80867,33006.09
80868,14695.59
80869,21773.95
80870,18638.23
80871,11453.72
80872,13049.75
80873,15377.85
80874,25085.47
80875,46544.72
80876,21756.13
80877,22458.9
80878,20816.56
80879,28233.78
80880,19839.77
80881,9161.51
80882,20080.56
80883,16089.12
80884,15358.92
80885,35705.25
80886,13932.31
80887,12648.39
80888,11499.14
80889,53534.67
80890,18974.87
80891,25877.14
80892,20526.52
80893,24251.78
80894,48779.03
80895,14142.81
80896,23305.11
80897,28191.53
80898,12892.4
80899,27637.67
80900,10416.34
80901,31997.32
80902,19337.0
80903,31628.5
80904,34393.71
80905,32995.88
80906,9926.43
80907,9858.56
80908,56302.24
80909,21513.98
80910,36632.7
80911,69984.46
80912,24301.4
80913,27212.0
80914,29932.22
80915,9934.32
80916,25829.9
80917,20812.55
80918,25473.45
80919,13514.31
80920,21803.25
80921,27469.6
80922,18574.15
80923,30635.66
80924,29474.02
80925,49172.85
80926,12209.43
80927,27049.57
80928,32601.46
80929,21724.28
80930,14770.99
80931,16968.26
80932,65926.31
80933,13884.43
80934,18852.52
80935,10687.96
80936,15111.71
80937,19668.52
80938,29906.17
80939,23491.09
80940,30429.96
80941,21030.02
80942,10019.0
80943,13634.97
80944,36978.93
80945,28433.27
80946,21040.48
80947,17221.02
80948,14479.88
80949,18401.92
80950,47570.67
80951,33355.19
80952,29847.69
80953,19619.73
80954,11210.2
80955,37358.49
80956,13532.8
80957,27069.42
80958,29594.8
80959,45548.5
80960,14785.94
80961,10906.14
80962,47919.4
80963,21891.97
80964,22044.42
80965,15777.41
80966,12778.15
80967,17181.86
80968,21007.6
80969,27912.43
80970,21677.69
80971,32602.33
80972,19506.43
80973,17221.22
80974,24959.94
80975,20045.59
80976,13676.43
80977,31914.55
80978,27580.18
80979,18152.04
80980,22888.57
80981,47040.68
80982,24399.65
80983,19084.84
80984,12844.45
80985,27329.31
80986,13849.27
80987,16449.89
80988,47330.22
80989,24246.25
80990,11413.92
80991,13884.74
80992,13324.59
80993,27600.3
80994,24153.13
80995,22897.54
80996,49043.68
80997,23853.4
80998,21175.3
80999,6323.64
81000,41277.17
81001,24583.32
81002,17082.26
81003,18606.04
81004,19786.89
81005,58516.27
81006,37330.43
81007,28119.92
81008,13531.34
81009,48427.12
81010,16540.39
81011,11885.92
81012,11705.53
81013,19496.13
81014,37288.26
81015,16204.92
81016,19818.39
81017,13974.48
81018,17100.53
81019,28463.94
81020,30172.12
81021,14198.0
81022,11965.69
81023,29024.17
81024,12004.77
81025,25447.31
81026,9672.67
81027,34926.64
81028,27783.08
81029,39462.28
81030,19893.24
81031,16611.1
81032,18960.01
81033,23477.43
81034,21913.99
81035,51820.46
81036,14829.37
81037,11291.82
81038,35621.49
81039,12201.91
81040,12998.49
81041,13435.71
81042,17674.62
81043,17743.51
81044,17514.8
81045,29816.2
81046,32621.2
81047,35789.19
81048,14819.78
81049,30378.32
81050,27929.63
81051,28240.88
81052,7049.6
81053,38347.09
81054,15892.64
81055,7413.42
81056,11106.87
81057,9346.68
81058,16426.0
81059,18439.81
81060,20416.08
81061,17171.88
81062,14356.98
81063,17894.58
81064,13075.47
81065,16408.36
81066,26392.33
81067,52127.41
81068,39984.21
81069,17323.72
81070,19337.64
81071,48695.18
81072,17690.76
81073,26768.16
81074,64585.78
81075,44882.85
81076,39974.33
81077,21995.51
81078,33989.98
81079,34138.84
81080,51203.34
81081,8585.0
81082,23219.39
81083,29227.0
81084,35610.74
81085,25780.67
81086,22910.74
81087,15880.12
81088,11556.56
81089,30588.66
81090,24705.75
81091,63415.45
81092,18919.86
81093,11899.01
81094,18539.33
81095,17062.94
81096,21493.32
81097,22592.52
81098,21798.47
81099,11279.61
81100,15243.34
81101,14332.66
81102,20089.83
81103,33139.22
81104,17483.0
81105,14455.38
81106,25083.13
81107,24866.18
81108,11071.4
81109,34981.59
81110,18615.2
81111,21273.99
81112,21663.44
81113,25146.8
81114,26832.35
81115,40867.68
81116,14288.92
81117,47136.78
81118,26916.79
81119,23589.0
81120,20522.88
81121,49714.92
81122,18146.45
81123,11475.23
81124,18229.66
81125,16562.14
81126,9265.59
81127,15889.78
81128,15798.94
81129,12665.91
81130,17090.79
81131,21224.67
81132,16854.75
81133,34547.25
81134,41751.11
81135,22016.45
81136,24589.35
81137,32054.52
81138,32492.73
81139,16240.6
81140,10888.56
81141,19693.32
81142,36919.99
81143,17201.52
81144,22700.54
81145,12800.6
81146,17626.83
81147,21181.88
81148,22103.9
81149,29264.25
81150,31694.92
81151,22570.2
81152,15912.33
81153,22522.43
81154,11615.91
81155,27141.31
81156,32857.89
81157,11658.95
81158,16711.14
81159,33203.7
81160,25971.86
81161,24931.46
81162,33235.92
81163,17304.18
81164,13245.63
81165,18767.96
81166,19236.39
81167,14775.01
81168,14804.73
81169,27083.04
81170,11026.15
81171,19295.32
81172,26434.17
81173,55788.89
81174,25765.87
81175,12773.03
81176,31339.06
81177,23378.26
81178,34121.93
81179,11127.79
81180,17563.68
81181,19110.18
81182,28835.01
81183,48700.81
81184,14110.43
81185,28227.69
81186,14942.68
81187,31786.26
81188,14262.25
81189,17176.03
81190,23423.4
81191,30039.69
81192,8990.46
81193,25890.03
81194,27387.62
81195,16434.57
81196,36926.39
81197,13552.86
81198,14001.27
81199,21427.74
81200,15877.65
81201,19274.44
81202,20209.18
81203,14152.74
81204,20530.89
81205,30302.87
81206,18763.54
81207,23381.28
81208,16987.26
81209,20140.47
81210,14369.34
81211,17939.93
81212,26537.85
81213,43991.37
81214,31549.38
81215,24002.6
81216,32096.39
81217,21731.04
81218,22406.48
81219,17216.59
81220,31037.95
81221,35379.14
81222,33845.29
81223,14926.51
81224,19977.29
81225,13877.93
81226,11414.88
81227,18213.62
81228,22124.98
81229,21389.01
81230,13683.24
81231,27991.5
81232,27345.32
81233,5388.61
81234,26265.52
81235,35596.33
81236,26973.97
81237,18892.65
81238,12600.05
81239,17604.24
81240,21963.12
81241,12701.41
81242,15501.11
81243,21718.31
81244,22219.39
81245,24863.16
81246,25211.29
81247,15062.92
81248,19198.23
81249,57404.2
81250,26786.65
81251,10553.91
81252,27575.31
81253,19272.63
81254,47005.29
81255,33964.14
81256,24873.2
81257,15864.75
81258,17981.13
81259,24869.28
81260,25958.94
81261,5110.93
81262,11112.21
81263,14348.11
81264,31825.98
81265,12805.54
81266,20646.3
81267,37701.15
81268,42849.24
81269,30207.49
81270,26264.13
81271,15056.06
81272,16290.4
81273,15892.63
81274,14202.64
81275,28576.12
81276,19859.52
81277,9749.42
81278,9551.78
81279,9958.28
81280,34879.03
81281,11879.92
81282,29566.65
81283,23021.42
81284,21273.66
81285,20307.48
81286,10265.73
81287,10404.08
81288,17715.54
81289,5296.22
81290,19934.16
81291,16030.3
81292,17223.16
81293,17654.66
81294,12219.4
81295,42239.67
81296,14816.87
81297,30995.27
81298,14213.18
81299,33857.77
81300,31687.08
81301,19547.09
81302,29306.86
81303,16931.2
81304,11410.54
81305,30860.08
81306,33482.82
81307,29874.15
81308,17387.57
81309,7958.5
81310,25828.27
81311,35337.94
81312,27419.0
81313,14868.42
81314,57361.76
81315,12460.99
81316,13757.36
81317,14844.24
81318,52881.32
81319,17827.72
81320,22130.45
81321,27734.13
81322,72734.0
81323,21568.42
81324,20766.73
81325,28986.32
81326,13326.86
81327,10867.27
81328,22040.07
81329,49467.4
81330,50295.56
81331,28520.11
81332,46296.79
81333,16361.01
81334,65002.49
81335,21628.55
81336,16990.51
81337,14373.41
81338,22526.15
81339,13022.17
81340,33844.95
81341,57952.74
81342,13535.51
81343,28284.57
81344,16286.57
81345,27499.83
81346,21147.98
81347,25922.85
81348,15855.58
81349,13220.64
81350,14114.3
81351,32857.89
81352,21811.02
81353,18506.55
81354,21213.4
81355,20633.44
81356,27429.07
81357,17692.03
81358,28749.24
81359,15184.71
81360,8665.13
81361,21934.58
81362,16108.02
81363,35127.07
81364,12658.23
81365,23823.85
81366,18151.16
81367,21625.99
81368,15261.21
81369,27681.68
81370,17229.57
81371,14852.14
81372,28741.9
81373,16889.26
81374,21706.61
81375,35444.63
81376,23557.23
81377,16322.17
81378,12198.32
81379,21750.67
81380,13002.78
81381,30697.97
81382,19174.52
81383,16689.2
81384,18311.59
81385,13139.29
81386,22793.58
81387,13241.34
81388,11512.35
81389,22547.71
81390,9400.76
81391,10282.79
81392,26568.56
81393,13366.32
81394,12034.27
81395,15002.28
81396,30723.35
81397,22616.06
81398,17817.22
81399,10562.74
81400,18202.18
81401,14540.49
81402,16811.46
81403,31424.0
81404,23979.93
81405,13596.14
81406,32998.65
81407,18398.05
81408,18623.49
81409,13013.18
81410,15825.92
81411,13310.41
81412,15715.36
81413,14315.18
81414,15248.65
81415,15539.21
81416,48431.62
81417,31854.29
81418,27238.21
81419,20588.85
81420,28619.84
81421,34779.9
81422,17248.31
81423,24875.36
81424,10366.14
81425,19474.57
81426,15073.46
81427,12962.84
81428,9853.53
81429,3488.08
81430,20586.85
81431,15097.85
81432,22529.03
81433,22441.16
81434,21102.21
81435,28084.12
81436,10641.73
81437,14558.21
81438,29581.62
81439,4218.24
81440,21323.76
81441,31167.12
81442,40843.12
81443,17029.44
81444,15159.9
81445,13621.72
81446,12467.11
81447,14037.54
81448,14461.74
81449,13873.92
81450,9765.61
81451,22015.41
81452,11861.44
81453,13720.33
81454,18389.64
81455,19272.13
81456,10560.27
81457,34772.69
81458,12403.07
81459,24004.42
81460,26797.05
81461,26990.0
81462,13644.21
81463,13964.35
81464,14535.25
81465,21079.91
81466,21424.76
81467,14958.97
81468,32498.99
81469,19811.64
81470,38545.68
81471,23252.28
81472,11030.15
81473,20953.84
81474,24540.18
81475,21485.75
81476,13385.36
81477,56745.66
81478,27267.56
81479,28285.38
81480,26321.38
81481,45336.73
81482,11877.82
81483,18118.84
81484,6365.54
81485,21541.7
81486,30499.63
81487,56282.35
81488,47540.8
81489,26655.92
81490,14711.94
81491,14620.71
81492,17376.39
81493,19536.63
81494,10796.36
81495,28843.32
81496,15889.9
81497,28756.81
81498,21278.24
81499,33759.04
81500,35947.66
81501,28921.07
81502,29930.96
81503,41949.59
81504,24379.14
81505,48778.42
81506,34140.26
81507,24321.38
81508,26446.28
81509,15375.08
81510,23396.24
81511,33653.0
81512,36906.98
81513,12064.0
81514,15595.73
81515,19440.43
81516,43371.89
81517,11417.33
81518,13453.57
81519,18290.94
81520,32853.37
81521,22751.12
81522,13622.0
81523,23676.91
81524,20808.02
81525,28589.42
81526,25546.9
81527,25671.94
81528,20622.37
81529,20808.35
81530,9698.63
81531,23974.34
81532,42062.81
81533,39284.13
81534,16574.18
81535,21926.08
81536,29311.75
81537,14014.33
81538,11806.49
81539,21130.8
81540,23110.86
81541,17964.49
81542,26803.92
81543,16514.4
81544,19475.61
81545,14337.68
81546,20972.48
81547,27694.21
81548,14975.13
81549,49571.14
81550,14105.61
81551,31735.58
81552,16214.36
81553,18056.74
81554,48591.76
81555,25056.07
81556,36833.93
81557,26563.75
81558,21055.8
81559,17677.13
81560,30766.04
81561,17225.81
81562,14216.18
81563,36271.8
81564,27760.87
81565,22020.48
81566,23455.51
81567,4793.13
81568,22581.17
81569,15311.01
81570,27612.08
81571,17319.33
81572,38121.74
81573,25590.19
81574,31630.19
81575,43436.86
81576,23091.92
81577,29852.89
81578,21867.1
81579,31064.11
81580,41001.1
81581,27296.8
81582,12663.84
81583,28968.8
81584,14324.01
81585,10741.79
81586,65900.08
81587,9478.91
81588,27134.06
81589,16408.29
81590,26900.35
81591,16095.93
81592,20500.06
81593,11545.92
81594,8927.07
81595,35562.02
81596,22630.11
81597,19854.08
81598,11436.13
81599,33536.5
81600,18991.77
81601,33406.15
81602,9420.4
81603,16921.27
81604,41973.42
81605,20894.26
81606,11084.66
81607,11315.74
81608,19697.13
81609,24788.01
81610,11464.1
81611,3994.59
81612,20681.47
81613,21022.18
81614,27294.7
81615,17733.06
81616,35412.83
81617,11766.25
81618,15337.12
81619,44590.05
81620,16936.83
81621,9375.75
81622,21551.47
81623,29138.53
81624,19028.28
81625,17835.16
81626,12680.84
81627,18555.47
81628,10396.51
81629,58153.08
81630,24800.77
81631,14175.74
81632,49153.85
81633,28524.85
81634,16473.51
81635,37271.44
81636,13791.9
81637,16946.1
81638,38400.31
81639,10371.91
81640,17676.61
81641,29438.89
81642,25355.51
81643,13995.24
81644,21619.06
81645,33947.65
81646,27770.66
81647,36716.52
81648,19840.43
81649,9810.32
81650,31571.82
81651,13239.83
81652,27932.25
81653,3128.05
81654,12517.77
81655,18047.08
81656,19611.61
81657,24814.42
81658,15539.49
81659,33672.67
81660,22536.12
81661,11733.49
81662,35499.64
81663,13458.47
81664,10586.84
81665,21803.29
81666,14994.59
81667,31705.26
81668,28214.83
81669,28324.79
81670,23352.58
81671,14940.06
81672,21113.95
81673,24702.39
81674,18648.36
81675,16897.71
81676,21593.48
81677,54342.05
81678,13232.13
81679,22158.15
81680,27765.35
81681,17131.28
81682,24676.32
81683,6225.21
81684,28123.82
81685,31818.79
81686,19968.92
81687,11656.82
81688,14306.35
81689,9585.42
81690,15864.88
81691,37615.67
81692,12642.94
81693,27469.29
81694,25094.28
81695,29225.17
81696,36376.0
81697,27330.79
81698,37631.14
81699,16996.49
81700,29745.62
81701,16204.93
81702,39282.21
81703,16481.97
81704,27779.55
81705,20353.02
81706,9137.08
81707,18100.32
81708,30904.02
81709,33543.91
81710,17055.66
81711,19288.2
81712,16642.14
81713,24409.31
81714,13018.95
81715,29119.32
81716,13155.7
81717,30690.85
81718,22270.99
81719,9198.17
81720,20698.14
81721,26768.16
81722,14077.63
81723,36157.26
81724,10785.94
81725,32364.61
81726,12334.43
81727,38782.22
81728,15723.46
81729,31350.54
81730,55698.83
81731,24008.89
81732,12112.79
81733,15182.87
81734,43491.65
81735,13952.5
81736,29702.62
81737,16270.85
81738,17502.76
81739,12200.92
81740,18079.49
81741,33375.77
81742,20321.46
81743,31293.17
81744,22000.53
81745,28730.98
81746,16463.97
81747,12257.05
81748,19163.59
81749,27442.01
81750,11095.49
81751,38609.19
81752,15523.12
81753,32638.47
81754,33755.11
81755,21275.69
81756,35070.93
81757,13711.6
81758,18474.05
81759,26077.94
81760,14424.96
81761,52906.27
81762,14759.2
81763,12907.65
81764,18719.05
81765,29096.14
81766,23760.11
81767,26746.69
81768,32306.5
81769,16494.0
81770,17942.15
81771,18742.95
81772,26166.22
81773,30766.04
81774,16063.31
81775,20422.0
81776,23950.91
81777,13885.59
81778,23728.61
81779,21705.46
81780,16131.46
81781,12078.13
81782,28211.75
81783,39061.72
81784,10329.23
81785,15390.06
81786,14488.89
81787,20627.7
81788,8207.93
81789,46267.04
81790,15750.48
81791,28576.97
81792,32539.68
81793,18552.42
81794,19457.45
81795,7929.42
81796,14785.06
81797,13628.41
81798,19103.58
81799,33911.52
81800,19122.2
81801,25031.29
81802,17170.69
81803,66302.93
81804,17124.94
81805,12003.27
81806,15526.89
81807,22643.25
81808,33105.84
81809,30510.56
81810,43186.27
81811,15086.03
81812,39333.98
81813,28730.64
81814,19062.4
81815,18028.43
81816,15622.5
81817,21108.29
81818,30023.15
81819,17911.81
81820,14538.18
81821,17512.25
81822,11186.05
81823,9192.85
81824,18202.07
81825,17449.73
81826,41227.71
81827,16708.39
81828,37681.95
81829,33838.98
81830,35229.27
81831,13001.33
81832,25653.36
81833,14044.81
81834,27956.93
81835,20655.34
81836,29258.78
81837,12817.01
81838,25457.35
81839,12718.52
81840,26425.39
81841,28995.07
81842,17625.72
81843,10247.65
81844,5757.44
81845,21286.65
81846,41241.0
81847,11656.37
81848,35356.16
81849,20685.83
81850,16418.19
81851,29923.54
81852,10588.94
81853,23895.8
81854,27049.78
81855,10402.1
81856,13201.46
81857,40271.26
81858,20131.77
81859,36928.65
81860,21970.45
81861,13689.01
81862,24812.71
81863,47769.45
81864,12331.47
81865,27081.18
81866,50945.12
81867,15156.4
81868,26986.46
81869,31806.58
81870,12535.11
81871,22971.81
81872,26015.91
81873,23643.18
81874,11209.36
81875,13591.78
81876,21189.28
81877,14755.28
81878,9198.97
81879,23241.4
81880,21658.31
81881,23808.25
81882,23150.73
81883,33095.67
81884,20831.72
81885,26802.6
81886,10851.15
81887,22908.23
81888,20795.36
81889,29204.55
81890,29856.36
81891,14446.48
81892,21793.26
81893,31406.99
81894,14509.23
81895,19360.48
81896,15954.97
81897,28450.77
81898,74053.94
81899,18856.82
81900,11814.27
81901,15811.71
81902,69478.17
81903,15952.16
81904,33087.99
81905,14096.96
81906,16830.36
81907,34022.21
81908,12166.67
81909,8041.52
81910,14980.68
81911,17634.9
81912,4204.57
81913,18125.81
81914,6926.57
81915,25729.81
81916,32378.09
81917,28641.27
81918,14360.42
81919,17122.49
81920,12533.68
81921,12796.9
81922,33996.3
81923,13374.26
81924,21724.43
81925,30831.71
81926,20141.23
81927,36659.69
81928,22182.26
81929,27105.82
81930,18362.15
81931,40388.3
81932,11552.31
81933,14586.38
81934,10411.98
81935,36314.22
81936,7225.05
81937,30476.79
81938,23237.86
81939,57614.68
81940,23257.33
81941,25785.97
81942,12155.22
81943,38735.32
81944,15518.47
81945,32247.25
81946,25948.15
81947,11417.99
81948,9257.38
81949,12022.35
81950,16950.29
81951,11705.98
81952,7622.4
81953,9906.55
81954,21769.53
81955,14442.96
81956,12164.79
81957,25068.51
81958,28349.78
81959,9192.77
81960,28566.08
81961,15950.19
81962,14451.72
81963,30169.57
81964,22364.13
81965,30334.43
81966,14620.05
81967,16391.06
81968,18350.88
81969,17920.09
81970,22188.06
81971,19406.98
81972,10044.02
81973,16985.86
81974,28455.29
81975,56956.22
81976,38958.67
81977,6364.22
81978,23513.08
81979,21648.94
81980,16550.57
81981,40392.36
81982,28714.56
81983,11612.51
81984,21314.46
81985,25706.73
81986,26412.86
81987,37496.23
81988,31455.48
81989,20727.38
81990,35546.02
81991,13851.75
81992,28103.14
81993,29216.75
81994,12005.38
81995,16512.66
81996,25805.5
81997,14513.7
81998,14062.34
81999,28304.02
82000,22375.01
82001,24944.68
82002,16305.98
82003,15644.67
82004,29015.48
82005,15060.2
82006,12697.57
82007,19201.64
82008,49061.03
82009,19702.35
82010,16776.16
82011,11347.76
82012,32706.53
82013,20652.4
82014,26056.28
82015,15733.66
82016,12471.13
82017,25155.38
82018,7260.01
82019,54342.05
82020,15418.77
82021,17490.4
82022,35307.91
82023,23645.48
82024,63939.7
82025,17406.63
82026,16168.53
82027,22826.33
82028,22897.54
82029,16584.4
82030,15365.82
82031,23068.22
82032,20835.75
82033,25178.16
82034,19828.68
82035,16745.53
82036,32543.97
82037,12933.62
82038,26727.72
82039,21378.06
82040,21889.79
82041,42463.96
82042,15241.48
82043,22812.54
82044,16926.33
82045,16102.83
82046,48232.51
82047,42167.93
82048,32266.57
82049,33040.44
82050,36248.55
82051,17390.53
82052,20945.49
82053,11041.11
82054,19682.6
82055,9784.83
82056,34138.65
82057,27592.07
82058,7177.34
82059,19616.2
82060,17542.2
82061,25971.67
82062,22908.71
82063,24686.66
82064,16548.1
82065,11288.43
82066,19682.37
82067,47150.5
82068,9891.74
82069,17695.48
82070,13334.29
82071,23233.98
82072,21970.29
82073,13623.94
82074,19096.71
82075,17084.52
82076,26377.55
82077,32290.71
82078,14546.89
82079,18532.75
82080,16319.13
82081,15106.86
82082,17878.34
82083,29348.37
82084,19138.54
82085,15819.14
82086,17381.09
82087,17689.07
82088,35344.14
82089,13778.98
82090,10864.53
82091,20341.02
82092,13220.48
82093,44193.17
82094,13655.52
82095,34077.84
82096,25722.75
82097,48156.56
82098,21086.54
82099,36715.13
82100,31087.09
82101,35770.06
82102,22301.92
82103,14133.05
82104,9620.25
82105,17523.82
82106,31051.93
82107,18030.96
82108,21271.93
82109,22961.43
82110,36420.59
82111,61739.46
82112,23547.52
82113,20691.59
82114,30018.76
82115,12415.12
82116,26219.36
82117,28399.73
82118,19579.38
82119,17520.3
82120,16633.82
82121,16126.34
82122,22897.54
82123,17075.81
82124,33971.53
82125,7640.38
82126,17977.19
82127,28167.22
82128,13820.52
82129,12907.21
82130,14561.02
82131,15891.54
82132,27560.37
82133,41942.03
82134,14770.69
82135,20373.29
82136,19442.57
82137,13138.4
82138,28581.83
82139,16348.98
82140,11245.12
82141,12012.83
82142,23117.03
82143,34805.83
82144,14440.72
82145,19610.33
82146,33925.11
82147,23544.21
82148,63773.81
82149,15516.11
82150,37870.8
82151,15138.13
82152,26774.1
82153,13836.28
82154,24102.98
82155,3266.52
82156,71238.96
82157,21825.02
82158,25306.55
82159,24478.28
82160,50070.92
82161,10556.09
82162,46958.55
82163,12758.82
82164,30961.8
82165,23232.42
82166,13268.78
82167,22069.31
82168,15478.77
82169,17538.47
82170,11037.97
82171,16598.48
82172,32893.9
82173,29050.72
82174,9808.5
82175,14202.35
82176,22941.88
82177,14693.94
82178,17413.39
82179,39035.23
82180,11958.44
82181,32797.91
82182,17131.28
82183,14966.96
82184,31175.36
82185,19099.65
82186,19923.82
82187,26399.14
82188,22650.73
82189,22612.71
82190,28770.34
82191,19455.53
82192,45772.77
82193,19517.03
82194,15363.19
82195,13932.45
82196,13464.8
82197,39972.34
82198,15598.82
82199,25071.77
82200,17784.89
82201,18243.96
82202,22977.7
82203,31749.7
82204,11018.43
82205,12372.44
82206,19553.67
82207,27573.65
82208,9072.77
82209,14503.01
82210,24567.65
82211,39615.03
82212,11979.08
82213,21951.66
82214,44112.38
82215,11473.87
82216,19515.96
82217,35738.82
82218,28368.32
82219,20443.39
82220,13723.54
82221,10466.74
82222,18249.83
82223,27496.17
82224,21022.22
82225,14043.35
82226,10912.79
82227,33910.75
82228,19081.04
82229,32858.31
82230,11794.08
82231,17849.21
82232,3520.37
82233,11566.1
82234,20326.01
82235,42749.13
82236,44353.53
82237,27797.65
82238,20169.44
82239,29182.23
82240,22910.74
82241,71510.49
82242,22270.53
82243,26153.98
82244,16853.23
82245,27892.21
82246,16968.87
82247,18968.34
82248,31545.75
82249,29309.95
82250,15997.09
82251,13909.7
82252,10737.39
82253,69512.6
82254,31427.52
82255,16312.98
82256,72708.05
82257,9953.85
82258,19632.79
82259,29236.48
82260,27033.33
82261,10630.63
82262,7980.73
82263,10664.61
82264,13674.94
82265,15431.01
82266,13450.51
82267,15649.12
82268,12418.05
82269,36035.96
82270,34030.31
82271,17547.15
82272,24487.45
82273,29182.71
82274,22342.16
82275,10417.64
82276,11467.7
82277,39280.4
82278,28260.06
82279,15152.85
82280,11374.46
82281,16251.52
82282,55304.48
82283,19518.85
82284,38086.01
82285,24282.04
82286,21973.24
82287,14093.28
82288,22011.56
82289,38915.63
82290,5302.97
82291,14271.19
82292,20627.41
82293,8029.54
82294,29368.27
82295,21899.56
82296,31137.43
82297,16058.65
82298,9885.97
82299,24046.73
82300,19995.34
82301,16526.15
82302,24371.35
82303,15217.09
82304,24946.46
82305,17820.58
82306,16646.67
82307,26904.14
82308,13325.01
82309,14157.66
82310,11352.0
82311,33265.85
82312,29985.79
82313,52969.03
82314,17595.69
82315,18655.83
82316,20394.36
82317,18833.0
82318,16197.45
82319,21686.79
82320,17345.88
82321,14744.87
82322,15848.9
82323,16994.31
82324,32078.05
82325,9489.57
82326,32634.86
82327,20333.6
82328,14802.86
82329,20865.43
82330,16987.2
82331,15098.07
82332,34550.71
82333,25747.65
82334,22114.72
82335,17492.76
82336,18453.0
82337,24959.71
82338,21236.64
82339,21672.9
82340,30537.44
82341,28369.97
82342,22217.87
82343,25805.07
82344,19949.65
82345,19206.31
82346,9122.17
82347,27611.66
82348,27385.01
82349,18899.98
82350,25543.4
82351,11606.17
82352,14036.14
82353,28508.79
82354,8817.99
82355,30831.77
82356,13014.23
82357,21064.03
82358,24052.7
82359,21544.29
82360,24940.61
82361,28114.66
82362,26153.66
82363,14139.07
82364,8129.17
82365,25910.34
82366,16978.31
82367,13388.68
82368,18266.78
82369,10624.86
82370,19110.19
82371,25086.79
82372,13227.94
82373,23894.35
82374,70167.27
82375,9457.6
82376,16302.61
82377,12287.4
82378,5805.47
82379,27708.99
82380,7217.2
82381,18519.44
82382,32101.2
82383,31452.98
82384,28527.54
82385,34498.73
82386,56628.44
82387,26555.73
82388,13078.28
82389,38535.84
82390,33447.45
82391,18899.87
82392,25565.29
82393,16920.59
82394,38781.17
82395,17262.5
82396,13838.69
82397,22144.03
82398,27802.53
82399,31313.27
82400,23305.44
82401,12085.24
82402,31505.39
82403,74416.43
82404,27068.66
82405,14305.08
82406,34071.72
82407,15426.15
82408,9351.54
82409,17987.13
82410,13083.23
82411,11457.61
82412,16673.54
82413,9725.71
82414,10536.2
82415,12795.9
82416,7473.82
82417,10671.01
82418,9768.24
82419,15506.8
82420,14878.57
82421,13393.88
82422,8421.63
82423,9913.21
82424,10261.42
82425,17345.28
82426,6858.34
82427,7141.22
82428,9267.88
82429,16437.64
82430,13643.49
82431,10012.89
82432,5911.47
82433,7827.97
82434,10407.82
82435,14143.07
82436,11216.91
82437,14108.12
82438,22232.63
82439,7831.61
82440,17155.94
82441,11933.51
82442,7757.1
82443,8675.12
82444,9505.55
82445,10458.81
82446,9294.5
82447,7827.9
82448,13726.81
82449,5831.9
82450,8396.79
82451,14592.49
82452,23240.35
82453,13321.47
82454,10671.02
82455,27019.06
82456,10929.57
82457,16173.28
82458,9917.08
82459,8179.66
82460,17902.25
82461,11059.52
82462,13501.12
82463,9729.56
82464,12022.28
82465,11957.48
82466,13633.07
82467,10690.28
82468,21290.78
82469,12591.27
82470,9234.21
82471,12489.34
82472,14692.8
82473,21176.84
82474,9687.35
82475,18579.66
82476,9081.7
82477,6073.97
82478,8959.42
82479,13226.85
82480,7165.23
82481,8861.36
82482,21265.5
82483,18834.18
82484,13082.55
82485,6754.44
82486,21809.67
82487,11289.11
82488,7269.14
82489,6864.04
82490,9193.53
82491,16647.71
82492,7711.67
82493,10880.71
82494,5176.08
82495,22059.61
82496,10791.49
82497,13567.14
82498,13727.27
82499,10954.42
82500,13653.57
82501,13116.12
82502,6844.03
82503,17015.17
82504,15993.37
82505,18375.27
82506,4085.22
82507,13143.83
82508,8172.1
82509,10191.93
82510,9016.53
82511,9869.96
82512,8199.79
82513,13763.58
82514,9038.55
82515,16571.99
82516,9688.06
82517,4973.98
82518,13434.6
82519,14626.76
82520,11585.04
82521,14799.4
82522,10571.21
82523,11131.0
82524,19897.58
82525,12944.72
82526,13159.11
82527,10707.92
82528,8135.81
82529,9512.85
82530,10308.22
82531,16444.94
82532,14444.56
82533,10123.63
82534,16006.65
82535,11170.64
82536,15290.81
82537,2512.79
82538,10988.07
82539,15293.68
82540,7437.32
82541,17427.87
82542,5295.93
82543,10702.07
82544,9450.21
82545,14519.72
82546,18618.15
82547,6375.76
82548,17326.69
82549,10318.31
82550,9025.95
82551,8753.97
82552,13418.85
82553,7792.04
82554,16544.72
82555,9533.55
82556,12185.46
82557,10050.29
82558,25106.23
82559,16407.25
82560,14461.47
82561,13758.57
82562,17704.68
82563,13359.43
82564,9877.94
82565,5809.53
82566,10660.54
82567,12987.8
82568,25740.31
82569,16391.48
82570,12244.19
82571,12133.97
82572,12399.23
82573,16164.1
82574,6054.46
82575,15925.5
82576,19282.28
82577,12076.45
82578,10107.3
82579,18966.45
82580,7837.46
82581,15625.99
82582,12157.72
82583,8336.74
82584,8172.55
82585,11837.42
82586,10805.94
82587,15735.53
82588,21652.53
82589,13928.94
82590,9394.82
82591,18170.73
82592,15652.77
82593,12193.76
82594,17733.63
82595,19623.68
82596,8207.99
82597,9689.23
82598,10484.35
82599,7703.48
82600,17301.91
82601,7199.38
82602,13493.54
82603,9279.64
82604,12722.68
82605,11054.37
82606,18197.75
82607,9171.04
82608,7753.35
82609,5587.12
82610,7383.7
82611,2717.19
82612,18375.92
82613,15434.81
82614,22629.08
82615,4282.33
82616,14408.42
82617,16368.13
82618,6947.07
82619,14326.32
82620,10541.36
82621,11653.44
82622,7749.21
82623,10579.14
82624,18688.42
82625,16514.49
82626,10523.0
82627,11598.75
82628,10639.1
82629,5474.82
82630,12213.69
82631,13046.67
82632,15419.69
82633,9761.14
82634,6509.87
82635,10563.48
82636,2680.62
82637,10468.14
82638,9825.98
82639,11081.39
82640,7626.35
82641,16372.86
82642,17355.11
82643,7245.13
82644,13662.07
82645,10973.94
82646,10664.29
82647,16855.37
82648,14523.08
82649,9403.06
82650,10410.39
82651,8798.02
82652,9187.6
82653,9313.27
82654,14008.15
82655,10700.11
82656,9210.59
82657,2324.42
82658,6581.09
82659,10069.86
82660,7662.4
82661,9108.1
82662,7546.3
82663,13625.72
82664,19117.23
82665,3791.44
82666,15600.44
82667,10148.41
82668,10409.93
82669,15122.46
82670,17814.07
82671,18480.5
82672,12666.54
82673,10401.5
82674,12879.41
82675,17548.96
82676,7582.85
82677,17111.66
82678,10674.06
82679,12879.48
82680,12980.73
82681,10023.7
82682,11119.41
82683,10141.12
82684,10962.12
82685,9413.86
82686,7890.62
82687,30725.29
82688,9387.85
82689,15900.1
82690,24450.9
82691,12295.2
82692,13511.27
82693,10797.9
82694,10906.74
82695,12625.11
82696,22642.02
82697,16089.27
82698,7529.64
82699,7912.96
82700,13651.41
82701,15921.81
82702,18043.09
82703,11404.11
82704,10734.85
82705,10141.59
82706,7307.65
82707,7346.84
82708,17270.35
82709,11785.64
82710,12645.69
82711,9423.23
82712,9139.09
82713,10492.07
82714,17178.17
82715,16300.02
82716,10856.24
82717,17274.11
82718,6675.79
82719,16419.4
82720,8490.01
82721,19918.35
82722,6382.59
82723,14015.32
82724,11453.66
82725,8995.75
82726,14048.34
82727,19209.59
82728,7511.6
82729,2621.86
82730,17261.49
82731,16071.05
82732,4589.96
82733,10657.74
82734,14568.69
82735,7916.91
82736,5151.28
82737,9533.18
82738,10551.37
82739,13284.04
82740,10462.4
82741,6291.3
82742,4948.63
82743,10921.02
82744,10343.98
82745,8640.49
82746,8009.43
82747,10351.53
82748,16064.24
82749,5083.21
82750,8715.56
82751,15793.42
82752,22617.02
82753,9927.45
82754,6836.48
82755,7984.45
82756,14402.97
82757,11575.29
82758,9406.91
82759,12804.44
82760,16272.04
82761,16487.71
82762,26924.02
82763,16058.1
82764,9762.95
82765,16934.99
82766,17295.85
82767,8920.63
82768,7936.26
82769,9137.42
82770,7473.89
82771,10925.3
82772,10045.03
82773,13366.9
82774,10981.46
82775,11162.38
82776,10719.3
82777,15794.63
82778,9462.65
82779,10082.02
82780,16425.67
82781,14228.62
82782,10640.79
82783,20051.93
82784,19062.6
82785,16001.59
82786,9920.89
82787,19483.7
82788,19645.46
82789,16515.77
82790,14017.36
82791,7006.19
82792,16685.01
82793,6676.82
82794,13819.12
82795,6101.33
82796,10301.48
82797,15283.76
82798,14332.57
82799,5721.05
82800,14109.34
82801,17538.81
82802,11093.66
82803,14605.52
82804,15377.32
82805,16878.19
82806,16118.71
82807,15524.14
82808,17094.41
82809,20470.82
82810,6003.79
82811,11283.21
82812,5932.8
82813,16734.46
82814,15352.5
82815,14623.17
82816,16456.52
82817,11463.62
82818,8940.21
82819,9059.94
82820,19357.1
82821,10078.07
82822,20610.54
82823,8359.45
82824,10089.72
82825,15458.96
82826,7611.7
82827,6994.62
82828,6315.1
82829,10824.16
82830,17307.69
82831,17171.88
82832,18417.61
82833,10577.88
82834,17185.47
82835,16456.75
82836,11303.55
82837,9527.48
82838,7393.35
82839,10542.07
82840,17647.04
82841,10690.17
82842,15628.88
82843,8371.37
82844,8514.6
82845,16156.55
82846,11065.73
82847,20447.1
82848,10821.56
82849,10441.72
82850,10998.17
82851,19043.79
82852,7212.3
82853,15381.89
82854,11281.98
82855,14405.39
82856,5327.15
82857,8471.23
82858,11350.71
82859,10552.37
82860,17504.96
82861,7848.73
82862,16349.89
82863,9737.99
82864,11401.0
82865,16527.45
82866,9345.1
82867,27024.11
82868,14400.9
82869,17512.32
82870,12025.22
82871,20305.03
82872,17189.8
82873,9561.62
82874,9598.61
82875,7968.93
82876,13788.32
82877,14495.44
82878,12378.74
82879,14351.4
82880,11152.24
82881,15984.83
82882,3101.0
82883,19833.91
82884,10168.16
82885,15344.05
82886,19013.78
82887,18664.54
82888,16549.75
82889,8250.23
82890,13225.63
82891,16623.21
82892,19701.16
82893,27373.23
82894,7081.41
82895,7947.75
82896,9426.86
82897,10539.02
82898,16298.29
82899,11237.72
82900,9442.33
82901,11163.59
82902,9842.38
82903,16649.84
82904,18278.66
82905,13515.31
82906,17411.28
82907,8594.02
82908,6906.56
82909,15243.27
82910,21656.52
82911,17772.45
82912,20833.92
82913,20595.73
82914,13415.35
82915,11604.25
82916,17598.75
82917,17669.74
82918,14632.69
82919,20682.33
82920,8314.66
82921,8990.18
82922,10098.67
82923,17952.4
82924,7099.14
82925,15776.58
82926,10406.98
82927,10292.77
82928,7914.44
82929,5886.56
82930,22057.69
82931,8149.17
82932,12416.57
82933,14744.76
82934,11532.35
82935,17326.06
82936,10528.25
82937,13769.02
82938,13124.6
82939,7546.08
82940,5298.82
82941,12914.54
82942,13881.6
82943,7278.24
82944,10293.06
82945,6990.49
82946,11441.85
82947,20050.97
82948,12711.38
82949,12150.73
82950,7953.47
82951,11570.54
82952,15480.0
82953,16441.24
82954,7106.29
82955,7346.79
82956,11299.3
82957,18521.97
82958,13718.52
82959,13009.22
82960,14453.28
82961,3899.89
82962,11225.25
82963,10131.19
82964,19218.59
82965,11952.26
82966,16799.17
82967,11560.94
82968,18840.74
82969,16692.3
82970,16794.04
82971,13379.64
82972,11646.13
82973,11029.44
82974,13702.74
82975,11770.55
82976,17314.68
82977,17190.07
82978,8664.45
82979,19796.83
82980,9287.67
82981,10533.2
82982,12172.6
82983,22220.56
82984,18593.61
82985,9644.2
82986,14141.9
82987,10682.03
82988,22036.69
82989,11155.71
82990,9614.99
82991,17110.81
82992,4209.35
82993,9901.96
82994,8439.2
82995,16371.35
82996,9900.67
82997,18449.09
82998,12830.57
82999,13588.02
83000,10087.83
83001,19879.92
83002,15301.99
83003,10655.96
83004,9298.7
83005,17788.38
83006,10918.28
83007,15624.89
83008,7307.6
83009,8022.26
83010,8842.07
83011,14161.21
83012,3374.2
83013,14617.25
83014,14065.77
83015,9541.76
83016,19277.16
83017,10819.64
83018,8042.65
83019,13312.57
83020,10763.09
83021,9942.38
83022,8147.1
83023,7256.39
83024,16223.6
83025,12597.56
83026,11876.29
83027,16706.37
83028,11253.06
83029,7300.09
83030,2408.66
83031,10156.1
83032,10942.26
83033,20527.5
83034,13188.45
83035,8786.87
83036,7339.96
83037,15426.99
83038,7602.16
83039,16501.91
83040,7806.65
83041,12994.9
83042,11019.75
83043,10899.54
83044,11085.38
83045,8173.11
83046,13959.61
83047,7343.0
83048,16841.83
83049,18411.17
83050,18419.94
83051,12263.45
83052,16503.48
83053,16373.45
83054,7402.17
83055,10037.06
83056,7753.2
83057,7889.73
83058,9852.7
83059,12540.99
83060,17472.57
83061,15135.82
83062,16300.42
83063,7868.34
83064,8381.05
83065,8010.71
83066,10903.11
83067,6310.13
83068,15144.1
83069,20571.88
83070,11477.18
83071,14609.01
83072,8951.83
83073,9327.81
83074,12455.86
83075,16247.7
83076,15539.93
83077,7761.55
83078,8085.55
83079,12844.41
83080,26827.02
83081,9382.25
83082,17770.41
83083,4059.85
83084,10058.75
83085,14010.13
83086,8112.89
83087,7691.65
83088,7110.04
83089,9902.16
83090,8702.26
83091,7676.18
83092,10216.7
83093,11572.8
83094,16363.23
83095,13325.63
83096,7045.08
83097,14348.88
83098,11082.43
83099,13147.61
83100,11012.44
83101,16406.94
83102,8540.27
83103,19385.4
83104,16060.39
83105,12733.72
83106,10337.03
83107,10955.61
83108,7626.29
83109,8407.67
83110,10595.08
83111,17301.02
83112,13213.42
83113,9179.81
83114,10130.34
83115,8383.91
83116,11140.92
83117,19852.87
83118,12768.83
83119,9087.22
83120,9885.24
83121,7872.7
83122,10804.91
83123,9044.0
83124,14336.58
83125,8926.83
83126,9717.57
83127,17329.19
83128,18354.07
83129,23735.96
83130,17953.98
83131,16891.5
83132,16508.34
83133,10991.23
83134,12344.16
83135,11663.82
83136,15796.38
83137,21603.42
83138,8603.97
83139,4693.57
83140,12378.82
83141,18124.82
83142,18222.89
83143,11496.97
83144,9232.15
83145,15022.76
83146,18465.2
83147,16105.88
83148,9189.76
83149,15691.15
83150,17599.29
83151,20327.08
83152,11961.64
83153,31627.84
83154,8841.29
83155,13570.0
83156,19285.26
83157,9112.95
83158,19286.85
83159,11758.97
83160,18532.38
83161,8776.94
83162,11372.08
83163,5808.35
83164,13710.1
83165,19761.67
83166,20094.77
83167,20579.61
83168,11392.04
83169,8543.19
83170,10944.67
83171,6165.72
83172,14659.89
83173,7817.34
83174,20655.88
83175,16413.93
83176,11045.93
83177,15822.54
83178,9933.68
83179,13093.97
83180,11818.1
83181,14218.24
83182,9067.5
83183,11499.85
83184,10402.23
83185,17424.87
83186,11023.65
83187,18284.8
83188,21862.93
83189,13601.21
83190,16210.07
83191,9306.0
83192,17077.55
83193,8169.64
83194,11071.76
83195,19791.73
83196,11308.34
83197,9080.05
83198,10713.46
83199,13884.64
83200,8063.2
83201,16077.88
83202,15755.65
83203,28285.63
83204,9516.06
83205,13073.21
83206,16472.84
83207,8786.0
83208,18824.22
83209,20335.47
83210,13750.36
83211,17811.23
83212,11063.5
83213,11279.74
83214,18719.61
83215,12384.7
83216,10810.9
83217,9917.7
83218,17119.79
83219,9901.77
83220,9938.82
83221,7554.03
83222,17584.02
83223,8536.81
83224,14663.25
83225,12468.98
83226,10926.49
83227,4415.27
83228,15343.93
83229,15835.33
83230,4616.44
83231,12575.49
83232,13732.1
83233,9929.39
83234,15426.93
83235,9488.78
83236,16592.76
83237,10039.55
83238,9949.94
83239,26996.11
83240,18025.79
83241,12137.02
83242,9914.88
83243,8772.22
83244,18995.05
83245,13708.44
83246,14366.98
83247,8500.06
83248,19695.18
83249,13270.1
83250,14887.77
83251,9484.08
83252,17113.24
83253,12352.48
83254,17279.91
83255,15849.7
83256,25954.03
83257,17751.76
83258,16639.43
83259,12792.96
83260,16939.82
83261,9663.79
83262,12350.32
83263,16501.1
83264,16046.14
83265,12181.49
83266,11997.85
83267,14555.35
83268,10852.68
83269,12431.62
83270,10322.43
83271,10052.1
83272,19084.6
83273,3879.45
83274,18794.6
83275,8253.5
83276,9895.14
83277,19042.12
83278,12128.95
83279,12326.64
83280,11519.35
83281,19228.12
83282,14513.21
83283,15792.42
83284,10353.7
83285,9448.45
83286,15226.51
83287,4238.64
83288,10090.61
83289,10188.01
83290,9761.34
83291,2221.74
83292,15056.52
83293,9116.87
83294,15771.43
83295,11186.04
83296,16369.55
83297,20158.53
83298,18472.58
83299,10352.76
83300,9276.6
83301,16377.83
83302,9855.64
83303,6183.72
83304,13535.24
83305,10679.14
83306,11505.61
83307,11084.28
83308,14165.44
83309,12276.11
83310,10594.8
83311,14142.9
83312,14134.22
83313,16976.92
83314,14339.75
83315,2772.61
83316,8931.39
83317,7239.75
83318,16219.77
83319,6498.01
83320,13776.43
83321,14810.55
83322,19672.58
83323,8266.41
83324,9724.11
83325,10128.67
83326,32119.03
83327,14996.24
83328,12357.73
83329,9734.72
83330,8054.12
83331,12893.21
83332,16865.28
83333,10890.36
83334,12622.32
83335,8155.72
83336,13699.18
83337,17960.42
83338,6929.02
83339,13960.86
83340,16596.66
83341,5301.11
83342,15815.29
83343,10835.82
83344,17615.64
83345,20505.34
83346,12169.41
83347,16393.92
83348,13322.04
83349,15209.01
83350,10666.22
83351,16794.04
83352,7348.94
83353,13794.49
83354,14628.1
83355,8911.63
83356,6510.16
83357,18609.92
83358,6701.97
83359,4809.99
83360,16586.95
83361,5251.98
83362,12372.99
83363,10137.84
83364,11803.56
83365,12962.64
83366,14201.94
83367,11863.69
83368,8763.98
83369,8096.18
83370,10403.81
83371,8176.89
83372,19220.68
83373,16877.81
83374,9138.6
83375,13586.32
83376,17786.14
83377,14700.64
83378,15040.18
83379,12776.06
83380,7628.18
83381,16905.05
83382,7421.89
83383,6734.1
83384,9957.92
83385,17114.81
83386,15800.06
83387,7269.1
83388,9521.9
83389,13241.68
83390,9139.4
83391,10003.21
83392,14005.81
83393,7395.25
83394,18901.25
83395,16424.72
83396,2468.08
83397,11587.36
83398,12591.55
83399,13302.85
83400,21856.64
83401,20562.53
83402,11007.86
83403,12948.76
83404,15807.93
83405,15815.54
83406,16707.65
83407,19163.61
83408,7251.04
83409,13256.02
83410,9003.85
83411,17715.67
83412,17235.23
83413,10748.87
83414,14143.07
83415,7721.83
83416,11378.44
83417,14636.36
83418,15210.96
83419,8142.02
83420,12269.55
83421,10328.7
83422,17851.32
83423,7275.3
83424,10978.23
83425,10998.77
83426,18174.74
83427,7173.94
83428,18065.75
83429,9822.51
83430,16959.32
83431,10801.57
83432,14253.56
83433,17771.28
83434,20092.42
83435,9682.48
83436,37658.31
83437,19147.66
83438,13626.5
83439,10906.68
83440,9088.53
83441,8208.76
83442,12930.6
83443,9421.04
83444,7973.58
83445,12501.66
83446,16403.7
83447,18082.5
83448,12030.86
83449,11218.75
83450,8445.95
83451,20844.22
83452,15137.26
83453,16659.68
83454,17129.96
83455,15789.42
83456,13568.27
83457,8894.5
83458,17271.12
83459,8261.77
83460,9296.61
83461,11911.55
83462,10467.48
83463,13998.3
83464,6948.61
83465,8893.65
83466,7917.83
83467,6026.74
83468,10707.58
83469,10110.11
83470,27236.25
83471,15872.51
83472,11614.44
83473,6356.84
83474,6392.9
83475,18341.78
83476,12208.01
83477,11051.95
83478,10243.88
83479,14216.11
83480,18870.8
83481,11123.13
83482,12306.69
83483,6473.52
83484,5956.85
83485,10622.35
83486,13124.6
83487,15663.28
83488,18049.58
83489,15965.91
83490,15817.29
83491,11424.98
83492,14828.33
83493,9163.42
83494,13870.07
83495,8137.89
83496,7493.99
83497,11382.47
83498,19037.84
83499,7728.82
83500,21462.1
83501,18078.38
83502,9805.51
83503,12006.51
83504,13522.17
83505,16837.15
83506,5046.73
83507,17458.43
83508,6241.46
83509,14402.04
83510,6519.56
83511,10787.44
83512,8551.58
83513,19660.71
83514,10089.62
83515,11604.25
83516,18440.41
83517,12160.71
83518,9869.59
83519,3668.18
83520,9810.29
83521,14536.99
83522,10933.93
83523,11733.67
83524,14727.17
83525,10093.64
83526,13104.95
83527,17187.99
83528,15460.5
83529,19840.41
83530,6026.75
83531,6380.56
83532,3917.76
83533,9656.17
83534,7974.87
83535,10668.81
83536,13441.85
83537,10923.74
83538,14326.62
83539,14272.01
83540,7877.41
83541,9793.53
83542,19098.44
83543,6378.03
83544,14307.97
83545,13762.17
83546,16975.99
83547,15453.72
83548,10476.65
83549,10473.01
83550,17468.4
83551,11730.37
83552,17631.56
83553,11629.3
83554,7993.21
83555,10678.95
83556,24083.79
83557,13720.4
83558,15290.8
83559,11615.99
83560,9913.17
83561,18306.34
83562,9103.6
83563,12941.03
83564,9551.52
83565,7251.09
83566,10105.14
83567,11292.06
83568,27854.63
83569,12482.38
83570,3233.37
83571,13564.62
83572,8643.64
83573,18283.19
83574,11334.12
83575,21432.16
83576,12688.05
83577,14114.8
83578,12194.36
83579,19710.3
83580,13438.98
83581,18393.67
83582,16138.31
83583,10054.35
83584,13523.5
83585,7856.13
83586,15282.92
83587,12223.85
83588,3447.6
83589,27586.96
83590,12784.04
83591,9263.45
83592,15299.69
83593,16787.14
83594,9521.63
83595,19366.38
83596,6884.21
83597,17764.41
83598,5883.58
83599,9084.94
83600,7245.82
83601,15212.76
83602,11804.2
83603,16608.94
83604,14496.1
83605,7329.79
83606,14813.52
83607,11519.59
83608,5669.44
83609,16584.21
83610,13473.45
83611,16694.32
83612,16391.33
83613,12068.66
83614,9904.73
83615,22192.72
83616,10915.68
83617,16081.28
83618,18639.35
83619,10883.13
83620,10517.04
83621,17010.27
83622,8802.78
83623,27793.91
83624,16242.06
83625,15105.74
83626,12176.5
83627,14242.24
83628,36708.66
83629,10375.41
83630,11310.48
83631,13914.49
83632,14232.97
83633,10745.52
83634,15335.04
83635,20551.14
83636,10544.4
83637,16742.3
83638,20184.3
83639,19632.67
83640,17986.24
83641,10564.17
83642,13067.09
83643,24040.57
83644,25297.15
83645,9751.5
83646,6958.18
83647,12176.36
83648,18175.57
83649,11474.64
83650,15702.38
83651,11403.47
83652,20832.44
83653,14836.88
83654,18765.94
83655,15218.29
83656,16468.11
83657,14043.56
83658,9503.0
83659,11509.73
83660,13111.49
83661,18475.63
83662,17000.78
83663,6650.67
83664,10282.83
83665,13244.57
83666,9916.19
83667,9556.73
83668,7943.64
83669,6420.66
83670,18037.82
83671,11791.39
83672,8481.33
83673,20771.31
83674,10337.63
83675,10099.5
83676,8821.52
83677,10080.24
83678,16826.24
83679,16217.29
83680,17205.62
83681,12489.28
83682,16102.84
83683,10749.48
83684,10607.09
83685,9611.3
83686,12735.4
83687,10072.07
83688,11038.31
83689,15807.68
83690,11348.25
83691,13192.93
83692,17117.42
83693,11112.31
83694,21048.6
83695,9947.35
83696,11863.73
83697,8434.49
83698,11220.95
83699,10037.03
83700,12167.78
83701,15035.92
83702,10413.38
83703,17277.34
83704,16612.91
83705,16917.08
83706,11680.22
83707,17067.07
83708,19136.73
83709,17157.87
83710,9252.1
83711,20647.28
83712,12462.52
83713,15106.23
83714,11353.03
83715,14438.93
83716,13473.45
83717,8051.13
83718,13635.43
83719,19598.14
83720,17881.03
83721,26335.42
83722,20575.06
83723,23008.61
83724,6331.93
83725,13979.32
83726,10918.16
83727,18149.24
83728,14836.53
83729,10229.19
83730,9801.63
83731,20647.1
83732,12784.24
83733,9393.67
83734,21078.12
83735,10975.52
83736,17297.49
83737,8990.51
83738,9816.86
83739,18363.41
83740,15521.34
83741,15676.22
83742,10033.54
83743,7321.89
83744,5746.15
83745,6654.24
83746,7484.54
83747,17292.16
83748,10290.02
83749,6930.91
83750,17573.27
83751,12174.33
83752,7489.56
83753,10277.37
83754,9279.64
83755,9945.79
83756,6302.37
83757,13334.25
83758,9503.89
83759,11798.07
83760,12030.26
83761,8624.29
83762,16402.07
83763,10187.14
83764,11097.42
83765,13713.69
83766,11338.21
83767,12580.58
83768,21705.36
83769,10829.42
83770,10947.71
83771,9133.04
83772,13266.93
83773,10281.5
83774,8629.54
83775,12442.3
83776,8777.49
83777,19340.24
83778,22841.05
83779,12963.03
83780,16365.75
83781,6168.75
83782,12601.97
83783,15286.33
83784,11268.59
83785,17193.52
83786,16539.78
83787,14397.0
83788,8013.44
83789,16339.13
83790,10719.16
83791,13408.64
83792,15798.61
83793,13098.22
83794,6490.45
83795,10636.29
83796,6095.14
83797,12845.71
83798,12782.32
83799,12561.94
83800,7274.5
83801,13471.07
83802,9940.91
83803,6051.44
83804,13358.16
83805,10433.09
83806,12875.02
83807,15802.9
83808,7466.21
83809,12154.12
83810,16142.99
83811,9443.05
83812,10831.88
83813,17257.94
83814,11046.55
83815,16145.03
83816,17431.1
83817,6658.57
83818,8776.54
83819,17098.87
83820,8993.53
83821,11511.99
83822,8457.62
83823,14784.97
83824,17204.7
83825,10674.79
83826,16139.83
83827,10743.99
83828,9534.7
83829,17364.42
83830,9110.26
83831,10035.04
83832,15480.56
83833,10998.05
83834,18655.39
83835,9497.24
83836,7982.97
83837,10161.09
83838,6352.5
83839,16469.54
83840,9918.73
83841,8613.83
83842,6523.61
83843,9579.83
83844,8535.48
83845,15271.39
83846,7111.42
83847,6125.02
83848,16436.58
83849,6780.95
83850,15735.88
83851,21377.63
83852,14577.21
83853,5518.24
83854,21318.31
83855,20812.71
83856,3480.57
83857,8614.05
83858,11171.77
83859,22559.8
83860,8461.92
83861,5526.28
83862,9667.13
83863,12283.88
83864,7293.85
83865,10988.87
83866,16625.32
83867,17267.43
83868,18943.82
83869,21190.05
83870,10320.11
83871,15823.09
83872,7686.45
83873,10707.66
83874,13107.48
83875,6661.36
83876,20248.9
83877,5301.7
83878,18186.78
83879,7313.34
83880,8421.67
83881,14027.75
83882,8173.33
83883,7383.89
83884,15037.57
83885,22092.46
83886,17231.95
83887,10793.49
83888,11134.38
83889,11219.86
83890,17560.46
83891,12191.9
83892,15889.53
83893,13490.21
83894,9855.02
83895,22745.49
83896,7497.87
83897,10954.88
83898,7186.12
83899,11927.15
83900,4398.53
83901,10245.15
83902,7644.06
83903,11272.18
83904,10620.06
83905,11447.76
83906,14032.24
83907,17989.07
83908,17740.29
83909,15639.03
83910,15955.03
83911,14418.46
83912,17902.06
83913,20250.96
83914,19090.94
83915,9893.45
83916,13828.19
83917,9632.95
83918,11598.75
83919,11503.35
83920,9997.34
83921,12523.61
83922,13604.11
83923,15783.86
83924,11411.5
83925,12608.54
83926,22089.24
83927,11893.37
83928,10505.13
83929,16840.07
83930,9488.25
83931,18875.72
83932,6917.58
83933,16880.02
83934,10808.99
83935,5962.59
83936,5557.45
83937,11852.44
83938,21678.76
83939,10039.88
83940,13274.3
83941,20931.28
83942,9927.49
83943,10581.45
83944,12874.49
83945,15450.47
83946,8849.35
83947,6990.43
83948,32882.22
83949,5527.13
83950,10470.12
83951,15303.66
83952,9158.76
83953,18607.34
83954,14628.63
83955,2428.02
83956,17297.77
83957,18946.05
83958,13792.02
83959,8770.02
83960,13086.02
83961,17661.86
83962,10457.76
83963,14444.63
83964,8177.67
83965,14543.97
83966,12407.2
83967,17266.8
83968,4274.82
83969,15190.86
83970,8292.4
83971,13529.85
83972,18021.18
83973,18036.54
83974,11171.77
83975,19205.54
83976,21145.74
83977,19231.86
83978,6862.11
83979,25019.12
83980,4151.04
83981,14343.36
83982,8578.22
83983,12210.74
83984,14868.39
83985,18002.56
83986,15920.62
83987,14265.32
83988,10545.4
83989,20294.18
83990,15907.21
83991,17856.15
83992,8654.5
83993,8322.56
83994,11007.88
83995,5560.92
83996,7912.37
83997,10766.28
83998,8693.38
83999,5312.96
84000,11051.18
84001,15013.43
84002,7976.27
84003,9584.58
84004,8384.87
84005,8839.42
84006,6197.84
84007,13356.35
84008,7141.63
84009,18125.29
84010,7619.02
84011,11120.93
84012,12285.77
84013,8031.3
84014,8979.37
84015,11378.13
84016,15839.03
84017,15951.64
84018,16414.08
84019,16130.24
84020,11326.89
84021,11411.76
84022,9741.32
84023,16678.45
84024,13647.15
84025,24703.82
84026,8878.25
84027,11688.89
84028,13645.47
84029,10469.89
84030,10616.62
84031,7335.32
84032,20053.83
84033,17209.26
84034,11176.8
84035,11185.2
84036,13447.62
84037,9625.6
84038,12260.45
84039,17063.58
84040,13364.8
84041,13750.09
84042,9081.73
84043,10025.4
84044,12473.64
84045,7913.19
84046,19469.18
84047,17715.42
84048,16045.82
84049,16640.63
84050,8475.92
84051,13305.52
84052,7989.39
84053,9352.02
84054,18622.18
84055,6490.11
84056,8903.19
84057,5736.42
84058,18437.97
84059,12891.54
84060,17999.14
84061,16037.47
84062,10881.54
84063,7672.55
84064,14482.68
84065,18244.69
84066,9350.43
84067,15259.66
84068,5840.21
84069,11023.74
84070,12094.79
84071,11112.31
84072,7097.1
84073,11604.22
84074,6627.65
84075,13526.06
84076,15141.44
84077,9532.99
84078,6859.96
84079,15468.88
84080,17587.6
84081,10650.11
84082,10368.27
84083,17786.58
84084,10059.75
84085,13448.95
84086,16924.58
84087,7332.69
84088,10301.97
84089,11339.01
84090,15320.26
84091,7025.36
84092,17593.3
84093,7206.37
84094,7108.4
84095,16780.34
84096,8080.8
84097,17358.91
84098,9951.65
84099,12201.9
84100,7293.97
84101,11403.16
84102,8186.96
84103,10281.75
84104,14239.91
84105,15134.39
84106,10315.84
84107,9672.19
84108,11203.72
84109,4775.07
84110,11942.84
84111,17115.1
84112,9285.49
84113,11063.46
84114,11974.83
84115,10416.5
84116,11967.29
84117,16597.6
84118,19505.23
84119,14821.89
84120,12795.36
84121,25563.3
84122,11320.96
84123,8886.03
84124,10537.09
84125,13929.42
84126,15969.24
84127,6427.81
84128,17255.83
84129,13535.76
84130,15279.74
84131,18491.32
84132,9982.03
84133,10121.9
84134,10765.91
84135,12010.17
84136,16468.76
84137,6896.86
84138,15704.42
84139,6352.5
84140,18866.93
84141,12743.24
84142,6593.4
84143,13382.39
84144,15288.95
84145,10477.25
84146,9734.32
84147,15181.91
84148,7270.19
84149,9761.31
84150,9705.08
84151,5617.24
84152,8147.96
84153,16343.33
84154,10345.58
84155,17718.65
84156,8340.41
84157,14367.96
84158,5498.49
84159,15593.85
84160,16570.12
84161,10734.61
84162,15837.01
84163,7964.23
84164,15504.67
84165,10979.81
84166,16466.78
84167,11139.55
84168,8282.76
84169,7193.26
84170,10781.39
84171,8897.18
84172,13444.56
84173,16589.57
84174,8573.94
84175,13217.24
84176,11230.3
84177,12733.81
84178,13813.82
84179,14239.46
84180,12483.16
84181,21163.49
84182,12280.06
84183,15945.74
84184,10433.7
84185,27694.88
84186,6346.33
84187,12799.36
84188,11168.67
84189,11126.86
84190,11345.74
84191,7497.58
84192,19026.14
84193,15820.3
84194,9209.11
84195,7775.07
84196,5257.14
84197,10045.0
84198,4183.18
84199,12410.0
84200,9892.91
84201,7786.59
84202,9583.59
84203,17207.29
84204,9792.97
84205,15670.98
84206,7194.49
84207,10150.44
84208,9846.32
84209,19783.65
84210,10656.02
84211,11268.23
84212,3179.61
84213,21633.85
84214,11802.67
84215,13287.34
84216,20111.02
84217,17119.9
84218,6510.82
84219,13212.02
84220,14012.91
84221,13022.89
84222,12537.97
84223,19338.47
84224,18400.11
84225,23646.03
84226,14072.78
84227,17609.54
84228,6700.57
84229,16991.23
84230,8574.08
84231,11942.13
84232,11237.71
84233,9166.32
84234,13278.84
84235,14690.8
84236,8157.14
84237,5571.62
84238,9906.94
84239,20007.42
84240,14936.46
84241,14991.51
84242,11418.24
84243,7996.67
84244,11676.31
84245,17141.66
84246,10491.09
84247,8022.14
84248,20231.51
84249,22629.08
84250,11538.13
84251,10958.3
84252,9705.99
84253,13548.96
84254,11177.55
84255,9537.89
84256,11775.36
84257,13280.6
84258,14427.61
84259,4936.36
84260,15282.41
84261,13675.68
84262,9136.61
84263,10677.69
84264,10945.3
84265,3344.95
84266,10593.39
84267,19283.63
84268,13144.03
84269,12536.18
84270,11910.95
84271,16162.77
84272,19254.9
84273,12394.49
84274,16196.33
84275,12300.31
84276,13733.29
84277,12738.58
84278,11370.3
84279,18088.21
84280,17065.58
84281,19160.87
84282,14299.23
84283,12389.27
84284,11853.79
84285,5446.31
84286,6408.45
84287,18157.72
84288,13677.51
84289,9837.23
84290,10063.06
84291,15136.95
84292,9892.01
84293,15743.1
84294,17633.91
84295,11556.12
84296,14176.75
84297,21769.88
84298,17716.61
84299,11069.97
84300,11457.13
84301,13058.87
84302,11359.4
84303,11564.65
84304,8779.7
84305,10193.49
84306,10005.25
84307,8340.85
84308,20654.25
84309,10983.67
84310,18728.63
84311,11278.72
84312,10015.76
84313,10565.15
84314,11268.76
84315,17727.71
84316,9013.49
84317,17913.63
84318,17963.92
84319,13582.96
84320,11171.77
84321,18570.58
84322,19879.92
84323,10943.74
84324,10321.76
84325,12299.04
84326,19920.5
84327,16120.0
84328,11974.65
84329,6471.38
84330,20224.77
84331,16161.19
84332,22384.14
84333,16974.39
84334,7652.66
84335,10251.45
84336,17353.99
84337,15891.98
84338,23829.99
84339,16205.31
84340,15687.73
84341,12837.2
84342,15864.14
84343,9910.5
84344,11693.91
84345,7269.66
84346,17937.82
84347,10350.24
84348,11411.55
84349,8806.75
84350,12560.19
84351,17346.46
84352,14056.07
84353,15084.13
84354,15204.64
84355,11121.33
84356,18028.84
84357,7301.4
84358,12092.18
84359,7466.87
84360,7941.93
84361,19585.13
84362,9380.62
84363,16054.88
84364,15311.69
84365,10007.55
84366,12355.3
84367,19118.5
84368,18595.16
84369,11376.53
84370,9711.02
84371,11428.92
84372,10934.1
84373,7771.49
84374,8952.03
84375,10043.48
84376,17581.33
84377,11274.83
84378,8147.41
84379,12925.43
84380,12433.3
84381,5688.83
84382,9252.54
84383,10979.31
84384,18821.19
84385,9667.71
84386,15525.32
84387,12503.47
84388,13874.34
84389,7696.02
84390,6286.12
84391,5910.68
84392,16920.77
84393,10457.47
84394,10605.95
84395,16162.09
84396,9581.38
84397,18954.46
84398,10333.42
84399,26684.96
84400,18616.4
84401,11872.36
84402,17965.64
84403,18437.92
84404,11795.39
84405,12728.43
84406,8756.49
84407,7705.04
84408,13036.77
84409,9203.02
84410,15916.28
84411,12732.0
84412,11073.72
84413,13927.35
84414,5505.83
84415,11213.58
84416,10936.9
84417,14711.46
84418,14372.98
84419,10705.39
84420,20864.05
84421,10842.32
84422,9286.32
84423,11032.61
84424,15816.12
84425,10479.58
84426,18472.56
84427,11604.25
84428,5942.45
84429,6254.78
84430,12500.3
84431,16097.14
84432,7991.61
84433,6298.4
84434,18077.01
84435,16201.56
84436,9962.64
84437,4963.36
84438,9492.06
84439,14468.9
84440,10184.66
84441,9533.07
84442,7415.27
84443,20601.58
84444,16097.28
84445,15774.17
84446,7220.8
84447,7058.94
84448,20427.77
84449,4252.65
84450,23338.35
84451,3350.75
84452,17831.45
84453,8066.85
84454,19845.81
84455,23102.36
84456,18436.13
84457,17286.08
84458,13430.9
84459,8728.94
84460,11564.62
84461,16411.31
84462,15700.75
84463,16153.02
84464,14627.81
84465,11715.7
84466,12496.93
84467,13729.43
84468,9465.72
84469,10478.02
84470,11482.88
84471,13383.9
84472,11438.25
84473,14769.8
84474,17273.55
84475,6265.66
84476,12089.19
84477,15990.5
84478,19977.73
84479,12734.33
84480,12481.09
84481,19350.93
84482,31978.37
84483,16840.83
84484,6627.32
84485,8783.42
84486,12934.2
84487,17583.53
84488,11235.69
84489,11914.42
84490,22192.33
84491,10398.83
84492,12843.99
84493,10455.3
84494,11046.44
84495,12058.29
84496,11628.43
84497,20844.12
84498,14064.56
84499,14203.72
84500,13403.49
84501,16215.84
84502,18043.19
84503,5940.48
84504,10725.79
84505,12544.85
84506,19513.96
84507,17089.1
84508,10320.88
84509,16109.82
84510,10053.09
84511,16461.88
84512,16455.68
84513,14180.47
84514,9172.47
84515,18988.04
84516,16309.12
84517,10206.12
84518,14377.56
84519,6343.99
84520,13025.95
84521,8712.8
84522,10232.14
84523,19198.06
84524,13118.26
84525,8435.43
84526,19822.72
84527,8320.5
84528,16959.08
84529,11845.53
84530,6494.28
84531,7959.69
84532,9267.07
84533,7274.82
84534,10130.72
84535,10481.94
84536,8553.1
84537,11507.16
84538,11483.52
84539,17661.71
84540,14258.27
84541,21386.72
84542,11327.2
84543,11229.8
84544,7460.73
84545,27592.51
84546,12419.78
84547,13914.49
84548,3588.55
84549,11388.75
84550,11579.28
84551,18088.43
84552,13796.46
84553,14183.68
84554,8257.65
84555,18199.13
84556,9236.9
84557,11604.7
84558,13477.95
84559,10959.14
84560,7173.55
84561,6925.86
84562,17628.9
84563,9078.04
84564,14555.7
84565,18480.96
84566,10506.12
84567,10933.01
84568,18414.88
84569,9930.66
84570,14309.96
84571,13993.82
84572,10656.96
84573,17117.79
84574,12085.99
84575,6461.87
84576,8172.5
84577,14965.83
84578,9026.03
84579,9480.21
84580,18476.0
84581,16312.31
84582,8375.59
84583,3523.86
84584,8200.29
84585,9814.98
84586,2196.0
84587,13772.88
84588,9693.72
84589,11446.56
84590,11234.73
84591,20262.43
84592,6982.86
84593,11815.11
84594,7175.71
84595,17256.71
84596,11163.16
84597,7812.74
84598,18778.35
84599,7605.89
84600,20600.56
84601,6987.6
84602,6974.0
84603,9270.01
84604,10129.46
84605,7937.5
84606,12696.39
84607,17699.17
84608,17963.93
84609,12038.23
84610,5035.1
84611,12808.09
84612,8602.45
84613,12390.67
84614,14230.89
84615,10740.24
84616,16178.77
84617,8545.22
84618,11773.33
84619,4822.82
84620,12028.7
84621,15755.38
84622,13454.83
84623,17283.35
84624,9763.43
84625,13448.31
84626,14139.91
84627,11815.02
84628,11006.93
84629,10619.86
84630,17574.46
84631,16941.81
84632,7147.0
84633,18160.95
84634,16832.19
84635,10596.17
84636,8274.37
84637,18612.85
84638,6198.79
84639,12211.88
84640,16109.55
84641,12091.91
84642,17245.22
84643,9023.24
84644,7682.91
84645,18711.33
84646,10407.96
84647,19755.89
84648,13267.09
84649,9998.95
84650,9476.87
84651,8448.71
84652,13331.7
84653,8248.81
84654,21425.27
84655,9010.5
84656,10171.08
84657,10299.13
84658,16549.16
84659,18309.78
84660,21149.32
84661,17515.34
84662,11785.88
84663,13742.54
84664,13647.9
84665,7526.06
84666,16784.66
84667,7275.33
84668,14810.32
84669,15169.59
84670,18636.76
84671,16159.62
84672,15530.9
84673,12040.99
84674,17887.87
84675,15742.27
84676,6154.53
84677,13029.73
84678,7810.05
84679,20842.73
84680,6441.14
84681,9703.28
84682,20235.49
84683,9306.02
84684,16487.75
84685,19466.54
84686,6723.98
84687,18281.0
84688,12472.55
84689,6788.9
84690,13662.2
84691,6320.75
84692,16609.28
84693,13405.14
84694,9498.94
84695,7315.55
84696,26774.83
84697,18482.06
84698,10582.07
84699,7987.24
84700,14780.31
84701,10333.97
84702,8580.95
84703,18631.28
84704,6096.12
84705,19028.55
84706,18467.46
84707,6853.97
84708,14180.44
84709,17757.84
84710,7504.38
84711,9661.72
84712,11312.97
84713,3308.04
84714,13825.38
84715,9140.24
84716,11020.31
84717,5607.23
84718,6306.16
84719,15653.09
84720,9569.48
84721,17278.17
84722,15375.0
84723,7275.62
84724,9962.95
84725,11126.65
84726,9554.89
84727,8540.62
84728,14946.27
84729,16017.98
84730,9303.86
84731,20813.43
84732,12165.35
84733,6550.05
84734,15946.17
84735,8765.34
84736,9642.48
84737,9149.1
84738,9031.69
84739,9837.41
84740,13403.92
84741,11911.12
84742,20216.72
84743,18203.77
84744,10485.89
84745,16754.78
84746,10225.08
84747,11949.25
84748,13360.59
84749,11480.88
84750,13496.0
84751,9128.81
84752,8987.6
84753,7753.22
84754,18913.76
84755,14179.42
84756,5530.99
84757,18017.49
84758,8850.23
84759,10061.03
84760,16115.7
84761,5066.44
84762,9821.5
84763,7079.25
84764,6494.08
84765,13767.69
84766,13848.13
84767,9864.71
84768,11632.31
84769,8133.21
84770,13614.24
84771,8799.41
84772,15906.46
84773,9905.04
84774,12028.29
84775,10123.03
84776,8311.54
84777,5904.04
84778,22249.44
84779,9804.58
84780,16570.11
84781,12089.16
84782,9393.65
84783,16745.59
84784,9606.67
84785,9581.3
84786,17106.68
84787,11920.27
84788,18568.57
84789,13822.07
84790,10233.93
84791,9935.16
84792,11382.47
84793,16116.02
84794,6334.79
84795,18817.12
84796,17370.35
84797,15960.23
84798,9511.34
84799,18468.68
84800,8357.97
84801,13221.43
84802,11201.81
84803,9507.06
84804,14383.83
84805,8903.6
84806,10379.17
84807,6633.62
84808,18297.8
84809,16236.91
84810,6101.41
84811,16421.81
84812,17356.74
84813,10496.1
84814,16060.38
84815,13136.38
84816,24160.25
84817,6518.71
84818,17500.72
84819,10183.91
84820,16020.19
84821,18131.46
84822,9464.69
84823,7070.58
84824,10790.86
84825,18224.41
84826,18254.13
84827,12897.66
84828,7460.97
84829,11333.0
84830,9381.36
84831,9424.52
84832,15292.1
84833,14888.38
84834,10203.83
84835,6972.92
84836,9877.59
84837,19196.03
84838,16489.56
84839,12653.08
84840,11655.86
84841,8491.61
84842,12067.44
84843,15371.27
84844,13441.22
84845,13597.88
84846,10013.72
84847,12941.19
84848,11444.08
84849,11021.53
84850,15071.23
84851,12018.58
84852,9630.2
84853,5918.51
84854,5370.22
84855,11209.15
84856,16160.64
84857,8037.82
84858,8357.58
84859,8293.08
84860,10271.26
84861,18376.66
84862,10820.42
84863,11668.96
84864,10715.16
84865,10018.25
84866,3507.34
84867,12772.34
84868,8416.32
84869,19660.79
84870,18134.45
84871,13224.11
84872,16837.75
84873,13938.36
84874,20171.07
84875,16883.55
84876,14389.4
84877,15097.23
84878,18879.68
84879,20510.0
84880,7642.59
84881,7423.08
84882,13950.14
84883,7579.9
84884,13330.81
84885,7564.52
84886,10979.93
84887,13703.85
84888,12189.99
84889,14299.66
84890,9525.18
84891,7452.41
84892,7582.79
84893,13530.2
84894,12580.8
84895,11102.89
84896,13480.22
84897,11151.01
84898,10058.85
84899,7410.94
84900,7441.51
84901,22377.69
84902,11083.27
84903,5893.96
84904,11262.1
84905,11625.82
84906,7378.44
84907,10673.92
84908,11398.84
84909,8334.13
84910,14346.75
84911,1887.71
84912,15667.05
84913,9417.26
84914,13757.46
84915,14109.77
84916,15947.45
84917,12542.03
84918,14057.43
84919,7716.62
84920,11364.54
84921,12765.04
84922,20799.9
84923,16252.63
84924,16372.32
84925,13631.45
84926,9422.28
84927,16187.41
84928,12332.05
84929,11422.07
84930,8991.43
84931,15801.96
84932,9749.19
84933,14146.99
84934,26100.35
84935,16795.4
84936,17827.71
84937,17246.24
84938,10028.78
84939,10530.6
84940,10606.43
84941,14665.61
84942,12300.72
84943,11067.21
84944,14357.59
84945,14432.48
84946,12237.3
84947,12522.56
84948,8893.07
84949,32813.07
84950,8472.15
84951,19519.23
84952,10998.06
84953,6828.66
84954,11212.53
84955,10087.87
84956,15033.27
84957,15050.54
84958,17678.91
84959,18941.59
84960,10950.51
84961,11191.8
84962,11876.45
84963,7881.33
84964,15671.38
84965,9370.05
84966,14808.26
84967,17128.47
84968,16006.39
84969,10312.44
84970,6571.98
84971,9003.54
84972,12139.04
84973,4125.92
84974,16119.73
84975,11867.64
84976,17207.87
84977,8452.3
84978,19347.58
84979,11060.49
84980,11838.54
84981,16045.82
84982,8932.7
84983,19843.48
84984,10754.2
84985,11152.68
84986,7990.89
84987,13088.51
84988,15789.42
84989,16207.9
84990,22000.39
84991,14615.91
84992,11885.98
84993,11863.82
84994,17036.55
84995,14149.9
84996,8265.82
84997,7959.82
84998,10320.64
84999,19236.54
85000,11269.22
85001,16551.72
85002,7756.3
85003,12606.04
85004,12658.19
85005,12208.05
85006,10189.1
85007,12165.14
85008,16208.5
85009,10233.08
85010,17158.53
85011,21536.17
85012,16867.91
85013,9038.55
85014,6230.76
85015,14188.15
85016,7830.97
85017,9034.9
85018,27485.75
85019,14348.55
85020,11306.94
85021,10960.08
85022,10574.24
85023,10419.81
85024,7910.5
85025,18668.55
85026,28031.4
85027,12895.3
85028,10377.16
85029,10516.9
85030,19069.77
85031,11133.71
85032,13010.43
85033,10417.89
85034,13478.83
85035,6677.71
85036,4740.94
85037,13738.35
85038,16450.96
85039,8601.23
85040,17729.64
85041,9164.26
85042,7085.17
85043,9681.61
85044,19183.98
85045,10936.88
85046,7492.01
85047,18104.67
85048,18361.47
85049,13262.05
85050,7854.57
85051,7600.06
85052,11946.9
85053,11097.53
85054,11046.12
85055,9437.6
85056,22722.25
85057,12832.52
85058,9714.61
85059,10275.91
85060,9358.6
85061,12047.63
85062,8132.67
85063,9633.0
85064,20213.76
85065,11703.37
85066,5698.95
85067,16076.06
85068,9274.43
85069,4711.84
85070,22228.9
85071,5063.4
85072,8244.6
85073,11613.63
85074,10863.12
85075,6594.06
85076,10062.89
85077,17143.82
85078,20309.44
85079,10568.2
85080,9267.3
85081,11117.1
85082,16998.82
85083,8238.83
85084,18386.18
85085,10235.74
85086,9081.17
85087,10725.83
85088,9602.7
85089,11290.7
85090,17070.31
85091,19819.25
85092,14016.78
85093,9430.84
85094,7364.82
85095,14860.26
85096,14047.93
85097,8781.32
85098,16423.1
85099,10664.49
85100,16842.34
85101,10899.96
85102,11433.49
85103,11638.59
85104,8659.89
85105,21116.92
85106,17781.1
85107,9796.54
85108,14710.72
85109,17001.14
85110,15347.32
85111,16154.26
85112,18033.1
85113,12127.19
85114,11312.12
85115,9317.04
85116,15334.39
85117,6355.52
85118,18334.68
85119,15461.06
85120,14997.0
85121,10853.03
85122,11487.93
85123,16580.42
85124,16097.84
85125,15421.85
85126,8776.73
85127,30488.82
85128,21574.13
85129,15799.6
85130,9732.19
85131,18095.56
85132,16164.22
85133,12202.27
85134,10686.71
85135,16732.55
85136,8472.28
85137,6493.48
85138,9664.66
85139,15811.67
85140,19494.7
85141,5860.57
85142,9824.62
85143,29046.58
85144,15734.38
85145,18801.56
85146,10348.73
85147,18099.67
85148,17124.3
85149,16163.14
85150,15825.06
85151,15373.99
85152,12316.75
85153,13141.06
85154,14281.18
85155,16071.2
85156,9841.69
85157,16865.09
85158,11223.11
85159,11588.58
85160,11590.15
85161,18460.04
85162,10950.32
85163,16383.96
85164,8795.37
85165,6401.31
85166,14056.46
85167,15965.72
85168,15902.21
85169,31561.5
85170,25434.31
85171,21206.42
85172,8494.71
85173,18743.65
85174,16033.23
85175,12865.81
85176,9163.68
85177,11218.88
85178,10893.16
85179,12451.87
85180,14274.64
85181,15238.33
85182,11201.92
85183,9791.36
85184,18055.64
85185,9866.42
85186,11173.33
85187,9286.66
85188,17530.7
85189,10230.89
85190,13938.33
85191,9033.17
85192,5522.48
85193,13289.05
85194,6839.15
85195,16265.96
85196,13734.14
85197,30744.43
85198,39741.98
85199,9439.87
85200,13343.7
85201,5389.98
85202,19922.58
85203,18471.59
85204,7852.75
85205,12703.48
85206,16769.99
85207,7331.3
85208,11636.75
85209,9943.73
85210,14078.41
85211,13421.59
85212,11124.89
85213,19268.94
85214,20919.39
85215,8758.17
85216,15929.35
85217,9097.3
85218,16602.97
85219,9837.1
85220,14376.38
85221,25478.41
85222,11837.28
85223,6996.35
85224,10865.07
85225,13323.92
85226,15626.15
85227,10127.5
85228,12872.82
85229,16501.08
85230,9074.84
85231,10337.8
85232,16661.97
85233,15187.2
85234,17157.87
85235,18820.41
85236,16740.4
85237,8275.74
85238,7541.07
85239,11474.72
85240,16877.92
85241,18931.42
85242,7984.24
85243,16779.51
85244,15361.01
85245,10768.86
85246,13214.56
85247,11165.76
85248,11485.55
85249,10482.2
85250,9085.29
85251,10540.17
85252,13656.94
85253,11234.41
85254,9042.89
85255,19988.1
85256,12064.44
85257,16161.34
85258,14123.46
85259,14433.23
85260,17561.47
85261,12418.82
85262,10996.46
85263,5528.82
85264,16715.86
85265,12522.33
85266,5999.78
85267,7987.02
85268,8762.64
85269,13019.61
85270,12833.71
85271,20634.91
85272,13354.47
85273,7339.06
85274,14699.79
85275,10742.15
85276,7397.61
85277,10700.09
85278,7318.63
85279,10998.07
85280,16897.53
85281,6610.4
85282,7799.81
85283,7720.09
85284,10692.97
85285,12213.13
85286,11402.24
85287,16635.08
85288,6985.26
85289,8054.77
85290,11599.91
85291,11436.53
85292,8839.9
85293,13039.34
85294,6035.96
85295,16207.74
85296,17150.09
85297,11522.21
85298,7631.0
85299,9087.73
85300,19638.08
85301,8522.88
85302,2901.73
85303,19258.09
85304,11463.35
85305,8296.33
85306,9892.77
85307,18257.37
85308,10003.65
85309,15466.92
85310,17410.42
85311,10910.24
85312,19063.68
85313,14999.4
85314,10169.05
85315,22227.84
85316,12209.46
85317,12066.75
85318,16390.1
85319,11199.68
85320,16412.17
85321,14207.26
85322,13882.01
85323,13912.93
85324,20979.61
85325,10901.93
85326,15836.89
85327,18073.15
85328,18535.13
85329,17815.94
85330,16178.05
85331,17558.03
85332,18478.54
85333,15791.76
85334,14809.9
85335,12121.88
85336,10709.08
85337,9481.04
85338,3472.53
85339,10621.37
85340,16831.74
85341,13149.72
85342,9391.48
85343,15360.4
85344,14267.55
85345,5659.54
85346,12822.66
85347,17271.96
85348,10904.67
85349,15937.86
85350,16057.83
85351,6249.98
85352,7981.61
85353,21249.52
85354,17527.07
85355,9637.73
85356,13973.95
85357,9809.83
85358,8422.13
85359,17205.94
85360,18207.09
85361,9694.88
85362,15846.08
85363,18974.75
85364,17054.03
85365,12470.1
85366,11473.43
85367,10616.87
85368,6305.83
85369,21192.64
85370,16607.65
85371,18345.06
85372,11717.72
85373,9375.59
85374,12912.38
85375,9274.32
85376,8347.3
85377,10085.89
85378,11858.22
85379,8450.92
85380,10301.13
85381,10843.15
85382,7317.79
85383,7502.02
85384,12727.84
85385,28040.73
85386,11291.96
85387,15332.52
85388,16346.41
85389,13007.86
85390,15286.85
85391,10481.83
85392,15528.06
85393,21325.06
85394,16389.61
85395,9504.23
85396,9157.02
85397,21580.69
85398,16650.33
85399,9436.66
85400,8856.02
85401,14488.5
85402,18446.3
85403,15954.2
85404,7320.19
85405,8044.11
85406,9114.8
85407,13298.82
85408,16380.68
85409,15675.9
85410,9250.48
85411,15828.16
85412,17263.67
85413,17217.05
85414,15771.43
85415,9366.03
85416,10060.3
85417,14009.26
85418,6233.7
85419,15156.41
85420,10538.43
85421,8632.07
85422,10572.63
85423,3448.51
85424,18328.07
85425,8968.69
85426,11238.38
85427,12743.08
85428,10423.48
85429,8625.81
85430,10401.12
85431,9744.91
85432,11218.02
85433,11506.48
85434,15960.8
85435,17157.69
85436,12220.82
85437,12808.81
85438,11585.62
85439,12866.27
85440,7547.54
85441,10053.88
85442,20949.16
85443,10475.33
85444,16616.46
85445,17809.17
85446,11317.58
85447,12228.49
85448,8310.1
85449,16592.83
85450,7895.21
85451,16244.58
85452,11680.28
85453,3771.5
85454,10539.47
85455,11275.08
85456,13094.92
85457,11799.05
85458,17825.62
85459,19089.56
85460,15504.06
85461,11170.47
85462,21671.53
85463,15901.38
85464,6288.61
85465,11455.4
85466,8683.67
85467,11295.45
85468,5881.83
85469,7828.45
85470,11987.1
85471,8730.03
85472,7182.32
85473,11019.4
85474,18067.25
85475,27689.43
85476,15617.31
85477,14832.32
85478,11138.79
85479,4402.17
85480,10218.86
85481,8304.8
85482,11068.9
85483,15024.88
85484,9893.44
85485,11120.06
85486,9478.04
85487,18391.09
85488,3641.41
85489,7381.13
85490,26262.08
85491,13643.06
85492,11241.03
85493,7167.22
85494,9303.32
85495,18575.21
85496,10698.44
85497,6473.52
85498,16967.38
85499,8952.0
85500,18277.58
85501,10669.48
85502,10739.21
85503,10206.73
85504,9965.78
85505,21051.51
85506,21226.89
85507,14844.52
85508,13929.76
85509,7853.77
85510,7902.66
85511,18124.06
85512,11259.54
85513,7966.69
85514,9043.18
85515,12127.86
85516,6602.45
85517,13630.26
85518,14407.0
85519,12419.24
85520,11364.54
85521,10443.34
85522,8744.93
85523,7364.5
85524,12418.24
85525,9465.56
85526,18084.26
85527,12387.47
85528,22490.81
85529,12808.66
85530,13209.36
85531,12390.46
85532,15987.07
85533,11042.61
85534,10438.24
85535,16029.77
85536,10590.22
85537,20476.25
85538,15571.98
85539,9562.81
85540,7156.63
85541,3027.86
85542,8451.48
85543,14485.37
85544,10675.77
85545,16049.65
85546,16233.27
85547,8887.31
85548,9691.58
85549,9957.35
85550,20273.62
85551,12048.59
85552,16357.59
85553,9426.17
85554,11547.2
85555,16140.39
85556,9402.28
85557,4800.89
85558,14085.88
85559,11112.31
85560,15296.72
85561,8772.48
85562,12053.22
85563,11547.6
85564,21208.96
85565,12680.82
85566,24668.36
85567,17677.2
85568,11408.73
85569,6648.86
85570,10935.69
85571,4824.33
85572,13250.7
85573,11064.86
85574,17834.95
85575,18503.43
85576,16589.87
85577,21207.99
85578,17750.43
85579,5578.69
85580,16450.19
85581,27170.61
85582,6230.01
85583,13219.68
85584,14632.63
85585,19048.9
85586,6763.05
85587,13147.48
85588,16245.86
85589,8884.07
85590,13762.79
85591,16825.1
85592,11394.49
85593,11747.64
85594,10478.32
85595,18290.36
85596,9670.47
85597,17100.12
85598,8782.47
85599,8294.13
85600,13278.91
85601,20593.04
85602,12604.07
85603,8255.18
85604,7790.99
85605,11602.23
85606,7751.96
85607,6718.96
85608,21640.71
85609,10916.03
85610,9709.86
85611,16122.66
85612,6883.8
85613,19100.53
85614,6769.04
85615,6003.59
85616,8304.4
85617,9733.22
85618,13410.71
85619,11140.07
85620,4118.17
85621,16129.4
85622,10616.28
85623,13246.59
85624,16308.66
85625,18653.63
85626,11006.93
85627,9956.59
85628,17269.2
85629,17141.33
85630,16206.95
85631,8710.97
85632,8874.4
85633,10994.21
85634,11091.15
85635,11869.94
85636,20915.45
85637,6463.13
85638,7465.49
85639,17067.56
85640,13893.83
85641,11302.34
85642,13372.99
85643,11075.79
85644,10048.88
85645,16435.5
85646,9044.88
85647,12696.53
85648,6699.93
85649,8393.21
85650,5685.21
85651,10541.36
85652,28217.73
85653,16584.82
85654,18446.58
85655,15123.74
85656,9122.4
85657,9967.24
85658,8362.07
85659,8605.13
85660,9772.18
85661,16420.98
85662,16526.09
85663,20582.41
85664,14308.1
85665,15944.77
85666,16002.08
85667,10018.99
85668,8095.22
85669,7604.08
85670,13282.17
85671,17197.63
85672,8805.66
85673,10562.86
85674,14529.36
85675,16064.3
85676,8330.37
85677,19344.99
85678,10567.04
85679,7853.57
85680,8871.36
85681,10801.25
85682,11818.36
85683,20964.17
85684,7839.21
85685,11187.88
85686,11050.97
85687,14648.14
85688,19075.17
85689,12733.82
85690,13947.65
85691,12369.72
85692,10478.8
85693,7967.3
85694,11923.07
85695,19480.38
85696,5297.4
85697,11474.64
85698,21832.13
85699,12992.39
85700,6402.85
85701,9516.66
85702,10479.92
85703,14947.49
85704,16650.76
85705,9019.48
85706,17583.86
85707,17692.71
85708,14211.26
85709,15149.95
85710,7541.57
85711,10588.76
85712,16494.02
85713,8029.82
85714,8268.91
85715,7486.72
85716,15439.74
85717,6835.05
85718,7832.77
85719,13055.49
85720,11324.01
85721,11488.04
85722,10613.13
85723,18620.53
85724,8510.53
85725,5899.85
85726,11775.38
85727,10735.18
85728,6920.89
85729,9591.87
85730,9770.16
85731,8911.97
85732,8322.2
85733,8691.25
85734,2315.68
85735,14650.44
85736,22121.28
85737,12134.08
85738,11801.99
85739,15946.17
85740,21668.31
85741,8377.86
85742,9546.71
85743,15700.18
85744,9524.37
85745,18280.65
85746,16081.05
85747,15874.22
85748,8511.85
85749,13842.1
85750,13522.17
85751,14799.39
85752,15830.86
85753,19586.77
85754,12954.88
85755,11266.66
85756,9763.43
85757,8907.67
85758,15559.31
85759,17377.23
85760,10171.36
85761,9604.77
85762,8258.18
85763,8343.75
85764,10186.15
85765,15959.13
85766,8160.14
85767,11827.55
85768,12322.59
85769,17142.1
85770,9340.3
85771,9483.98
85772,20361.5
85773,16107.47
85774,15638.5
85775,12926.77
85776,10187.1
85777,7210.19
85778,7166.46
85779,9049.15
85780,5483.63
85781,15319.24
85782,8214.45
85783,9798.49
85784,11652.13
85785,13843.59
85786,10530.21
85787,23632.44
85788,9922.67
85789,16705.38
85790,18175.57
85791,15463.44
85792,15406.32
85793,10396.52
85794,17223.65
85795,8533.25
85796,15914.08
85797,10607.62
85798,11540.52
85799,7865.6
85800,9519.76
85801,14793.74
85802,21707.0
85803,18788.38
85804,11766.53
85805,12703.07
85806,5800.49
85807,10708.21
85808,10958.82
85809,11933.33
85810,16584.21
85811,11700.52
85812,11710.04
85813,19318.27
85814,11639.56
85815,7810.14
85816,17417.86
85817,9084.82
85818,12382.29
85819,11261.08
85820,15267.58
85821,11127.65
85822,6734.13
85823,10169.05
85824,8836.87
85825,9236.98
85826,17957.8
85827,7922.74
85828,16102.84
85829,9481.47
85830,9866.65
85831,15361.45
85832,16039.82
85833,8310.21
85834,11365.66
85835,8039.33
85836,22147.26
85837,13813.8
85838,10918.32
85839,11963.43
85840,7856.07
85841,10483.41
85842,26839.67
85843,8567.3
85844,12118.16
85845,12830.22
85846,19702.14
85847,15222.68
85848,15843.86
85849,11194.93
85850,11857.34
85851,11693.57
85852,13577.41
85853,15943.75
85854,13181.26
85855,11414.48
85856,13121.42
85857,11071.11
85858,15759.78
85859,16486.72
85860,5394.83
85861,7052.04
85862,17228.33
85863,8461.67
85864,7470.02
85865,13516.98
85866,12487.96
85867,11101.72
85868,10581.42
85869,10681.96
85870,19173.44
85871,21397.89
85872,10854.47
85873,14802.39
85874,14866.92
85875,11059.64
85876,16019.19
85877,10676.49
85878,7983.97
85879,14481.21
85880,16584.21
85881,16884.15
85882,13023.84
85883,9619.89
85884,8702.85
85885,6534.86
85886,17439.59
85887,10676.17
85888,18487.96
85889,21669.06
85890,3059.49
85891,18305.98
85892,23131.44
85893,23138.07
85894,7837.83
85895,9160.27
85896,12089.75
85897,11435.39
85898,8554.97
85899,21708.71
85900,10958.8
85901,11078.27
85902,15209.02
85903,19045.39
85904,13235.6
85905,19117.66
85906,13308.92
85907,10452.07
85908,14165.08
85909,20746.79
85910,10444.26
85911,10618.02
85912,7537.15
85913,11431.63
85914,7773.19
85915,8658.4
85916,8325.49
85917,12615.72
85918,5563.52
85919,13675.76
85920,20581.75
85921,27756.77
85922,18786.26
85923,7944.18
85924,20832.28
85925,18334.45
85926,8499.67
85927,12035.69
85928,9179.63
85929,7881.6
85930,16274.33
85931,11941.65
85932,17698.71
85933,16420.36
85934,18998.22
85935,10225.35
85936,13394.59
85937,16549.59
85938,12125.79
85939,14076.85
85940,11496.82
85941,11221.94
85942,12263.58
85943,15730.64
85944,9027.57
85945,9676.04
85946,17496.84
85947,17625.6
85948,19652.73
85949,8269.12
85950,7794.69
85951,16261.29
85952,16251.0
85953,7965.86
85954,13586.78
85955,10207.31
85956,10264.65
85957,16016.59
85958,8893.85
85959,15672.66
85960,11064.81
85961,9554.08
85962,16958.25
85963,18165.42
85964,9103.27
85965,9206.85
85966,11401.23
85967,13282.12
85968,9215.04
85969,11317.39
85970,9661.2
85971,14199.6
85972,5400.26
85973,11412.94
85974,17445.92
85975,16169.4
85976,8166.07
85977,13435.76
85978,7214.5
85979,17756.2
85980,11456.91
85981,14288.36
85982,24654.3
85983,7971.92
85984,15943.61
85985,16930.32
85986,9910.82
85987,15486.22
85988,9079.48
85989,11095.29
85990,9164.76
85991,9695.48
85992,6927.3
85993,9114.31
85994,15982.81
85995,9774.65
85996,5782.03
85997,8443.62
85998,16275.77
85999,10893.02
86000,10290.16
86001,10257.22
86002,20397.85
86003,13257.76
86004,19795.12
86005,11694.87
86006,9768.8
86007,10159.83
86008,17204.67
86009,21216.82
86010,18437.97
86011,7970.01
86012,13125.28
86013,8635.82
86014,19849.32
86015,16155.95
86016,14776.48
86017,17228.28
86018,16833.42
86019,10244.57
86020,11658.87
86021,9877.12
86022,12727.25
86023,17575.17
86024,17937.12
86025,15575.64
86026,30185.63
86027,16112.29
86028,10816.05
86029,13182.26
86030,10278.81
86031,6946.73
86032,11018.56
86033,9440.26
86034,5862.26
86035,13322.86
86036,5323.61
86037,12837.08
86038,15245.44
86039,19229.79
86040,12585.57
86041,17033.13
86042,16510.26
86043,32234.25
86044,18752.73
86045,11487.22
86046,17039.96
86047,13390.33
86048,16680.88
86049,11863.82
86050,11080.61
86051,9494.77
86052,10314.72
86053,10031.77
86054,9519.49
86055,13066.56
86056,15697.22
86057,18634.18
86058,11442.18
86059,19101.16
86060,13128.99
86061,19458.21
86062,10532.25
86063,3340.8
86064,5404.08
86065,7481.21
86066,13047.43
86067,7709.05
86068,12380.43
86069,10932.81
86070,9725.42
86071,9502.58
86072,17649.06
86073,14522.33
86074,9910.53
86075,13855.52
86076,9545.48
86077,18954.18
86078,10055.22
86079,7248.95
86080,13732.69
86081,8147.24
86082,10752.53
86083,14593.93
86084,2234.09
86085,9610.86
86086,16601.1
86087,19717.22
86088,7500.01
86089,15285.82
86090,18075.4
86091,13296.39
86092,14171.93
86093,11145.98
86094,18175.57
86095,9289.5
86096,8458.4
86097,17261.09
86098,5161.64
86099,16000.96
86100,5583.29
86101,9447.47
86102,9833.1
86103,11232.1
86104,7459.37
86105,9878.21
86106,18485.29
86107,5854.73
86108,12419.01
86109,13871.44
86110,11718.92
86111,6576.17
86112,16371.56
86113,18241.88
86114,10972.49
86115,17903.33
86116,13205.82
86117,8515.49
86118,9982.86
86119,16823.29
86120,11168.68
86121,9786.96
86122,9508.9
86123,20788.98
86124,8955.89
86125,9943.05
86126,20040.0
86127,7671.78
86128,11127.07
86129,7932.12
86130,4016.81
86131,8330.16
86132,11947.92
86133,24551.08
86134,21122.86
86135,6788.49
86136,10505.22
86137,17276.69
86138,19816.47
86139,16775.27
86140,6271.32
86141,17368.69
86142,10711.67
86143,19116.9
86144,13892.33
86145,7664.3
86146,11885.84
86147,10527.2
86148,9292.25
86149,7217.55
86150,9406.94
86151,11790.92
86152,9997.5
86153,6015.03
86154,7352.19
86155,14627.81
86156,16175.35
86157,19862.84
86158,11110.96
86159,9701.67
86160,11113.2
86161,9995.25
86162,10563.89
86163,16343.61
86164,13927.2
86165,12109.04
86166,17997.39
86167,13431.28
86168,19535.3
86169,18042.5
86170,19003.43
86171,25070.55
86172,9044.69
86173,16698.16
86174,3922.49
86175,18973.38
86176,13897.62
86177,2606.16
86178,7360.08
86179,10284.56
86180,12790.81
86181,10611.93
86182,13202.83
86183,10564.94
86184,16431.8
86185,11145.15
86186,9923.93
86187,6224.08
86188,18609.24
86189,13966.29
86190,21563.73
86191,14525.86
86192,17999.14
86193,14341.33
86194,9893.84
86195,13500.68
86196,10120.53
86197,8244.86
86198,12626.72
86199,19321.71
86200,17079.62
86201,8334.28
86202,11175.2
86203,17052.23
86204,19872.27
86205,8774.86
86206,9328.13
86207,9145.17
86208,8031.4
86209,12276.11
86210,11890.74
86211,7150.55
86212,11562.33
86213,13264.08
86214,3938.18
86215,9213.95
86216,14209.09
86217,7353.3
86218,9813.4
86219,16101.19
86220,16693.34
86221,16631.14
86222,15992.41
86223,7947.89
86224,24561.74
86225,11338.36
86226,4895.19
86227,26721.42
86228,10713.73
86229,10402.79
86230,9237.84
86231,11171.9
86232,4576.02
86233,10909.3
86234,10337.44
86235,17433.38
86236,17105.77
86237,10433.93
86238,7555.47
86239,16345.25
86240,16039.86
86241,10470.3
86242,15817.61
86243,14329.51
86244,9354.25
86245,8087.32
86246,12643.73
86247,3032.89
86248,8473.44
86249,13468.47
86250,18496.65
86251,10249.01
86252,13578.51
86253,6997.19
86254,9924.42
86255,12914.43
86256,11273.29
86257,14474.84
86258,9192.21
86259,16234.95
86260,16123.52
86261,5391.48
86262,14088.98
86263,10751.23
86264,9168.42
86265,7426.33
86266,16748.8
86267,13908.7
86268,9660.05
86269,15767.41
86270,27832.79
86271,13001.95
86272,10340.4
86273,17716.2
86274,7025.93
86275,11889.72
86276,11491.61
86277,18208.73
86278,6781.26
86279,10830.26
86280,8817.9
86281,18075.97
86282,7087.86
86283,9410.37
86284,11031.49
86285,16136.67
86286,7351.62
86287,10723.28
86288,10062.23
86289,19215.57
86290,14462.01
86291,10317.45
86292,20855.36
86293,12189.0
86294,11601.73
86295,18209.36
86296,9748.62
86297,12616.53
86298,10815.66
86299,3565.43
86300,17567.32
86301,17870.85
86302,8217.69
86303,20524.08
86304,9478.36
86305,10554.46
86306,11143.45
86307,12850.94
86308,3940.53
86309,9618.22
86310,10828.32
86311,12061.87
86312,9499.92
86313,18791.44
86314,14179.24
86315,15231.8
86316,12607.53
86317,8039.98
86318,4179.01
86319,12998.83
86320,10457.59
86321,11267.53
86322,15198.17
86323,16656.45
86324,10970.49
86325,17095.41
86326,8932.78
86327,8664.07
86328,20698.5
86329,10997.03
86330,10986.33
86331,12296.58
86332,11316.75
86333,6536.07
86334,9948.6
86335,16464.82
86336,16367.67
86337,13990.15
86338,21047.15
86339,15993.88
86340,11152.28
86341,16934.89
86342,16405.15
86343,10914.39
86344,9663.83
86345,20535.92
86346,15620.05
86347,14303.16
86348,11371.82
86349,10603.4
86350,11231.65
86351,15645.01
86352,12568.28
86353,9478.2
86354,9456.96
86355,13210.64
86356,22166.53
86357,8058.85
86358,11178.6
86359,12811.83
86360,9574.62
86361,17325.23
86362,6853.91
86363,11668.15
86364,6775.63
86365,9472.82
86366,16238.9
86367,11512.93
86368,14098.73
86369,16506.76
86370,7679.0
86371,17027.07
86372,10897.52
86373,18703.38
86374,9625.03
86375,10365.37
86376,19933.35
86377,20334.91
86378,16969.19
86379,11396.84
86380,12246.18
86381,16705.38
86382,12201.15
86383,8298.22
86384,11484.66
86385,14095.23
86386,10344.76
86387,16190.85
86388,18162.54
86389,10499.33
86390,10736.93
86391,14659.09
86392,17378.52
86393,11152.43
86394,19200.64
86395,20316.07
86396,11221.28
86397,10367.74
86398,10957.08
86399,10396.23
86400,11942.31
86401,9447.88
86402,11343.81
86403,16117.03
86404,12179.2
86405,7942.51
86406,16980.18
86407,6553.2
86408,11737.23
86409,16428.5
86410,15843.65
86411,14090.71
86412,7439.61
86413,17103.94
86414,13823.63
86415,10203.42
86416,8500.68
86417,18011.19
86418,13913.32
86419,7496.8
86420,9613.0
86421,13738.25
86422,17763.33
86423,17107.35
86424,15877.78
86425,17983.51
86426,11941.41
86427,7941.11
86428,2783.44
86429,6486.77
86430,12789.28
86431,10203.35
86432,13625.45
86433,13684.62
86434,13984.29
86435,11940.13
86436,10666.66
86437,18572.44
86438,7665.67
86439,9013.92
86440,10495.51
86441,16382.64
86442,9938.82
86443,11526.29
86444,15526.17
86445,6434.58
86446,10302.05
86447,15131.26
86448,10542.07
86449,10159.4
86450,20134.18
86451,11737.53
86452,17190.28
86453,6286.19
86454,18415.38
86455,10062.14
86456,10674.36
86457,15303.13
86458,9975.4
86459,13620.06
86460,16909.09
86461,6640.53
86462,10348.14
86463,19324.8
86464,11171.93
86465,17323.96
86466,13680.71
86467,12867.15
86468,17975.47
86469,11363.54
86470,12226.82
86471,12117.7
86472,18470.82
86473,11936.6
86474,27852.97
86475,7825.16
86476,16295.46
86477,10985.9
86478,9242.71
86479,7264.71
86480,17554.54
86481,12329.56
86482,12764.07
86483,20099.72
86484,10957.86
86485,15314.93
86486,9594.45
86487,10442.99
86488,9912.52
86489,10347.44
86490,9831.95
86491,22929.67
86492,11080.67
86493,9233.2
86494,8066.84
86495,10821.34
86496,12685.1
86497,10742.58
86498,15603.72
86499,12103.06
86500,11089.04
86501,4303.13
86502,7179.74
86503,9982.51
86504,12734.02
86505,8391.03
86506,2562.83
86507,8673.54
86508,8399.31
86509,15221.9
86510,10297.94
86511,15418.68
86512,16048.48
86513,10144.06
86514,10863.2
86515,14684.12
86516,7683.23
86517,10808.28
86518,13439.0
86519,10585.42
86520,23352.28
86521,15107.98
86522,10198.12
86523,15991.33
86524,7569.47
86525,18748.31
86526,8509.4
86527,12227.62
86528,12917.82
86529,12870.67
86530,11154.1
86531,10868.11
86532,13444.37
86533,21945.28
86534,7248.1
86535,14762.15
86536,11494.8
86537,9167.99
86538,13568.12
86539,5444.45
86540,13525.04
86541,18011.28
86542,12061.13
86543,13977.24
86544,8277.83
86545,12134.18
86546,9701.29
86547,6073.71
86548,13088.38
86549,8693.17
86550,15765.06
86551,9512.68
86552,6972.41
86553,9668.85
86554,16209.81
86555,9950.55
86556,15833.88
86557,7523.98
86558,13319.35
86559,17443.12
86560,12994.32
86561,10316.14
86562,11454.77
86563,16849.23
86564,11373.18
86565,6386.75
86566,7430.69
86567,9468.08
86568,7849.63
86569,13432.36
86570,8894.65
86571,10351.65
86572,19872.27
86573,9951.01
86574,10767.48
86575,9125.46
86576,13947.55
86577,11571.7
86578,15346.19
86579,13032.87
86580,11965.63
86581,10713.39
86582,12412.68
86583,10071.35
86584,14663.0
86585,9514.14
86586,17728.77
86587,18436.11
86588,15182.73
86589,7754.67
86590,15495.78
86591,6767.06
86592,11200.85
86593,4893.71
86594,18474.6
86595,16287.87
86596,12335.12
86597,11675.43
86598,17064.59
86599,16243.41
86600,9714.6
86601,10541.39
86602,18517.59
86603,15326.57
86604,13412.28
86605,9799.06
86606,10536.07
86607,17687.24
86608,13434.45
86609,10795.54
86610,12711.38
86611,15954.2
86612,14580.38
86613,13311.83
86614,10466.19
86615,10606.27
86616,9633.47
86617,7995.34
86618,14674.26
86619,16529.47
86620,8456.5
86621,18780.16
86622,10520.4
86623,11902.63
86624,7991.13
86625,10179.46
86626,13999.89
86627,8982.51
86628,18410.88
86629,11637.13
86630,15398.7
86631,5658.87
86632,11397.67
86633,13375.17
86634,25099.03
86635,10535.83
86636,11559.71
86637,9085.82
86638,13245.83
86639,10128.21
86640,3731.45
86641,11005.59
86642,9267.22
86643,6324.6
86644,11992.0
86645,17209.92
86646,19888.26
86647,13408.48
86648,18100.8
86649,10238.25
86650,10326.45
86651,9674.77
86652,8848.75
86653,10881.98
86654,11630.39
86655,15190.95
86656,16394.09
86657,15937.98
86658,18823.52
86659,20666.16
86660,11350.18
86661,19030.14
86662,10422.32
86663,7890.91
86664,6411.79
86665,14653.49
86666,16850.36
86667,13319.72
86668,10722.97
86669,15881.7
86670,16550.84
86671,3265.42
86672,12698.19
86673,16838.14
86674,9546.0
86675,14559.69
86676,10124.2
86677,8015.45
86678,15262.39
86679,14231.97
86680,9932.74
86681,7347.83
86682,6422.82
86683,11248.31
86684,9909.99
86685,13723.92
86686,9503.43
86687,7699.19
86688,14396.93
86689,6440.67
86690,13716.98
86691,14147.37
86692,8197.21
86693,18451.48
86694,7014.07
86695,13998.04
86696,18411.31
86697,1532.65
86698,5152.35
86699,9799.1
86700,7981.76
86701,14033.72
86702,16415.3
86703,9758.71
86704,8333.41
86705,12611.88
86706,7590.16
86707,16606.29
86708,12416.83
86709,16082.75
86710,8223.87
86711,13603.45
86712,12912.77
86713,8119.48
86714,9793.12
86715,16015.95
86716,16306.63
86717,7406.07
86718,7609.59
86719,7079.35
86720,9665.21
86721,17676.13
86722,14841.31
86723,26457.02
86724,8145.97
86725,12373.15
86726,7231.36
86727,11691.98
86728,10425.24
86729,9627.14
86730,10813.61
86731,9586.15
86732,13634.59
86733,10592.36
86734,12565.81
86735,16260.85
86736,13104.53
86737,18200.27
86738,11949.22
86739,9334.98
86740,10393.88
86741,20394.94
86742,10243.08
86743,11130.09
86744,12271.85
86745,15866.0
86746,9064.35
86747,13587.23
86748,11197.82
86749,6388.79
86750,9608.45
86751,9937.48
86752,18804.73
86753,9730.16
86754,9904.25
86755,13494.61
86756,6548.24
86757,5871.65
86758,10278.42
86759,2180.45
86760,14369.32
86761,9233.88
86762,7063.61
86763,16928.82
86764,14217.97
86765,17579.92
86766,13817.0
86767,14929.08
86768,12039.67
86769,9618.21
86770,12034.67
86771,16403.7
86772,11031.56
86773,8155.0
86774,20382.42
86775,4635.96
86776,10758.21
86777,11922.33
86778,8036.01
86779,4537.17
86780,16049.51
86781,19804.94
86782,16613.33
86783,10894.9
86784,11282.15
86785,16261.77
86786,7915.0
86787,16666.27
86788,18827.11
86789,8525.03
86790,20743.66
86791,9399.06
86792,19230.75
86793,16108.96
86794,9798.86
86795,15921.93
86796,18560.25
86797,18368.65
86798,13345.24
86799,13225.76
86800,16387.07
86801,10916.17
86802,15613.96
86803,6958.2
86804,13805.77
86805,11735.74
86806,17034.84
86807,9867.89
86808,15748.89
86809,18531.75
86810,7235.65
86811,21200.82
86812,8993.97
86813,11716.97
86814,21335.18
86815,16579.29
86816,10583.77
86817,11402.47
86818,10734.82
86819,13378.17
86820,11904.53
86821,17312.63
86822,9819.19
86823,10115.96
86824,15878.18
86825,16874.96
86826,18913.93
86827,5390.5
86828,10958.27
86829,13049.47
86830,9017.47
86831,12075.17
86832,4233.1
86833,13422.44
86834,14660.01
86835,16331.79
86836,10134.67
86837,5666.39
86838,9959.17
86839,13500.73
86840,8881.1
86841,11810.11
86842,18474.45
86843,12970.11
86844,11369.6
86845,7380.64
86846,9103.45
86847,8590.32
86848,15900.55
86849,8044.79
86850,8970.49
86851,7401.61
86852,9991.75
86853,13792.03
86854,10856.96
86855,16367.66
86856,8973.31
86857,9939.26
86858,9989.76
86859,9250.12
86860,6861.71
86861,7331.71
86862,6111.52
86863,10792.88
86864,15852.64
86865,18354.79
86866,14070.65
86867,4511.95
86868,10215.19
86869,11956.92
86870,18258.24
86871,13847.54
86872,10407.82
86873,13800.87
86874,10020.1
86875,13884.57
86876,11994.31
86877,19835.73
86878,15255.51
86879,12224.5
86880,12568.24
86881,10276.39
86882,19198.65
86883,11848.9
86884,5533.67
86885,7254.82
86886,3674.76
86887,16735.93
86888,16506.52
86889,18746.19
86890,8344.99
86891,17887.87
86892,9824.14
86893,7400.49
86894,8184.79
86895,7413.69
86896,1869.13
86897,9667.13
86898,19204.36
86899,11464.82
86900,11396.77
86901,10002.99
86902,8519.17
86903,16812.02
86904,12025.37
86905,9977.16
86906,11617.06
86907,13298.98
86908,9954.56
86909,10155.55
86910,10523.9
86911,4232.2
86912,11053.01
86913,6890.61
86914,17231.9
86915,13506.92
86916,8974.37
86917,14989.62
86918,5681.23
86919,15646.35
86920,13799.33
86921,16874.47
86922,11399.19
86923,16956.19
86924,8425.48
86925,9705.42
86926,9013.34
86927,16118.47
86928,19380.71
86929,9907.85
86930,8105.31
86931,18468.88
86932,12874.94
86933,11310.99
86934,5782.94
86935,8674.64
86936,14691.58
86937,14793.1
86938,10210.58
86939,14083.69
86940,10560.01
86941,16080.34
86942,11450.48
86943,12094.51
86944,7422.04
86945,10592.34
86946,7615.21
86947,12851.37
86948,11432.09
86949,9923.9
86950,9295.62
86951,8786.76
86952,10703.87
86953,10349.67
86954,12594.0
86955,13979.28
86956,18714.62
86957,8156.52
86958,11850.9
86959,9148.96
86960,17341.98
86961,10241.06
86962,16794.04
86963,9951.33
86964,9201.16
86965,13964.04
86966,6255.57
86967,11323.25
86968,10972.2
86969,2081.67
86970,19152.16
86971,7790.99
86972,15872.51
86973,12516.06
86974,10587.18
86975,16992.12
86976,18880.74
86977,11005.4
86978,8031.81
86979,14726.15
86980,9278.69
86981,8744.32
86982,16832.76
86983,12611.49
86984,13213.9
86985,18930.5
86986,15468.66
86987,9497.86
86988,19614.13
86989,16819.16
86990,18180.19
86991,18582.74
86992,15656.8
86993,12815.69
86994,14916.08
86995,11865.24
86996,16261.37
86997,10014.5
86998,10953.6
86999,27963.61
87000,13826.09
87001,17162.81
87002,16535.08
87003,13949.22
87004,19439.64
87005,14164.68
87006,19558.83
87007,9906.54
87008,16476.1
87009,17411.84
87010,9040.5
87011,10775.61
87012,11653.03
87013,10703.68
87014,18206.64
87015,8847.48
87016,13589.0
87017,13374.12
87018,20282.21
87019,18665.37
87020,11218.85
87021,16528.94
87022,14203.3
87023,16296.94
87024,18029.6
87025,14121.28
87026,13175.19
87027,12167.72
87028,9119.81
87029,14556.42
87030,17296.51
87031,10515.21
87032,21694.32
87033,17803.59
87034,7689.64
87035,13764.71
87036,7186.01
87037,17309.65
87038,11000.73
87039,4220.36
87040,7583.32
87041,9927.05
87042,16616.37
87043,15304.15
87044,16551.46
87045,5556.81
87046,2604.52
87047,16373.21
87048,16243.16
87049,13397.46
87050,21377.78
87051,10700.88
87052,16424.6
87053,15483.43
87054,9291.13
87055,8961.71
87056,14076.44
87057,8861.66
87058,17454.46
87059,16935.17
87060,18419.64
87061,9957.18
87062,19407.73
87063,12209.01
87064,13846.98
87065,10099.72
87066,10417.38
87067,16947.45
87068,11440.53
87069,15521.09
87070,18323.22
87071,19398.54
87072,17898.45
87073,22501.01
87074,17230.62
87075,13467.45
87076,17471.8
87077,7224.8
87078,17283.61
87079,8210.77
87080,10112.29
87081,15294.56
87082,9001.81
87083,15387.83
87084,16050.54
87085,9663.44
87086,14516.11
87087,12087.92
87088,11959.64
87089,14596.13
87090,12262.75
87091,10244.88
87092,7445.49
87093,9726.44
87094,12892.68
87095,10353.79
87096,12182.81
87097,7515.16
87098,6337.3
87099,13932.2
87100,15018.93
87101,20312.54
87102,5137.7
87103,6425.58
87104,33497.72
87105,17181.67
87106,16061.6
87107,18436.23
87108,3145.73
87109,4836.03
87110,4963.36
87111,15969.68
87112,10544.53
87113,21822.94
87114,6941.48
87115,9574.97
87116,9519.76
87117,10521.1
87118,32586.27
87119,12719.74
87120,9187.34
87121,10257.22
87122,14059.76
87123,11025.91
87124,8686.29
87125,7574.9
87126,17875.55
87127,14186.07
87128,13108.44
87129,11687.43
87130,8263.48
87131,8567.41
87132,14919.36
87133,13429.11
87134,16938.27
87135,13616.77
87136,12782.23
87137,17380.5
87138,10607.21
87139,9401.13
87140,16035.64
87141,13807.05
87142,8634.82
87143,16640.45
87144,10856.76
87145,11423.4
87146,12456.81
87147,11840.71
87148,16670.75
87149,16063.12
87150,22963.49
87151,11207.53
87152,10356.09
87153,8443.91
87154,18409.44
87155,17777.09
87156,8125.85
87157,10464.49
87158,10723.27
87159,12696.1
87160,9316.0
87161,13446.97
87162,15148.01
87163,16245.64
87164,17991.64
87165,5662.72
87166,10773.74
87167,13489.48
87168,18668.66
87169,17998.87
87170,20952.16
87171,7818.46
87172,16310.27
87173,10803.38
87174,13276.13
87175,17055.92
87176,18619.89
87177,6916.17
87178,18468.7
87179,8189.6
87180,15512.36
87181,8742.34
87182,8653.12
87183,10698.81
87184,24325.98
87185,17478.61
87186,17985.54
87187,16710.31
87188,16027.06
87189,20047.28
87190,9402.61
87191,27052.41
87192,11093.76
87193,8692.35
87194,18454.59
87195,10341.85
87196,9092.04
87197,16576.19
87198,21779.45
87199,15837.68
87200,17770.88
87201,12790.88
87202,14149.26
87203,13949.13
87204,14787.32
87205,16493.89
87206,10444.19
87207,10039.36
87208,11487.15
87209,8085.08
87210,4622.59
87211,12574.46
87212,10473.28
87213,8838.24
87214,9334.96
87215,13236.08
87216,13766.47
87217,16702.61
87218,15906.29
87219,18674.42
87220,19200.61
87221,19552.45
87222,10054.34
87223,9401.94
87224,10014.52
87225,7047.56
87226,6713.45
87227,11414.54
87228,8447.68
87229,11269.8
87230,17155.78
87231,5374.91
87232,16143.52
87233,4663.36
87234,10016.91
87235,7738.51
87236,9109.78
87237,9130.06
87238,15542.65
87239,16590.13
87240,10533.75
87241,14262.12
87242,11760.14
87243,6431.08
87244,12993.8
87245,15725.43
87246,8788.21
87247,23429.48
87248,8803.3
87249,8524.3
87250,11847.3
87251,14294.79
87252,18698.29
87253,15130.4
87254,9252.56
87255,10555.15
87256,9914.81
87257,11382.53
87258,16253.75
87259,10907.52
87260,10270.55
87261,18646.61
87262,9302.08
87263,18074.24
87264,7593.38
87265,10459.93
87266,25998.4
87267,9942.97
87268,18113.96
87269,8787.98
87270,18012.65
87271,16584.21
87272,20532.32
87273,9434.53
87274,18481.84
87275,11538.25
87276,11403.75
87277,10184.76
87278,15544.44
87279,10837.42
87280,12867.76
87281,10376.84
87282,13315.43
87283,10025.45
87284,7992.67
87285,8492.97
87286,15699.61
87287,9504.53
87288,10271.93
87289,15958.63
87290,8883.88
87291,17190.71
87292,17041.42
87293,8585.03
87294,18195.95
87295,14229.66
87296,16565.38
87297,12425.12
87298,18251.98
87299,10775.84
87300,10369.43
87301,4616.07
87302,11117.83
87303,9441.91
87304,9899.32
87305,11684.26
87306,9139.44
87307,17936.62
87308,11516.89
87309,9265.76
87310,16120.94
87311,17988.78
87312,14768.42
87313,6707.35
87314,19589.99
87315,9157.59
87316,9232.72
87317,8450.39
87318,12224.31
87319,11808.14
87320,14838.92
87321,6671.77
87322,10596.72
87323,10362.67
87324,23729.39
87325,17713.29
87326,10488.49
87327,15486.07
87328,7511.19
87329,10869.75
87330,16258.36
87331,13130.61
87332,6352.5
87333,11288.07
87334,7539.64
87335,17790.69
87336,10828.96
87337,9120.17
87338,10701.54
87339,11463.4
87340,15177.46
87341,15495.12
87342,11455.54
87343,11676.04
87344,14430.95
87345,8623.38
87346,11850.49
87347,9580.06
87348,11117.17
87349,16322.52
87350,5060.71
87351,17242.63
87352,11407.8
87353,16261.83
87354,11153.3
87355,7106.38
87356,6821.12
87357,8683.57
87358,8381.89
87359,9425.86
87360,9106.1
87361,7873.74
87362,11049.64
87363,5424.07
87364,15578.69
87365,8144.94
87366,9274.26
87367,11215.2
87368,13821.44
87369,8083.41
87370,16001.11
87371,15537.37
87372,10954.99
87373,17267.75
87374,15764.53
87375,10857.99
87376,11054.75
87377,10253.59
87378,17369.25
87379,16936.67
87380,7532.9
87381,9380.31
87382,16561.47
87383,7598.7
87384,14155.99
87385,21733.37
87386,11383.15
87387,17488.56
87388,13765.76
87389,7686.04
87390,20032.51
87391,26137.04
87392,12841.94
87393,14688.47
87394,17227.64
87395,17156.86
87396,18396.78
87397,10744.13
87398,8376.88
87399,13709.77
87400,9878.78
87401,15923.31
87402,16329.26
87403,8637.84
87404,13198.52
87405,13559.65
87406,9987.0
87407,15405.14
87408,7424.58
87409,11053.71
87410,12885.11
87411,13641.47
87412,21047.7
87413,18307.88
87414,9339.16
87415,10987.93
87416,13056.96
87417,32745.02
87418,9275.32
87419,16275.51
87420,16291.71
87421,13744.18
87422,11787.15
87423,10987.61
87424,21502.87
87425,9926.98
87426,6564.29
87427,9954.56
87428,11643.23
87429,10500.41
87430,7821.23
87431,17484.42
87432,12294.18
87433,24285.72
87434,12252.62
87435,5561.5
87436,7676.5
87437,8186.09
87438,15113.07
87439,8453.72
87440,11220.14
87441,3226.72
87442,12394.62
87443,8669.31
87444,11838.64
87445,9594.79
87446,12700.89
87447,15101.98
87448,12641.98
87449,22262.26
87450,12299.7
87451,10523.02
87452,12599.52
87453,11600.39
87454,9814.72
87455,17866.05
87456,15536.84
87457,8308.9
87458,15518.14
87459,27458.36
87460,11013.18
87461,12782.3
87462,9945.39
87463,18858.78
87464,11222.3
87465,16364.45
87466,15304.4
87467,10986.03
87468,12422.96
87469,9187.5
87470,10933.43
87471,9099.2
87472,10717.55
87473,11258.76
87474,11935.78
87475,12118.16
87476,9481.04
87477,17469.95
87478,7877.63
87479,13891.08
87480,18977.73
87481,16122.95
87482,7240.35
87483,9919.83
87484,11493.57
87485,11342.47
87486,13941.28
87487,38758.1
87488,17911.46
87489,13401.21
87490,6165.83
87491,21871.49
87492,16067.11
87493,13153.39
87494,9002.36
87495,16707.59
87496,8642.01
87497,11982.06
87498,15169.14
87499,18532.38
87500,8543.35
87501,17539.08
87502,12964.47
87503,9681.86
87504,18395.22
87505,15760.68
87506,12404.54
87507,8643.97
87508,17255.67
87509,11730.48
87510,11054.69
87511,15715.47
87512,15531.38
87513,12961.78
87514,10614.38
87515,12736.31
87516,7664.29
87517,16022.06
87518,15011.17
87519,11917.9
87520,7932.04
87521,7709.83
87522,12947.89
87523,9556.73
87524,9590.47
87525,16272.32
87526,5063.32
87527,7861.72
87528,11046.46
87529,11053.85
87530,9157.69
87531,3114.9
87532,14512.29
87533,11536.01
87534,11096.74
87535,31036.8
87536,9133.89
87537,16579.32
87538,12531.15
87539,11316.3
87540,12101.87
87541,13026.46
87542,9344.64
87543,18159.36
87544,14104.4
87545,9339.95
87546,10920.78
87547,19888.26
87548,18206.56
87549,9640.04
87550,4467.12
87551,7581.44
87552,7518.65
87553,18361.86
87554,8043.54
87555,17637.91
87556,9757.13
87557,8355.88
87558,10586.17
87559,9274.24
87560,19364.84
87561,14642.5
87562,7753.72
87563,10119.49
87564,7987.58
87565,18461.65
87566,9960.86
87567,16592.83
87568,4291.89
87569,17476.99
87570,3398.94
87571,8024.49
87572,23753.83
87573,8159.04
87574,13699.12
87575,14764.02
87576,17950.84
87577,15456.52
87578,10660.26
87579,12901.55
87580,12081.45
87581,11907.12
87582,20412.51
87583,19834.62
87584,19555.55
87585,6869.16
87586,7880.79
87587,8415.52
87588,9845.18
87589,15293.98
87590,11143.27
87591,14333.19
87592,8254.87
87593,14630.39
87594,7459.2
87595,19122.46
87596,7807.89
87597,11162.39
87598,10278.89
87599,17377.81
87600,10226.1
87601,24350.95
87602,15339.15
87603,19383.23
87604,13210.72
87605,14202.24
87606,7157.09
87607,8406.79
87608,9056.62
87609,4424.55
87610,10041.67
87611,9180.58
87612,6347.68
87613,10429.16
87614,13650.87
87615,11147.76
87616,10600.25
87617,17370.87
87618,17103.35
87619,8852.36
87620,16393.77
87621,20472.63
87622,13915.81
87623,10837.58
87624,17303.37
87625,17600.03
87626,14750.03
87627,19733.62
87628,10286.24
87629,6930.29
87630,9276.77
87631,13411.51
87632,16748.24
87633,2915.21
87634,7739.39
87635,19027.44
87636,10674.04
87637,11696.51
87638,8271.46
87639,7716.63
87640,9021.21
87641,15688.93
87642,11283.78
87643,15252.65
87644,18014.46
87645,13172.73
87646,6008.68
87647,16642.21
87648,10708.87
87649,16752.38
87650,9520.18
87651,11198.5
87652,13215.31
87653,8782.0
87654,11737.1
87655,15188.47
87656,10007.18
87657,17573.17
87658,10624.77
87659,18113.26
87660,16333.71
87661,9855.39
87662,10144.78
87663,17817.76
87664,9662.9
87665,10667.8
87666,10440.99
87667,7711.54
87668,17570.64
87669,10429.5
87670,14131.97
87671,16551.07
87672,8744.9
87673,17323.96
87674,11006.48
87675,10903.43
87676,17068.84
87677,2090.38
87678,18984.91
87679,10349.83
87680,6337.26
87681,7287.21
87682,19176.52
87683,12580.05
87684,8096.3
87685,19294.35
87686,14244.93
87687,15052.87
87688,9557.64
87689,18822.74
87690,15155.64
87691,10134.51
87692,12467.84
87693,13210.13
87694,11341.56
87695,10815.05
87696,10725.33
87697,15134.44
87698,12908.06
87699,6281.79
87700,17992.71
87701,18342.47
87702,10876.64
87703,9213.52
87704,8035.85
87705,27600.24
87706,10706.27
87707,5674.59
87708,10871.87
87709,11684.16
87710,16519.06
87711,10448.56
87712,10543.61
87713,16460.92
87714,11208.18
87715,13900.78
87716,8859.83
87717,9853.95
87718,10379.03
87719,10215.36
87720,10072.96
87721,15248.75
87722,10994.82
87723,16228.67
87724,8114.97
87725,13326.55
87726,11159.84
87727,8760.01
87728,24045.44
87729,8770.09
87730,10522.64
87731,9209.49
87732,14106.77
87733,13427.62
87734,18212.27
87735,10131.18
87736,10944.22
87737,11478.78
87738,17713.21
87739,5079.68
87740,16771.04
87741,15572.09
87742,8532.84
87743,1955.84
87744,12608.27
87745,9788.48
87746,15940.98
87747,10173.54
87748,20160.22
87749,22166.41
87750,13269.48
87751,12979.13
87752,11041.26
87753,14827.93
87754,10928.15
87755,2828.32
87756,9512.07
87757,14022.79
87758,17276.4
87759,7826.91
87760,16122.66
87761,10867.7
87762,6276.39
87763,8880.02
87764,10081.31
87765,16276.2
87766,16032.66
87767,15761.21
87768,7271.49
87769,9622.67
87770,11699.61
87771,17010.79
87772,19353.33
87773,4558.97
87774,20887.15
87775,18980.33
87776,8876.58
87777,8169.9
87778,13627.08
87779,10767.47
87780,13137.65
87781,12043.63
87782,15607.28
87783,11403.98
87784,9859.37
87785,11616.59
87786,15067.48
87787,10126.11
87788,16425.45
87789,16076.83
87790,9990.09
87791,7562.74
87792,7925.4
87793,16004.54
87794,13967.71
87795,10740.29
87796,11095.33
87797,14258.41
87798,2495.48
87799,8267.79
87800,19318.4
87801,13366.7
87802,11191.33
87803,14192.39
87804,6669.07
87805,21944.12
87806,10817.34
87807,4968.28
87808,12042.54
87809,17590.75
87810,9916.63
87811,17590.6
87812,17766.88
87813,10565.14
87814,11480.28
87815,10411.51
87816,12690.2
87817,6532.17
87818,4984.94
87819,18267.38
87820,11319.17
87821,21708.71
87822,11844.1
87823,10797.47
87824,10286.71
87825,18749.19
87826,13268.18
87827,10068.85
87828,11356.82
87829,16181.15
87830,17874.04
87831,15578.19
87832,9625.7
87833,12696.23
87834,10529.53
87835,17250.27
87836,8825.06
87837,7378.08
87838,22012.19
87839,13053.61
87840,16350.86
87841,15108.98
87842,14703.57
87843,7644.61
87844,17715.15
87845,9266.84
87846,10795.82
87847,7758.08
87848,11868.69
87849,16473.6
87850,12976.74
87851,14154.71
87852,8512.77
87853,15527.87
87854,3117.14
87855,7930.26
87856,10215.54
87857,17758.6
87858,10744.13
87859,18177.23
87860,9974.61
87861,11093.94
87862,34787.49
87863,10599.08
87864,17550.08
87865,18305.24
87866,18276.55
87867,13888.38
87868,11476.39
87869,13153.08
87870,10297.03
87871,10880.15
87872,9483.74
87873,9388.84
87874,16771.63
87875,11583.62
87876,10326.45
87877,19169.62
87878,10829.52
87879,13074.92
87880,8627.44
87881,11452.7
87882,17371.46
87883,14494.49
87884,13250.39
87885,10998.73
87886,16708.57
87887,10334.02
87888,10072.74
87889,16840.78
87890,11848.53
87891,11909.4
87892,15926.37
87893,16943.21
87894,7905.48
87895,10743.7
87896,18267.22
87897,13220.86
87898,9169.15
87899,19935.15
87900,15150.75
87901,7673.63
87902,11261.18
87903,10857.38
87904,11934.4
87905,11553.33
87906,16625.32
87907,11597.43
87908,17317.18
87909,11431.5
87910,10592.36
87911,11565.74
87912,11142.69
87913,5228.92
87914,11617.61
87915,12023.37
87916,9744.94
87917,8851.35
87918,9082.26
87919,8292.46
87920,13002.69
87921,10559.7
87922,10223.44
87923,10261.74
87924,13061.12
87925,6947.25
87926,18906.19
87927,13967.71
87928,5960.25
87929,9129.79
87930,17985.86
87931,9287.36
87932,8902.39
87933,15694.08
87934,8493.11
87935,14124.08
87936,2612.91
87937,9854.35
87938,11571.82
87939,11759.92
87940,11048.47
87941,11369.37
87942,11015.72
87943,12167.78
87944,10434.89
87945,17009.51
87946,16463.09
87947,19611.81
87948,14369.15
87949,13090.54
87950,13190.79
87951,17280.69
87952,5678.75
87953,11775.33
87954,16988.07
87955,6752.23
87956,11825.94
87957,10027.34
87958,12736.24
87959,22192.49
87960,8305.77
87961,11106.57
87962,13480.81
87963,8307.34
87964,5712.8
87965,20366.58
87966,9849.77
87967,10097.35
87968,8528.95
87969,15823.82
87970,13139.3
87971,11030.92
87972,12157.69
87973,22150.07
87974,19040.66
87975,14901.08
87976,9259.17
87977,8321.37
87978,12432.85
87979,15995.44
87980,11126.49
87981,10795.87
87982,18792.79
87983,19927.93
87984,9614.52
87985,2193.63
87986,5880.54
87987,10792.95
87988,17210.28
87989,5325.51
87990,19808.41
87991,10732.8
87992,14108.81
87993,7889.59
87994,22819.2
87995,8758.26
87996,13234.07
87997,17313.46
87998,9600.2
87999,6640.53
88000,12264.88
88001,13964.16
88002,17211.35
88003,15278.51
88004,10664.26
88005,8311.22
88006,15478.04
88007,16569.45
88008,12280.06
88009,16370.85
88010,7596.89
88011,11992.44
88012,17328.74
88013,10051.92
88014,8311.95
88015,9218.5
88016,13648.53
88017,14372.03
88018,12743.56
88019,15891.54
88020,10573.09
88021,11624.96
88022,17057.33
88023,15458.84
88024,10134.71
88025,7869.52
88026,9840.67
88027,17256.98
88028,8802.55
88029,16134.24
88030,9122.56
88031,13118.26
88032,17376.01
88033,17265.04
88034,11350.86
88035,13706.98
88036,16661.77
88037,10614.73
88038,10808.24
88039,8819.94
88040,37600.07
88041,15764.34
88042,15448.23
88043,10809.25
88044,5383.73
88045,15252.66
88046,6147.14
88047,9508.45
88048,16283.44
88049,6034.97
88050,15963.29
88051,3909.69
88052,17284.43
88053,8003.9
88054,18283.48
88055,16246.33
88056,8400.0
88057,11526.01
88058,9758.81
88059,10797.82
88060,15875.1
88061,11949.47
88062,19922.11
88063,13975.52
88064,14623.68
88065,17050.3
88066,11697.38
88067,13067.14
88068,4642.14
88069,7334.81
88070,7279.15
88071,5391.66
88072,15856.73
88073,16917.06
88074,9794.28
88075,15944.71
88076,7087.4
88077,20977.22
88078,7890.91
88079,16101.35
88080,11449.53
88081,17638.04
88082,8672.26
88083,7626.57
88084,13901.27
88085,10576.28
88086,9838.55
88087,2663.22
88088,11870.43
88089,18886.64
88090,17831.1
88091,7206.36
88092,18300.16
88093,3441.46
88094,10317.72
88095,21429.64
88096,18700.83
88097,25976.08
88098,10637.24
88099,7293.34
88100,8078.29
88101,17911.93
88102,6170.85
88103,8558.7
88104,15930.97
88105,12756.8
88106,10827.36
88107,6762.22
88108,19864.02
88109,13811.54
88110,6224.47
88111,11705.0
88112,10447.57
88113,8684.18
88114,12802.86
88115,10577.5
88116,12725.62
88117,9476.63
88118,18894.08
88119,10504.96
88120,13207.48
88121,17007.06
88122,13982.57
88123,17962.85
88124,16274.51
88125,16652.65
88126,9187.5
88127,19070.72
88128,9792.97
88129,9225.1
88130,15902.01
88131,11593.13
88132,16494.37
88133,12894.78
88134,8756.3
88135,5670.88
88136,13101.16
88137,8489.22
88138,12922.26
88139,8782.48
88140,12649.18
88141,15376.31
88142,14523.34
88143,9924.2
88144,11713.62
88145,16379.67
88146,17709.11
88147,9371.03
88148,14711.46
88149,15650.9
88150,18247.13
88151,13764.29
88152,10735.38
88153,13217.71
88154,13153.52
88155,18285.95
88156,7406.28
88157,11048.94
88158,6433.7
88159,10615.48
88160,9996.28
88161,9865.27
88162,17824.83
88163,17989.83
88164,12125.13
88165,7148.8
88166,17185.03
88167,12141.32
88168,32631.28
88169,12465.14
88170,16113.54
88171,9486.43
88172,9540.22
88173,11587.06
88174,34808.12
88175,7806.23
88176,19183.54
88177,9185.15
88178,15837.68
88179,20372.98
88180,11252.31
88181,7718.53
88182,9969.84
88183,15752.65
88184,11080.7
88185,9081.21
88186,6450.84
88187,9900.62
88188,11164.56
88189,8555.14
88190,9981.04
88191,10278.37
88192,18200.29
88193,14043.3
88194,10250.31
88195,10176.04
88196,13192.41
88197,11153.37
88198,8275.08
88199,14226.79
88200,13574.29
88201,10657.08
88202,10609.82
88203,16625.19
88204,12404.24
88205,15383.19
88206,16922.46
88207,9038.55
88208,21691.19
88209,7877.16
88210,11510.89
88211,6174.36
88212,10633.13
88213,15693.24
88214,10432.34
88215,10510.54
88216,7554.97
88217,18209.89
88218,14724.47
88219,8146.66
88220,19910.19
88221,13169.06
88222,14728.56
88223,18295.42
88224,10172.53
88225,10953.99
88226,9589.94
88227,9718.89
88228,9918.98
88229,10353.46
88230,3155.37
88231,10159.86
88232,14127.12
88233,13795.62
88234,16130.61
88235,15091.68
88236,16132.69
88237,13219.26
88238,17077.36
88239,8645.95
88240,11248.54
88241,10538.16
88242,10853.83
88243,20323.68
88244,8172.63
88245,9687.98
88246,11676.04
88247,9277.29
88248,18610.58
88249,9035.02
88250,10157.32
88251,17497.38
88252,11117.17
88253,27658.09
88254,11389.14
88255,10090.23
88256,16185.06
88257,19103.82
88258,13922.73
88259,8638.41
88260,7752.96
88261,12148.77
88262,18353.1
88263,18624.94
88264,12222.69
88265,11429.77
88266,10268.92
88267,8378.17
88268,14487.27
88269,13694.86
88270,15505.33
88271,10482.36
88272,4913.08
88273,16443.99
88274,12761.91
88275,17486.33
88276,11117.81
88277,13814.69
88278,13988.25
88279,9985.58
88280,13212.6
88281,18816.23
88282,12851.31
88283,8205.76
88284,10784.68
88285,18146.9
88286,16032.26
88287,7469.05
88288,11557.34
88289,9762.66
88290,13791.07
88291,10378.69
88292,13847.02
88293,9726.65
88294,13443.04
88295,9531.22
88296,13757.07
88297,10191.52
88298,9840.09
88299,18085.74
88300,9928.11
88301,11641.86
88302,13271.16
88303,15991.1
88304,7227.45
88305,15067.87
88306,9927.61
88307,10504.41
88308,10747.44
88309,16762.79
88310,11219.21
88311,9567.09
88312,7817.25
88313,12291.29
88314,20381.0
88315,12893.14
88316,16000.35
88317,10238.25
88318,19349.44
88319,18813.12
88320,13487.21
88321,17549.08
88322,10296.15
88323,14669.0
88324,7692.26
88325,14874.94
88326,13496.4
88327,16538.34
88328,10350.78
88329,19297.15
88330,9640.7
88331,11112.44
88332,12797.82
88333,13733.94
88334,4817.84
88335,11001.06
88336,10980.19
88337,20459.98
88338,13241.54
88339,12812.67
88340,12578.35
88341,9915.48
88342,9634.11
88343,17267.77
88344,11708.7
88345,13325.14
88346,10469.45
88347,14298.78
88348,7065.22
88349,6817.1
88350,5889.91
88351,10735.15
88352,14978.74
88353,5881.63
88354,18161.84
88355,8863.66
88356,10625.77
88357,15751.79
88358,15513.97
88359,11518.82
88360,13959.24
88361,12708.4
88362,7976.13
88363,13030.28
88364,7639.24
88365,13590.73
88366,9348.05
88367,20735.67
88368,22031.36
88369,16049.14
88370,11735.61
88371,16105.86
88372,14852.17
88373,6846.15
88374,16322.17
88375,14251.47
88376,10909.52
88377,11520.83
88378,17219.19
88379,20710.58
88380,13532.96
88381,7827.82
88382,22170.72
88383,10643.75
88384,11440.55
88385,10027.06
88386,18451.86
88387,10551.12
88388,9044.35
88389,9628.94
88390,8039.26
88391,8666.11
88392,8059.12
88393,15742.47
88394,16082.7
88395,9077.36
88396,8279.29
88397,18038.3
88398,16973.32
88399,15346.41
88400,12683.19
88401,16824.5
88402,17888.54
88403,18202.73
88404,8722.74
88405,14478.42
88406,10702.21
88407,15964.65
88408,9584.56
88409,14072.78
88410,13641.27
88411,16129.48
88412,19925.8
88413,10164.94
88414,21735.13
88415,3550.45
88416,19433.18
88417,31074.98
88418,13070.81
88419,10467.81
88420,11476.55
88421,9614.18
88422,8596.12
88423,15267.26
88424,18592.06
88425,15727.91
88426,6302.38
88427,12271.58
88428,11270.05
88429,17215.88
88430,16324.98
88431,13033.27
88432,9300.78
88433,17437.82
88434,19926.68
88435,13944.74
88436,7253.75
88437,8248.35
88438,10313.71
88439,9957.86
88440,17116.66
88441,12803.62
88442,6898.64
88443,11516.91
88444,9852.91
88445,12048.59
88446,10893.14
88447,11088.19
88448,16588.02
88449,9105.62
88450,13010.09
88451,21244.0
88452,23132.14
88453,17163.49
88454,9881.15
88455,4309.66
88456,6724.61
88457,11022.86
88458,17881.17
88459,15607.63
88460,10184.51
88461,6290.9
88462,12330.67
88463,9308.56
88464,7530.9
88465,17176.4
88466,16135.47
88467,5698.64
88468,17945.04
88469,3053.07
88470,16281.01
88471,7853.11
88472,14490.45
88473,18396.74
88474,9542.79
88475,18119.89
88476,14295.33
88477,17238.72
88478,17213.62
88479,11147.02
88480,11046.5
88481,12662.76
88482,7163.08
88483,16471.12
88484,6804.97
88485,19561.01
88486,11469.99
88487,7951.28
88488,16303.68
88489,11482.97
88490,9894.57
88491,16005.8
88492,18902.84
88493,9639.66
88494,10855.61
88495,18989.0
88496,6828.91
88497,6348.99
88498,4762.63
88499,8749.2
88500,7824.67
88501,16409.49
88502,13478.09
88503,10905.63
88504,18578.2
88505,15586.82
88506,15176.61
88507,10588.19
88508,18412.82
88509,10521.39
88510,12564.82
88511,11181.84
88512,8183.09
88513,8460.39
88514,16110.84
88515,8040.48
88516,11411.65
88517,4672.6
88518,7796.21
88519,15622.94
88520,9023.33
88521,23837.15
88522,11153.34
88523,13602.46
88524,11535.39
88525,8263.25
88526,12500.74
88527,11481.26
88528,19760.63
88529,7933.1
88530,10272.87
88531,13708.15
88532,18209.18
88533,39714.76
88534,7898.98
88535,9865.26
88536,16558.97
88537,22007.8
88538,18420.46
88539,9661.96
88540,6688.38
88541,7099.46
88542,8450.35
88543,10728.85
88544,9697.39
88545,10333.67
88546,19838.24
88547,10677.35
88548,15684.47
88549,13522.17
88550,12886.05
88551,10575.87
88552,8681.01
88553,14226.03
88554,11341.49
88555,9292.79
88556,11926.02
88557,15777.65
88558,9726.65
88559,10632.93
88560,16201.65
88561,9005.41
88562,6294.41
88563,7877.42
88564,15695.83
88565,19242.98
88566,7805.98
88567,14744.68
88568,16843.04
88569,15459.55
88570,21501.78
88571,18572.01
88572,6187.71
88573,14281.74
88574,15488.82
88575,16481.22
88576,17072.74
88577,15211.58
88578,4727.38
88579,10454.37
88580,20904.76
88581,19098.44
88582,13398.48
88583,11105.45
88584,16955.91
88585,12093.53
88586,17059.08
88587,6773.81
88588,11897.28
88589,8440.83
88590,8058.09
88591,4863.29
88592,7540.07
88593,13951.47
88594,9239.47
88595,12235.62
88596,16126.33
88597,11209.69
88598,13368.47
88599,14990.22
88600,18184.94
88601,8570.33
88602,18861.69
88603,11078.74
88604,17354.71
88605,13621.41
88606,9965.15
88607,7930.84
88608,13512.18
88609,8803.85
88610,6155.68
88611,3474.26
88612,16142.19
88613,9911.24
88614,8035.79
88615,12944.79
88616,2579.81
88617,7698.27
88618,8280.08
88619,10473.21
88620,17746.9
88621,10107.3
88622,8559.02
88623,15825.94
88624,13797.87
88625,14143.07
88626,15353.38
88627,21142.27
88628,20748.33
88629,12493.34
88630,8632.34
88631,9638.93
88632,10790.53
88633,17457.47
88634,11359.4
88635,7227.76
88636,12302.58
88637,15723.45
88638,7492.93
88639,14849.09
88640,14530.14
88641,15755.94
88642,11721.63
88643,7239.74
88644,17962.4
88645,11933.5
88646,9761.14
88647,9528.56
88648,10110.12
88649,16177.91
88650,10410.53
88651,10021.1
88652,11457.13
88653,7638.81
88654,15604.02
88655,8932.89
88656,9275.97
88657,11916.96
88658,15219.94
88659,10316.53
88660,16282.57
88661,5965.46
88662,9410.2
88663,10440.96
88664,12588.43
88665,8078.55
88666,17294.37
88667,12347.58
88668,16520.44
88669,10404.87
88670,12697.15
88671,22408.36
88672,4234.14
88673,9893.28
88674,16127.44
88675,21280.33
88676,8433.41
88677,17307.39
88678,11604.08
88679,16892.35
88680,13547.58
88681,16853.1
88682,8136.24
88683,19225.74
88684,19018.33
88685,13598.32
88686,5408.91
88687,13805.94
88688,8161.41
88689,12781.12
88690,5742.95
88691,9788.95
88692,9520.71
88693,15549.6
88694,16580.97
88695,10377.16
88696,16307.25
88697,8322.2
88698,4496.93
88699,15035.06
88700,17510.83
88701,14301.54
88702,8458.53
88703,10583.63
88704,16472.68
88705,15067.41
88706,7758.4
88707,7939.93
88708,16188.52
88709,12761.03
88710,7952.25
88711,11882.16
88712,12815.74
88713,9920.93
88714,8084.03
88715,15955.47
88716,21097.01
88717,4507.04
88718,11951.29
88719,7677.9
88720,12222.15
88721,17172.37
88722,14196.29
88723,11040.58
88724,20588.77
88725,11109.02
88726,11891.91
88727,16757.41
88728,8346.2
88729,21787.03
88730,18447.26
88731,11268.63
88732,9893.06
88733,11748.52
88734,11480.73
88735,21119.81
88736,9489.66
88737,6058.79
88738,4810.66
88739,22430.73
88740,8813.84
88741,9877.6
88742,11257.51
88743,15990.35
88744,17224.09
88745,15618.74
88746,13435.13
88747,11372.54
88748,13189.88
88749,11688.89
88750,8642.09
88751,12671.52
88752,7297.33
88753,17291.26
88754,6000.29
88755,6355.43
88756,11111.36
88757,12842.26
88758,9899.06
88759,17146.02
88760,9981.15
88761,18272.62
88762,18332.73
88763,33683.42
88764,16560.67
88765,17188.03
88766,2968.26
88767,16640.04
88768,10995.4
88769,10388.82
88770,17012.09
88771,6183.95
88772,12040.64
88773,16851.3
88774,8371.7
88775,7040.65
88776,11013.93
88777,13993.78
88778,19840.41
88779,16715.28
88780,8184.83
88781,11315.51
88782,18083.97
88783,12098.25
88784,11876.73
88785,14018.9
88786,27046.69
88787,15242.81
88788,9420.64
88789,16697.39
88790,15378.76
88791,12788.35
88792,8575.05
88793,12147.59
88794,13202.28
88795,8047.42
88796,13215.88
88797,7473.35
88798,19826.42
88799,9062.13
88800,7076.83
88801,15719.98
88802,11197.52
88803,17438.66
88804,8713.73
88805,17241.49
88806,17368.04
88807,13994.41
88808,11355.63
88809,9842.66
88810,10262.83
88811,16819.24
88812,9353.87
88813,9591.72
88814,7758.4
88815,13622.01
88816,17238.77
88817,17189.91
88818,16534.77
88819,8824.36
88820,11556.18
88821,12765.25
88822,13193.05
88823,16562.32
88824,17728.87
88825,7986.18
88826,16003.5
88827,10611.13
88828,8566.94
88829,19304.78
88830,18933.28
88831,9973.49
88832,7662.4
88833,15332.17
88834,12646.68
88835,13907.01
88836,16443.15
88837,13060.35
88838,13304.77
88839,18602.12
88840,11663.24
88841,22192.24
88842,25367.87
88843,11466.66
88844,9609.93
88845,9849.31
88846,13291.8
88847,11355.28
88848,18878.01
88849,10993.8
88850,9789.76
88851,19229.54
88852,12382.7
88853,14954.44
88854,9439.72
88855,7208.93
88856,14504.08
88857,15942.41
88858,12759.01
88859,3476.61
88860,8686.65
88861,10840.98
88862,11849.53
88863,9038.64
88864,12077.79
88865,12666.42
88866,11878.44
88867,11875.28
88868,20254.37
88869,11155.41
88870,15241.25
88871,15733.29
88872,9823.65
88873,36274.77
88874,11327.78
88875,9604.0
88876,2747.14
88877,18175.57
88878,13256.58
88879,13151.24
88880,16430.79
88881,6274.47
88882,11304.89
88883,11975.99
88884,11113.37
88885,14122.44
88886,19352.32
88887,16209.6
88888,20744.83
88889,13738.85
88890,20507.78
88891,18766.34
88892,13091.17
88893,9930.66
88894,13253.42
88895,10066.04
88896,11500.71
88897,10581.23
88898,16579.2
88899,12256.16
88900,7645.91
88901,10582.63
88902,18397.63
88903,11263.38
88904,18206.63
88905,9104.95
88906,22857.46
88907,6827.83
88908,24788.99
88909,7444.73
88910,13671.55
88911,18178.62
88912,11835.15
88913,20387.81
88914,11190.9
88915,9678.96
88916,13318.63
88917,14524.86
88918,7601.13
88919,12689.64
88920,7987.58
88921,7592.71
88922,26770.17
88923,8746.75
88924,11876.38
88925,8932.66
88926,15267.84
88927,6095.31
88928,7354.89
88929,13297.02
88930,15070.09
88931,24531.17
88932,10682.61
88933,11724.77
88934,11789.37
88935,12900.29
88936,19151.3
88937,14829.9
88938,18002.93
88939,9519.68
88940,3033.99
88941,11380.05
88942,15696.87
88943,17769.87
88944,8856.76
88945,6804.77
88946,12940.24
88947,6572.23
88948,9916.23
88949,19221.23
88950,12014.55
88951,6833.06
88952,12638.69
88953,14700.87
88954,10147.34
88955,12695.35
88956,11888.03
88957,19208.92
88958,12231.02
88959,17679.65
88960,9851.29
88961,12553.36
88962,18450.35
88963,11316.53
88964,11274.49
88965,15323.85
88966,14997.62
88967,16861.56
88968,10122.7
88969,9524.52
88970,17319.68
88971,10188.03
88972,19835.66
88973,14272.01
88974,13189.33
88975,10283.5
88976,18631.28
88977,18851.63
88978,11238.41
88979,14146.77
88980,10927.39
88981,16109.25
88982,9703.01
88983,17121.84
88984,9133.19
88985,14778.96
88986,10516.8
88987,20700.32
88988,11233.3
88989,9887.65
88990,11374.84
88991,16226.23
88992,9294.7
88993,10484.06
88994,16316.45
88995,10652.87
88996,12747.02
88997,20374.19
88998,11422.32
88999,16548.28
89000,11233.75
89001,17257.11
89002,8173.28
89003,11017.42
89004,6954.33
89005,9875.42
89006,16196.43
89007,13492.64
89008,7405.97
89009,11794.16
89010,9441.95
89011,11174.86
89012,5671.65
89013,24585.01
89014,19948.68
89015,8671.84
89016,11129.5
89017,7936.16
89018,16482.33
89019,7185.02
89020,10821.44
89021,20013.23
89022,8873.2
89023,16836.27
89024,19281.42
89025,10259.81
89026,20313.12
89027,10103.23
89028,14255.65
89029,14575.19
89030,11924.64
89031,7252.68
89032,16764.93
89033,10329.77
89034,7864.45
89035,16896.39
89036,16832.88
89037,16202.94
89038,9899.25
89039,14529.39
89040,21014.29
89041,9730.14
89042,15965.72
89043,13696.94
89044,17270.45
89045,8869.39
89046,9496.53
89047,13905.59
89048,10680.37
89049,9946.78
89050,14125.73
89051,21830.81
89052,36295.26
89053,17294.83
89054,15990.03
89055,14019.78
89056,16829.57
89057,16360.74
89058,9630.8
89059,9313.31
89060,7363.89
89061,6445.34
89062,22706.0
89063,10275.3
89064,13536.38
89065,10586.88
89066,11017.58
89067,9260.91
89068,7171.93
89069,15714.57
89070,6198.19
89071,8256.63
89072,7865.63
89073,10688.08
89074,18901.6
89075,9589.96
89076,11512.3
89077,10115.86
89078,7537.46
89079,16026.3
89080,12270.77
89081,19646.27
89082,16720.48
89083,19485.39
89084,17061.33
89085,9836.2
89086,2489.73
89087,24993.66
89088,13058.3
89089,10739.07
89090,11283.24
89091,12114.56
89092,13349.85
89093,14213.35
89094,5499.1
89095,18700.83
89096,16046.45
89097,7076.91
89098,16585.27
89099,25913.75
89100,11171.77
89101,17264.31
89102,4434.98
89103,7779.19
89104,6284.51
89105,2700.74
89106,10467.59
89107,8668.74
89108,19766.0
89109,6751.29
89110,7058.8
89111,19861.12
89112,14228.55
89113,11147.36
89114,11466.38
89115,16480.21
89116,7987.02
89117,15778.11
89118,9815.15
89119,7853.41
89120,10756.22
89121,7195.72
89122,15522.76
89123,11596.81
89124,11457.61
89125,9823.25
89126,9751.69
89127,5753.97
89128,11691.91
89129,11182.72
89130,10347.17
89131,9682.56
89132,5496.29
89133,6608.16
89134,13911.85
89135,14161.1
89136,10658.52
89137,13616.11
89138,11391.43
89139,14209.45
89140,16715.28
89141,24644.15
89142,9585.66
89143,18346.21
89144,12388.74
89145,7553.65
89146,17037.01
89147,11254.39
89148,11344.51
89149,7637.64
89150,16646.61
89151,9516.55
89152,15210.91
89153,20486.77
89154,17832.91
89155,7353.7
89156,13734.96
89157,18214.36
89158,14929.35
89159,20676.39
89160,13424.45
89161,16732.6
89162,16698.34
89163,14909.12
89164,19004.28
89165,7497.42
89166,13598.3
89167,13115.74
89168,18685.71
89169,16082.46
89170,12257.69
89171,21631.48
89172,10758.33
89173,19712.77
89174,13881.64
89175,12586.42
89176,13440.88
89177,9845.0
89178,8403.69
89179,16261.5
89180,14185.13
89181,11343.22
89182,17348.27
89183,12168.2
89184,10830.82
89185,15286.33
89186,16557.02
89187,16396.98
89188,12840.66
89189,16208.8
89190,9384.13
89191,14376.68
89192,21734.26
89193,12675.37
89194,9388.17
89195,11247.88
89196,6535.35
89197,14091.44
89198,16211.21
89199,6636.0
89200,10521.4
89201,13030.73
89202,21429.59
89203,10847.73
89204,8608.55
89205,5420.7
89206,5481.43
89207,13272.66
89208,3764.58
89209,14744.13
89210,9680.92
89211,13013.38
89212,7048.79
89213,15462.36
89214,16137.27
89215,10447.09
89216,7661.22
89217,10921.37
89218,11491.94
89219,6204.03
89220,9623.12
89221,8407.79
89222,14389.31
89223,16721.61
89224,14413.18
89225,14679.75
89226,6517.17
89227,9359.49
89228,13428.37
89229,17354.33
89230,14718.95
89231,16575.09
89232,9790.94
89233,5587.86
89234,17776.54
89235,16601.38
89236,11825.08
89237,15207.96
89238,36101.33
89239,17329.62
89240,8150.28
89241,12490.2
89242,18423.48
89243,7876.98
89244,14100.45
89245,18342.49
89246,21409.35
89247,7646.25
89248,7147.2
89249,10975.71
89250,13842.54
89251,20037.92
89252,14258.66
89253,18589.25
89254,17323.87
89255,15834.97
89256,15666.32
89257,16595.53
89258,11371.61
89259,10413.73
89260,16324.89
89261,10248.02
89262,26164.79
89263,16834.47
89264,12646.45
89265,8565.72
89266,10039.43
89267,6052.92
89268,19285.85
89269,15402.84
89270,15334.39
89271,18623.16
89272,10959.85
89273,9933.1
89274,17436.18
89275,6518.43
89276,7808.59
89277,11747.95
89278,13039.97
89279,9744.15
89280,11077.16
89281,18902.85
89282,21657.52
89283,13102.87
89284,7872.22
89285,15144.01
89286,10545.4
89287,11037.37
89288,20964.75
89289,18543.83
89290,8468.73
89291,7833.67
89292,10767.32
89293,15545.23
89294,9507.42
89295,10517.73
89296,13848.63
89297,20409.45
89298,8608.22
89299,20596.03
89300,20297.87
89301,16009.43
89302,9831.71
89303,16281.78
89304,11502.91
89305,15785.73
89306,14701.61
89307,9366.64
89308,20287.62
89309,19862.84
89310,9803.14
89311,14780.76
89312,6474.46
89313,9757.92
89314,11265.55
89315,14794.87
89316,8898.23
89317,20684.38
89318,9171.98
89319,7494.78
89320,14119.7
89321,9306.4
89322,2530.15
89323,6646.48
89324,5444.62
89325,9788.98
89326,16472.84
89327,16149.67
89328,9651.09
89329,17668.13
89330,10618.39
89331,10047.47
89332,7364.73
89333,7794.8
89334,12766.42
89335,16396.64
89336,11760.33
89337,9915.41
89338,22969.34
89339,17747.25
89340,8454.16
89341,13702.34
89342,10184.51
89343,18414.83
89344,17920.17
89345,12763.89
89346,11472.05
89347,21708.33
89348,8306.71
89349,11993.26
89350,11354.7
89351,12027.86
89352,5051.21
89353,14854.49
89354,13086.02
89355,9877.58
89356,13498.4
89357,9900.87
89358,12101.89
89359,16464.49
89360,7342.8
89361,13257.31
89362,10767.29
89363,8901.37
89364,17568.32
89365,14130.94
89366,14586.24
89367,9257.03
89368,10691.27
89369,8347.12
89370,27131.43
89371,16136.42
89372,10926.38
89373,13861.85
89374,16344.69
89375,10523.65
89376,8183.17
89377,11420.62
89378,10892.11
89379,9467.28
89380,11461.46
89381,6867.1
89382,10580.95
89383,11185.95
89384,17345.28
89385,9873.98
89386,17259.94
89387,8270.3
89388,13829.91
89389,10095.71
89390,7371.93
89391,13231.93
89392,15084.04
89393,7502.13
89394,12867.02
89395,20110.88
89396,16694.55
89397,12058.94
89398,12661.98
89399,9718.75
89400,13876.66
89401,11393.89
89402,13029.83
89403,10755.3
89404,4611.84
89405,9950.91
89406,18222.39
89407,30873.96
89408,9816.92
89409,12189.04
89410,12716.14
89411,7475.76
89412,10708.64
89413,6499.44
89414,24808.73
89415,8982.48
89416,15822.12
89417,13451.53
89418,11011.43
89419,14585.58
89420,13525.72
89421,10169.8
89422,14613.97
89423,11503.96
89424,15201.43
89425,2843.06
89426,13129.98
89427,14437.55
89428,10311.06
89429,13843.12
89430,21128.34
89431,11792.91
89432,17944.81
89433,7162.08
89434,9487.16
89435,21749.91
89436,17739.24
89437,7716.77
89438,17022.03
89439,16937.0
89440,8260.07
89441,9013.67
89442,11015.94
89443,7984.48
89444,21498.69
89445,9239.35
89446,19029.6
89447,16349.15
89448,11525.47
89449,9166.51
89450,9586.82
89451,6480.48
89452,10453.57
89453,13901.55
89454,5737.34
89455,9487.16
89456,14169.05
89457,6417.76
89458,10828.0
89459,14097.53
89460,8020.2
89461,8626.96
89462,5221.83
89463,7022.47
89464,17520.82
89465,14198.77
89466,6631.33
89467,13365.4
89468,11222.67
89469,11118.39
89470,10115.0
89471,13019.56
89472,29689.0
89473,17281.74
89474,7187.41
89475,14466.81
89476,15089.96
89477,13905.71
89478,7801.31
89479,6944.83
89480,34461.05
89481,9674.01
89482,13632.03
89483,8578.5
89484,9218.65
89485,12320.81
89486,7043.39
89487,9551.43
89488,10854.77
89489,7678.27
89490,21276.5
89491,7867.75
89492,7693.5
89493,10771.64
89494,11232.63
89495,7573.39
89496,8345.37
89497,39146.68
89498,18568.67
89499,8269.47
89500,10036.91
89501,8399.24
89502,14767.93
89503,7664.39
89504,20750.94
89505,7664.95
89506,17864.52
89507,21693.74
89508,9287.89
89509,9856.24
89510,6860.85
89511,7852.15
89512,9500.98
89513,7722.66
89514,23943.98
89515,8407.92
89516,14347.58
89517,7270.39
89518,8815.76
89519,15999.91
89520,5020.97
89521,8153.12
89522,6875.97
89523,10104.79
89524,8896.35
89525,7634.02
89526,7796.95
89527,14550.61
89528,16170.37
89529,18868.76
89530,9865.77
89531,17030.26
89532,9362.83
89533,20571.41
89534,10099.71
89535,22425.18
89536,7198.67
89537,14116.16
89538,14460.22
89539,6985.28
89540,15317.95
89541,7899.33
89542,7880.96
89543,20711.55
89544,7569.79
89545,13611.84
89546,15085.22
89547,15879.09
89548,14878.9
89549,15165.38
89550,17455.69
89551,7404.68
89552,14034.97
89553,17879.81
89554,13322.35
89555,24482.93
89556,8571.9
89557,10163.92
89558,14508.93
89559,16964.86
89560,14483.06
89561,14708.29
89562,10721.9
89563,21520.51
89564,12597.86
89565,18084.13
89566,13632.64
89567,2685.59
89568,17436.17
89569,19320.92
89570,7270.39
89571,11136.07
89572,15800.49
89573,7574.91
89574,4637.45
89575,6448.7
89576,8742.26
89577,3105.47
89578,17118.48
89579,15804.94
89580,16820.11
89581,6855.78
89582,4687.26
89583,9292.23
89584,7359.68
89585,16792.62
89586,7924.75
89587,11970.56
89588,7437.97
89589,11058.53
89590,5862.94
89591,19554.58
89592,6380.51
89593,7798.63
89594,17586.19
89595,6076.65
89596,9589.9
89597,13580.87
89598,7025.3
89599,7367.03
89600,18320.15
89601,13585.64
89602,23282.64
89603,19787.7
89604,7360.28
89605,14727.39
89606,15383.78
89607,8386.03
89608,14352.15
89609,17243.77
89610,7062.49
89611,13527.32
89612,7358.3
89613,15769.96
89614,13779.57
89615,5134.53
89616,9292.51
89617,12068.45
89618,15298.38
89619,8509.32
89620,17047.19
89621,8747.81
89622,16339.55
89623,7229.98
89624,9015.32
89625,7633.91
89626,24463.52
89627,11747.94
89628,8542.86
89629,7779.82
89630,20544.47
89631,34277.76
89632,10244.24
89633,9029.14
89634,7136.48
89635,16514.61
89636,8115.23
89637,5924.11
89638,19333.58
89639,9107.72
89640,14428.36
89641,10218.32
89642,16789.83
89643,7798.07
89644,15241.23
89645,7868.05
89646,28846.58
89647,10970.17
89648,9690.36
89649,12191.37
89650,14380.4
89651,17721.45
89652,13113.73
89653,8911.11
89654,16214.61
89655,12797.02
89656,15948.03
89657,15571.43
89658,8545.43
89659,9478.18
89660,8647.98
89661,15961.85
89662,15082.69
89663,11483.19
89664,18031.25
89665,18750.99
89666,7540.77
89667,10030.16
89668,8065.79
89669,7462.07
89670,9443.23
89671,6902.12
89672,6691.52
89673,15342.62
89674,15750.58
89675,9346.87
89676,32351.85
89677,9513.46
89678,17829.42
89679,17101.0
89680,14055.64
89681,9843.1
89682,7395.29
89683,8996.2
89684,8816.8
89685,16075.55
89686,12111.73
89687,34360.83
89688,4747.45
89689,16175.84
89690,8076.23
89691,15287.06
89692,6872.25
89693,7787.5
89694,14176.37
89695,6444.56
89696,24253.63
89697,17575.97
89698,14792.14
89699,7236.17
89700,6989.14
89701,8201.48
89702,6818.67
89703,20584.96
89704,13091.97
89705,13187.55
89706,19890.82
89707,10977.59
89708,18110.94
89709,13934.24
89710,10013.74
89711,15229.03
89712,7921.87
89713,12923.93
89714,12499.26
89715,6630.05
89716,15763.52
89717,6756.54
89718,8878.94
89719,19030.16
89720,16127.71
89721,9347.24
89722,7460.88
89723,15470.72
89724,22367.24
89725,7981.22
89726,9039.78
89727,24620.09
89728,21674.16
89729,8084.13
89730,14344.77
89731,15288.59
89732,3096.57
89733,16157.51
89734,15262.65
89735,12061.69
89736,15031.02
89737,9541.2
89738,7083.41
89739,17665.03
89740,18503.49
89741,7624.65
89742,6172.49
89743,16103.86
89744,18113.79
89745,20506.86
89746,15445.71
89747,14098.86
89748,21586.57
89749,8828.55
89750,7913.92
89751,9992.76
89752,7619.78
89753,11232.59
89754,24096.4
89755,18735.99
89756,8477.73
89757,7496.35
89758,15400.08
89759,8756.81
89760,8571.6
89761,12281.05
89762,8106.64
89763,15178.0
89764,14929.94
89765,15125.54
89766,15536.12
89767,7042.3
89768,8274.0
89769,7914.89
89770,6556.64
89771,15739.05
89772,8761.17
89773,19592.11
89774,19305.55
89775,21754.52
89776,13866.94
89777,13554.16
89778,16096.22
89779,14295.96
89780,34420.87
89781,21452.69
89782,14442.84
89783,9259.87
89784,10116.72
89785,8493.28
89786,16764.48
89787,19276.99
89788,6839.07
89789,15082.41
89790,5165.82
89791,10582.07
89792,5462.73
89793,6957.24
89794,9113.53
89795,25145.79
89796,4447.05
89797,8175.15
89798,7742.71
89799,17461.34
89800,9608.72
89801,6871.61
89802,15490.01
89803,9956.58
89804,12042.61
89805,14226.17
89806,5444.54
89807,10109.0
89808,12158.85
89809,24727.55
89810,8707.19
89811,6983.94
89812,16269.42
89813,5300.8
89814,15885.5
89815,7844.67
89816,7048.26
89817,9543.16
89818,6094.51
89819,20842.62
89820,27246.25
89821,14952.22
89822,18764.39
89823,11040.06
89824,11533.34
89825,13232.16
89826,8368.18
89827,10504.07
89828,10319.93
89829,17452.89
89830,21486.51
89831,14058.69
89832,10917.85
89833,20130.27
89834,7796.95
89835,20600.49
89836,16049.9
89837,8876.57
89838,17814.24
89839,9246.04
89840,8953.13
89841,15320.61
89842,19452.23
89843,10941.03
89844,14289.47
89845,13701.55
89846,8967.04
89847,14476.34
89848,17305.38
89849,9523.11
89850,8976.43
89851,6745.44
89852,5861.05
89853,5371.42
89854,10932.77
89855,11550.26
89856,9459.47
89857,8819.33
89858,13481.97
89859,19385.43
89860,5364.11
89861,8072.68
89862,4691.65
89863,14233.33
89864,14352.05
89865,6032.59
89866,14886.78
89867,14597.56
89868,13742.16
89869,9508.35
89870,7043.39
89871,10151.6
89872,5992.61
89873,7899.38
89874,14052.33
89875,16178.26
89876,11012.71
89877,8118.93
89878,19730.88
89879,6466.61
89880,13193.95
89881,14010.39
89882,15525.95
89883,5222.09
89884,7500.8
89885,6828.77
89886,17084.07
89887,18168.27
89888,8724.35
89889,19843.05
89890,9531.71
89891,6743.84
89892,22157.2
89893,8215.55
89894,24862.73
89895,9082.86
89896,9847.92
89897,17966.47
89898,9529.03
89899,16308.21
89900,15279.53
89901,7552.17
89902,7404.88
89903,11550.18
89904,9123.76
89905,6699.23
89906,17904.65
89907,9243.74
89908,13228.75
89909,16159.85
89910,7144.48
89911,10142.08
89912,9115.66
89913,7612.28
89914,34241.04
89915,9227.67
89916,14703.8
89917,13390.76
89918,6532.89
89919,6868.16
89920,8268.38
89921,7056.82
89922,17794.26
89923,10629.19
89924,7566.61
89925,8619.47
89926,32409.17
89927,9583.27
89928,14291.96
89929,9626.9
89930,13648.94
89931,10027.18
89932,19473.78
89933,19096.06
89934,8347.57
89935,15994.18
89936,7131.78
89937,11135.02
89938,13553.4
89939,12871.06
89940,20904.49
89941,23694.11
89942,24508.84
89943,11879.53
89944,14314.58
89945,9691.09
89946,14232.13
89947,12276.47
89948,15883.86
89949,11747.94
89950,18904.53
89951,6769.82
89952,24615.58
89953,6842.36
89954,13063.11
89955,9503.56
89956,15087.32
89957,10428.18
89958,18019.3
89959,10770.44
89960,8541.9
89961,10868.97
89962,20004.52
89963,14600.63
89964,7044.82
89965,8711.22
89966,15910.53
89967,7788.0
89968,7129.11
89969,10117.59
89970,13514.88
89971,11527.93
89972,12156.97
89973,5977.72
89974,4619.97
89975,6827.18
89976,8666.21
89977,7912.03
89978,8144.29
89979,22933.81
89980,4979.7
89981,6035.02
89982,17045.73
89983,12890.07
89984,6599.14
89985,8191.78
89986,9649.67
89987,10388.07
89988,16281.58
89989,16359.5
89990,19220.26
89991,13932.28
89992,7685.18
89993,10532.27
89994,8644.17
89995,25442.2
89996,15350.61
89997,8540.37
89998,17993.77
89999,6435.83
90000,5983.39
90001,12010.71
90002,15114.46
90003,12284.74
90004,6301.93
90005,21752.56
90006,11769.77
90007,16454.28
90008,22918.17
90009,8088.83
90010,9090.24
90011,5669.14
90012,8030.73
90013,23919.78
90014,17323.28
90015,8915.65
90016,16220.81
90017,6855.24
90018,24368.53
90019,7470.94
90020,15633.57
90021,14336.34
90022,12686.76
90023,7327.85
90024,23071.77
90025,6223.89
90026,7289.55
90027,6353.41
90028,14961.32
90029,8899.77
90030,5360.49
90031,24305.25
90032,6575.07
90033,10170.72
90034,14665.7
90035,12307.37
90036,7087.18
90037,10848.04
90038,8329.98
90039,7027.92
90040,13173.82
90041,14656.14
90042,11697.03
90043,9361.2
90044,8536.7
90045,6514.29
90046,5950.25
90047,13716.18
90048,8777.38
90049,9298.24
90050,8455.64
90051,8249.67
90052,21354.52
90053,14982.68
90054,12358.02
90055,9357.7
90056,16456.88
90057,11260.06
90058,6902.07
90059,26136.53
90060,11809.12
90061,7165.5
90062,12163.15
90063,6524.13
90064,12721.2
90065,4213.92
90066,9804.26
90067,12024.51
90068,14863.75
90069,19574.06
90070,9155.39
90071,13219.07
90072,7255.17
90073,17713.36
90074,8466.22
90075,9609.79
90076,16339.43
90077,9026.07
90078,3060.46
90079,17777.86
90080,6526.54
90081,11193.62
90082,34381.25
90083,7167.51
90084,10662.35
90085,6518.31
90086,8415.88
90087,18752.72
90088,7648.18
90089,22325.05
90090,13165.75
90091,9326.89
90092,26084.48
90093,22130.28
90094,8724.05
90095,16812.05
90096,4538.49
90097,21544.55
90098,19389.22
90099,8098.62
90100,7142.75
90101,14526.39
90102,11404.54
90103,6133.7
90104,9219.55
90105,6222.13
90106,14404.99
90107,10381.48
90108,16418.28
90109,3384.56
90110,6139.3
90111,16022.07
90112,8992.57
90113,9232.64
90114,21685.9
90115,15522.5
90116,10375.42
90117,14348.76
90118,8146.93
90119,9224.56
90120,9184.5
90121,9434.73
90122,13578.01
90123,6237.04
90124,4323.43
90125,34521.19
90126,16330.07
90127,12757.41
90128,13173.18
90129,10921.88
90130,14236.74
90131,9361.06
90132,9065.46
90133,12459.43
90134,13246.08
90135,6987.19
90136,20506.56
90137,8570.07
90138,20008.99
90139,17539.42
90140,5238.07
90141,6392.71
90142,21278.44
90143,14812.77
90144,14388.09
90145,23950.17
90146,6101.31
90147,15722.91
90148,21813.56
90149,21693.74
90150,7328.85
90151,7354.47
90152,13300.59
90153,9349.76
90154,12880.96
90155,5520.58
90156,10132.64
90157,12906.24
90158,14803.37
90159,13761.81
90160,15823.18
90161,13586.19
90162,13131.36
90163,16455.02
90164,14538.32
90165,8180.04
90166,12415.51
90167,13094.45
90168,7607.97
90169,14453.75
90170,7490.47
90171,7581.71
90172,14604.61
90173,20628.04
90174,8310.4
90175,17215.6
90176,34108.23
90177,8647.08
90178,7589.46
90179,14017.93
90180,10054.82
90181,21513.87
90182,15179.29
90183,15823.85
90184,15713.43
90185,8699.39
90186,7145.17
90187,10426.23
90188,6576.04
90189,10723.26
90190,16095.63
90191,11045.86
90192,15381.3
90193,12090.71
90194,19794.44
90195,9317.97
90196,6675.74
90197,8187.03
90198,9387.62
90199,25611.8
90200,6832.93
90201,8754.24
90202,8080.65
90203,16387.52
90204,2720.09
90205,21747.3
90206,14361.15
90207,10795.22
90208,7464.53
90209,12061.43
90210,15188.33
90211,15620.2
90212,5676.46
90213,6309.92
90214,15340.76
90215,5588.84
90216,6177.3
90217,15694.97
90218,10152.96
90219,20801.87
90220,12068.45
90221,15906.98
90222,10264.42
90223,22889.36
90224,11671.62
90225,17297.93
90226,14930.17
90227,14055.44
90228,14554.25
90229,9011.24
90230,17114.8
90231,8351.76
90232,11619.91
90233,8138.34
90234,5774.47
90235,10997.62
90236,8283.59
90237,8094.6
90238,18946.43
90239,7060.47
90240,14126.07
90241,8102.92
90242,16549.1
90243,29804.79
90244,7638.74
90245,14878.1
90246,13249.24
90247,16082.18
90248,25009.9
90249,11209.79
90250,6582.83
90251,6942.51
90252,18316.05
90253,7745.04
90254,4783.38
90255,21652.35
90256,7712.5
90257,7645.09
90258,10535.55
90259,14191.8
90260,15288.54
90261,12777.22
90262,6477.74
90263,13086.31
90264,15253.3
90265,9329.52
90266,6884.36
90267,8168.08
90268,8226.97
90269,8749.48
90270,18425.9
90271,7013.01
90272,18876.43
90273,16038.86
90274,9147.77
90275,7999.41
90276,11617.46
90277,7208.78
90278,14551.53
90279,10446.76
90280,10312.84
90281,13227.04
90282,7044.82
90283,14925.84
90284,14095.25
90285,14630.07
90286,7924.53
90287,22176.89
90288,9319.74
90289,11934.09
90290,14152.61
90291,14317.56
90292,8289.91
90293,4670.94
90294,17768.27
90295,18280.39
90296,7430.95
90297,6764.39
90298,10314.68
90299,21335.79
90300,13434.85
90301,7686.05
90302,21690.52
90303,13280.74
90304,14071.82
90305,7073.76
90306,14434.37
90307,7683.47
90308,7495.44
90309,5414.6
90310,16546.34
90311,9958.76
90312,13139.61
90313,9977.56
90314,5500.96
90315,8614.29
90316,15913.86
90317,12191.3
90318,14698.22
90319,6980.09
90320,8850.15
90321,8493.28
90322,7912.12
90323,5022.92
90324,11973.79
90325,3050.13
90326,19473.78
90327,8023.25
90328,19213.53
90329,8742.46
90330,17430.51
90331,10242.0
90332,12832.46
90333,9292.23
90334,9255.75
90335,15564.64
90336,17688.36
90337,8264.21
90338,12059.07
90339,13823.05
90340,8628.15
90341,17089.43
90342,14866.85
90343,13804.65
90344,11845.5
90345,7056.61
90346,7081.29
90347,5787.1
90348,9650.52
90349,16027.96
90350,24596.67
90351,9264.63
90352,7578.65
90353,4886.28
90354,6846.23
90355,7559.84
90356,12790.77
90357,14540.39
90358,16353.1
90359,14225.96
90360,14218.06
90361,12847.99
90362,16133.71
90363,11167.09
90364,12283.02
90365,13630.8
90366,14737.08
90367,9145.4
90368,10381.48
90369,8167.13
90370,9282.77
90371,6768.99
90372,10981.08
90373,28693.97
90374,25012.2
90375,21175.4
90376,15084.59
90377,8512.38
90378,17032.8
90379,11665.4
90380,10319.76
90381,15522.5
90382,25069.86
90383,7859.0
90384,33904.84
90385,11708.18
90386,9934.36
90387,9359.44
90388,4927.5
90389,7392.13
90390,15511.54
90391,21617.2
90392,7851.35
90393,17198.31
90394,32143.14
90395,12791.28
90396,7780.67
90397,15955.24
90398,16327.05
90399,15439.4
90400,8187.36
90401,15936.92
90402,9257.86
90403,14954.87
90404,18876.43
90405,12518.98
90406,18526.64
90407,22756.04
90408,24046.06
90409,14246.13
90410,21693.74
90411,16811.06
90412,7584.21
90413,10756.58
90414,14812.99
90415,11001.28
90416,18752.15
90417,18397.94
90418,8512.96
90419,12310.54
90420,15108.89
90421,12775.47
90422,15523.82
90423,19549.25
90424,20252.47
90425,17452.89
90426,12704.08
90427,9589.9
90428,7224.66
90429,15355.49
90430,8058.58
90431,15679.34
90432,12047.17
90433,5627.84
90434,6308.17
90435,12763.39
90436,20008.99
90437,7980.38
90438,7636.02
90439,22756.04
90440,15726.7
90441,7608.31
90442,14335.74
90443,14207.26
90444,14079.67
90445,10122.92
90446,4317.27
90447,7110.5
90448,18837.33
90449,14903.59
90450,21067.09
90451,32264.96
90452,13662.67
90453,14411.72
90454,16044.73
90455,12489.7
90456,9524.78
90457,8142.57
90458,26589.18
90459,8149.69
90460,16028.82
90461,9280.54
90462,10385.36
90463,11332.92
90464,6573.57
90465,12164.25
90466,10032.48
90467,15995.62
90468,6960.79
90469,5329.78
90470,17392.83
90471,16392.88
90472,5339.67
90473,8013.97
90474,11021.39
90475,8725.1
90476,8896.04
90477,15334.25
90478,5735.32
90479,9571.3
90480,7086.64
90481,16570.03
90482,15105.91
90483,11551.08
90484,19878.61
90485,36591.65
90486,3495.9
90487,5874.74
90488,16053.52
90489,12733.51
90490,6953.08
90491,12700.36
90492,14504.93
90493,9248.79
90494,8475.6
90495,7777.63
90496,7544.8
90497,15514.05
90498,8029.48
90499,7086.85
90500,12950.0
90501,7899.33
90502,15053.49
90503,10432.76
90504,13508.25
90505,23003.03
90506,7836.82
90507,16316.17
90508,7659.41
90509,4516.39
90510,7321.0
90511,17442.18
90512,8999.6
90513,16306.12
90514,16263.16
90515,7863.66
90516,21340.11
90517,8936.16
90518,13572.52
90519,32231.74
90520,6154.64
90521,14443.86
90522,13493.14
90523,7923.16
90524,19713.52
90525,18162.58
90526,14931.06
90527,14500.53
90528,13455.27
90529,14252.33
90530,11043.83
90531,14328.18
90532,21079.31
90533,10381.28
90534,21986.21
90535,4688.13
90536,11706.28
90537,5939.37
90538,16255.28
90539,14963.74
90540,8751.29
90541,17301.01
90542,16464.77
90543,16041.08
90544,7575.86
90545,13417.37
90546,7191.07
90547,16095.63
90548,13932.04
90549,15484.02
90550,9519.92
90551,18201.21
90552,7908.44
90553,24259.98
90554,7074.44
90555,8774.75
90556,15919.68
90557,7549.54
90558,21240.86
90559,32403.91
90560,16719.7
90561,15321.93
90562,16713.93
90563,13803.68
90564,15017.49
90565,22164.62
90566,11688.79
90567,14055.91
90568,19726.53
90569,14922.46
90570,11266.56
90571,12029.94
90572,8038.26
90573,16198.07
90574,11541.74
90575,7568.55
90576,19784.41
90577,18754.64
90578,8922.16
90579,19608.4
90580,11776.32
90581,12867.18
90582,11070.89
90583,10320.94
90584,9059.39
90585,15293.69
90586,17110.88
90587,7257.79
90588,10602.98
90589,13839.82
90590,14320.8
90591,7840.95
90592,13189.24
90593,12961.47
90594,24808.89
90595,8027.89
90596,14255.91
90597,14500.53
90598,8825.4
90599,8698.35
90600,9306.62
90601,16647.88
90602,8133.57
90603,10634.61
90604,11166.37
90605,13730.97
90606,18161.88
90607,15409.03
90608,10468.96
90609,13250.11
90610,14790.89
90611,13063.4
90612,21864.74
90613,15400.74
90614,13821.86
90615,9130.81
90616,13744.03
90617,8245.14
90618,13874.68
90619,12580.67
90620,5979.27
90621,7386.2
90622,6983.66
90623,12010.71
90624,13379.56
90625,7256.19
90626,18364.36
90627,6858.0
90628,4548.74
90629,15588.09
90630,15919.54
90631,7404.72
90632,7749.99
90633,17281.74
90634,24949.13
90635,16759.98
90636,7137.91
90637,15948.45
90638,6241.7
90639,10993.04
90640,14636.04
90641,9689.55
90642,7622.93
90643,14783.49
90644,5869.21
90645,6883.97
90646,15332.43
90647,33957.64
90648,18209.41
90649,5886.99
90650,21650.47
90651,8752.81
90652,14415.54
90653,6629.6
90654,15790.33
90655,16209.36
90656,19338.12
90657,9281.41
90658,15730.46
90659,17173.52
90660,7584.22
90661,7518.47
90662,18130.29
90663,8028.73
90664,13413.21
90665,6391.76
90666,17999.31
90667,20608.17
90668,7107.27
90669,13156.93
90670,16377.6
90671,10381.95
90672,9865.77
90673,7284.36
90674,13341.44
90675,8121.84
90676,7047.78
90677,22237.5
90678,13925.99
90679,14567.43
90680,16338.51
90681,15267.05
90682,18720.96
90683,13478.97
90684,13791.96
90685,9929.1
90686,8374.65
90687,18522.25
90688,11717.82
90689,7562.97
90690,14065.6
90691,32143.14
90692,6874.39
90693,15992.82
90694,7504.21
90695,11499.33
90696,14054.19
90697,16506.84
90698,12679.24
90699,8415.37
90700,7900.13
90701,32288.76
90702,8282.94
90703,9374.13
90704,23281.65
90705,10850.81
90706,11767.8
90707,12687.66
90708,14545.53
90709,9133.29
90710,6476.1
90711,12444.92
90712,13580.75
90713,21292.67
90714,11194.86
90715,16474.55
90716,16146.79
90717,7335.61
90718,15768.27
90719,14110.14
90720,16262.91
90721,10542.62
90722,9589.9
90723,13591.93
90724,14118.1
90725,16117.27
90726,8032.16
90727,6911.62
90728,8393.31
90729,16488.76
90730,6543.44
90731,16692.1
90732,14094.03
90733,9083.89
90734,14110.22
90735,13471.44
90736,8672.26
90737,6918.92
90738,8470.13
90739,14012.7
90740,8550.86
90741,15364.73
90742,3410.14
90743,10011.82
90744,6172.21
90745,7225.83
90746,14506.48
90747,23633.22
90748,6833.44
90749,24076.15
90750,13141.86
90751,9877.88
90752,14303.5
90753,17196.58
90754,8103.49
90755,13593.94
90756,9603.13
90757,8084.66
90758,15073.97
90759,23970.79
90760,17535.44
90761,15752.72
90762,4866.96
90763,8775.82
90764,7432.29
90765,21373.14
90766,17279.88
90767,5702.09
90768,29661.17
90769,16187.8
90770,24187.95
90771,25014.34
90772,7150.62
90773,12108.88
90774,9366.91
90775,11545.46
90776,7515.54
90777,8127.92
90778,8812.05
90779,8128.73
90780,15730.14
90781,7648.0
90782,8314.46
90783,19136.74
90784,23216.76
90785,10778.75
90786,7232.61
90787,14451.26
90788,19715.45
90789,21283.39
90790,6619.66
90791,17898.27
90792,14253.78
90793,8247.92
90794,17450.48
90795,8763.74
90796,22670.12
90797,5692.79
90798,7608.96
90799,14794.0
90800,7458.41
90801,16996.32
90802,20036.19
90803,16992.49
90804,17905.17
90805,12723.46
90806,9323.67
90807,15221.17
90808,15490.01
90809,7452.06
90810,7396.74
90811,14877.03
90812,6104.04
90813,13827.48
90814,6614.96
90815,9049.2
90816,7547.83
90817,15354.24
90818,32443.56
90819,14022.26
90820,10576.4
90821,15677.99
90822,11952.56
90823,10608.16
90824,8807.99
90825,6032.9
90826,18947.53
90827,9998.99
90828,15993.89
90829,14207.77
90830,2012.68
90831,7636.01
90832,14817.24
90833,6163.21
90834,21367.14
90835,19364.79
90836,9325.21
90837,17807.48
90838,6327.64
90839,6520.1
90840,16372.46
90841,11600.28
90842,21542.97
90843,13405.79
90844,8621.67
90845,8444.56
90846,15267.07
90847,15579.35
90848,10255.03
90849,9302.83
90850,15576.28
90851,6097.58
90852,16198.02
90853,14200.39
90854,10063.76
90855,8746.77
90856,15494.58
90857,12452.47
90858,16198.42
90859,7872.79
90860,15363.26
90861,15382.71
90862,4339.19
90863,11523.98
90864,9272.94
90865,15190.99
90866,18422.74
90867,5455.89
90868,22104.43
90869,22075.0
90870,10451.41
90871,6503.53
90872,31488.1
90873,19174.3
90874,6719.44
90875,19970.41
90876,20975.6
90877,15960.27
90878,23970.79
90879,11024.84
90880,12003.57
90881,15182.38
90882,16250.53
90883,8051.66
90884,8693.83
90885,6867.21
90886,6297.2
90887,15193.83
90888,9589.9
90889,12966.51
90890,14319.94
90891,24524.44
90892,10194.41
90893,18721.74
90894,19269.91
90895,18342.05
90896,31474.68
90897,16579.27
90898,12950.2
90899,22956.63
90900,10440.85
90901,16044.2
90902,51857.77
90903,31296.01
90904,20968.1
90905,21283.1
90906,19943.35
90907,15110.03
90908,23003.49
90909,31876.0
90910,18866.94
90911,25448.18
90912,27376.24
90913,18978.54
90914,23973.42
90915,18648.13
90916,20473.59
90917,30859.88
90918,29244.08
90919,12966.26
90920,13323.43
90921,36244.26
90922,23758.61
90923,27599.38
90924,14306.54
90925,19639.1
90926,16412.36
90927,39489.8
90928,30952.96
90929,18802.34
90930,22708.21
90931,21342.18
90932,39454.43
90933,17858.9
90934,24985.33
90935,30130.55
90936,19798.93
90937,25102.69
90938,29935.85
90939,20137.09
90940,10236.53
90941,40119.59
90942,43854.81
90943,30849.4
90944,33275.48
90945,24426.9
90946,18939.48
90947,13418.47
90948,15712.31
90949,13995.01
90950,22559.04
90951,26267.36
90952,30760.17
90953,27119.84
90954,46360.74
90955,22956.59
90956,22615.23
90957,15736.8
90958,30725.77
90959,17676.65
90960,15116.92
90961,55189.35
90962,30924.82
90963,18267.25
90964,15788.85
90965,41317.35
90966,46017.25
90967,21109.21
90968,14042.99
90969,19769.05
90970,29605.81
90971,27805.15
90972,10243.54
90973,22649.91
90974,19380.64
90975,37181.04
90976,26292.76
90977,19204.06
90978,12477.66
90979,20346.72
90980,24252.98
90981,37870.72
90982,20778.8
90983,18877.59
90984,36904.5
90985,18061.0
90986,23837.24
90987,14035.9
90988,15944.02
90989,31729.29
90990,19361.25
90991,50384.35
90992,45598.09
90993,22476.74
90994,31943.95
90995,14221.56
90996,6952.03
90997,23480.26
90998,11383.38
90999,19799.67
91000,31501.87
91001,26508.12
91002,37133.96
91003,20589.44
91004,19847.13
91005,52824.93
91006,56770.92
91007,24821.93
91008,24213.61
91009,33559.17
91010,21590.13
91011,22332.87
91012,14174.51
91013,42962.93
91014,29402.06
91015,30334.11
91016,16876.45
91017,19738.46
91018,24998.61
91019,15475.11
91020,12203.19
91021,26349.67
91022,44485.92
91023,26768.44
91024,23952.76
91025,26945.5
91026,15540.32
91027,27450.04
91028,22492.69
91029,19832.14
91030,28100.57
91031,29020.38
91032,22108.64
91033,31368.33
91034,10365.05
91035,34627.22
91036,30740.86
91037,16806.63
91038,25718.92
91039,35492.21
91040,18751.9
91041,19885.6
91042,30455.78
91043,24991.31
91044,22415.05
91045,17106.37
91046,16683.12
91047,22061.31
91048,32999.09
91049,44209.21
91050,29053.26
91051,22431.48
91052,16217.22
91053,18443.07
91054,18497.83
91055,17325.26
91056,19747.05
91057,40993.23
91058,15708.91
91059,24775.64
91060,21538.7
91061,24517.34
91062,15840.44
91063,28316.76
91064,25909.96
91065,24685.08
91066,28713.67
91067,18538.85
91068,19946.2
91069,29973.13
91070,37367.8
91071,18905.34
91072,17842.29
91073,19627.74
91074,80391.39
91075,2497.77
91076,13723.5
91077,13285.55
91078,19075.03
91079,33617.75
91080,22961.74
91081,29732.14
91082,7938.66
91083,20882.58
91084,9386.27
91085,17661.05
91086,6225.52
91087,14590.97
91088,26157.29
91089,31695.99
91090,18355.69
91091,13765.41
91092,12672.44
91093,15283.31
91094,19951.01
91095,17892.87
91096,15447.94
91097,25864.97
91098,18650.58
91099,20898.18
91100,28128.48
91101,16007.74
91102,20632.53
91103,22788.54
91104,33762.96
91105,22486.99
91106,21450.08
91107,25860.95
91108,14657.68
91109,12156.98
91110,27356.87
91111,31073.95
91112,19893.11
91113,27918.19
91114,18975.13
91115,52653.08
91116,30683.0
91117,55935.47
91118,19163.09
91119,14919.82
91120,10692.7
91121,17661.01
91122,28596.8
91123,29835.53
91124,32672.6
91125,20587.19
91126,31592.52
91127,17733.45
91128,24922.1
91129,23291.1
91130,45767.89
91131,23405.7
91132,55510.39
91133,23779.04
91134,14461.83
91135,26652.68
91136,26057.7
91137,19975.05
91138,16728.06
91139,27518.14
91140,26335.57
91141,45762.89
91142,17808.04
91143,14091.38
91144,13494.62
91145,38649.29
91146,27148.04
91147,24827.34
91148,17371.63
91149,22849.09
91150,17430.11
91151,26794.06
91152,19365.25
91153,18469.09
91154,28501.06
91155,27595.48
91156,14853.94
91157,26494.35
91158,29044.54
91159,20474.41
91160,29641.28
91161,26600.11
91162,22997.33
91163,29092.7
91164,33824.87
91165,26859.5
91166,18941.96
91167,27501.34
91168,21774.73
91169,29325.02
91170,32768.39
91171,45623.14
91172,30951.45
91173,13633.84
91174,24809.51
91175,26006.49
91176,59109.62
91177,14998.75
91178,18294.89
91179,28200.14
91180,19229.87
91181,17766.15
91182,17943.82
91183,24489.58
91184,11946.58
91185,46210.94
91186,21440.76
91187,29945.58
91188,22233.6
91189,22481.04
91190,30853.65
91191,15987.61
91192,30063.33
91193,65413.82
91194,33541.2
91195,24975.95
91196,15290.45
91197,10844.23
91198,30477.32
91199,17109.28
91200,27798.25
91201,21560.2
91202,23944.27
91203,16947.59
91204,20278.79
91205,27901.22
91206,18607.54
91207,15845.67
91208,68357.28
91209,18480.3
91210,29017.11
91211,17577.0
91212,18466.85
91213,24611.26
91214,28606.08
91215,28886.24
91216,27096.75
91217,39571.09
91218,13777.69
91219,27503.95
91220,27524.12
91221,42913.17
91222,14348.02
91223,19919.96
91224,24443.19
91225,32812.18
91226,14473.57
91227,14393.04
91228,19187.43
91229,27552.41
91230,58659.43
91231,23334.67
91232,22062.81
91233,19557.39
91234,37721.73
91235,13839.43
91236,18304.01
91237,34213.05
91238,24857.85
91239,25837.71
91240,16311.42
91241,23681.09
91242,29749.42
91243,24143.93
91244,16304.63
91245,28009.95
91246,13920.7
91247,27367.38
91248,34917.23
91249,18511.47
91250,18045.3
91251,22646.63
91252,43317.83
91253,20757.5
91254,39904.53
91255,10300.8
91256,12307.64
91257,20823.78
91258,31932.67
91259,25467.0
91260,47340.35
91261,32036.64
91262,24050.64
91263,22145.94
91264,24807.59
91265,23540.52
91266,16417.58
91267,10279.33
91268,29397.67
91269,27859.67
91270,18370.37
91271,29578.68
91272,25534.16
91273,24461.05
91274,19834.85
91275,25462.5
91276,18275.0
91277,20035.41
91278,22167.78
91279,26266.09
91280,34667.78
91281,49477.55
91282,24114.4
91283,20879.27
91284,19725.0
91285,16402.3
91286,7792.39
91287,18329.7
91288,32643.8
91289,14250.77
91290,16980.35
91291,31972.25
91292,22438.78
91293,10945.75
91294,15848.54
91295,29878.39
91296,13736.52
91297,49281.87
91298,35326.25
91299,23915.63
91300,18087.39
91301,20276.56
91302,28341.65
91303,31614.72
91304,27934.52
91305,31137.75
91306,17765.21
91307,19063.47
91308,42041.73
91309,20131.52
91310,16264.14
91311,28357.4
91312,25026.08
91313,45699.33
91314,38909.38
91315,21672.4
91316,20780.68
91317,19567.12
91318,20127.99
91319,14986.31
91320,30087.97
91321,26364.39
91322,34540.43
91323,25932.78
91324,16962.66
91325,18786.21
91326,15774.93
91327,44763.49
91328,31955.26
91329,15756.98
91330,14930.78
91331,14500.11
91332,29594.59
91333,16064.14
91334,15336.58
91335,19456.58
91336,20495.61
91337,17672.74
91338,53081.08
91339,49866.07
91340,14135.75
91341,16558.18
91342,42266.88
91343,18838.9
91344,43924.54
91345,19574.28
91346,45993.83
91347,14381.1
91348,12328.2
91349,32559.88
91350,21226.08
91351,10535.44
91352,27278.28
91353,25992.52
91354,24828.94
91355,45475.32
91356,11832.7
91357,32510.51
91358,18798.44
91359,22384.94
91360,26713.05
91361,20415.3
91362,28248.64
91363,21814.05
91364,21621.71
91365,39514.14
91366,17561.78
91367,30356.1
91368,25836.93
91369,21624.8
91370,25861.89
91371,25300.29
91372,18464.47
91373,20693.99
91374,19147.64
91375,55485.6
91376,23654.25
91377,26308.79
91378,32101.03
91379,16140.06
91380,30312.54
91381,18534.37
91382,22741.23
91383,19409.15
91384,23871.54
91385,18932.55
91386,24469.02
91387,14338.17
91388,30930.64
91389,13860.51
91390,20895.74
91391,19153.38
91392,27491.67
91393,12677.96
91394,24435.84
91395,20524.7
91396,14977.64
91397,16210.81
91398,18832.28
91399,26324.03
91400,34664.5
91401,16682.24
91402,14429.48
91403,21451.82
91404,16588.6
91405,27789.13
91406,18436.74
91407,43016.68
91408,20390.29
91409,15609.16
91410,26744.51
91411,28550.78
91412,31813.64
91413,40478.35
91414,19320.51
91415,22569.52
91416,28513.41
91417,12546.22
91418,18950.82
91419,4345.15
91420,22156.79
91421,15899.61
91422,19360.72
91423,44506.14
91424,20148.32
91425,26596.34
91426,27701.74
91427,15039.87
91428,30873.83
91429,22395.42
91430,40167.43
91431,23279.11
91432,23862.3
91433,25067.65
91434,18694.76
91435,18801.29
91436,30425.51
91437,37505.77
91438,10617.77
91439,13311.49
91440,23416.06
91441,30337.0
91442,18086.18
91443,18000.01
91444,20486.1
91445,53596.92
91446,17677.65
91447,21276.89
91448,37530.6
91449,19493.14
91450,27948.65
91451,35859.96
91452,20615.01
91453,12494.3
91454,10607.84
91455,24973.24
91456,41834.68
91457,10760.12
91458,27355.75
91459,34127.72
91460,31402.61
91461,20051.74
91462,26644.95
91463,28106.63
91464,26399.33
91465,25986.17
91466,12981.76
91467,30455.18
91468,24746.38
91469,18377.03
91470,27207.81
91471,21122.19
91472,7052.48
91473,22641.5
91474,24607.85
91475,23862.3
91476,22495.2
91477,23563.18
91478,21671.1
91479,27461.98
91480,8628.31
91481,31024.56
91482,29502.38
91483,20197.08
91484,15447.21
91485,22538.67
91486,11603.31
91487,20562.73
91488,40184.87
91489,11763.02
91490,18935.42
91491,32180.44
91492,25252.21
91493,15790.51
91494,12939.57
91495,19560.4
91496,14076.39
91497,30405.52
91498,18927.01
91499,51058.54
91500,29115.63
91501,22529.16
91502,15812.03
91503,23445.4
91504,16725.76
91505,31290.2
91506,33694.3
91507,54107.35
91508,30942.59
91509,27640.08
91510,30861.15
91511,23267.37
91512,19036.79
91513,43146.04
91514,21364.92
91515,54619.08
91516,36866.71
91517,2465.76
91518,48152.22
91519,22314.57
91520,17604.49
91521,25588.06
91522,29653.53
91523,29927.56
91524,13570.34
91525,37159.85
91526,15795.37
91527,21098.39
91528,37516.52
91529,25068.39
91530,18423.83
91531,11551.2
91532,48188.73
91533,30154.36
91534,25584.62
91535,12887.86
91536,21205.59
91537,17877.52
91538,19354.91
91539,29258.38
91540,16018.05
91541,24704.46
91542,20751.43
91543,22158.07
91544,16165.33
91545,23161.73
91546,14065.14
91547,15060.23
91548,21730.9
91549,48820.41
91550,22401.05
91551,40801.73
91552,22629.25
91553,14547.55
91554,22264.42
91555,16517.16
91556,16405.23
91557,29193.95
91558,29415.48
91559,25208.06
91560,17869.65
91561,23157.6
91562,12250.88
91563,25017.93
91564,36769.32
91565,47548.05
91566,16374.76
91567,24514.7
91568,28459.85
91569,26847.67
91570,23459.85
91571,22764.93
91572,27788.02
91573,16417.68
91574,19821.01
91575,40312.42
91576,20760.63
91577,17625.13
91578,19296.66
91579,13454.94
91580,52907.3
91581,27940.77
91582,34033.47
91583,9586.41
91584,15958.94
91585,23817.64
91586,25836.93
91587,17083.75
91588,28570.57
91589,17841.55
91590,28271.58
91591,25489.04
91592,30344.33
91593,29389.33
91594,14469.28
91595,29230.13
91596,30774.81
91597,28184.77
91598,32304.63
91599,24814.29
91600,43017.22
91601,37312.39
91602,37787.72
91603,27540.38
91604,24751.66
91605,24283.08
91606,25182.34
91607,29708.0
91608,14552.26
91609,15950.52
91610,20358.85
91611,23564.88
91612,18391.36
91613,25746.09
91614,18414.96
91615,39567.88
91616,15260.81
91617,21272.76
91618,26511.73
91619,19948.61
91620,48558.66
91621,18372.21
91622,16552.34
91623,20386.84
91624,31550.83
91625,22196.54
91626,30780.97
91627,55636.34
91628,17297.86
91629,41602.52
91630,13604.19
91631,10923.22
91632,22478.47
91633,18801.34
91634,19598.34
91635,23352.1
91636,25204.31
91637,30154.72
91638,16427.76
91639,16291.24
91640,9985.0
91641,20484.43
91642,25836.93
91643,40772.35
91644,17362.69
91645,23988.14
91646,12645.76
91647,23722.79
91648,17321.92
91649,17902.4
91650,16958.66
91651,14899.26
91652,19336.44
91653,27896.86
91654,27354.18
91655,24498.31
91656,32390.78
91657,55760.99
91658,21698.94
91659,32845.64
91660,54341.62
91661,26513.44
91662,20944.7
91663,19590.91
91664,32067.57
91665,40672.89
91666,23297.01
91667,20628.41
91668,11065.39
91669,18736.47
91670,27600.43
91671,41244.63
91672,16946.07
91673,31859.95
91674,27152.69
91675,48416.32
91676,34500.18
91677,24541.14
91678,14159.36
91679,30389.04
91680,26161.65
91681,29056.04
91682,15335.61
91683,29680.51
91684,11974.48
91685,15744.57
91686,18967.96
91687,26406.1
91688,19117.98
91689,18249.88
91690,23739.88
91691,29324.07
91692,15197.69
91693,25900.84
91694,22268.9
91695,19210.15
91696,17895.79
91697,29596.78
91698,18473.21
91699,15536.97
91700,17146.55
91701,16322.66
91702,18518.4
91703,18856.25
91704,27100.5
91705,28043.88
91706,9682.26
91707,48783.24
91708,23104.13
91709,21503.62
91710,26552.76
91711,16110.71
91712,19695.58
91713,13083.92
91714,21653.81
91715,29915.35
91716,20810.31
91717,25314.34
91718,29927.93
91719,14593.97
91720,12919.75
91721,13294.5
91722,27920.43
91723,28721.29
91724,20172.01
91725,24849.38
91726,17854.66
91727,28956.48
91728,24691.71
91729,16018.08
91730,13816.85
91731,20582.69
91732,15769.21
91733,18745.38
91734,26935.32
91735,17038.35
91736,28900.23
91737,15866.37
91738,16383.85
91739,30094.19
91740,29605.99
91741,23977.71
91742,4271.17
91743,23282.83
91744,14350.06
91745,14001.11
91746,29746.37
91747,19320.76
91748,25114.38
91749,30587.23
91750,26567.66
91751,21002.7
91752,22589.88
91753,31677.69
91754,28918.7
91755,18338.61
91756,15715.89
91757,36751.58
91758,26325.69
91759,16093.44
91760,27057.36
91761,48256.05
91762,30315.73
91763,19092.8
91764,14800.1
91765,27097.48
91766,38931.98
91767,20819.9
91768,21812.17
91769,22421.11
91770,19864.6
91771,14855.84
91772,28485.76
91773,19799.71
91774,30564.42
91775,34610.53
91776,28327.0
91777,18739.75
91778,22020.04
91779,25992.57
91780,35830.38
91781,32577.35
91782,15699.1
91783,27998.06
91784,20008.64
91785,33996.09
91786,26110.72
91787,18681.46
91788,26927.11
91789,20558.77
91790,32771.2
91791,19232.71
91792,28045.81
91793,20526.14
91794,14944.99
91795,60024.56
91796,27362.31
91797,23233.77
91798,24038.21
91799,6914.76
91800,5207.51
91801,19810.63
91802,26417.9
91803,24787.31
91804,41111.47
91805,39332.36
91806,23113.53
91807,49330.16
91808,15363.08
91809,37634.79
91810,42199.89
91811,30310.26
91812,61437.02
91813,12753.36
91814,18937.0
91815,19500.12
91816,22048.14
91817,30029.06
91818,33087.45
91819,24539.9
91820,12103.14
91821,23835.7
91822,21530.07
91823,18364.52
91824,22485.83
91825,24500.28
91826,34209.68
91827,31616.84
91828,39126.37
91829,17871.91
91830,23882.33
91831,18905.7
91832,17085.85
91833,29504.71
91834,10587.22
91835,14279.29
91836,15507.6
91837,18570.5
91838,21556.26
91839,11409.43
91840,24060.06
91841,22750.4
91842,24272.05
91843,38549.77
91844,24504.38
91845,15786.88
91846,27206.3
91847,57826.65
91848,22443.07
91849,15360.54
91850,39603.59
91851,10755.11
91852,17380.95
91853,20026.0
91854,26607.34
91855,29460.79
91856,25382.24
91857,31185.81
91858,7137.26
91859,46626.92
91860,29200.11
91861,33675.97
91862,26224.65
91863,59613.68
91864,48157.98
91865,17769.69
91866,20686.08
91867,33680.92
91868,24787.31
91869,10822.88
91870,18306.37
91871,16749.71
91872,20701.46
91873,24435.52
91874,15445.63
91875,21609.03
91876,17546.23
91877,31187.27
91878,14042.96
91879,30413.33
91880,21716.35
91881,20408.09
91882,22393.09
91883,15314.08
91884,22551.98
91885,21564.54
91886,23086.31
91887,22675.23
91888,20841.29
91889,14280.78
91890,16520.71
91891,19317.5
91892,11971.54
91893,18702.28
91894,25247.14
91895,54312.74
91896,41082.19
91897,27372.1
91898,25574.05
91899,23533.98
91900,19629.22
91901,24472.29
91902,17696.76
91903,28787.52
91904,21855.88
91905,20873.63
91906,25649.53
91907,30809.13
91908,22661.73
91909,46353.44
91910,60790.64
91911,24532.41
91912,16397.69
91913,11340.48
91914,52043.03
91915,16310.38
91916,27275.58
91917,19597.82
91918,9268.79
91919,18363.99
91920,23349.78
91921,20985.6
91922,19174.22
91923,23417.79
91924,12747.04
91925,29209.19
91926,15727.37
91927,20665.5
91928,30578.39
91929,25477.17
91930,25884.03
91931,33151.9
91932,20444.69
91933,30586.94
91934,22547.6
91935,17203.71
91936,33316.59
91937,30351.29
91938,18248.76
91939,7738.14
91940,10057.18
91941,23987.72
91942,45892.23
91943,28255.1
91944,26053.62
91945,12322.22
91946,15500.82
91947,50758.54
91948,33291.08
91949,46218.65
91950,30290.75
91951,25842.09
91952,40386.29
91953,9175.34
91954,28584.35
91955,9801.1
91956,17680.89
91957,14978.91
91958,58632.28
91959,40370.18
91960,27031.37
91961,28040.1
91962,12163.28
91963,27275.54
91964,25552.16
91965,17462.92
91966,40695.0
91967,47682.89
91968,13667.24
91969,48230.72
91970,19880.26
91971,40374.95
91972,25515.48
91973,27833.1
91974,15750.2
91975,12948.05
91976,29637.46
91977,35887.88
91978,14253.04
91979,12389.33
91980,24759.17
91981,27969.63
91982,19692.46
91983,34220.63
91984,25404.11
91985,13847.65
91986,15503.94
91987,44550.84
91988,10420.45
91989,27543.11
91990,29081.43
91991,18703.03
91992,58050.54
91993,21032.55
91994,17179.54
91995,10257.54
91996,15259.57
91997,22170.38
91998,17167.77
91999,28299.58
92000,30421.45
92001,11228.76
92002,20335.33
92003,21788.9
92004,27302.99
92005,20956.72
92006,5493.79
92007,36497.51
92008,29047.72
92009,29839.75
92010,14317.88
92011,15673.89
92012,29237.62
92013,25265.04
92014,14256.95
92015,15081.0
92016,39360.24
92017,10593.55
92018,25359.86
92019,13302.14
92020,22889.63
92021,31836.77
92022,10374.02
92023,31178.72
92024,54567.52
92025,40124.27
92026,47019.55
92027,43840.64
92028,12832.03
92029,41479.33
92030,40940.94
92031,30748.32
92032,29335.67
92033,21574.6
92034,20227.48
92035,18458.21
92036,24325.91
92037,25372.14
92038,13856.9
92039,42947.34
92040,41209.37
92041,32875.46
92042,10740.3
92043,32480.12
92044,29082.82
92045,17000.35
92046,25161.47
92047,15341.97
92048,29871.32
92049,25496.92
92050,63481.62
92051,32605.75
92052,9941.92
92053,16973.9
92054,19011.04
92055,25712.82
92056,30120.12
92057,26862.56
92058,25899.59
92059,18072.41
92060,17144.11
92061,13166.4
92062,56299.68
92063,23246.24
92064,14361.79
92065,28713.84
92066,34102.24
92067,19011.89
92068,22717.23
92069,24930.36
92070,20663.31
92071,21210.21
92072,17052.23
92073,19613.68
92074,28787.52
92075,34354.5
92076,23060.2
92077,29140.84
92078,31553.29
92079,46336.52
92080,32124.15
92081,20224.12
92082,30649.77
92083,17344.21
92084,14246.43
92085,15172.77
92086,21697.96
92087,22729.95
92088,14812.69
92089,19592.78
92090,27912.15
92091,16405.23
92092,18078.18
92093,18469.17
92094,21896.07
92095,27233.01
92096,13020.75
92097,17099.41
92098,21100.82
92099,11900.93
92100,28617.05
92101,21635.01
92102,30268.56
92103,17014.38
92104,19918.84
92105,28393.15
92106,29286.89
92107,25282.69
92108,10566.18
92109,45724.86
92110,14452.55
92111,22590.08
92112,10119.71
92113,22166.86
92114,23722.79
92115,28795.8
92116,18300.5
92117,30849.54
92118,9472.54
92119,19744.43
92120,16631.03
92121,14157.11
92122,18697.31
92123,30008.39
92124,25248.56
92125,46023.36
92126,30574.14
92127,19562.53
92128,28667.45
92129,41280.91
92130,27026.27
92131,16821.64
92132,18623.77
92133,32237.68
92134,14145.23
92135,17184.73
92136,51538.98
92137,31793.61
92138,21549.18
92139,23517.39
92140,17369.05
92141,37189.32
92142,30007.42
92143,17531.89
92144,15905.03
92145,26042.4
92146,11898.16
92147,22035.1
92148,46639.63
92149,30105.97
92150,27810.21
92151,18052.88
92152,32299.03
92153,20844.36
92154,16091.07
92155,15200.94
92156,22591.8
92157,19874.38
92158,15630.81
92159,22296.27
92160,17009.65
92161,19075.77
92162,11852.03
92163,26666.6
92164,38833.08
92165,38695.29
92166,38112.94
92167,16199.76
92168,19864.92
92169,20502.87
92170,25741.18
92171,18242.67
92172,12182.04
92173,26304.88
92174,22622.59
92175,16463.89
92176,57747.01
92177,36488.67
92178,13202.12
92179,25503.59
92180,24115.53
92181,26596.7
92182,16238.44
92183,25452.26
92184,22312.09
92185,30002.71
92186,24751.11
92187,43649.08
92188,23146.93
92189,20832.29
92190,12917.58
92191,18591.74
92192,29777.25
92193,22907.16
92194,32768.14
92195,43410.4
92196,9883.58
92197,22251.94
92198,39440.89
92199,16036.84
92200,17340.62
92201,27565.09
92202,22160.24
92203,38740.43
92204,26988.58
92205,13750.39
92206,15976.74
92207,11225.86
92208,9790.19
92209,20599.45
92210,20110.2
92211,23542.85
92212,24384.91
92213,16234.14
92214,30459.9
92215,29111.85
92216,15259.25
92217,13252.1
92218,19398.98
92219,26115.94
92220,34437.13
92221,14859.96
92222,25922.31
92223,19826.01
92224,30221.48
92225,29523.28
92226,22330.81
92227,25733.55
92228,31981.06
92229,17050.63
92230,21308.57
92231,42602.19
92232,13995.85
92233,19547.55
92234,15969.08
92235,19978.71
92236,27672.2
92237,31861.06
92238,23930.91
92239,19292.27
92240,19409.47
92241,15186.54
92242,33121.26
92243,36770.73
92244,35517.48
92245,33054.27
92246,24857.8
92247,22005.17
92248,31796.14
92249,29814.39
92250,29226.06
92251,13108.27
92252,18254.94
92253,21626.36
92254,22418.82
92255,10418.66
92256,25469.38
92257,24095.65
92258,21397.85
92259,18062.62
92260,5836.8
92261,12619.86
92262,15525.18
92263,22525.06
92264,17362.34
92265,24441.77
92266,20724.38
92267,28328.98
92268,31829.22
92269,22779.24
92270,31840.57
92271,26377.27
92272,17308.07
92273,20634.2
92274,23136.12
92275,8982.16
92276,25238.47
92277,31146.94
92278,23971.59
92279,20705.34
92280,25988.63
92281,5726.44
92282,16526.03
92283,29856.83
92284,19194.18
92285,31587.77
92286,26541.69
92287,19976.14
92288,12672.44
92289,17903.31
92290,24542.34
92291,29516.72
92292,30182.26
92293,24168.04
92294,14218.5
92295,25139.23
92296,15402.65
92297,104862.65
92298,26384.13
92299,17359.59
92300,30431.51
92301,26465.26
92302,13203.36
92303,24279.73
92304,25379.65
92305,29771.4
92306,15227.29
92307,17548.05
92308,16916.24
92309,16867.23
92310,22518.74
92311,26423.53
92312,16521.29
92313,27604.51
92314,36703.45
92315,11957.49
92316,20472.55
92317,15347.6
92318,27241.71
92319,16593.95
92320,51531.8
92321,15618.25
92322,26743.32
92323,33261.97
92324,29150.58
92325,23657.0
92326,17285.5
92327,19613.92
92328,29631.69
92329,19042.74
92330,19926.87
92331,16931.66
92332,16061.71
92333,28686.73
92334,20737.25
92335,26821.63
92336,25511.1
92337,18083.79
92338,25615.72
92339,20231.47
92340,12566.22
92341,32383.01
92342,23904.91
92343,47696.91
92344,15278.17
92345,22947.88
92346,41111.47
92347,16163.56
92348,15402.47
92349,25667.75
92350,31175.85
92351,20249.88
92352,13435.11
92353,16001.12
92354,46843.0
92355,25189.07
92356,16577.47
92357,26536.78
92358,27831.27
92359,15387.09
92360,21054.28
92361,25911.59
92362,27269.72
92363,22783.44
92364,22858.21
92365,19823.17
92366,29950.61
92367,26884.23
92368,21433.38
92369,12932.39
92370,32210.09
92371,21731.05
92372,30433.84
92373,18493.28
92374,16072.59
92375,20312.53
92376,15965.88
92377,24463.87
92378,48692.69
92379,27218.16
92380,16075.11
92381,12161.13
92382,36441.33
92383,19093.75
92384,23701.89
92385,12569.92
92386,30785.08
92387,29862.29
92388,36167.5
92389,15951.89
92390,10312.95
92391,24617.24
92392,19867.29
92393,16371.76
92394,14794.75
92395,27148.42
92396,31502.81
92397,12455.51
92398,27265.73
92399,28058.59
92400,18573.27
92401,18477.25
92402,20673.93
92403,17361.26
92404,38943.25
92405,15539.03
92406,15284.08
92407,15238.33
92408,16502.09
92409,16236.23
92410,23698.36
92411,24040.98
92412,16098.45
92413,30646.72
92414,29235.17
92415,30592.51
92416,19377.8
92417,18998.56
92418,26417.9
92419,46308.54
92420,20380.03
92421,29852.36
92422,30854.94
92423,20705.2
92424,27489.52
92425,29728.09
92426,16265.0
92427,6666.31
92428,5473.83
92429,21771.98
92430,25035.6
92431,11898.16
92432,19465.98
92433,16588.05
92434,31888.64
92435,19287.51
92436,69852.2
92437,10681.08
92438,28011.71
92439,23623.03
92440,25290.54
92441,24405.71
92442,7855.85
92443,50455.09
92444,20178.08
92445,25978.72
92446,13543.8
92447,23543.59
92448,25284.97
92449,15972.67
92450,18058.46
92451,15981.49
92452,20404.09
92453,29073.73
92454,34180.68
92455,29853.51
92456,22073.44
92457,27528.06
92458,18311.54
92459,22147.79
92460,14861.72
92461,19649.2
92462,52328.85
92463,20634.2
92464,18673.74
92465,21606.59
92466,29397.03
92467,25891.73
92468,28480.41
92469,30624.93
92470,19950.31
92471,28092.91
92472,14846.12
92473,54075.23
92474,21352.39
92475,13909.94
92476,9668.75
92477,25025.11
92478,22076.85
92479,8291.7
92480,18869.94
92481,13907.22
92482,20452.57
92483,31764.6
92484,18790.69
92485,30147.51
92486,23079.21
92487,21392.96
92488,21453.4
92489,20678.03
92490,32874.04
92491,25815.88
92492,17571.49
92493,26417.9
92494,21318.88
92495,28791.88
92496,7317.97
92497,22955.26
92498,18916.5
92499,22114.72
92500,23277.25
92501,13360.07
92502,29474.91
92503,22723.64
92504,20633.09
92505,30601.89
92506,18389.24
92507,20210.36
92508,17803.93
92509,30449.66
92510,15379.1
92511,13652.27
92512,21980.2
92513,21603.43
92514,24021.9
92515,8963.17
92516,13568.81
92517,16487.51
92518,17267.37
92519,28439.57
92520,18035.84
92521,13228.16
92522,28350.73
92523,12968.88
92524,27701.74
92525,31872.37
92526,24109.1
92527,19115.77
92528,25693.78
92529,40665.17
92530,21809.43
92531,38331.28
92532,26346.92
92533,30383.27
92534,37067.52
92535,23126.8
92536,29826.6
92537,14579.18
92538,33880.5
92539,31988.07
92540,18657.51
92541,31725.11
92542,28494.65
92543,47736.48
92544,17288.71
92545,15985.38
92546,19252.3
92547,25460.41
92548,41574.5
92549,35671.76
92550,11442.7
92551,12371.21
92552,25037.42
92553,19811.02
92554,30118.97
92555,17305.69
92556,9075.49
92557,24704.46
92558,12103.41
92559,30095.84
92560,16923.16
92561,18702.72
92562,23334.43
92563,56662.24
92564,24190.59
92565,13239.76
92566,26742.19
92567,10799.65
92568,39115.92
92569,20975.32
92570,20825.87
92571,11591.36
92572,20210.61
92573,26023.25
92574,41482.66
92575,15858.74
92576,25851.84
92577,16064.66
92578,17554.84
92579,25413.89
92580,9182.55
92581,19306.45
92582,30945.76
92583,36034.04
92584,5384.46
92585,16147.44
92586,16364.48
92587,77236.67
92588,14341.33
92589,28031.22
92590,24086.07
92591,38038.26
92592,21846.07
92593,14524.6
92594,11917.81
92595,19424.77
92596,17347.44
92597,29745.21
92598,20750.4
92599,14599.43
92600,25663.58
92601,22564.21
92602,53692.15
92603,30184.91
92604,31218.46
92605,40998.0
92606,22240.73
92607,18465.93
92608,19266.24
92609,22314.57
92610,23987.48
92611,18272.86
92612,29261.6
92613,24789.24
92614,25909.89
92615,21115.39
92616,29277.06
92617,21073.14
92618,22180.55
92619,22615.89
92620,22732.87
92621,31350.91
92622,20519.33
92623,22367.39
92624,20008.56
92625,94044.05
92626,49297.1
92627,23692.63
92628,22597.23
92629,53565.8
92630,23533.81
92631,26942.34
92632,34244.68
92633,36687.43
92634,26757.83
92635,30225.67
92636,19021.48
92637,8482.79
92638,22490.31
92639,27910.7
92640,26210.7
92641,48490.97
92642,19615.1
92643,34291.48
92644,31557.46
92645,22005.42
92646,28786.8
92647,21686.24
92648,22853.14
92649,31526.02
92650,26237.41
92651,39614.71
92652,28412.27
92653,19044.43
92654,9162.85
92655,19487.7
92656,15704.43
92657,16820.68
92658,27484.4
92659,19394.17
92660,31245.46
92661,37705.18
92662,17200.51
92663,13704.61
92664,10292.82
92665,16503.55
92666,30654.79
92667,26490.99
92668,26902.88
92669,13817.72
92670,20963.7
92671,19194.27
92672,27424.91
92673,16313.17
92674,11239.7
92675,5084.71
92676,21797.55
92677,17169.73
92678,18671.31
92679,12131.77
92680,20511.66
92681,13362.17
92682,59039.13
92683,24734.47
92684,27288.0
92685,18998.63
92686,25139.04
92687,34825.2
92688,26114.56
92689,28657.69
92690,27717.95
92691,25017.64
92692,23110.93
92693,27021.43
92694,14364.27
92695,15349.91
92696,22013.37
92697,24889.97
92698,30229.37
92699,20849.05
92700,35575.47
92701,26050.19
92702,32894.77
92703,18386.98
92704,20319.16
92705,26955.96
92706,26183.92
92707,24627.95
92708,2920.08
92709,20962.35
92710,13410.71
92711,18274.92
92712,33545.31
92713,53502.56
92714,21012.91
92715,27403.39
92716,14517.71
92717,42576.59
92718,15821.5
92719,24716.83
92720,18522.51
92721,18963.37
92722,44834.4
92723,24462.94
92724,39104.64
92725,10058.51
92726,24660.6
92727,13683.65
92728,25395.0
92729,20493.07
92730,49642.64
92731,20519.92
92732,30721.04
92733,22499.35
92734,42091.66
92735,17528.53
92736,33687.05
92737,15104.53
92738,21289.78
92739,39863.87
92740,19086.6
92741,11268.4
92742,30703.39
92743,19294.89
92744,15584.32
92745,33238.93
92746,31144.53
92747,25906.0
92748,57725.37
92749,41661.1
92750,24366.0
92751,17575.31
92752,23445.53
92753,41074.49
92754,16266.48
92755,20010.07
92756,24783.57
92757,29701.47
92758,18554.85
92759,15276.48
92760,14674.89
92761,19374.18
92762,22513.4
92763,16515.11
92764,18424.92
92765,22970.11
92766,10180.06
92767,23675.1
92768,23081.78
92769,12424.56
92770,24522.59
92771,16862.86
92772,18721.49
92773,28133.2
92774,39730.15
92775,25952.6
92776,25941.74
92777,38252.8
92778,18042.08
92779,25312.97
92780,20815.93
92781,24104.95
92782,19932.07
92783,28319.54
92784,17824.54
92785,9803.43
92786,11721.31
92787,23239.66
92788,32601.31
92789,57074.73
92790,42324.32
92791,29128.22
92792,31143.36
92793,17921.23
92794,20387.98
92795,29733.94
92796,13041.51
92797,47955.77
92798,16170.28
92799,23423.69
92800,13824.09
92801,22451.18
92802,24253.88
92803,16504.84
92804,16396.67
92805,18482.63
92806,19990.49
92807,25553.05
92808,27460.33
92809,18280.01
92810,55634.57
92811,23538.01
92812,30166.93
92813,30730.38
92814,48586.32
92815,27787.12
92816,15835.08
92817,16196.08
92818,27121.56
92819,41836.14
92820,15238.84
92821,14803.73
92822,15535.44
92823,25171.7
92824,17204.58
92825,27434.05
92826,31136.25
92827,29190.86
92828,16939.41
92829,19794.83
92830,23602.44
92831,13258.28
92832,18903.6
92833,16306.24
92834,15775.88
92835,29313.39
92836,14201.35
92837,16983.92
92838,30730.26
92839,16895.54
92840,10013.23
92841,30494.88
92842,48519.5
92843,13934.5
92844,23228.56
92845,51991.8
92846,21848.81
92847,24304.47
92848,25836.93
92849,25836.93
92850,23146.57
92851,34394.78
92852,27539.54
92853,20935.45
92854,18941.38
92855,14827.14
92856,15365.92
92857,17832.59
92858,15484.76
92859,11263.95
92860,26143.28
92861,28710.26
92862,19593.97
92863,18255.84
92864,11731.61
92865,17813.76
92866,12885.08
92867,41992.83
92868,31170.1
92869,27708.82
92870,34354.5
92871,22246.55
92872,23842.26
92873,22959.33
92874,23570.02
92875,21261.73
92876,18567.12
92877,15210.61
92878,34297.79
92879,22293.96
92880,25074.39
92881,19677.09
92882,18696.52
92883,22571.52
92884,19727.54
92885,14854.72
92886,22286.82
92887,20007.38
92888,62500.51
92889,17264.5
92890,18676.24
92891,12852.83
92892,31226.29
92893,17827.14
92894,40047.59
92895,17046.15
92896,33576.74
92897,16039.0
92898,34741.29
92899,27556.87
92900,24589.95
92901,19834.73
92902,21266.74
92903,6749.53
92904,24181.62
92905,36830.45
92906,30255.52
92907,18869.43
92908,25916.19
92909,25655.32
92910,30554.83
92911,20913.32
92912,19000.13
92913,35141.75
92914,21666.2
92915,18574.04
92916,27370.56
92917,21643.52
92918,19590.91
92919,23598.76
92920,20500.32
92921,11007.5
92922,18907.42
92923,20185.92
92924,26586.65
92925,18946.64
92926,33752.26
92927,20373.6
92928,24601.38
92929,21186.12
92930,19400.27
92931,63037.68
92932,29158.04
92933,22519.14
92934,25706.56
92935,19330.52
92936,20496.23
92937,14958.3
92938,30226.13
92939,16209.04
92940,14010.88
92941,29974.28
92942,20372.75
92943,31296.25
92944,24082.74
92945,21902.62
92946,38014.61
92947,2989.23
92948,28417.94
92949,19970.38
92950,75382.01
92951,10289.49
92952,23992.79
92953,19048.04
92954,19938.5
92955,26649.78
92956,20180.47
92957,21834.8
92958,58161.72
92959,16364.64
92960,35675.44
92961,14472.09
92962,21081.13
92963,24632.06
92964,26281.48
92965,21917.64
92966,17302.63
92967,21211.05
92968,14484.67
92969,22199.04
92970,27000.69
92971,17020.23
92972,23053.84
92973,21207.13
92974,18953.51
92975,26240.81
92976,22158.95
92977,24534.62
92978,24216.23
92979,25239.14
92980,26055.68
92981,35159.31
92982,41125.34
92983,35687.99
92984,24565.18
92985,13415.25
92986,25519.59
92987,17477.18
92988,24294.71
92989,20413.72
92990,17854.3
92991,23225.25
92992,13818.09
92993,22911.74
92994,20641.85
92995,17891.3
92996,22192.72
92997,11902.64
92998,13228.9
92999,18123.41
93000,26169.32
93001,31872.37
93002,29860.73
93003,20072.02
93004,14419.29
93005,12426.95
93006,31189.1
93007,24161.54
93008,14788.59
93009,23873.11
93010,26211.37
93011,17256.21
93012,17231.41
93013,20514.44
93014,16140.72
93015,19111.08
93016,19567.62
93017,18778.46
93018,15192.01
93019,26329.4
93020,11485.08
93021,21306.62
93022,23072.59
93023,15971.75
93024,26842.44
93025,46142.05
93026,19498.59
93027,15447.73
93028,27469.09
93029,19795.84
93030,36577.18
93031,24591.23
93032,18610.76
93033,19063.89
93034,18595.78
93035,24257.21
93036,18776.04
93037,21566.7
93038,20811.06
93039,29784.72
93040,17531.73
93041,24406.53
93042,37174.25
93043,25906.09
93044,12372.51
93045,21660.98
93046,17276.14
93047,15443.26
93048,18391.87
93049,24448.41
93050,16092.28
93051,17720.36
93052,24657.18
93053,30302.16
93054,18386.39
93055,18633.02
93056,31919.13
93057,29714.54
93058,26290.63
93059,39904.53
93060,43869.48
93061,21658.29
93062,47214.29
93063,16339.09
93064,14623.51
93065,38998.76
93066,28631.62
93067,10178.56
93068,37712.72
93069,21962.41
93070,41238.39
93071,15476.1
93072,56550.88
93073,27562.49
93074,36447.75
93075,25874.83
93076,18297.75
93077,20105.15
93078,20639.15
93079,72766.54
93080,19998.85
93081,32159.75
93082,22110.23
93083,17025.79
93084,29644.17
93085,16472.23
93086,12194.68
93087,19973.34
93088,28276.71
93089,35966.54
93090,18461.02
93091,20191.75
93092,19581.83
93093,15697.8
93094,23996.94
93095,19498.72
93096,19259.04
93097,13579.74
93098,28242.09
93099,25599.26
93100,31408.25
93101,25705.3
93102,15748.3
93103,22887.86
93104,25749.12
93105,23767.07
93106,25700.31
93107,19030.18
93108,21218.2
93109,27525.41
93110,17660.88
93111,18037.13
93112,12854.51
93113,25462.5
93114,31873.8
93115,39534.14
93116,18277.12
93117,23597.49
93118,23831.29
93119,15954.51
93120,13265.41
93121,15806.74
93122,16060.13
93123,62737.44
93124,17923.85
93125,30555.51
93126,32656.63
93127,20280.91
93128,25920.43
93129,20056.84
93130,17370.96
93131,16785.25
93132,28277.44
93133,14987.57
93134,24192.17
93135,29581.45
93136,17615.46
93137,17226.08
93138,13174.8
93139,40359.11
93140,23175.59
93141,32271.61
93142,27790.11
93143,57314.77
93144,5032.14
93145,14711.27
93146,19531.38
93147,27488.74
93148,25927.79
93149,30001.7
93150,25156.72
93151,50275.0
93152,12217.15
93153,21272.02
93154,29045.56
93155,18406.37
93156,25086.14
93157,25515.08
93158,17729.06
93159,57755.17
93160,19746.84
93161,26620.24
93162,28080.66
93163,33584.92
93164,16636.97
93165,15505.04
93166,17986.13
93167,25836.93
93168,19333.43
93169,11425.15
93170,17901.63
93171,32676.64
93172,26656.48
93173,34477.5
93174,28832.24
93175,16771.54
93176,32119.31
93177,34958.58
93178,18952.76
93179,26127.96
93180,30552.01
93181,20752.07
93182,28263.13
93183,17131.75
93184,11651.1
93185,19835.6
93186,14290.46
93187,25216.19
93188,24934.01
93189,20463.18
93190,37488.73
93191,15785.43
93192,30516.07
93193,26579.74
93194,20933.78
93195,33683.55
93196,58591.97
93197,18466.57
93198,34521.94
93199,23219.0
93200,24417.68
93201,35480.76
93202,25496.66
93203,32732.18
93204,34394.96
93205,11740.07
93206,29050.99
93207,26537.47
93208,23930.91
93209,23159.58
93210,30597.1
93211,21252.99
93212,15245.23
93213,16569.83
93214,20073.43
93215,17110.06
93216,12640.65
93217,19848.25
93218,15549.93
93219,16977.6
93220,23869.31
93221,14633.99
93222,17984.79
93223,16974.61
93224,26245.8
93225,22219.87
93226,18960.26
93227,47919.62
93228,27106.01
93229,22485.92
93230,19083.26
93231,29740.65
93232,22393.21
93233,31572.68
93234,14613.89
93235,26703.83
93236,22696.61
93237,33747.71
93238,34042.3
93239,13428.64
93240,25710.57
93241,16280.7
93242,28458.68
93243,24454.03
93244,40696.99
93245,20500.74
93246,55248.69
93247,19144.06
93248,22054.75
93249,29385.26
93250,42423.55
93251,13902.51
93252,19147.58
93253,32678.15
93254,30942.44
93255,25350.73
93256,25786.57
93257,20723.85
93258,30437.94
93259,59365.74
93260,46348.8
93261,14556.17
93262,22316.06
93263,33265.55
93264,41542.34
93265,19564.53
93266,29306.51
93267,17761.5
93268,46015.31
93269,47398.46
93270,31592.61
93271,20021.75
93272,13757.14
93273,18830.3
93274,9867.03
93275,30961.76
93276,19404.06
93277,18582.76
93278,58845.92
93279,33316.61
93280,15554.58
93281,19526.98
93282,11812.15
93283,22861.21
93284,20071.2
93285,21176.77
93286,25027.7
93287,30876.57
93288,21735.78
93289,19252.78
93290,15844.86
93291,32982.69
93292,16313.17
93293,43920.02
93294,18741.75
93295,22392.76
93296,16886.91
93297,47402.86
93298,25836.93
93299,19961.85
93300,8278.43
93301,17860.93
93302,28533.96
93303,17201.86
93304,26854.85
93305,19736.46
93306,16571.1
93307,19929.18
93308,33225.64
93309,31466.89
93310,20641.77
93311,15600.8
93312,19621.65
93313,12556.37
93314,20634.58
93315,26025.03
93316,23155.68
93317,25684.85
93318,10378.74
93319,25899.59
93320,22892.21
93321,55046.03
93322,24690.51
93323,27906.37
93324,33442.01
93325,21386.95
93326,15262.01
93327,34741.6
93328,24360.64
93329,15424.83
93330,18324.12
93331,21656.18
93332,22080.21
93333,11907.46
93334,29271.98
93335,16604.35
93336,21415.72
93337,20568.84
93338,36248.01
93339,23161.62
93340,28369.19
93341,15094.17
93342,18262.4
93343,34330.05
93344,12159.36
93345,9253.15
93346,17077.31
93347,19673.06
93348,16007.5
93349,32098.2
93350,16933.06
93351,18557.75
93352,24716.11
93353,19467.8
93354,13083.26
93355,24664.58
93356,24821.93
93357,10571.69
93358,25334.54
93359,16078.23
93360,23859.31
93361,15636.58
93362,14954.51
93363,28093.15
93364,35703.06
93365,28204.03
93366,26066.12
93367,25521.66
93368,15601.45
93369,25836.93
93370,22336.02
93371,9626.05
93372,43011.43
93373,40231.83
93374,23698.16
93375,20072.32
93376,12588.93
93377,25439.45
93378,13827.0
93379,20806.81
93380,16341.03
93381,34047.76
93382,53255.65
93383,21751.6
93384,24819.86
93385,29713.91
93386,24419.59
93387,25022.53
93388,16276.89
93389,16230.83
93390,16719.7
93391,25309.81
93392,33231.16
93393,17781.6
93394,16465.28
93395,16877.72
93396,22896.6
93397,33437.57
93398,19564.31
93399,15863.21
93400,20281.37
93401,27131.71
93402,15315.27
93403,31548.2
93404,35687.99
93405,15185.57
93406,25624.02
93407,20639.66
93408,47624.35
93409,32805.66
93410,13489.82
93411,29603.13
93412,16406.84
93413,15580.32
93414,11540.06
93415,15197.11
93416,18554.36
93417,16474.46
93418,21102.85
93419,27639.18
93420,21700.21
93421,12402.77
93422,19802.5
93423,22895.97
93424,8247.68
93425,24361.15
93426,31195.8
93427,17900.68
93428,30371.46
93429,28719.12
93430,21686.04
93431,23893.83
93432,28854.44
93433,15931.31
93434,45096.54
93435,13729.73
93436,27096.19
93437,40116.7
93438,34942.65
93439,13935.3
93440,30987.67
93441,20683.59
93442,10663.08
93443,27205.39
93444,13956.17
93445,29038.82
93446,14022.33
93447,28988.7
93448,28747.0
93449,21416.37
93450,16552.78
93451,20341.26
93452,9812.36
93453,31863.53
93454,17601.36
93455,78792.21
93456,23469.71
93457,11725.37
93458,38678.63
93459,28756.95
93460,36282.39
93461,21783.16
93462,33743.99
93463,17310.91
93464,20090.68
93465,18388.41
93466,18741.43
93467,32827.59
93468,38094.7
93469,13139.59
93470,21594.79
93471,39421.43
93472,18798.14
93473,15232.58
93474,13910.12
93475,15484.16
93476,34842.94
93477,20097.56
93478,14423.11
93479,17758.93
93480,17999.33
93481,22179.53
93482,58005.23
93483,33011.93
93484,31806.07
93485,18940.01
93486,19174.34
93487,18353.84
93488,32537.9
93489,12582.65
93490,16259.05
93491,16676.46
93492,6514.55
93493,21916.23
93494,27595.48
93495,18615.92
93496,27124.54
93497,22983.24
93498,25556.57
93499,20249.21
93500,16640.11
93501,25328.26
93502,16284.81
93503,21139.88
93504,16854.61
93505,14501.9
93506,26503.02
93507,33689.49
93508,23665.82
93509,20903.74
93510,21090.68
93511,21564.52
93512,14523.57
93513,71838.82
93514,28907.0
93515,27149.8
93516,20173.9
93517,24376.22
93518,13833.56
93519,39091.03
93520,21444.88
93521,29934.22
93522,35714.85
93523,16382.68
93524,31671.92
93525,22978.46
93526,22988.95
93527,14937.79
93528,33064.39
93529,31283.81
93530,40472.51
93531,20676.58
93532,20637.77
93533,20968.17
93534,45458.43
93535,24194.24
93536,13860.14
93537,55588.32
93538,29627.04
93539,16206.93
93540,20528.41
93541,26342.93
93542,19633.59
93543,16079.64
93544,17022.26
93545,20827.39
93546,28061.69
93547,20860.83
93548,31387.08
93549,17067.32
93550,30305.96
93551,73661.89
93552,44244.09
93553,19622.19
93554,13895.96
93555,22893.16
93556,14358.94
93557,24654.16
93558,33162.71
93559,23618.75
93560,20315.59
93561,40466.52
93562,31118.26
93563,31272.88
93564,17860.53
93565,30188.02
93566,29188.82
93567,17139.14
93568,39674.01
93569,19041.5
93570,14386.02
93571,29281.75
93572,10795.92
93573,26691.85
93574,38732.06
93575,10831.52
93576,13700.29
93577,27954.8
93578,21612.14
93579,11150.12
93580,25836.93
93581,25036.44
93582,43871.33
93583,36751.72
93584,15706.6
93585,39505.9
93586,22823.22
93587,30837.23
93588,13612.97
93589,30170.02
93590,15775.05
93591,29679.31
93592,27454.68
93593,8684.43
93594,26616.48
93595,25914.49
93596,18634.79
93597,16360.23
93598,23022.38
93599,18115.64
93600,27701.31
93601,31064.82
93602,28213.69
93603,22600.41
93604,19221.49
93605,32179.11
93606,25100.95
93607,19149.76
93608,17105.97
93609,28334.88
93610,27503.93
93611,32566.28
93612,19873.11
93613,16300.48
93614,21670.38
93615,13770.81
93616,24835.45
93617,25836.93
93618,22374.9
93619,15342.86
93620,19549.2
93621,14916.66
93622,15868.27
93623,26773.88
93624,27476.34
93625,41482.69
93626,36650.95
93627,10313.5
93628,19763.72
93629,18316.11
93630,22056.94
93631,16673.08
93632,13955.43
93633,15704.31
93634,37006.85
93635,48392.66
93636,60669.34
93637,20156.06
93638,23256.52
93639,13636.63
93640,31232.14
93641,21721.72
93642,27278.4
93643,30430.69
93644,9331.21
93645,18732.97
93646,27147.7
93647,30555.51
93648,16490.01
93649,20198.21
93650,20770.54
93651,31212.11
93652,27461.98
93653,18392.51
93654,18682.97
93655,30135.45
93656,57993.05
93657,17253.78
93658,32574.62
93659,21230.36
93660,49449.43
93661,26663.03
93662,28118.1
93663,16361.66
93664,25931.29
93665,29257.28
93666,25761.09
93667,18736.13
93668,19698.32
93669,31408.38
93670,22526.17
93671,17566.89
93672,19622.16
93673,21015.1
93674,27711.89
93675,31082.35
93676,15096.21
93677,20904.97
93678,34121.81
93679,16377.15
93680,32836.26
93681,15009.33
93682,24182.75
93683,30369.66
93684,18646.99
93685,11592.85
93686,18913.49
93687,21409.31
93688,36308.91
93689,14076.25
93690,18707.51
93691,22483.37
93692,29159.19
93693,16930.01
93694,33571.25
93695,12279.16
93696,24084.3
93697,17633.97
93698,47824.0
93699,21030.31
93700,26154.93
93701,39558.7
93702,27872.86
93703,13621.49
93704,16557.74
93705,24558.72
93706,16342.19
93707,38690.95
93708,13853.6
93709,15416.72
93710,57534.84
93711,19657.71
93712,24338.84
93713,27188.43
93714,25962.48
93715,28808.19
93716,58715.98
93717,18817.56
93718,15539.68
93719,40081.4
93720,21914.52
93721,55764.46
93722,34403.86
93723,51285.6
93724,31448.23
93725,19290.4
93726,13966.73
93727,15992.22
93728,19733.83
93729,21301.93
93730,19059.43
93731,21178.36
93732,22783.16
93733,23181.82
93734,12591.02
93735,13016.58
93736,13402.13
93737,24155.88
93738,29096.94
93739,7378.83
93740,41933.27
93741,12577.53
93742,18308.62
93743,17011.05
93744,18588.61
93745,19855.82
93746,13833.84
93747,18464.92
93748,30765.38
93749,20424.91
93750,28533.57
93751,28440.98
93752,13975.85
93753,27062.17
93754,31091.56
93755,27540.01
93756,27616.27
93757,17536.33
93758,21857.06
93759,24943.04
93760,19644.09
93761,18977.01
93762,26568.6
93763,30089.4
93764,20211.11
93765,18515.19
93766,22545.26
93767,14849.77
93768,30084.16
93769,21745.54
93770,13964.11
93771,17557.06
93772,25272.55
93773,30079.66
93774,27064.89
93775,20541.5
93776,28121.43
93777,15922.81
93778,36374.69
93779,24056.12
93780,23690.78
93781,24828.89
93782,42545.73
93783,28566.69
93784,18506.84
93785,11603.36
93786,29502.55
93787,15258.86
93788,33238.22
93789,15354.02
93790,31184.04
93791,25594.19
93792,13948.3
93793,25916.16
93794,13746.16
93795,18346.09
93796,20394.28
93797,16697.69
93798,25503.08
93799,18178.27
93800,18718.8
93801,24869.3
93802,22412.65
93803,10342.41
93804,19250.34
93805,18766.28
93806,23092.08
93807,32761.66
93808,22599.09
93809,28751.35
93810,24231.94
93811,10571.66
93812,35491.48
93813,32706.4
93814,24948.52
93815,7002.69
93816,25812.7
93817,3455.16
93818,28267.66
93819,13971.26
93820,23988.06
93821,33528.65
93822,17032.5
93823,36288.06
93824,29155.58
93825,18669.96
93826,25368.73
93827,19461.5
93828,33193.85
93829,59351.73
93830,25833.05
93831,29466.38
93832,26560.78
93833,21685.51
93834,15596.91
93835,17470.2
93836,41474.2
93837,25784.45
93838,17874.09
93839,22284.58
93840,36570.99
93841,29658.15
93842,49261.54
93843,17340.67
93844,57754.6
93845,18414.23
93846,9583.13
93847,24930.3
93848,23302.14
93849,28485.36
93850,28243.92
93851,17294.16
93852,26046.08
93853,14795.68
93854,20340.48
93855,22194.28
93856,14442.04
93857,36709.37
93858,17231.91
93859,21073.25
93860,19278.79
93861,15938.88
93862,19750.98
93863,21594.82
93864,9424.93
93865,16157.64
93866,13154.93
93867,41096.55
93868,20247.34
93869,18464.56
93870,42153.46
93871,24278.21
93872,11570.69
93873,19876.52
93874,15751.5
93875,17200.16
93876,32963.92
93877,15204.9
93878,25609.42
93879,10373.61
93880,4296.09
93881,40308.91
93882,24770.1
93883,16047.04
93884,15132.41
93885,25503.08
93886,28105.03
93887,24947.44
93888,30209.43
93889,21408.76
93890,13019.26
93891,10289.01
93892,16185.3
93893,13123.36
93894,27024.86
93895,36616.47
93896,23686.32
93897,11807.49
93898,17188.75
93899,13995.75
93900,29880.18
93901,42870.17
93902,18458.7
93903,38767.14
93904,11608.27
93905,26000.28
93906,20989.86
93907,11071.56
93908,26286.79
93909,32805.66
93910,19949.71
93911,20313.55
93912,9480.65
93913,18973.28
93914,26999.74
93915,21786.47
93916,15630.7
93917,30197.75
93918,5075.38
93919,25334.33
93920,25852.98
93921,21589.66
93922,14673.96
93923,30192.78
93924,20165.19
93925,18011.09
93926,29210.51
93927,50120.64
93928,25403.98
93929,29510.79
93930,39904.53
93931,18431.1
93932,18293.81
93933,24825.35
93934,15449.12
93935,22085.55
93936,16186.21
93937,26960.78
93938,28745.28
93939,20163.59
93940,26176.16
93941,23934.26
93942,26048.4
93943,20959.55
93944,16980.76
93945,29389.3
93946,21154.87
93947,26522.23
93948,35641.23
93949,30053.73
93950,28165.48
93951,22874.35
93952,16723.08
93953,68089.33
93954,19829.74
93955,19172.74
93956,17234.68
93957,33061.59
93958,19059.94
93959,24469.82
93960,29926.94
93961,49282.24
93962,29231.13
93963,55808.42
93964,21526.65
93965,17328.99
93966,12793.34
93967,30001.98
93968,23864.58
93969,42862.28
93970,6744.73
93971,19170.42
93972,14665.54
93973,30897.75
93974,25956.54
93975,14603.05
93976,20410.03
93977,19612.77
93978,34749.88
93979,13315.9
93980,14998.86
93981,19950.93
93982,15179.29
93983,30811.73
93984,22041.57
93985,23450.97
93986,23489.18
93987,18302.47
93988,15967.37
93989,62248.4
93990,26374.48
93991,39432.02
93992,15975.03
93993,33358.05
93994,29707.14
93995,21687.27
93996,21927.52
93997,20150.64
93998,18769.6
93999,19291.5
94000,26727.73
94001,10903.44
94002,32583.33
94003,22320.85
94004,27616.39
94005,26766.78
94006,23064.46
94007,29269.46
94008,19412.45
94009,32487.86
94010,27720.59
94011,22314.57
94012,29318.2
94013,20365.36
94014,20514.01
94015,23114.77
94016,44908.65
94017,16008.99
94018,18993.68
94019,55715.57
94020,23090.32
94021,23090.14
94022,12470.76
94023,15709.11
94024,57447.81
94025,11733.8
94026,51823.76
94027,21981.94
94028,16643.7
94029,29328.83
94030,31060.09
94031,24999.22
94032,13309.38
94033,41321.02
94034,25560.91
94035,20856.59
94036,23627.49
94037,31784.66
94038,34081.43
94039,15060.38
94040,29700.99
94041,31033.78
94042,41206.31
94043,15837.46
94044,14864.16
94045,34309.4
94046,16159.98
94047,20457.93
94048,19459.09
94049,19984.58
94050,47698.32
94051,13115.72
94052,14456.64
94053,26138.28
94054,25247.14
94055,29651.1
94056,18923.89
94057,19805.1
94058,82347.05
94059,29978.14
94060,27886.96
94061,26070.98
94062,30751.0
94063,16058.35
94064,24012.07
94065,19734.32
94066,11177.32
94067,27924.2
94068,20132.19
94069,16895.15
94070,26046.08
94071,24154.62
94072,16424.12
94073,20377.75
94074,27988.35
94075,42604.64
94076,19956.46
94077,27082.48
94078,19976.12
94079,15413.12
94080,13836.4
94081,4013.08
94082,34936.28
94083,30607.21
94084,19047.11
94085,18089.22
94086,30744.76
94087,11781.2
94088,21707.66
94089,25962.05
94090,18643.66
94091,18963.72
94092,28371.96
94093,26256.59
94094,16934.95
94095,18904.19
94096,22632.25
94097,20914.74
94098,13858.12
94099,50705.91
94100,17453.27
94101,21037.74
94102,25574.06
94103,18512.29
94104,35263.92
94105,21724.0
94106,30795.39
94107,49659.75
94108,19040.02
94109,30169.0
94110,49158.44
94111,16814.33
94112,15034.44
94113,18536.13
94114,3224.12
94115,30260.86
94116,25990.72
94117,21328.18
94118,21236.2
94119,20739.68
94120,10314.73
94121,12989.64
94122,24481.03
94123,29789.01
94124,11115.53
94125,25196.54
94126,24183.97
94127,6172.02
94128,12601.53
94129,18378.82
94130,26493.72
94131,31282.01
94132,22515.76
94133,20184.74
94134,15419.67
94135,26980.98
94136,29035.53
94137,18927.66
94138,22130.28
94139,39730.15
94140,19057.06
94141,25062.85
94142,18288.57
94143,20157.49
94144,18908.16
94145,21665.63
94146,17320.42
94147,21181.52
94148,26923.78
94149,19302.77
94150,29971.95
94151,11472.91
94152,7117.4
94153,15571.53
94154,15335.7
94155,31860.25
94156,22361.17
94157,25640.46
94158,15697.41
94159,26640.18
94160,23288.38
94161,24588.31
94162,27513.38
94163,11618.62
94164,42929.72
94165,78422.43
94166,34096.55
94167,23757.74
94168,34619.86
94169,21160.61
94170,34386.67
94171,17340.0
94172,37568.95
94173,30154.31
94174,14775.51
94175,17698.15
94176,15109.7
94177,15220.29
94178,15423.88
94179,20852.25
94180,31062.13
94181,25621.21
94182,19777.69
94183,21641.42
94184,44625.1
94185,19516.12
94186,35043.25
94187,25909.23
94188,22265.71
94189,24634.86
94190,18003.59
94191,29003.6
94192,38890.29
94193,30159.29
94194,39024.01
94195,19594.72
94196,20712.93
94197,27933.68
94198,44788.62
94199,32003.83
94200,26761.16
94201,21118.12
94202,14356.99
94203,12711.53
94204,11188.42
94205,27600.5
94206,21598.74
94207,25055.51
94208,21106.91
94209,32827.69
94210,47375.5
94211,9800.84
94212,13063.38
94213,8977.67
94214,25921.2
94215,34329.37
94216,10450.78
94217,12959.83
94218,35645.06
94219,37438.65
94220,39404.81
94221,34106.51
94222,22252.59
94223,16147.96
94224,31392.67
94225,8499.49
94226,15779.25
94227,22315.31
94228,20288.55
94229,27393.66
94230,31264.42
94231,20180.25
94232,28832.55
94233,50529.98
94234,47780.43
94235,37828.84
94236,28879.51
94237,22364.68
94238,21123.44
94239,27966.15
94240,14352.98
94241,25587.84
94242,23395.59
94243,21432.35
94244,19859.29
94245,22313.79
94246,16086.99
94247,19921.45
94248,48345.92
94249,18053.02
94250,18959.94
94251,18370.59
94252,22970.0
94253,24828.33
94254,25134.45
94255,11690.54
94256,28283.13
94257,17105.56
94258,36809.8
94259,24630.84
94260,23141.1
94261,31088.19
94262,22053.06
94263,15744.57
94264,16432.56
94265,25497.9
94266,26908.68
94267,32881.55
94268,29093.01
94269,14262.12
94270,51638.96
94271,14018.37
94272,60871.38
94273,46611.65
94274,25630.2
94275,43321.46
94276,18422.78
94277,12930.38
94278,18560.04
94279,20014.03
94280,12127.05
94281,22798.79
94282,33592.65
94283,12298.09
94284,14184.26
94285,19927.0
94286,10768.49
94287,21119.35
94288,21578.14
94289,25123.32
94290,22053.24
94291,20373.02
94292,24434.44
94293,4828.24
94294,27929.82
94295,31252.66
94296,13633.32
94297,14626.12
94298,19069.84
94299,26361.12
94300,21941.55
94301,26156.54
94302,22814.35
94303,14848.52
94304,16400.05
94305,40910.86
94306,15737.49
94307,22069.27
94308,24115.53
94309,19459.66
94310,19251.83
94311,21397.51
94312,15714.72
94313,27991.34
94314,20073.36
94315,33047.27
94316,28712.77
94317,13718.06
94318,17425.77
94319,37254.02
94320,17564.66
94321,19335.95
94322,24120.45
94323,46440.86
94324,29088.26
94325,55684.86
94326,9277.23
94327,15929.33
94328,17604.91
94329,19002.24
94330,23116.72
94331,16036.28
94332,19306.27
94333,14743.85
94334,13403.33
94335,15193.65
94336,12414.8
94337,18053.29
94338,23601.57
94339,25477.01
94340,17553.29
94341,36649.0
94342,17260.82
94343,21828.13
94344,15339.29
94345,15012.0
94346,12477.95
94347,43156.92
94348,23161.69
94349,16880.19
94350,20560.5
94351,30200.62
94352,20508.75
94353,26443.26
94354,30541.16
94355,24976.54
94356,3540.64
94357,16649.24
94358,15956.37
94359,11757.21
94360,20372.41
94361,44012.65
94362,18662.92
94363,8226.72
94364,16580.7
94365,19359.19
94366,23152.76
94367,24491.69
94368,30057.1
94369,15752.77
94370,18932.47
94371,18629.32
94372,24705.56
94373,19520.66
94374,22940.37
94375,17524.87
94376,12252.07
94377,27934.5
94378,21013.85
94379,26116.01
94380,28724.0
94381,45303.23
94382,19870.89
94383,32097.6
94384,43659.31
94385,19196.94
94386,37124.53
94387,15448.22
94388,31042.71
94389,14992.78
94390,30546.6
94391,35036.75
94392,20718.63
94393,42695.75
94394,15947.98
94395,20145.11
94396,26910.8
94397,20871.12
94398,16236.22
94399,14662.01
94400,17671.6
94401,28197.37
94402,20300.44
94403,20319.25
94404,14992.48
94405,31948.49
94406,61002.34
94407,18669.99
94408,22013.0
94409,21102.96
94410,20145.67
94411,20290.51
94412,30630.78
94413,18370.08
94414,32376.1
94415,14275.18
94416,37936.34
94417,54111.52
94418,21624.4
94419,23169.02
94420,10314.09
94421,21652.24
94422,20876.16
94423,28767.95
94424,20698.96
94425,28609.38
94426,16109.45
94427,22972.92
94428,8982.16
94429,23053.72
94430,15970.95
94431,43183.94
94432,19897.15
94433,25248.56
94434,29415.56
94435,19975.33
94436,18977.58
94437,15225.12
94438,38825.36
94439,25266.4
94440,23827.44
94441,17135.21
94442,15682.64
94443,20763.76
94444,25216.28
94445,30074.5
94446,18191.45
94447,17518.29
94448,26601.38
94449,34335.29
94450,23790.38
94451,19323.71
94452,16369.59
94453,20239.01
94454,35581.44
94455,25648.46
94456,20316.01
94457,13225.21
94458,47092.47
94459,10709.98
94460,18582.5
94461,21967.45
94462,22270.01
94463,15453.24
94464,19322.59
94465,16860.62
94466,27694.78
94467,8223.46
94468,32308.92
94469,27882.44
94470,36737.64
94471,19163.02
94472,22144.22
94473,21702.82
94474,21448.18
94475,18684.83
94476,21909.81
94477,39015.05
94478,24449.0
94479,29284.91
94480,28326.38
94481,13572.2
94482,17826.96
94483,19312.6
94484,13813.63
94485,40790.97
94486,25948.5
94487,22310.81
94488,26796.02
94489,32680.85
94490,32843.31
94491,15704.11
94492,15770.28
94493,33751.41
94494,19338.4
94495,19161.87
94496,18968.95
94497,33771.71
94498,10981.83
94499,29664.66
94500,15728.71
94501,25700.68
94502,40957.24
94503,49155.86
94504,4401.04
94505,32043.64
94506,17332.92
94507,13831.48
94508,8352.48
94509,20059.91
94510,41147.94
94511,28620.46
94512,19925.98
94513,28013.89
94514,42943.38
94515,16275.14
94516,22047.77
94517,19156.63
94518,18587.25
94519,31859.6
94520,16837.99
94521,51431.82
94522,24576.35
94523,26080.06
94524,15865.56
94525,24710.09
94526,26203.25
94527,22392.46
94528,20254.2
94529,25800.83
94530,32836.26
94531,19662.88
94532,27614.59
94533,13848.31
94534,12722.93
94535,14350.64
94536,15248.72
94537,17162.16
94538,9563.96
94539,22504.1
94540,26134.69
94541,49921.61
94542,22189.2
94543,25055.51
94544,30932.49
94545,28589.22
94546,18544.39
94547,13684.9
94548,17255.61
94549,18032.06
94550,22404.3
94551,43643.61
94552,24471.1
94553,9856.77
94554,16367.75
94555,32784.08
94556,44518.43
94557,18745.01
94558,19929.04
94559,39976.82
94560,30884.03
94561,15265.17
94562,21910.82
94563,19851.45
94564,30642.45
94565,15979.81
94566,41311.3
94567,17365.5
94568,18494.45
94569,30556.05
94570,15422.34
94571,30571.61
94572,31478.44
94573,19200.89
94574,15974.42
94575,32438.38
94576,5158.74
94577,29462.91
94578,22330.14
94579,32143.8
94580,10293.35
94581,61844.1
94582,34585.44
94583,17052.03
94584,14498.74
94585,16042.76
94586,27935.41
94587,17036.89
94588,28581.93
94589,36136.03
94590,24153.89
94591,28090.56
94592,37594.43
94593,19113.27
94594,19883.64
94595,21165.06
94596,14991.74
94597,23986.67
94598,38431.27
94599,24943.76
94600,24463.33
94601,23103.63
94602,16751.43
94603,21986.38
94604,30178.38
94605,24590.19
94606,21094.67
94607,24543.35
94608,23336.44
94609,16331.27
94610,19945.81
94611,19462.72
94612,12368.1
94613,20181.08
94614,16149.38
94615,28956.98
94616,16364.06
94617,20089.12
94618,22035.58
94619,46231.24
94620,39013.1
94621,43481.12
94622,36661.15
94623,27666.1
94624,10376.99
94625,23015.91
94626,33429.83
94627,3999.25
94628,21806.87
94629,25245.6
94630,8016.65
94631,21807.47
94632,13687.25
94633,21466.48
94634,16474.87
94635,28076.28
94636,10881.54
94637,27810.99
94638,15293.13
94639,31951.17
94640,15230.96
94641,18766.63
94642,17186.95
94643,30668.21
94644,18990.24
94645,16175.52
94646,29892.45
94647,12144.85
94648,36047.38
94649,11364.91
94650,17077.34
94651,28040.1
94652,28484.34
94653,22314.57
94654,16377.12
94655,29485.31
94656,27379.76
94657,14132.41
94658,25579.56
94659,11998.77
94660,22890.48
94661,19532.31
94662,23183.47
94663,28705.56
94664,23665.89
94665,29637.86
94666,29264.67
94667,31086.31
94668,21246.25
94669,25769.78
94670,12947.59
94671,24682.57
94672,20494.53
94673,47227.63
94674,21775.73
94675,10099.56
94676,26092.38
94677,21573.37
94678,14729.25
94679,16098.6
94680,23874.65
94681,32085.2
94682,40862.37
94683,18187.64
94684,35339.86
94685,28307.01
94686,25330.8
94687,19280.12
94688,22535.05
94689,49395.43
94690,24664.2
94691,15075.07
94692,22151.0
94693,29546.13
94694,24166.48
94695,38017.1
94696,24782.28
94697,24939.21
94698,17217.05
94699,39484.4
94700,18221.92
94701,20902.92
94702,17047.72
94703,26030.54
94704,30388.09
94705,47709.45
94706,19167.17
94707,27100.97
94708,22009.68
94709,21994.9
94710,41133.63
94711,20450.86
94712,24928.97
94713,11970.7
94714,21346.09
94715,20223.75
94716,18913.67
94717,21143.6
94718,78686.61
94719,26614.61
94720,39022.63
94721,28816.93
94722,33824.87
94723,19223.29
94724,51369.79
94725,20816.67
94726,18025.03
94727,3937.31
94728,22674.38
94729,16478.93
94730,17827.3
94731,16537.18
94732,44902.62
94733,19867.25
94734,18653.72
94735,33548.61
94736,44102.52
94737,18444.04
94738,23908.19
94739,12050.12
94740,34203.43
94741,29009.17
94742,31236.24
94743,19038.41
94744,11559.14
94745,35316.21
94746,11685.8
94747,24028.64
94748,20305.64
94749,37183.73
94750,20074.35
94751,14454.53
94752,19352.65
94753,29985.52
94754,23210.67
94755,29190.86
94756,24453.69
94757,21725.65
94758,20376.02
94759,21837.84
94760,21182.57
94761,21790.82
94762,16948.19
94763,25067.03
94764,29443.88
94765,34444.61
94766,24822.41
94767,21165.87
94768,43953.63
94769,43596.18
94770,31628.17
94771,16308.27
94772,23129.11
94773,23020.98
94774,14372.09
94775,29904.93
94776,26516.85
94777,12020.61
94778,24905.61
94779,15493.67
94780,11518.55
94781,22027.12
94782,10430.38
94783,26537.33
94784,16453.8
94785,14654.47
94786,28307.36
94787,39934.1
94788,21643.43
94789,22175.35
94790,36435.77
94791,18038.52
94792,19317.78
94793,22862.19
94794,30813.03
94795,19087.65
94796,16590.81
94797,25923.21
94798,85896.31
94799,26893.96
94800,12748.29
94801,18547.69
94802,29236.26
94803,51770.42
94804,34798.9
94805,25980.3
94806,28753.19
94807,18546.99
94808,18756.95
94809,34720.26
94810,17365.9
94811,18988.02
94812,26473.06
94813,20191.59
94814,27058.2
94815,14734.06
94816,19062.78
94817,23293.65
94818,14317.38
94819,31017.37
94820,22815.49
94821,49921.61
94822,15375.77
94823,33270.55
94824,18390.57
94825,37262.69
94826,32476.67
94827,24654.88
94828,26339.1
94829,24434.03
94830,17990.58
94831,26549.9
94832,4038.13
94833,16200.0
94834,12316.71
94835,23090.7
94836,18296.34
94837,31620.39
94838,13287.58
94839,18041.13
94840,9530.81
94841,25164.22
94842,19919.17
94843,22683.81
94844,28347.74
94845,16254.53
94846,18642.68
94847,14068.03
94848,26773.17
94849,31658.73
94850,14485.57
94851,24166.01
94852,11721.31
94853,18932.69
94854,31072.54
94855,33356.48
94856,24774.67
94857,19371.25
94858,26251.23
94859,29127.97
94860,44082.61
94861,16399.63
94862,21936.74
94863,17586.22
94864,31317.79
94865,16020.27
94866,13150.64
94867,18405.46
94868,15457.46
94869,33930.73
94870,27054.7
94871,19301.24
94872,18441.34
94873,29423.95
94874,19560.33
94875,33316.59
94876,34354.5
94877,18078.91
94878,42710.94
94879,16921.85
94880,23901.72
94881,11318.22
94882,30764.5
94883,18383.63
94884,28056.75
94885,28648.9
94886,21042.09
94887,23402.83
94888,14844.17
94889,21893.39
94890,21099.09
94891,13293.41
94892,29335.93
94893,22060.06
94894,31086.19
94895,14330.46
94896,28019.73
94897,44727.82
94898,19352.68
94899,31259.11
94900,26211.51
94901,18971.48
94902,17189.02
94903,21003.91
94904,12981.52
94905,19955.62
94906,30013.05
94907,23322.55
94908,27151.4
94909,23803.78
94910,27679.2
94911,16925.08
94912,25091.42
94913,19520.99
94914,18417.09
94915,29615.78
94916,28518.2
94917,19893.87
94918,31816.98
94919,25062.85
94920,13822.9
94921,29582.65
94922,35723.13
94923,20482.58
94924,8276.13
94925,18403.27
94926,13215.63
94927,24046.0
94928,20650.71
94929,29436.51
94930,57717.17
94931,14440.44
94932,16795.58
94933,24984.79
94934,15959.75
94935,21484.54
94936,19396.1
94937,13463.71
94938,24890.5
94939,15995.83
94940,22765.98
94941,11172.48
94942,25120.18
94943,20564.02
94944,30159.32
94945,54249.73
94946,25982.52
94947,19677.2
94948,25844.11
94949,22222.04
94950,56088.98
94951,16002.31
94952,51854.16
94953,21648.18
94954,20512.42
94955,24690.61
94956,21340.91
94957,20140.78
94958,23094.06
94959,17892.86
94960,9535.7
94961,31043.56
94962,24190.14
94963,15240.7
94964,18208.66
94965,17402.95
94966,20934.46
94967,15858.87
94968,21268.22
94969,48477.53
94970,28321.14
94971,17939.43
94972,28477.12
94973,17157.42
94974,16518.98
94975,10554.14
94976,15980.57
94977,24407.84
94978,22618.97
94979,20464.31
94980,11583.79
94981,24813.25
94982,25836.93
94983,55694.71
94984,20129.07
94985,11670.99
94986,22017.06
94987,30760.08
94988,24591.85
94989,11289.25
94990,33613.85
94991,19243.91
94992,25419.74
94993,27229.71
94994,12015.54
94995,32059.98
94996,15690.69
94997,26093.11
94998,13617.73
94999,12038.17
95000,25477.59
95001,16177.7
95002,15182.87
95003,12391.02
95004,22629.51
95005,16203.5
95006,50851.22
95007,21940.63
95008,25443.42
95009,42807.02
95010,21104.8
95011,25248.86
95012,49009.71
95013,26935.32
95014,14624.9
95015,56866.92
95016,29696.23
95017,24875.9
95018,22125.04
95019,11904.26
95020,12853.58
95021,24183.01
95022,14423.42
95023,9439.61
95024,22913.45
95025,30557.46
95026,20815.37
95027,28526.57
95028,30161.82
95029,5873.22
95030,27101.19
95031,28423.17
95032,20725.6
95033,27590.78
95034,16334.72
95035,34675.53
95036,15389.03
95037,33819.2
95038,15220.28
95039,24288.71
95040,15452.65
95041,32553.81
95042,17612.41
95043,24877.18
95044,47064.61
95045,22390.05
95046,34450.61
95047,48984.72
95048,25197.7
95049,18608.15
95050,26478.51
95051,16004.03
95052,19805.83
95053,45467.0
95054,16402.24
95055,18139.86
95056,28657.69
95057,19357.0
95058,19333.13
95059,32994.96
95060,31454.2
95061,21807.24
95062,27688.44
95063,29845.58
95064,9071.99
95065,37623.47
95066,22723.78
95067,18015.73
95068,33029.87
95069,24547.43
95070,19534.49
95071,20825.71
95072,19575.72
95073,26658.69
95074,24650.1
95075,12737.04
95076,25643.95
95077,28070.19
95078,19914.82
95079,42632.78
95080,26141.34
95081,10413.51
95082,16635.4
95083,57006.15
95084,12017.77
95085,25183.66
95086,20005.66
95087,28250.46
95088,20392.34
95089,49887.2
95090,20893.65
95091,21380.64
95092,41562.87
95093,25550.2
95094,87173.7
95095,18530.12
95096,16803.31
95097,26523.93
95098,28444.63
95099,29625.89
95100,17451.94
95101,23820.02
95102,36117.66
95103,19823.82
95104,20137.84
95105,17370.59
95106,17410.55
95107,15662.04
95108,25071.35
95109,23325.41
95110,24457.43
95111,19171.45
95112,29660.76
95113,17289.34
95114,23667.12
95115,24259.44
95116,28571.25
95117,34768.92
95118,15201.94
95119,25312.54
95120,29857.8
95121,20635.23
95122,13010.22
95123,12775.25
95124,10973.78
95125,25482.44
95126,41280.97
95127,33305.21
95128,25990.6
95129,27489.68
95130,10020.21
95131,18987.0
95132,25899.89
95133,14589.6
95134,60682.25
95135,10464.19
95136,16763.34
95137,43073.09
95138,19052.98
95139,16352.19
95140,20273.55
95141,22255.03
95142,25354.49
95143,18398.33
95144,13325.08
95145,12247.41
95146,17711.48
95147,27412.91
95148,27265.08
95149,24291.96
95150,31611.61
95151,39308.65
95152,40971.25
95153,18958.59
95154,26205.08
95155,15257.88
95156,16715.32
95157,27179.44
95158,20330.15
95159,29646.9
95160,33791.24
95161,44965.42
95162,17220.31
95163,18890.33
95164,17346.19
95165,15648.86
95166,24922.27
95167,33082.95
95168,41103.7
95169,16314.03
95170,19499.09
95171,20291.28
95172,19086.82
95173,23774.82
95174,3933.15
95175,24750.65
95176,16291.25
95177,39889.89
95178,17947.49
95179,33757.65
95180,50583.82
95181,12891.47
95182,24357.7
95183,18758.98
95184,36984.49
95185,22080.95
95186,18968.32
95187,10110.19
95188,12600.71
95189,29626.97
95190,27045.51
95191,19336.78
95192,12840.25
95193,20257.98
95194,26487.94
95195,20356.66
95196,18563.3
95197,32459.84
95198,18903.59
95199,21781.68
95200,28274.64
95201,12879.53
95202,25289.62
95203,16363.47
95204,17540.63
95205,9406.64
95206,14187.46
95207,11272.58
95208,10773.72
95209,19630.1
95210,21199.03
95211,30692.27
95212,23516.67
95213,14246.15
95214,23047.65
95215,21448.92
95216,39904.53
95217,20352.62
95218,23470.76
95219,15940.92
95220,16178.6
95221,14101.19
95222,20487.77
95223,48984.35
95224,33804.27
95225,15881.11
95226,27727.76
95227,29153.2
95228,3804.78
95229,18794.76
95230,31065.98
95231,31954.29
95232,16321.09
95233,18390.79
95234,22686.75
95235,17662.99
95236,28237.33
95237,15265.79
95238,27430.61
95239,39391.73
95240,20133.8
95241,20405.27
95242,14066.45
95243,52363.99
95244,33347.22
95245,44939.64
95246,28146.82
95247,13968.59
95248,31382.31
95249,21993.18
95250,14399.26
95251,29679.37
95252,21236.66
95253,31067.45
95254,20119.41
95255,36996.35
95256,26645.9
95257,14619.23
95258,26563.31
95259,24248.66
95260,17603.02
95261,29688.24
95262,21604.39
95263,22997.33
95264,28348.18
95265,17718.14
95266,17263.27
95267,31522.06
95268,31388.77
95269,11951.48
95270,14492.91
95271,25286.45
95272,29228.82
95273,21852.49
95274,23484.24
95275,17876.38
95276,38540.15
95277,44532.63
95278,31074.16
95279,48122.19
95280,10653.66
95281,16128.66
95282,16077.08
95283,21078.84
95284,17209.98
95285,24112.43
95286,24587.65
95287,17005.72
95288,12926.56
95289,16151.05
95290,20189.5
95291,29774.91
95292,26726.08
95293,20024.95
95294,31750.72
95295,13396.97
95296,48416.14
95297,21124.22
95298,17358.55
95299,18407.37
95300,13532.95
95301,20595.19
95302,15146.91
95303,14097.61
95304,9005.32
95305,19288.0
95306,32068.29
95307,23651.33
95308,21356.91
95309,20009.6
95310,19499.57
95311,20147.35
95312,19557.73
95313,38296.79
95314,18747.3
95315,22094.79
95316,10808.46
95317,24886.59
95318,12069.09
95319,47598.58
95320,27535.28
95321,23152.4
95322,24179.51
95323,30361.87
95324,36984.49
95325,20428.66
95326,18549.17
95327,27737.56
95328,12986.0
95329,25660.6
95330,34674.87
95331,17681.41
95332,20390.76
95333,25698.56
95334,20262.16
95335,22786.68
95336,26589.01
95337,25062.85
95338,11737.9
95339,40336.29
95340,22320.0
95341,27348.44
95342,16474.62
95343,58593.41
95344,23077.53
95345,14218.85
95346,17066.06
95347,20981.63
95348,13458.4
95349,19440.8
95350,19880.08
95351,25171.19
95352,18256.64
95353,25309.3
95354,58906.06
95355,11147.5
95356,62456.97
95357,14551.7
95358,21426.48
95359,16744.14
95360,31385.14
95361,14712.06
95362,20582.33
95363,16448.54
95364,17832.07
95365,16126.15
95366,13652.88
95367,28953.28
95368,21000.68
95369,17054.63
95370,15420.07
95371,16364.06
95372,14292.74
95373,16675.32
95374,21929.9
95375,20713.79
95376,19381.5
95377,19081.45
95378,31869.01
95379,26802.21
95380,18775.15
95381,39866.25
95382,17437.66
95383,18113.86
95384,2753.89
95385,14113.95
95386,28289.91
95387,17953.76
95388,27989.95
95389,22400.17
95390,27309.26
95391,19011.49
95392,18065.02
95393,19642.09
95394,19823.57
95395,19117.55
95396,19131.05
95397,26110.06
95398,28561.64
95399,93793.98
95400,44617.6
95401,13781.15
95402,14580.84
95403,26965.92
95404,21423.78
95405,17036.47
95406,14976.27
95407,23774.25
95408,20010.15
95409,26249.99
95410,14273.92
95411,30787.72
95412,11957.56
95413,13272.69
95414,30268.56
95415,23346.4
95416,25012.72
95417,27852.69
95418,23627.41
95419,9836.2
95420,19073.6
95421,23224.54
95422,12813.64
95423,27499.97
95424,30005.95
95425,16206.84
95426,53514.67
95427,12670.46
95428,28560.16
95429,21858.2
95430,13992.19
95431,29908.02
95432,15893.97
95433,19284.73
95434,20127.24
95435,14041.44
95436,22413.79
95437,24163.46
95438,18930.48
95439,21178.9
95440,25062.08
95441,15876.35
95442,25640.46
95443,27603.49
95444,24532.78
95445,28874.27
95446,27952.9
95447,22349.72
95448,26487.8
95449,23678.95
95450,15780.26
95451,20549.69
95452,13782.45
95453,49921.37
95454,17720.48
95455,23760.76
95456,26539.54
95457,18739.69
95458,14680.25
95459,25173.24
95460,20443.89
95461,38596.5
95462,15208.09
95463,12695.95
95464,11972.4
95465,18066.45
95466,22825.98
95467,23411.1
95468,36116.9
95469,12987.63
95470,30800.74
95471,10759.53
95472,34220.63
95473,7074.88
95474,24063.45
95475,18915.6
95476,29930.9
95477,24517.31
95478,28185.81
95479,22063.6
95480,30437.07
95481,21922.17
95482,48907.13
95483,14242.38
95484,40403.57
95485,18127.63
95486,20202.13
95487,11150.12
95488,33322.07
95489,28753.9
95490,29286.22
95491,16120.47
95492,26627.18
95493,29956.16
95494,29284.51
95495,15828.54
95496,29127.3
95497,18578.94
95498,16574.05
95499,30742.2
95500,16508.43
95501,20309.45
95502,41220.73
95503,15513.36
95504,4026.66
95505,18599.09
95506,13908.71
95507,17850.05
95508,41220.73
95509,32856.63
95510,14288.44
95511,22887.83
95512,37649.76
95513,29011.88
95514,15775.64
95515,21066.26
95516,15198.55
95517,20256.18
95518,20663.03
95519,13182.39
95520,19185.53
95521,24833.7
95522,14588.19
95523,23651.71
95524,19619.85
95525,20174.88
95526,26011.43
95527,25459.26
95528,18405.48
95529,49480.27
95530,49014.93
95531,34522.11
95532,14466.55
95533,28133.66
95534,17483.88
95535,30006.79
95536,37107.94
95537,19786.41
95538,47939.81
95539,11138.97
95540,15309.54
95541,13605.13
95542,16862.54
95543,16078.35
95544,30722.19
95545,16699.93
95546,41307.91
95547,17815.9
95548,11663.9
95549,18640.72
95550,35899.0
95551,18760.13
95552,15990.35
95553,30296.84
95554,16011.97
95555,23988.77
95556,29691.34
95557,14487.68
95558,18952.95
95559,15951.74
95560,15031.7
95561,19777.65
95562,29545.76
95563,26975.44
95564,23877.85
95565,25200.97
95566,21097.54
95567,45268.43
95568,33743.84
95569,30995.54
95570,30214.54
95571,20800.16
95572,19021.0
95573,27555.15
95574,29585.91
95575,29749.01
95576,26445.16
95577,16948.76
95578,18393.32
95579,15616.11
95580,40360.33
95581,9760.97
95582,22535.21
95583,19991.72
95584,26064.37
95585,22120.65
95586,11952.65
95587,30169.0
95588,18742.68
95589,27353.25
95590,26170.59
95591,19540.41
95592,30688.88
95593,18657.96
95594,28072.61
95595,27480.45
95596,18054.1
95597,43738.46
95598,14747.7
95599,13831.58
95600,16737.14
95601,19630.17
95602,29875.0
95603,16407.88
95604,30719.95
95605,18839.94
95606,15180.9
95607,23708.06
95608,27214.96
95609,33983.34
95610,29901.84
95611,32682.3
95612,24811.69
95613,14505.58
95614,13182.92
95615,24946.47
95616,29727.48
95617,42040.23
95618,19230.86
95619,27838.56
95620,31252.81
95621,16659.77
95622,33979.39
95623,46025.6
95624,16560.55
95625,28573.42
95626,17645.2
95627,38306.75
95628,22538.06
95629,33560.66
95630,23372.89
95631,15885.61
95632,24846.54
95633,17227.99
95634,34218.14
95635,26173.39
95636,32030.35
95637,10510.58
95638,14431.37
95639,15190.43
95640,15913.83
95641,24977.79
95642,30457.07
95643,18069.68
95644,36908.99
95645,22208.33
95646,18926.83
95647,25300.35
95648,34403.22
95649,26018.34
95650,22039.97
95651,19038.7
95652,29234.7
95653,6567.95
95654,28844.73
95655,22619.81
95656,16870.04
95657,28734.88
95658,36282.42
95659,23618.53
95660,38725.78
95661,17539.12
95662,44956.39
95663,20915.98
95664,18107.84
95665,55832.46
95666,31321.34
95667,16533.32
95668,21150.46
95669,29049.39
95670,30389.48
95671,22179.28
95672,28359.87
95673,14280.07
95674,15938.38
95675,27098.71
95676,17782.15
95677,13776.33
95678,18550.02
95679,29174.51
95680,17769.68
95681,13635.66
95682,16809.91
95683,18393.52
95684,22056.19
95685,22109.48
95686,13693.91
95687,17414.68
95688,20928.61
95689,21856.29
95690,32572.86
95691,22679.26
95692,26793.52
95693,18102.21
95694,24902.02
95695,20857.18
95696,30237.63
95697,26341.83
95698,16962.66
95699,25571.4
95700,24006.64
95701,27253.78
95702,34091.32
95703,25653.02
95704,14483.09
95705,27896.93
95706,33516.66
95707,17282.52
95708,19010.58
95709,40803.11
95710,25858.12
95711,22560.31
95712,43803.45
95713,26709.79
95714,9074.23
95715,33062.74
95716,14143.54
95717,9575.5
95718,17997.47
95719,28393.52
95720,32334.5
95721,21002.04
95722,26434.15
95723,12105.2
95724,22373.45
95725,26187.64
95726,26024.88
95727,44904.18
95728,13476.82
95729,30285.21
95730,21986.84
95731,16765.05
95732,11549.02
95733,32515.75
95734,22189.2
95735,29012.06
95736,16322.71
95737,18630.69
95738,31096.45
95739,16420.24
95740,23459.58
95741,45320.01
95742,27992.15
95743,26372.93
95744,19785.02
95745,25615.84
95746,24964.06
95747,13569.22
95748,17159.41
95749,24636.13
95750,11920.33
95751,16537.06
95752,32145.05
95753,29829.69
95754,32331.47
95755,45222.02
95756,19922.4
95757,18899.34
95758,15854.83
95759,34698.43
95760,17001.67
95761,20235.02
95762,11885.14
95763,14284.52
95764,24414.4
95765,25836.93
95766,23205.25
95767,10480.93
95768,40934.3
95769,28598.59
95770,22826.34
95771,16685.73
95772,26762.59
95773,17506.02
95774,43973.63
95775,14425.32
95776,52606.94
95777,14645.1
95778,22038.65
95779,15830.94
95780,29058.0
95781,19301.71
95782,25383.56
95783,14220.67
95784,23166.17
95785,23478.2
95786,24472.89
95787,19962.7
95788,17630.23
95789,15539.26
95790,12494.55
95791,34660.92
95792,42884.18
95793,32021.74
95794,26498.61
95795,12697.95
95796,17225.38
95797,20587.09
95798,29900.37
95799,24544.02
95800,12821.03
95801,28668.5
95802,12245.04
95803,59186.82
95804,36388.98
95805,18666.41
95806,28751.77
95807,31616.84
95808,25979.38
95809,23824.23
95810,12577.03
95811,21059.12
95812,24330.62
95813,16075.28
95814,16513.42
95815,43803.27
95816,18783.3
95817,32570.95
95818,26948.78
95819,47311.3
95820,37848.81
95821,32442.9
95822,19138.18
95823,23268.21
95824,17166.21
95825,15924.88
95826,44142.59
95827,28064.9
95828,11967.0
95829,10807.48
95830,22687.55
95831,26861.85
95832,14101.98
95833,22461.55
95834,19294.21
95835,18278.69
95836,16758.34
95837,26105.62
95838,39765.88
95839,29506.38
95840,13403.64
95841,15769.81
95842,20323.21
95843,31449.91
95844,19528.48
95845,28213.74
95846,37089.1
95847,27867.78
95848,22132.41
95849,44944.33
95850,13360.9
95851,11286.73
95852,39439.67
95853,31095.88
95854,21365.62
95855,40607.74
95856,24733.71
95857,23478.61
95858,19424.77
95859,28456.92
95860,16644.72
95861,17518.39
95862,23039.19
95863,24436.39
95864,24887.83
95865,33447.53
95866,53380.89
95867,28643.76
95868,6849.58
95869,29904.82
95870,20746.64
95871,33470.17
95872,23540.76
95873,24302.53
95874,25588.88
95875,14443.13
95876,31224.95
95877,14384.91
95878,42244.84
95879,16607.16
95880,39813.88
95881,19375.48
95882,20413.69
95883,10928.77
95884,24557.54
95885,29374.8
95886,19656.38
95887,21544.82
95888,19662.41
95889,28999.03
95890,18430.32
95891,25240.56
95892,15769.66
95893,26932.0
95894,20850.14
95895,23375.93
95896,16282.73
95897,24828.41
95898,25348.24
95899,27691.82
95900,20875.28
95901,33356.48
95902,23455.86
95903,29741.89
95904,23155.07
95905,13455.64
95906,25320.86
95907,47882.75
95908,29995.15
95909,19499.84
95910,41271.44
95911,26451.75
95912,31912.99
95913,40431.54
95914,19216.98
95915,29159.27
95916,35416.11
95917,32492.35
95918,32843.31
95919,17555.7
95920,21841.26
95921,20054.16
95922,39267.97
95923,19569.93
95924,31965.45
95925,17963.27
95926,21593.35
95927,19771.78
95928,18230.76
95929,14459.86
95930,20013.51
95931,31952.2
95932,30256.2
95933,19450.05
95934,25033.02
95935,17593.69
95936,32716.68
95937,29213.83
95938,16204.65
95939,19581.32
95940,15959.13
95941,16158.39
95942,22010.33
95943,42458.48
95944,18577.05
95945,16740.59
95946,18772.52
95947,39504.03
95948,21635.31
95949,20728.29
95950,20341.42
95951,21569.71
95952,36390.49
95953,19291.37
95954,16713.46
95955,20316.01
95956,20992.01
95957,18073.19
95958,10077.55
95959,22622.84
95960,30340.98
95961,24646.3
95962,28820.18
95963,17893.92
95964,13930.91
95965,32162.86
95966,18986.78
95967,19928.58
95968,15660.1
95969,30834.06
95970,22267.17
95971,27774.01
95972,44559.29
95973,25836.93
95974,23964.06
95975,17472.58
95976,32572.6
95977,19058.81
95978,15391.22
95979,23477.18
95980,16718.29
95981,25343.65
95982,18453.25
95983,41396.19
95984,31362.51
95985,14849.77
95986,15696.52
95987,10429.83
95988,14567.86
95989,25469.68
95990,52397.38
95991,19539.98
95992,27865.94
95993,21609.68
95994,23547.57
95995,20240.17
95996,26062.82
95997,23252.51
95998,23870.95
95999,10987.3
96000,17349.92
96001,15799.15
96002,24103.99
96003,10202.07
96004,13884.63
96005,10739.73
96006,10155.68
96007,12003.13
96008,9124.62
96009,14479.67
96010,20923.16
96011,9358.63
96012,12890.39
96013,9368.5
96014,10109.92
96015,26253.55
96016,19316.65
96017,24835.05
96018,9122.96
96019,19436.49
96020,16299.52
96021,18953.64
96022,19820.32
96023,9418.92
96024,22022.56
96025,21670.78
96026,6623.65
96027,10534.66
96028,20624.68
96029,24037.62
96030,22384.13
96031,24793.63
96032,20400.36
96033,18796.64
96034,18990.05
96035,11292.33
96036,17248.76
96037,19062.82
96038,17494.66
96039,9807.97
96040,7917.16
96041,23836.05
96042,15140.98
96043,7693.24
96044,20761.53
96045,20013.89
96046,15678.41
96047,12278.54
96048,10658.04
96049,6358.57
96050,18842.13
96051,13812.82
96052,5051.98
96053,8320.18
96054,12268.01
96055,7864.12
96056,22106.46
96057,10467.32
96058,15195.99
96059,10167.58
96060,7748.63
96061,11488.77
96062,10431.34
96063,25806.64
96064,10995.7
96065,25656.8
96066,9198.75
96067,9810.46
96068,12668.85
96069,9098.55
96070,24037.11
96071,12149.6
96072,7445.84
96073,9582.38
96074,26667.7
96075,15310.21
96076,4817.0
96077,13664.95
96078,18531.66
96079,30296.08
96080,10873.52
96081,7352.8
96082,8176.3
96083,9263.76
96084,7596.6
96085,7613.05
96086,15161.49
96087,6457.5
96088,6466.73
96089,12753.93
96090,17321.42
96091,10512.46
96092,14361.84
96093,10686.87
96094,5143.23
96095,20346.15
96096,13741.44
96097,27070.88
96098,22358.89
96099,17707.35
96100,10346.06
96101,12634.43
96102,18461.97
96103,28173.93
96104,29081.54
96105,13355.06
96106,9031.53
96107,10995.19
96108,12558.47
96109,9901.14
96110,8956.95
96111,13478.64
96112,19508.71
96113,12973.81
96114,6675.79
96115,8892.24
96116,12732.23
96117,22126.89
96118,10952.43
96119,13561.21
96120,14892.7
96121,20103.98
96122,24535.37
96123,8227.13
96124,8257.19
96125,15182.5
96126,9005.57
96127,18564.78
96128,15966.89
96129,15308.56
96130,14650.34
96131,11005.7
96132,17982.59
96133,17666.04
96134,9750.41
96135,10230.47
96136,13978.88
96137,12695.01
96138,19133.33
96139,18711.65
96140,26489.17
96141,12191.63
96142,30517.44
96143,18934.5
96144,8625.86
96145,9238.56
96146,17822.77
96147,16220.44
96148,12328.77
96149,21973.15
96150,25450.45
96151,17380.0
96152,27540.19
96153,17390.31
96154,17605.57
96155,14492.09
96156,15002.13
96157,12933.81
96158,11242.9
96159,8134.54
96160,9035.76
96161,10069.98
96162,7660.37
96163,24118.3
96164,20416.5
96165,9395.34
96166,13589.91
96167,14839.01
96168,21648.42
96169,9921.62
96170,10573.36
96171,12995.37
96172,6279.81
96173,15276.12
96174,25032.58
96175,17803.03
96176,13809.59
96177,9083.93
96178,12766.95
96179,10448.21
96180,12560.05
96181,17367.0
96182,24766.04
96183,14769.65
96184,8058.97
96185,11314.85
96186,10062.39
96187,22553.0
96188,9052.0
96189,12936.7
96190,20533.69
96191,9771.08
96192,8950.37
96193,12466.33
96194,22873.57
96195,11399.29
96196,6226.35
96197,7859.83
96198,9536.46
96199,20346.3
96200,13278.43
96201,13339.83
96202,14149.76
96203,9953.38
96204,26941.98
96205,7219.53
96206,19430.83
96207,16706.22
96208,18368.85
96209,8202.51
96210,16533.24
96211,10722.92
96212,20845.35
96213,21031.16
96214,33337.45
96215,16785.04
96216,13181.78
96217,15402.94
96218,30296.0
96219,19449.65
96220,10426.39
96221,7915.07
96222,15805.03
96223,10239.01
96224,14038.99
96225,20011.62
96226,10090.08
96227,27401.63
96228,13961.48
96229,16912.56
96230,17819.28
96231,9573.11
96232,9630.66
96233,10469.06
96234,13841.07
96235,15922.56
96236,9418.92
96237,13443.47
96238,18495.94
96239,10208.04
96240,17597.28
96241,17734.45
96242,12640.58
96243,14491.45
96244,20914.31
96245,16182.34
96246,24228.67
96247,20273.33
96248,7855.93
96249,18599.17
96250,18304.28
96251,11584.07
96252,18132.54
96253,13390.27
96254,23783.66
96255,9043.14
96256,14616.04
96257,15010.82
96258,15336.36
96259,11931.34
96260,7188.71
96261,20790.05
96262,14454.7
96263,13412.73
96264,17790.78
96265,24113.52
96266,22339.37
96267,21369.58
96268,26805.9
96269,7433.34
96270,11962.4
96271,7722.92
96272,7988.02
96273,9290.13
96274,18073.94
96275,12010.78
96276,8271.52
96277,17870.33
96278,17246.55
96279,10289.94
96280,18186.2
96281,9263.23
96282,4663.21
96283,10335.52
96284,8195.93
96285,9729.15
96286,27570.77
96287,19428.1
96288,23188.2
96289,25852.14
96290,13822.35
96291,15190.54
96292,13461.94
96293,15340.52
96294,26994.44
96295,23734.52
96296,14713.4
96297,13809.46
96298,20372.1
96299,9012.22
96300,31673.65
96301,5051.98
96302,13560.04
96303,11933.08
96304,10354.52
96305,14937.92
96306,33920.61
96307,10723.02
96308,12291.87
96309,9820.55
96310,20833.18
96311,19816.28
96312,10150.62
96313,16609.44
96314,15708.91
96315,15688.2
96316,13330.42
96317,14126.31
96318,9191.63
96319,10351.94
96320,28418.61
96321,8275.09
96322,6967.05
96323,8049.07
96324,9606.49
96325,12062.26
96326,20507.48
96327,7535.89
96328,21877.98
96329,26621.36
96330,18685.98
96331,14268.93
96332,11654.9
96333,8032.81
96334,13383.66
96335,22183.76
96336,8752.92
96337,8161.53
96338,8778.96
96339,6956.87
96340,13425.49
96341,7604.26
96342,27884.86
96343,9360.81
96344,20027.39
96345,20340.54
96346,19322.69
96347,10585.26
96348,21023.79
96349,13408.31
96350,18427.54
96351,7766.76
96352,13445.43
96353,27681.87
96354,8982.95
96355,11051.49
96356,16429.94
96357,9008.43
96358,6475.2
96359,12546.45
96360,11892.42
96361,11866.4
96362,30336.48
96363,9673.7
96364,13544.62
96365,13591.23
96366,18401.8
96367,30096.89
96368,21213.53
96369,15128.77
96370,14076.95
96371,14357.75
96372,7317.19
96373,11032.22
96374,3434.59
96375,7516.46
96376,3052.95
96377,8631.77
96378,8707.36
96379,13458.1
96380,13591.61
96381,20108.03
96382,13600.22
96383,8508.34
96384,21406.81
96385,12932.25
96386,7698.93
96387,11100.12
96388,13406.15
96389,23077.32
96390,7788.62
96391,16859.25
96392,15679.7
96393,23788.29
96394,10027.98
96395,10546.88
96396,6652.9
96397,19469.32
96398,22609.85
96399,19909.62
96400,15502.95
96401,15267.11
96402,14548.19
96403,19220.54
96404,11939.08
96405,10350.93
96406,8580.2
96407,11956.19
96408,26416.72
96409,13222.68
96410,20446.61
96411,13503.96
96412,25707.76
96413,12584.12
96414,12490.57
96415,13386.54
96416,17650.72
96417,23360.12
96418,27586.76
96419,25015.9
96420,10921.49
96421,10515.69
96422,13433.4
96423,6297.68
96424,12685.13
96425,12977.17
96426,15524.9
96427,21095.39
96428,31247.98
96429,12061.41
96430,23943.85
96431,8437.92
96432,30108.64
96433,10782.27
96434,7995.65
96435,11743.92
96436,9703.32
96437,22395.36
96438,18569.13
96439,17678.47
96440,22248.41
96441,9508.87
96442,19449.76
96443,9680.44
96444,6068.49
96445,22186.79
96446,20320.43
96447,20198.09
96448,12733.41
96449,10394.27
96450,10924.36
96451,9614.24
96452,6450.87
96453,13323.09
96454,10258.03
96455,18177.9
96456,12445.35
96457,11873.16
96458,16499.87
96459,9465.06
96460,10991.12
96461,22163.66
96462,19636.52
96463,27723.93
96464,23068.99
96465,11610.43
96466,27106.75
96467,9770.23
96468,12027.19
96469,8966.18
96470,10107.14
96471,14246.76
96472,26123.75
96473,13105.25
96474,30661.23
96475,14633.74
96476,12661.55
96477,30099.37
96478,12306.77
96479,19988.63
96480,11062.4
96481,22181.46
96482,21763.08
96483,12616.02
96484,12811.96
96485,24869.47
96486,31121.4
96487,10608.06
96488,8352.42
96489,8924.91
96490,10362.46
96491,30757.53
96492,5510.8
96493,12209.91
96494,10868.95
96495,12282.35
96496,11350.4
96497,10602.66
96498,33706.01
96499,13621.26
96500,8141.5
96501,20697.47
96502,6903.39
96503,14723.95
96504,16437.9
96505,18105.38
96506,12779.02
96507,10911.16
96508,9263.23
96509,28267.46
96510,14134.4
96511,11520.66
96512,18668.53
96513,11680.31
96514,10906.41
96515,10020.81
96516,5862.74
96517,13198.1
96518,12338.39
96519,17149.06
96520,8875.04
96521,26809.82
96522,30939.87
96523,12895.9
96524,18601.3
96525,17030.18
96526,20845.35
96527,15822.91
96528,13316.66
96529,13683.12
96530,19508.68
96531,10139.37
96532,14172.14
96533,23564.5
96534,13515.45
96535,17557.85
96536,11243.41
96537,9496.05
96538,10882.4
96539,7921.22
96540,13955.29
96541,11351.6
96542,11525.21
96543,16610.1
96544,8127.85
96545,14737.18
96546,14172.29
96547,10750.14
96548,31704.72
96549,10826.33
96550,16148.34
96551,9031.28
96552,6103.8
96553,18636.58
96554,9430.45
96555,12320.75
96556,9697.82
96557,21896.78
96558,13374.68
96559,12223.44
96560,14936.05
96561,13271.57
96562,7987.27
96563,8359.79
96564,12986.24
96565,11926.43
96566,12724.84
96567,10581.28
96568,9475.77
96569,19366.23
96570,3154.07
96571,24993.87
96572,9542.07
96573,20846.25
96574,7485.2
96575,27565.38
96576,7539.65
96577,9709.27
96578,9975.79
96579,12866.51
96580,24829.59
96581,12707.32
96582,12097.72
96583,17177.58
96584,14263.57
96585,8918.68
96586,6873.61
96587,11384.84
96588,23780.29
96589,9147.42
96590,11354.26
96591,7838.45
96592,17682.28
96593,10603.07
96594,7821.1
96595,17213.08
96596,13010.05
96597,30963.83
96598,11623.58
96599,9291.35
96600,9570.66
96601,12990.66
96602,6886.95
96603,8962.07
96604,15028.93
96605,24404.08
96606,9776.53
96607,9965.2
96608,9048.33
96609,14338.21
96610,10795.27
96611,12170.15
96612,12383.16
96613,12421.26
96614,8647.78
96615,13458.67
96616,14343.87
96617,13541.51
96618,31262.95
96619,6278.82
96620,22495.62
96621,11575.81
96622,23726.39
96623,11287.13
96624,13328.09
96625,26239.45
96626,18004.58
96627,11504.58
96628,14475.0
96629,13844.76
96630,16033.14
96631,13936.66
96632,9718.94
96633,15428.72
96634,9150.73
96635,28547.06
96636,11309.23
96637,11320.92
96638,18792.18
96639,17451.14
96640,8038.28
96641,9341.69
96642,14927.62
96643,9811.36
96644,12837.25
96645,15783.3
96646,8895.59
96647,7310.86
96648,5526.62
96649,15445.77
96650,12993.75
96651,10125.17
96652,17888.22
96653,12446.39
96654,31645.33
96655,11479.75
96656,10799.78
96657,16255.52
96658,12859.67
96659,6598.95
96660,20253.85
96661,12828.18
96662,16572.95
96663,11112.95
96664,13282.19
96665,5870.4
96666,7757.15
96667,15570.19
96668,13065.86
96669,24420.36
96670,8939.17
96671,11754.78
96672,20396.35
96673,9104.58
96674,11225.67
96675,22539.88
96676,6815.86
96677,5747.79
96678,10606.2
96679,12252.92
96680,9420.91
96681,12565.47
96682,26416.72
96683,16177.92
96684,5915.44
96685,27686.99
96686,21980.83
96687,13442.62
96688,8730.64
96689,21761.31
96690,16507.27
96691,6766.01
96692,13315.24
96693,10324.58
96694,14749.67
96695,7203.08
96696,10756.24
96697,8987.78
96698,7010.32
96699,13373.16
96700,17332.35
96701,11985.71
96702,19684.0
96703,27049.1
96704,8642.41
96705,12225.12
96706,8585.58
96707,9116.55
96708,15189.51
96709,11211.18
96710,6232.87
96711,15798.45
96712,17517.66
96713,16117.64
96714,12330.92
96715,13214.98
96716,17988.3
96717,9910.95
96718,26999.44
96719,17955.25
96720,18804.53
96721,20677.17
96722,18877.99
96723,18480.76
96724,12225.09
96725,9855.4
96726,7369.27
96727,8477.55
96728,21663.39
96729,8930.45
96730,11986.98
96731,8033.25
96732,11701.44
96733,9314.8
96734,6407.24
96735,11870.69
96736,9654.37
96737,23284.7
96738,13571.27
96739,16044.91
96740,14374.63
96741,10246.44
96742,7377.89
96743,13473.33
96744,12705.08
96745,8478.88
96746,8093.44
96747,14595.96
96748,4916.1
96749,6920.53
96750,5266.24
96751,11080.47
96752,8392.66
96753,14936.05
96754,22330.88
96755,6432.99
96756,20782.87
96757,10161.05
96758,14334.0
96759,15495.19
96760,32710.03
96761,9472.22
96762,10763.73
96763,10333.15
96764,18399.42
96765,11493.88
96766,19608.52
96767,24895.65
96768,17425.35
96769,11714.18
96770,9828.13
96771,13034.07
96772,15474.26
96773,18257.67
96774,21972.34
96775,14175.78
96776,22953.94
96777,10688.54
96778,13552.29
96779,22044.66
96780,26028.34
96781,31726.97
96782,20027.67
96783,30351.07
96784,8478.54
96785,18352.66
96786,8772.34
96787,13966.06
96788,7583.3
96789,10422.23
96790,6610.58
96791,15160.44
96792,8486.46
96793,9760.77
96794,14105.79
96795,10839.66
96796,24073.9
96797,4910.14
96798,30424.86
96799,12107.7
96800,10533.76
96801,13156.22
96802,15168.54
96803,22493.4
96804,12733.61
96805,13086.75
96806,26506.0
96807,17763.52
96808,18508.64
96809,12192.43
96810,2069.88
96811,33412.82
96812,12327.34
96813,13910.13
96814,23501.98
96815,9616.1
96816,12901.56
96817,11178.0
96818,12688.69
96819,30254.22
96820,9704.09
96821,21774.08
96822,12537.83
96823,26345.93
96824,5951.47
96825,5980.79
96826,14239.27
96827,20540.71
96828,11482.33
96829,12030.04
96830,13508.32
96831,7318.04
96832,16964.11
96833,17679.18
96834,13747.65
96835,20443.79
96836,14960.59
96837,5924.01
96838,25122.85
96839,15123.11
96840,10583.61
96841,6356.73
96842,12515.87
96843,5974.62
96844,10992.3
96845,19492.8
96846,22735.43
96847,12616.25
96848,4715.89
96849,13766.73
96850,19825.03
96851,8512.18
96852,6960.18
96853,26379.86
96854,12246.88
96855,11034.38
96856,9727.06
96857,9092.77
96858,7985.97
96859,7421.09
96860,24971.79
96861,16839.37
96862,8711.07
96863,8930.3
96864,9255.36
96865,13072.72
96866,25430.52
96867,7902.0
96868,20023.16
96869,7577.9
96870,9995.42
96871,16861.96
96872,13185.25
96873,13125.6
96874,5331.1
96875,13812.0
96876,24643.74
96877,9830.18
96878,19952.92
96879,20380.93
96880,16892.79
96881,7342.73
96882,9895.37
96883,22001.41
96884,18746.07
96885,17346.86
96886,13553.36
96887,15095.66
96888,9819.26
96889,17825.53
96890,4073.09
96891,15095.81
96892,30133.1
96893,11405.18
96894,8523.12
96895,12380.84
96896,12222.33
96897,10162.53
96898,30816.86
96899,7939.78
96900,15065.41
96901,25805.68
96902,20747.93
96903,17632.16
96904,5376.78
96905,17937.59
96906,12786.44
96907,12575.96
96908,12632.01
96909,13932.13
96910,14031.34
96911,30192.39
96912,12239.66
96913,17834.11
96914,7265.24
96915,28396.43
96916,13265.32
96917,11020.23
96918,18686.58
96919,7504.73
96920,19624.57
96921,7725.85
96922,14197.59
96923,6784.77
96924,27784.35
96925,14388.46
96926,33324.69
96927,9002.78
96928,23342.55
96929,12750.17
96930,14008.57
96931,17478.73
96932,31108.76
96933,9653.89
96934,8023.44
96935,21107.47
96936,25067.78
96937,12045.24
96938,15705.24
96939,20423.04
96940,9282.24
96941,8092.66
96942,18613.1
96943,10590.6
96944,12500.27
96945,10642.13
96946,15814.01
96947,9065.75
96948,10863.22
96949,18921.52
96950,12173.75
96951,18979.74
96952,6681.08
96953,21301.21
96954,25431.51
96955,13293.17
96956,10239.2
96957,22258.04
96958,13651.55
96959,13092.26
96960,24120.87
96961,21731.53
96962,11551.57
96963,11033.94
96964,6362.79
96965,8651.21
96966,6296.65
96967,13000.61
96968,14992.19
96969,9149.93
96970,9095.71
96971,14911.57
96972,9228.06
96973,16454.39
96974,9309.67
96975,12844.25
96976,17814.02
96977,20554.78
96978,8774.41
96979,18559.19
96980,8397.21
96981,8739.26
96982,17768.53
96983,18748.49
96984,17758.74
96985,13674.68
96986,11729.37
96987,7476.66
96988,6827.39
96989,13218.07
96990,21843.19
96991,9493.82
96992,10926.67
96993,17430.43
96994,3649.51
96995,13313.48
96996,18554.49
96997,26673.28
96998,13350.06
96999,8557.23
97000,19699.21
97001,9073.55
97002,18679.0
97003,7423.81
97004,13138.01
97005,18367.78
97006,11756.99
97007,20429.1
97008,12625.33
97009,22086.76
97010,14589.76
97011,12556.27
97012,11057.8
97013,7940.39
97014,5332.26
97015,25709.75
97016,11174.67
97017,6414.71
97018,13269.0
97019,22222.3
97020,12715.01
97021,25489.43
97022,22029.05
97023,15394.41
97024,17690.28
97025,12890.64
97026,12310.52
97027,10353.41
97028,9519.46
97029,12906.69
97030,8137.86
97031,9769.77
97032,5586.39
97033,8767.47
97034,11820.87
97035,8197.59
97036,9205.55
97037,13797.98
97038,13202.08
97039,19878.51
97040,8426.55
97041,11039.6
97042,9812.96
97043,14023.01
97044,9926.36
97045,4563.35
97046,17136.17
97047,11216.09
97048,8709.06
97049,6467.01
97050,11243.03
97051,7537.13
97052,11898.2
97053,15122.41
97054,12006.34
97055,19888.81
97056,21654.23
97057,10382.37
97058,23574.54
97059,13044.3
97060,14932.77
97061,3142.91
97062,16050.08
97063,18470.93
97064,7443.1
97065,6830.16
97066,13173.35
97067,27435.08
97068,18973.93
97069,25547.21
97070,14562.42
97071,8022.62
97072,13252.29
97073,9950.12
97074,18758.74
97075,20057.58
97076,18416.16
97077,11139.06
97078,16638.46
97079,12705.9
97080,23990.5
97081,11947.18
97082,29004.91
97083,12256.31
97084,9621.73
97085,4755.0
97086,13646.95
97087,13128.45
97088,16644.77
97089,16003.52
97090,14974.35
97091,10669.76
97092,8775.44
97093,25559.08
97094,16223.38
97095,20701.41
97096,12555.38
97097,7485.24
97098,18061.58
97099,6840.39
97100,9857.18
97101,30049.48
97102,13681.08
97103,32720.79
97104,9161.02
97105,13126.06
97106,15952.97
97107,21318.57
97108,17547.72
97109,8115.23
97110,15377.93
97111,9874.57
97112,14417.86
97113,14363.78
97114,23166.35
97115,6527.36
97116,6797.95
97117,15874.53
97118,15614.42
97119,17753.3
97120,13296.98
97121,16832.89
97122,12386.78
97123,11413.53
97124,8520.34
97125,6884.1
97126,11564.76
97127,4465.42
97128,7169.11
97129,14459.34
97130,13330.14
97131,12562.8
97132,5901.48
97133,10955.02
97134,27468.28
97135,12779.8
97136,10787.41
97137,7779.89
97138,11015.55
97139,12191.51
97140,13360.36
97141,20092.43
97142,21835.56
97143,26597.67
97144,13763.0
97145,5820.03
97146,15804.17
97147,28179.44
97148,22388.18
97149,8884.45
97150,12809.82
97151,19896.84
97152,21901.49
97153,9404.03
97154,15003.02
97155,8917.89
97156,7013.03
97157,14654.13
97158,12079.13
97159,17337.79
97160,29915.5
97161,20267.92
97162,6645.1
97163,11184.96
97164,20141.8
97165,4677.85
97166,13716.54
97167,13135.41
97168,10956.49
97169,5643.62
97170,7873.67
97171,21724.0
97172,12696.08
97173,12070.83
97174,11204.88
97175,13597.93
97176,20346.84
97177,8506.94
97178,9036.5
97179,14028.22
97180,32995.03
97181,16724.05
97182,11558.37
97183,18605.46
97184,7061.61
97185,14761.96
97186,9869.76
97187,8399.58
97188,21434.47
97189,10106.22
97190,8196.91
97191,17787.01
97192,10220.94
97193,9355.82
97194,12328.1
97195,22538.96
97196,13720.49
97197,13987.09
97198,19495.38
97199,12339.4
97200,8468.91
97201,10520.16
97202,24743.18
97203,13000.93
97204,28520.37
97205,5422.48
97206,6584.81
97207,11348.94
97208,12857.5
97209,6867.82
97210,19688.34
97211,19930.21
97212,21346.83
97213,26007.91
97214,14469.16
97215,20395.25
97216,23580.44
97217,18627.99
97218,8886.77
97219,9969.56
97220,13208.54
97221,9455.63
97222,17785.91
97223,12303.01
97224,14579.76
97225,17871.55
97226,12867.1
97227,15892.66
97228,11510.44
97229,12005.67
97230,17297.88
97231,6412.05
97232,9763.44
97233,23689.22
97234,13320.0
97235,12087.96
97236,6830.45
97237,8342.82
97238,4982.42
97239,20932.05
97240,11629.17
97241,7621.47
97242,10594.42
97243,11091.93
97244,31382.79
97245,28969.13
97246,13009.76
97247,12878.73
97248,11604.48
97249,8620.28
97250,16466.97
97251,15666.75
97252,14013.26
97253,8493.23
97254,20807.09
97255,11853.58
97256,13405.21
97257,24686.89
97258,17530.61
97259,15208.44
97260,12775.95
97261,10754.8
97262,9205.12
97263,10594.28
97264,7048.89
97265,20299.37
97266,10622.38
97267,21896.46
97268,13431.77
97269,10167.33
97270,6495.75
97271,6573.29
97272,27546.2
97273,30510.29
97274,13627.64
97275,10719.46
97276,7030.44
97277,20269.41
97278,7513.34
97279,13289.19
97280,14417.88
97281,16842.09
97282,18989.23
97283,23327.16
97284,2691.65
97285,10180.01
97286,28635.17
97287,8523.6
97288,8899.1
97289,13586.11
97290,28647.35
97291,9672.1
97292,11972.01
97293,10106.19
97294,8280.81
97295,8410.74
97296,5795.86
97297,25598.85
97298,12138.37
97299,14984.5
97300,8163.4
97301,13122.86
97302,6577.41
97303,31428.52
97304,18820.34
97305,12655.02
97306,10465.63
97307,10874.18
97308,10109.5
97309,8137.65
97310,7541.88
97311,10371.15
97312,12768.9
97313,17233.35
97314,10096.85
97315,16469.29
97316,8365.09
97317,9079.0
97318,8175.26
97319,11020.23
97320,11952.49
97321,23356.43
97322,8882.97
97323,22457.36
97324,4772.88
97325,9302.66
97326,8343.39
97327,12484.18
97328,12684.58
97329,6278.09
97330,11186.23
97331,15850.17
97332,15706.62
97333,17737.51
97334,9241.18
97335,20917.01
97336,9618.31
97337,11075.12
97338,6809.04
97339,32367.84
97340,6895.77
97341,14521.27
97342,11501.77
97343,25883.87
97344,5700.26
97345,26170.12
97346,9201.25
97347,14258.57
97348,11168.58
97349,6532.62
97350,23740.54
97351,11716.62
97352,12108.44
97353,10787.42
97354,8246.21
97355,16254.13
97356,9189.8
97357,7013.12
97358,8273.71
97359,8639.16
97360,11292.36
97361,7755.05
97362,14500.03
97363,10713.85
97364,12704.5
97365,15169.3
97366,24784.86
97367,10630.79
97368,9451.77
97369,25770.53
97370,19613.53
97371,12926.52
97372,13080.6
97373,20512.72
97374,14232.24
97375,10776.34
97376,7483.19
97377,15738.1
97378,22404.93
97379,23925.23
97380,16037.12
97381,13025.76
97382,14058.9
97383,13439.94
97384,11870.69
97385,9773.44
97386,16967.36
97387,9993.23
97388,11233.76
97389,33205.7
97390,28448.08
97391,15920.05
97392,25712.36
97393,7769.4
97394,12965.89
97395,13398.68
97396,6506.14
97397,9791.67
97398,11475.34
97399,12557.01
97400,11123.64
97401,7769.3
97402,9550.24
97403,13591.61
97404,13589.07
97405,10770.39
97406,5892.28
97407,10589.45
97408,22609.92
97409,10102.4
97410,10524.74
97411,6947.07
97412,10292.19
97413,10741.23
97414,27731.98
97415,11412.41
97416,16059.23
97417,17239.49
97418,21647.49
97419,7423.23
97420,14402.36
97421,13244.56
97422,13554.65
97423,14504.96
97424,20315.7
97425,13297.74
97426,7320.06
97427,18400.63
97428,17292.8
97429,9362.66
97430,13230.82
97431,20070.23
97432,13378.04
97433,10076.46
97434,21613.86
97435,8355.33
97436,5312.04
97437,13108.54
97438,13203.67
97439,14510.4
97440,12779.4
97441,29850.0
97442,6252.68
97443,25012.66
97444,8571.71
97445,17963.26
97446,24548.51
97447,29283.39
97448,9086.56
97449,13028.65
97450,8015.66
97451,8844.95
97452,7917.06
97453,14360.41
97454,15695.3
97455,11627.09
97456,26201.7
97457,20470.3
97458,16430.04
97459,7871.61
97460,9789.66
97461,14503.21
97462,17839.9
97463,9807.97
97464,11647.4
97465,12580.65
97466,10660.68
97467,24731.15
97468,25368.72
97469,17617.86
97470,15272.12
97471,19500.89
97472,6430.32
97473,9345.44
97474,17257.04
97475,12252.28
97476,22265.88
97477,13663.59
97478,12597.67
97479,26594.71
97480,29488.24
97481,9369.76
97482,6440.64
97483,6475.07
97484,13857.78
97485,30508.22
97486,13124.62
97487,24932.59
97488,20634.51
97489,10382.82
97490,7377.18
97491,10344.71
97492,19637.52
97493,17988.7
97494,17434.61
97495,12669.64
97496,12917.27
97497,6408.57
97498,10582.63
97499,8683.78
97500,25413.59
97501,9442.65
97502,9513.37
97503,16684.03
97504,19526.26
97505,14802.95
97506,8951.84
97507,7855.12
97508,9087.25
97509,20478.24
97510,18101.41
97511,11838.53
97512,17477.52
97513,17647.58
97514,12779.02
97515,16009.64
97516,8296.8
97517,24186.34
97518,13344.19
97519,20234.56
97520,21006.84
97521,6873.33
97522,12813.49
97523,19432.24
97524,6733.61
97525,7098.14
97526,18578.35
97527,4879.63
97528,8357.81
97529,20869.96
97530,8434.4
97531,29439.37
97532,10146.56
97533,25555.5
97534,7452.21
97535,31728.97
97536,15118.3
97537,14189.63
97538,16873.13
97539,9526.1
97540,12811.99
97541,12689.71
97542,11539.53
97543,10328.37
97544,12308.63
97545,11227.46
97546,13344.73
97547,9043.81
97548,15307.64
97549,18321.87
97550,10594.2
97551,20566.77
97552,9160.12
97553,19045.15
97554,4737.54
97555,12437.68
97556,14327.53
97557,11136.86
97558,18700.69
97559,14725.14
97560,6176.89
97561,19462.73
97562,12952.87
97563,20019.51
97564,14785.8
97565,24861.72
97566,8243.29
97567,7809.62
97568,14299.28
97569,14158.79
97570,8513.85
97571,25229.96
97572,10009.36
97573,12229.81
97574,8005.5
97575,9779.03
97576,11300.91
97577,7570.68
97578,10517.71
97579,8912.52
97580,26135.17
97581,21427.69
97582,23973.91
97583,8123.88
97584,7393.53
97585,25591.73
97586,19402.78
97587,10421.24
97588,8886.34
97589,26194.39
97590,13167.58
97591,18504.08
97592,21003.98
97593,21910.37
97594,12277.05
97595,7975.47
97596,23381.09
97597,9579.66
97598,22434.62
97599,8581.58
97600,18968.15
97601,10330.07
97602,21868.24
97603,14085.11
97604,10453.94
97605,21356.93
97606,9049.63
97607,18834.94
97608,10614.74
97609,6202.55
97610,29003.21
97611,16969.94
97612,10920.69
97613,12726.39
97614,8193.63
97615,13389.55
97616,13464.52
97617,13109.57
97618,8716.86
97619,30594.04
97620,7637.19
97621,21138.37
97622,19248.93
97623,8764.19
97624,12422.49
97625,10905.22
97626,6421.47
97627,20981.88
97628,19135.43
97629,25228.27
97630,19375.32
97631,13820.21
97632,10625.67
97633,11349.64
97634,12942.71
97635,26624.66
97636,13950.27
97637,11214.82
97638,7955.67
97639,11969.31
97640,32598.99
97641,6020.87
97642,10316.84
97643,7852.52
97644,6704.92
97645,12348.11
97646,17917.88
97647,8015.28
97648,7430.66
97649,11307.8
97650,17745.73
97651,8263.46
97652,18567.68
97653,13863.66
97654,6370.02
97655,15850.58
97656,15437.67
97657,30175.56
97658,11445.46
97659,7099.22
97660,9236.05
97661,11687.29
97662,8636.64
97663,17745.14
97664,28983.16
97665,7990.42
97666,12663.0
97667,11576.35
97668,19219.15
97669,22459.96
97670,20210.06
97671,13122.55
97672,23738.14
97673,9598.15
97674,9327.86
97675,8597.96
97676,7483.98
97677,14636.25
97678,7677.19
97679,13506.71
97680,12556.69
97681,6405.22
97682,22369.21
97683,13585.17
97684,11329.88
97685,7569.46
97686,13783.24
97687,11005.47
97688,6539.35
97689,8423.73
97690,18054.37
97691,17781.13
97692,19427.64
97693,15389.14
97694,12637.67
97695,10861.96
97696,9124.55
97697,13228.29
97698,7400.28
97699,6263.26
97700,23022.62
97701,17384.53
97702,7439.27
97703,12801.59
97704,7848.33
97705,25006.3
97706,17356.84
97707,6319.74
97708,13344.57
97709,9654.79
97710,10588.48
97711,9488.35
97712,14954.59
97713,14172.65
97714,15940.99
97715,8053.44
97716,15828.26
97717,22324.14
97718,9522.48
97719,25391.7
97720,7783.7
97721,16487.31
97722,18360.0
97723,6577.86
97724,11116.99
97725,26534.16
97726,3237.35
97727,8547.15
97728,13535.8
97729,12710.88
97730,11184.57
97731,20733.63
97732,13373.2
97733,20017.97
97734,12014.72
97735,14097.03
97736,8409.81
97737,18385.19
97738,6827.39
97739,8641.06
97740,26667.7
97741,17375.05
97742,8863.35
97743,13020.45
97744,17377.82
97745,18701.85
97746,7906.62
97747,5696.33
97748,12712.15
97749,12675.55
97750,31604.54
97751,7233.47
97752,6951.49
97753,10225.25
97754,17359.43
97755,12641.99
97756,11209.75
97757,15326.36
97758,7996.33
97759,19016.51
97760,16810.35
97761,19227.18
97762,9238.56
97763,7117.32
97764,13125.1
97765,10590.45
97766,20698.71
97767,27163.27
97768,18306.14
97769,10666.8
97770,9173.83
97771,8936.1
97772,16335.35
97773,26766.13
97774,22255.21
97775,10801.76
97776,12871.45
97777,22389.28
97778,10533.16
97779,8816.02
97780,27429.35
97781,10757.79
97782,20501.42
97783,6678.09
97784,20801.27
97785,8083.51
97786,16756.86
97787,19874.17
97788,9944.88
97789,11600.29
97790,13080.76
97791,13393.47
97792,18151.64
97793,13265.12
97794,5102.37
97795,14240.74
97796,10555.45
97797,13114.09
97798,8594.74
97799,13787.87
97800,10160.34
97801,8664.78
97802,10634.28
97803,6947.36
97804,18464.21
97805,6863.98
97806,20492.82
97807,12554.95
97808,8786.02
97809,9345.55
97810,10074.55
97811,26533.55
97812,30597.65
97813,13114.3
97814,15262.86
97815,7327.61
97816,16117.72
97817,23590.75
97818,13082.07
97819,4452.7
97820,18595.92
97821,14471.15
97822,10083.35
97823,18959.86
97824,9267.33
97825,17284.45
97826,31488.24
97827,16648.4
97828,13458.9
97829,23584.73
97830,20698.94
97831,15173.92
97832,14830.53
97833,21855.03
97834,10052.23
97835,21297.11
97836,4521.63
97837,11674.63
97838,13583.98
97839,27343.68
97840,12062.26
97841,15288.84
97842,6301.21
97843,8790.98
97844,20322.61
97845,9309.82
97846,24402.7
97847,22228.37
97848,15406.71
97849,8263.66
97850,14510.85
97851,12204.9
97852,10101.07
97853,7721.56
97854,27270.05
97855,27345.27
97856,11385.76
97857,9739.65
97858,15033.91
97859,12994.6
97860,9010.3
97861,6901.26
97862,9032.37
97863,9135.88
97864,13165.62
97865,14341.84
97866,26030.36
97867,17848.82
97868,26466.64
97869,13543.98
97870,9332.84
97871,6630.46
97872,7757.1
97873,12741.97
97874,13019.32
97875,22078.71
97876,11044.49
97877,13736.84
97878,13445.43
97879,15805.99
97880,24164.63
97881,3865.36
97882,11649.91
97883,11300.96
97884,9898.7
97885,10850.64
97886,11382.84
97887,12474.76
97888,20761.58
97889,11272.96
97890,12117.51
97891,12112.8
97892,10140.08
97893,14586.06
97894,7878.29
97895,13710.42
97896,14591.67
97897,13377.09
97898,11834.95
97899,8989.58
97900,7533.39
97901,7925.07
97902,20498.33
97903,11683.91
97904,16944.65
97905,9373.56
97906,18332.66
97907,7199.84
97908,11972.49
97909,18551.66
97910,7305.47
97911,11902.31
97912,5563.54
97913,20101.8
97914,10597.12
97915,16702.68
97916,6049.58
97917,11987.95
97918,25248.52
97919,7981.09
97920,8844.76
97921,13940.89
97922,13057.23
97923,12609.22
97924,11972.15
97925,3678.4
97926,10139.75
97927,6510.52
97928,7003.66
97929,19405.63
97930,6935.91
97931,11351.15
97932,12188.03
97933,24412.42
97934,20392.22
97935,9693.3
97936,13917.16
97937,8877.66
97938,6606.96
97939,16580.71
97940,10018.76
97941,10255.25
97942,25277.84
97943,24455.51
97944,21188.59
97945,9153.84
97946,20261.44
97947,10743.44
97948,8633.33
97949,8444.22
97950,18070.09
97951,16887.67
97952,13212.47
97953,7242.6
97954,6033.86
97955,12095.25
97956,8386.81
97957,10909.2
97958,20357.53
97959,18570.5
97960,7157.04
97961,12818.12
97962,9068.76
97963,6228.22
97964,12247.39
97965,13485.37
97966,13310.37
97967,15378.39
97968,6832.91
97969,24263.48
97970,7000.3
97971,52399.92
97972,9214.87
97973,8656.99
97974,7424.51
97975,7817.32
97976,11960.33
97977,11466.01
97978,9899.71
97979,11957.2
97980,20622.48
97981,9222.28
97982,13870.83
97983,10902.77
97984,27546.17
97985,6136.24
97986,17211.22
97987,11943.71
97988,10536.08
97989,17730.03
97990,7062.26
97991,9045.72
97992,7145.14
97993,8601.12
97994,9441.12
97995,13809.12
97996,24451.49
97997,14586.44
97998,9149.78
97999,10618.78
98000,11530.16
98001,19011.39
98002,9415.69
98003,21311.46
98004,23662.54
98005,13178.31
98006,8046.51
98007,14315.11
98008,14044.73
98009,11954.71
98010,7846.48
98011,8928.75
98012,9232.85
98013,6569.94
98014,6390.82
98015,7847.79
98016,14268.02
98017,20923.43
98018,6542.07
98019,9683.45
98020,19457.86
98021,24208.29
98022,20934.47
98023,34356.9
98024,9523.32
98025,16776.63
98026,9992.87
98027,2112.66
98028,9522.8
98029,8145.53
98030,22526.95
98031,12497.47
98032,7787.14
98033,6122.95
98034,14715.07
98035,10625.37
98036,12359.94
98037,21111.04
98038,24273.37
98039,13692.11
98040,9146.6
98041,6122.95
98042,18359.44
98043,14585.17
98044,8450.27
98045,18746.27
98046,15252.3
98047,11954.25
98048,14954.14
98049,12558.36
98050,13086.67
98051,15316.92
98052,6688.57
98053,11959.98
98054,9083.85
98055,11722.27
98056,26023.8
98057,17530.42
98058,6748.69
98059,9664.04
98060,11530.9
98061,8419.39
98062,12931.74
98063,11658.88
98064,7937.68
98065,9043.85
98066,5247.56
98067,5112.58
98068,14203.83
98069,22502.34
98070,8683.29
98071,25653.5
98072,7628.99
98073,10395.59
98074,19669.31
98075,20974.44
98076,6539.76
98077,11238.74
98078,29514.23
98079,13704.27
98080,7597.12
98081,11928.33
98082,9143.28
98083,22364.08
98084,14583.0
98085,10005.63
98086,11672.16
98087,6737.46
98088,26975.93
98089,9111.2
98090,2897.79
98091,18680.63
98092,9139.82
98093,13748.2
98094,21865.34
98095,6695.76
98096,7216.62
98097,9584.58
98098,11714.5
98099,10140.34
98100,19810.61
98101,19060.85
98102,10545.78
98103,7366.7
98104,12140.37
98105,12888.47
98106,6835.65
98107,8887.27
98108,12692.02
98109,24427.17
98110,10642.45
98111,7647.78
98112,10827.33
98113,9109.2
98114,10630.02
98115,10885.26
98116,7162.07
98117,21303.69
98118,9094.92
98119,13938.77
98120,9757.61
98121,8747.56
98122,13866.75
98123,15427.3
98124,6959.9
98125,6350.53
98126,19644.79
98127,10004.43
98128,25822.6
98129,11961.95
98130,14935.3
98131,11955.35
98132,12517.98
98133,13837.33
98134,10689.81
98135,11804.94
98136,12679.98
98137,10538.35
98138,10732.79
98139,21470.22
98140,10131.27
98141,13815.9
98142,4274.24
98143,10606.5
98144,17916.5
98145,15850.51
98146,9598.62
98147,9076.13
98148,12790.93
98149,2969.44
98150,7728.87
98151,6767.49
98152,11805.96
98153,7220.58
98154,8396.17
98155,6792.89
98156,12647.2
98157,13357.99
98158,15015.14
98159,6772.96
98160,18073.11
98161,8540.62
98162,7239.49
98163,8398.94
98164,5226.82
98165,10236.33
98166,19876.17
98167,15422.69
98168,18705.65
98169,15752.03
98170,7510.31
98171,18343.15
98172,7573.9
98173,15951.22
98174,13422.13
98175,13243.36
98176,5643.39
98177,7911.04
98178,7856.92
98179,20771.76
98180,13384.19
98181,11957.2
98182,2985.17
98183,5412.67
98184,6178.14
98185,10550.19
98186,5721.86
98187,11959.98
98188,12581.37
98189,9078.02
98190,6530.48
98191,12999.33
98192,12099.3
98193,47346.14
98194,11241.09
98195,6836.96
98196,9064.58
98197,18864.48
98198,10014.92
98199,7585.71
98200,9764.02
98201,35093.11
98202,10745.23
98203,8299.45
98204,9324.11
98205,5535.45
98206,11957.2
98207,9002.67
98208,15822.86
98209,13024.43
98210,14125.75
98211,10748.63
98212,6744.73
98213,17740.55
98214,10845.88
98215,10741.91
98216,11219.67
98217,14537.48
98218,16263.17
98219,11835.6
98220,21957.59
98221,9558.05
98222,6499.57
98223,4720.32
98224,20499.43
98225,9016.28
98226,11925.73
98227,17066.11
98228,7498.21
98229,11666.42
98230,11935.49
98231,24410.34
98232,9552.57
98233,9649.33
98234,14851.69
98235,22347.09
98236,20967.09
98237,8549.02
98238,9545.07
98239,9096.58
98240,7545.96
98241,13072.59
98242,15324.41
98243,16525.99
98244,6755.63
98245,23638.19
98246,7228.45
98247,9554.55
98248,7291.62
98249,15855.43
98250,13846.38
98251,19927.2
98252,9075.45
98253,9856.63
98254,7394.11
98255,10536.61
98256,13015.2
98257,8997.97
98258,5952.87
98259,9215.7
98260,9884.22
98261,22497.61
98262,21794.27
98263,21570.81
98264,11557.22
98265,5709.36
98266,11252.21
98267,19937.04
98268,9629.33
98269,9093.14
98270,10564.01
98271,7514.53
98272,13349.72
98273,9550.24
98274,2049.14
98275,9354.83
98276,9630.85
98277,3581.0
98278,11388.37
98279,20452.41
98280,9026.2
98281,20371.42
98282,10545.38
98283,6537.69
98284,20937.6
98285,20501.79
98286,6640.18
98287,10002.35
98288,12571.02
98289,26923.25
98290,12619.67
98291,11716.94
98292,7281.72
98293,9063.65
98294,8405.76
98295,12941.03
98296,9557.94
98297,9540.88
98298,12124.59
98299,33175.97
98300,17291.65
98301,23751.82
98302,7312.74
98303,21611.34
98304,19179.22
98305,14151.6
98306,8616.44
98307,6845.74
98308,17711.75
98309,8910.37
98310,18271.61
98311,10799.27
98312,6702.94
98313,7747.31
98314,11018.61
98315,5180.13
98316,9213.48
98317,20784.04
98318,10690.03
98319,12415.41
98320,15355.01
98321,8949.32
98322,28644.84
98323,11665.37
98324,8064.56
98325,7024.89
98326,50749.73
98327,10880.4
98328,8999.53
98329,5965.91
98330,6583.52
98331,7115.98
98332,8369.38
98333,12202.47
98334,39708.7
98335,9146.71
98336,9009.98
98337,9424.3
98338,7716.89
98339,7688.2
98340,12758.85
98341,10201.95
98342,16537.82
98343,12797.02
98344,3170.22
98345,8044.42
98346,10134.7
98347,6943.36
98348,14738.62
98349,11533.06
98350,12182.91
98351,8714.92
98352,10543.04
98353,14724.92
98354,13202.34
98355,6088.21
98356,9184.4
98357,9702.86
98358,5894.94
98359,11977.78
98360,7138.14
98361,12853.2
98362,3882.81
98363,10700.52
98364,10176.1
98365,9276.22
98366,9897.5
98367,15811.65
98368,6616.51
98369,8994.81
98370,18218.23
98371,13618.78
98372,3838.18
98373,8771.26
98374,22895.16
98375,20281.85
98376,17096.42
98377,10362.93
98378,8092.37
98379,6703.97
98380,10733.52
98381,19474.94
98382,10162.84
98383,52212.06
98384,8486.51
98385,14708.31
98386,16884.98
98387,20557.81
98388,15246.67
98389,6050.4
98390,14928.93
98391,6333.46
98392,9277.29
98393,7566.89
98394,19546.25
98395,22508.23
98396,7511.81
98397,20559.53
98398,7189.46
98399,22742.74
98400,9708.97
98401,8428.54
98402,7030.13
98403,9004.13
98404,10217.46
98405,15751.58
98406,18303.84
98407,3784.67
98408,4068.67
98409,7708.6
98410,17897.0
98411,8082.58
98412,9003.03
98413,17677.65
98414,7822.53
98415,12330.04
98416,8039.16
98417,8019.45
98418,6604.37
98419,6520.82
98420,8755.07
98421,16670.99
98422,7527.48
98423,13052.69
98424,9014.3
98425,14494.83
98426,8877.69
98427,9539.97
98428,18394.65
98429,13586.69
98430,12345.77
98431,9106.51
98432,12651.9
98433,20295.28
98434,11898.91
98435,13443.5
98436,21711.53
98437,9785.9
98438,7642.55
98439,9052.53
98440,15225.37
98441,12659.8
98442,22208.38
98443,19082.09
98444,22426.81
98445,11788.51
98446,9320.17
98447,7224.57
98448,19796.78
98449,13497.37
98450,9686.04
98451,8987.92
98452,26398.08
98453,8572.5
98454,9828.83
98455,12502.78
98456,24395.83
98457,11214.62
98458,12547.31
98459,10551.25
98460,8848.77
98461,24190.12
98462,11597.62
98463,21965.11
98464,13838.28
98465,6814.34
98466,15105.63
98467,7723.51
98468,9451.38
98469,20256.85
98470,10743.37
98471,18680.98
98472,10697.71
98473,12386.53
98474,6443.31
98475,6978.31
98476,8343.59
98477,10468.78
98478,9267.85
98479,6738.87
98480,10607.11
98481,6145.42
98482,9617.94
98483,23297.62
98484,24423.13
98485,9646.19
98486,9315.45
98487,13541.94
98488,10003.46
98489,11684.66
98490,9665.63
98491,21473.15
98492,6105.95
98493,13533.01
98494,9580.37
98495,11664.71
98496,8565.3
98497,15171.7
98498,7851.8
98499,9646.42
98500,8059.9
98501,9005.72
98502,5921.16
98503,7668.33
98504,22345.23
98505,22736.78
98506,7416.93
98507,8264.37
98508,10616.67
98509,6484.77
98510,10843.38
98511,17560.78
98512,6876.32
98513,15101.24
98514,12081.64
98515,22293.76
98516,15064.87
98517,21166.13
98518,14607.6
98519,7217.27
98520,13413.55
98521,11263.46
98522,10291.88
98523,25629.56
98524,8877.64
98525,6738.59
98526,13692.11
98527,9558.41
98528,8643.33
98529,21096.28
98530,9095.9
98531,13078.94
98532,12587.76
98533,13829.07
98534,10068.92
98535,4510.54
98536,7198.49
98537,13806.52
98538,8602.83
98539,17988.41
98540,6661.57
98541,28681.73
98542,9177.77
98543,14752.8
98544,11335.73
98545,11218.3
98546,7961.24
98547,18886.62
98548,3085.2
98549,4656.39
98550,12255.25
98551,25980.15
98552,13790.06
98553,10051.76
98554,2956.32
98555,19217.18
98556,12371.01
98557,9435.53
98558,9642.23
98559,9239.25
98560,1862.58
98561,19946.29
98562,9451.7
98563,13690.65
98564,7591.03
98565,10374.87
98566,19604.17
98567,8228.74
98568,7508.89
98569,19316.44
98570,13168.17
98571,10223.38
98572,31514.7
98573,7501.88
98574,26599.01
98575,10742.58
98576,8869.85
98577,9249.43
98578,13160.18
98579,8196.18
98580,6030.9
98581,9246.21
98582,7837.68
98583,13361.84
98584,21316.35
98585,7743.56
98586,11935.41
98587,6144.37
98588,7385.77
98589,20485.15
98590,12741.53
98591,9614.01
98592,23187.52
98593,10291.7
98594,10276.65
98595,13659.87
98596,8065.01
98597,6076.53
98598,20204.74
98599,22389.51
98600,6260.08
98601,10995.45
98602,13351.16
98603,14727.94
98604,9098.5
98605,26581.58
98606,15085.56
98607,7790.76
98608,7320.53
98609,14945.0
98610,9587.8
98611,4712.74
98612,11934.54
98613,6149.03
98614,8979.29
98615,9952.22
98616,8538.43
98617,11409.59
98618,16229.83
98619,15798.89
98620,7843.86
98621,8349.71
98622,11539.23
98623,10514.54
98624,6008.11
98625,7009.42
98626,8512.68
98627,18782.8
98628,11207.65
98629,15439.37
98630,6151.11
98631,15420.28
98632,24700.27
98633,8600.0
98634,9059.91
98635,13375.01
98636,10693.51
98637,10746.66
98638,9528.34
98639,7458.13
98640,9573.81
98641,22414.93
98642,15054.85
98643,13478.36
98644,9298.12
98645,24090.33
98646,13204.84
98647,8798.41
98648,9177.07
98649,9513.8
98650,6002.76
98651,7004.21
98652,13848.65
98653,7383.37
98654,7702.68
98655,11457.0
98656,15770.1
98657,9266.67
98658,7219.88
98659,7593.42
98660,10711.46
98661,9252.5
98662,12459.26
98663,10276.68
98664,21302.22
98665,10742.63
98666,9137.07
98667,10791.95
98668,18764.06
98669,9427.15
98670,14414.32
98671,16317.51
98672,5777.79
98673,9415.69
98674,13036.88
98675,22394.84
98676,11921.54
98677,26509.03
98678,9640.63
98679,7514.03
98680,52616.52
98681,10727.89
98682,10536.13
98683,11960.67
98684,21180.99
98685,10712.14
98686,24887.49
98687,8008.02
98688,9101.94
98689,11957.95
98690,9284.9
98691,7925.23
98692,20463.37
98693,8369.12
98694,14546.12
98695,16146.34
98696,13810.45
98697,15951.9
98698,11953.89
98699,12593.65
98700,17671.83
98701,18989.84
98702,9345.38
98703,9002.84
98704,22658.69
98705,9457.27
98706,18240.2
98707,24403.2
98708,12043.07
98709,9419.91
98710,8323.6
98711,14883.17
98712,21109.64
98713,9429.65
98714,10688.6
98715,7642.55
98716,10906.14
98717,18009.09
98718,16637.2
98719,10435.53
98720,8878.62
98721,19585.07
98722,4436.12
98723,9439.54
98724,13567.87
98725,25430.73
98726,13660.33
98727,10718.66
98728,10773.62
98729,21316.27
98730,13305.87
98731,8031.12
98732,14438.85
98733,14954.57
98734,6829.13
98735,12576.04
98736,14541.03
98737,22214.32
98738,12570.08
98739,7514.89
98740,7090.39
98741,22293.76
98742,12443.6
98743,10764.4
98744,13473.65
98745,19841.22
98746,11660.56
98747,10342.98
98748,21408.83
98749,14596.01
98750,10002.33
98751,25002.17
98752,25705.16
98753,7585.69
98754,25058.75
98755,8384.56
98756,9973.28
98757,18831.78
98758,14183.86
98759,8990.71
98760,13041.06
98761,2982.43
98762,6801.25
98763,4735.57
98764,9525.28
98765,5094.74
98766,16990.46
98767,8871.62
98768,4097.2
98769,12714.42
98770,25148.41
98771,21486.24
98772,10140.35
98773,5969.55
98774,11941.12
98775,8070.29
98776,7456.95
98777,15412.31
98778,18636.26
98779,15190.94
98780,25005.45
98781,24429.61
98782,9301.0
98783,11935.59
98784,9379.69
98785,7532.54
98786,3082.55
98787,9845.18
98788,14566.72
98789,13710.34
98790,13997.65
98791,11961.1
98792,12327.62
98793,8488.15
98794,8871.17
98795,14228.24
98796,12138.27
98797,7216.56
98798,16851.68
98799,3299.9
98800,15790.77
98801,15242.3
98802,20566.42
98803,11233.53
98804,13351.41
98805,9351.83
98806,6787.39
98807,9708.57
98808,22714.2
98809,15576.54
98810,22765.75
98811,28624.08
98812,12191.49
98813,10499.11
98814,2554.42
98815,11037.6
98816,6842.66
98817,13849.03
98818,24877.97
98819,15999.54
98820,13523.45
98821,11297.97
98822,10835.76
98823,15174.1
98824,7054.61
98825,5947.21
98826,9352.07
98827,11952.36
98828,22431.18
98829,14194.02
98830,30492.15
98831,7532.54
98832,18965.18
98833,7279.52
98834,24057.82
98835,24530.19
98836,10098.57
98837,6348.86
98838,2628.48
98839,21806.4
98840,21364.38
98841,10640.74
98842,10143.47
98843,10820.83
98844,7743.95
98845,18098.66
98846,24515.35
98847,10608.95
98848,11953.28
98849,8665.78
98850,14524.92
98851,18508.74
98852,23094.06
98853,24154.05
98854,50051.04
98855,10039.48
98856,15245.34
98857,26509.8
98858,10002.77
98859,22309.8
98860,11935.92
98861,20074.7
98862,7179.17
98863,9294.82
98864,11953.29
98865,24538.36
98866,11960.67
98867,8013.18
98868,6092.6
98869,12806.61
98870,6733.86
98871,10189.63
98872,12807.69
98873,8261.77
98874,5899.5
98875,27513.95
98876,4593.99
98877,21673.4
98878,12357.08
98879,12306.43
98880,8708.72
98881,8845.13
98882,22379.87
98883,7721.63
98884,9095.96
98885,8053.05
98886,21988.41
98887,7044.38
98888,10541.6
98889,8464.25
98890,17591.49
98891,20979.47
98892,14535.85
98893,9223.65
98894,7383.95
98895,2986.1
98896,5899.07
98897,8124.13
98898,6897.01
98899,13965.94
98900,20772.98
98901,10092.41
98902,12230.04
98903,10118.78
98904,10321.08
98905,13061.0
98906,6824.31
98907,23701.04
98908,9004.62
98909,21069.36
98910,7840.94
98911,52083.66
98912,18971.89
98913,6829.53
98914,9189.46
98915,12540.87
98916,8476.24
98917,24785.98
98918,17641.92
98919,11922.93
98920,10598.61
98921,14869.37
98922,6810.27
98923,9529.96
98924,6710.36
98925,14794.5
98926,10003.23
98927,8573.56
98928,21662.23
98929,9272.51
98930,7653.09
98931,6978.43
98932,24615.65
98933,10947.21
98934,15599.77
98935,17681.92
98936,9519.42
98937,4377.32
98938,13144.18
98939,19572.99
98940,9542.08
98941,14304.67
98942,21615.09
98943,11161.51
98944,11437.38
98945,5726.66
98946,11929.89
98947,19054.86
98948,19079.67
98949,12569.47
98950,7534.45
98951,24887.89
98952,9756.84
98953,6754.66
98954,9077.73
98955,16349.88
98956,20376.79
98957,6942.78
98958,7707.62
98959,6832.63
98960,11598.25
98961,9275.29
98962,5291.68
98963,2000.87
98964,6889.79
98965,9343.44
98966,10726.95
98967,9014.16
98968,17641.92
98969,7553.58
98970,10551.82
98971,8159.38
98972,20256.28
98973,17615.81
98974,11651.94
98975,23120.7
98976,10894.56
98977,31982.82
98978,14563.25
98979,13465.3
98980,21108.23
98981,20409.41
98982,11767.26
98983,9731.4
98984,25146.04
98985,18689.94
98986,9422.07
98987,19938.3
98988,17086.88
98989,7127.22
98990,9647.13
98991,10144.72
98992,8061.64
98993,20241.82
98994,9425.08
98995,23747.74
98996,9185.76
98997,16884.66
98998,7791.54
98999,9210.8
99000,13455.15
99001,10004.43
99002,10992.44
99003,7771.28
99004,11969.58
99005,13462.54
99006,27368.97
99007,23613.33
99008,7717.97
99009,32023.86
99010,8840.71
99011,12780.46
99012,13647.57
99013,8931.03
99014,31042.14
99015,21322.86
99016,14579.83
99017,5905.39
99018,10952.78
99019,8824.52
99020,6945.57
99021,26436.25
99022,11886.92
99023,24233.91
99024,8593.88
99025,6159.88
99026,15880.61
99027,16150.39
99028,9646.47
99029,16881.12
99030,8887.52
99031,25195.51
99032,6307.54
99033,9646.47
99034,9980.75
99035,11953.28
99036,25494.82
99037,8663.09
99038,21949.47
99039,10545.49
99040,17096.59
99041,7783.42
99042,10140.08
99043,18485.16
99044,15180.48
99045,24430.51
99046,7510.84
99047,6553.43
99048,8698.49
99049,9645.21
99050,9509.19
99051,7178.81
99052,9452.21
99053,9618.28
99054,21802.28
99055,8710.56
99056,8975.32
99057,12891.98
99058,26941.37
99059,9133.85
99060,12760.66
99061,12396.48
99062,5942.11
99063,9061.44
99064,24579.92
99065,9955.76
99066,10135.96
99067,19985.85
99068,12529.07
99069,7309.63
99070,8787.25
99071,10839.85
99072,15332.11
99073,13806.54
99074,8194.86
99075,15191.9
99076,25305.5
99077,11071.63
99078,25508.0
99079,13791.07
99080,7201.14
99081,9464.82
99082,13764.54
99083,10947.76
99084,12711.59
99085,7069.39
99086,8496.89
99087,7719.85
99088,10454.29
99089,12136.57
99090,6951.08
99091,15725.14
99092,21948.17
99093,9507.0
99094,25149.85
99095,10616.73
99096,11933.98
99097,11688.77
99098,20784.09
99099,9977.06
99100,6146.38
99101,9078.11
99102,10544.66
99103,6488.49
99104,12916.0
99105,6340.39
99106,20392.96
99107,11944.38
99108,14375.9
99109,12338.74
99110,19660.7
99111,7563.28
99112,12175.8
99113,13315.48
99114,6181.23
99115,10131.27
99116,7835.56
99117,4030.95
99118,22407.77
99119,10427.0
99120,6316.07
99121,12316.62
99122,9450.39
99123,8886.55
99124,7892.85
99125,12595.23
99126,7846.7
99127,4485.17
99128,8960.91
99129,2989.15
99130,10137.17
99131,19112.61
99132,7749.73
99133,7468.68
99134,22634.53
99135,17331.53
99136,10798.75
99137,6127.84
99138,20494.94
99139,12575.07
99140,8886.3
99141,16885.68
99142,10823.02
99143,7225.02
99144,9610.8
99145,27131.75
99146,19416.57
99147,10964.84
99148,9914.02
99149,8613.13
99150,43431.87
99151,10710.95
99152,8613.68
99153,17211.22
99154,7230.63
99155,11399.0
99156,8649.93
99157,10129.63
99158,17738.71
99159,20565.44
99160,4859.42
99161,12611.61
99162,11765.04
99163,6727.6
99164,15514.11
99165,11467.11
99166,7838.01
99167,7786.96
99168,9336.48
99169,14624.3
99170,6053.35
99171,13502.05
99172,9681.39
99173,10136.83
99174,12875.65
99175,7808.05
99176,12114.0
99177,7236.49
99178,10168.83
99179,9574.32
99180,11227.88
99181,7177.66
99182,17957.88
99183,4839.58
99184,12091.7
99185,7097.21
99186,11463.65
99187,8528.76
99188,4551.15
99189,14956.44
99190,9890.01
99191,15245.64
99192,21517.42
99193,13522.68
99194,13714.78
99195,2072.79
99196,7333.22
99197,8064.48
99198,22248.36
99199,26855.65
99200,10134.7
99201,29519.16
99202,12922.23
99203,9582.91
99204,14653.16
99205,18371.55
99206,11582.32
99207,11326.55
99208,10290.86
99209,19622.89
99210,7190.72
99211,8389.72
99212,23561.79
99213,8609.52
99214,11225.38
99215,11559.04
99216,10379.55
99217,11150.12
99218,8591.69
99219,12399.45
99220,8728.03
99221,9579.25
99222,12897.33
99223,9117.24
99224,7525.96
99225,10563.24
99226,9003.59
99227,9083.15
99228,11939.37
99229,11938.89
99230,20580.83
99231,17991.85
99232,12071.97
99233,6493.64
99234,20784.39
99235,26569.09
99236,9059.81
99237,7054.23
99238,11972.15
99239,12154.37
99240,20401.91
99241,4837.23
99242,8269.61
99243,18944.68
99244,9707.7
99245,17691.1
99246,13676.17
99247,8421.61
99248,9069.18
99249,6085.26
99250,9452.85
99251,13003.75
99252,20518.65
99253,9699.21
99254,23288.68
99255,16916.47
99256,20665.77
99257,8913.33
99258,15908.61
99259,7991.0
99260,16194.11
99261,12429.51
99262,11483.04
99263,6760.38
99264,18955.76
99265,12043.81
99266,10131.42
99267,19850.65
99268,10602.33
99269,9060.57
99270,9097.1
99271,7688.05
99272,13529.1
99273,22111.27
99274,7149.22
99275,14604.13
99276,11371.41
99277,9352.47
99278,10697.43
99279,7293.1
99280,22348.94
99281,20078.73
99282,10314.33
99283,2473.73
99284,8219.86
99285,24602.85
99286,7559.24
99287,11540.9
99288,20480.87
99289,16608.5
99290,9728.62
99291,6050.5
99292,18416.17
99293,11102.8
99294,22215.22
99295,13790.92
99296,14908.18
99297,6033.87
99298,6998.72
99299,9463.1
99300,34137.96
99301,6962.76
99302,7898.99
99303,14300.78
99304,10493.87
99305,6158.99
99306,9194.44
99307,12902.73
99308,11485.69
99309,12763.7
99310,6196.93
99311,19340.2
99312,7737.58
99313,7638.72
99314,20929.1
99315,9186.71
99316,13260.82
99317,20946.54
99318,10823.39
99319,14760.68
99320,7420.5
99321,10381.94
99322,20776.04
99323,6801.6
99324,7954.83
99325,12202.56
99326,7317.89
99327,3796.03
99328,20593.28
99329,7893.21
99330,6550.29
99331,8212.06
99332,9610.27
99333,13123.75
99334,12895.42
99335,13697.25
99336,7381.6
99337,25011.86
99338,9099.29
99339,7795.32
99340,6021.63
99341,9616.65
99342,25467.42
99343,12075.2
99344,7236.79
99345,14020.05
99346,14044.73
99347,9600.88
99348,24459.35
99349,22719.36
99350,16869.24
99351,13835.21
99352,9247.52
99353,14748.86
99354,8057.48
99355,9071.59
99356,8481.42
99357,12116.98
99358,6119.53
99359,7421.72
99360,15028.67
99361,9063.21
99362,12100.98
99363,10556.61
99364,12227.28
99365,12081.99
99366,9044.8
99367,15736.46
99368,15957.45
99369,10949.57
99370,24637.11
99371,14120.84
99372,13391.28
99373,6856.18
99374,10686.31
99375,12756.23
99376,22449.27
99377,10725.15
99378,7147.67
99379,24610.86
99380,5769.17
99381,4041.44
99382,21021.62
99383,9751.33
99384,8862.4
99385,25142.93
99386,12844.49
99387,28875.29
99388,11554.52
99389,23161.53
99390,28219.56
99391,10993.4
99392,10362.93
99393,10705.59
99394,9633.38
99395,7175.38
99396,12597.39
99397,10632.03
99398,8956.99
99399,8824.32
99400,8501.96
99401,25361.8
99402,3018.14
99403,26971.28
99404,13262.09
99405,13089.16
99406,10606.18
99407,18518.52
99408,13023.79
99409,8801.73
99410,6745.88
99411,7138.18
99412,14214.32
99413,7151.85
99414,20279.67
99415,10038.42
99416,11700.68
99417,10452.3
99418,10930.48
99419,14588.28
99420,3479.44
99421,12393.56
99422,20708.47
99423,21107.56
99424,7023.43
99425,17009.45
99426,10363.8
99427,7570.72
99428,5709.33
99429,7524.44
99430,10314.88
99431,9091.02
99432,10016.97
99433,7186.06
99434,14697.91
99435,16855.54
99436,9777.77
99437,12163.32
99438,8750.52
99439,17980.51
99440,21168.34
99441,13877.27
99442,7251.24
99443,15826.43
99444,5915.91
99445,11904.25
99446,17606.18
99447,9068.81
99448,11648.96
99449,6435.63
99450,6710.81
99451,7780.08
99452,22462.25
99453,23564.99
99454,20909.06
99455,9315.46
99456,10054.52
99457,10350.34
99458,8409.77
99459,13811.16
99460,6954.58
99461,9683.54
99462,10001.32
99463,15046.81
99464,11953.42
99465,13852.76
99466,9609.55
99467,7186.5
99468,3860.97
99469,15824.85
99470,9435.17
99471,7166.33
99472,5736.73
99473,10422.39
99474,11538.86
99475,3506.09
99476,9611.28
99477,10124.76
99478,11873.15
99479,6093.09
99480,7506.17
99481,28220.33
99482,17055.73
99483,7220.14
99484,4385.33
99485,8122.89
99486,9095.9
99487,28027.66
99488,9167.09
99489,7164.52
99490,7697.63
99491,20482.99
99492,20935.41
99493,10284.53
99494,6813.4
99495,7049.69
99496,9714.75
99497,11228.98
99498,9615.38
99499,6311.1
99500,6462.31
99501,9166.82
99502,6015.16
99503,12104.83
99504,9671.29
99505,18522.18
99506,8998.83
99507,18934.63
99508,8233.89
99509,24455.52
99510,10851.23
99511,9533.07
99512,17671.83
99513,13896.38
99514,9682.11
99515,10806.44
99516,9282.36
99517,8887.52
99518,11376.5
99519,6666.91
99520,8580.73
99521,16881.48
99522,11570.29
99523,10839.18
99524,22705.78
99525,10522.18
99526,12223.22
99527,13672.94
99528,15769.18
99529,11672.16
99530,7233.73
99531,11486.84
99532,6730.08
99533,9834.84
99534,6785.38
99535,7853.12
99536,18643.58
99537,11331.3
99538,14476.95
99539,6867.7
99540,11640.94
99541,10397.85
99542,13151.42
99543,8730.5
99544,21264.43
99545,20357.53
99546,13335.45
99547,26966.0
99548,21281.76
99549,10888.81
99550,9776.59
99551,5934.59
99552,25198.36
99553,11935.6
99554,7371.48
99555,22271.7
99556,8747.56
99557,9510.97
99558,7260.02
99559,9647.96
99560,7610.73
99561,9633.87
99562,7709.9
99563,9426.85
99564,11956.09
99565,13020.9
99566,9868.44
99567,11877.83
99568,7118.69
99569,27203.12
99570,8592.72
99571,10566.08
99572,21363.55
99573,9490.49
99574,5790.45
99575,10694.98
99576,6621.62
99577,17758.55
99578,12420.86
99579,19373.29
99580,10745.17
99581,7878.66
99582,14877.17
99583,9246.12
99584,11603.32
99585,18444.77
99586,11985.64
99587,10815.82
99588,9075.95
99589,6773.85
99590,12166.87
99591,12897.11
99592,8400.4
99593,10406.99
99594,13190.62
99595,28655.86
99596,20257.48
99597,10689.54
99598,10310.3
99599,15277.32
99600,10223.99
99601,23830.17
99602,22541.63
99603,9693.3
99604,6746.19
99605,14469.53
99606,18608.8
99607,9492.38
99608,11943.71
99609,7566.24
99610,11408.14
99611,7835.33
99612,9729.79
99613,23640.6
99614,12970.82
99615,6146.47
99616,9314.58
99617,8175.7
99618,15246.67
99619,7658.01
99620,12103.19
99621,3125.68
99622,6715.14
99623,12866.93
99624,20914.2
99625,11168.79
99626,24610.09
99627,10538.15
99628,14447.86
99629,7683.97
99630,9681.28
99631,20756.82
99632,18508.39
99633,14596.01
99634,11660.2
99635,10436.0
99636,7560.2
99637,16919.48
99638,14224.21
99639,8894.02
99640,14593.78
99641,7034.43
99642,13715.51
99643,16757.36
99644,10156.89
99645,11675.27
99646,4197.35
99647,31022.85
99648,17671.83
99649,15902.62
99650,9002.68
99651,27788.79
99652,17821.8
99653,8527.0
99654,13573.53
99655,7912.51
99656,7889.22
99657,12534.67
99658,24546.53
99659,8059.29
99660,12872.19
99661,9426.04
99662,11695.2
99663,6771.72
99664,20360.16
99665,22549.81
99666,13963.79
99667,6486.54
99668,20442.4
99669,21116.76
99670,7614.71
99671,10540.77
99672,7852.98
99673,19655.38
99674,5565.3
99675,6750.45
99676,11716.94
99677,6119.75
99678,6949.57
99679,7823.55
99680,8825.0
99681,11105.37
99682,6915.23
99683,14655.36
99684,7257.61
99685,14198.62
99686,14135.75
99687,9395.74
99688,14321.73
99689,11198.8
99690,11912.61
99691,11598.87
99692,19933.74
99693,7695.78
99694,15739.05
99695,7757.24
99696,9111.69
99697,8857.47
99698,11556.52
99699,11041.76
99700,14161.19
99701,9135.87
99702,7776.09
99703,20397.38
99704,15276.06
99705,7928.35
99706,21705.34
99707,12830.16
99708,18674.13
99709,11301.12
99710,14128.81
99711,8735.33
99712,13550.81
99713,17361.8
99714,15680.02
99715,16246.46
99716,9222.28
99717,13706.7
99718,20961.96
99719,8821.57
99720,10549.57
99721,6098.06
99722,11213.26
99723,10090.53
99724,10028.69
99725,11700.42
99726,8849.29
99727,12655.65
99728,24253.35
99729,13229.2
99730,11996.51
99731,12815.98
99732,11935.37
99733,9849.68
99734,11978.49
99735,13389.4
99736,27524.15
99737,22769.94
99738,12817.08
99739,9396.33
99740,20986.41
99741,17155.57
99742,19809.06
99743,6455.62
99744,7759.75
99745,9061.4
99746,11310.57
99747,8745.56
99748,5021.96
99749,15126.46
99750,18371.9
99751,12947.1
99752,7504.35
99753,7220.59
99754,13158.61
99755,11392.59
99756,7234.37
99757,12814.32
99758,7854.13
99759,6752.59
99760,9543.3
99761,15160.29
99762,8775.64
99763,9613.66
99764,7230.17
99765,9776.62
99766,9509.55
99767,8320.61
99768,15046.43
99769,11238.84
99770,15243.74
99771,8973.0
99772,15797.87
99773,10456.07
99774,23932.98
99775,11982.83
99776,6979.59
99777,6568.0
99778,14085.26
99779,12647.5
99780,20322.6
99781,4154.1
99782,4429.29
99783,10727.21
99784,12037.67
99785,9451.99
99786,12535.57
99787,20323.34
99788,11137.36
99789,8297.45
99790,12617.56
99791,22656.28
99792,7056.96
99793,12696.41
99794,5972.77
99795,8482.62
99796,15216.98
99797,6563.68
99798,6145.42
99799,6276.36
99800,8969.44
99801,11015.32
99802,9227.5
99803,24700.89
99804,7957.01
99805,11331.95
99806,21436.79
99807,15555.2
99808,20990.71
99809,18643.58
99810,16858.36
99811,19821.14
99812,11209.53
99813,9049.24
99814,11703.64
99815,11957.25
99816,10382.64
99817,16638.27
99818,34174.4
99819,21444.25
99820,7027.69
99821,16291.82
99822,7165.33
99823,9090.37
99824,8063.64
99825,8269.07
99826,13568.64
99827,13687.54
99828,12806.94
99829,6453.45
99830,9647.64
99831,11669.15
99832,11986.94
99833,12862.76
99834,8846.67
99835,17078.63
99836,13716.18
99837,22049.72
99838,11135.11
99839,9323.16
99840,6338.76
99841,11154.74
99842,7049.01
99843,7572.02
99844,9095.28
99845,18055.26
99846,7667.58
99847,9336.77
99848,15149.56
99849,6616.51
99850,13242.12
99851,20432.64
99852,8688.0
99853,10746.55
99854,12649.87
99855,9470.52
99856,20942.16
99857,7791.31
99858,12256.18
99859,20366.02
99860,2590.81
99861,14300.88
99862,6890.45
99863,12756.7
99864,13207.66
99865,9988.97
99866,22474.96
99867,13493.98
99868,4721.25
99869,17444.51
99870,14395.46
99871,14095.46
99872,7553.11
99873,10605.7
99874,11439.23
99875,50748.61
99876,19101.52
99877,9005.53
99878,12974.88
99879,10561.08
99880,7230.17
99881,9602.96
99882,18775.14
99883,22273.15
99884,8065.64
99885,12392.09
99886,10604.7
99887,6812.12
99888,20790.82
99889,12413.03
99890,7993.92
99891,13392.73
99892,8402.55
99893,8461.88
99894,26068.32
99895,6730.05
99896,9868.19
99897,6833.32
99898,11933.31
99899,7895.23
99900,11841.1
99901,11625.4
99902,11929.6
99903,10049.6
99904,9522.87
99905,10587.15
99906,14964.39
99907,11619.16
99908,4971.38
99909,14430.79
99910,9400.82
99911,15857.7
99912,9629.9
99913,17658.88
99914,7457.72
99915,11506.33
99916,13085.49
99917,15406.12
99918,2726.44
99919,7719.94
99920,14286.94
99921,3984.8
99922,16075.63
99923,11568.41
99924,22416.0
99925,8762.79
99926,10069.95
99927,5985.0
99928,7588.28
99929,13613.56
99930,14587.22
99931,14835.98
99932,15918.54
99933,3258.92
99934,6740.19
99935,8105.78
99936,8800.67
99937,13853.61
99938,9740.73
99939,10250.21
99940,9463.44
99941,9298.74
99942,12662.82
99943,14902.1
99944,9915.62
99945,11992.93
99946,7556.89
99947,13387.0
99948,7772.42
99949,10777.52
99950,7385.17
99951,12778.7
99952,10235.11
99953,12835.81
99954,10307.46
99955,7965.77
99956,12036.27
99957,15638.03
99958,12960.22
99959,10883.34
99960,8122.8
99961,13555.1
99962,21519.61
99963,11423.64
99964,7212.41
99965,10556.69
99966,5628.65
99967,4910.63
99968,6884.84
99969,7153.25
99970,9047.43
99971,6052.5
99972,12990.59
99973,6904.26
99974,9727.7
99975,7128.23
99976,20979.74
99977,13318.29
99978,14262.74
99979,12768.36
99980,8142.1
99981,9724.17
99982,11667.47
99983,6441.37
99984,14640.75
99985,14646.92
99986,16028.17
99987,8282.34
99988,8340.66
99989,10695.45
99990,14397.47
99991,15150.72
99992,17858.07
99993,13598.87
99994,8126.12
99995,10007.06
99996,14942.05
99997,6891.66
99998,11190.0
99999,8219.62
100000,15605.81
100001,6953.41
100002,12855.39
100003,7475.3
100004,10301.95
100005,7682.04
100006,11055.41
100007,10798.57
100008,15406.12
100009,10736.05
100010,12705.88
100011,11123.71
100012,8146.06
100013,12430.07
100014,14621.6
100015,9536.9
100016,7343.81
100017,9152.64
100018,13801.07
100019,8663.68
100020,8042.86
100021,5260.35
100022,9057.98
100023,7660.57
100024,9305.95
100025,10257.14
100026,9838.0
100027,8763.4
100028,8509.64
100029,17221.54
100030,11892.47
100031,8184.49
100032,15856.07
100033,10872.56
100034,17907.86
100035,4670.49
100036,9094.83
100037,6353.62
100038,9422.46
100039,10275.61
100040,7139.56
100041,9295.76
100042,7825.05
100043,10165.15
100044,7732.65
100045,10900.16
100046,5837.98
100047,10576.63
100048,13196.6
100049,9497.67
100050,13780.81
100051,9090.9
100052,10556.69
100053,12562.46
100054,11056.35
100055,8945.16
100056,10278.69
100057,12823.27
100058,6319.23
100059,7005.04
100060,8479.52
100061,10678.24
100062,9448.13
100063,7679.59
100064,11009.97
100065,11626.87
100066,10292.19
100067,5991.7
100068,6784.4
100069,15191.05
100070,6494.75
100071,9648.86
100072,9191.13
100073,14538.31
100074,8864.32
100075,6408.76
100076,13943.1
100077,6411.54
100078,10299.37
100079,19127.02
100080,13407.57
100081,8030.93
100082,9973.7
100083,13069.45
100084,12379.35
100085,10937.56
100086,6612.85
100087,6242.81
100088,6150.02
100089,6075.22
100090,16161.35
100091,11457.6
100092,15857.46
100093,8976.02
100094,15406.12
100095,17043.63
100096,11919.05
100097,10313.94
100098,10556.69
100099,11482.99
100100,17602.61
100101,9730.64
100102,7238.59
100103,16028.17
100104,11029.91
100105,10631.23
100106,11940.08
100107,17169.74
100108,11190.0
100109,14740.85
100110,7754.56
100111,14646.87
100112,11042.13
100113,10697.47
100114,12375.65
100115,15788.94
100116,8409.68
100117,11971.48
100118,13378.98
100119,10388.36
100120,10830.87
100121,13724.92
100122,6083.62
100123,10556.69
100124,12134.81
100125,6480.85
100126,8229.86
100127,12879.5
100128,8900.21
100129,7646.92
100130,10887.75
100131,11793.18
100132,14176.34
100133,9734.6
100134,7691.69
100135,10038.2
100136,11095.77
100137,21140.9
100138,11609.79
100139,11678.8
100140,10223.85
100141,11241.3
100142,11646.47
100143,15406.12
100144,7124.66
100145,15555.25
100146,9791.6
100147,5886.59
100148,7985.69
100149,17686.09
100150,7137.45
100151,12835.64
100152,9048.0
100153,8715.97
100154,7536.01
100155,15540.05
100156,8279.88
100157,13211.48
100158,11173.11
100159,9804.86
100160,10237.8
100161,12638.92
100162,13249.99
100163,14169.7
100164,15406.12
100165,7493.69
100166,15547.36
100167,14741.34
100168,7315.2
100169,10556.69
100170,13987.06
100171,5393.61
100172,8417.42
100173,7768.86
100174,16853.3
100175,13832.64
100176,15188.1
100177,7331.07
100178,9595.94
100179,12805.16
100180,10092.43
100181,11501.88
100182,13870.08
100183,13820.09
100184,15986.1
100185,6702.51
100186,9396.31
100187,14614.56
100188,11213.7
100189,15784.01
100190,15411.57
100191,6274.67
100192,8330.87
100193,9024.87
100194,2907.83
100195,7218.8
100196,20622.45
100197,14622.67
100198,8976.53
100199,10790.83
100200,8123.25
100201,8190.52
100202,13425.95
100203,6350.58
100204,9650.45
100205,6816.33
100206,11620.54
100207,14443.25
100208,14636.62
100209,15878.88
100210,15853.41
100211,11383.03
100212,6707.17
100213,9209.24
100214,5146.3
100215,8536.79
100216,9172.32
100217,5562.38
100218,13204.79
100219,8570.85
100220,5786.76
100221,11324.29
100222,7652.51
100223,5400.77
100224,12203.37
100225,15099.63
100226,9609.07
100227,1735.17
100228,7730.27
100229,6239.27
100230,9977.05
100231,11445.22
100232,10909.86
100233,8153.75
100234,6745.37
100235,9855.25
100236,10082.17
100237,10993.56
100238,10248.61
100239,12031.23
100240,10139.33
100241,11067.08
100242,15990.46
100243,7725.89
100244,9287.52
100245,15943.06
100246,3275.81
100247,7903.3
100248,12990.0
100249,7918.17
100250,15425.32
100251,14766.77
100252,8309.04
100253,10603.58
100254,11131.22
100255,7632.53
100256,17169.74
100257,6817.34
100258,9635.26
100259,11007.91
100260,17959.53
100261,9585.08
100262,4807.9
100263,10144.97
100264,10457.74
100265,12392.09
100266,13567.53
100267,11667.23
100268,3173.65
100269,7027.44
100270,10909.45
100271,11911.25
100272,8171.93
100273,9726.92
100274,9302.48
100275,9995.04
100276,11096.29
100277,9789.01
100278,15616.8
100279,8745.84
100280,8146.14
100281,8083.02
100282,8549.44
100283,11460.47
100284,7673.47
100285,20174.52
100286,7298.59
100287,6994.68
100288,10785.32
100289,14548.48
100290,4274.72
100291,7832.39
100292,13990.0
100293,9597.72
100294,14988.38
100295,8533.32
100296,8902.86
100297,6831.67
100298,11830.53
100299,9743.99
100300,7367.46
100301,8650.35
100302,14402.23
100303,12727.78
100304,13717.62
100305,10805.35
100306,10923.21
100307,11744.83
100308,7356.09
100309,16005.97
100310,15284.58
100311,12545.38
100312,17076.28
100313,15004.67
100314,10084.11
100315,20968.88
100316,9810.16
100317,6862.32
100318,14520.14
100319,9979.49
100320,17014.07
100321,8028.5
100322,11932.25
100323,10556.69
100324,6013.6
100325,9646.51
100326,10652.15
100327,13886.5
100328,14456.1
100329,13999.57
100330,10960.33
100331,12742.26
100332,11491.1
100333,6279.8
100334,9333.08
100335,15908.23
100336,17425.0
100337,7363.44
100338,7315.71
100339,6060.78
100340,14132.22
100341,10420.63
100342,6247.76
100343,9137.36
100344,14597.03
100345,11437.44
100346,8882.09
100347,13884.6
100348,16151.7
100349,10493.46
100350,6871.2
100351,10231.32
100352,15980.74
100353,13038.29
100354,8789.05
100355,13716.1
100356,7308.44
100357,7995.52
100358,11700.86
100359,7362.53
100360,9886.11
100361,10028.13
100362,7977.32
100363,10563.72
100364,12794.74
100365,11178.03
100366,10581.79
100367,6711.08
100368,15821.5
100369,10241.34
100370,9718.46
100371,13094.86
100372,6649.05
100373,9856.36
100374,9981.9
100375,2400.54
100376,10593.12
100377,7652.37
100378,11572.87
100379,11235.77
100380,13349.34
100381,14987.24
100382,10068.42
100383,12428.1
100384,10649.45
100385,11819.17
100386,10228.04
100387,13656.41
100388,10600.87
100389,11185.91
100390,7761.98
100391,6671.05
100392,7527.25
100393,15339.35
100394,7837.49
100395,9543.02
100396,11836.1
100397,11040.35
100398,11020.13
100399,10286.86
100400,10023.1
100401,11393.25
100402,9634.96
100403,9497.49
100404,13587.3
100405,12627.11
100406,13475.01
100407,5412.17
100408,6630.2
100409,9752.11
100410,20659.11
100411,7150.88
100412,11389.5
100413,11686.95
100414,4444.24
100415,11701.17
100416,10387.56
100417,9184.57
100418,3638.69
100419,15001.77
100420,8327.56
100421,10538.12
100422,7779.98
100423,11349.55
100424,9220.15
100425,8800.44
100426,14430.89
100427,10783.76
100428,14138.05
100429,12471.48
100430,7689.76
100431,15406.12
100432,11040.16
100433,10072.15
100434,10616.76
100435,4711.55
100436,10656.37
100437,10910.64
100438,12837.35
100439,7620.14
100440,11110.85
100441,5845.04
100442,11116.19
100443,12758.28
100444,12003.17
100445,5604.72
100446,12045.57
100447,8849.77
100448,11190.0
100449,11218.54
100450,12193.57
100451,11069.44
100452,10556.69
100453,8713.98
100454,7277.41
100455,10367.32
100456,7331.58
100457,11280.93
100458,8696.43
100459,7317.79
100460,14286.94
100461,17040.33
100462,10141.29
100463,9953.59
100464,6457.35
100465,11560.7
100466,10852.42
100467,11638.64
100468,5939.06
100469,12211.45
100470,5843.77
100471,12124.84
100472,15881.97
100473,10065.49
100474,10666.31
100475,6900.04
100476,8944.78
100477,21359.57
100478,16097.33
100479,12282.57
100480,7811.8
100481,7316.97
100482,8400.35
100483,6471.11
100484,10646.96
100485,8626.44
100486,7373.71
100487,18679.9
100488,7886.85
100489,8042.08
100490,14400.49
100491,6902.87
100492,11431.23
100493,13431.36
100494,7899.16
100495,7887.67
100496,10471.89
100497,12709.52
100498,6153.46
100499,7248.93
100500,7065.26
100501,14999.19
100502,4211.47
100503,7004.54
100504,9933.78
100505,11232.44
100506,12069.98
100507,12884.97
100508,10252.07
100509,14906.7
100510,16246.96
100511,7277.74
100512,7749.48
100513,9483.02
100514,7648.62
100515,8885.09
100516,6095.78
100517,15096.49
100518,9848.02
100519,8686.04
100520,14098.73
100521,10954.4
100522,11911.27
100523,6372.66
100524,10362.92
100525,9845.38
100526,17008.12
100527,4806.97
100528,7637.87
100529,5661.03
100530,18805.02
100531,10120.11
100532,13005.36
100533,10554.03
100534,11568.6
100535,6267.56
100536,9017.62
100537,13829.68
100538,10735.71
100539,13028.22
100540,7730.87
100541,17076.44
100542,15422.33
100543,8758.4
100544,14111.26
100545,12763.47
100546,6404.73
100547,7311.18
100548,14987.24
100549,18644.04
100550,9752.93
100551,10302.3
100552,12031.15
100553,10604.53
100554,15330.91
100555,9377.93
100556,4743.24
100557,14864.54
100558,7189.89
100559,7513.28
100560,11798.71
100561,13256.91
100562,7209.39
100563,6649.49
100564,7527.34
100565,13533.55
100566,10505.1
100567,3334.87
100568,6965.48
100569,14727.49
100570,8049.36
100571,5632.74
100572,11963.65
100573,7687.99
100574,9436.49
100575,6899.62
100576,14121.98
100577,16139.37
100578,10888.83
100579,3158.21
100580,8995.11
100581,7083.88
100582,10770.52
100583,10346.3
100584,5588.14
100585,5535.77
100586,17261.34
100587,2385.86
100588,10825.83
100589,13536.15
100590,9023.8
100591,6943.28
100592,10040.49
100593,10681.09
100594,15822.33
100595,10676.5
100596,17183.82
100597,17213.46
100598,8567.5
100599,11401.49
100600,15756.63
100601,12102.16
100602,12369.94
100603,8920.13
100604,6383.98
100605,8249.9
100606,8815.86
100607,15292.9
100608,13268.95
100609,8975.91
100610,6956.92
100611,15678.54
100612,13147.08
100613,15698.71
100614,9377.49
100615,10267.78
100616,12358.8
100617,10659.52
100618,13941.97
100619,3972.69
100620,14736.17
100621,9545.79
100622,8059.0
100623,8153.76
100624,7956.83
100625,11066.66
100626,18927.27
100627,8804.48
100628,9344.99
100629,6876.01
100630,5750.43
100631,12447.17
100632,11916.92
100633,9794.89
100634,9123.96
100635,12772.95
100636,11030.59
100637,14752.19
100638,11686.0
100639,11351.18
100640,15124.25
100641,7744.31
100642,15406.12
100643,11653.58
100644,14220.31
100645,12140.27
100646,7209.71
100647,2304.03
100648,14142.66
100649,5435.14
100650,8449.13
100651,14235.3
100652,10628.28
100653,10291.17
100654,13564.15
100655,9338.89
100656,7842.63
100657,5278.46
100658,13530.33
100659,12798.45
100660,10306.66
100661,10550.74
100662,9675.52
100663,3706.7
100664,20794.87
100665,10666.31
100666,12273.39
100667,15919.36
100668,7283.83
100669,9605.15
100670,7673.9
100671,9081.36
100672,9735.86
100673,11386.85
100674,17179.22
100675,12567.49
100676,7853.18
100677,3190.31
100678,6259.84
100679,7049.55
100680,14343.11
100681,20149.49
100682,10689.33
100683,10968.79
100684,7968.06
100685,8506.03
100686,7320.73
100687,9131.32
100688,8522.59
100689,7129.62
100690,9039.16
100691,11739.2
100692,8137.35
100693,11728.46
100694,15661.96
100695,12528.68
100696,4264.05
100697,8179.29
100698,13342.56
100699,6067.44
100700,9094.79
100701,13191.9
100702,7806.71
100703,15290.46
100704,18330.74
100705,6061.25
100706,5384.44
100707,10400.13
100708,11561.67
100709,12606.33
100710,13834.92
100711,6013.04
100712,17016.77
100713,8325.14
100714,7584.39
100715,8656.98
100716,8710.19
100717,11094.44
100718,13553.94
100719,9367.01
100720,15919.77
100721,12752.4
100722,9242.22
100723,9281.1
100724,11167.22
100725,10530.58
100726,22387.78
100727,14301.18
100728,9494.48
100729,9844.1
100730,7494.71
100731,9424.63
100732,8333.47
100733,10349.93
100734,7996.44
100735,9461.95
100736,15406.12
100737,7793.84
100738,11075.68
100739,9367.85
100740,11091.21
100741,12351.6
100742,12100.02
100743,9611.69
100744,7149.65
100745,15002.25
100746,13268.1
100747,7096.75
100748,17752.11
100749,15919.77
100750,11159.56
100751,10317.1
100752,7761.69
100753,13961.73
100754,8787.49
100755,9228.12
100756,17330.49
100757,8035.1
100758,13272.45
100759,10536.08
100760,10281.11
100761,9966.64
100762,5794.15
100763,8730.41
100764,8381.16
100765,12746.88
100766,8066.78
100767,10795.17
100768,17232.91
100769,11046.59
100770,8567.53
100771,13489.51
100772,6206.51
100773,9983.14
100774,12953.37
100775,6838.05
100776,14187.14
100777,9160.15
100778,17301.77
100779,13229.22
100780,7547.1
100781,14535.8
100782,16070.05
100783,6332.82
100784,8046.79
100785,8605.75
100786,12199.84
100787,8869.8
100788,15843.02
100789,17109.11
100790,13557.89
100791,11979.81
100792,7562.63
100793,6740.55
100794,14314.23
100795,9301.2
100796,15288.37
100797,15406.12
100798,8491.34
100799,7461.54
100800,13337.06
100801,11255.2
100802,11007.46
100803,11894.1
100804,8928.35
100805,8394.88
100806,10901.86
100807,15785.0
100808,20273.93
100809,11974.42
100810,8112.73
100811,13481.73
100812,12195.63
100813,12064.3
100814,11241.38
100815,7233.38
100816,12748.24
100817,8171.93
100818,12343.73
100819,7414.31
100820,7101.27
100821,10273.92
100822,11378.44
100823,6250.1
100824,11288.28
100825,8790.78
100826,14412.45
100827,12280.79
100828,10041.66
100829,7620.24
100830,7589.06
100831,6453.14
100832,14120.16
100833,14921.25
100834,15007.43
100835,7177.3
100836,10401.05
100837,6602.33
100838,3900.81
100839,5301.44
100840,9156.2
100841,8625.07
100842,7924.23
100843,7463.27
100844,6249.61
100845,11872.19
100846,13901.89
100847,9825.0
100848,11386.78
100849,11704.08
100850,8654.3
100851,10980.21
100852,6561.26
100853,10571.48
100854,13180.01
100855,3307.61
100856,10596.41
100857,8059.26
100858,9804.55
100859,10191.01
100860,10688.2
100861,11203.59
100862,5978.36
100863,10645.61
100864,9062.03
100865,12733.65
100866,6825.7
100867,15370.82
100868,8009.37
100869,10290.14
100870,14915.69
100871,14774.25
100872,9081.34
100873,4670.31
100874,8040.4
100875,8567.03
100876,13636.61
100877,13558.88
100878,5263.45
100879,5811.58
100880,13790.42
100881,8825.55
100882,12184.44
100883,2757.42
100884,11056.91
100885,7982.65
100886,11503.56
100887,17237.85
100888,10613.78
100889,10185.05
100890,14633.65
100891,12153.28
100892,6437.47
100893,15406.12
100894,12500.66
100895,9966.61
100896,7805.18
100897,10303.6
100898,10018.24
100899,5109.87
100900,9278.99
100901,9315.27
100902,12426.89
100903,7758.42
100904,15123.0
100905,9031.99
100906,10802.25
100907,6695.23
100908,4110.75
100909,5974.88
100910,7090.57
100911,11920.74
100912,15785.0
100913,6288.99
100914,8147.9
100915,8635.23
100916,10022.15
100917,10596.94
100918,10116.38
100919,13060.87
100920,7532.73
100921,10285.48
100922,7161.35
100923,10607.05
100924,14071.27
100925,5648.68
100926,14210.34
100927,7241.38
100928,14186.0
100929,7209.39
100930,16161.35
100931,13576.87
100932,6988.99
100933,10921.69
100934,6362.0
100935,10400.46
100936,4659.37
100937,10813.79
100938,16209.27
100939,10559.76
100940,12001.34
100941,8513.49
100942,13180.32
100943,10937.85
100944,9038.18
100945,10049.75
100946,5972.1
100947,9903.21
100948,19475.32
100949,7685.12
100950,7915.34
100951,13255.86
100952,11323.88
100953,7848.94
100954,6868.14
100955,12090.46
100956,15347.6
100957,12123.58
100958,6671.21
100959,9876.84
100960,15850.37
100961,10283.28
100962,13321.95
100963,11049.66
100964,10793.17
100965,3024.28
100966,8094.03
100967,5239.68
100968,10228.91
100969,6268.79
100970,13872.13
100971,10284.33
100972,6874.17
100973,11676.85
100974,12437.34
100975,6218.09
100976,15919.77
100977,10420.46
100978,9439.19
100979,12380.84
100980,7544.57
100981,6080.08
100982,14256.48
100983,11927.84
100984,12511.36
100985,11488.65
100986,14685.51
100987,10182.65
100988,13362.17
100989,10739.7
100990,12202.94
100991,12850.94
100992,13304.95
100993,9512.44
100994,12143.77
100995,9307.89
100996,9881.92
100997,14605.63
100998,7983.51
100999,7800.02
101000,7904.54
101001,13549.85
101002,10273.13
101003,14624.97
101004,9803.09
101005,14899.57
101006,14067.39
101007,4279.96
101008,10342.83
101009,7348.52
101010,10563.06
101011,13972.81
101012,16195.19
101013,12441.36
101014,7259.45
101015,13321.58
101016,15406.12
101017,10172.61
101018,8312.33
101019,13605.35
101020,9619.63
101021,8463.82
101022,10271.09
101023,9782.57
101024,7641.98
101025,13532.77
101026,13990.04
101027,15051.14
101028,10030.23
101029,13197.09
101030,7975.79
101031,5566.34
101032,16161.35
101033,8391.42
101034,10334.1
101035,14945.38
101036,12675.73
101037,9534.01
101038,9341.49
101039,10430.71
101040,12821.96
101041,4441.18
101042,12865.84
101043,8990.8
101044,5444.1
101045,12919.66
101046,7002.3
101047,13194.4
101048,8466.21
101049,13131.03
101050,3312.44
101051,12939.09
101052,14123.34
101053,9584.92
101054,14743.31
101055,12119.17
101056,7581.51
101057,9328.83
101058,16196.11
101059,9142.03
101060,7645.68
101061,13335.33
101062,10364.52
101063,12660.51
101064,13318.87
101065,14968.46
101066,11386.54
101067,5068.35
101068,13474.6
101069,9395.98
101070,12810.81
101071,15296.53
101072,3776.39
101073,13101.76
101074,7829.43
101075,11835.46
101076,7914.04
101077,12751.41
101078,12598.37
101079,14846.18
101080,7145.5
101081,8673.39
101082,6807.44
101083,8744.43
101084,9850.57
101085,5683.7
101086,13325.62
101087,14316.08
101088,8595.36
101089,7898.89
101090,12831.05
101091,9754.0
101092,19360.72
101093,6919.53
101094,11101.71
101095,13553.02
101096,6853.32
101097,9803.55
101098,10668.01
101099,15325.95
101100,7910.49
101101,9018.11
101102,9288.17
101103,7752.26
101104,11231.24
101105,9179.1
101106,16968.04
101107,16509.48
101108,7443.98
101109,11018.46
101110,17358.71
101111,14113.35
101112,8009.13
101113,10151.66
101114,7611.23
101115,15728.58
101116,8243.48
101117,10041.94
101118,13097.45
101119,6892.1
101120,8156.27
101121,15546.56
101122,13789.35
101123,9781.13
101124,5400.01
101125,10310.91
101126,8965.04
101127,10730.38
101128,12979.75
101129,8680.54
101130,9561.15
101131,10765.74
101132,6755.33
101133,15406.12
101134,10487.49
101135,9715.32
101136,9615.1
101137,12916.62
101138,11010.0
101139,6916.75
101140,6799.86
101141,10833.7
101142,15755.25
101143,8456.47
101144,8031.63
101145,7807.91
101146,10177.42
101147,14074.01
101148,12300.66
101149,7483.71
101150,9963.52
101151,13177.3
101152,7959.34
101153,22108.8
101154,8231.12
101155,8833.64
101156,7695.2
101157,14901.57
101158,7640.51
101159,6961.53
101160,10618.54
101161,11582.11
101162,11395.71
101163,8668.0
101164,11261.03
101165,13656.9
101166,6933.91
101167,10989.33
101168,8904.69
101169,14098.46
101170,4107.25
101171,7772.75
101172,5754.63
101173,7099.84
101174,8566.54
101175,7254.07
101176,11927.84
101177,11646.1
101178,6560.07
101179,10859.71
101180,13831.71
101181,5717.93
101182,8053.36
101183,7945.88
101184,11900.15
101185,5572.02
101186,8275.6
101187,6994.89
101188,21887.32
101189,8111.9
101190,7345.6
101191,9408.81
101192,14598.73
101193,6863.48
101194,15588.94
101195,10332.97
101196,12007.81
101197,5144.41
101198,6833.06
101199,10556.69
101200,12857.73
101201,16121.48
101202,10009.81
101203,10316.4
101204,6814.7
101205,10556.69
101206,7326.15
101207,14309.53
101208,11512.95
101209,6334.32
101210,7951.41
101211,10066.47
101212,10963.66
101213,7166.81
101214,7557.57
101215,9491.53
101216,12794.16
101217,8077.46
101218,11143.64
101219,17117.74
101220,12007.64
101221,8463.82
101222,13865.4
101223,7180.88
101224,14199.03
101225,12165.12
101226,6822.41
101227,7992.06
101228,9320.8
101229,9217.73
101230,11033.7
101231,11355.39
101232,10201.79
101233,11041.64
101234,14758.04
101235,10206.4
101236,7581.4
101237,14771.13
101238,9944.05
101239,14216.93
101240,8239.63
101241,14751.49
101242,13640.96
101243,4363.03
101244,9448.54
101245,17044.2
101246,8018.37
101247,9303.47
101248,7945.73
101249,16492.52
101250,7853.42
101251,8303.84
101252,9449.34
101253,8985.22
101254,12913.14
101255,7212.53
101256,8455.18
101257,16612.67
101258,9723.56
101259,10332.68
101260,10783.82
101261,10334.82
101262,9784.77
101263,12636.07
101264,7690.15
101265,16161.35
101266,12541.44
101267,9492.63
101268,6301.06
101269,10278.78
101270,9869.54
101271,9025.58
101272,19405.35
101273,8911.84
101274,11618.12
101275,7557.66
101276,9494.82
101277,6683.64
101278,8776.62
101279,10441.58
101280,7780.8
101281,12105.84
101282,14190.55
101283,8028.69
101284,10774.76
101285,13513.89
101286,15537.95
101287,14908.64
101288,6829.3
101289,14583.6
101290,8480.87
101291,11798.7
101292,9951.9
101293,3551.82
101294,7807.88
101295,10240.9
101296,9019.86
101297,8338.39
101298,16819.32
101299,11643.09
101300,11403.66
101301,15397.12
101302,13295.22
101303,6327.81
101304,11694.67
101305,10804.26
101306,12191.43
101307,9294.05
101308,6114.31
101309,8552.58
101310,8819.56
101311,9201.25
101312,14811.5
101313,8911.1
101314,12184.77
101315,12396.48
101316,8398.46
101317,11422.36
101318,13388.59
101319,7368.16
101320,10031.12
101321,5950.81
101322,10936.93
101323,13961.73
101324,12065.87
101325,15351.7
101326,7181.7
101327,9917.79
101328,11514.17
101329,13504.15
101330,15371.25
101331,6937.12
101332,16677.23
101333,11542.7
101334,7016.71
101335,15755.69
101336,9897.17
101337,20659.73
101338,11924.24
101339,10613.65
101340,5777.0
101341,6871.63
101342,12340.61
101343,14991.45
101344,7652.53
101345,10977.64
101346,8010.27
101347,10181.79
101348,10903.0
101349,4561.84
101350,16445.2
101351,10506.95
101352,7140.97
101353,5865.88
101354,7812.22
101355,10624.61
101356,15397.13
101357,13577.34
101358,8927.84
101359,12206.58
101360,14592.15
101361,12928.84
101362,16161.35
101363,10907.61
101364,4081.04
101365,6732.02
101366,6987.89
101367,10722.5
101368,10023.69
101369,5828.9
101370,10696.7
101371,17645.28
101372,9040.41
101373,11518.27
101374,7428.87
101375,13195.85
101376,14746.44
101377,10323.64
101378,10826.62
101379,8668.39
101380,9628.99
101381,9405.05
101382,8099.9
101383,10673.03
101384,10595.83
101385,12227.97
101386,9363.76
101387,13769.72
101388,11498.5
101389,11053.91
101390,5652.97
101391,10695.09
101392,12050.36
101393,9219.91
101394,12936.79
101395,14277.23
101396,16028.17
101397,9880.59
101398,6748.66
101399,10136.48
101400,14499.7
101401,8499.14
101402,6258.76
101403,7909.22
101404,8289.56
101405,13121.13
101406,13008.07
101407,8654.48
101408,7306.9
101409,19339.08
101410,5808.98
101411,11930.45
101412,9805.91
101413,6540.61
101414,14499.31
101415,8751.23
101416,11035.48
101417,17980.9
101418,7150.28
101419,6052.08
101420,10128.96
101421,10309.68
101422,13673.16
101423,10344.33
101424,10601.12
101425,7261.76
101426,10581.83
101427,12785.88
101428,6292.1
101429,10013.38
101430,7257.9
101431,8976.32
101432,10214.44
101433,11640.68
101434,15406.12
101435,14306.92
101436,17002.97
101437,6737.04
101438,17014.49
101439,8121.61
101440,11309.89
101441,11458.5
101442,12334.04
101443,9671.08
101444,10229.81
101445,9297.15
101446,14164.48
101447,11349.41
101448,6973.36
101449,14691.25
101450,9335.13
101451,13715.98
101452,13954.22
101453,7769.78
101454,10252.95
101455,9640.33
101456,14630.37
101457,10645.39
101458,18592.89
101459,10484.6
101460,5505.16
101461,8004.76
101462,7107.83
101463,11830.53
101464,11724.73
101465,13943.43
101466,15307.06
101467,11063.1
101468,13494.86
101469,6140.2
101470,10578.37
101471,9742.42
101472,5899.17
101473,13559.67
101474,10316.6
101475,11000.23
101476,10440.37
101477,10031.89
101478,7306.37
101479,10967.6
101480,5245.2
101481,10132.18
101482,11297.58
101483,8029.85
101484,6943.74
101485,9304.61
101486,14791.1
101487,12404.23
101488,14108.44
101489,6717.35
101490,5110.33
101491,12634.61
101492,10990.84
101493,16207.8
101494,10007.36
101495,9101.64
101496,5683.52
101497,6896.43
101498,12389.48
101499,6136.64
101500,9542.2
101501,21323.5
101502,12441.68
101503,10013.64
101504,9963.3
101505,14185.84
101506,10803.29
101507,12614.9
101508,17679.46
101509,17279.17
101510,15039.0
101511,7571.4
101512,6491.67
101513,7013.52
101514,8927.94
101515,8171.44
101516,6942.96
101517,9684.51
101518,13120.83
101519,17634.51
101520,11158.84
101521,11544.53
101522,15406.12
101523,11715.92
101524,10246.52
101525,12969.11
101526,12809.13
101527,8987.27
101528,5827.56
101529,7923.45
101530,13083.85
101531,14652.9
101532,6744.45
101533,4665.36
101534,13055.24
101535,5360.17
101536,10272.36
101537,7225.48
101538,8796.44
101539,14475.18
101540,10907.61
101541,9184.08
101542,13286.97
101543,14133.61
101544,3665.75
101545,11764.42
101546,6352.43
101547,15990.46
101548,12753.74
101549,10681.09
101550,10207.88
101551,9418.25
101552,7873.65
101553,10549.31
101554,8701.53
101555,3850.67
101556,11583.97
101557,12998.78
101558,12690.47
101559,8308.83
101560,7276.93
101561,10147.14
101562,9655.88
101563,18063.9
101564,9310.73
101565,10008.71
101566,12501.7
101567,6693.9
101568,13923.52
101569,13954.02
101570,8438.0
101571,12032.78
101572,6520.24
101573,6007.13
101574,12780.05
101575,10013.23
101576,13984.19
101577,10657.61
101578,17004.97
101579,10273.53
101580,8674.55
101581,6511.23
101582,6041.28
101583,8101.5
101584,9561.58
101585,11047.84
101586,6937.95
101587,13153.69
101588,6888.15
101589,9900.77
101590,8683.96
101591,13271.63
101592,12810.51
101593,11262.83
101594,12011.95
101595,13976.1
101596,12008.05
101597,10394.37
101598,20659.72
101599,10556.69
101600,14104.6
101601,10301.44
101602,6683.56
101603,10496.05
101604,10881.42
101605,13111.45
101606,12125.55
101607,9877.28
101608,6489.1
101609,14055.24
101610,11509.01
101611,5746.95
101612,7325.46
101613,7632.16
101614,7200.76
101615,15990.46
101616,5559.81
101617,8918.34
101618,5846.63
101619,9448.54
101620,11062.08
101621,7256.02
101622,9497.52
101623,14621.07
101624,8111.15
101625,15406.12
101626,9917.0
101627,9723.96
101628,14893.01
101629,10764.21
101630,4779.45
101631,7300.49
101632,7837.65
101633,17257.93
101634,10477.78
101635,20677.21
101636,7326.15
101637,8600.32
101638,8560.57
101639,3380.51
101640,9716.21
101641,12509.76
101642,9442.37
101643,5079.02
101644,7737.6
101645,11134.25
101646,11516.05
101647,7766.81
101648,12076.2
101649,9738.05
101650,12774.01
101651,14685.97
101652,15772.27
101653,17055.76
101654,7360.24
101655,12251.06
101656,7586.22
101657,13565.1
101658,17322.11
101659,9391.34
101660,10556.69
101661,10391.53
101662,7258.48
101663,7710.67
101664,11976.08
101665,9023.45
101666,8530.09
101667,11965.76
101668,8822.66
101669,9833.04
101670,14123.34
101671,7914.68
101672,11565.67
101673,7203.1
101674,9223.04
101675,11632.49
101676,8852.4
101677,14785.04
101678,10439.7
101679,7806.34
101680,10684.82
101681,14069.95
101682,7013.3
101683,10901.86
101684,11266.13
101685,7590.99
101686,11456.4
101687,5900.59
101688,9729.39
101689,10356.56
101690,9638.97
101691,11716.95
101692,8050.84
101693,4900.0
101694,12363.46
101695,5806.02
101696,8906.54
101697,13740.49
101698,9474.56
101699,8781.15
101700,10291.17
101701,11631.7
101702,11520.14
101703,10234.79
101704,12594.02
101705,12232.27
101706,9395.46
101707,13830.85
101708,11024.48
101709,9126.53
101710,7550.98
101711,6220.91
101712,9582.38
101713,10990.84
101714,10476.47
101715,7514.69
101716,10123.19
101717,5681.8
101718,12329.36
101719,7173.82
101720,8648.64
101721,7019.51
101722,7689.6
101723,14519.17
101724,10071.84
101725,13486.13
101726,4792.62
101727,15878.88
101728,12053.2
101729,10637.34
101730,13985.61
101731,13573.5
101732,11843.98
101733,6066.9
101734,10109.8
101735,8940.48
101736,14317.61
101737,12515.54
101738,13149.69
101739,11298.75
101740,11579.07
101741,14568.74
101742,8334.13
101743,7074.3
101744,9323.39
101745,11750.86
101746,14768.83
101747,15737.71
101748,9700.1
101749,6539.61
101750,10159.07
101751,15406.12
101752,13558.64
101753,8802.23
101754,6894.66
101755,9666.76
101756,7872.38
101757,6045.06
101758,12334.47
101759,14223.53
101760,16161.35
101761,15987.08
101762,13018.9
101763,6789.44
101764,8704.08
101765,6496.18
101766,11249.27
101767,15846.24
101768,17602.61
101769,5947.62
101770,2593.84
101771,7398.96
101772,7748.36
101773,4425.87
101774,9106.03
101775,7635.37
101776,12280.4
101777,18210.31
101778,17692.01
101779,11237.48
101780,8671.15
101781,15128.32
101782,13841.13
101783,10980.82
101784,13121.56
101785,10329.77
101786,13761.04
101787,6030.94
101788,10401.94
101789,4782.68
101790,9291.53
101791,11677.11
101792,17929.95
101793,10322.34
101794,9586.34
101795,8027.73
101796,15662.0
101797,3291.11
101798,13644.32
101799,10063.31
101800,11280.03
101801,11582.75
101802,9781.1
101803,7288.77
101804,11088.34
101805,10618.59
101806,9497.25
101807,15800.07
101808,5587.28
101809,8617.69
101810,7854.3
101811,9930.93
101812,18922.85
101813,14111.26
101814,8701.41
101815,13759.33
101816,9923.43
101817,9416.1
101818,4433.86
101819,8288.15
101820,5936.92
101821,11495.88
101822,10775.42
101823,15990.46
101824,13998.27
101825,15087.57
101826,10517.62
101827,12837.35
101828,7939.39
101829,12643.89
101830,9838.0
101831,12919.85
101832,6709.35
101833,12759.68
101834,17595.76
101835,7960.82
101836,9438.63
101837,4071.62
101838,6237.26
101839,16583.19
101840,7586.97
101841,5926.01
101842,15082.77
101843,8575.32
101844,10450.62
101845,4989.65
101846,9130.91
101847,11684.29
101848,8688.55
101849,15406.12
101850,14990.58
101851,9340.76
101852,14885.54
101853,6674.24
101854,11084.17
101855,11907.57
101856,8156.79
101857,10556.69
101858,9347.4
101859,7357.18
101860,14569.3
101861,9105.39
101862,15722.78
101863,10400.46
101864,7221.46
101865,10026.4
101866,16097.33
101867,10297.37
101868,7802.23
101869,11518.87
101870,16868.08
101871,7299.45
101872,10462.43
101873,14041.61
101874,12918.63
101875,11659.98
101876,12025.12
101877,15992.25
101878,7899.68
101879,10485.22
101880,7314.62
101881,9636.37
101882,8330.41
101883,8406.92
101884,9310.24
101885,19569.52
101886,7220.32
101887,13234.65
101888,5871.74
101889,7349.66
101890,13545.94
101891,14787.62
101892,15028.42
101893,12614.73
101894,9008.3
101895,12677.95
101896,6014.86
101897,4576.34
101898,12636.48
101899,11110.59
101900,12785.61
101901,13839.77
101902,17132.49
101903,7157.72
101904,8597.89
101905,13957.08
101906,6632.11
101907,16491.22
101908,13551.03
101909,9803.99
101910,14103.74
101911,20323.33
101912,8338.41
101913,9092.97
101914,12042.91
101915,11104.79
101916,8354.89
101917,10385.31
101918,11926.62
101919,11226.08
101920,10576.19
101921,6982.36
101922,13023.22
101923,5081.78
101924,14895.69
101925,6495.85
101926,19807.09
101927,13258.26
101928,7255.73
101929,20625.11
101930,17132.05
101931,9832.76
101932,9763.81
101933,9432.82
101934,12854.19
101935,11512.87
101936,12800.71
101937,13613.59
101938,5869.93
101939,8585.0
101940,9244.28
101941,6666.89
101942,21647.64
101943,15634.35
101944,8044.94
101945,9803.33
101946,10706.54
101947,13276.17
101948,7171.16
101949,6619.98
101950,12518.9
101951,8898.31
101952,7774.56
101953,11194.01
101954,14651.15
101955,13610.2
101956,19522.87
101957,13586.39
101958,9431.7
101959,10630.97
101960,13489.51
101961,6464.32
101962,8494.12
101963,6816.55
101964,13964.05
101965,14394.05
101966,10617.29
101967,7123.18
101968,9891.3
101969,6593.42
101970,5587.61
101971,6972.72
101972,7443.06
101973,2621.14
101974,6137.62
101975,7721.61
101976,8131.31
101977,11938.01
101978,13835.68
101979,9248.19
101980,9065.2
101981,6950.87
101982,7229.15
101983,7495.99
101984,11017.84
101985,5711.88
101986,7508.88
101987,9130.67
101988,15358.69
101989,7429.06
101990,10255.95
101991,12521.7
101992,9164.63
101993,10189.54
101994,10692.15
101995,8742.16
101996,14180.43
101997,8252.88
101998,9986.35
101999,8858.71
102000,7348.97
102001,11063.65
102002,9611.3
102003,7277.41
102004,15250.05
102005,7596.61
102006,8507.26
102007,12238.66
102008,10559.64
102009,8997.97
102010,13026.4
102011,13706.84
102012,10653.5
102013,9512.02
102014,8721.29
102015,9429.75
102016,7206.41
102017,11056.4
102018,2831.63
102019,10556.69
102020,8957.04
102021,7872.61
102022,10667.02
102023,13520.14
102024,12542.66
102025,9533.05
102026,9434.26
102027,15963.88
102028,8236.4
102029,12780.49
102030,6430.98
102031,5802.48
102032,12444.69
102033,4557.36
102034,17546.14
102035,8937.21
102036,6643.64
102037,18448.8
102038,11202.28
102039,7008.05
102040,11137.32
102041,11280.18
102042,9949.97
102043,10988.25
102044,10371.76
102045,7499.03
102046,10291.05
102047,10578.86
102048,8983.4
102049,11762.82
102050,10234.72
102051,7554.73
102052,8398.19
102053,6974.42
102054,18827.86
102055,8845.99
102056,14048.86
102057,6468.46
102058,8795.42
102059,19826.61
102060,10495.97
102061,9253.6
102062,10008.07
102063,8987.49
102064,8057.81
102065,10352.76
102066,11090.67
102067,6549.47
102068,15990.46
102069,11109.5
102070,14677.55
102071,17337.9
102072,12970.86
102073,9958.28
102074,14977.02
102075,6993.57
102076,9732.05
102077,10789.23
102078,6955.7
102079,12022.34
102080,7481.82
102081,8112.02
102082,11035.53
102083,7030.75
102084,13945.06
102085,15207.56
102086,16097.33
102087,17071.98
102088,10138.32
102089,10293.16
102090,9484.07
102091,12277.17
102092,11975.2
102093,15273.49
102094,11158.87
102095,7561.25
102096,15383.57
102097,10556.69
102098,10285.91
102099,15128.63
102100,10233.22
102101,8328.35
102102,5646.2
102103,9310.13
102104,9075.12
102105,10910.38
102106,6558.55
102107,7253.59
102108,7905.49
102109,9930.94
102110,7983.62
102111,9956.89
102112,15422.33
102113,15878.88
102114,15678.54
102115,9736.6
102116,14735.98
102117,16028.17
102118,10611.78
102119,11215.5
102120,13358.95
102121,8629.77
102122,11147.96
102123,12385.11
102124,9534.01
102125,13486.17
102126,6043.59
102127,10004.0
102128,7335.01
102129,10309.83
102130,9867.34
102131,11384.36
102132,3631.5
102133,10342.91
102134,15406.12
102135,6243.44
102136,8560.99
102137,11675.86
102138,12111.45
102139,11768.94
102140,8051.33
102141,12566.53
102142,11491.12
102143,11047.59
102144,5098.66
102145,7818.06
102146,10740.68
102147,8732.97
102148,7801.53
102149,15556.7
102150,8535.43
102151,6444.93
102152,10290.03
102153,7739.4
102154,11220.94
102155,6220.74
102156,7621.28
102157,10659.01
102158,9906.21
102159,8265.34
102160,9390.73
102161,16161.35
102162,12901.26
102163,9297.17
102164,7897.88
102165,11125.7
102166,7342.33
102167,7246.78
102168,6697.58
102169,9438.45
102170,8393.54
102171,12878.77
102172,14001.33
102173,13349.82
102174,17223.33
102175,20189.98
102176,5531.56
102177,11425.64
102178,7199.37
102179,9202.58
102180,6995.7
102181,5666.89
102182,10285.82
102183,11295.13
102184,11698.96
102185,16461.52
102186,14180.01
102187,8335.85
102188,14241.57
102189,19453.58
102190,15557.28
102191,15531.11
102192,11414.49
102193,6916.55
102194,7373.33
102195,7844.14
102196,8121.64
102197,6560.17
102198,7095.05
102199,18500.53
102200,9136.31
102201,5405.31
102202,10472.87
102203,7632.69
102204,8006.96
102205,11202.36
102206,9714.62
102207,14961.81
102208,10538.12
102209,8334.37
102210,12614.67
102211,19052.6
102212,14026.5
102213,12745.76
102214,6180.07
102215,12082.68
102216,8710.3
102217,7781.6
102218,14132.25
102219,7471.17
102220,13491.71
102221,7333.11
102222,9723.96
102223,15238.77
102224,15269.08
102225,14039.42
102226,7706.91
102227,6461.65
102228,10281.83
102229,13218.97
102230,12488.84
102231,10631.94
102232,9867.34
102233,6201.77
102234,10362.35
102235,7296.25
102236,7854.11
102237,8490.61
102238,16870.15
102239,13461.79
102240,9644.05
102241,7859.49
102242,10276.89
102243,6491.7
102244,9835.9
102245,11847.3
102246,9743.63
102247,9855.19
102248,11917.87
102249,10203.41
102250,7654.19
102251,16195.38
102252,6678.45
102253,9690.87
102254,9621.24
102255,6931.19
102256,9712.05
102257,9632.24
102258,15227.29
102259,4153.16
102260,10392.94
102261,6947.08
102262,13360.29
102263,16161.35
102264,11693.54
102265,15406.12
102266,7395.34
102267,7815.03
102268,13876.91
102269,8209.82
102270,9178.41
102271,8892.41
102272,10366.95
102273,2536.2
102274,6187.09
102275,10269.71
102276,10392.94
102277,5560.28
102278,8894.9
102279,10309.44
102280,10735.46
102281,7309.68
102282,16097.33
102283,8695.75
102284,5856.69
102285,9837.24
102286,9909.99
102287,9885.23
102288,7849.56
102289,9376.83
102290,11155.23
102291,8279.54
102292,17025.47
102293,16097.33
102294,15406.12
102295,9662.0
102296,15784.01
102297,10098.59
102298,4094.69
102299,11771.18
102300,17541.65
102301,9710.58
102302,12642.45
102303,9506.06
102304,13367.81
102305,7212.35
102306,14497.98
102307,8192.38
102308,9701.43
102309,10998.84
102310,6515.1
102311,7961.71
102312,10557.86
102313,5820.28
102314,8080.9
102315,8054.38
102316,7174.6
102317,7900.06
102318,13216.34
102319,14560.79
102320,9719.64
102321,15784.01
102322,7814.72
102323,7612.5
102324,14391.39
102325,8121.51
102326,10077.04
102327,17973.09
102328,10475.38
102329,9518.33
102330,8946.05
102331,12974.6
102332,10006.18
102333,8414.85
102334,8686.59
102335,11217.64
102336,13635.4
102337,10444.5
102338,7769.78
102339,13354.59
102340,9819.92
102341,7462.83
102342,7939.8
102343,7173.02
102344,17602.61
102345,5857.37
102346,13028.31
102347,13295.09
102348,6561.23
102349,10947.7
102350,19752.82
102351,8761.73
102352,7637.81
102353,8714.52
102354,13263.69
102355,13287.49
102356,8937.37
102357,2647.76
102358,6515.55
102359,10113.7
102360,7488.93
102361,9801.55
102362,10656.59
102363,7566.06
102364,8384.14
102365,9340.34
102366,9424.1
102367,10739.72
102368,9921.51
102369,13329.25
102370,8201.49
102371,8234.37
102372,7858.14
102373,4016.07
102374,4483.32
102375,10672.56
102376,13267.79
102377,15050.75
102378,11566.96
102379,3836.63
102380,11174.5
102381,9460.33
102382,10985.47
102383,12838.57
102384,9510.86
102385,16218.15
102386,12776.46
102387,15880.93
102388,10426.76
102389,12793.76
102390,6063.26
102391,11559.04
102392,10613.71
102393,10614.35
102394,4328.11
102395,7909.74
102396,9636.62
102397,13078.29
102398,11307.03
102399,7166.14
102400,4444.84
102401,9547.46
102402,15065.27
102403,11862.44
102404,11637.1
102405,10267.87
102406,4741.44
102407,9041.92
102408,6079.48
102409,11890.14
102410,7323.18
102411,19018.8
102412,13183.22
102413,9272.54
102414,14578.18
102415,12868.36
102416,13350.7
102417,15805.8
102418,7751.74
102419,12401.49
102420,6293.49
102421,12331.41
102422,10959.49
102423,6576.04
102424,10206.33
102425,11377.48
102426,10234.02
102427,8954.97
102428,8733.17
102429,5221.92
102430,6453.35
102431,6548.5
102432,9668.92
102433,10716.44
102434,18592.89
102435,7299.82
102436,10193.99
102437,11545.99
102438,11135.0
102439,6606.18
102440,7959.06
102441,13481.73
102442,10269.83
102443,8849.99
102444,8339.45
102445,6469.84
102446,11556.2
102447,4101.06
102448,9804.95
102449,10014.28
102450,13228.48
102451,7309.25
102452,12085.77
102453,7519.03
102454,14620.44
102455,15983.95
102456,5718.48
102457,7298.15
102458,9923.45
102459,7266.47
102460,14380.18
102461,14971.49
102462,13368.94
102463,8368.73
102464,7303.67
102465,6245.29
102466,6113.06
102467,9184.15
102468,11840.36
102469,7155.92
102470,12282.29
102471,14918.22
102472,15888.41
102473,13702.8
102474,10432.39
102475,13334.89
102476,9891.48
102477,7809.44
102478,8118.32
102479,15406.12
102480,10246.68
102481,11190.0
102482,12136.49
102483,15406.12
102484,13290.62
102485,12952.65
102486,14834.38
102487,8036.26
102488,7001.54
102489,5752.81
102490,9738.67
102491,11518.24
102492,6254.75
102493,7008.43
102494,8116.05
102495,13873.94
102496,7646.66
102497,8131.09
102498,8208.84
102499,12830.29
102500,14032.6
102501,10184.65
102502,7446.44
102503,10279.0
102504,4489.04
102505,11431.43
102506,6734.08
102507,8047.38
102508,6506.69
102509,10665.51
102510,6112.85
102511,8201.42
102512,9826.76
102513,17635.7
102514,11547.49
102515,8734.7
102516,13645.63
102517,12604.06
102518,11458.25
102519,2395.43
102520,12955.08
102521,8939.13
102522,7852.03
102523,5588.1
102524,9015.11
102525,7867.05
102526,6106.08
102527,8561.74
102528,7207.51
102529,6417.2
102530,11306.89
102531,10308.25
102532,9289.15
102533,7247.97
102534,8554.2
102535,15878.88
102536,5239.78
102537,12457.05
102538,7274.05
102539,6233.04
102540,11306.43
102541,13522.04
102542,10826.96
102543,13336.77
102544,14481.1
102545,14353.47
102546,8104.8
102547,7553.29
102548,15664.85
102549,10758.14
102550,14814.89
102551,13368.06
102552,8535.55
102553,10488.37
102554,12085.32
102555,10770.52
102556,6214.41
102557,10491.73
102558,14473.62
102559,10400.07
102560,17508.97
102561,14065.35
102562,4688.86
102563,7222.42
102564,8311.8
102565,12103.77
102566,10846.34
102567,14608.37
102568,8437.2
102569,11103.33
102570,8233.56
102571,5019.13
102572,3484.75
102573,14377.19
102574,9396.31
102575,16123.26
102576,8982.04
102577,10882.44
102578,15594.74
102579,14233.17
102580,4134.72
102581,11451.68
102582,12316.13
102583,10727.14
102584,7621.44
102585,10947.13
102586,9427.74
102587,12955.08
102588,10654.68
102589,14017.71
102590,9545.79
102591,10956.42
102592,17141.06
102593,11187.53
102594,8581.43
102595,10063.32
102596,6787.07
102597,8086.16
102598,9697.2
102599,14859.13
102600,14884.44
102601,9283.02
102602,16097.33
102603,10549.42
102604,3316.87
102605,11142.91
102606,15598.7
102607,7475.47
102608,9294.05
102609,7297.99
102610,8135.63
102611,14774.42
102612,12144.73
102613,10299.2
102614,10090.98
102615,7214.52
102616,12426.65
102617,6994.31
102618,14618.84
102619,12919.41
102620,9820.91
102621,2753.67
102622,8414.26
102623,14938.04
102624,11926.6
102625,14324.56
102626,7414.98
102627,7219.09
102628,5083.07
102629,14595.88
102630,15557.78
102631,16767.88
102632,7653.41
102633,21882.39
102634,8724.81
102635,17005.65
102636,2373.76
102637,16258.93
102638,6822.41
102639,9049.13
102640,16097.33
102641,14131.44
102642,11997.26
102643,9972.02
102644,15628.89
102645,9385.84
102646,8019.38
102647,17712.41
102648,8194.44
102649,12758.47
102650,10348.09
102651,11628.06
102652,14427.23
102653,7577.06
102654,7016.15
102655,8283.76
102656,9743.6
102657,20916.02
102658,8055.67
102659,7561.01
102660,7302.06
102661,10400.4
102662,7520.07
102663,11843.62
102664,6618.54
102665,9734.52
102666,11631.18
102667,14488.0
102668,11962.87
102669,3052.86
102670,9953.05
102671,11769.14
102672,16718.86
102673,10154.3
102674,12664.43
102675,6492.1
102676,11626.89
102677,6744.45
102678,9959.37
102679,11237.48
102680,9314.82
102681,9558.73
102682,12303.86
102683,5327.84
102684,6882.58
102685,9761.67
102686,11031.67
102687,13356.69
102688,14987.24
102689,18148.99
102690,9315.84
102691,6177.49
102692,11885.94
102693,9956.3
102694,7725.57
102695,9385.29
102696,10400.75
102697,11721.13
102698,12793.32
102699,4349.68
102700,10745.44
102701,10944.19
102702,14544.94
102703,10830.49
102704,8803.12
102705,8217.79
102706,10834.27
102707,12836.61
102708,8436.22
102709,10904.07
102710,14968.22
102711,10632.82
102712,11249.23
102713,4261.19
102714,10556.69
102715,11571.74
102716,10185.53
102717,10008.14
102718,6831.17
102719,14887.98
102720,8039.59
102721,6956.68
102722,13670.83
102723,8717.73
102724,5704.96
102725,8081.34
102726,10102.11
102727,8225.76
102728,11696.59
102729,9472.87
102730,5444.44
102731,3784.41
102732,17260.63
102733,13995.42
102734,17541.65
102735,15079.66
102736,8956.8
102737,9653.9
102738,12924.27
102739,10528.1
102740,7360.26
102741,14846.36
102742,13841.82
102743,18263.62
102744,14589.3
102745,7330.93
102746,10601.57
102747,9861.54
102748,7671.16
102749,10383.36
102750,15070.7
102751,7678.3
102752,13312.65
102753,11550.75
102754,9858.47
102755,12924.73
102756,6599.13
102757,5630.46
102758,6214.48
102759,4874.88
102760,11155.34
102761,10538.2
102762,11729.23
102763,8584.53
102764,8538.2
102765,7005.8
102766,11981.51
102767,14323.97
102768,9657.83
102769,8617.43
102770,9894.3
102771,12820.72
102772,11927.72
102773,15406.12
102774,12152.25
102775,13475.73
102776,13398.25
102777,9628.93
102778,8545.95
102779,15990.46
102780,12623.3
102781,17241.99
102782,11123.62
102783,13074.6
102784,10044.43
102785,7533.5
102786,15039.06
102787,20693.81
102788,14208.33
102789,8207.25
102790,10186.29
102791,7093.73
102792,14950.66
102793,9786.49
102794,10175.29
102795,10556.69
102796,10119.5
102797,6869.95
102798,9635.67
102799,12944.45
102800,17752.81
102801,13847.58
102802,9450.25
102803,19834.69
102804,8101.84
102805,7597.52
102806,8373.67
102807,10031.89
102808,7286.28
102809,5962.94
102810,7206.0
102811,3478.75
102812,6420.27
102813,8201.1
102814,9194.94
102815,6810.57
102816,9092.76
102817,12565.46
102818,10227.55
102819,19966.87
102820,11340.03
102821,12328.0
102822,12055.17
102823,14103.6
102824,10752.81
102825,8140.54
102826,10037.54
102827,9045.02
102828,10246.32
102829,8254.23
102830,12153.29
102831,7493.56
102832,10272.45
102833,8126.12
102834,7196.31
102835,6505.86
102836,6476.25
102837,10439.69
102838,13020.97
102839,10075.46
102840,6746.08
102841,4615.2
102842,11975.38
102843,8822.32
102844,15101.87
102845,14240.2
102846,10057.66
102847,12047.77
102848,8384.14
102849,5810.59
102850,15856.79
102851,12063.92
102852,14678.15
102853,14053.04
102854,11792.38
102855,12366.33
102856,8370.6
102857,5847.95
102858,10424.16
102859,19451.91
102860,5574.32
102861,14086.47
102862,11194.57
102863,11570.22
102864,10272.36
102865,13985.11
102866,10708.15
102867,7911.34
102868,10557.42
102869,16766.49
102870,11182.22
102871,16757.75
102872,10541.54
102873,8953.15
102874,10785.58
102875,20619.37
102876,10750.29
102877,14567.6
102878,13351.1
102879,12125.43
102880,8987.61
102881,13995.54
102882,13595.63
102883,8795.93
102884,9732.52
102885,7912.6
102886,8437.2
102887,9951.84
102888,12409.4
102889,12735.19
102890,8668.14
102891,10556.69
102892,9794.02
102893,6715.67
102894,7506.17
102895,5389.82
102896,11678.17
102897,10499.39
102898,11376.74
102899,4586.07
102900,8550.03
102901,13489.51
102902,8078.46
102903,10513.99
102904,11524.76
102905,11495.08
102906,12158.46
102907,11602.1
102908,11566.98
102909,11010.88
102910,8229.93
102911,15563.66
102912,11593.59
102913,10532.39
102914,2299.39
102915,12384.47
102916,10479.88
102917,6667.12
102918,8016.84
102919,5896.97
102920,9328.85
102921,8570.11
102922,7853.72
102923,12787.94
102924,8330.99
102925,7602.09
102926,13421.9
102927,17706.33
102928,11201.56
102929,6959.15
102930,13365.67
102931,9415.89
102932,9704.7
102933,7746.61
102934,9457.84
102935,7043.56
102936,9662.11
102937,10714.67
102938,13865.4
102939,10559.5
102940,15393.77
102941,12861.83
102942,8754.85
102943,13201.68
102944,7192.07
102945,10208.58
102946,13269.07
102947,11075.18
102948,9648.82
102949,10340.88
102950,11015.85
102951,12197.88
102952,10607.77
102953,9156.35
102954,9226.8
102955,10755.99
102956,10898.31
102957,13345.05
102958,14968.96
102959,8333.92
102960,7284.52
102961,3928.4
102962,12141.87
102963,11637.5
102964,10705.28
102965,10221.93
102966,13779.46
102967,15681.81
102968,14898.27
102969,11339.66
102970,12838.83
102971,7889.61
102972,10445.08
102973,9013.87
102974,12651.0
102975,10403.38
102976,8204.95
102977,8138.63
102978,5426.32
102979,5761.72
102980,9580.45
102981,4662.21
102982,10304.78
102983,17274.19
102984,12931.72
102985,11069.18
102986,19554.23
102987,7274.02
102988,11913.51
102989,10261.91
102990,4109.9
102991,12105.5
102992,5835.72
102993,11894.67
102994,6302.8
102995,6499.34
102996,9678.1
102997,9457.39
102998,11574.91
102999,5078.01
103000,13176.93
103001,6921.63
103002,17645.28
103003,14340.64
103004,11593.58
103005,10090.38
103006,14785.83
103007,10333.15
103008,11471.46
103009,6948.72
103010,4452.71
103011,3980.73
103012,15343.59
103013,7272.41
103014,9408.76
103015,6655.88
103016,10101.39
103017,4443.89
103018,15406.12
103019,6644.5
103020,9448.92
103021,14425.08
103022,13561.11
103023,6069.09
103024,10346.89
103025,9731.13
103026,11682.66
103027,14628.17
103028,11499.99
103029,13924.16
103030,7383.67
103031,10170.03
103032,10468.22
103033,6919.26
103034,8041.95
103035,11046.78
103036,7903.04
103037,24960.89
103038,15406.12
103039,12585.09
103040,6688.26
103041,11362.02
103042,14972.03
103043,10035.54
103044,7888.94
103045,15538.79
103046,13017.89
103047,5814.63
103048,8346.22
103049,15307.59
103050,18475.46
103051,5409.69
103052,16005.97
103053,8619.84
103054,10962.69
103055,9933.47
103056,11587.9
103057,13240.97
103058,12997.47
103059,8355.5
103060,4335.32
103061,17602.61
103062,7280.93
103063,8330.65
103064,4839.84
103065,9862.41
103066,9664.45
103067,15573.19
103068,6472.02
103069,6606.34
103070,6999.94
103071,8711.58
103072,19563.01
103073,7218.99
103074,10828.36
103075,8188.13
103076,12033.84
103077,4646.72
103078,15878.88
103079,18211.97
103080,7987.33
103081,5413.46
103082,7494.97
103083,7266.59
103084,10496.3
103085,11519.16
103086,7424.03
103087,5271.99
103088,13668.34
103089,6094.95
103090,9959.43
103091,6932.72
103092,11002.9
103093,13703.86
103094,8667.06
103095,10080.43
103096,7748.41
103097,9011.57
103098,8079.72
103099,9742.69
103100,9373.6
103101,13064.4
103102,8604.1
103103,14111.26
103104,7249.5
103105,15587.02
103106,14616.09
103107,12589.41
103108,18375.14
103109,7215.2
103110,12962.05
103111,8904.58
103112,9278.15
103113,4849.66
103114,7479.75
103115,6896.31
103116,5103.58
103117,9311.23
103118,3808.3
103119,7884.26
103120,8076.85
103121,6962.05
103122,6869.88
103123,10389.62
103124,13505.62
103125,12097.8
103126,7489.96
103127,14334.67
103128,11189.21
103129,8120.34
103130,9947.79
103131,10048.99
103132,15434.45
103133,10501.15
103134,11225.99
103135,14286.94
103136,8443.7
103137,8209.96
103138,11493.18
103139,8044.02
103140,5244.96
103141,9507.15
103142,10626.88
103143,7122.91
103144,7960.39
103145,10988.49
103146,8471.49
103147,7242.19
103148,13851.89
103149,15406.12
103150,12075.9
103151,12304.92
103152,6853.1
103153,9582.34
103154,10309.2
103155,7448.52
103156,8311.04
103157,18154.0
103158,8330.32
103159,15625.3
103160,15056.6
103161,13543.62
103162,8847.69
103163,9636.6
103164,9025.64
103165,7498.93
103166,6773.59
103167,16565.52
103168,11688.91
103169,10556.69
103170,12508.84
103171,8495.98
103172,11095.93
103173,13327.64
103174,9484.83
103175,10567.64
103176,11906.68
103177,10967.03
103178,8400.34
103179,7899.44
103180,3426.36
103181,10636.01
103182,15192.44
103183,8206.62
103184,10281.98
103185,9277.44
103186,10070.3
103187,10147.31
103188,7367.65
103189,8193.44
103190,11844.78
103191,7276.13
103192,14074.28
103193,9725.28
103194,12752.23
103195,12007.33
103196,10654.16
103197,8549.5
103198,6753.32
103199,6666.72
103200,10876.2
103201,11393.22
103202,7245.88
103203,9609.78
103204,6526.44
103205,16730.28
103206,15451.2
103207,12341.78
103208,6150.76
103209,10014.02
103210,7562.68
103211,5458.1
103212,9783.58
103213,12868.23
103214,9817.78
103215,12475.58
103216,7298.92
103217,8373.98
103218,12352.2
103219,18542.15
103220,10860.38
103221,12292.73
103222,8197.86
103223,11874.2
103224,7376.22
103225,7266.78
103226,12908.82
103227,3820.13
103228,11093.98
103229,15727.1
103230,6943.21
103231,11310.98
103232,9879.87
103233,14618.9
103234,7495.32
103235,3554.31
103236,15406.12
103237,13409.27
103238,10242.91
103239,13667.57
103240,7671.95
103241,10166.2
103242,10683.98
103243,7077.27
103244,16165.42
103245,7554.06
103246,10187.49
103247,13408.71
103248,6891.01
103249,10122.93
103250,8318.75
103251,13535.86
103252,9526.71
103253,6487.34
103254,11211.42
103255,9693.17
103256,11621.1
103257,7201.82
103258,13145.19
103259,8598.23
103260,8045.03
103261,9819.33
103262,13753.97
103263,8463.72
103264,15406.12
103265,9914.95
103266,17113.32
103267,6162.26
103268,10061.59
103269,16662.83
103270,12333.21
103271,5828.26
103272,7456.85
103273,9965.34
103274,7085.03
103275,11103.38
103276,8947.79
103277,11973.91
103278,5162.62
103279,12242.63
103280,8323.76
103281,8201.54
103282,10874.82
103283,11190.0
103284,8684.06
103285,11244.73
103286,11002.78
103287,6738.37
103288,7767.83
103289,12058.25
103290,11462.79
103291,10310.02
103292,9901.92
103293,13596.87
103294,17906.34
103295,10556.69
103296,2943.56
103297,6078.33
103298,7940.44
103299,10300.16
103300,7745.67
103301,9697.66
103302,12092.09
103303,17322.31
103304,8276.2
103305,8217.0
103306,15406.12
103307,4871.18
103308,6928.51
103309,9055.27
103310,15166.15
103311,4763.29
103312,7060.24
103313,10463.42
103314,9934.77
103315,5539.43
103316,11281.07
103317,10026.01
103318,9587.62
103319,14185.23
103320,6144.05
103321,15277.46
103322,10902.98
103323,9021.67
103324,9552.59
103325,7185.7
103326,12108.85
103327,7821.17
103328,8435.92
103329,10661.83
103330,11125.44
103331,13026.4
103332,11727.97
103333,13505.32
103334,12685.38
103335,13024.51
103336,11155.26
103337,8493.67
103338,8704.36
103339,6345.41
103340,15790.83
103341,6238.24
103342,9573.11
103343,9670.92
103344,9580.7
103345,10632.05
103346,10890.48
103347,14731.57
103348,13859.95
103349,9961.25
103350,7210.0
103351,10297.31
103352,8575.82
103353,5658.89
103354,10037.11
103355,7505.08
103356,10074.05
103357,7298.69
103358,13533.26
103359,9839.68
103360,4184.79
103361,13038.18
103362,6979.17
103363,10325.83
103364,11545.73
103365,11638.86
103366,14270.6
103367,15785.99
103368,15213.08
103369,9195.39
103370,12311.26
103371,10145.51
103372,12078.52
103373,17645.28
103374,17014.49
103375,7406.86
103376,6042.1
103377,8115.1
103378,8150.23
103379,9570.48
103380,7128.23
103381,8822.65
103382,9966.66
103383,7958.27
103384,11180.46
103385,17852.95
103386,7294.99
103387,15757.73
103388,10066.69
103389,9281.66
103390,12434.75
103391,9209.63
103392,9229.53
103393,13042.58
103394,14321.13
103395,11223.13
103396,10141.25
103397,9431.09
103398,2139.79
103399,9791.24
103400,6933.91
103401,13975.6
103402,9336.62
103403,8054.47
103404,7796.05
103405,13240.16
103406,10563.74
103407,14893.01
103408,6300.32
103409,10658.21
103410,10680.57
103411,7399.59
103412,11578.5
103413,7822.37
103414,12879.49
103415,7374.58
103416,12111.76
103417,5773.37
103418,10429.55
103419,7302.29
103420,9061.99
103421,10760.96
103422,7908.35
103423,15556.09
103424,14578.61
103425,8334.13
103426,4803.86
103427,7639.71
103428,7726.94
103429,15406.12
103430,13320.78
103431,9733.08
103432,9239.13
103433,10387.64
103434,6446.02
103435,8523.44
103436,6148.69
103437,7842.31
103438,11488.65
103439,14104.28
103440,10680.03
103441,12155.28
103442,7016.71
103443,10228.71
103444,7449.03
103445,17577.82
103446,10901.27
103447,7990.92
103448,13378.65
103449,4685.84
103450,10532.54
103451,14504.51
103452,10630.33
103453,10783.07
103454,16005.97
103455,9504.88
103456,9325.18
103457,18334.77
103458,8233.56
103459,9909.84
103460,7345.85
103461,12987.26
103462,6934.45
103463,10556.69
103464,10738.1
103465,9537.16
103466,13962.73
103467,14472.74
103468,11225.56
103469,10445.71
103470,11566.8
103471,10731.35
103472,7828.07
103473,7269.71
103474,8727.58
103475,12602.76
103476,12689.82
103477,13576.87
103478,15188.16
103479,19123.63
103480,18781.71
103481,8804.48
103482,9740.73
103483,10690.54
103484,8983.58
103485,8974.94
103486,7646.9
103487,14537.86
103488,9961.44
103489,6608.21
103490,12722.83
103491,9882.92
103492,18555.92
103493,13453.47
103494,15015.33
103495,15691.35
103496,10727.66
103497,11047.61
103498,14621.24
103499,11296.43
103500,10758.15
103501,19113.88
103502,8247.71
103503,13042.58
103504,15633.0
103505,4269.99
103506,7564.5
103507,11893.4
103508,15540.05
103509,12394.1
103510,10296.8
103511,13480.25
103512,5631.79
103513,8467.9
103514,9857.78
103515,11600.59
103516,18346.12
103517,7256.29
103518,8678.95
103519,7764.07
103520,5523.88
103521,15192.19
103522,17406.51
103523,14622.6
103524,8398.96
103525,5865.06
103526,6585.07
103527,10616.87
103528,4633.72
103529,10052.27
103530,13499.09
103531,10181.79
103532,11700.65
103533,7624.72
103534,11448.05
103535,7293.37
103536,11339.22
103537,14385.36
103538,12516.48
103539,14461.79
103540,6892.75
103541,7565.52
103542,10287.77
103543,14705.7
103544,7288.56
103545,12248.46
103546,13558.91
103547,15604.95
103548,8532.53
103549,7104.61
103550,12206.18
103551,12036.93
103552,11186.03
103553,17898.28
103554,8072.67
103555,10887.69
103556,10502.11
103557,12673.81
103558,17813.07
103559,7495.32
103560,6422.87
103561,10600.98
103562,16227.88
103563,12785.14
103564,12767.86
103565,3887.97
103566,2926.61
103567,13968.08
103568,13517.67
103569,14761.31
103570,7762.19
103571,8354.2
103572,6581.46
103573,9438.36
103574,13977.24
103575,5620.11
103576,16028.17
103577,12761.62
103578,4665.36
103579,5867.41
103580,14708.27
103581,11191.45
103582,10006.1
103583,17235.41
103584,10150.23
103585,7897.95
103586,15289.36
103587,8778.75
103588,7818.7
103589,10629.51
103590,10501.15
103591,7154.18
103592,6064.66
103593,10299.73
103594,10668.01
103595,4267.21
103596,13461.55
103597,10304.3
103598,13348.17
103599,9371.66
103600,15598.26
103601,4705.42
103602,11758.11
103603,15345.01
103604,6498.23
103605,6193.85
103606,12811.96
103607,7082.36
103608,10008.34
103609,12518.04
103610,11933.43
103611,13560.63
103612,2704.31
103613,12821.96
103614,10966.67
103615,9989.29
103616,6110.55
103617,11190.0
103618,13992.34
103619,15244.76
103620,13283.26
103621,9240.64
103622,9643.9
103623,10234.68
103624,7947.32
103625,14533.77
103626,10855.17
103627,22539.53
103628,14769.64
103629,21649.29
103630,7639.41
103631,3144.21
103632,14044.53
103633,9227.93
103634,9700.42
103635,10556.03
103636,2958.09
103637,15406.12
103638,9699.18
103639,17484.01
103640,5524.42
103641,12143.71
103642,8237.11
103643,9755.8
103644,10188.57
103645,11192.68
103646,7263.18
103647,10940.01
103648,9257.3
103649,11911.58
103650,11910.25
103651,18082.19
103652,9319.58
103653,11764.77
103654,17869.92
103655,9535.31
103656,10633.67
103657,11701.27
103658,5835.73
103659,11566.22
103660,9965.44
103661,13353.07
103662,11509.78
103663,7009.33
103664,11548.06
103665,13555.29
103666,7837.75
103667,7473.9
103668,6102.57
103669,14662.41
103670,15618.33
103671,6920.37
103672,10488.08
103673,8440.15
103674,7348.19
103675,15385.22
103676,8929.63
103677,7163.17
103678,5482.39
103679,8886.08
103680,7872.9
103681,13310.56
103682,10538.12
103683,11690.63
103684,11639.01
103685,8322.63
103686,7845.84
103687,7556.81
103688,19726.69
103689,14546.59
103690,8206.66
103691,6639.27
103692,6603.31
103693,9090.99
103694,15990.46
103695,12253.8
103696,11625.28
103697,7401.02
103698,6914.76
103699,12143.02
103700,16834.94
103701,15624.17
103702,7023.81
103703,13533.26
103704,14672.72
103705,17376.76
103706,4280.55
103707,8521.05
103708,10061.9
103709,12525.13
103710,9891.99
103711,9334.04
103712,13492.18
103713,8984.08
103714,11040.41
103715,10563.78
103716,15210.83
103717,16151.4
103718,14031.03
103719,11414.56
103720,10253.31
103721,9721.06
103722,12662.78
103723,10046.57
103724,8150.14
103725,14955.38
103726,9614.62
103727,9733.09
103728,10079.94
103729,15788.62
103730,11137.77
103731,13495.1
103732,14733.12
103733,10199.43
103734,6670.41
103735,17138.11
103736,8852.97
103737,12954.97
103738,13893.9
103739,16847.15
103740,6306.12
103741,11419.01
103742,7568.52
103743,5069.75
103744,10011.07
103745,11088.29
103746,6009.31
103747,4878.31
103748,13685.75
103749,7664.03
103750,11296.43
103751,12226.92
103752,16337.23
103753,7527.53
103754,11478.2
103755,9996.97
103756,7875.61
103757,15676.35
103758,8919.66
103759,6885.87
103760,10004.15
103761,7425.08
103762,7280.12
103763,11057.05
103764,16114.39
103765,10295.76
103766,8185.77
103767,12781.03
103768,14074.78
103769,10908.24
103770,8051.9
103771,13107.72
103772,12553.73
103773,7494.51
103774,15240.06
103775,7299.37
103776,8145.29
103777,13978.79
103778,6980.27
103779,6891.43
103780,20489.37
103781,7431.7
103782,8185.56
103783,10341.06
103784,11852.09
103785,5289.09
103786,11190.0
103787,7255.79
103788,11620.55
103789,10438.82
103790,7950.36
103791,10037.13
103792,17145.59
103793,10933.93
103794,14579.48
103795,9650.51
103796,12785.49
103797,3189.85
103798,12150.99
103799,6279.8
103800,13454.03
103801,10556.69
103802,9907.83
103803,10815.17
103804,8496.9
103805,7255.93
103806,10330.57
103807,11936.8
103808,8654.74
103809,12881.15
103810,14614.1
103811,10504.1
103812,5542.56
103813,5541.05
103814,12120.68
103815,8717.96
103816,7950.82
103817,10866.42
103818,2671.08
103819,4456.17
103820,5860.25
103821,6786.84
103822,14846.33
103823,7262.04
103824,11651.52
103825,8871.06
103826,6323.58
103827,11677.15
103828,8528.59
103829,19219.22
103830,11642.23
103831,11230.65
103832,11321.43
103833,6468.88
103834,10760.96
103835,9757.56
103836,14197.17
103837,20489.37
103838,9930.62
103839,9457.21
103840,11601.52
103841,7650.68
103842,13558.76
103843,8488.57
103844,9735.4
103845,15310.49
103846,11174.61
103847,10267.66
103848,10357.4
103849,10688.51
103850,13130.35
103851,8242.9
103852,8440.55
103853,5786.86
103854,14000.92
103855,13260.55
103856,13579.7
103857,9047.5
103858,12015.61
103859,5158.35
103860,10085.72
103861,14814.89
103862,12132.16
103863,12824.55
103864,8949.7
103865,10512.13
103866,6534.25
103867,10556.69
103868,6802.79
103869,8092.56
103870,10386.71
103871,7211.72
103872,7977.04
103873,6990.87
103874,6167.51
103875,10556.69
103876,15199.29
103877,13780.46
103878,9098.14
103879,9589.91
103880,9899.86
103881,14969.34
103882,7964.64
103883,12082.04
103884,10567.52
103885,11475.55
103886,9760.19
103887,10571.65
103888,8107.7
103889,10485.87
103890,13533.72
103891,11301.8
103892,16849.85
103893,5073.19
103894,12094.53
103895,8682.86
103896,3246.17
103897,16192.37
103898,12190.47
103899,10003.31
103900,7034.6
103901,13871.03
103902,10731.35
103903,10713.32
103904,11272.27
103905,9452.16
103906,6819.41
103907,11060.99
103908,8276.15
103909,14515.93
103910,11500.75
103911,8541.16
103912,15920.5
103913,19746.22
103914,10600.54
103915,7984.57
103916,15180.48
103917,6585.83
103918,12405.86
103919,10621.4
103920,7448.19
103921,7790.32
103922,16366.38
103923,4944.81
103924,10394.67
103925,10243.93
103926,6047.85
103927,11200.3
103928,9668.05
103929,10274.99
103930,7064.01
103931,10815.29
103932,7830.8
103933,7698.41
103934,10606.6
103935,11117.0
103936,11241.29
103937,2542.35
103938,11653.24
103939,7852.17
103940,11157.48
103941,17266.03
103942,12026.64
103943,7848.94
103944,7834.5
103945,6569.98
103946,8236.01
103947,15974.1
103948,11105.66
103949,11332.41
103950,7668.99
103951,7812.78
103952,13703.85
103953,12087.91
103954,9395.19
103955,8513.61
103956,12286.26
103957,7574.43
103958,10143.43
103959,7583.49
103960,11394.39
103961,11858.49
103962,11308.58
103963,13267.01
103964,8944.76
103965,6041.72
103966,15889.95
103967,8277.76
103968,10624.48
103969,9777.98
103970,6132.75
103971,11426.72
103972,9538.7
103973,6496.26
103974,6786.85
103975,10494.01
103976,10596.46
103977,14027.13
103978,11403.74
103979,13584.16
103980,13293.77
103981,9644.04
103982,8708.98
103983,14894.19
103984,6871.48
103985,8427.14
103986,13176.51
103987,2550.92
103988,5127.88
103989,8927.52
103990,10598.73
103991,7853.97
103992,13900.95
103993,23808.22
103994,13025.03
103995,9583.98
103996,19488.79
103997,24899.45
103998,30105.77
103999,21896.95
104000,10575.35
104001,19488.33
104002,27788.7
104003,9354.05
104004,10312.55
104005,19571.46
104006,13968.89
104007,20486.5
104008,19246.98
104009,9311.71
104010,10054.39
104011,14143.83
104012,20266.7
104013,20197.97
104014,19465.5
104015,13858.04
104016,9902.4
104017,28663.05
104018,45077.09
104019,11368.74
104020,22089.18
104021,27985.33
104022,22558.64
104023,12588.77
104024,32022.13
104025,7912.47
104026,9636.78
104027,20854.71
104028,24265.05
104029,17736.46
104030,15532.04
104031,19157.08
104032,15418.35
104033,14359.99
104034,27964.04
104035,20075.26
104036,12314.25
104037,15290.03
104038,8577.79
104039,5766.92
104040,10421.92
104041,11841.92
104042,23046.98
104043,15141.28
104044,18886.29
104045,20581.34
104046,22265.46
104047,28577.27
104048,13460.49
104049,18627.26
104050,8715.56
104051,8801.66
104052,16799.64
104053,8622.67
104054,31591.99
104055,13813.06
104056,17654.57
104057,9825.67
104058,21207.52
104059,12398.93
104060,38296.02
104061,15038.02
104062,9482.9
104063,9347.86
104064,23252.21
104065,25740.28
104066,20640.14
104067,12328.22
104068,13396.61
104069,10647.82
104070,8403.64
104071,21397.84
104072,22232.77
104073,11276.29
104074,17631.8
104075,13957.79
104076,18662.44
104077,7024.28
104078,17334.05
104079,14950.97
104080,4544.81
104081,9919.21
104082,7590.26
104083,28047.6
104084,17591.23
104085,12964.51
104086,18519.13
104087,9586.3
104088,14057.77
104089,21331.26
104090,14274.93
104091,10928.68
104092,31522.99
104093,19645.57
104094,6574.03
104095,16861.07
104096,15725.12
104097,13621.18
104098,8486.76
104099,20472.24
104100,20076.2
104101,13099.69
104102,10240.69
104103,23196.99
104104,29952.61
104105,8970.62
104106,28443.71
104107,12979.46
104108,10452.13
104109,5775.74
104110,15961.03
104111,19572.87
104112,14887.78
104113,12889.24
104114,17524.66
104115,9712.83
104116,21207.52
104117,11206.07
104118,17262.72
104119,12167.07
104120,9638.58
104121,15198.94
104122,5686.27
104123,25311.88
104124,11434.22
104125,12071.49
104126,30135.54
104127,17148.31
104128,20493.21
104129,9564.34
104130,9952.74
104131,9900.53
104132,15832.26
104133,24303.29
104134,10417.51
104135,10213.13
104136,20042.79
104137,6447.15
104138,20540.99
104139,10372.89
104140,8779.51
104141,17640.55
104142,26374.02
104143,22973.88
104144,31277.26
104145,11630.3
104146,10647.42
104147,32156.07
104148,15813.4
104149,12954.22
104150,19212.27
104151,9822.16
104152,17229.2
104153,10155.41
104154,3698.4
104155,13656.65
104156,10490.95
104157,44064.78
104158,9927.18
104159,9292.47
104160,11422.2
104161,23929.01
104162,8845.07
104163,10064.62
104164,8486.27
104165,16982.63
104166,20517.31
104167,13952.77
104168,26075.55
104169,30032.12
104170,9147.23
104171,10320.42
104172,21954.85
104173,16325.86
104174,24791.57
104175,28735.45
104176,11015.2
104177,8197.29
104178,14598.6
104179,17122.26
104180,30970.84
104181,20864.66
104182,45146.87
104183,13658.18
104184,40081.69
104185,12777.74
104186,15548.73
104187,21228.83
104188,9767.53
104189,14961.67
104190,29585.27
104191,18324.76
104192,9632.15
104193,9475.37
104194,24283.11
104195,7717.8
104196,12590.41
104197,9374.19
104198,7943.64
104199,10650.35
104200,24481.95
104201,11983.23
104202,22240.66
104203,16330.73
104204,18491.22
104205,8764.08
104206,24696.59
104207,14753.89
104208,17660.66
104209,18358.35
104210,17655.91
104211,16323.16
104212,19485.59
104213,10675.71
104214,20180.33
104215,24858.71
104216,14918.86
104217,15562.6
104218,16116.36
104219,12940.55
104220,8883.75
104221,9990.49
104222,20423.68
104223,11188.31
104224,15485.28
104225,27985.54
104226,6673.05
104227,24336.61
104228,13414.41
104229,27636.73
104230,24948.4
104231,11347.24
104232,26035.84
104233,19918.28
104234,7936.18
104235,22927.71
104236,9131.31
104237,30153.9
104238,9036.01
104239,8842.02
104240,17517.54
104241,33484.82
104242,7251.37
104243,19616.12
104244,12234.25
104245,23891.65
104246,17866.4
104247,23265.49
104248,20395.84
104249,16632.06
104250,14424.53
104251,21713.42
104252,11976.97
104253,47131.77
104254,21898.77
104255,22205.02
104256,20803.89
104257,14753.89
104258,6082.7
104259,17835.43
104260,9208.48
104261,10396.76
104262,25743.07
104263,3355.23
104264,16170.93
104265,16288.83
104266,19602.57
104267,13206.74
104268,9961.06
104269,19843.2
104270,16998.79
104271,9226.62
104272,16323.87
104273,10356.26
104274,9380.66
104275,19782.77
104276,11991.78
104277,12835.99
104278,10961.85
104279,19289.24
104280,20964.9
104281,8792.47
104282,9580.33
104283,21092.05
104284,17552.54
104285,8816.58
104286,45044.41
104287,11686.32
104288,21077.12
104289,20551.52
104290,17930.55
104291,22358.64
104292,20971.23
104293,20996.94
104294,29351.21
104295,8866.66
104296,22559.34
104297,18168.06
104298,17075.42
104299,19345.08
104300,12731.81
104301,11324.73
104302,10022.48
104303,31309.05
104304,10607.23
104305,20455.19
104306,10414.27
104307,28189.74
104308,25842.88
104309,16764.39
104310,7227.09
104311,27730.44
104312,9059.37
104313,11526.95
104314,12341.87
104315,23627.44
104316,7979.37
104317,13170.56
104318,9327.02
104319,15442.02
104320,12224.72
104321,56647.87
104322,16982.82
104323,15769.57
104324,16632.65
104325,13446.62
104326,26946.23
104327,19473.5
104328,29000.06
104329,7773.73
104330,11040.88
104331,21614.32
104332,22447.49
104333,4601.72
104334,16739.29
104335,13087.21
104336,13120.11
104337,12096.63
104338,17083.64
104339,23431.53
104340,13092.02
104341,16539.14
104342,14029.81
104343,8953.29
104344,31263.82
104345,20772.94
104346,11179.06
104347,17623.34
104348,13526.74
104349,14407.78
104350,20223.43
104351,23472.65
104352,8598.62
104353,26567.62
104354,8293.13
104355,20367.23
104356,12869.65
104357,14461.79
104358,27083.46
104359,19828.4
104360,15808.09
104361,44621.93
104362,26189.08
104363,9658.79
104364,7730.37
104365,21999.8
104366,20545.93
104367,12356.61
104368,23631.48
104369,19667.85
104370,8397.45
104371,20238.47
104372,9198.56
104373,12136.15
104374,9298.51
104375,28743.42
104376,18946.38
104377,16422.8
104378,16525.55
104379,25750.88
104380,9876.73
104381,20987.89
104382,19468.94
104383,19765.16
104384,23710.36
104385,8835.79
104386,29701.29
104387,18324.9
104388,10652.13
104389,14699.2
104390,12886.41
104391,16111.55
104392,9980.91
104393,14610.71
104394,21829.81
104395,14912.64
104396,22266.9
104397,21368.66
104398,50602.82
104399,17944.23
104400,30353.62
104401,7305.15
104402,18555.19
104403,16532.56
104404,20650.69
104405,22217.69
104406,14886.67
104407,20194.95
104408,13046.35
104409,23996.83
104410,19991.32
104411,17869.45
104412,4827.02
104413,11011.96
104414,23450.47
104415,16731.17
104416,16885.98
104417,11680.44
104418,14757.52
104419,19834.55
104420,28801.83
104421,4240.17
104422,21107.1
104423,15885.95
104424,27440.82
104425,15853.47
104426,19065.09
104427,13706.26
104428,23149.79
104429,14073.67
104430,18670.61
104431,21952.57
104432,23546.62
104433,14787.75
104434,17934.7
104435,10264.37
104436,9833.76
104437,13531.18
104438,13068.92
104439,15274.58
104440,12142.69
104441,7720.55
104442,11894.21
104443,12326.66
104444,14519.83
104445,9538.82
104446,31833.5
104447,20293.1
104448,5505.03
104449,17313.85
104450,27192.8
104451,32365.25
104452,24859.84
104453,18658.21
104454,13615.87
104455,12720.01
104456,8552.23
104457,11988.68
104458,8071.94
104459,14918.86
104460,17801.61
104461,20650.92
104462,5457.78
104463,12336.43
104464,12723.07
104465,12029.73
104466,12383.72
104467,11673.48
104468,28108.23
104469,13282.46
104470,9933.23
104471,10704.61
104472,29420.32
104473,26391.98
104474,30565.07
104475,17035.78
104476,12776.02
104477,28099.07
104478,7675.98
104479,7415.59
104480,10059.93
104481,6555.72
104482,19722.05
104483,21452.02
104484,12762.49
104485,20210.83
104486,25580.88
104487,27483.91
104488,17641.33
104489,11831.05
104490,9000.99
104491,21765.59
104492,11858.4
104493,20563.29
104494,31280.77
104495,10636.97
104496,18829.65
104497,24791.1
104498,23149.44
104499,31075.55
104500,14258.76
104501,25094.89
104502,11930.15
104503,28605.77
104504,11178.61
104505,29343.99
104506,20864.82
104507,23161.66
104508,9209.95
104509,14243.46
104510,9499.04
104511,20342.2
104512,14395.29
104513,12527.09
104514,18740.86
104515,10903.63
104516,12756.99
104517,8324.78
104518,13476.9
104519,12114.19
104520,9549.29
104521,10019.49
104522,17250.54
104523,11398.56
104524,12264.68
104525,7303.33
104526,17917.25
104527,21359.38
104528,6779.41
104529,19925.3
104530,16099.11
104531,12365.34
104532,9660.4
104533,11651.56
104534,10492.33
104535,8362.8
104536,19700.31
104537,10604.45
104538,9248.66
104539,18736.72
104540,13594.96
104541,10576.01
104542,15046.87
104543,21422.47
104544,13464.26
104545,9291.52
104546,24384.17
104547,9767.7
104548,6299.1
104549,15994.41
104550,15111.91
104551,18225.91
104552,6691.31
104553,20849.65
104554,12262.11
104555,14928.47
104556,14429.55
104557,9629.38
104558,20470.24
104559,32556.28
104560,22490.94
104561,8039.11
104562,14610.97
104563,10937.86
104564,13083.37
104565,7622.63
104566,8423.72
104567,20938.15
104568,19226.64
104569,6125.54
104570,12208.07
104571,9132.65
104572,5440.23
104573,10607.72
104574,15819.91
104575,15077.57
104576,12998.33
104577,9346.21
104578,17262.59
104579,9600.36
104580,5676.66
104581,9628.15
104582,10014.09
104583,19416.67
104584,12284.18
104585,24123.15
104586,16888.52
104587,15456.28
104588,14787.75
104589,30790.1
104590,23304.02
104591,5633.44
104592,12388.41
104593,19082.87
104594,8843.22
104595,11042.13
104596,14441.98
104597,30460.28
104598,8703.87
104599,12052.53
104600,17857.73
104601,9280.67
104602,12811.91
104603,13188.04
104604,24559.54
104605,18797.28
104606,19442.8
104607,12580.74
104608,16569.98
104609,9822.85
104610,19672.92
104611,13122.44
104612,22950.56
104613,15478.04
104614,14798.57
104615,25910.98
104616,10720.81
104617,7048.67
104618,22929.01
104619,13983.68
104620,33575.12
104621,19613.31
104622,7061.46
104623,16113.66
104624,19696.94
104625,13605.15
104626,12780.6
104627,25685.46
104628,14694.83
104629,19726.78
104630,12988.58
104631,13319.92
104632,24420.36
104633,19580.99
104634,26193.34
104635,20341.81
104636,14491.86
104637,17183.37
104638,10161.09
104639,19901.68
104640,7515.37
104641,9460.07
104642,31980.87
104643,12654.28
104644,26081.52
104645,21307.57
104646,13200.0
104647,16506.81
104648,16268.57
104649,7012.88
104650,8870.75
104651,9683.78
104652,7174.11
104653,20254.58
104654,24701.74
104655,20772.53
104656,31936.84
104657,16662.02
104658,20763.24
104659,19737.33
104660,12274.59
104661,13510.45
104662,18229.6
104663,14287.08
104664,9410.18
104665,17526.22
104666,9646.46
104667,20192.56
104668,26074.16
104669,19562.61
104670,25540.78
104671,15926.05
104672,13324.02
104673,18317.2
104674,25218.91
104675,12735.97
104676,15191.42
104677,18227.47
104678,11848.99
104679,8602.84
104680,6098.25
104681,21107.1
104682,20622.8
104683,14445.57
104684,22439.44
104685,17090.68
104686,12162.72
104687,20672.58
104688,8754.3
104689,29275.52
104690,12088.29
104691,23191.13
104692,25415.07
104693,30694.3
104694,9429.55
104695,15366.67
104696,11781.08
104697,10879.72
104698,12402.73
104699,21031.75
104700,26129.96
104701,16864.87
104702,21998.96
104703,14918.91
104704,27005.16
104705,17555.91
104706,16259.53
104707,26816.91
104708,11454.75
104709,24140.11
104710,24886.62
104711,12903.14
104712,11663.13
104713,20384.43
104714,9581.97
104715,27864.77
104716,25785.63
104717,18900.3
104718,22018.51
104719,10527.1
104720,14451.1
104721,9705.21
104722,19694.71
104723,14538.04
104724,7419.25
104725,25790.2
104726,10988.17
104727,25127.1
104728,15819.15
104729,10166.93
104730,15935.08
104731,20510.95
104732,15664.37
104733,11053.24
104734,9903.36
104735,12117.13
104736,14516.87
104737,18995.23
104738,15625.12
104739,13727.69
104740,14628.25
104741,7284.14
104742,22326.69
104743,8015.86
104744,14992.06
104745,9603.68
104746,24396.8
104747,15236.3
104748,10954.16
104749,8249.21
104750,10544.37
104751,14395.97
104752,18605.48
104753,25910.75
104754,11248.81
104755,14055.1
104756,10350.87
104757,12701.91
104758,6545.18
104759,12296.25
104760,6957.12
104761,10497.44
104762,30098.17
104763,10427.27
104764,16464.94
104765,12057.12
104766,16780.51
104767,10767.29
104768,10752.02
104769,11875.06
104770,28783.35
104771,8907.49
104772,25749.67
104773,18931.28
104774,7703.11
104775,13349.19
104776,8680.18
104777,9244.45
104778,4063.25
104779,11240.68
104780,18118.49
104781,30417.31
104782,9890.92
104783,7475.62
104784,27199.33
104785,12815.88
104786,28680.47
104787,9813.11
104788,20367.23
104789,22137.67
104790,10509.74
104791,21412.58
104792,10184.64
104793,36593.08
104794,17698.77
104795,14827.84
104796,11789.43
104797,6493.51
104798,19550.55
104799,9171.98
104800,16628.8
104801,21969.23
104802,24578.2
104803,22878.79
104804,9734.94
104805,24241.1
104806,11551.68
104807,16132.53
104808,11328.57
104809,9773.54
104810,36312.6
104811,24538.3
104812,10549.77
104813,22441.33
104814,16902.25
104815,16802.41
104816,21121.05
104817,9045.55
104818,24123.42
104819,32275.8
104820,8291.29
104821,11204.55
104822,23470.13
104823,23689.33
104824,7402.54
104825,9245.16
104826,13169.65
104827,22027.56
104828,14677.3
104829,28015.93
104830,14020.65
104831,29278.76
104832,7156.22
104833,18828.51
104834,11290.37
104835,3963.34
104836,26985.17
104837,12644.41
104838,7816.17
104839,28086.41
104840,18898.3
104841,7552.17
104842,25861.17
104843,9559.41
104844,18812.32
104845,11326.48
104846,8491.6
104847,19314.16
104848,20130.78
104849,19713.91
104850,15987.16
104851,25770.77
104852,22447.4
104853,6818.31
104854,10110.33
104855,5665.91
104856,16016.86
104857,13591.36
104858,12517.29
104859,10818.37
104860,18994.79
104861,17868.6
104862,11840.62
104863,18359.91
104864,11723.79
104865,11766.15
104866,17757.29
104867,13985.48
104868,19945.06
104869,13783.71
104870,11858.89
104871,21107.1
104872,14861.15
104873,20818.77
104874,10560.82
104875,22139.38
104876,18004.34
104877,10269.75
104878,11087.79
104879,21015.95
104880,16342.26
104881,20994.84
104882,6152.03
104883,16296.2
104884,31671.0
104885,13056.15
104886,23410.71
104887,9304.11
104888,20207.91
104889,7240.42
104890,24974.88
104891,25751.04
104892,9252.43
104893,9980.91
104894,12566.48
104895,14178.86
104896,23625.77
104897,7315.57
104898,16170.18
104899,23148.82
104900,9339.69
104901,16685.68
104902,42926.63
104903,14774.13
104904,12274.41
104905,20815.4
104906,16708.26
104907,10928.42
104908,25171.16
104909,19851.85
104910,12654.05
104911,19557.18
104912,18065.37
104913,11945.7
104914,15815.36
104915,18596.42
104916,10782.7
104917,8045.7
104918,10213.09
104919,3033.29
104920,22562.78
104921,14970.79
104922,23572.82
104923,9422.38
104924,22548.86
104925,8168.85
104926,8876.64
104927,10340.49
104928,6640.1
104929,16493.63
104930,19293.41
104931,18321.24
104932,6956.09
104933,16108.22
104934,16120.57
104935,7158.21
104936,7525.74
104937,7439.27
104938,18226.33
104939,7673.03
104940,21004.89
104941,10447.49
104942,11790.04
104943,20176.64
104944,23473.63
104945,21323.68
104946,13071.56
104947,10352.09
104948,17847.99
104949,22270.86
104950,8270.85
104951,13551.13
104952,12018.29
104953,13237.78
104954,9389.68
104955,11447.32
104956,23174.06
104957,41032.45
104958,16075.73
104959,16877.53
104960,10396.65
104961,13300.56
104962,27101.32
104963,15181.19
104964,3509.42
104965,17154.27
104966,19423.5
104967,16244.56
104968,17905.76
104969,20204.13
104970,20112.06
104971,9914.87
104972,15478.55
104973,19562.07
104974,14317.06
104975,26894.69
104976,15695.25
104977,21209.94
104978,2904.22
104979,9244.92
104980,22510.23
104981,43587.12
104982,19224.85
104983,13247.94
104984,7253.67
104985,10590.92
104986,13530.99
104987,14518.29
104988,13483.14
104989,12258.78
104990,20716.5
104991,9424.57
104992,22394.8
104993,20870.8
104994,14500.49
104995,14496.27
104996,14432.38
104997,14662.09
104998,44543.68
104999,25400.67
105000,8598.3
105001,7032.83
105002,9474.41
105003,29182.45
105004,24809.92
105005,17457.83
105006,8840.79
105007,11686.74
105008,10785.79
105009,19723.38
105010,17394.18
105011,8407.95
105012,10335.01
105013,9075.73
105014,22278.76
105015,23605.46
105016,18055.38
105017,9964.59
105018,9340.36
105019,20874.13
105020,18640.25
105021,21141.49
105022,19537.62
105023,15702.01
105024,21422.71
105025,15454.14
105026,23045.2
105027,19791.0
105028,13374.04
105029,17895.86
105030,15697.87
105031,22182.65
105032,18217.83
105033,7487.05
105034,20407.55
105035,5913.0
105036,13474.22
105037,20964.31
105038,21160.04
105039,19560.01
105040,9214.79
105041,10738.37
105042,20431.43
105043,9342.52
105044,9497.33
105045,10046.05
105046,11386.26
105047,21485.22
105048,6427.1
105049,10257.76
105050,23120.38
105051,19986.38
105052,18435.17
105053,28744.25
105054,24497.3
105055,21561.23
105056,30252.59
105057,13382.16
105058,8519.96
105059,15872.1
105060,20085.13
105061,43350.34
105062,16695.19
105063,8964.15
105064,10366.89
105065,13123.24
105066,9133.03
105067,21100.95
105068,10192.92
105069,21440.57
105070,10396.09
105071,23065.49
105072,29123.33
105073,15421.86
105074,18606.08
105075,17459.1
105076,11869.91
105077,14645.6
105078,16722.74
105079,7788.15
105080,7218.95
105081,10349.38
105082,11950.26
105083,14801.32
105084,23533.26
105085,24329.32
105086,11378.18
105087,21919.31
105088,8101.56
105089,16437.02
105090,9238.49
105091,20457.24
105092,4828.72
105093,7790.57
105094,16721.87
105095,15053.29
105096,29205.47
105097,13693.11
105098,28733.42
105099,8635.67
105100,32507.81
105101,44732.53
105102,29389.74
105103,17955.08
105104,7680.73
105105,18873.65
105106,9404.09
105107,21605.55
105108,11656.5
105109,25320.85
105110,19164.5
105111,25144.33
105112,10902.72
105113,13353.65
105114,10594.27
105115,30860.73
105116,9051.41
105117,11467.63
105118,10488.22
105119,19314.16
105120,30946.73
105121,9290.78
105122,10029.92
105123,12835.41
105124,9856.82
105125,23778.38
105126,8132.3
105127,18909.85
105128,16220.32
105129,16512.97
105130,15811.91
105131,18673.76
105132,31423.93
105133,10850.34
105134,12285.92
105135,20906.94
105136,56480.22
105137,2921.17
105138,16063.37
105139,24828.17
105140,30049.68
105141,15277.9
105142,12125.76
105143,14444.07
105144,29675.84
105145,18136.43
105146,11167.41
105147,22735.93
105148,5585.58
105149,13522.76
105150,13499.01
105151,19058.66
105152,19890.42
105153,10574.89
105154,13312.4
105155,17181.56
105156,20189.22
105157,19574.45
105158,8768.32
105159,21142.99
105160,30404.7
105161,21156.12
105162,17127.46
105163,14172.97
105164,31773.03
105165,17342.39
105166,9781.31
105167,10311.17
105168,13071.23
105169,13104.46
105170,26194.64
105171,8236.56
105172,10219.61
105173,13201.33
105174,14344.66
105175,23790.69
105176,13487.32
105177,28015.04
105178,19680.07
105179,24501.71
105180,14295.57
105181,8986.53
105182,8039.97
105183,12950.1
105184,26457.73
105185,8492.16
105186,10419.56
105187,32303.94
105188,16582.32
105189,2935.13
105190,8761.4
105191,13811.53
105192,19529.66
105193,19201.32
105194,20192.81
105195,9756.53
105196,10059.97
105197,42050.21
105198,16468.05
105199,24593.48
105200,6644.2
105201,13831.45
105202,8631.12
105203,23441.31
105204,10523.09
105205,23957.85
105206,19715.48
105207,25191.37
105208,19975.22
105209,12206.44
105210,12122.37
105211,9014.26
105212,20145.03
105213,9719.29
105214,12749.11
105215,12366.89
105216,9530.99
105217,33075.84
105218,24579.18
105219,18210.67
105220,12557.16
105221,11875.2
105222,4600.4
105223,10187.87
105224,8764.02
105225,21137.17
105226,15826.99
105227,19271.08
105228,21913.23
105229,21878.41
105230,23802.36
105231,14877.94
105232,8412.22
105233,12609.36
105234,22721.46
105235,13490.24
105236,8273.46
105237,12989.4
105238,25330.48
105239,12423.71
105240,17412.15
105241,16565.85
105242,28025.77
105243,18047.53
105244,21963.85
105245,9527.54
105246,9778.08
105247,17463.62
105248,13161.33
105249,19584.44
105250,19011.36
105251,22090.29
105252,11598.64
105253,21150.96
105254,12553.36
105255,9654.7
105256,18859.05
105257,10536.88
105258,7988.18
105259,7066.13
105260,9490.56
105261,21098.31
105262,18607.73
105263,10009.29
105264,11827.98
105265,14216.87
105266,14097.52
105267,29116.84
105268,16803.51
105269,28726.5
105270,20724.14
105271,5818.6
105272,20243.47
105273,14175.5
105274,5008.25
105275,10881.33
105276,19862.13
105277,9055.87
105278,21309.25
105279,19260.2
105280,9988.06
105281,30012.4
105282,15322.29
105283,14440.18
105284,10197.8
105285,23988.13
105286,13519.76
105287,16025.15
105288,9913.02
105289,26460.21
105290,10679.03
105291,42680.06
105292,17385.01
105293,9042.75
105294,26168.62
105295,26816.02
105296,24019.2
105297,20599.09
105298,13841.9
105299,10091.87
105300,17087.4
105301,11010.54
105302,17201.51
105303,8243.08
105304,6756.02
105305,35051.21
105306,12432.66
105307,11820.63
105308,18992.01
105309,19940.37
105310,15423.13
105311,8920.58
105312,16779.51
105313,19343.87
105314,26862.92
105315,31663.93
105316,30102.36
105317,16762.15
105318,19987.66
105319,14090.06
105320,15773.95
105321,10697.36
105322,18918.47
105323,11190.4
105324,19815.46
105325,9262.92
105326,29348.85
105327,25875.8
105328,12371.4
105329,7323.98
105330,20118.63
105331,20336.91
105332,17573.1
105333,13811.0
105334,15760.35
105335,22521.2
105336,29454.29
105337,12584.77
105338,21050.85
105339,10212.52
105340,20700.26
105341,7106.67
105342,28207.18
105343,11365.61
105344,12666.67
105345,14481.64
105346,23278.99
105347,17762.77
105348,12200.93
105349,10353.92
105350,17701.83
105351,14541.86
105352,10497.95
105353,25515.2
105354,13037.82
105355,6338.2
105356,18782.15
105357,11518.27
105358,14299.98
105359,8656.19
105360,6623.7
105361,9661.14
105362,31251.58
105363,10264.85
105364,19086.24
105365,25171.48
105366,18569.46
105367,10421.61
105368,23593.5
105369,18731.25
105370,14957.67
105371,12647.29
105372,10216.51
105373,25526.62
105374,9208.19
105375,13019.88
105376,17486.3
105377,10328.46
105378,19619.56
105379,6466.05
105380,8884.69
105381,20491.75
105382,13097.7
105383,21066.11
105384,6116.84
105385,15411.22
105386,9471.45
105387,13061.69
105388,14879.47
105389,21918.8
105390,11605.16
105391,19375.78
105392,19596.01
105393,11699.84
105394,22294.42
105395,18994.46
105396,20871.92
105397,12026.72
105398,22552.15
105399,13860.11
105400,10206.35
105401,8152.09
105402,9606.06
105403,13858.13
105404,19883.3
105405,19453.31
105406,13397.81
105407,14570.46
105408,19194.15
105409,10609.63
105410,22033.83
105411,9059.14
105412,10511.81
105413,15965.23
105414,12378.19
105415,26562.54
105416,10473.14
105417,19973.19
105418,9733.23
105419,9986.02
105420,14439.57
105421,17418.88
105422,31480.37
105423,11451.69
105424,17083.1
105425,10060.14
105426,21962.89
105427,12531.65
105428,12704.59
105429,38616.89
105430,8167.81
105431,11782.77
105432,20387.19
105433,17031.01
105434,10282.12
105435,12073.27
105436,7624.81
105437,24172.3
105438,28253.57
105439,17583.26
105440,10038.01
105441,11682.52
105442,17923.32
105443,32160.1
105444,18671.28
105445,15730.68
105446,15821.2
105447,9666.51
105448,25043.48
105449,16067.35
105450,19856.38
105451,12430.55
105452,14389.48
105453,15277.67
105454,21578.35
105455,12027.09
105456,12916.1
105457,12280.22
105458,5891.2
105459,7168.66
105460,22150.76
105461,19962.11
105462,29815.51
105463,20743.85
105464,18829.56
105465,20537.6
105466,23653.27
105467,19288.32
105468,25361.35
105469,7837.38
105470,8487.76
105471,12939.63
105472,27918.95
105473,9752.47
105474,8775.64
105475,13433.92
105476,9782.95
105477,13949.74
105478,22217.69
105479,18754.53
105480,18986.9
105481,10057.15
105482,12745.15
105483,10981.42
105484,12522.46
105485,9904.18
105486,13866.32
105487,17646.03
105488,16723.09
105489,18126.71
105490,11877.24
105491,22613.98
105492,14617.08
105493,9010.33
105494,12925.69
105495,16082.2
105496,12246.37
105497,24760.45
105498,14109.73
105499,7734.36
105500,11610.44
105501,13005.75
105502,22865.49
105503,15457.31
105504,9145.22
105505,8144.56
105506,14387.33
105507,20502.83
105508,15463.01
105509,7335.48
105510,9990.22
105511,19784.97
105512,13230.74
105513,9543.93
105514,15614.34
105515,40558.3
105516,9552.65
105517,13207.41
105518,9909.14
105519,10500.44
105520,30031.06
105521,23076.36
105522,17106.79
105523,6532.15
105524,28226.08
105525,22384.7
105526,20737.67
105527,12638.04
105528,9790.73
105529,26858.23
105530,20567.12
105531,14764.4
105532,24818.63
105533,31374.19
105534,8543.47
105535,8274.98
105536,8288.99
105537,12798.5
105538,15454.25
105539,11963.27
105540,17755.81
105541,16176.9
105542,15240.15
105543,12213.59
105544,22266.11
105545,9308.74
105546,16744.99
105547,13500.56
105548,19366.52
105549,20098.05
105550,20137.96
105551,11290.25
105552,12087.35
105553,9797.37
105554,11409.42
105555,31644.48
105556,29756.57
105557,10310.46
105558,17372.54
105559,47209.8
105560,9137.3
105561,21411.23
105562,17045.76
105563,17698.9
105564,9219.71
105565,11654.22
105566,13303.48
105567,16908.3
105568,20412.59
105569,15230.99
105570,9859.49
105571,12760.36
105572,10173.45
105573,31983.56
105574,23189.25
105575,13787.72
105576,9247.61
105577,23728.02
105578,8411.52
105579,28183.16
105580,13433.5
105581,7981.21
105582,17178.72
105583,9405.27
105584,11244.97
105585,19912.03
105586,8023.28
105587,15130.42
105588,11285.45
105589,20838.55
105590,18895.73
105591,23819.64
105592,12542.92
105593,17128.63
105594,20180.75
105595,21349.16
105596,16566.72
105597,10470.34
105598,17317.14
105599,11020.98
105600,18478.62
105601,10708.39
105602,16066.48
105603,15027.75
105604,12111.41
105605,9408.75
105606,19750.74
105607,19099.64
105608,18437.76
105609,7406.05
105610,20894.81
105611,10645.12
105612,7494.62
105613,20731.16
105614,18242.98
105615,17945.94
105616,12691.99
105617,23997.23
105618,35069.68
105619,9359.77
105620,9363.4
105621,23287.81
105622,11428.2
105623,13032.98
105624,25300.22
105625,44202.91
105626,16644.29
105627,21267.02
105628,22655.56
105629,26416.13
105630,18149.24
105631,10450.43
105632,22452.38
105633,20098.18
105634,8906.46
105635,8336.19
105636,24315.69
105637,21662.97
105638,9584.87
105639,14892.9
105640,15129.46
105641,9901.97
105642,21011.59
105643,37525.94
105644,13742.8
105645,9330.62
105646,13507.68
105647,17832.82
105648,6591.2
105649,11021.88
105650,12997.13
105651,18706.55
105652,14204.6
105653,19528.8
105654,18362.68
105655,25087.29
105656,20028.23
105657,26665.03
105658,9503.02
105659,11732.75
105660,17634.89
105661,12692.77
105662,13979.86
105663,19448.57
105664,22250.25
105665,23366.83
105666,9753.35
105667,20719.74
105668,12705.95
105669,14866.65
105670,26411.86
105671,9755.34
105672,10215.44
105673,14011.69
105674,9577.99
105675,23457.69
105676,16410.0
105677,7541.22
105678,2724.51
105679,7688.79
105680,8231.44
105681,24874.25
105682,28325.72
105683,13879.34
105684,20337.09
105685,24206.34
105686,9591.48
105687,17664.8
105688,26745.53
105689,26600.94
105690,25327.98
105691,18371.21
105692,28623.7
105693,9556.09
105694,31277.62
105695,7786.62
105696,12263.93
105697,14480.87
105698,15001.41
105699,9498.52
105700,7689.21
105701,26676.24
105702,20305.17
105703,12626.15
105704,16762.22
105705,12801.0
105706,32506.87
105707,14365.07
105708,28723.88
105709,17131.15
105710,6545.18
105711,16180.96
105712,29159.07
105713,7934.81
105714,4885.67
105715,9525.12
105716,14201.01
105717,16756.11
105718,8406.4
105719,18791.51
105720,12664.22
105721,22723.24
105722,20033.06
105723,12695.36
105724,22162.23
105725,10920.73
105726,9970.19
105727,35142.96
105728,16516.63
105729,7953.7
105730,12594.04
105731,22176.07
105732,26326.73
105733,12306.91
105734,15661.18
105735,14465.22
105736,14672.96
105737,14443.54
105738,13357.19
105739,13297.47
105740,10539.55
105741,19820.65
105742,16234.94
105743,12143.35
105744,7396.61
105745,16705.5
105746,10366.89
105747,17981.74
105748,13557.63
105749,21498.09
105750,11367.22
105751,11564.41
105752,17474.31
105753,25822.24
105754,8938.21
105755,18072.22
105756,25189.35
105757,21715.68
105758,10022.32
105759,12799.33
105760,10418.55
105761,17204.9
105762,16874.4
105763,14537.43
105764,14335.99
105765,14962.82
105766,12380.5
105767,13342.66
105768,8784.09
105769,7715.89
105770,11176.65
105771,21156.52
105772,9337.25
105773,26309.18
105774,11846.67
105775,17727.92
105776,18059.04
105777,14370.42
105778,21493.89
105779,13242.3
105780,24824.43
105781,16507.22
105782,11540.6
105783,12745.11
105784,22166.55
105785,44183.64
105786,15615.08
105787,12322.84
105788,15628.97
105789,26398.81
105790,17572.09
105791,19957.64
105792,26437.28
105793,22503.61
105794,10297.18
105795,6285.41
105796,11323.71
105797,20723.28
105798,11501.93
105799,15939.52
105800,10595.39
105801,12936.37
105802,9809.63
105803,8935.04
105804,14988.75
105805,20251.62
105806,10026.43
105807,21397.04
105808,12993.22
105809,8474.3
105810,12087.77
105811,9907.16
105812,20877.53
105813,13296.61
105814,21904.87
105815,30791.11
105816,21035.52
105817,12069.19
105818,7137.45
105819,15114.43
105820,15574.5
105821,19726.01
105822,10896.13
105823,7325.13
105824,13410.32
105825,9943.87
105826,12142.68
105827,19329.12
105828,19872.2
105829,17151.81
105830,22164.55
105831,17117.94
105832,18433.16
105833,10430.49
105834,10932.9
105835,14860.82
105836,20260.04
105837,21077.12
105838,6932.15
105839,22768.48
105840,20264.42
105841,31270.5
105842,23041.0
105843,25873.76
105844,17315.01
105845,7680.47
105846,28065.8
105847,13008.69
105848,8958.07
105849,22248.89
105850,12683.96
105851,21686.32
105852,21519.98
105853,7100.4
105854,13364.78
105855,13318.12
105856,16746.29
105857,20608.88
105858,11994.37
105859,21231.01
105860,5499.89
105861,14391.79
105862,2488.62
105863,7949.99
105864,22710.37
105865,22140.2
105866,40005.64
105867,19428.86
105868,15737.25
105869,13011.26
105870,24004.81
105871,15979.97
105872,20771.14
105873,19185.34
105874,11451.03
105875,6949.2
105876,8941.53
105877,10080.25
105878,12848.62
105879,10810.42
105880,32057.36
105881,18538.05
105882,9805.1
105883,10782.2
105884,22833.56
105885,21294.46
105886,25330.75
105887,23501.58
105888,22375.1
105889,13104.51
105890,10202.48
105891,25242.3
105892,11634.22
105893,20539.31
105894,15774.51
105895,30500.59
105896,17524.65
105897,10982.25
105898,10878.29
105899,14412.37
105900,15135.47
105901,20571.0
105902,5001.36
105903,11412.66
105904,20049.3
105905,11063.9
105906,8640.7
105907,15314.74
105908,22660.74
105909,28294.54
105910,11142.01
105911,9254.92
105912,7738.01
105913,39229.7
105914,26405.01
105915,8894.94
105916,10456.5
105917,10194.87
105918,29889.2
105919,31958.07
105920,17994.71
105921,15349.34
105922,26923.89
105923,7661.62
105924,14429.37
105925,28267.1
105926,6301.88
105927,4550.21
105928,16059.93
105929,11799.1
105930,11958.1
105931,21249.0
105932,14390.08
105933,17214.66
105934,9436.47
105935,19383.33
105936,15395.15
105937,11642.67
105938,10768.0
105939,14577.96
105940,9489.41
105941,10954.86
105942,12212.5
105943,10320.32
105944,13708.84
105945,7828.58
105946,22512.71
105947,23352.59
105948,9027.5
105949,12112.63
105950,9692.59
105951,10310.42
105952,12358.58
105953,12075.9
105954,16363.24
105955,10079.71
105956,10704.61
105957,22615.14
105958,20148.61
105959,6162.76
105960,20875.42
105961,21781.53
105962,12765.27
105963,11883.81
105964,16280.71
105965,10242.81
105966,13502.66
105967,7768.4
105968,12875.96
105969,26810.0
105970,55706.22
105971,18363.14
105972,10366.18
105973,8576.71
105974,17351.76
105975,14502.41
105976,20452.15
105977,15514.36
105978,9803.08
105979,10714.48
105980,9891.88
105981,10548.98
105982,18559.41
105983,16910.59
105984,14635.41
105985,20341.81
105986,14482.87
105987,20482.54
105988,9672.34
105989,19388.55
105990,23069.24
105991,7471.35
105992,13898.47
105993,22491.61
105994,24224.45
105995,26129.16
105996,10204.22
105997,12196.21
105998,16795.47
105999,8582.96
106000,25246.35
106001,22435.95
106002,13795.07
106003,12840.2
106004,18962.7
106005,28603.76
106006,27700.83
106007,28564.79
106008,14325.51
106009,14258.6
106010,22496.8
106011,27625.88
106012,21182.6
106013,12384.42
106014,14677.13
106015,9399.76
106016,22294.23
106017,27636.75
106018,8173.17
106019,25002.39
106020,12274.02
106021,34517.24
106022,10904.69
106023,11822.4
106024,25282.22
106025,15181.19
106026,15220.44
106027,21016.3
106028,21862.89
106029,16194.07
106030,25365.4
106031,15852.59
106032,16533.7
106033,21034.14
106034,6833.38
106035,9454.29
106036,19072.16
106037,11191.14
106038,18688.62
106039,13342.06
106040,15692.65
106041,31559.78
106042,19916.46
106043,9112.78
106044,12236.5
106045,24565.69
106046,13754.3
106047,18177.87
106048,26619.22
106049,22120.41
106050,14381.94
106051,11878.27
106052,21455.67
106053,8794.5
106054,12353.61
106055,9196.5
106056,5523.51
106057,5235.69
106058,30037.42
106059,21956.53
106060,10911.88
106061,42039.38
106062,8467.73
106063,15749.37
106064,7547.21
106065,33274.52
106066,29411.34
106067,19441.65
106068,15272.79
106069,22194.3
106070,8915.04
106071,10959.79
106072,14384.37
106073,14095.96
106074,16846.23
106075,22723.56
106076,14535.62
106077,19391.48
106078,18803.46
106079,42032.83
106080,6402.12
106081,17503.25
106082,10407.77
106083,30266.06
106084,7785.0
106085,8458.86
106086,19161.79
106087,16761.55
106088,22939.32
106089,7945.82
106090,15805.43
106091,12051.13
106092,9721.24
106093,17890.55
106094,18787.25
106095,11613.74
106096,9833.05
106097,21375.66
106098,12040.87
106099,25466.66
106100,21873.37
106101,19169.76
106102,8985.42
106103,19941.11
106104,32096.16
106105,12199.47
106106,15445.46
106107,21151.66
106108,8700.37
106109,11775.6
106110,18115.06
106111,17835.77
106112,33511.74
106113,30401.42
106114,28276.09
106115,22683.7
106116,10373.14
106117,7166.19
106118,25609.89
106119,18571.53
106120,15384.27
106121,6404.26
106122,23256.62
106123,18785.93
106124,8111.97
106125,17178.54
106126,18490.51
106127,16220.79
106128,30000.16
106129,12636.17
106130,17608.22
106131,18717.66
106132,8952.72
106133,28750.49
106134,25483.08
106135,10149.26
106136,20029.57
106137,20222.11
106138,16553.0
106139,18169.32
106140,11331.72
106141,9188.77
106142,20177.81
106143,11962.47
106144,8650.44
106145,9919.57
106146,27995.75
106147,10529.03
106148,17979.69
106149,13530.13
106150,15389.77
106151,18981.26
106152,17485.16
106153,13244.09
106154,9992.57
106155,13855.87
106156,28612.48
106157,13694.98
106158,16579.88
106159,18563.22
106160,19268.83
106161,10085.52
106162,22626.88
106163,15364.05
106164,22473.52
106165,6120.55
106166,20593.52
106167,25822.5
106168,20466.88
106169,11643.23
106170,10065.17
106171,31734.49
106172,22388.72
106173,6767.45
106174,23607.84
106175,11716.09
106176,21130.13
106177,27477.84
106178,14082.2
106179,6950.19
106180,20896.39
106181,14462.17
106182,12950.83
106183,25971.15
106184,10711.63
106185,24381.56
106186,15915.6
106187,10670.11
106188,23040.66
106189,14035.17
106190,19313.1
106191,11216.14
106192,9117.67
106193,10646.3
106194,42904.73
106195,10206.15
106196,3104.05
106197,17580.64
106198,8158.27
106199,10144.33
106200,5829.67
106201,22818.6
106202,14674.68
106203,30287.75
106204,22119.49
106205,8136.04
106206,26070.1
106207,10635.38
106208,22476.87
106209,18276.44
106210,29909.77
106211,18969.55
106212,25594.04
106213,19903.34
106214,29932.66
106215,22358.39
106216,9103.7
106217,15063.96
106218,10873.5
106219,13820.13
106220,9703.19
106221,20837.3
106222,6314.38
106223,13961.79
106224,18401.01
106225,14668.39
106226,9987.36
106227,22709.71
106228,13693.12
106229,9132.6
106230,15862.79
106231,21164.21
106232,14918.86
106233,15137.78
106234,18553.68
106235,22765.32
106236,16158.49
106237,9065.34
106238,32628.29
106239,11116.71
106240,9712.41
106241,17712.84
106242,18599.66
106243,9495.77
106244,29828.1
106245,15271.71
106246,5836.78
106247,11798.75
106248,9784.35
106249,13850.62
106250,9211.39
106251,20604.31
106252,9329.16
106253,17886.75
106254,21733.66
106255,11736.89
106256,12785.56
106257,30267.34
106258,19957.27
106259,34728.21
106260,16832.57
106261,14172.22
106262,16437.44
106263,7601.24
106264,9250.59
106265,3227.89
106266,17030.05
106267,13538.75
106268,33775.35
106269,9037.98
106270,16832.04
106271,6055.53
106272,29925.87
106273,22658.95
106274,10903.49
106275,11960.66
106276,13924.65
106277,13201.57
106278,24659.91
106279,13437.96
106280,19931.82
106281,20561.2
106282,9766.6
106283,45143.91
106284,13553.0
106285,11602.95
106286,17141.71
106287,10680.9
106288,16128.23
106289,11384.2
106290,12487.48
106291,27362.72
106292,26131.16
106293,24849.15
106294,26769.85
106295,25519.13
106296,15338.51
106297,19448.49
106298,12395.78
106299,9473.1
106300,28038.92
106301,12651.42
106302,25164.66
106303,9332.42
106304,11789.83
106305,19953.67
106306,12600.56
106307,11488.9
106308,14609.65
106309,9244.6
106310,16062.12
106311,26051.8
106312,24073.52
106313,20805.17
106314,21878.07
106315,10576.56
106316,7994.64
106317,10310.42
106318,14757.79
106319,45822.83
106320,5758.99
106321,28283.72
106322,28824.4
106323,11638.65
106324,21422.49
106325,26525.14
106326,11432.52
106327,9002.77
106328,47404.64
106329,13196.39
106330,9343.28
106331,30181.99
106332,21505.84
106333,22175.54
106334,9720.72
106335,5903.82
106336,26282.3
106337,20870.5
106338,11444.91
106339,11531.69
106340,17638.2
106341,12230.24
106342,11216.98
106343,29070.57
106344,9165.1
106345,9869.69
106346,12071.77
106347,13387.99
106348,21214.56
106349,10254.46
106350,28081.56
106351,20207.91
106352,21378.03
106353,15514.15
106354,23732.21
106355,22274.95
106356,9744.42
106357,10257.81
106358,12843.24
106359,20926.19
106360,30833.6
106361,27228.7
106362,14981.87
106363,8232.58
106364,9711.33
106365,34917.36
106366,19528.49
106367,25446.4
106368,11356.54
106369,21186.34
106370,10625.55
106371,10375.89
106372,12585.42
106373,20317.66
106374,45675.12
106375,19573.74
106376,7650.08
106377,13854.97
106378,14588.33
106379,21231.03
106380,13087.91
106381,8920.71
106382,8516.15
106383,21233.1
106384,4182.39
106385,12006.64
106386,25746.3
106387,27681.58
106388,24480.57
106389,18787.86
106390,10965.25
106391,10266.56
106392,19333.55
106393,21815.97
106394,20301.45
106395,29956.43
106396,20417.29
106397,5612.67
106398,24424.9
106399,12365.7
106400,29720.42
106401,19911.74
106402,12146.91
106403,24524.6
106404,10535.94
106405,12353.15
106406,18075.14
106407,19364.25
106408,12363.49
106409,23122.5
106410,10060.61
106411,15371.6
106412,18368.52
106413,19484.53
106414,25049.72
106415,7807.63
106416,20579.24
106417,10704.61
106418,18684.83
106419,20469.57
106420,8922.54
106421,10846.87
106422,9417.67
106423,7927.37
106424,16472.1
106425,12476.51
106426,34105.89
106427,12270.01
106428,11833.13
106429,8818.96
106430,14908.73
106431,15007.81
106432,26570.1
106433,8451.84
106434,34904.96
106435,16686.3
106436,19246.3
106437,14177.21
106438,21083.95
106439,17622.21
106440,19315.98
106441,12247.84
106442,20571.14
106443,20070.01
106444,17223.49
106445,18505.26
106446,23255.26
106447,19822.66
106448,17685.1
106449,21741.57
106450,42634.96
106451,10004.52
106452,9293.42
106453,20577.85
106454,26970.82
106455,24195.65
106456,5211.26
106457,11990.4
106458,10325.99
106459,22508.82
106460,26162.66
106461,12548.2
106462,23207.34
106463,10346.52
106464,10449.62
106465,44711.86
106466,11601.91
106467,8007.8
106468,9428.58
106469,16627.97
106470,10476.78
106471,10836.72
106472,12999.46
106473,11478.49
106474,14479.26
106475,26275.67
106476,22182.93
106477,9032.25
106478,14768.82
106479,20198.64
106480,15262.04
106481,9409.1
106482,27374.56
106483,8440.83
106484,13612.1
106485,12219.71
106486,18945.44
106487,25200.16
106488,13150.78
106489,9169.84
106490,24461.42
106491,20729.27
106492,10767.77
106493,32452.14
106494,12433.82
106495,12007.84
106496,4792.3
106497,9983.93
106498,13887.29
106499,15951.62
106500,31408.83
106501,10033.51
106502,21598.6
106503,13482.96
106504,27201.81
106505,19665.99
106506,10023.23
106507,9312.51
106508,14779.51
106509,27149.91
106510,28498.57
106511,17710.17
106512,20925.62
106513,10282.28
106514,28970.14
106515,13656.65
106516,15131.59
106517,17589.33
106518,32689.81
106519,12130.13
106520,8800.08
106521,22945.51
106522,22885.68
106523,16168.7
106524,6886.96
106525,9621.98
106526,10806.91
106527,17176.43
106528,9608.22
106529,12316.73
106530,19665.03
106531,11742.65
106532,10574.79
106533,13601.89
106534,8369.96
106535,17449.47
106536,17549.81
106537,20068.85
106538,14961.34
106539,29192.99
106540,12377.91
106541,11886.39
106542,21854.23
106543,17148.95
106544,7319.03
106545,31285.27
106546,20064.64
106547,32571.76
106548,9377.95
106549,10922.01
106550,14918.86
106551,12089.03
106552,17598.99
106553,8740.47
106554,12209.13
106555,12466.24
106556,22518.24
106557,18443.84
106558,8135.69
106559,17401.31
106560,26782.52
106561,17886.17
106562,8506.83
106563,7421.51
106564,20557.92
106565,12015.92
106566,45485.37
106567,8492.24
106568,14529.36
106569,11779.8
106570,44166.07
106571,17284.18
106572,20303.54
106573,39239.48
106574,17287.94
106575,9294.35
106576,22762.99
106577,24948.5
106578,11877.48
106579,16252.51
106580,13210.97
106581,21890.46
106582,12272.27
106583,25483.08
106584,22160.35
106585,23164.33
106586,10239.3
106587,30511.04
106588,9261.39
106589,24299.2
106590,15171.31
106591,30711.73
106592,7151.27
106593,16271.99
106594,5711.79
106595,18883.55
106596,12753.89
106597,7498.78
106598,11362.74
106599,8868.03
106600,8201.16
106601,17182.12
106602,34457.35
106603,31875.97
106604,25269.83
106605,17304.24
106606,9409.0
106607,17684.42
106608,7033.43
106609,11442.42
106610,19364.19
106611,33817.39
106612,24340.46
106613,10541.14
106614,8540.43
106615,12870.54
106616,10957.65
106617,7784.95
106618,11382.72
106619,9509.36
106620,9400.87
106621,16431.15
106622,20465.77
106623,22577.27
106624,18906.31
106625,25018.49
106626,10698.03
106627,41783.59
106628,22431.43
106629,13322.69
106630,20976.08
106631,26866.42
106632,12241.74
106633,13122.26
106634,12923.06
106635,21122.6
106636,17481.62
106637,45010.96
106638,15236.73
106639,18022.3
106640,7164.6
106641,18184.44
106642,13574.42
106643,15688.71
106644,17121.02
106645,22038.28
106646,15755.76
106647,11058.54
106648,17032.97
106649,13274.1
106650,9613.79
106651,12198.76
106652,17478.93
106653,9313.06
106654,19263.08
106655,12946.67
106656,13824.93
106657,17384.19
106658,32407.24
106659,12220.63
106660,33007.01
106661,12745.11
106662,21282.17
106663,10198.53
106664,19547.66
106665,14464.21
106666,7177.24
106667,13500.6
106668,29669.29
106669,22783.88
106670,14443.38
106671,40669.71
106672,24412.63
106673,5627.38
106674,18648.44
106675,21333.55
106676,17885.9
106677,14473.79
106678,14738.78
106679,19768.69
106680,15680.55
106681,12789.14
106682,18804.68
106683,7947.17
106684,18067.01
106685,11431.93
106686,9880.74
106687,17375.76
106688,11132.07
106689,20284.45
106690,13501.8
106691,21943.52
106692,9531.19
106693,23386.41
106694,31000.63
106695,12179.39
106696,12982.99
106697,25115.9
106698,22352.25
106699,14773.15
106700,14705.17
106701,12552.78
106702,6282.87
106703,8521.3
106704,22235.55
106705,13553.61
106706,9319.67
106707,16074.93
106708,12156.54
106709,14183.28
106710,23049.73
106711,22985.27
106712,10158.22
106713,17397.9
106714,20587.8
106715,17716.2
106716,15023.77
106717,9496.05
106718,11868.81
106719,12351.3
106720,10189.43
106721,8692.41
106722,9819.43
106723,6333.63
106724,12011.75
106725,10420.08
106726,13521.13
106727,5715.11
106728,13111.62
106729,11496.39
106730,17373.88
106731,20450.57
106732,19984.39
106733,20627.89
106734,22325.36
106735,9926.53
106736,20141.35
106737,21997.47
106738,9225.65
106739,20194.84
106740,11111.68
106741,18904.94
106742,18608.36
106743,26048.99
106744,19307.8
106745,8809.39
106746,22812.69
106747,25187.86
106748,19727.84
106749,15612.42
106750,10082.74
106751,23022.79
106752,23554.51
106753,17105.5
106754,40005.64
106755,30603.35
106756,8783.35
106757,33266.94
106758,3034.24
106759,10193.01
106760,30377.38
106761,5829.24
106762,2501.63
106763,26212.88
106764,27034.61
106765,19194.94
106766,10490.6
106767,19126.19
106768,8876.91
106769,14993.68
106770,21435.89
106771,19215.78
106772,32097.29
106773,14889.54
106774,18225.91
106775,9267.57
106776,16866.59
106777,22153.31
106778,14151.09
106779,10468.29
106780,18389.6
106781,11948.59
106782,21375.19
106783,12247.26
106784,10559.95
106785,16126.68
106786,10064.62
106787,31435.15
106788,20981.67
106789,16531.63
106790,40611.18
106791,23490.14
106792,16209.02
106793,13236.36
106794,18776.73
106795,11786.1
106796,18360.31
106797,31454.58
106798,12323.86
106799,15985.45
106800,10315.9
106801,16476.98
106802,20123.97
106803,25206.07
106804,11234.14
106805,14460.29
106806,13433.46
106807,5513.11
106808,14586.32
106809,7063.68
106810,9770.85
106811,12039.72
106812,33855.83
106813,9685.27
106814,12149.89
106815,22486.45
106816,26595.72
106817,8606.43
106818,8557.21
106819,9977.62
106820,9461.84
106821,15080.28
106822,13644.51
106823,9892.03
106824,19258.43
106825,16780.86
106826,31637.86
106827,12828.92
106828,18048.8
106829,10771.84
106830,12888.54
106831,15988.09
106832,10656.56
106833,9030.98
106834,8386.73
106835,7100.61
106836,21264.77
106837,13172.16
106838,29901.82
106839,12082.27
106840,22827.15
106841,17343.57
106842,4632.15
106843,6203.85
106844,13935.48
106845,13965.33
106846,22614.76
106847,14525.47
106848,26360.2
106849,18503.57
106850,11960.54
106851,11867.72
106852,9674.06
106853,28226.1
106854,12120.0
106855,15022.15
106856,12873.59
106857,10497.44
106858,16880.47
106859,11974.9
106860,14797.74
106861,21954.85
106862,26011.16
106863,24859.32
106864,18868.32
106865,17508.61
106866,8977.97
106867,12130.13
106868,9740.39
106869,9247.61
106870,9943.84
106871,15455.62
106872,25294.49
106873,17077.38
106874,21120.97
106875,12140.23
106876,20083.7
106877,5555.39
106878,7156.48
106879,16890.77
106880,18367.78
106881,9484.35
106882,19447.83
106883,20080.91
106884,6837.35
106885,9295.43
106886,24364.72
106887,10456.33
106888,9467.96
106889,6356.39
106890,32725.23
106891,9052.7
106892,20526.09
106893,17429.51
106894,6116.77
106895,22790.2
106896,22333.58
106897,17215.96
106898,9774.92
106899,19695.36
106900,17697.85
106901,19075.26
106902,9949.62
106903,5460.0
106904,12246.27
106905,20744.58
106906,9589.32
106907,18215.76
106908,10137.78
106909,25139.32
106910,17666.78
106911,14946.55
106912,14823.31
106913,28684.25
106914,14664.91
106915,14810.83
106916,31027.55
106917,14732.48
106918,19195.42
106919,26310.1
106920,13029.45
106921,29925.87
106922,9143.62
106923,15128.96
106924,28437.68
106925,21467.61
106926,9419.85
106927,6618.14
106928,11738.11
106929,9339.86
106930,20353.65
106931,10207.28
106932,11247.61
106933,23743.37
106934,7089.89
106935,13170.06
106936,15499.5
106937,19287.47
106938,22785.5
106939,14235.05
106940,16942.05
106941,18267.98
106942,9361.54
106943,10391.51
106944,18967.75
106945,17303.03
106946,11851.71
106947,22953.96
106948,10899.44
106949,20565.5
106950,10746.47
106951,18364.42
106952,12388.37
106953,16585.85
106954,20561.1
106955,11263.2
106956,23934.1
106957,13491.24
106958,32899.51
106959,9532.6
106960,6687.91
106961,24442.05
106962,15758.4
106963,10272.32
106964,15086.44
106965,12457.18
106966,44062.34
106967,20574.61
106968,20758.84
106969,15607.0
106970,10335.01
106971,9981.16
106972,18717.19
106973,10457.18
106974,20823.04
106975,10115.35
106976,9699.7
106977,12585.94
106978,29279.18
106979,5727.63
106980,7565.19
106981,30002.24
106982,8116.75
106983,16355.72
106984,22685.25
106985,20923.44
106986,15578.64
106987,23109.94
106988,10137.5
106989,10486.14
106990,9091.96
106991,17289.62
106992,27860.77
106993,16037.72
106994,6866.96
106995,45167.1
106996,11992.13
106997,19506.02
106998,10536.71
106999,12581.83
107000,14681.94
107001,28870.93
107002,6566.98
107003,38739.58
107004,14003.01
107005,9012.54
107006,11596.0
107007,12504.06
107008,11949.76
107009,9579.92
107010,49609.98
107011,8968.85
107012,10282.79
107013,9150.46
107014,9848.34
107015,17209.68
107016,12245.77
107017,9262.88
107018,32688.59
107019,16711.35
107020,9913.46
107021,9642.65
107022,7261.87
107023,7405.53
107024,18478.28
107025,8570.28
107026,44869.81
107027,11863.25
107028,20463.94
107029,17208.1
107030,16292.01
107031,14025.92
107032,25442.47
107033,17406.9
107034,11689.51
107035,29132.43
107036,17587.38
107037,42031.39
107038,13663.02
107039,11437.26
107040,27936.83
107041,17174.68
107042,21353.04
107043,14939.08
107044,11955.69
107045,7310.98
107046,14231.88
107047,26665.18
107048,26556.37
107049,8413.97
107050,20869.91
107051,18540.37
107052,29194.93
107053,3900.78
107054,19747.3
107055,22574.64
107056,25039.99
107057,15337.01
107058,17600.99
107059,16646.79
107060,9572.69
107061,10867.94
107062,8560.23
107063,16690.72
107064,19973.71
107065,25226.2
107066,29930.02
107067,29191.9
107068,20521.82
107069,9810.29
107070,24760.01
107071,13729.55
107072,9219.01
107073,11133.89
107074,28238.86
107075,21489.24
107076,22120.41
107077,9565.8
107078,25483.08
107079,26977.64
107080,9745.32
107081,7060.57
107082,25869.76
107083,12405.39
107084,20298.45
107085,16771.57
107086,13265.28
107087,10904.06
107088,15051.68
107089,29840.78
107090,29956.28
107091,20193.27
107092,16394.46
107093,20511.46
107094,28834.83
107095,23363.7
107096,10214.28
107097,12368.25
107098,16073.91
107099,24275.97
107100,18929.6
107101,12235.2
107102,10285.73
107103,14137.59
107104,13323.23
107105,13557.44
107106,20296.46
107107,8430.64
107108,30213.09
107109,27225.96
107110,12319.08
107111,22750.34
107112,13576.27
107113,10366.24
107114,17763.24
107115,30225.64
107116,16708.11
107117,23320.87
107118,28499.73
107119,9808.05
107120,14153.24
107121,28753.32
107122,12090.19
107123,15701.02
107124,16937.38
107125,12004.3
107126,17363.08
107127,12274.03
107128,19674.41
107129,11423.57
107130,13632.09
107131,22851.18
107132,10346.67
107133,18151.56
107134,9776.55
107135,8790.23
107136,10533.76
107137,30003.04
107138,31462.24
107139,20706.63
107140,14957.08
107141,7314.6
107142,6223.85
107143,17950.4
107144,21371.27
107145,15089.96
107146,20444.35
107147,13635.59
107148,20869.0
107149,20575.79
107150,18774.83
107151,13557.06
107152,13837.73
107153,30733.6
107154,21653.3
107155,21792.99
107156,19373.8
107157,10356.36
107158,22255.51
107159,13694.98
107160,11593.91
107161,3803.91
107162,13240.07
107163,15313.37
107164,8515.75
107165,23182.34
107166,32534.92
107167,10006.85
107168,50461.46
107169,17434.45
107170,25151.62
107171,19850.33
107172,9928.75
107173,20819.97
107174,6692.69
107175,23925.35
107176,12305.56
107177,17495.02
107178,9226.65
107179,17660.68
107180,28503.48
107181,30573.83
107182,43986.27
107183,16814.74
107184,16848.11
107185,13863.11
107186,16786.26
107187,21962.82
107188,9087.3
107189,9109.62
107190,23478.23
107191,9227.25
107192,11277.03
107193,8287.36
107194,22766.69
107195,37220.36
107196,22784.06
107197,24024.06
107198,8975.53
107199,9556.07
107200,32276.5
107201,8297.06
107202,8668.09
107203,16590.05
107204,19441.62
107205,30205.23
107206,12526.91
107207,21501.67
107208,21114.96
107209,18693.08
107210,16178.4
107211,14694.65
107212,22358.07
107213,10302.76
107214,17778.04
107215,19886.9
107216,20858.13
107217,21087.31
107218,12194.18
107219,24333.55
107220,9718.32
107221,11328.34
107222,10703.89
107223,20257.79
107224,18539.58
107225,16199.9
107226,16031.61
107227,13583.24
107228,27239.98
107229,6606.68
107230,10345.16
107231,10311.17
107232,14474.6
107233,14562.69
107234,13484.14
107235,19090.22
107236,9805.3
107237,17598.59
107238,7852.18
107239,13155.19
107240,21503.13
107241,16199.62
107242,16136.1
107243,22163.47
107244,6581.35
107245,13710.71
107246,6268.83
107247,26724.43
107248,17566.51
107249,7605.69
107250,22132.56
107251,7326.97
107252,13835.98
107253,9705.98
107254,12543.01
107255,18066.95
107256,25423.61
107257,6619.21
107258,16935.68
107259,19876.69
107260,26024.07
107261,10184.44
107262,12667.33
107263,15394.76
107264,22213.21
107265,7909.81
107266,13708.19
107267,14689.49
107268,24552.23
107269,18715.25
107270,8243.51
107271,11236.46
107272,14095.74
107273,17805.07
107274,9656.4
107275,11351.94
107276,21095.04
107277,16940.03
107278,10689.21
107279,11001.81
107280,11929.86
107281,17632.01
107282,9924.42
107283,10331.73
107284,18326.3
107285,18495.02
107286,16902.58
107287,11620.65
107288,11253.19
107289,21331.67
107290,17453.08
107291,10632.66
107292,25534.71
107293,9538.96
107294,22999.86
107295,13458.29
107296,12737.44
107297,10347.98
107298,15139.17
107299,27066.81
107300,21493.14
107301,25371.04
107302,21680.27
107303,20295.74
107304,19744.93
107305,29397.3
107306,12940.35
107307,15687.29
107308,9210.21
107309,12813.97
107310,38669.92
107311,18536.84
107312,14679.6
107313,14268.48
107314,25868.83
107315,16958.05
107316,17695.33
107317,9220.67
107318,23182.34
107319,16691.43
107320,16630.29
107321,23773.31
107322,29995.51
107323,17163.0
107324,20373.96
107325,13982.36
107326,10943.65
107327,7064.3
107328,2829.82
107329,23727.78
107330,14745.43
107331,16829.32
107332,10553.19
107333,10101.92
107334,11606.49
107335,18253.8
107336,11905.66
107337,15150.74
107338,8297.33
107339,10419.71
107340,12194.7
107341,13240.45
107342,8899.84
107343,20562.98
107344,33901.31
107345,20215.88
107346,12624.1
107347,21501.67
107348,13266.65
107349,14760.54
107350,19479.25
107351,15260.21
107352,24858.34
107353,36063.65
107354,8504.42
107355,30724.71
107356,10064.25
107357,13133.5
107358,14461.22
107359,19560.61
107360,19628.64
107361,24221.63
107362,9340.09
107363,29817.73
107364,7312.32
107365,12235.2
107366,11831.46
107367,24989.93
107368,9030.85
107369,8943.4
107370,9855.58
107371,44765.02
107372,17673.09
107373,15830.26
107374,6431.49
107375,19754.46
107376,21077.52
107377,15023.56
107378,17858.23
107379,30458.51
107380,8926.29
107381,19528.49
107382,7151.81
107383,12936.28
107384,17344.62
107385,18973.35
107386,11434.85
107387,23981.22
107388,12786.86
107389,6605.38
107390,24051.12
107391,12413.24
107392,8378.02
107393,11031.38
107394,9407.41
107395,13135.93
107396,7621.44
107397,24827.25
107398,25029.86
107399,16051.42
107400,29323.98
107401,27190.78
107402,25063.43
107403,19817.17
107404,17775.46
107405,18616.48
107406,10529.81
107407,23671.84
107408,20357.43
107409,25769.31
107410,21297.48
107411,10503.24
107412,26297.26
107413,21861.45
107414,9305.13
107415,16997.78
107416,13207.17
107417,9140.48
107418,13392.3
107419,45233.71
107420,10376.21
107421,12668.46
107422,10423.13
107423,14522.19
107424,23943.69
107425,27207.38
107426,11873.49
107427,11032.38
107428,14949.55
107429,8984.56
107430,23921.51
107431,9968.96
107432,9950.97
107433,18432.55
107434,24788.91
107435,9737.09
107436,10481.88
107437,25218.92
107438,15213.71
107439,13657.99
107440,10146.39
107441,19132.97
107442,9097.31
107443,10727.58
107444,17761.43
107445,24517.08
107446,9632.93
107447,17592.63
107448,8515.04
107449,13172.32
107450,17489.27
107451,8390.56
107452,14918.86
107453,18354.35
107454,17897.01
107455,12792.87
107456,22398.91
107457,29389.74
107458,13417.97
107459,9731.52
107460,20316.6
107461,28034.14
107462,8446.82
107463,24764.92
107464,12801.91
107465,23985.11
107466,30660.55
107467,22161.83
107468,5858.84
107469,17751.56
107470,19673.86
107471,13225.86
107472,9553.52
107473,8736.44
107474,12995.62
107475,11799.28
107476,24898.41
107477,15209.13
107478,18204.04
107479,17885.93
107480,18420.0
107481,17243.18
107482,14187.69
107483,19380.82
107484,20879.48
107485,13687.27
107486,20617.52
107487,23981.4
107488,24414.26
107489,45300.39
107490,12596.78
107491,17804.9
107492,9744.61
107493,8584.62
107494,9098.65
107495,21737.69
107496,18181.55
107497,8255.35
107498,18732.75
107499,20693.55
107500,30898.73
107501,14949.18
107502,20176.43
107503,20061.68
107504,12189.14
107505,22240.01
107506,25697.93
107507,10147.53
107508,24717.41
107509,19766.46
107510,8792.97
107511,28766.46
107512,10919.64
107513,20466.28
107514,14850.05
107515,17516.73
107516,19556.7
107517,17594.54
107518,22913.33
107519,9916.54
107520,42038.06
107521,17392.83
107522,17628.88
107523,12242.39
107524,12779.67
107525,15919.3
107526,11301.7
107527,16872.4
107528,9617.85
107529,14525.03
107530,22126.43
107531,19922.56
107532,9719.29
107533,16721.87
107534,11545.89
107535,16809.18
107536,12051.89
107537,11586.49
107538,9105.94
107539,11058.09
107540,20577.76
107541,17993.77
107542,9303.87
107543,13907.61
107544,11859.96
107545,30750.41
107546,8516.15
107547,31229.73
107548,20393.26
107549,20449.02
107550,14125.73
107551,18661.65
107552,21906.83
107553,15476.2
107554,23167.81
107555,19631.01
107556,15003.06
107557,5256.35
107558,11569.89
107559,11447.93
107560,26283.28
107561,20875.37
107562,13422.77
107563,19602.1
107564,6399.09
107565,10617.51
107566,12007.54
107567,21880.96
107568,22026.77
107569,11627.53
107570,15787.94
107571,9325.25
107572,17481.78
107573,12298.9
107574,24702.79
107575,10868.57
107576,10568.0
107577,22842.37
107578,20209.11
107579,14609.68
107580,19115.91
107581,12212.15
107582,9950.97
107583,11001.81
107584,17009.82
107585,18611.61
107586,23661.05
107587,31764.74
107588,27602.06
107589,16358.52
107590,13551.74
107591,19781.66
107592,17584.36
107593,9789.82
107594,41538.51
107595,24319.54
107596,21716.25
107597,11272.28
107598,15205.91
107599,15463.54
107600,10454.66
107601,23322.51
107602,9983.93
107603,13127.36
107604,9474.96
107605,27482.39
107606,13786.31
107607,25970.26
107608,29825.47
107609,10428.85
107610,15028.67
107611,17889.17
107612,17163.88
107613,15856.13
107614,10025.18
107615,13656.65
107616,20551.7
107617,11184.96
107618,20197.68
107619,9350.39
107620,20080.42
107621,8977.99
107622,9431.33
107623,9423.26
107624,24190.76
107625,3249.08
107626,17572.09
107627,14274.8
107628,18401.74
107629,25207.57
107630,10210.81
107631,21740.6
107632,18889.15
107633,18826.87
107634,12656.53
107635,14903.79
107636,14188.87
107637,9931.67
107638,13527.1
107639,15054.42
107640,12379.44
107641,23925.35
107642,13691.85
107643,28966.61
107644,20097.07
107645,10039.12
107646,5205.34
107647,20703.62
107648,40186.89
107649,16822.26
107650,18157.04
107651,6428.76
107652,7736.84
107653,28452.3
107654,18777.7
107655,9562.45
107656,24022.01
107657,9943.97
107658,10570.92
107659,35572.62
107660,20309.71
107661,18765.21
107662,21173.34
107663,26653.79
107664,21043.2
107665,13136.52
107666,22800.12
107667,17353.25
107668,17185.77
107669,20180.16
107670,19451.15
107671,19305.6
107672,25985.34
107673,10191.51
107674,28261.62
107675,15750.21
107676,12935.65
107677,22326.83
107678,10782.09
107679,7527.56
107680,21390.06
107681,11841.41
107682,22360.43
107683,20363.9
107684,7294.17
107685,27693.62
107686,6011.0
107687,17696.63
107688,11432.46
107689,10171.32
107690,17237.31
107691,45092.67
107692,30639.6
107693,9388.5
107694,24657.04
107695,9103.01
107696,28294.54
107697,27027.26
107698,11239.74
107699,20564.67
107700,9429.49
107701,14932.55
107702,25698.47
107703,14660.99
107704,9218.92
107705,22738.96
107706,14959.69
107707,46775.14
107708,24442.65
107709,9999.42
107710,13219.2
107711,14062.75
107712,14593.27
107713,8589.33
107714,15573.92
107715,10171.32
107716,14502.91
107717,14291.66
107718,24847.86
107719,22936.13
107720,14046.56
107721,14810.32
107722,14797.78
107723,11221.57
107724,23561.72
107725,19013.16
107726,14101.48
107727,10082.8
107728,7396.16
107729,10536.3
107730,18158.36
107731,16365.98
107732,20428.68
107733,21490.83
107734,13565.96
107735,13780.36
107736,14249.53
107737,14823.48
107738,10161.09
107739,23075.42
107740,20316.25
107741,3497.47
107742,10663.78
107743,11118.5
107744,17176.78
107745,22639.26
107746,19269.48
107747,11221.57
107748,11995.93
107749,24546.25
107750,20472.09
107751,39330.11
107752,17647.51
107753,18661.29
107754,26706.09
107755,10047.2
107756,10362.69
107757,9570.1
107758,9601.03
107759,15189.91
107760,14344.41
107761,32489.22
107762,17389.54
107763,16261.28
107764,10680.2
107765,31410.92
107766,7466.96
107767,17936.61
107768,11424.72
107769,21274.58
107770,41795.74
107771,16512.29
107772,16394.64
107773,9231.85
107774,9881.31
107775,16617.17
107776,14083.24
107777,27575.18
107778,15156.26
107779,18661.33
107780,31354.18
107781,21043.5
107782,9469.55
107783,22306.12
107784,21510.21
107785,19199.94
107786,12865.96
107787,7737.89
107788,31026.74
107789,17367.58
107790,17199.31
107791,11845.25
107792,56103.15
107793,16495.24
107794,11504.29
107795,9518.86
107796,20256.58
107797,18572.9
107798,38849.88
107799,14538.35
107800,13813.93
107801,13999.89
107802,21964.59
107803,26326.48
107804,15225.53
107805,19787.86
107806,15290.16
107807,4948.8
107808,19692.46
107809,22679.01
107810,22970.14
107811,22499.47
107812,12784.5
107813,28292.09
107814,13649.82
107815,19911.98
107816,23378.0
107817,7551.44
107818,23119.74
107819,33361.8
107820,11254.21
107821,24390.15
107822,14522.99
107823,15723.48
107824,14036.56
107825,5448.1
107826,21180.49
107827,15720.1
107828,22489.38
107829,19970.6
107830,14000.81
107831,8643.04
107832,27896.56
107833,15626.59
107834,13867.29
107835,16905.04
107836,14485.43
107837,10007.85
107838,16528.02
107839,22713.19
107840,10603.81
107841,9218.48
107842,10453.92
107843,10278.29
107844,16044.68
107845,8324.57
107846,12259.48
107847,12346.36
107848,11785.2
107849,20495.3
107850,29959.79
107851,8762.62
107852,13738.75
107853,12891.4
107854,9953.08
107855,13158.28
107856,14975.47
107857,18243.75
107858,13674.77
107859,15378.56
107860,11882.06
107861,18699.68
107862,13611.17
107863,12502.91
107864,17480.57
107865,19809.72
107866,19095.71
107867,9295.26
107868,22584.29
107869,19504.92
107870,9013.51
107871,19977.56
107872,14484.5
107873,21553.27
107874,21753.44
107875,7683.94
107876,27937.98
107877,16731.05
107878,24478.9
107879,9338.08
107880,9084.06
107881,40323.88
107882,10323.95
107883,12331.43
107884,24799.66
107885,24339.03
107886,12539.43
107887,25416.12
107888,12830.97
107889,20005.42
107890,10804.77
107891,9590.24
107892,13858.44
107893,17330.0
107894,9372.6
107895,18973.19
107896,23909.84
107897,6639.85
107898,9816.38
107899,8758.78
107900,36593.08
107901,13281.1
107902,10693.27
107903,12376.99
107904,16386.36
107905,42960.09
107906,22761.76
107907,19835.05
107908,20516.31
107909,15032.64
107910,10442.05
107911,11341.5
107912,22225.01
107913,16286.32
107914,11726.9
107915,26665.02
107916,22989.93
107917,12041.65
107918,10750.94
107919,17512.02
107920,4568.64
107921,6454.99
107922,15835.53
107923,13558.43
107924,10238.39
107925,19826.09
107926,7520.12
107927,26070.48
107928,21213.6
107929,14522.33
107930,14440.32
107931,30744.23
107932,13930.75
107933,11912.97
107934,5777.97
107935,7532.75
107936,13154.88
107937,11233.17
107938,11341.04
107939,20782.11
107940,8653.53
107941,11073.75
107942,12996.22
107943,10905.48
107944,12206.44
107945,13735.2
107946,11072.04
107947,27047.3
107948,11895.88
107949,11116.67
107950,30534.45
107951,9413.01
107952,10296.78
107953,31535.02
107954,11077.7
107955,8158.55
107956,9514.37
107957,27143.04
107958,25516.69
107959,20713.38
107960,21334.36
107961,14840.98
107962,19030.8
107963,26825.1
107964,22347.82
107965,14118.16
107966,22703.67
107967,9147.84
107968,17021.73
107969,11046.83
107970,23240.58
107971,9738.21
107972,10309.57
107973,9761.58
107974,8897.51
107975,18202.44
107976,17805.97
107977,13807.66
107978,26706.85
107979,10088.03
107980,29580.06
107981,17568.46
107982,8556.07
107983,23502.25
107984,22262.46
107985,27122.64
107986,36052.09
107987,14944.58
107988,17654.04
107989,14810.6
107990,15210.77
107991,5587.51
107992,10785.52
107993,14085.39
107994,17788.66
107995,17215.27
107996,19809.76
107997,18675.81
107998,26242.05
107999,9165.67
108000,18835.59
108001,13009.12
108002,10275.79
108003,25788.1
108004,32230.26
108005,10154.2
108006,13664.21
108007,10262.87
108008,20324.62
108009,4822.62
108010,5142.38
108011,11252.42
108012,11982.74
108013,29263.79
108014,13132.92
108015,18197.65
108016,26827.31
108017,11341.04
108018,8618.42
108019,6582.83
108020,5556.12
108021,6794.85
108022,22909.36
108023,22748.19
108024,29506.62
108025,13487.32
108026,6931.88
108027,19631.35
108028,26385.75
108029,14593.61
108030,23065.93
108031,7226.84
108032,7631.73
108033,26570.46
108034,28457.61
108035,20782.5
108036,6009.08
108037,11526.94
108038,21945.86
108039,10096.17
108040,8241.22
108041,11244.23
108042,14840.18
108043,14380.7
108044,8757.5
108045,29576.26
108046,22389.7
108047,29515.06
108048,14762.34
108049,10059.92
108050,47619.78
108051,25065.68
108052,19685.97
108053,26380.89
108054,12996.03
108055,19869.73
108056,13779.87
108057,9776.19
108058,17037.71
108059,14039.73
108060,6808.61
108061,27591.96
108062,9964.54
108063,14962.43
108064,24619.31
108065,28442.15
108066,21288.71
108067,20634.03
108068,8556.02
108069,16805.92
108070,16874.65
108071,12727.59
108072,16733.25
108073,24761.64
108074,10029.52
108075,8262.79
108076,31313.6
108077,16552.03
108078,10686.31
108079,13746.42
108080,14839.11
108081,13820.28
108082,13765.05
108083,14671.51
108084,22521.2
108085,17538.87
108086,10462.34
108087,10268.36
108088,18047.5
108089,10316.34
108090,20082.23
108091,10548.98
108092,21744.37
108093,9295.59
108094,14916.76
108095,22333.58
108096,24384.87
108097,12169.18
108098,19788.04
108099,25915.11
108100,35012.9
108101,23061.93
108102,13551.59
108103,17774.7
108104,25659.14
108105,10446.68
108106,22400.64
108107,7390.57
108108,7537.89
108109,12235.21
108110,4829.92
108111,34694.27
108112,20776.93
108113,17159.15
108114,15640.55
108115,11938.82
108116,38668.13
108117,20069.64
108118,23779.22
108119,13693.51
108120,22385.41
108121,13316.19
108122,5371.85
108123,10440.94
108124,7310.88
108125,18084.92
108126,20356.58
108127,12376.65
108128,12431.29
108129,10161.09
108130,7628.08
108131,44787.02
108132,10075.58
108133,7951.19
108134,8815.21
108135,40517.32
108136,18264.84
108137,12450.24
108138,22052.62
108139,15360.44
108140,32327.59
108141,10162.02
108142,20757.91
108143,31518.52
108144,17175.36
108145,14202.52
108146,9517.91
108147,13308.42
108148,12512.96
108149,9586.82
108150,6490.7
108151,12768.32
108152,11271.25
108153,26501.29
108154,20683.3
108155,22189.91
108156,6494.33
108157,30463.24
108158,10378.75
108159,39773.5
108160,12213.56
108161,23001.63
108162,8853.32
108163,14155.5
108164,11203.7
108165,7523.07
108166,25046.78
108167,17156.87
108168,19063.97
108169,11166.82
108170,16972.92
108171,14918.86
108172,10442.05
108173,10258.59
108174,9363.77
108175,15625.46
108176,11252.92
108177,17531.01
108178,10161.09
108179,28933.27
108180,21264.77
108181,20862.22
108182,19539.24
108183,15968.22
108184,15979.24
108185,9980.0
108186,12812.94
108187,17177.82
108188,14055.9
108189,11553.68
108190,9987.2
108191,15594.82
108192,31293.06
108193,17733.99
108194,22798.5
108195,6762.84
108196,13618.5
108197,10945.11
108198,6678.01
108199,4824.45
108200,25364.23
108201,42466.29
108202,3618.5
108203,15442.02
108204,22080.1
108205,20039.1
108206,7354.19
108207,6629.94
108208,11115.85
108209,12326.82
108210,6916.19
108211,19196.01
108212,11119.18
108213,14880.34
108214,49563.97
108215,25642.32
108216,19461.28
108217,24782.9
108218,13405.82
108219,22578.87
108220,10099.32
108221,45227.31
108222,9205.28
108223,13482.52
108224,12989.28
108225,32289.95
108226,9185.25
108227,9903.71
108228,10176.02
108229,21107.1
108230,9708.32
108231,23503.63
108232,29223.49
108233,9727.35
108234,22096.38
108235,11051.37
108236,26188.78
108237,12963.95
108238,10644.35
108239,9652.1
108240,19672.7
108241,14933.14
108242,16721.87
108243,30927.85
108244,10074.74
108245,13211.26
108246,11495.98
108247,24603.57
108248,9273.84
108249,17082.68
108250,18664.39
108251,12272.89
108252,19933.5
108253,9666.6
108254,7885.01
108255,20486.81
108256,16515.87
108257,23929.94
108258,19320.06
108259,20485.83
108260,12659.56
108261,20941.13
108262,14670.72
108263,22772.11
108264,7849.25
108265,9950.97
108266,16780.11
108267,7594.86
108268,14356.21
108269,19240.5
108270,10250.69
108271,10225.97
108272,10844.33
108273,18375.92
108274,25699.9
108275,24610.52
108276,13457.4
108277,23093.89
108278,26835.5
108279,23911.97
108280,11483.79
108281,5987.4
108282,10513.22
108283,26180.6
108284,23993.64
108285,26077.84
108286,10387.71
108287,22270.31
108288,26235.38
108289,25112.19
108290,13328.82
108291,9633.06
108292,16914.1
108293,10646.2
108294,6357.99
108295,13908.1
108296,25203.85
108297,10181.68
108298,14746.79
108299,10144.41
108300,12327.46
108301,9588.2
108302,12381.48
108303,15834.53
108304,27767.38
108305,14846.89
108306,19311.36
108307,17787.38
108308,23479.9
108309,17392.16
108310,15503.63
108311,16814.94
108312,18678.33
108313,11977.66
108314,13233.18
108315,14826.41
108316,23604.06
108317,11853.33
108318,16787.97
108319,23508.61
108320,13717.55
108321,15713.85
108322,16957.59
108323,45948.25
108324,19444.11
108325,14300.48
108326,12542.67
108327,17630.84
108328,11764.61
108329,11012.25
108330,12503.1
108331,8362.99
108332,16181.28
108333,10766.78
108334,10864.52
108335,46151.32
108336,7838.89
108337,11123.34
108338,22120.63
108339,20747.93
108340,10050.38
108341,15389.34
108342,20679.79
108343,29959.49
108344,11544.58
108345,10658.8
108346,32307.72
108347,9977.51
108348,19769.07
108349,8521.27
108350,19684.62
108351,21681.09
108352,20174.51
108353,10962.74
108354,9950.97
108355,5997.39
108356,27395.45
108357,16754.81
108358,10858.23
108359,17374.61
108360,11029.43
108361,15871.47
108362,12194.18
108363,7831.85
108364,12655.96
108365,9692.4
108366,18300.85
108367,10263.74
108368,14470.67
108369,22751.89
108370,24694.07
108371,17015.01
108372,25943.89
108373,20393.4
108374,30730.79
108375,10861.03
108376,12890.23
108377,20139.24
108378,10762.69
108379,13323.0
108380,19855.76
108381,13852.82
108382,12295.27
108383,20326.58
108384,5579.47
108385,40096.07
108386,23705.91
108387,22577.36
108388,13985.34
108389,11893.91
108390,13889.87
108391,8843.35
108392,17628.12
108393,22229.28
108394,19704.94
108395,24811.85
108396,20819.56
108397,27602.61
108398,11885.13
108399,13812.5
108400,3058.39
108401,10077.79
108402,12946.66
108403,16682.88
108404,9727.48
108405,7193.71
108406,9839.33
108407,9313.39
108408,9797.1
108409,13673.91
108410,23504.38
108411,15758.41
108412,24020.41
108413,17591.64
108414,12123.41
108415,9048.97
108416,29822.33
108417,7405.19
108418,28179.31
108419,15764.0
108420,29820.46
108421,22418.75
108422,11497.63
108423,13575.58
108424,11364.26
108425,19391.45
108426,2739.27
108427,11713.62
108428,16521.83
108429,19476.51
108430,33585.89
108431,17198.16
108432,14979.62
108433,16831.23
108434,5134.98
108435,13951.07
108436,14414.93
108437,41714.13
108438,18818.77
108439,18270.52
108440,9970.09
108441,45404.82
108442,10792.85
108443,37771.44
108444,13365.55
108445,8808.43
108446,12411.73
108447,8744.14
108448,10318.98
108449,16807.57
108450,9347.95
108451,17368.68
108452,50542.45
108453,18441.0
108454,20632.92
108455,19878.28
108456,28828.25
108457,16463.36
108458,10987.7
108459,14126.06
108460,13144.37
108461,13976.07
108462,15754.43
108463,13601.11
108464,22516.42
108465,23394.69
108466,18312.34
108467,22290.21
108468,15547.01
108469,24245.24
108470,12743.05
108471,14347.04
108472,20714.66
108473,19847.92
108474,25056.83
108475,20360.41
108476,9651.65
108477,14521.3
108478,16685.36
108479,16770.3
108480,17047.97
108481,10822.35
108482,14947.91
108483,18375.78
108484,26400.38
108485,8773.71
108486,12848.9
108487,17963.8
108488,24026.48
108489,8792.27
108490,10346.38
108491,7247.11
108492,19470.31
108493,28797.14
108494,22128.9
108495,10279.26
108496,31179.53
108497,21954.85
108498,13368.01
108499,13127.36
108500,25193.03
108501,23258.67
108502,10611.55
108503,17678.19
108504,18083.47
108505,15059.82
108506,18437.34
108507,26654.67
108508,18398.84
108509,13010.09
108510,14021.25
108511,15232.99
108512,12838.82
108513,31872.25
108514,22130.38
108515,21015.14
108516,11116.35
108517,13294.09
108518,48430.1
108519,25083.7
108520,9793.52
108521,13632.09
108522,19941.68
108523,26308.02
108524,22499.85
108525,12993.76
108526,16706.65
108527,7831.74
108528,16039.41
108529,19862.13
108530,24386.39
108531,16151.78
108532,18033.27
108533,19889.87
108534,12045.95
108535,12456.75
108536,9594.48
108537,18341.98
108538,14510.43
108539,8385.26
