CarID,price
89856,18366.39646511888
106581,21932.1158225724
80886,13792.51578393034
100174,17281.028173984556
81376,26818.486696636675
85391,10569.691096481904
82175,14985.27875499992
95250,18039.755728519045
85071,5434.333292281993
96210,16765.844233641674
80317,24786.582860870807
92731,20575.82463323231
107704,13574.727777239867
98302,7341.445394792706
107055,22207.022222485826
94621,45492.42804309262
91709,21246.770603174617
98193,47839.604986048
76189,17914.756006042495
86871,13107.85327345715
102917,6961.979482493607
90923,24286.086665314542
101603,12294.369780129056
94196,21444.61992674885
85174,15941.19818401505
103370,12490.361582647534
107877,15910.846925358794
79567,15103.226206684829
90091,9574.700106446033
76169,13081.268517871024
98708,11442.93074328761
107347,21420.393308163377
89583,9837.699544410834
101591,11630.310063652507
92160,16379.369864953818
99676,11898.345175421848
85354,17858.313557432124
81900,11903.809565558897
80345,22499.515955285042
78509,28195.04085453338
100872,9409.801195252874
95087,28340.687901411162
86027,16227.514391503868
89135,14660.828637113293
80557,28933.524232708736
108092,21896.540558201064
102672,16823.435670003582
83022,7917.908527043809
78398,19944.197706162693
95889,30597.933144388608
81117,47970.09387905982
93730,19168.465451022545
101380,10223.046670740601
81772,27225.453360238364
85304,11042.59530281201
86107,6727.876915368836
88696,16631.77877909922
104350,19398.890953719416
87331,12646.410475350714
85206,16418.302437589937
107445,25566.792873819708
106539,28388.217281567937
98712,21405.311818271864
96875,13285.165430066952
108464,22244.78942437428
99890,7964.924598138298
87771,17456.48535762549
79442,17278.13569102292
84170,10686.646819182963
103045,15470.47596253162
101544,3670.53569527591
77350,10806.055561076173
89225,16327.190559545857
79565,56385.478272812674
82849,10375.821204216489
94360,19053.410143446104
103040,8925.72441803393
105101,40405.08304926174
97077,12163.489707211693
98674,13263.102380666569
93447,30104.400358722614
84951,19862.55291576026
91953,11024.353728327229
102101,8535.951727911857
92604,30565.71349963096
89010,9700.479706118196
102729,9166.481836561628
88024,10335.498130461878
104367,12385.095614154223
101230,10703.332557978627
82524,17146.41712146433
95279,48407.07699731796
106098,12263.972564099513
89749,8918.094837202123
101277,6847.373206871661
108016,27412.148113540083
81259,27278.803532599253
97434,20383.230662878574
105289,30282.25569670909
103379,9704.387098096973
78317,26892.898897132356
104166,19631.60093574378
106660,30061.99062869311
107490,12705.819556671877
90684,13735.4381891083
90032,7147.342777244826
79481,19003.984525460215
102524,9155.492297320336
100778,17220.611572629157
77810,12987.023481349033
98979,13826.178335896275
76558,17627.479181660892
94550,23800.407533842594
107246,6499.348444136253
77429,26636.280311508508
106105,13300.985477000366
105213,9802.964626955805
102747,13768.647010242545
104958,15018.256142549497
96036,16836.538746018447
92310,21709.98575974723
100837,9021.26549539271
82858,11305.989500361657
90119,10967.434474502827
77304,25239.951115470463
89011,10942.051128669778
84623,17029.103504782383
99665,22936.88649492886
100592,10076.436679365164
82623,11013.550480823737
92035,18613.41115166741
84305,10347.933861134803
92903,6792.106210482472
93398,16933.03503011403
108067,20905.00886385313
85062,8399.137765815483
81727,34442.28318636225
95637,10114.126981468866
89690,8955.306087222027
83240,17844.821621115043
89711,8048.2946573671
96945,9684.225395073066
104924,22526.88547605605
79633,20523.38273568389
89582,4727.931776597357
98080,7480.671201763434
85992,6780.854422592347
86712,13009.852818722657
105767,11272.067293006077
100590,9351.312390239662
104574,15347.109268545266
97246,14577.377440369042
78141,19521.10434106396
91590,25474.802287676415
80767,14487.303387416861
100344,15313.308372839037
88987,20758.449130397385
96479,18054.5042423946
90598,8685.025300420333
83880,7938.548444009603
86802,14888.817776035501
103078,16577.015886235065
84736,9485.699835679086
84196,3144.448286484606
102062,10469.18116544424
90110,6116.783571744238
102907,11853.711877674761
81776,28705.959537638115
102431,6496.051209498266
80442,14899.158394511041
78656,28047.49607839337
78537,36738.26154155181
102511,9683.485837176711
93612,19826.98014527439
99284,7841.62552039532
96315,16700.352310009774
94305,45521.04466666666
100636,10880.595123909268
81816,17000.29876919059
100352,16287.59945633467
101476,10511.504707357233
93392,32943.83333805974
93995,21513.551861217493
94261,31006.793439304598
89117,15606.014660045095
86506,2411.0331661667324
88456,7339.8205966826245
84134,10994.19683834551
81088,12640.162489092636
103960,10898.820769962304
84925,13170.960064112078
97306,9511.449383888776
83752,7541.2159440024925
100696,4595.3802777777755
76472,12852.69783390924
101128,11544.031422139484
105932,15866.344040019298
86416,10581.979652841424
79616,25735.221003831823
83395,14369.016376319205
88734,11230.91113040763
106676,17483.10999724626
102442,10431.152483541899
88761,17458.428177606853
79708,26823.05705069837
96808,18291.168120649778
103755,9972.873369136043
86273,16489.239574023064
97635,27678.901656030124
80797,29639.320362834656
108000,18707.727407426522
95126,40937.186045441835
105187,32128.193066700045
81613,18922.58134422464
103906,6153.754140734282
105729,7870.9829874467805
100637,13924.674841275615
82861,7786.253432187058
107823,16393.446177376725
85274,15177.193577670678
88926,14931.991952466773
87871,10627.570997568113
97970,7178.663987410595
98044,8368.177233851731
90277,9961.426333333333
85647,12444.08606673196
107447,17491.521346236997
79418,8768.24047410748
80383,24873.80201920214
79894,18963.57827046743
105875,7284.651933615776
86032,11396.969841683718
104423,14953.370092116142
78437,13880.657219205514
79480,18531.007374425924
89973,6130.185153127189
94007,27656.212204296513
93952,14856.280670037533
84548,3353.85166118398
97885,11446.980193447665
86571,10233.5889935183
77839,36218.692290918596
102201,5747.419570631961
98731,7977.126781064637
82395,17181.554593948924
76816,32870.66832106495
97956,8004.708082310956
86012,13408.472626478357
106393,21583.508393965956
81832,31428.85336507935
82787,19555.59981678931
103974,6615.863002659411
100725,12522.529994654995
86552,7063.895558846471
80174,13325.304364004372
99189,14328.700206872247
102543,12509.962715309086
98518,15310.6491592079
100334,9686.462839673528
92673,17306.568666556752
88008,13125.656632547541
105207,25534.090640273927
106462,23977.153456999346
106106,15249.670964760548
79705,22271.406161688003
108193,17209.609812982028
89668,7742.478886950485
86435,11786.78625493831
101281,11441.948267782473
104753,26377.49242955253
79004,16803.619375475504
89732,3230.3104696403934
89201,12923.628063079906
87282,13970.062204676868
101589,9805.280475335287
87352,11147.536251822607
103388,9060.788759833451
93619,17380.580074505066
101941,7143.954730385462
106533,13478.419033295537
90018,23545.64019380191
101265,15744.113557022416
104255,21696.656104367758
80093,27081.909521399924
82433,7891.011845307735
77254,15057.299703703706
106400,29903.75201382904
79847,10174.732646768838
95735,30022.094081362684
106733,20232.679209632643
76318,19475.189447956116
95966,16081.174722222226
101690,9899.513841757704
82845,16139.15884586812
96266,24790.20740024281
104175,30984.782206789572
97347,14333.36375517728
92730,47048.731036272206
84738,8982.67519523493
102596,6316.919885121972
78356,30241.513781642083
94062,31017.52821434037
101662,7265.008390472337
81715,26725.179309999625
103046,13049.54174076798
108133,7185.559329947305
96302,13382.843462924944
83859,23835.892561472545
104815,16893.268135119793
95903,26310.1273516722
79683,11889.609181673808
88888,21105.79101374212
80529,25221.00547664617
81898,72017.98961375664
83435,9922.313877605462
80448,14254.684233103111
79241,31463.523144781135
76056,19733.504032790126
76342,16517.111005103754
98238,9356.147069540591
85878,8660.5133794752
102846,15185.468200854697
90215,4549.287403968254
79635,45929.42685492835
77561,16690.249079756697
101151,13120.942421303644
93594,26655.67044417466
78703,38906.84089832027
87596,7499.7777265141
92572,18647.303663229606
90757,8190.187300719404
95881,18727.8997522799
98008,12697.883955578443
84805,9166.125972968659
100888,10578.145968973378
82504,16218.741150799446
82177,15405.9374206308
89472,24743.37442762859
82301,16195.310822288568
106483,8843.597222602308
79808,13272.790951754849
83412,16482.665622955625
89386,17498.98547578586
89889,20198.03137765714
108249,16705.244562342818
98252,8977.035596679478
83525,9573.53299221305
102595,9968.452915097638
94255,10364.172377876688
91259,28605.787582656623
99539,6817.94074125775
97379,23853.01603495528
104452,24735.190037008026
88479,11257.327645944457
95424,37047.15748376621
94732,41595.910555555565
89025,10454.902363781772
89497,40528.17371693123
92405,14932.113065359477
95346,15593.354913428882
91337,17151.787181958312
97739,13366.727213569802
81087,13082.307884366423
80661,9841.293214190291
105537,12748.405649241424
81073,29195.82654756502
102770,9869.024942187265
99299,9652.958499804092
77528,19991.017769124457
95278,29829.934213745397
106536,16126.79328567385
79421,14688.86856775853
105026,24112.50918312255
97887,10934.198446206288
106163,15993.251667508424
103242,10828.992101518228
103098,8271.880105136495
76195,15941.840668192477
103418,12033.654615566884
102091,12269.864979527472
102341,7648.425981071402
100315,21701.399164904873
100377,7578.034837948165
78857,21121.166055409627
93748,29260.743447700057
107891,9966.804910637506
77063,27068.97929580586
86916,9085.077425508336
108347,9932.747974255251
94475,18108.009624338618
100383,12325.505130522015
80618,37260.33621084436
98926,10295.428207011631
77228,17400.6896361372
106915,14775.400903335729
92594,12354.907643421333
80745,32320.79619022843
78361,13384.448683697326
95725,26684.25477566641
105171,7457.9096093502685
87007,9976.12371118855
104121,15104.36883824811
92877,15442.528713528707
108335,46170.213339366885
101357,13813.987907975265
89325,9876.385491310273
103144,8253.339260446219
101413,7483.8880547567505
85182,10907.279763019491
84097,17590.09238566258
101970,5683.066264135346
98315,5101.457305832427
89048,10922.07748939121
106141,10718.750787802936
87105,16947.197489312035
88472,16538.333704834946
93361,15384.168321063475
87040,8923.723367610999
99831,12035.030652327257
95677,14405.382718228306
89770,6870.656182531777
77371,28235.940618962188
107143,18283.49435222131
100271,11644.651451576858
83905,11795.132412204392
101531,13886.962286154707
90617,8210.126093149198
83895,19368.584530984554
89453,14103.499592960818
106012,20843.18910595938
76381,21300.64606808467
106986,18590.44274833042
84143,12978.270193206914
91665,39512.79238817066
81350,13530.105127563513
80422,14431.487607496123
84794,6351.781708449043
81156,30113.824837865977
77082,35019.415972881616
97356,9492.978314960166
82730,18115.68034087638
99244,10287.61706771839
85538,15282.128015708468
101585,10965.70496591651
90288,9211.586825467852
98799,2791.657843204702
93547,21273.042644149413
85142,9755.734609013736
82012,32927.27199752186
89654,16442.642042097836
102304,13281.764437083391
79288,45790.803723075696
77400,11237.426077127247
98597,5983.191830233475
103156,8731.840775959197
95446,27177.598011094586
97036,9359.865208262614
101401,8476.115876915681
80817,10344.160541592222
84078,6884.709978441137
95390,26950.630923111534
79883,21487.28001875376
104059,13096.862634875126
103041,11458.678530068733
81651,15100.543167698346
100432,10801.667933743358
84933,17167.428026141333
81600,19210.42213694638
78379,8205.496851251515
90816,7747.665883604898
107414,9556.813660895157
105633,20511.308025514372
99508,7534.444424455427
100874,7721.183564011423
104208,17303.226904797233
84774,13262.178848558398
96518,10485.849089080984
91543,23692.518384491523
107146,20190.244730017283
94426,20864.893461228483
99059,8825.404581774037
96640,8001.0282541679835
81277,9802.852582491581
102409,11844.902115238845
104800,15757.822183594884
107498,18453.097788762392
90942,43417.63667854696
80202,22821.43735127328
76794,16839.061257733923
88973,14213.922672681669
91958,58884.21562698409
80562,20314.574923638327
103486,7765.996730399575
95237,15666.656465778751
105569,16630.06941502773
106560,26347.41307982196
107977,13188.982177223405
90076,17941.63745833999
93050,16820.130484571702
80609,28058.93339159142
88557,15861.176613699943
90894,19081.073280455243
83669,7059.997388888891
78849,18744.91057497069
101275,7565.545105845211
91858,7699.320390143669
96243,14792.031115446494
106227,25541.84749504109
105300,16022.610727218911
93065,37535.73483333333
78002,12342.563091473665
82500,14017.802767671421
78204,9413.7357018025
107851,8972.857356956878
86217,7236.364003331096
82662,7685.243096807921
93324,34881.64663904742
79680,12223.614197919658
104920,22993.09804057012
96735,12625.495998264498
89992,7948.652788594519
106961,24830.367824497862
80078,16334.999123912152
101429,10106.021105962522
95551,19549.799636649663
79937,56370.22809032908
80680,19465.39435873319
99448,11761.614833192836
93909,32357.34802747447
96888,9229.014998612385
104584,12580.802036747935
107289,21032.426102909172
84126,15448.828364429346
101282,10545.822960765456
92474,22037.3717681892
88871,15932.722982845107
107177,17646.23785380458
106026,16885.08431589884
96937,12192.12466929588
83543,6569.411806250914
81094,18801.321369150326
77503,20910.652365756014
85351,6272.255309618672
96000,13405.885170988864
87374,16151.750626968946
86394,19697.552374452036
108364,11743.081238003055
91441,30107.11522878767
97039,17975.402802487304
106685,11227.111437810065
95631,16444.72000201897
101883,8644.370502448473
78238,11001.396429060265
97508,7840.689080187812
98441,12232.941783291664
80066,24484.48722222222
79095,48140.56166666672
80007,13269.468785947709
100219,8773.97757272125
82511,9803.56468718882
89270,15210.491938130099
88713,10006.79458568609
100353,9818.280300231234
102841,4480.728060015992
90117,13579.66463515002
81549,47791.95143258465
82350,31245.864016323976
76546,34438.963519023586
81013,19213.077814654484
91240,16884.71110124279
91542,20475.362210055486
104518,13372.785425693328
93537,42333.26608358473
94372,24274.74206518459
104419,20453.431820955222
97636,14198.930304985528
96288,20927.052126796472
78717,10573.243125836725
105610,21719.72643655377
97754,16627.853084958693
81458,12901.319312954956
86931,18201.6807309413
90713,21452.485282428086
90909,30054.21636582615
77251,40827.33406060604
95081,11352.589705679156
95560,14359.860258004932
93288,20195.280704788394
105036,13092.097524120696
108490,10485.873448215514
96935,22751.717823412877
89373,13718.518008765579
98010,8423.892419302605
104699,22724.053237614236
86692,7937.405343808744
85024,8098.179993870084
79086,31794.996168591206
89939,12474.630492322025
79098,19098.154154230026
86141,17426.615456609812
105462,29932.046235891703
92870,32847.92999294023
92163,25130.57662361712
87481,16053.050549464968
83276,9775.599357576146
79356,24325.4677010582
103602,12210.888887328714
88460,10373.145342835862
100934,8193.799411218155
96659,6570.327711880685
83204,9252.657209268133
104621,19207.65326205309
84110,12524.973421278071
99265,12499.063618586097
79574,14251.32093499648
78186,10678.759640161163
87005,14043.24445212521
104043,14297.564670684107
81574,32499.250534408937
104091,10805.231643060955
77759,23332.693646833948
78181,10872.961633895397
96169,11166.931068660446
98267,18697.511400177154
97837,13123.169367029428
80133,17038.11712962963
98571,10045.281501799644
88628,20874.2342366573
78622,14865.319867020144
88678,11019.819660007634
87278,16283.450550076854
86963,9974.044241001178
100350,6775.062563996312
78771,20180.284931242753
95935,18555.804691220234
107590,13245.74864290627
84458,13690.574416630963
85656,8941.647490369003
81611,3787.5119949494956
92638,22765.149457085306
87478,7874.941681582119
98407,3272.044272747382
95581,9844.757743539609
100645,11573.654062610369
97184,6687.232524462111
84473,14848.156285383988
88951,7699.128135233544
100836,10464.76883492793
91338,73102.32108796295
94112,14635.174984533995
89882,17601.54724077128
97097,9389.148958204933
99151,10939.721484795082
99607,9262.541759722222
78931,19168.982654782634
97805,8302.746096176112
97477,13226.828257304463
87819,18128.236619580857
76361,19293.552625407072
99201,28768.057380033657
103410,11591.35001322162
108436,17414.591814931944
105558,20292.250432478973
88025,7946.628449772708
101944,8243.275387170144
80786,22678.089031382573
84001,15138.853334437046
78304,21695.513947647993
100501,15297.149795803729
99693,7750.479793654106
94557,18806.93793073088
82152,22726.69534870904
92039,37424.3862499887
83177,15842.69882571688
90726,8523.61015983573
82879,14638.62756439374
87378,15189.299353561426
91699,15202.140107467138
85500,18765.583379983007
97050,11557.36744494161
88754,7020.947571376813
79069,35234.38809492195
89329,17646.75160783757
102605,10737.20139616159
93090,18436.647343235312
108403,15626.404444606618
91391,19048.87357180031
80964,25818.977132784014
89444,19443.45787354731
84092,12573.656836402863
100617,10148.280932418384
107962,19047.732013023167
106640,7450.707833047837
95123,12198.990095879424
99114,6012.195316075747
94461,21788.16212159482
88654,15468.995413302686
80421,21801.094935294168
78113,19260.37355734173
100558,7413.710476072429
78873,26717.037418500193
85480,10343.885308964987
103902,10593.286931114526
104816,20387.359807556724
89039,14491.30913431094
95169,16214.427899848182
93971,20206.95365139489
84450,19860.245652862704
80824,30729.432350018596
92545,15454.74843430491
89226,6383.071760812024
93873,20082.677950523477
85871,17109.532793692408
86343,10454.13186290828
93634,34718.33374374899
106942,10447.454477390163
82535,10944.90391495001
92259,19495.16006774099
88794,13521.552713339044
77385,36461.271020851906
76996,5343.956388888891
102708,8990.314851922163
81359,15226.558117597615
90486,3519.0826427552606
100200,8154.960832939393
87970,14272.844030781724
107512,11045.122847598823
79078,27575.599304755764
108477,15239.852882677282
80312,31152.29042741842
82208,8750.39125046927
100695,12431.288445652202
99506,9241.802577427916
85773,14824.723383398146
101887,13398.043238295644
90129,10710.641018284723
84730,9409.610402032182
107601,22902.06312646703
89592,6615.845840472392
84844,13002.554260171695
96938,14148.417837606066
84981,16090.010571751147
100698,13968.076966733805
103306,15279.313706184095
107175,25495.555859500913
95411,31429.806670585982
101169,14814.692362874352
99407,18048.162221155562
78248,13482.68121984449
79031,18220.36203682048
91040,19398.834576658322
76464,12001.447937937295
102813,8068.107828426557
86811,20925.084913179755
81191,28105.522983526098
78202,31010.522581260757
82471,12363.952462341507
103920,11046.700854689121
79904,25940.096744388924
95670,27874.05232132844
89931,10818.799862067963
92605,39678.4558272929
85695,19782.846218575967
98750,9708.703359349853
101284,10651.935504821975
91932,19025.64961358201
98623,10379.40335714286
82499,11028.609286242287
93193,25260.450757396186
106110,14416.058419779505
78500,26470.559752182857
89447,16276.42206616583
103373,18256.116166833173
87872,9467.44224085241
99425,13549.879103050453
96552,6185.493988804114
105787,12040.769579004495
82567,12656.170355605791
102894,7333.660191026314
77641,14368.235626507274
100827,12011.925602903713
97712,14292.088230717676
95197,32481.640444133784
102993,11840.65632324989
94855,32906.16221393326
81534,17870.618411841377
95133,13300.377493213244
107468,6321.056824703474
86402,13321.677947483304
102666,11251.711914240463
92984,22125.85643568796
93891,11721.835928571427
94312,16011.302993640484
91959,42429.851417388156
91802,27380.645027777806
108175,17484.414183577188
78293,30736.068644182626
104991,9188.768562343135
104302,9875.911592269003
79807,15498.081035475032
87167,14152.525579494319
78620,22481.768030967087
81174,26747.39150892867
83125,8244.982133114716
103123,10806.790976100669
94065,19588.308334402733
78480,16760.533676910025
98280,9208.554447163286
83415,7893.0452562653445
92297,90557.12472222222
100221,10981.97266968066
78829,15743.245874999995
93418,20555.2569929587
83424,11005.618577531828
101749,6743.072614940226
103456,9346.833315523903
88503,10887.102889364533
84931,16696.06767186272
107552,22078.693968908967
108037,12031.411550455658
94539,20810.492233629728
83697,7284.942305394459
87455,17303.335959786906
103044,7598.818060610026
104852,22426.270931803065
93437,39537.361942406096
92885,23247.974906583815
80922,18074.59634196995
102886,8411.61062228404
104586,15726.696557140878
81164,13704.450213456908
106074,16552.770957082917
87617,16844.093291257963
84513,14286.428147532073
96743,13319.335464698406
81209,12888.583334174195
95463,13274.176428975312
95457,18564.338173244767
101606,12057.105007760973
97485,29794.004782316984
91916,24738.800597603404
91629,44400.96665395564
84215,13934.00712145466
108190,10226.993628574688
88314,19491.020504693584
104526,16945.998864637982
82467,10943.688436925513
91827,30134.539338651262
77885,59848.82545965144
83459,8583.421126661171
98375,18719.14096006259
101233,10718.276729894409
97186,9990.41736019318
95520,19004.069393997957
95216,41227.86912136008
100878,5033.29784855938
80031,27757.73334201401
106134,25698.06865255935
103526,7107.467325396823
104018,44889.60149514624
83920,9908.816299545637
88245,9751.912014496229
86248,8328.301804803365
86315,12833.307937991853
108157,30808.470107552166
102814,10220.544512225326
84371,11841.288498846216
95270,14033.382853781124
107670,19669.928286806982
78745,14061.862450615577
88772,12480.468909394263
82335,18106.968577863347
100049,9292.146970176518
84953,7027.113530915228
98948,18469.94482711648
95952,33018.46915014632
93638,23207.142557809002
91164,33819.37139026789
87627,20261.45333725293
89209,15130.969444677665
94140,18023.589760130177
86567,9736.355961206502
81451,19815.4234709419
94658,26688.53207965536
103969,9559.915868286733
90158,14673.624503032037
107712,13540.228746314659
102518,11314.347572851733
91367,28825.570395766114
78764,16414.97821488697
87411,13301.37921380715
80790,28384.8781111111
97848,16589.418640124706
97985,6247.853956986418
99323,6728.1936748079925
96854,11333.617964603962
103917,6360.0735604263255
86223,7771.308223152015
101812,9103.317108668825
102098,10362.422372593315
93414,11558.595830607666
86794,10013.687308993529
81508,29146.49659649347
105781,19598.063917748917
103758,9052.650457622965
100877,13355.642474893797
83075,16556.54088068308
100303,12782.172911606649
85269,14817.205569357528
95693,18652.66514806111
85891,15159.470638572217
85991,9658.412860989738
89378,12201.29122098691
79718,11355.271667974695
96415,10992.219283570796
87510,10725.738810038903
95579,15091.97429015137
96453,13094.3362941771
80182,29048.516967536405
103363,11888.240988771162
76430,21191.354536673836
86302,8148.443396044408
78876,12444.53667736167
106740,11784.584278940289
101855,12410.814602722385
78987,27032.32715011867
100155,15464.764951441173
76069,29863.29766921489
79889,18987.299322061193
104035,19819.79291501795
102533,7901.129195768692
85374,13287.668415976254
82210,28676.42462959363
81145,13183.123162555588
99738,13673.561624186828
98201,33731.368132955526
88630,8437.200488663306
94084,22823.93709145604
79771,22344.00535784847
91057,40739.4547973138
92492,17279.24425386126
103600,15634.330390264631
105315,31450.409764474003
106151,19016.98265539347
87426,6503.993285394006
85249,10597.558064689598
77379,7329.7068015873
76190,11781.284281563807
89820,31730.272213065673
92650,27224.79032036042
82906,17224.729556562357
104766,16155.744175300051
104673,17535.708086346305
103734,6406.17237378455
87652,12903.603816789559
107399,15739.716332760196
97222,18089.350663861846
100614,9051.36679970635
95807,31015.402521696724
88084,13234.358786291807
97997,15028.957859845525
83321,15034.239675381255
83002,13724.217117979053
103995,9553.59100671283
102305,7213.797749358745
97774,23309.813394446854
87737,12052.075838084174
102191,15627.496366808744
78470,20587.373917141904
81787,22295.401764320624
90975,35438.082445753644
76598,20693.621643089467
88308,10355.690924934217
105997,13514.25319474539
97095,19971.910544741873
100555,9272.178101913958
106628,22920.22282824025
84638,6118.662885161783
106752,22598.635001465558
88072,16096.909007232167
86734,11434.297447847195
105842,22918.051833714424
102037,16480.026401575265
96623,11424.66825798571
80943,12729.226337586479
107882,10292.723971443287
96069,9874.333095356778
86796,18444.400685583485
83234,14542.85332153485
85044,11613.938231567974
76183,28844.578649973795
102124,9335.596034308686
105963,11943.985595942924
108127,12645.673103888834
76435,59731.35893242892
89809,24763.793401865285
98129,11763.537670224106
95632,25748.941196607357
77264,20692.034933396848
102849,6124.250470735803
106860,14469.1875052038
90177,9761.360294355645
104336,12838.52772306396
91068,18557.038511069142
85416,9664.295349389527
92720,18306.443593462696
105257,10381.074887933659
94524,14746.470854195011
87069,13961.95039773968
79026,16036.408919164629
100533,10707.650306400657
107396,7529.855540143914
77220,11536.87946530152
76863,11646.603652511376
89441,8989.110473899274
86301,17579.8235467776
82808,16944.885183444734
106681,13178.812574554415
100673,11292.922548261076
87115,9682.767165996109
84819,10003.883000070453
99889,12044.777812067954
100435,7530.576555613405
91329,17543.16872910403
105897,10780.553043389009
94788,21240.13021251919
96403,17823.263001414976
105780,24998.34568635416
81290,21446.01063633116
91689,17969.545008220113
93660,47161.61631172654
84018,15102.254098204408
79166,18985.33797418563
99850,13670.209063526452
89900,15535.372318970545
76628,22331.634159254256
99136,10722.241561688314
89388,13693.357334439279
86441,16214.574712498334
100362,7550.037776492162
99493,10395.121870377487
108082,13830.104305363064
94759,24865.215422877813
91954,24962.06388326953
90378,16283.332691681748
86126,20105.33580642839
92990,21512.56046425272
80507,18326.23666161509
105394,26350.78897631512
80679,11524.873990003942
94014,25446.785465007215
78092,29191.328416958844
92725,10476.339434363314
104609,5914.463871852239
89940,19953.66105463065
84337,15740.181114585981
80392,19428.87171608986
90992,46841.90683338115
88342,9883.23984582801
83193,8156.110770839708
83080,26534.060679773513
87197,16449.71972206708
106043,9227.487954301194
81316,13264.467396944974
105197,39862.53986485058
86103,11300.724249798064
107819,46668.22154231106
94911,17061.831903686132
76597,34440.05555103194
96614,8708.716977675822
102197,6675.7998960289815
104617,6458.199595488324
101445,9409.941661308885
94521,56995.045593767325
107290,17083.97059775049
93099,24056.20562423687
82179,41848.02154730641
96268,26895.17775963291
83202,15786.751230640051
101568,7260.1455044085815
89145,7877.555473201838
82718,6985.603567496904
84595,16772.66590510536
86633,12621.003436750956
91925,30330.655892157363
100357,7653.6878479344705
93684,16774.26679311271
106465,44743.09493602306
84631,16260.57206225965
97796,10356.621195465672
82836,11614.172778788932
81314,58251.10644960871
96868,20109.398257844394
94329,18375.454436026936
85728,6797.25635853415
78259,16868.06083333333
107084,20297.636092771234
96134,8310.589675816214
81583,28547.907295879846
104264,17814.648689431546
86202,9998.099834055856
102867,8023.471020344454
83461,12336.827090912468
77589,15484.924725900568
94394,16279.59769596691
87588,10286.69988018544
98769,12653.64214027571
76735,21245.65877130503
105592,12713.02948727926
95260,19153.468486779115
82699,8009.142875227873
95827,27314.03362532997
89294,10270.040371122448
90853,13889.256234122466
86522,10085.348919432647
80958,28966.821215070027
94038,29734.98372119759
88512,8082.80155521123
80219,10006.847987705565
86063,3023.543162092631
87724,7789.309273977266
88835,14247.97022914108
105687,15741.635041281044
83567,11289.461284293344
106584,22241.09895434898
98492,6497.763343811307
94494,18676.165154842995
89061,6288.605158078719
103125,11626.424047176924
103883,11683.137685914808
80430,10414.49928405315
95544,30458.90603579941
105136,54376.46530930181
105560,8122.767068121692
108397,21501.973532974192
82236,43638.10101682285
89477,15080.202980496157
98106,6813.76917466023
85996,6201.956733129576
103439,13628.598492237226
90831,7732.543143099255
100746,13403.292020736299
81518,11355.40821395635
98610,9669.496629407424
100644,15400.07679899062
105486,14179.382318271131
79765,15783.533631450682
107609,10273.69641669702
85407,13329.062560174605
81527,23009.989794990925
80955,34708.6363598796
79400,22117.194170188843
101238,9708.992551531284
87024,18463.489052911562
88662,9861.767269512284
107983,21395.989763940473
93662,28352.976358473697
81557,28005.874465681365
94520,16752.49947208747
97010,14378.545618673743
77628,33105.95013197192
89561,14251.163884463755
104218,15501.866153542263
99839,9056.422345251538
87279,11027.577364437675
93760,19414.97292592593
89551,7689.987038627177
82714,17154.461865524052
98166,19816.75802300267
83812,10303.988166028463
102617,6826.1887329983965
76869,16788.042388690683
103735,17312.26703608001
94201,22022.127348324142
107893,17209.418533948538
78651,13367.315870133543
85246,14719.371349315237
81194,25814.4449421923
81133,31311.066796478815
95611,33553.28222799484
93004,16737.579608009615
81826,43168.48000802924
100157,12844.177196481189
103768,12313.791427612063
93350,16772.30078580576
76901,22639.232729206888
88742,11060.190787121037
102866,11537.365953781902
76438,27864.973080158055
86105,9995.00654023952
107506,25103.163315575992
108520,8364.64474583222
106613,10667.15274607725
94164,41919.30013443401
100964,10632.308667494435
92769,12701.746738319478
82221,10875.754597705367
98686,24935.443218207733
79762,21405.223183382932
84645,19079.03394986938
107656,18083.89161255844
97538,15725.008322894064
99552,26979.92558481641
102157,10352.793724122337
80935,10676.766288812421
100578,11849.894522276587
94686,25285.29514769855
93268,51737.988263888896
91842,23000.403719339658
95609,35210.31197399094
91576,20170.364548970854
93139,44131.51365161064
101030,8050.953852366291
80172,41459.67357407406
106262,15849.539578909147
101562,9451.799124615623
102273,2558.0759322874665
87102,5264.8020023877125
78491,18013.892487565594
90631,7842.899406742698
94672,20783.33304233086
77261,53339.44916666668
80434,20297.296312222777
86840,8553.79309856371
95011,25055.1761304336
90870,13111.987132972225
97999,10280.158486626833
77016,47917.7571048581
96931,17856.239061898246
85215,8781.928404701584
105268,16657.57159545367
99519,6619.764073785292
104056,17695.453930465374
91117,56139.22994759448
107099,22336.173534549835
80475,11524.834387834815
76216,34568.42645238094
93207,27253.004804223438
105166,9749.018477943458
107209,18206.428778997368
100109,9280.071710419053
87232,14356.759861960722
102624,11661.060222749387
81948,8795.766382168233
93625,45618.87327513229
90334,9889.797385487589
79878,14174.96531207657
105653,20071.384033893595
108014,12873.33606173657
105491,22462.47190048811
87064,14111.287138406287
106773,18520.713513513678
93489,12584.195625748327
89490,21674.648491127376
100771,13592.507811803349
100803,11892.473001610411
92144,16274.23843495716
88632,10961.27747924081
78778,17925.154805968104
99308,11096.10165009484
77161,14179.894012691098
97501,8739.569663196473
100933,10760.783391661002
77489,26683.21516735046
84309,10887.948731217664
108040,7565.684029017279
97159,18193.097990734772
95779,15721.618462447595
89650,14749.061213654857
80999,7199.223661477414
91887,22236.258253550084
79753,31978.38305555556
84669,14020.021194050896
76401,15046.817883190888
90299,21234.65829607729
80820,12353.804798603585
80744,33712.23231381911
96151,9114.506299771978
101368,10189.778079853673
106886,25113.782585527944
90590,14289.558874748665
102988,12635.626156964474
96155,16258.075764782174
98069,22581.017122456888
99349,21768.17398522717
105341,7284.483873399003
97054,11819.225304337178
80210,25751.82914162648
105334,13612.644657490304
88495,19067.184521535502
101578,15891.266935608504
103240,7485.0089887691665
84979,10970.157795412657
88799,14356.781197241651
83073,8548.658288953984
107288,10334.477783357412
102097,10587.707002709647
99042,9824.458928070111
87242,13233.484274188084
77310,24030.683759505147
87982,19112.34099236594
95506,14398.527661003718
106574,17529.86509112124
80962,47779.16345783955
102168,6865.010909483595
102528,5947.739326467342
99307,13221.959346711614
89354,12871.018127211968
96717,9688.607649712927
99267,19205.227889817346
84588,9528.849290430455
88920,8008.920120533272
101122,13232.725125047878
100916,9655.338789104366
90206,13635.548994087942
100314,10082.56405281447
91528,36871.40434561155
82508,8159.741932871815
77095,50189.79407407409
105943,10482.4773579191
92610,26137.345832552597
76706,19358.54188080844
101753,8489.76637903129
97020,13303.1907090664
103582,10306.386312657554
89559,15707.774768699936
91293,9000.34267035959
76698,30497.63443710442
105365,25261.62337377358
102755,12898.915818337897
82363,16796.276477858584
94314,20378.49517572205
92463,20514.630920251642
107566,12207.878160934451
99251,13170.497476005146
108140,30357.69525511056
99394,10226.456310744832
107849,20807.389115561775
85021,11217.636431674762
98878,12050.820447709619
80258,7776.058644104619
85751,15275.978996895798
77932,14314.552258456048
92120,13654.53743982441
84462,16236.248590394564
104744,13977.255473526347
78174,11795.290970771335
76239,29728.316176825425
99098,21162.758588263318
78068,20172.870200322326
80129,15461.483952222194
92276,25107.547889301266
84297,18820.50058892851
99082,13330.536159445537
103218,12340.113277889306
100512,7979.503001713517
100481,7517.449299402405
77761,15771.869607997558
90764,7141.924901585329
103431,10145.13619019862
96133,18890.9010720975
80377,26170.80508285911
93811,10412.197076892651
99125,12667.469358549266
92377,30796.017086047257
84221,12109.475176083839
87280,13010.637098766774
91188,22152.70098896214
83645,10048.544378784003
105967,8464.73090996284
89389,10108.295404835906
78866,18136.81419539442
82761,16205.811819256833
95049,22350.359434498758
80729,6469.821595229391
76702,29564.509840559374
93554,14007.658059568268
98932,24433.096283822135
91264,25642.558731320936
86993,12307.765100682202
102784,9880.775009338124
79105,21530.758179488563
102943,13508.877316713353
77065,23537.160052093477
104740,14235.053079337931
95500,15655.127176731166
95345,14388.045607904987
103581,11089.162065170996
86417,16818.75302365557
87299,10457.133684233673
101375,12593.687018689938
97640,32977.162400796406
99560,7666.212050969427
105849,19420.850737435798
95701,25098.178507254066
89124,11168.11378623905
78589,17815.12833842876
86742,10288.666958629196
84620,11709.382289182982
91165,32049.185194444428
88463,8997.82057261511
87571,7615.235177478626
104773,19987.418620591237
83370,9743.96725721794
105599,11238.925420351432
104275,18693.79904938607
87908,17515.878384601154
92637,9368.942727124186
101747,19391.253209235216
99271,7735.748235315822
77493,32201.047592890132
100122,6410.194461427004
96424,13257.374909246688
103113,4897.3733607302465
107985,27067.655599342506
103634,9442.220687096315
93302,28333.055535473526
93877,15031.534001282069
98121,8570.406785333247
91191,14465.981682260614
99106,20592.8384953775
83151,15768.164369741622
87913,5228.3583534878535
105517,13369.085643569404
99452,22741.70954711985
95017,28564.081668116545
98803,11149.882665184377
95625,30316.104148218885
76846,17646.964358493253
101791,11525.375429283526
79911,17977.046679509633
98545,12252.371090414452
106811,10962.54045498518
78007,37123.029685185196
97259,17329.336982798053
96999,8420.884685221445
101969,6413.568273295381
107018,31656.47055961926
76246,29289.370792617352
77303,10964.696333081874
103674,7497.895889601086
100794,14140.968082876301
84367,26492.147386904755
101652,16863.01056796136
95111,19495.154703145177
96965,8379.347527403428
76396,10809.520157909546
80269,21169.34281774178
87328,6894.574440697306
85984,16273.723126815306
80193,25822.505790334362
98525,6610.5215668540195
77460,30348.670349789372
85424,17813.56748336438
77271,20280.984115459894
104786,27546.045165658532
103727,9650.497262393475
91819,27034.670572675175
107028,20420.94974948129
94966,20566.35823732215
78126,15099.395678261773
86200,18014.232345573215
100317,6727.5310480491735
88403,17790.94502947053
102036,8329.912290395225
78858,25391.09128257658
85122,12212.805766905461
107516,13579.876647714762
103432,9566.294399578377
97354,8049.594868360349
100218,13878.586477323779
92759,15435.877234280066
107648,40397.74538888888
97107,20316.584599039586
90871,13381.544388661754
78611,39213.05661525511
107537,11893.462724617899
84840,11329.033077504957
79802,23940.03178761954
96763,4400.1924551822785
93033,19111.758664056902
76969,32469.70385226829
106154,9950.12047042263
105965,10007.111946340818
83644,23630.485543910658
83889,11050.990181555651
88026,9652.585799030789
81652,29088.58915772797
77312,18297.564712978
102749,10759.188231848715
84444,16602.76755784006
81496,18070.910490070637
107471,13395.115206398548
84265,3472.7575540211706
92346,40914.85400497617
87248,8884.640374127639
94931,14238.349164936775
93712,27122.947870423854
80162,24356.47103651684
79351,25145.172460348494
85734,2317.0625780423275
106372,12012.221441719925
96106,10186.645538976803
96702,21982.412988173317
76823,10996.129710597254
102214,6223.657316215338
81128,19446.600965438713
88320,13614.081414791892
83531,6960.116570651433
104506,21170.60982673587
84074,6452.516581331788
104709,24349.82891793085
85626,11044.384229108173
98427,9574.233421911515
78699,32209.56555026455
94756,24555.75555978402
101283,7990.717292970393
82397,21731.18583125216
77954,29264.926287996335
81630,24908.394445191487
87025,14457.535768454925
81189,16956.49931792181
107048,24949.85103250794
99510,5494.99138888889
85462,21295.090818714747
99442,7044.1025927097735
85541,3422.786673740511
81635,34181.82329708872
83983,12190.94648575322
96161,9811.768491727014
90359,12901.266206755558
86597,7769.460714171563
77633,12506.110441977766
80552,33587.090612000415
87749,23446.81666136216
88246,10790.815947069625
100434,10151.835823363397
102049,12172.950879907865
84649,9696.200428433784
80783,18378.019961854876
102021,7924.716071261396
107760,15968.16858672529
98095,6640.346819241588
103474,8700.744051559146
101486,14671.459786002384
78334,36743.76447246906
97026,12906.591600447866
87049,13806.458465903897
94207,24951.59898888547
90080,6810.154514059452
82025,17603.317153545297
94478,21007.184559639787
90501,7842.609056052331
86699,9770.514938063123
91557,29119.49265750003
105343,11412.239110095265
80034,29219.91631139142
84220,14145.663469462472
79498,22969.204417176432
96294,27399.627688626857
107974,7571.161055538524
80316,12723.308195917158
99928,7683.063182113861
91851,10139.748868547707
87827,9523.271702234122
98130,14903.691320292652
96139,17711.85551308075
93176,31829.777446910877
90903,30840.762479187488
77200,20779.344717792224
95858,19622.12045632275
77764,6648.551166666668
93978,38251.95029552968
78852,12931.155780974539
82121,15370.526560907485
91653,26555.599703645425
88882,10003.513205244579
107327,7168.247696778999
86583,10130.330435809716
90101,14417.611117072822
90893,18343.58194932197
93813,20943.285982828635
79215,15808.53836755226
96480,11206.608612282218
78841,34163.56102455823
101519,17015.406173133128
77704,27446.40767034353
95308,21954.376313628887
106617,7772.092246566634
92279,22729.694052296698
77974,26214.468481481483
96897,10402.471337634084
84841,8314.227654991955
80966,13319.95059168228
81646,29581.799161884923
83773,10361.585653037844
80357,27110.483637363006
93576,12736.908767278986
76332,30401.79538551608
100522,11611.517775012158
95723,12492.0623120014
97599,9640.635914104509
83267,13699.010223691059
107086,14530.11378117409
80173,28217.80329251568
90902,50143.207631926496
85442,20264.968622907596
82924,4588.158944444445
106669,22259.631184613478
77358,21404.57595394344
86661,19588.713336277815
101073,12715.664222355155
83897,12831.429528137802
92465,21621.168665994803
105110,18681.777898823013
79370,12564.233103820467
106568,13684.519097359116
106121,6554.10463934588
97194,11860.566108929026
89289,18795.70828862898
77301,22000.87702418306
89051,21194.993211253415
90207,14500.758413663947
95193,17976.07788648128
98653,6899.859029046231
98934,15388.119502490983
102897,10914.792306827894
90845,9463.10185395554
101868,7971.618723700421
95210,21194.096547409088
106341,12683.388421122194
101091,9463.508242246151
98060,11592.088934897065
90026,7380.4424439013965
88157,10652.595708014805
97383,13705.674508882184
87451,11228.464713793583
103381,11226.140766986822
93512,15518.383699605465
77414,61052.7005719096
79553,14332.638972189854
96377,9235.136034258036
105001,7507.969631849625
106183,25274.433199939245
95745,25503.282292016713
107011,9382.389391818573
78953,20766.859499256407
85187,9055.019661424574
87941,11274.190758683593
77483,20317.21884421135
101372,9106.295518143734
83730,9004.51159677124
106166,21293.73050711372
83753,10214.561966492305
106514,29900.83608450746
101583,7748.215563248576
105137,2662.493447123863
105295,26876.98452991086
77657,47461.792129629626
88515,7874.29691168635
93729,21324.546571206094
88280,13939.794055495548
102832,10431.336679584783
97873,12662.814674763855
101671,7771.738019679647
85210,11106.755383014897
80735,28734.75636257463
87811,18173.021526994315
97684,10598.466877759807
99915,10925.752850880799
97502,8524.942593987947
93678,45604.715974937346
78821,17081.91833783078
93898,16570.22921223922
100832,14372.934954616201
104921,14803.135034221044
83890,17202.547915439853
85696,5689.105890610592
89485,11925.364187465431
87460,11237.883197516547
81080,49551.73794604908
87235,7838.198643055931
87587,8418.26630439688
96329,24966.241504981626
108174,9592.18435462994
106700,12654.625755379902
98539,17844.43898845035
105234,23336.07321760616
104708,11299.728847668483
79081,33131.85737379156
90270,18288.703495722755
106057,5421.1963043222795
80928,30898.89144045711
94218,34459.207454384254
107429,9184.005235530833
107776,14316.565654364209
105303,8590.181360066055
107166,31862.652228726143
94379,26230.133803372188
94832,4392.4625000000015
83043,10606.820214812014
84114,11191.285298446915
84283,12441.688042760916
107679,6967.251968871115
89280,11736.942630742744
89840,10712.600929176746
89927,9822.159017171294
92218,21934.66866654349
97100,7621.806370500191
79443,10542.43742954827
96551,8836.538842283577
101305,10774.561756950394
102576,8959.703658832825
84060,17314.70054617823
92280,26502.873455685032
105210,12407.670446686265
104496,19126.011263948378
104267,12101.35444700409
91491,27240.619151620547
78595,20380.996214489696
100913,5791.335544131793
103028,11043.869779121522
77788,24168.6843161478
89629,7376.225660975496
93781,24265.832108265397
76551,47715.39997474748
84917,13360.988812289705
106009,13445.114423629093
96109,11963.89629176579
78933,20200.755396585813
80386,45746.53062070256
105590,18738.739250552775
87670,13805.064390898688
84443,22571.23288738516
95776,57544.13527777772
96400,16223.624683379572
90834,21538.26117600508
88360,13875.202231427334
106848,24227.41844858376
91981,27828.3728906299
89126,9608.918646284897
104879,20059.46751352625
90449,15232.682200137544
90667,21438.35806344535
78986,11219.915546633896
84945,14407.365691083654
104356,10922.548120258745
105159,19554.947549581888
87755,2988.9066218776775
80978,26098.64221885522
87272,19782.882465739647
77291,29974.510102703764
84904,11391.127317212273
99446,17279.136861022133
78688,29371.48724328911
86155,13035.118344313965
79551,28817.307366581346
78281,10050.064054061431
94551,44611.226992209675
103232,10471.946970967316
104767,10165.71053279919
88566,7767.966102540385
77896,28483.552551025226
96885,18934.759930685046
95778,21338.105755011828
86874,10143.56587170863
91080,23970.112738026146
107737,13703.781724107368
104851,24295.996985358164
85070,23150.02673835321
87362,10766.0509622658
92302,13586.507887000898
93294,18515.496817427444
83422,17594.676424715024
84862,12705.843032343975
84415,11186.072769305496
78737,20579.9374684161
84686,6676.795101224744
95112,25666.9481468254
86518,13075.257867477963
84839,11997.585641603986
81172,27689.344978395224
89932,19321.527392060045
87300,9147.865523448772
105568,14641.750874242522
76252,14236.662700396831
80951,31110.087465791697
83509,14521.358163443398
108493,30002.81564014353
89976,10202.496112577373
102525,10250.43914153439
88102,5845.380634553712
89605,14738.74201886381
92381,10951.927666666665
81987,38298.31611111113
91951,25588.824362720643
108167,16182.107596192684
89798,8136.792447228075
97312,14927.286922341986
106458,10887.099766316094
80611,45340.770225797605
83390,9399.04470399383
84346,17706.72413395054
88061,11718.932772571947
91266,15469.98519253403
99611,8063.019616788087
106366,18756.28733941505
91936,31789.24503581455
82520,12334.487949757226
84865,8830.969880822277
80141,27533.868989206865
91890,16760.689853885844
76251,18886.075427750566
84247,8173.226258418457
91298,33939.69425000001
88015,9431.009819040624
92776,26528.435075972662
76709,9823.505731294696
105728,15291.873592068525
103796,13766.532858992836
81171,19849.999782051287
88413,9691.783335713913
102155,6204.400055555556
81200,17276.102326361684
95674,15232.12473996535
96157,13071.590424616275
79020,22048.079686185483
103587,7574.7520734020445
104190,30625.01174244302
80486,17722.61325673984
91177,13252.97132239382
76909,25643.583613452924
97278,8515.857281461065
77170,28616.853259258703
78840,13329.059915974423
107987,14320.78158631227
104444,14461.680725746779
98408,3921.423941573229
90629,17655.652837103884
85268,8884.219511740044
98419,8481.114689053304
90747,13195.425821387042
105907,15232.870957290643
88335,10726.924373282442
104161,23955.62482815569
101427,12851.971181856348
87176,18369.893470674328
94012,29203.59941894679
106937,19085.914730678636
106573,39101.50684126983
96877,9944.479176698542
102568,8392.226201116157
93510,20962.135136304598
78820,27113.419734778057
76763,23734.806587301602
106884,6648.5002830224
81041,14557.102734551436
93827,19182.592013383153
100321,8491.15427574277
81450,10142.016002853967
95107,15336.860827924696
93670,24275.056395353804
103551,11961.597981724812
106715,17477.24321688878
100863,10505.230386118621
79259,10570.116160137375
105336,27332.82554895708
88906,23671.83493051664
93039,28662.674316379547
85639,16465.36993194252
98378,8129.493841991461
93639,13244.698484721877
83518,10005.021011506711
79592,13053.414913172977
95678,18263.57544901858
87400,9869.996393641728
98813,14370.370410698493
79157,8683.765079327373
76223,20479.91533333334
95406,19142.062261151714
83724,6238.4995889768925
89739,15537.359051711792
94933,23526.826574903527
82605,10950.951377289124
91566,18150.04081170723
76873,15324.885771093284
96884,16774.625928248457
85901,10085.720338041147
106449,20758.829669443458
90672,9978.964463918825
78513,22635.959432475775
86464,10893.490221700195
82921,9057.77527109594
93886,27656.390321669078
76303,13482.20993060107
98243,17486.935142077462
103497,11029.732860544245
87786,15245.524071556625
87780,12976.49996113857
99339,8895.777314989806
95351,25063.408609522452
106965,13503.844254064412
87540,11534.99714633182
99854,10768.282104774496
102357,2075.064950106056
90737,7298.6225762673375
85392,16987.184109796013
96882,5961.731484912457
88268,13202.080601084197
106075,20260.082601012557
88674,16155.117764157458
77623,14221.534015873016
80394,15235.059961608127
94942,26163.327553877803
101237,15399.637160703387
86351,14222.223731005157
87055,9178.394565002765
94851,25807.199828560897
79816,14892.901083333338
97214,13695.990433139754
88900,10139.245850611927
97464,12422.674958405742
76403,15541.52009195291
79786,19338.695957169584
83858,11257.138955987839
83658,9446.553288451378
96456,13183.472425607086
106217,15347.909782385217
88111,10928.693582243452
86581,10712.300903432626
98218,16871.945930853788
93801,23530.709720197276
87206,10321.862381699928
88569,15566.75794441246
104348,15008.319846638631
76478,19272.24962810403
101509,17259.2003226006
100915,8429.358410565006
79676,18628.165467946565
102673,10200.810534911383
98151,6771.353163612386
77583,14200.850340231738
106602,33811.7820023379
90134,12927.441493635184
84228,5347.194416990416
100131,11739.000413276828
92807,26545.495479022524
95025,30269.73990101449
79779,6609.990416014543
77216,26670.738782175446
83476,13090.33211797244
88942,15704.073520863525
87565,18419.905189545196
97055,19275.41377148655
97212,25990.3831100248
97321,16979.821955423708
102240,9782.249087227747
91253,16727.30184843818
90284,14596.399674534534
83582,15854.276842529394
81255,36191.12568890164
93903,38514.29457326123
96241,17251.629532501618
99117,5329.103472222224
79874,28457.864132859224
105193,18827.5636684048
98186,5106.219905099867
103313,10631.11227553372
107714,19589.78482161505
101081,8894.532900045424
79663,5123.63878346868
81108,10608.995900899663
86643,6373.497240039126
90931,23946.28479768952
107518,23925.42783208566
84511,22049.8311305784
80689,10916.837956281906
86547,6349.168217195372
79670,15179.628480699519
82281,16523.887522838282
102274,6379.391983071298
107948,11879.587827177786
97149,10237.702510225696
95980,15626.476905486727
108047,30536.060431770056
94763,27443.29101939309
106148,17245.40849854141
84164,12303.292399252747
93448,28854.59567993876
103837,20031.25179903102
91861,24097.607602699405
87914,10553.838242228727
85944,9024.141280962773
83795,11085.808905784332
97374,14451.812566768027
80569,12162.19822071888
106331,34196.720871547644
93177,35711.568887889116
85257,15706.436640420965
80094,17418.546601381677
98473,11886.070856967122
98021,21441.477176913857
91714,22190.92550350182
82569,16276.180714029608
96451,9223.679537269245
86310,11195.993742233411
89702,7645.7536503486845
87577,17078.910990598804
85221,24954.935907477036
100454,7296.451673844794
96748,4907.173435423661
91472,6859.498475191477
88350,7111.236550444954
84386,18029.163609850406
107993,14638.756622917484
101496,5735.4400297475195
96805,13201.056409883446
82084,18769.147388900663
94643,30803.412240038
83871,16420.771261823396
82327,19106.595408268662
90332,12818.838719314983
84949,29179.84187215099
83111,20138.257110956263
92067,19408.41039623082
106714,20637.916763692843
85531,11703.089833549071
97311,11058.074602729002
78102,31921.148002544996
98348,14789.737197700444
76715,24542.79343359015
77091,14249.35929843525
105854,13218.283010289939
85983,8038.409410491546
80823,13014.678988460037
102612,12076.452523358017
104209,18760.127663707048
97643,9542.50642716044
95340,22408.387064799022
81183,44449.55532794537
87928,5994.339279470373
89448,11320.780762530614
98522,10241.751436791228
94213,10123.613945224128
91583,8475.874953703704
90280,11410.917785249501
93287,26088.300233268354
84510,10955.638698285244
98179,20472.560184067122
88162,17631.608405720675
78449,44722.65161610147
94548,18523.96955124434
95056,28664.651393309607
106725,9875.259949046043
97968,6645.069390046434
104923,9905.410318431539
97276,6946.136801220295
97080,24141.70922152364
90691,32982.74668884287
88033,16867.494271440886
90160,18060.027784373106
81661,12101.066845030147
101260,11240.64213945433
79520,29987.3365374857
78213,15582.149252501533
76187,29051.052108305103
85752,15282.64833846158
90729,16324.323214505048
77637,19980.924116300364
101847,10091.019724557642
86787,16115.07886260386
105758,9946.189002988676
79389,24254.411630744016
98312,6561.942110473624
100222,7618.265689846012
87873,10249.21268692207
92965,22185.06819772512
89168,18608.396394413154
82368,18960.792013114224
76505,14265.374030117939
100946,6370.540337241884
85815,7890.197900197765
87705,27950.56127004058
106931,10274.567098697467
95571,19155.81740404715
80308,18564.211717991086
91824,21439.216942082254
106743,26679.968320678716
101866,15993.151559134752
95817,31854.445472323554
108505,14559.562761191279
88722,13967.716498615759
104371,20354.02315319624
93879,11888.59955917367
96038,16825.758964610824
104690,11188.47892689938
93199,21892.904426998564
85967,12994.577709545349
88714,7626.247560184904
99467,7233.16126835916
85701,10087.264603396989
103450,11039.467558796752
96943,10901.652181895313
88526,17584.211707531584
79326,10400.121339951444
92314,35267.533477993435
106373,18399.604364676863
76953,21586.76403000349
89741,7447.302034990541
100458,8082.350257558605
91895,55280.6497638889
92356,16230.110488904407
80632,19387.33533463519
106959,11880.21063379183
96251,11760.022976557542
97996,24449.645339053743
90021,14808.744477913104
94899,31293.61958527712
93093,14783.519423411803
100175,14095.88023633285
89968,7361.113323570524
102132,3783.989332729182
99121,11474.593473634435
92662,16751.727619047622
96612,14994.511818452645
77399,16593.52317676767
86443,9769.472576064278
93198,35907.89000211849
98001,17988.930286052684
97764,13584.942289827832
94983,92937.34782539682
82703,11554.874022329
94794,30254.56051516335
79793,18293.205638416184
93376,12390.38226054138
76374,22865.766859087627
84045,8080.778823827578
106780,19351.364373906912
93213,15664.042918043915
97870,9020.973203941288
97748,12783.650564951959
97255,7770.5740135116375
102668,11999.258823824657
105898,12757.249934218557
101786,13479.58415371972
87690,14511.63122151766
86329,10799.24274684519
77696,32990.52644684472
104321,47767.04191919192
86782,16302.567195065174
97134,27451.535897675214
86684,9748.885622584012
95509,31945.763331260823
82314,18927.339438553397
84124,10631.53166794585
87597,10909.931065913188
81357,16181.225212962963
95055,18667.044086771013
100244,11163.249503740632
79271,15340.438111111114
82043,28303.633536895428
96348,21041.84565543795
76594,19868.81301287846
79552,16327.22154744183
97181,15350.34550202913
99147,11178.855550378512
90786,7475.626037050952
96203,7803.025817092306
100288,10809.57787277189
81529,20764.853624884905
84229,17806.752641363935
94332,27718.8807230409
92714,20677.15755130818
107716,14743.773057079075
107685,28205.238111033912
97836,4698.100194808966
98284,21259.08664956111
83128,16993.461491232647
105500,11961.366924695401
97781,11049.11433385715
99341,9536.902876918455
91793,31869.142176088146
76224,15895.985977685352
80840,25297.662273475256
94587,16900.3128853332
98667,11068.971390649758
78973,16354.815168052406
85175,12567.054448452032
107489,43333.21139672177
95790,13285.922204555674
108044,8794.346449603814
80652,25698.5966382333
76007,14000.148884087319
96039,9787.500505451817
102618,15285.13115719184
80863,15115.868396647746
95695,19098.363609790536
78815,27731.614982787254
98063,11551.10293836672
83732,12985.48532937905
83190,15330.04727536216
99504,9479.171588833527
82372,12595.772724755067
77977,40001.49942835095
81688,15316.972301320971
80154,22408.06375812552
108106,21864.95239328124
80724,16800.04802037009
89190,9277.013505597646
102321,16289.552419791398
97375,11257.633799970166
99379,24703.74253724144
84767,10243.242558284042
89470,12067.556168608273
85592,11175.681501674937
80381,27821.22327072224
92149,30056.060167494168
96044,18071.060387005193
79041,12321.367552443384
103108,17988.322744732
91118,19124.887749115693
96434,8279.655443726295
86875,13678.463738600478
100326,10154.0149313346
106416,22135.444007236703
88074,9217.1861848718
91579,12296.938411676541
96819,30066.637479754427
80373,26672.01998652326
82681,9940.123702282113
88450,11020.873942083083
95040,15104.937509684467
76720,11811.31688563661
94576,3819.7304775132293
82502,6550.062859687503
101100,7816.176704012279
104522,18120.410604826808
108039,9953.948281497116
77894,46237.80617385393
80888,11102.830278087753
80366,42273.731194444445
87653,8969.710985509351
98083,21500.772474599187
89042,13794.121127122948
102520,12952.645886524286
101620,13955.748869192443
108340,9768.224819419722
98465,10970.160044693872
82307,34740.826170430504
107499,19617.02844491917
101440,11122.516721353868
82392,26009.17578765651
79371,26970.094827713336
103916,15695.527859983798
81192,8357.867199249002
108185,10233.443790487683
81811,15841.729828174495
97993,12240.36505955269
80214,24249.72103877738
79896,18359.95382317802
86793,16998.2868567768
100548,15298.945225680145
98986,9261.522751717557
82411,10926.790107573304
98467,7678.859051398566
98645,22201.37864880953
84530,6762.17641836852
86479,7179.846587193113
90655,16928.69508462647
97319,10760.497205192285
107749,24665.23781876753
77199,28154.960664423455
79255,16391.50885655094
85072,8247.696648510317
99421,12422.462506655078
95187,10783.556352651016
103262,13391.202904232487
94589,35450.75905555556
77608,60385.238472222205
89729,5937.371609234333
99171,22099.883888108667
90914,23846.755588177966
83250,16191.215750837682
83275,7780.687952847495
91269,23899.667442349422
83003,10287.479087333222
98988,15266.58833410178
105748,12815.134902795391
77688,16625.627122846523
91090,18124.836363766564
100544,14456.278699217324
96608,8763.652747158207
98784,9416.36019296858
85655,16549.306150356937
104236,9681.012981315203
97437,13669.332187047123
100150,5206.823998201737
96911,30679.06486507172
87126,18138.75774383171
88544,9411.494360625991
97889,11484.243252791715
76768,13673.951001728059
101722,7854.238555681241
96407,12872.132413489599
80640,19176.674266501683
88000,13901.94879424437
103451,14888.813290046217
80542,44449.32191355867
82212,11062.538678414778
102407,9094.428815635933
79895,11432.592914218647
95909,19663.732084984273
79646,34153.39391214283
77051,30670.965603661756
79375,35430.36199238256
92023,30774.50339859452
87608,8980.131633664092
77731,13810.196896215099
94671,28145.887228369214
107804,17020.05260220097
106359,19944.560911390712
102758,6377.26073394661
76944,35051.64049837707
92103,15396.80408609431
81188,14635.430071387787
84157,14874.338060861532
77509,25976.842351103336
87332,6365.881321877153
101597,10521.789151352266
84021,11282.650903654434
79820,28076.599242552948
102505,11721.151519566769
82887,18626.84101795332
98676,12182.614932092632
89288,20165.00905878283
89410,12533.858986261874
76489,14237.938571178702
85587,13155.507522584561
93752,14029.444182346602
104857,14978.619916332498
91582,29729.36930038898
100760,10500.687513311508
95388,27058.47178631242
105606,19254.762413848555
93352,25689.813630084944
102452,13297.140994786994
88997,19866.80709904887
107478,18892.348818909024
82604,12924.135578277948
87188,16249.593010256569
97769,8245.017658598577
77941,23024.44376325443
91489,13288.000001584236
84501,15857.153879296267
97428,16674.730594562312
107961,16956.2309904229
106520,7474.655993012367
82860,17474.959071461515
93232,21829.545800537973
106592,7447.166874061738
81719,8745.90016265713
81658,17724.30722589626
92676,22145.339246567408
102253,8506.39189159843
105237,13475.174376670515
78527,22908.838912165396
97452,8208.8584811064
106530,18333.88187253908
84118,12684.925462014182
84314,11050.24988607575
92313,24870.13967685509
91271,28892.639465453234
86067,7601.15713495118
100751,10138.219428705872
99647,30157.362189650015
79872,65688.9246846764
89703,20924.001329359548
82985,9334.379207986527
86719,6969.744363800388
78249,27835.020687939
94826,33248.85718428051
80867,33025.29813796673
88405,14197.058447738964
92596,17404.993452074512
90699,7607.384085192561
97504,21080.673534698723
88236,16018.13289035811
90859,7903.183644731986
84327,15695.154289172608
86926,9101.908210708114
98478,9336.20755827258
82435,16132.430532647182
105477,13899.893442653729
91685,14642.565083184758
77406,15946.029194368286
79806,13853.431464380395
95728,13879.484305950786
79181,28494.98203456046
89777,13901.01246785672
104090,10577.477677421766
106849,20820.815357742526
80612,21141.833995364912
78114,15640.775637844621
93850,30145.82962270595
91913,11386.587919784108
104359,17725.26290869401
103818,2384.3166666666666
78505,8217.903622782444
78147,4751.961666666667
98618,23212.487675438602
80947,17104.21820880574
104926,8980.466674733172
87266,26612.091235394597
100085,10918.074896960228
99550,9779.042613038173
100618,14051.77134316792
88609,8542.686521698073
95379,22216.023908949915
97130,18300.76406354215
98078,28413.156649976187
81543,17677.219678932182
94442,17134.036555354007
88513,8219.324329993311
104084,17225.253258945068
77862,17163.77202090238
83231,13213.576403116314
80020,27506.69245712713
88533,40951.30440476188
89260,16141.253008697651
82264,14217.05677121756
84569,9838.462954052793
94361,45019.529166666696
76511,21546.730612630792
79088,14299.898870185765
85645,17418.570633813284
80492,26256.153446120123
82092,13035.7480952381
80792,11312.41118376831
79022,16139.228362656839
92175,16107.276616916455
87149,15829.359397793492
94676,26643.17636601127
82453,12851.461098929369
88623,16305.456014137328
93157,26317.085224392897
91767,19971.84698317383
82525,13975.328515424366
83387,7300.548031897745
104711,12574.249826527146
82040,22519.13578609989
90973,21853.961807975804
85628,16804.767021624597
96701,11991.587787546243
95441,16729.415481986955
104513,12483.021808191774
91247,25937.2257695592
88940,3215.240727041521
77571,23073.59071437609
104299,18997.703959379993
92609,22459.14969153388
85134,11048.023713300106
81305,28962.164406302913
77683,22206.262393538735
89313,5634.842910907886
85999,9510.25148956253
100266,13284.784034971008
97102,14106.210616376062
101321,6444.59740932778
108299,10667.997868496173
85057,12826.688227003644
84995,13790.6438239321
84612,9176.11367302556
94300,19324.164946382538
93656,104136.54030158732
89647,11885.369129679513
84389,7843.946712736192
90197,8104.32332998239
80844,7857.490991545487
105331,20540.3788549181
98831,7454.942540065084
89697,18129.44006074477
103351,10426.757789519206
99969,6998.391903517403
99325,12441.079956200338
89198,15050.978980035223
78239,16270.320177136322
82481,9072.426073882696
83655,14670.847438434821
83006,12423.470007575363
81067,45881.18553418804
82451,15774.691828288169
107390,24799.808939478626
101406,12793.85199309636
91715,27689.412216731096
99989,10458.836374155759
93206,30574.390616609282
85902,15073.113583466753
85195,15492.350491060068
78130,23999.52551737244
76552,27148.665131308117
89420,13521.605775381575
89566,13628.399102638068
94682,40660.311760046534
87373,17165.467152549227
83481,11017.937333966105
84348,11273.48153431192
88809,9696.006563033114
107886,10198.087342299086
84976,14280.46994234838
106340,17000.782174867047
87849,15749.257287114875
78363,7511.6833382088025
86657,15840.03543230524
89773,20570.547937459894
94449,30943.061654727782
90861,15177.988074680254
91749,27552.136080537213
87090,12753.85272038162
80200,25210.407423167373
79369,24435.15899231494
101679,7851.931950133571
88080,11350.115227471395
103400,6995.721582071255
100960,15602.236127593682
106116,11972.481453938455
76678,35200.01681382275
86832,4628.20255760099
80278,12382.49408961272
92718,15556.666413459976
80121,24909.539032946814
84360,7882.910263563564
98000,11607.073977183965
86852,9840.874481125045
84665,7202.054559371458
104032,19069.950497933187
88348,7329.766869611554
85919,13407.594649401366
102408,6193.051988409303
91678,14081.21981285371
86965,14008.137647098252
99748,2726.185555555557
79192,15269.959352397127
100469,11651.053829494696
102772,12064.69210827203
89526,9262.926092977228
96191,7796.919613404977
99222,12305.052979571768
77086,34729.73445461501
84447,8140.886722636496
99981,9748.81790443087
106052,21351.39883372419
79612,24717.340523899602
106792,16411.045726700264
99124,8074.780208244277
79678,31158.004914880064
101632,7327.64401420821
77692,18471.3516915185
84345,7436.948659881288
95000,27375.32785004811
83015,9556.17605121627
99423,21267.163210455892
107480,20555.47474227134
93765,18460.393225665226
105419,9843.874083565208
94052,14943.969348290597
97432,18788.648953237607
79133,26951.091996314408
93225,21577.415072242322
82956,11283.265912561945
101231,11158.74947654511
78727,18000.152076922186
92150,25081.506263926294
103869,8129.74966278562
98266,11175.455636483961
85017,8975.137387953473
76853,28016.585176807126
93027,15493.821185064937
88493,9732.61894231714
104829,27841.857820535322
87800,14847.506022281848
94723,20315.802260029624
77219,11883.78763133324
94891,12561.26471463484
81656,20072.624780839626
97239,16233.290455507515
83620,12429.276319009525
93312,18269.99793250773
83441,8194.656438244396
83959,8838.61251787292
83653,17241.081632977253
103364,11755.956672728262
81279,10825.468409366873
94483,24803.556515578577
78683,12515.808455427745
80423,28366.694919365596
104442,12131.598370018191
102026,9506.19154046943
105992,15158.814198328064
108007,10415.217404897865
81476,13264.587390695913
82770,7617.062803871247
97979,11705.416408863985
103866,6833.113299464969
83147,14030.331219421814
102902,8362.20015970848
105918,21230.16231571284
100265,12694.814585638362
86165,12269.305019241805
107697,25102.728306917565
94497,27417.86010991176
83540,7965.832822323876
76617,23290.839631261275
88133,13012.133252089407
92181,25027.58945402898
90065,4281.232679387002
94177,15738.095669067961
86942,11273.583392701983
82629,5599.114067010453
92087,22778.46589615229
94508,15485.227870610292
81678,13682.127986819445
88106,15937.943503899578
82869,17619.865968730574
81744,26493.020636066904
89208,4217.135844017094
93035,23427.392501617713
94656,28622.173602279618
105571,11594.619322697074
86332,11149.640118411357
76711,22528.839298396255
87423,10785.262594566813
97343,25215.309726800548
89591,23814.443816733172
83291,2077.35991344723
76146,17497.70025195452
86683,11305.22270867238
100726,11041.5135236185
102328,10519.179389799443
100991,12759.727481766608
98049,12638.870402280892
104948,16907.643097378135
103129,8085.84234346647
87892,15885.520272970618
90770,24236.57476490091
97113,14172.934021448493
102422,11313.119234443262
82462,13310.35894469625
99700,18170.182958971505
103799,5654.530083818289
96959,12569.063321578451
97715,8326.214493580921
90880,10495.263775871865
106632,12437.267443457209
102656,14281.090125220459
106686,10070.03809306467
97346,8334.542169521173
88283,8055.105256780406
102248,15345.373724310888
89091,14786.96067760087
100474,11069.867711673376
103428,8356.51820978788
82698,7323.32850275291
107510,8674.27004232287
99122,9196.957590108192
93152,12664.903024327019
78084,17952.16461100762
103130,9597.285624010525
95826,58282.65298611112
94977,25591.294522305732
90104,9014.918272623858
89105,2478.0078015873005
95397,25952.27499766784
77476,13745.627651093564
80208,11348.792326008306
96744,12788.978591187879
81310,23654.238196894617
88688,8421.1972929382
100514,7510.973365981329
79490,23151.260820864074
89236,11949.410641442186
106677,13361.43269336954
90882,12353.580375214895
105048,7525.716482117215
92458,19024.254086858084
91682,14054.888049209074
104659,19688.757091125437
99559,9389.089555792929
82608,7815.398806422888
98793,8898.712279496913
101083,8794.073114673663
86469,10997.545946520064
106304,10294.076891705534
100515,9741.224561750014
97006,11770.12842235459
87531,2849.3087293494914
88873,35867.749619886694
91700,16110.854633068364
90471,18178.664385373926
88077,21130.8475181252
95546,45323.91210445949
77965,14008.148926476892
91548,26974.214400816658
101360,15567.233470013818
89845,15097.241481649438
95934,24946.81250003111
103745,9615.321057695806
85862,16833.590905969224
98424,9100.962942957847
81736,26426.200816837725
93391,25319.097293973988
76523,22200.422210857138
83573,19094.200518892445
103118,3891.810815884062
84399,25767.164316250277
84864,10799.196034448301
104282,10296.350697060088
95389,22431.39400173763
108097,13167.822875546317
94999,12467.909992063489
99345,14672.169084963503
92946,46218.82731747991
104048,13996.798778729571
76817,24276.27030757131
90448,20154.874588260194
107837,10310.422199020137
91182,17949.511574556676
102654,7162.305541807508
95298,17384.503595291062
93659,21644.158151980268
87866,18570.177177114994
99990,14306.641185302427
102469,9571.556729643566
107351,14563.668856413706
82490,9037.7121258226
80756,14905.768574689488
82365,25504.484728810217
92332,15144.140004798934
77456,28938.07154532811
81007,24354.64419108264
82391,19443.355714084286
84647,18831.934265444736
76296,19290.24592907383
100192,6749.148062471112
84547,13170.02948838244
88877,18679.33677631845
84254,11158.972773368974
87836,8663.428027346969
85970,9273.665708858005
94834,15622.658272269928
107159,12568.648186269647
106800,10098.509171868387
101989,7475.341475379492
95604,25613.93956419
103637,15465.28681983088
104301,11501.87936784475
83799,11872.068404150114
107855,13658.960899337486
101506,10455.891052018833
86644,13490.59565503369
81902,67175.21220899471
90490,6959.218053061195
76314,18953.91137947112
95360,31417.93826294139
96272,8051.546051935229
103911,8896.407001633435
106553,8696.291503102953
106063,17010.623067802226
84179,14358.681647754001
106912,14528.709538031202
103819,4792.415277777777
94009,32336.412996242823
98285,20584.99436754597
81101,15287.47963682183
76806,20002.41282407828
79127,13729.214306887627
107416,12225.056049047633
93786,26693.06422123449
101542,13085.807586327679
101640,9857.496724288128
98800,17569.37466829503
91451,34715.84143516278
104033,14889.434862216835
105550,18717.45426155746
88203,16696.888788054912
77481,18699.649793650795
83704,14958.042758311878
94474,19654.105442483207
101924,13670.451984007941
93203,32514.392961390622
104628,15590.770417425136
93308,32188.146819861307
81984,23036.921948593077
93228,27643.37164323492
94247,18773.820309213923
85162,10621.694130857239
104670,25611.808570902293
80875,46820.22157774487
80850,23823.061502959714
79475,25352.36038417202
87229,12149.270669375559
79162,15824.627297452558
107652,7696.063731438043
89835,20328.460056295553
77430,25628.3985952665
97568,14164.313203228756
78947,45847.48344312166
106692,9350.052626484185
97127,5226.889869397691
80876,24097.050402626908
100152,12724.138098478525
88949,18268.86064912458
95804,38313.03215243904
106833,8798.880331086397
89283,13046.435530818142
78115,51514.008611111094
86941,16124.051419215497
104794,20639.285077556062
103892,17505.6062770537
90746,13921.424272527542
92996,17806.505121037884
88679,22852.96066910203
101007,8731.02456701843
97824,9620.780505846737
85138,9734.491908631713
87869,12462.966864183907
84266,10053.645484669896
88682,7956.105861065964
84543,11091.848468731125
88967,17261.367886725966
78831,17730.67261989385
80227,22224.8348630896
88995,10767.093010306566
95761,20100.035439924988
82060,16638.523182413704
78253,20479.30575159682
81193,26247.31888126442
97309,8337.023325128805
93654,18860.30294702144
91399,26649.83371418051
107195,40181.364756734
82137,13712.478587434058
108006,13560.874368117175
78534,58497.92822222224
75979,28100.954166666666
78847,8500.83305555556
94746,10304.506762291026
76591,14118.107672417764
97366,13153.90710895716
88756,10683.853588430333
105074,17277.416824572625
107641,25607.025232270764
103717,14316.094608123356
92559,28979.083277777776
85453,3418.155628613869
91736,29226.50209775554
100632,11516.034045398592
93314,20398.602836155067
82593,12762.038961634315
105791,19613.005259487556
104431,21182.424348635133
77967,22784.321104809962
91373,22982.302987110874
86095,9357.605353078445
90950,22741.520882177236
105410,20901.34221457048
86516,7856.854371364266
79221,44807.178182477655
86603,16853.54519087359
84058,19371.79581442366
101017,10839.395056375395
103065,9795.554766987827
102817,12617.774532673418
106443,21204.380669390124
96455,18142.379322990226
103514,9959.314839091146
88407,15785.349403472886
104658,21002.414017801108
83823,14713.1354782334
106801,14734.945297708164
100859,9506.155290618073
97156,8646.301064165753
99816,9007.3582879765
87726,11777.579328893687
88783,12317.207592853596
107654,17453.281493249968
102420,6254.9574114219595
104147,32511.15510865939
76019,11431.871373437167
86158,10981.975759134495
82852,7384.672659636166
100871,14743.107928619671
92537,14808.864177365036
92028,12277.697111630428
78319,10296.471163179407
77111,21971.72904828124
81426,14743.847947106871
108336,7740.353714750389
106048,25576.0145197564
108482,14769.167604489665
91336,19378.6259018474
101242,14429.568931541971
108309,17177.954102442327
106397,7137.2010540689635
82413,8858.482435379345
79355,32976.51171017661
92826,30313.10811534391
102020,8748.49098585926
93857,32635.998804016217
88875,9215.092562408212
81926,20046.99258131375
79236,17918.595207817973
101106,15777.630326357012
99069,7920.1866852259445
90017,7787.2512883703375
101706,9287.380228269913
89701,8790.748548777843
96760,33054.33179221055
103901,14070.524473120728
96780,26724.97910847899
78905,14330.079280423282
101894,8796.730099902568
94657,16512.019408535725
93703,10556.584194130748
98690,9165.581384101883
90597,14604.159790541129
80138,22468.804694242386
97044,9975.408800594138
84258,15714.117608466453
98543,15649.971236469377
99833,12803.20674550716
99848,18734.371091269837
89178,8465.902054859658
105598,17289.035306385646
95971,28708.431752009
94875,31667.245019648082
96048,9861.208495038927
82606,18121.9140498122
104545,9587.93194938797
85571,4526.014293793795
103757,15709.24046410843
80192,17417.613877872267
100422,7087.8502435752625
88065,17020.672173614646
83544,13723.889679941178
76851,35951.84618305428
90464,6671.976772337338
106501,9529.852532619638
85011,22844.162978001455
102308,9587.6216196734
82241,71676.67129629632
100655,9063.97852841067
86477,10923.112886782503
90830,2011.0270022710408
83274,19533.604183081276
83251,9598.812965024217
82122,28589.456497442523
105600,18691.440165828466
87514,10898.606133463658
82184,29966.373852771347
84829,11047.068952472153
90704,26497.98902896703
86306,11311.032653141614
105655,23413.996207485427
98964,6878.215413192718
87189,17322.242877187764
80116,14194.048560349289
78366,30476.11235041414
103668,6065.48583225868
95799,22587.102950196848
97496,13142.951483633504
107112,13592.920451715172
79698,33363.529117143786
78946,32093.38551631613
82843,8404.913205834113
108537,18667.947877782513
93675,31565.228120522443
93629,22431.206396007216
103134,11598.217614862262
76458,17549.49016207807
79219,19302.402744899326
93401,20257.323960084537
87666,11537.712583468354
97697,15214.679235485364
77945,10981.119971369582
76173,30994.142941583952
94835,25829.28581328341
86700,7926.994470665928
105682,29710.422094506248
88546,21895.270692585724
100486,7466.2076621082115
98187,12090.43368232565
81395,15220.84633132319
104408,13696.255462043711
79922,19784.93992028705
102955,11196.189007614626
85515,10889.277351882378
100490,14329.818361611788
91070,41772.097010434016
81321,23039.62490032213
90925,19266.68229650879
91291,30867.313277609428
83986,16208.69274020802
91729,16356.427222337195
95830,23011.391236410436
103720,10283.029722810086
97023,17339.09287124043
84892,7522.131120680363
86618,15320.027161580423
93094,24048.87394385026
102487,8646.637042717886
76952,30837.377923751214
90121,9424.278687907072
89687,34134.31993373429
82663,13964.738315777959
80253,18895.159182117663
96004,13656.384228067796
102267,7838.832977683958
77777,22594.963781207796
85135,15008.25960892975
103806,10999.21947564635
88031,12838.471887903703
84252,9469.081286722156
80246,23782.734532582836
83445,11358.859857942372
107528,9602.852164519403
95161,43703.705741651196
105132,31335.852407407394
107504,11901.90696462509
96720,18595.690473087012
86060,9306.865216290886
76370,14618.577989937694
102092,11571.764460705352
93523,17108.24113338294
87963,8464.16398415943
94183,21832.992777082265
77548,28829.025545891425
91116,29944.560408346486
100013,12825.667238889859
105525,22244.15151803286
104210,17527.977519062115
91137,19497.996335159714
101960,13284.365003244826
80662,31695.825545754346
84914,14232.769818315213
107857,17516.39380008265
94916,25825.534609339782
102858,10265.929650378577
88182,10010.469525427408
85339,11244.07186986144
98692,19333.578205349357
98460,9204.159195294083
101787,6718.936564375438
105924,13867.849307580915
81440,22308.185870735335
107043,15294.870108963154
98747,10005.44605051335
76065,16998.261264788103
103452,11190.0585800433
87162,12535.077329218593
85972,5812.055743386241
95159,29480.856946832537
81106,26726.47130301891
106324,21347.57736643788
86957,7643.277784131452
76900,15682.45002867287
99319,14474.04999812167
105884,23183.20996275634
82889,8257.688786779272
82253,65318.388406815444
80818,10519.022175517775
97074,18533.35511894563
103269,17393.128809775604
78298,16810.14971884571
87216,13557.209603873203
104853,6711.992149699852
96298,19493.235357953912
86803,6956.143452215039
91326,14867.281910052914
90948,17294.599817037913
102795,10579.58573461811
77163,18145.500467747715
93519,33477.38277380951
94980,10559.88163129564
106455,24503.112419902176
88860,8453.54027802756
76536,30537.166636800368
106556,22963.64201583761
103002,18191.33831108708
104193,9281.919029523364
98247,9650.700952581887
82529,9218.128816173099
90499,7602.444113868649
89400,12935.502668277868
94595,19308.089725631882
85870,18860.057753620433
88424,23129.326555555555
82715,11536.793981957255
76324,19914.325663974698
102259,4752.905069508088
99192,21747.960905171225
81437,17174.90273453464
97208,13923.900761437666
76420,16025.61473506777
107557,6128.401367707117
104202,22467.582461662107
83400,21138.824615512403
99664,19164.285476173198
87781,11943.239097416004
105706,32056.964789613063
86320,10224.704944812429
81907,37686.31786908335
84881,8597.256115628034
78575,14032.358573929723
101857,10572.368903915612
104378,16613.587892761894
80281,17874.55617199042
88208,22240.667865173717
85864,7656.481586443223
86973,12356.649891735824
101072,3791.0336503722315
102664,6483.754747848135
107949,10551.805779876908
88832,7766.634473637577
87046,2385.473503171031
98930,7688.3252043056345
98721,18544.198765745252
103249,9660.405716461957
88230,3250.5225079365077
103604,6646.30001598086
90645,8895.282545681659
94246,16158.130229051681
93604,19479.2004780554
99287,11429.09525748735
106684,18215.062717496778
89506,17945.714195182114
98726,13343.152739709416
77060,20026.920036908636
107323,17319.37439346565
100559,7519.808441709613
94511,30589.902610296034
81367,21787.880588600074
107185,16235.370481884054
87243,6286.706358924065
93241,16751.611460137912
90899,22790.5792011529
92791,29253.662088849556
97429,8580.878090956616
81883,28680.560920232812
82428,9609.284113413798
85224,11939.79211876572
90818,31811.67727884109
107186,16396.01543193375
104489,11537.08228630763
77026,17462.665519369522
103119,7994.400179524739
79360,33579.17666270439
97763,6912.528090043883
81434,21823.849604783914
102270,8959.038401567444
86171,24845.729443759337
102255,6472.1227882677495
91018,26167.746675307793
93219,15133.954953675773
107667,18478.296972583164
89301,15482.156594872162
106869,9604.589443927189
101867,10542.204916244793
92922,18894.043579632704
80057,23437.557103270647
93951,20554.764196874414
89450,9986.015467441242
99681,14186.909399731969
85661,16245.853070008345
76072,30733.893553106718
81693,25556.248404230657
77375,12183.900887289261
77649,30586.403053168164
105904,20259.809658553644
81679,22343.022899513275
105555,29637.641066144915
78762,14559.860546332973
78590,16620.52752204069
92784,16612.297727844034
88497,6341.156767276591
108413,16855.592213446074
88994,16146.836210722895
103426,5052.611482300139
104394,23832.19647454501
88703,11881.368978448221
97376,7676.332632234015
97470,12760.563399746827
88681,16746.599554764958
76599,20809.69339080899
104274,8763.759377889468
89590,6421.5487643391925
79749,44327.51600012053
107386,13166.811932177072
94829,25265.222216446302
105123,12447.087777377681
97602,21888.269368563546
93900,29602.692569593255
85986,9947.7792344838
78014,28034.36056307084
90073,17834.626829466422
91815,20084.42787588526
88067,12882.588658856039
79079,33977.827285144755
97590,14505.151178048814
84491,10608.82575856484
81997,15346.362484489937
90875,24412.786724867732
88805,17031.929593112447
84708,15244.761636281886
108010,4517.635691982072
96549,10686.498845933696
79023,11578.676187829424
80493,23710.5241104648
98860,12036.795951742353
99938,9386.985154469528
91154,27926.888891895138
102202,10711.94548378606
76479,16213.939062764235
102548,15090.86524135386
107979,10357.19143277911
80905,27529.53201966882
82630,13432.39287797359
81130,16646.443500560315
105382,13488.834692577202
101905,15039.508992781572
103353,5457.045347014279
88275,19156.62262019631
88052,17097.995566270743
85537,20867.593388887162
82742,5440.029370538463
105960,20584.78280460955
95151,34374.35270145872
102555,9953.931520095344
87742,8405.473674099881
107219,22730.39836724722
106170,9931.80537175742
103341,6619.4199564479895
98947,19457.497492065177
90933,17711.0103976559
107651,6580.9078350646
107937,10823.856472293306
92742,31376.91492221189
91138,18461.792664172255
100134,8700.858492395873
83718,12676.898092000287
86977,12138.694449094875
102165,10310.379094794458
91372,18352.642521258666
95812,24136.99857329675
98911,51412.20126435616
86966,6447.893459451146
107280,12828.761669974328
89020,11637.14610037785
85167,14446.447406883728
100394,8046.26648004621
93450,17132.9834981535
86838,9961.885855763774
107563,19787.89960459221
99692,19720.70910409129
103946,8511.212795195335
89586,8417.78122534415
90733,9996.140279561272
91071,18227.964430743803
89142,9626.914461785847
79359,18110.69171163758
94435,19781.988831592076
86980,9303.951628517245
92661,34883.750484126984
84734,15986.421931425539
92829,19266.54603109491
78925,31939.140531711648
88863,8943.824054538049
100507,12818.459737755336
97469,17962.496059124867
106358,12500.66583607118
94446,17878.874509708054
100068,6676.372445431149
80005,21794.728023258747
106548,8813.639247916806
85323,14811.075625451229
92629,56556.26774572651
78057,14853.644319646703
99591,12965.204284067237
85307,18018.496717863713
92660,29531.362350443156
89525,7741.242999126206
90953,26998.303368113124
103312,11507.994166666665
107912,22193.949248272067
93292,21459.51644603844
81638,41268.75605555555
105433,16464.899913089244
94804,32161.88620434711
85666,15928.194634284077
87338,10616.93854106869
98818,24906.342568210715
91960,26903.29785448428
95612,24683.86010608381
93399,16361.624500891274
86492,11018.785654260517
106169,14705.378124995017
106699,14279.299927342987
102175,37836.014365079354
83555,10669.347586839682
80941,21070.677956360298
91366,17479.55120548337
98045,17233.724413528133
86988,17927.603563409095
89139,14339.939385206539
106277,14114.942384473137
76317,13464.696844502909
101300,11086.967227721512
93086,12288.813914775985
76936,21013.34027592359
80711,24196.24193282828
106659,11201.302641047172
78296,9797.086949513327
97527,4858.180734774768
104494,30883.356757834754
77982,28205.898065734644
86456,10777.55683040018
85161,18180.76802024253
100583,10627.75290780984
93063,16125.693884550119
85331,18364.9861653783
101731,13661.604276413747
97389,32520.728626984117
79902,18492.242573200423
89643,8749.274175444973
93175,21384.89217250614
98389,6165.102172725843
91334,14643.97138972326
98514,12043.300292063324
95382,16903.406847944425
77018,13772.617258632761
76437,19535.846249158247
98250,13834.55994150141
77104,21745.709965291593
103059,8337.566408770737
83308,16435.365133033778
95106,18404.361166295246
88684,20416.560192181663
100870,14506.591192211345
103498,14474.699449454465
105342,27576.831224216206
81398,17352.0879177191
91833,30955.898979723697
95311,19586.892994642352
77369,31101.299138324284
86011,8031.964047462372
84952,11017.597529220586
94056,20238.68824343192
104796,11321.937105655123
101571,12312.997918477138
77188,17659.54687764551
94304,15997.826817494333
106008,14962.150784915164
79849,17597.505825269895
106099,26222.027829998566
105086,10535.207266068059
85658,7718.096635550994
102040,11278.932766369258
84343,10981.990265826287
104882,6388.789907563576
88582,13028.540457994717
90328,19338.78761280646
90536,11141.105783328665
90805,12298.28335860576
106058,31281.16359310295
78871,26363.147286641622
95489,27077.458937558506
76637,16273.874286728731
87818,5107.647879734785
84478,19961.821210576527
108394,18508.734987780357
91676,33109.08791072803
104964,2182.75670323685
78506,36228.0730011217
92557,25131.360649180835
90715,16122.627869245534
101721,8017.830004850089
80715,21451.67433620091
81705,18868.905761927555
94219,34725.1340281555
85893,15337.809237920887
80550,15289.783567290766
86662,11020.202242303285
85271,19994.822507461697
107075,23320.31414227191
100992,12569.933312416139
97396,8380.08745936272
103943,7878.814357885138
78916,13854.278250930905
94516,21917.651632238525
105411,9264.996609550795
78377,22989.177030293664
103977,14046.221977846173
106716,14278.397779225592
88465,16492.149583884893
77421,14513.917313069804
88866,13203.508551414008
97787,22910.33888137331
85063,9968.514383663409
92555,16226.761659998061
83695,10151.09730638042
81797,14561.862495500092
104241,33928.490055555565
94730,16233.208062954638
105191,14340.874549487786
84112,8907.907991113878
90379,11694.155212556421
88992,9322.506626816037
77423,22558.40862373227
85126,8825.317297246927
78691,43915.13138888886
80320,28508.05240534288
96309,8433.101778803388
92577,14613.359962420385
78891,16403.136812693745
86056,15654.98424371126
82129,13872.254215485076
102436,10727.469483291097
101469,6877.389193122212
95885,31419.841709513832
92879,21878.820816026837
81484,4999.935995169082
95550,47916.84750000001
102726,10121.238543519805
95252,20655.071632177325
90695,11876.100815232134
95863,22503.264955931492
108338,22237.788562482252
105327,25461.786561854802
91616,16064.760010615135
83077,7762.107489973327
105582,17311.432971302165
84382,9258.519952685816
99666,18075.897935733807
84818,16527.76352913995
78498,47185.07545334497
78378,46652.986016970666
82799,4843.004190627892
81429,2493.845833333334
107572,17692.487711246096
91279,27255.973591880334
100475,7467.781733848941
86325,11179.981884093988
76825,28200.29373697711
107657,9986.416645072566
82346,8495.878315625167
86687,7421.718670928895
103471,10531.031516296742
78209,19737.502986698804
95328,13395.9187043339
100363,10646.160437646673
87672,11412.674215291625
98994,9773.764401844945
83549,12637.414347820153
96370,15019.71380122269
87842,15117.133535049232
86297,11980.281992160726
96716,18035.85933390741
97492,19545.6538249837
92786,12823.82800661376
78254,14823.973080640357
79291,21185.305118438304
96050,19452.50351325614
82240,24301.659466502282
107938,11146.39256759332
85258,11173.574823497482
92512,23775.10458995672
79919,26216.203495904017
101410,7708.336150234084
88700,17465.682778683593
91847,63790.585992673994
101835,7787.140652690175
99878,12813.896041417898
96318,10431.1460860684
96245,17327.155153284308
96194,21089.805339822375
97973,8707.42811077759
76985,24844.13994530704
100002,12856.646994812794
91364,21963.811601213893
106980,7249.562536285905
76285,25292.8119469735
101396,16325.574068852706
83368,8792.330295589214
92820,14602.725274744527
92264,13674.286816883538
84052,8005.6229889450515
83928,10247.492595996659
105324,20466.92565535977
98502,5703.649085723972
94457,14056.213258645177
79073,20770.960296229412
92738,21819.004722222224
91008,25444.590499999988
76447,32048.549674568898
81627,17247.010090664015
97016,11340.709576853978
83182,8514.160809978772
95791,35856.54177354579
87449,20689.49784040145
90013,23131.255398390676
107223,18806.39687787718
96785,17886.9571822587
81473,24924.53665319033
85403,15983.372781996379
106473,11420.351640310504
81568,18137.35468333333
76748,16817.239858748337
77020,19994.412777936257
93210,31161.65930479908
103955,8358.223959635186
86509,15447.83650135885
78291,19797.826336334903
88895,10149.566395220467
98026,9563.712923814495
108410,21445.081621421505
88039,9145.797298796308
91193,75479.77480219783
88087,1902.5654090909097
88708,15959.656803875345
98485,9596.782420886711
89847,14197.835408943438
81318,43699.94577777777
103971,11038.477452975325
85649,8435.248340961509
96137,12905.235398688712
81112,22225.40208612228
87825,18253.023063040386
103890,12014.978798146662
92845,76661.03792424242
95649,26214.8296907958
79000,9363.728890886636
91668,10185.96202813853
94544,30626.28245141236
107024,18826.17007910413
79725,12706.937616677073
107343,20544.67253393045
107612,16989.974050892997
76647,9929.915361619866
100922,6966.544248030481
88583,11745.625347398778
90425,16262.086635701384
86258,9108.09654531962
81973,16703.738593876787
85370,15715.208209604429
107854,9549.150532050075
78195,12284.99523319064
82124,28884.852226205287
79050,17091.066145265428
78880,30041.941298683607
88596,16248.833614242585
89033,11137.096355487229
78792,6092.013849206347
98664,21653.93284421852
78544,11259.096799029106
89184,11028.709893787198
83109,8211.084166778646
101759,14938.749944336874
87164,18210.230505503154
104156,10127.15126609556
107607,25819.789479322415
99705,7858.381066101158
79398,15317.292407000406
98401,8799.384254157732
91911,24776.95406688539
88175,8273.972780027912
77275,22079.46072997265
88946,12607.15710022559
98293,8828.37563211521
95991,20352.430636564513
82196,13367.19617576648
78514,38667.8973796347
102853,13678.568951930794
93984,20510.084787994318
104689,27251.20223137208
98534,10172.021499144557
98744,13732.147476298738
100456,6635.119239083763
83468,10419.81181829009
104432,22295.219937732363
86752,18342.884085734262
89762,7067.786968056288
82788,19342.400410518854
105604,12771.446778529864
105490,11635.767231559483
79447,16815.259808372655
107405,19153.48545743146
102782,11287.1227885395
82786,9976.096733749895
100557,14663.747142495531
77711,21691.50356316959
104935,6792.231658095611
90750,13199.85214980162
94396,26747.153360002034
99628,15778.652235438172
87360,9144.043215272583
103238,9785.231122223839
84883,7578.557082727448
91450,24921.728434306508
96221,9096.060537132407
82400,28436.979535346272
91940,9849.871441331701
101320,10430.262428647706
88653,7511.318857001439
79446,5734.235277777779
92672,33700.69535562625
85552,16255.157760009142
89858,12509.557062820842
96610,12724.348331114134
90447,7042.188710836808
90357,14233.70144365029
83266,12842.694502049504
106259,33912.318827150455
84489,12021.349619613871
87875,12600.350696308893
78430,28888.902250962543
77249,16577.591111111113
84094,8216.307192410097
102218,14029.425064675896
97151,18773.678034434823
102064,8619.713551470531
97655,16131.531336464937
97387,9890.095311715273
97118,12176.540500879604
101804,12366.551197304005
81888,22585.635426384244
77455,24360.385945088783
99638,13457.194639318652
76845,12376.77344288486
85493,7141.1384094724945
99781,4007.5926178212385
79322,32752.442479649962
96766,18511.56220666225
80513,46478.22378601376
83907,18208.30202440203
93217,19439.34535373915
77426,11927.948411663683
105044,9537.106706720613
86573,9777.04673559242
95251,32256.586367521373
86098,4047.89242169137
93674,25319.103888888894
104392,9976.253668827361
82340,29547.89719185575
85899,21179.003776698002
85579,5610.911334759314
86725,13284.753532922923
104810,34281.986833333336
94570,16138.747917748851
89607,7624.958200318759
108478,17570.061634431015
91464,25416.552996602437
77613,21190.133085078436
83067,6576.83358788698
104585,22865.65092122883
94473,21505.279514019934
98756,10333.787286605631
81199,21173.004498243245
83741,15154.272938975962
84972,11577.562026805483
87486,13573.161840949879
92290,26238.67817255504
97049,7100.277714159131
81960,30203.579619922737
85765,14637.131277976045
81319,20247.46652279774
84335,11167.69471317195
98897,8091.949758362523
83649,11537.164282345308
89567,2935.016130711879
101958,10073.482140032358
108211,18362.83469208322
88326,13462.610736699293
106424,18846.41409177529
90848,10747.79087024098
104944,23768.679486311783
81300,32091.95961111112
76804,132509.57126984134
93569,16010.59880496378
76839,17887.93597516598
92611,30789.92673545404
76006,27054.792021915895
86953,11042.166007833686
107767,17780.000654385552
87949,14230.282066255839
95782,25785.62150387188
94414,26466.72451894762
98483,24194.504294662936
95988,14761.09494803968
98640,9613.238389257276
102899,5000.893549140995
79367,58668.187932431465
88430,14990.088901574516
79428,23587.955853277424
76247,30574.953661636882
90955,22663.364088800496
100711,6811.99809671633
83720,18935.995958877927
93618,21627.582648415344
94754,23341.58138888889
78740,28994.837601457573
106522,22237.924854986086
90165,8589.195925244767
99615,6147.618194781592
88112,10451.974218470252
90759,23204.004455485785
91835,13473.314663359788
91563,28662.88961658828
92736,36233.52575763126
96939,19989.719547551478
100301,8700.833493227181
80143,19388.277532436616
108141,10014.225597728957
99743,6692.925352630589
98627,17999.89980982777
86233,11201.480364852538
104568,16708.992057203952
96489,8760.831616947013
79018,14964.234233298555
92173,25246.225670929507
81198,14245.983695118015
102450,9647.899259037504
105038,18904.87625447778
93284,22926.042352937202
85848,15305.717246002056
89587,11456.7278764122
91457,11097.809849139787
88804,9204.783529901575
97228,11698.593802643207
105841,29317.67658292857
107331,16753.64969577204
81008,13318.829473552003
81853,24219.84413442692
103283,11164.703427971219
79036,19494.53247223937
90376,15690.834542409331
97271,6689.222116190974
82967,11131.014129251233
83663,7694.655912358351
81640,23622.80783058365
99076,25144.159230197944
107790,16975.016539347864
96460,7325.519132956465
88286,16113.913011599512
86545,11214.330405881796
97634,13034.248277839872
94452,15065.812941691109
94409,20936.969404795953
104877,10821.581562873516
102952,10951.950056762927
91502,15732.531462623976
105695,7110.840245774804
78608,13449.43078024089
77384,36704.99554040404
82188,20497.202076702266
81054,15385.637911477861
92709,22656.88268996658
98260,10044.102960000888
78996,20098.32981427991
103868,9237.16845454856
81809,29504.72988573162
84251,10670.154652674071
103762,7339.143277979329
101479,10791.853068497252
90533,10748.680617263355
84636,8254.925696727756
103208,5929.182375113737
90274,8868.547937895002
87517,15921.022899606653
79671,31571.336590047238
81486,25379.466032504504
89338,23892.928117661846
76912,12517.548816813527
89675,9434.90978583818
101294,8250.742205151835
98316,9270.23393503209
82457,15842.712228364584
78558,23842.925230651286
107933,11818.117227274073
87555,17742.990716417775
80873,14206.239738627004
94717,22594.592805835535
78922,19112.220951918458
87376,11232.120738376067
79203,22366.092604742684
83801,12636.991266192834
80314,18841.04312421368
96011,8616.415676789042
106585,23868.3697398526
94122,22196.911749752286
101723,14965.243253127172
95561,18978.013153615928
82751,15593.963430088097
107424,21430.35959650294
108316,26265.76957095896
79229,7875.188020123151
104835,3740.2313379120887
106289,11103.08816038436
89876,12344.283346781214
96917,10704.518688029075
85982,19014.522177717125
105023,15580.532308405054
76749,29529.7231339548
76453,28820.95088636363
98954,9238.736726024603
101783,11042.083778082797
96734,6559.017245248944
76884,16111.13597180726
84277,12568.675454815688
104756,10456.097964707029
89268,19171.27381133846
78955,20494.12199665102
99279,6536.08972222222
77361,27536.127514211938
97823,19408.324761602173
84313,10449.978322415416
80520,22843.804903914166
105472,26936.410927235804
77671,7481.513552685237
93098,28223.642199505408
86559,16093.729715152247
86582,12480.493635387502
79414,11344.09537654629
97179,16849.449493398857
94617,20136.598705553417
85780,5626.7865652476585
90904,31376.304078184694
103178,8643.991728589031
105752,16915.938080762586
82636,2775.0636111111103
81069,16293.413439711898
76784,3362.323892977393
105061,35609.41222434069
100732,8373.276913087231
106562,8877.479723265116
102833,8157.471252646392
79029,16820.84279063929
91944,27829.315677479157
99849,6638.9791625139815
85213,18990.26986592285
92653,18081.015197755598
90824,8714.850503466258
102752,13395.016816466916
106732,19322.568807723215
77076,14488.34054761904
101825,14184.335994708985
78920,29618.00438297669
107404,18204.13053510712
80053,8904.396850561205
108062,9978.11166108253
88256,15677.955306673259
93809,29797.038022329216
97342,11046.454321177927
101308,6415.837607688788
94366,23650.736802485906
88228,10162.535264668806
91471,23586.181103320127
92294,15166.064343454822
92018,25657.92610353453
77448,38329.305866068986
91091,13609.241328613694
90892,10417.328277034865
93754,31934.55064349341
103644,10733.987799379962
101170,4346.773145526707
87238,14742.58883692547
103651,19000.03708309334
108015,19279.57141036691
96704,9061.382909750699
87938,11480.462639629348
82456,12178.547253926681
94735,30467.192574069617
79831,17150.94640174926
99435,18245.473650249492
77407,21202.003157944106
105163,13407.441619058494
90450,20368.718241596816
101144,11435.428200252327
85101,10422.986075227982
102152,10075.382465317205
96445,23192.733482539683
93062,46279.751129231605
100172,9273.968874282766
91519,22651.141580422758
77563,107455.32735714289
106245,13935.91380339241
78606,31653.171388888888
94171,16277.791495965015
82263,9810.547100088042
104528,7418.641601799034
90918,29007.76218820685
85512,11658.581568941374
88317,10329.455955505016
77807,10371.754788663717
96992,12288.152136412633
93802,23281.403485604173
108022,22766.377203326403
97029,13211.255793957289
92027,46977.931111111124
88331,11138.001318156594
81387,12929.837125192775
78465,9184.889333581968
104119,12250.195662022914
86438,9201.00178039317
78315,13417.823147977473
102212,14751.329673328453
83625,15872.026295084217
99983,7246.314199361359
93838,19801.77308731424
86485,16478.652867336426
99164,18079.58192051187
100640,15609.385324357125
91693,26574.481520671223
90195,6998.638976058227
85076,9948.47079679099
83090,8597.1226370453
84161,10401.91743253341
85985,15499.845164504552
84759,10356.332922563972
105838,7045.871455209404
94748,19930.314909132532
108188,14266.9568094304
94465,18135.609754517438
81856,14759.265113196796
102715,10928.394205027593
106448,17740.53981513429
103923,5083.441450996284
79482,27366.138145319164
86062,10602.498833875294
95217,20404.514591785202
95712,44779.97979194206
98498,7754.255677704479
79175,12789.326914119049
82244,16672.222448504024
91792,31212.817265208632
81626,12840.972214285706
83185,18682.712332987583
83134,12084.730544779819
97667,10474.638150785102
90780,15923.487096455048
79383,28561.278018207395
78440,32381.25643650091
93657,20046.376181096675
98771,21748.57924191427
103569,14995.369133206867
84696,28682.494867180485
104235,29155.614722222213
89916,14609.329155201905
108238,9950.808378767782
97737,19015.07397077243
95184,37130.667584083676
77985,25101.904068397882
100680,14196.278753838462
105919,34800.02747227982
102177,11276.758374513207
99133,7484.841889451214
85097,8940.003806257073
102464,7379.3449702365715
83036,7601.8229689037535
82142,21185.898344301324
92118,9773.265951275705
79734,13229.443852336117
107861,19010.467689921836
98253,10639.971017546695
103183,8303.704115359034
98112,10896.50115649149
82339,22020.527168065135
84875,16093.39880612545
99774,23497.047562118172
101808,5473.770577536203
88731,11307.421771891
84055,6422.481345766985
87777,9874.743313719775
93362,15906.94411376171
96195,6074.845439293416
87650,9410.442628892948
105329,7959.0066949005195
84167,11631.681468227935
79667,19039.907980223994
85111,15882.230244559496
79561,20957.12858701595
81753,25646.151792819688
99584,12779.229084642111
107389,6655.113372249856
77634,59953.72564814812
97353,10943.064222223491
88362,7973.5588032599335
78923,27695.58800206829
78687,30779.04127777779
79611,12596.717647883623
97264,8547.40648425053
104372,7659.4209084443855
88340,8178.56379832097
81409,13156.478839261823
102716,10574.361962849855
100489,8199.946852679568
86616,9538.684990448859
96450,8546.436303750852
103898,11547.647878858148
78965,15457.079238309512
77910,16901.335885562126
85534,9912.367840288869
81814,19035.525268676836
88537,15085.079902691996
97930,7116.435385643368
98346,10121.165179327061
96397,17769.223952329696
106812,37548.21257369233
88599,14937.712189624266
102760,10662.451918082055
94884,25744.531083279813
77319,32179.28411078394
77255,10832.021352276537
79483,15913.259505843673
93869,18239.005092045005
78283,30068.041925748417
79491,15290.610636682764
79679,16671.238761904766
104817,8766.860669189064
81355,48014.8731965393
102513,17582.618091430028
102311,7800.057988787537
94639,33449.34673856208
92057,27550.324394503245
108057,9463.379333092767
78415,27695.301680976787
91755,17940.542629332245
94507,16852.098737463744
77368,24213.523074642068
88838,12962.171680578913
86482,12078.276080453295
103032,10595.453607410453
101482,11106.038439169659
95744,24181.581537583388
76424,3801.925336700336
98537,18176.647259816207
100039,10131.09552786585
76025,19202.977271612046
82426,6989.320885012389
88387,10332.656196113803
100785,13133.849778499904
84030,10412.848703364652
107046,12305.22032190133
80159,10420.921746152724
81743,31917.892766025838
85348,10667.127531788798
79901,27154.303158182556
108373,19269.375850755452
79436,13848.39110391544
83626,12535.018867488468
84211,11298.89375454443
107879,9227.96295004015
107245,14064.045309437079
102868,10516.487589037082
98034,15143.056111311118
101634,10764.433912992014
78902,20195.02158005532
104908,25478.179498074715
108265,10212.177752960357
89613,16006.831512618595
100852,6748.155079981273
101045,13263.039612736664
98194,11118.369854298782
87876,9869.55606013284
88436,7153.062714111558
103563,12765.060163029739
92679,12288.01231159419
97639,13053.353441356601
101310,8697.107588001372
107398,25142.17706371541
98740,7260.462567518918
103081,5049.635404904906
93701,39040.34451587298
88341,9707.066467836434
91276,17744.779948136584
78877,16701.04325010176
100579,2200.112500000001
76474,22767.222478896114
100963,10828.208569790715
98672,5302.349897899613
94737,18024.27508148034
106382,8775.406847673854
90771,24397.753042756467
82118,20244.999045609875
104839,27860.71768295296
88881,6113.783205080883
91400,33181.9898475812
89615,5641.82289510565
95916,34342.046801653225
99952,9185.447432636647
95605,19410.99650178184
108251,12637.527760585692
88507,10768.723176084908
97142,20578.54029938821
97129,10053.461514075445
106320,5091.938113749379
104569,4193.668057720059
86018,17727.73486039348
98054,8954.966349491553
85925,18433.50197340001
82859,9950.440178123814
107329,22751.988622841538
90943,29873.346482194505
83393,7105.140258080258
108091,10769.016621011702
81571,18387.342706480817
102704,8996.18354891052
89511,8098.20335784735
86361,16826.55080290427
86449,10796.525960374083
91048,32838.16770025684
88932,10701.249388920847
97096,13079.566618961524
92493,26474.485203182612
106005,32250.89289187575
92101,21652.025049351407
85618,16020.510456777805
92275,9333.639864525765
104354,7869.435808689037
100165,7847.444372720933
102137,11555.053859492324
92251,13270.74909363373
102299,14926.674073099413
93358,25159.386783576607
91807,44668.4097434968
108402,15229.929144180038
77155,23593.078081374264
79195,26668.145194949768
96974,9024.984418843442
105848,8745.776481647452
105425,10166.975050159384
103620,12195.938977636399
79238,29986.17961870061
82292,19635.946099164532
84451,4989.131206404706
93942,25798.809305085022
104577,9681.757055280328
105690,25734.44936821409
93421,13483.031146127292
94411,20166.745237242987
103746,5986.301149524732
104927,11651.689455013066
105798,11322.351435477878
88601,8252.846792961553
87898,9569.753712709946
87580,11695.832253773448
106294,28508.44659192531
83194,11064.100550252462
76073,17995.220224077082
98161,8808.324101493781
99152,8774.65814746708
78180,12841.622545189202
102662,8509.744201491061
98915,14914.76799771603
103302,12336.273326479042
107764,10536.906769299334
79227,20572.89072287964
96799,13261.117853699738
106081,17577.032254214682
107508,20718.41137809694
97995,13001.623017360469
97586,19634.773260066344
87104,27149.276688576734
92790,47414.040704554085
101900,12785.665183967076
107104,13474.611370860033
93384,25607.184937852573
100649,5913.303194264068
94525,26047.75488309241
103004,11820.494159855383
81477,57159.59137698409
94774,15195.25468739493
86403,16395.81125488532
95958,9480.164992343605
85977,18432.95682105673
106000,25873.289238529822
80189,39362.22964672861
105330,19134.63765108725
98119,14061.36099145037
108242,15577.868365095199
86122,8487.484510458376
90847,15556.546950923406
78649,17239.784479377253
78043,32186.082452780196
83454,15885.249397770625
98842,10094.09528883121
80378,36971.18409259258
100525,9217.048889605774
101979,9209.358503680613
93192,25387.591192684748
96062,11970.692222839647
96319,9968.755552439477
81121,49694.443404049845
96527,15989.098439017742
76762,56644.7700793651
89658,10508.74831789659
97136,10537.139326849894
91941,24115.359457934243
107113,9913.609221649405
86846,9356.212971783198
102674,12423.460417544147
85905,19210.508788941657
78034,10945.7001130608
96919,8656.36965299874
81474,25079.500122738336
92121,13077.379998020248
108308,23119.345402460614
105113,14301.50867509488
77939,35934.52049249465
76253,23899.145008548443
86272,9246.982190109695
103786,11567.659073781937
77663,24140.068639433357
90143,12034.762471647482
83487,14221.247699971736
99629,7694.358342681772
78016,49243.38867644353
97062,14222.620470030954
87499,18551.92223913364
104580,5700.850718542203
92086,19620.260570540897
81704,25150.799308860835
85458,19746.393966343647
94697,24032.096514654928
95730,25087.005277777782
95533,27146.385545075293
76852,11805.409482881589
83813,17080.639036324945
91465,28190.255618665138
98380,10660.530908116461
86923,16293.155779390692
81159,31926.008779766362
99462,10056.025827797794
86553,9637.945926706463
96547,10022.120448917487
77542,10865.791419310894
91704,27215.894302816036
103567,15915.61082441894
98508,10264.516338082645
94989,11248.993648148145
96305,16413.609237117565
103772,11530.74211500975
89923,9979.802769742984
84616,16459.49464594449
99970,9247.934756238485
100286,6500.588139715265
95785,22484.472827995596
77239,9023.590755189809
103828,8768.661103367444
86204,19789.8468668017
96855,11206.660519339906
90132,8675.946420979026
83949,5213.744682975825
97042,9375.453705477716
81439,4590.704166666665
78200,29748.796369058695
96583,17066.47247929672
77935,16750.867576628352
91759,16396.770521841016
104912,17688.281543729056
95613,16896.339357718793
105447,9570.246229038388
89828,10596.849844997103
97297,25416.525019691417
107599,17140.829160638397
103109,7074.3974536574915
76094,13850.101511064759
104324,15635.252635614783
82877,16041.283689634067
88953,14639.420176877777
106644,17938.45517525655
100086,7377.061523452102
103949,11117.262872757592
87447,16693.044777242372
103384,10646.735933662303
108506,18347.906537662857
82045,17587.790012914586
86346,13267.171888888879
92643,35709.97171625881
106532,9577.033065087606
100209,16555.04605037648
78371,18896.562255800767
79815,19232.626022343266
99946,7449.758933817757
85965,9417.247311417774
79558,24096.427356615022
108318,22447.19599832393
100907,6173.861586358124
85301,8200.830782199104
86214,3617.2770315346097
76307,13730.630086061761
89487,9403.796451998554
90272,18176.51488134926
92470,20001.5015093464
89056,16168.659081875408
108376,12220.033533517035
90393,17596.24919784365
90202,8031.572901191901
95164,16881.559235656878
80501,20946.132238573908
80614,27658.272476851547
86354,10368.887305137616
103851,7822.682046280097
91517,2966.610833333334
80179,29384.204266368193
97710,13423.760860578073
94083,28851.77808275983
83733,8273.721241757576
105032,17763.63169417397
91064,25879.88285890265
94799,26810.726473507588
105548,19423.827350805397
94248,46264.578326719544
91984,25514.127770918716
105390,11908.533894962304
84137,6724.936859641211
84643,9123.75267280415
94173,30048.41642266114
89789,14850.467555438841
99329,7805.989491543352
107125,10330.00911946475
81011,11198.860746865232
92062,54292.21445060113
76630,22196.690634051334
89022,8933.758775618391
91463,27705.49712357288
101563,17402.083529170635
104307,28074.95947086338
95572,19448.791456786126
91019,16116.324657985448
76966,18755.50403720463
76916,29599.442223230475
82319,30044.537072317526
93863,21451.587227039756
96798,29958.261486546962
87072,17422.427174837245
92771,18374.881304506816
105915,8841.261603330611
106830,11836.605924608335
88798,19778.904442930096
81750,11149.981874366309
90415,10720.990522944894
91110,25033.952631514432
82187,23365.689611111124
102386,12045.001154427891
103517,7258.762540617729
86270,29301.65556855181
83526,14028.327532425274
83728,15228.825881659699
76878,10974.2494861415
99712,13795.226282290758
92556,9869.244283717675
89879,9674.996057587716
85276,7189.808964848776
85272,14472.89865804121
82645,10774.527843685824
81445,13518.588672459562
97841,14853.43655639257
97088,16434.506696149117
87735,10200.279334160805
100748,17308.650591270532
94315,34267.53965939153
105218,23100.681017237002
79295,23506.613606995936
85482,11085.884086442193
105112,11259.445561576767
98458,12654.971657748152
98177,10263.105475296854
92392,16369.952460029066
106885,9381.019693671156
94239,25487.087227544715
98355,6579.672856601742
81111,20386.086160797695
101464,11764.056912773473
92070,25616.81593521699
98707,24085.153884282106
91095,18592.837494486277
84486,13521.71511687142
82898,16008.919908074882
108233,9461.865637559715
80001,28964.89940620009
83538,13670.520587576071
88563,7637.178524624508
98871,9975.700014858245
80645,47345.270322001816
82054,19299.45445885166
86397,10690.295615653324
97865,13915.54399466463
81700,24913.217876019306
100417,9589.342509969834
91017,19468.924674188645
95218,23610.644902571174
105519,10486.129375068056
98097,9662.56950363578
89232,10916.641477967218
104997,15374.663662854375
94952,51280.25180802843
87017,12823.96287551754
94876,32259.559623562574
87741,15356.16551331794
82776,10711.390232643418
106221,20252.290416606367
100602,12145.030020051387
105337,12075.472708645564
94476,22125.92753979905
82899,11201.778131011488
79145,36238.77737374081
90481,19165.6681529517
92396,33629.39738888888
94605,28292.935426028525
101668,8883.794678890936
79742,10005.432183921064
84465,15151.796161746031
86828,11240.220758491007
84944,15171.657492526707
93680,33042.833750823345
85778,7270.010488411744
82841,10608.986765554864
96597,31058.874884421926
106852,9722.943495600404
88003,15347.30907314204
90461,8670.082612271688
91184,11612.353976681108
88055,15838.632745659696
99180,10724.47782681374
87766,16126.341375170214
86691,13875.094703699846
107751,37337.71731481483
94882,30547.489168890577
78637,26173.61438597509
100601,10487.351744792244
106271,6150.438642857146
94355,29539.659885557146
103261,10185.926968528425
84449,5339.561023680971
79799,22405.43637071332
78481,12507.362258219779
76569,29652.80516666667
90516,19946.59202424028
91054,29454.023304431437
97435,9051.244842406655
91203,19618.127555992884
86130,4070.8743920632655
93768,28060.247072296148
95494,28359.198351628445
94319,36057.99846290679
83638,15320.786017981578
82289,36172.12395049622
107990,17352.72275029422
76261,15645.935560506501
103466,14131.108551701416
91403,20728.714822162
106025,13860.16222937585
79465,24596.94287129588
102871,16411.636172396407
108446,11543.77593603531
107305,21387.248211937138
80190,27563.363212578795
81649,9299.716659703075
104611,13538.094657794243
79821,20078.624783475792
106756,10450.8794689603
94209,30954.80755117062
81524,20493.548439918264
102947,11352.816986999578
87868,11406.225439092506
95933,19718.497573597113
86850,9123.204313331755
108381,16469.310658901933
88771,6174.23763406543
83105,12066.56053150628
93264,41151.8750052203
93240,25374.413729175794
94060,29745.686282723855
95003,13549.192716931213
105812,20663.92797836525
76675,27654.803456870584
91421,15158.67195786338
102047,10874.172346091815
76316,17853.771952445215
108385,31708.22256349206
80043,20479.422989812185
80122,11141.301168934375
76885,12160.997794544723
100765,13016.223112756745
90748,7092.47561924449
90799,14719.551335250044
98792,12256.258058909465
90085,7278.454115440665
96967,13145.153554407603
77008,25367.058411693102
100132,14282.890457274032
90720,16306.444586051271
105966,13347.000000030966
75981,14481.001518788997
83312,14744.017292152494
106478,14579.312906909076
107800,13926.48352481295
103769,10678.230490637878
91814,18993.82124244116
92683,24226.57557353429
93319,26481.032678723135
90670,16023.015451003415
105982,17045.335905434087
96565,11929.467678799969
89299,20969.29205381111
87406,9955.7353300831
93260,47446.52255144191
101201,16500.30651358574
85414,15146.140126631612
87273,9945.968514180639
77653,17305.353285995527
94848,27036.162699692475
81983,11354.0826263552
98927,9276.53954523067
105078,16301.721832015728
102825,8139.197358371418
91211,18498.37348443063
83862,9649.030090469087
76624,13396.703754986282
96502,8990.008765345989
93149,30130.29630053072
105761,17621.75911933081
81327,10507.83727242278
76688,15131.90455411256
99302,7856.195665768058
89052,35527.36643904301
106892,20850.745805075294
97157,14113.41242446077
87715,14539.895642135318
104669,18633.865609678007
108522,19791.917091806987
104725,29022.87633472682
86473,11507.193323181195
107402,25327.153195630795
99376,23167.294834661214
105473,9908.854147541708
101761,15894.000701766827
100229,5800.224859585865
104122,5810.129351839145
103433,11253.863144756653
95259,23505.981698463856
76691,11525.388669505028
81526,21289.726939775905
90817,15238.783431466489
106577,25174.87767627477
105900,15250.778714167081
86342,15056.124094218041
100902,13186.181884247064
84715,10279.912776247524
90605,13695.211998662382
80255,9972.611875946608
84484,7588.026623906849
82894,7121.685590610799
86148,9313.773627563836
100981,6679.878552902306
104559,29243.963289526364
96603,9921.246463924057
79461,14459.420948211002
83864,7148.940511013093
99364,13916.482408458915
98182,2682.9988991940277
85145,19679.44639585358
102591,11059.608220165788
91416,30032.991051718094
89032,16699.650739438202
98530,8720.611813869096
98214,10721.158985480566
87931,9637.281078961321
90835,20156.03159478857
82398,25737.618821956537
104749,8095.954229729606
90735,13044.02400267752
105444,18855.540812037063
90324,14281.026079594109
102500,13731.454251726345
106702,6188.478480062209
90727,7507.039191510019
97427,17951.93484125836
99844,9109.419878289325
94541,50253.528823759574
84483,15777.77642726309
100773,10044.5950756349
97910,7979.477515692405
97461,15097.761395710164
104846,9283.661352016547
83951,17024.365578353398
90276,11670.786524205263
85508,14970.898079943343
90153,11971.150250913915
89830,22073.632040198143
89708,17771.686339642267
98504,22693.29513666831
80397,28649.02026449293
76172,46403.383853316715
85446,11301.877299027588
96732,10986.706928711645
90781,8274.409585256068
86208,8021.574096766397
87814,11287.451968283458
90938,29802.672508423355
91231,27967.795839871193
80979,18555.472096425834
85098,16368.355579023451
82160,48498.21417567954
82809,20039.781647930213
86468,17935.622431506064
104758,6347.422259741178
79772,31082.665047899565
94343,21687.938194933202
91304,27975.089933054187
88751,12747.2406625771
108437,27437.948304897647
94059,29651.04280454275
101856,8153.300016826131
76319,18196.572586293118
77918,29914.542148541906
81976,59991.033482906
108377,20135.030863173404
95984,31180.584341497302
102208,10869.926885197738
84420,18432.878341186417
103716,16933.109833657596
106428,9476.60047560415
94602,16654.156242687306
101119,6578.507841486462
77387,17280.15710084592
107227,15604.98283311574
86164,12566.98593007871
85096,14281.35110586314
108198,6979.3941820894825
86401,9599.528406573247
86386,9928.85156278255
82726,13839.766529319559
91977,32873.22358582793
87805,17677.41828663358
92810,54404.10341269839
92387,33056.753444444446
76117,13459.71299566814
103862,11735.02347985534
86962,16246.362389637772
77023,53196.8003888889
102863,11674.385036930533
85375,9122.285162143302
84363,16838.907328797657
77485,18108.120278406233
99266,9812.464316562495
100253,10557.033264370335
79037,16763.874381052145
92228,32860.966883317305
84144,15133.23880851709
96577,11041.136866035627
81837,13546.27467587032
77791,18955.77481266322
80717,16240.655741629998
88865,13022.176578782455
103611,13659.78783254149
96150,24848.4614777472
98071,22661.016225430532
90964,16087.705788158702
108523,27163.465929835453
89431,12193.334064882521
107595,22960.308421153157
94778,27739.354248205178
91385,19714.989337447183
99288,20353.05788991333
82885,16649.78619991428
100437,10782.782706820008
88938,18432.182643360582
98801,15279.008456912528
107023,6904.010410861428
88675,21546.200242063485
90159,14136.973268102447
85804,11576.683832396293
80088,30410.3203435271
94929,29090.606326618195
100421,11275.033980951715
90603,11864.795778226866
101899,10890.004034653493
83201,15979.601164227917
96023,9520.59108868622
102019,10485.855193749634
106863,16241.367989722847
108263,23303.909658613436
100605,8184.975315401135
100998,8021.9665482231185
105544,20085.601664900485
104343,8679.669311610924
89692,6670.572799499688
106309,9756.310234241717
86065,6934.975537853667
86436,9758.539196460855
103991,7855.54763076966
92712,34730.72246412399
89709,13639.628435329927
95415,24540.008732809456
84959,18253.50679046422
89069,15495.26329882895
85580,16139.946864035091
100728,10981.051642403914
80638,35515.93908805669
105713,7560.739540804089
98494,9767.79121712243
94819,29955.559936290785
83800,8453.7267817522
91085,16932.292179512602
102276,10700.19916781389
96111,13810.601690034835
90891,24447.316911712605
80010,11102.307653811444
99501,8591.037992534777
105431,15827.439693860164
82161,9586.025298479377
97426,9256.584994164174
100242,16393.51608109836
102470,12255.196810629861
94769,46825.197853345104
83472,11256.618111272432
81138,28080.630008888922
82719,16136.366099199293
97305,12488.348104988965
77744,11978.079483909909
83536,12610.54967722101
85355,9492.601925949722
84273,11772.43362766592
100061,10813.489135770278
78109,29000.088833333335
86119,16370.029305530485
100274,10841.122742039845
90390,15652.493856908293
93338,34650.00565162438
97460,9356.405364594333
87833,12775.327728768529
107064,20406.375015384016
80942,9079.321099748826
87473,11101.58468901846
105869,13800.649225941337
91776,26488.203663652
85853,15750.672298072494
94909,21989.437777808682
82407,15074.005977084847
97633,11946.166265131562
80176,22279.03378638019
88572,6362.58508631979
97971,53688.410500000005
88633,16164.15152911244
76234,19256.793022651487
98579,8532.284059958502
90034,15479.914562650158
80857,24617.40306120657
85633,11042.371840376949
97760,17986.104175539425
88831,9762.648792868476
101303,6462.2157669217095
104373,11831.130249144097
83512,8320.028757191025
102692,11604.836327229032
87092,8341.346276632199
104305,19864.250997085295
95344,23456.506028828997
76629,27060.621516552976
83699,10161.152524594821
99290,8576.73256621758
93528,30078.78630427034
107251,8335.214556802228
103980,12122.93203164425
94469,28082.240102919004
96448,11656.273195682901
93511,18958.063066773193
101249,18391.364320670247
90543,16350.220072808299
94928,20711.92277057976
102623,14139.199639339484
79505,13049.855075167656
90175,16909.803675556905
77417,15798.849030158724
80974,26086.503188524624
78874,14212.919810508369
103376,6238.535929905981
106490,24916.81932892607
103267,6391.229180174061
92434,28508.128598359282
94016,44939.89193336345
107217,21532.335950125314
100783,6643.6366525852345
104306,9887.68515781681
107691,44247.5444901001
79101,23139.96132268301
79607,15613.937239270092
96910,13599.01736069137
104648,17265.532850781103
97752,7065.300155071048
91917,18724.2249295553
78307,32787.707358154876
77462,11125.791846283824
92958,72185.11211111113
92148,45839.26948883061
93317,25653.171035212872
77824,23151.17483560753
81043,17936.674401718174
77339,13281.048254657513
95942,22978.03253285612
106865,17508.22291357435
100781,14766.479977820432
82907,8323.687344507056
98541,28610.75958333333
99032,6387.507604999316
94935,19925.785036716585
88567,15354.358134862023
103765,9964.39173524208
82436,11233.787092407378
87940,8910.789700813582
83542,20160.125842209916
80229,31804.02060489954
99988,12393.315179823792
83379,13228.782539618776
100404,14171.092749829693
76340,19838.40612882195
104105,8802.01736921508
107460,20571.721425049684
83058,9781.38924176622
87987,10343.972252951487
105926,6496.879962990934
92263,21251.03946380408
76100,15247.541014161221
98059,14977.452967762996
97622,20587.547043585295
100124,12573.086035083445
85132,16250.383728765448
90849,9257.013725812953
89461,8808.004789226483
104144,30992.28564319852
76429,37905.74478835978
95660,36624.491597222215
93649,23175.499507107506
86295,17774.11131154529
91313,49780.48598319329
77778,39846.51336562852
76003,13220.256557635674
96131,11520.00971772356
80441,16509.800522486774
107065,24867.649555936456
87237,9344.526711704078
79135,33910.95106821296
79471,14083.3843431625
88444,10125.992064254744
80954,11554.306081982559
87030,16609.32327125949
82803,15935.984574719583
92307,16952.977378448875
103846,10961.460688302257
81505,53683.26344444442
96454,9506.661601850295
92723,24653.76015937437
85406,8786.495052523196
94692,22175.97191738437
96459,10872.449079844204
97045,5550.177944559505
88125,17215.551096220526
107173,22350.85239432537
86708,11304.085899429816
104799,9121.395619239534
99726,8879.045409065311
83300,9732.826113567871
87117,11076.655667557003
100398,10511.452968907517
82731,15089.432194028805
106322,27036.799277493443
83937,11800.71707140819
76509,22974.141243734324
85158,11544.824998233924
90411,17235.678753352273
79751,18409.049958368603
103864,8499.626291701665
85183,9776.442069953715
83429,9820.788845761173
104401,7003.129581071002
102908,11282.091301544699
82107,19382.254430672856
83546,16506.766434498077
101326,10651.91196694977
83489,15800.443434793468
95464,11717.08701171622
95312,20594.44957994565
76958,12421.194527017098
87284,7623.001061954531
93565,29548.139378353117
91521,33554.47817285395
103751,11204.775503906638
102806,8206.990437949222
83404,15094.480691404184
78539,19770.984472099364
106376,7407.861085317814
84742,19590.62670178007
80991,14619.076597822464
99185,7352.695009555497
81160,25423.555503761927
101309,8578.574187657377
96620,22002.67578155338
85514,9210.28147128979
104504,11144.01175823327
90442,12223.582220463637
78824,18057.978316205255
93907,8999.567182290662
92574,42410.53951234766
87966,9830.365638189096
84013,7524.0787028851655
76192,15939.66641044974
101039,11616.334503848006
93377,25498.57439902095
89911,10536.89861657805
82649,9198.375796810395
92244,32678.297193773073
79456,23874.18151846763
84577,8990.937250074108
101829,11486.866672476717
82454,10295.114071688471
90738,8547.256154521603
78614,40707.428448557635
105723,12858.003545815898
92281,6760.724444444445
83361,5464.712403819096
87484,11201.191926525575
94268,30314.75828498284
102791,7600.808500000001
80098,43363.75315608467
91058,15295.042681747616
94029,29986.5153209792
88543,10493.712667569682
81670,19930.870920503683
101579,10462.392252431819
78436,15631.74311416258
106875,12617.229158841465
87655,15837.437288077592
91929,26229.84230838957
91251,22519.45791375611
89471,13115.63462184467
97578,6693.299952659752
82672,13014.838806449041
78444,21384.598182108406
100808,10751.198657724803
88869,11260.777371348724
85357,10540.333183758205
89167,13957.43805742889
106862,24908.04823035464
91281,49212.81418763674
87788,16502.540636250138
95287,16786.870626657517
85680,9143.651568670068
94781,21143.341641649313
84268,13486.77148960905
91867,32652.445745821227
77714,22269.586697015977
103499,11510.406881589652
83996,7985.199245743724
84187,14746.115830273988
94237,24827.321994120335
86917,16293.464731965949
99891,16896.19472805789
100901,9396.691546837896
78556,32662.980446132144
98139,21787.104101654655
83447,18204.930309608313
80732,20616.141158944833
81168,15275.096958976323
101789,4812.918929892212
96183,15009.43596740838
104888,20606.211339596393
79944,57741.34638888888
84752,13922.768904904706
99274,6325.753939393937
101601,13248.177754785254
100509,14020.68796719931
83579,20667.679489840553
78657,15948.435594125282
97894,7879.650247687702
98305,13444.62872087625
81298,14226.837587243408
98132,12636.796902624663
83681,12747.906107642186
103875,10558.872531204812
96447,21762.621173440562
105060,19694.844754385365
79150,51594.05753129693
105628,26191.77394682972
84027,11139.040435532777
98984,25022.184260535454
103343,9700.70518240966
87304,9639.231585419499
92483,32212.56572113997
78555,17409.178793650794
78697,46549.007267438115
102830,11290.794926572737
105192,19127.46178306286
88749,11137.507770485918
97670,23310.198673274866
89034,7891.972314242998
101691,11709.63138803341
79307,20034.795628094664
92856,15897.621901791706
85540,6906.037670093727
86841,12036.08263957477
78144,20955.118620527963
106175,9606.783736331285
101199,10548.813658092653
106284,13299.102850588
107920,3311.844704032218
85677,19573.55073164606
80672,22796.37621392497
87751,13348.31787681751
81660,26050.16285116454
104608,15330.115691834579
90356,12539.47630843531
96037,19215.066163918604
85376,8111.722927765216
94596,14773.858947158615
88457,10722.010805949214
92475,16635.444666441916
81195,16158.477379651744
92529,39514.27094080142
96471,14113.965635400722
107840,10090.180715631952
84210,11525.43929462926
103192,14504.736826258668
101468,13567.788939998047
105529,27195.82524603309
97367,9835.421856886898
86100,4599.433452822256
106778,13999.060250806833
81881,27277.84205565955
89597,12658.170924742828
95589,26910.315111945685
78552,47645.46422991099
105240,18603.873636472665
83448,11845.406649355062
83290,9792.946900274173
93867,39666.71749521115
104187,22484.99309104888
90760,16780.131628546304
89599,7441.792408128691
94415,14080.380851735035
105080,7363.4739096247
100371,13077.900599934232
80360,29607.872878815626
101046,6938.82806397051
76264,18350.057611542
93041,21115.997764733496
104160,11139.775000118656
78058,60719.35028287375
93770,12734.103553361652
101223,7068.021570886448
101983,7534.230652634079
98730,13324.11359556659
89800,9487.388166201208
88196,12889.771100112688
97641,6533.601915817011
103870,10218.139108741067
84704,6119.048712608333
77526,20629.488350314146
77738,21448.24773008776
90078,3204.859637093311
94292,24833.6061729059
78838,18429.878510744005
81836,28049.366771673
80276,24725.20302861934
108312,18684.854256236675
107467,21592.028648258784
79713,23224.62673559769
93468,41640.44416666667
97220,16598.2595521687
98297,9219.978833124087
91141,45002.98510038011
105107,15954.561394038017
89334,12659.393870373802
80077,27959.29655397731
85326,14165.88702018457
88677,17176.017450180338
86517,10416.924363819104
78770,27576.842038593328
82840,16851.697700431243
84256,11686.800857799079
92318,28721.721557080895
92119,19269.69090505911
94970,21682.09811931867
76714,17591.478430864703
89170,11518.764342334127
90548,14700.63792031315
92194,31133.482082818056
78522,27343.099761932433
83527,17195.71717164566
104239,8732.039508398257
98128,27175.795210841305
80712,18805.4248068783
80259,14842.169462606333
78469,32782.7543816856
101923,4929.556240728281
103655,8941.614751179817
101481,9835.159006616861
86550,15873.417075551204
90289,11997.547338320272
86255,12401.059054006093
80411,18265.993737348424
97263,12832.08357560004
91086,7472.346319444445
80675,13338.096199543163
77800,26972.65339414874
76613,30723.51019319857
87002,17857.09279876188
104952,12463.778952526378
94790,38229.99009673659
89888,9549.57732630358
106268,33330.31143950868
76926,13505.217641311843
90503,10503.678734930234
89083,18757.451094173688
92741,11258.27202767603
102911,15743.929907395706
84601,7201.871610576284
84846,9950.981684414412
87884,13029.834975922062
88305,13446.434754430542
85335,11392.363340074828
89396,17814.431835038165
101992,9175.580219793035
90693,15820.397929011528
83262,14711.003274538378
81620,18273.350964200425
88435,12594.213346406103
80013,46635.308686007
79539,24811.98026236188
85226,15437.258995256127
93522,34522.93720670995
77175,39336.196352954146
104947,10430.265488301717
100869,10475.309833850748
91575,38165.36323603706
105880,34032.00874083824
106564,20571.133302021655
100585,5946.036890692642
107332,10479.183702524673
77295,28303.320577452792
90575,8261.157324937167
102261,6890.012072039707
108080,14632.865788961491
80364,22174.763007643
92476,10458.861860771118
104078,17378.400448155666
79184,11766.932817460314
107575,10589.309545487204
79281,16034.437619611968
88560,16810.09744281884
84166,16785.746746302088
78054,11042.023198217768
97324,5644.069714975884
85558,13115.94123882212
95710,20138.123304497356
98600,4374.815031646145
89622,16788.765015006906
81838,22815.09509617182
90646,15215.71756814084
88110,6476.128064186304
104085,12830.013685568216
98242,17925.729414416193
106226,9804.483230845954
87500,8466.559411547665
104807,16211.875385450006
100160,10313.397244762225
105379,6422.592083333332
96754,22004.876091921076
84863,11406.948242260192
100130,10740.621542800915
93462,34305.927777777804
91640,11038.024574578963
95922,39021.078682539664
81137,28704.309258479705
78194,10479.471368852235
87308,11843.940462809409
106775,10759.221517452643
86629,11203.21112155779
87659,17832.356415197894
76404,20765.575775728274
87258,18260.732952263632
100560,12333.415282351603
78660,13447.300159930279
76485,18938.40941140381
99545,20644.849264130542
103074,9929.28420903127
77874,19293.0971936228
97514,12385.065837053355
103308,6966.327848021147
94753,30578.36237321648
80045,19242.785045564513
107089,28899.92464463742
101236,7549.0689656934765
103264,15552.206268194685
94387,14992.451079582588
91926,15793.115836515772
99972,12992.312704014787
98651,7303.272264368687
94873,30014.585725407756
80722,5576.994126984126
95907,52036.84094444442
87746,15927.411154660014
90574,10742.460174005875
85387,13969.030128282648
84204,9888.361506846368
80453,19159.78667825178
95244,34088.36974341818
79952,14887.890447931746
105770,11257.002904290393
100419,15322.566376403049
84200,9949.264945461491
88059,10387.267775941882
85615,6122.561552523336
90795,7121.257437752182
97219,9440.353234343203
81380,12503.53373614456
78928,17806.781040608057
85613,19090.06125450642
90529,13812.085695265556
89825,11750.504982006898
107431,10164.019207407473
97707,6530.293204399372
76203,19183.60568774282
107808,19379.953179003656
106497,9826.694169340226
101925,6366.263408841527
95434,20237.94787671618
103718,14135.421833957678
103544,7070.7877996624
78735,19200.91456305315
101803,7386.754788449726
106491,21065.789247653523
85594,11052.897152153071
99930,13848.036556212523
100927,7510.9256024190345
76097,17743.72884914728
89406,17739.619164270167
103773,7409.587339499403
107843,10247.288777564809
83507,16015.07018759417
89693,7697.329838242474
101441,11106.53917124095
91438,10114.795230954765
82189,22055.37685403612
94224,30520.18590876315
105046,13461.216075171074
105441,12030.090910966414
97014,5305.526374757747
89955,9947.195159289886
85532,15487.924329003285
99916,12968.776426802246
103336,11409.051685159477
102567,14083.212678330463
77309,12328.595583200407
95074,22279.2031827473
105279,19724.251501122046
77443,39206.424251322744
100797,15404.923749148938
97954,6142.928968336527
104854,10077.266300555753
77615,11950.299574577934
99982,11856.559779021027
91956,16939.240113095442
79467,26471.100806856895
80293,13816.175798687864
78335,15330.46719627842
96252,17433.590699055098
94301,27076.828128931917
97832,14063.79809181817
103557,12829.118734604208
86997,9968.403371708882
78106,11193.023490031106
107176,12103.890813239566
102079,12101.299075554765
87624,16527.262342805167
108178,10165.293790396698
82226,9567.005261198496
85709,13480.442668451213
78061,42126.868206391315
98092,8861.801879802497
77846,16758.65290275527
91751,21411.366113397755
89344,18133.35368048788
78458,25706.725000000017
90444,14250.960833821811
100411,7824.091379489725
76272,18979.888912440685
83891,11605.815174403224
87391,24914.55027775634
83460,9131.18005692249
98018,8830.834805714814
99334,13279.234972115462
97352,12583.695303686847
85704,16731.840889893312
80151,12717.670042483662
83044,12366.585000923584
98476,8192.40301075593
82495,22742.594147124106
100766,7722.323292775244
87429,10453.63103299531
80457,16285.590224133672
97923,12665.997083017364
84002,7866.82732532933
100461,16386.50785669554
101414,14471.816178741468
86834,19977.14116120185
79455,35174.5443078419
89913,7797.473263773861
88592,7611.457990803013
90339,13449.373891363513
94894,31955.14132284781
76725,25163.45798405299
95859,25991.509666230635
92694,14162.153985747298
85619,10048.365571720502
107634,12793.70304298938
101014,7659.339318683579
91174,26661.307556369782
79521,17985.707566352223
97334,8569.528067173074
80761,13588.092825444262
81867,11905.7011918719
96925,14385.859019661542
89478,8049.94098365443
104606,18549.30191456095
77120,51270.214734378365
94436,20418.6951827485
96562,7958.288809454868
100076,13852.589763867203
100900,9719.938021413845
87706,12200.177197070005
84868,8217.618890150992
77447,9977.794997935684
99633,15024.019477568561
107182,45934.33107292565
103805,7259.013881731251
79968,22524.12020182742
106861,22799.67423098944
81356,28420.228688284897
90962,29303.860605473215
102794,9980.338707683519
102702,14635.1311977115
101649,9323.369045941201
92766,11392.91565432099
95750,9525.146193355129
102296,15676.743119456778
106629,13963.549305199831
98746,11866.419314083108
95417,28566.70482166788
91178,20580.111843764058
103915,8032.869754461633
94148,26612.400752304806
92159,21985.39024635554
89562,9805.335846909615
84575,8283.284635293367
98654,7802.745463943651
96212,22665.94867430144
102653,7600.198637018907
88269,14410.435408712061
79684,30021.19632264876
83922,12947.189503534984
91288,32565.53529407534
97422,13549.254110908743
85223,4954.130325860949
101422,13327.63014391165
80295,16745.28200925686
88778,19919.024691511535
102400,4459.120111111111
106858,15796.868237925632
91510,29475.650281151342
79257,24290.128788322847
106694,31640.45467857143
86646,19710.593758879386
100380,13335.446920045768
79631,40976.933576839845
83337,17807.206832212527
92866,13982.01636384204
93764,21528.98875937297
100701,14327.342557380389
85085,10233.271370382963
102731,5717.651383062332
107928,21696.242000623464
95668,22838.521599221138
86229,10869.553927994266
102872,10324.224018081619
95063,19392.92163167389
86474,28528.53452692569
80950,47442.65483374814
84432,8355.811318945785
78964,8444.648690427215
86914,18075.009471852307
97272,21957.91056280778
99757,11330.128452779476
92235,16796.298986434136
87764,12204.534954844607
81233,5235.6334297924295
91506,34514.23938515394
77920,13307.350377511275
104487,26690.34178290517
102823,13794.470737081516
96590,12932.581506737564
101069,9627.002626251884
82549,10307.74291006143
77585,22243.145838924727
98854,48664.56369621344
82501,12937.750659846572
101386,9939.881577700313
86959,10311.91834185408
105135,21516.671932246674
100304,14174.430730923936
76999,24337.877702094327
93936,14772.569265629327
96755,6739.237487516707
102115,10599.573784260423
81953,11055.173423298926
80238,45585.99745543131
84324,9744.912290712378
105850,14966.727274962996
86327,8460.468746003133
87989,5065.9612430530815
93530,42490.68240602764
99610,11159.34714458754
102129,10362.32532177758
100985,11159.151480841032
76008,51101.739388888906
77703,21242.098613814713
94691,15850.526378815217
103293,13813.026528380724
84439,14437.900189139293
77444,16960.887389860298
85455,15684.752603135137
93989,76643.57894107746
85336,10938.645912942346
100517,15043.116327432788
108179,27009.350505715352
77395,11200.535672377302
98462,11989.721323037282
84943,10065.85922454988
78028,30773.905043250732
81596,25035.347308772278
95852,38473.70367428318
88816,18097.79802754982
94448,27493.719891394558
86470,11719.265754912847
102503,7702.661331243339
105474,8733.199263938901
88119,10575.27955039325
96141,11902.8760770217
85763,8419.886859139171
105011,7879.930120313907
99747,8227.098152986968
108392,17487.256411354003
90949,14959.438627027976
105446,16534.431166666665
95792,38803.413838041415
94956,21423.71019506765
102277,4931.183833046685
77366,33652.285420166154
91112,19402.35702435718
76355,20900.810065387326
79142,22377.00759366875
103859,5395.328215126173
82352,14651.19659527502
86826,18896.934584994113
86754,9694.367083316969
104363,9639.998660529578
93154,24540.302322267566
90930,20782.640164174703
107269,17575.499240586116
104109,5256.716568239659
100487,17818.230149619572
106527,15609.494466800383
96225,20781.54385471151
89925,9370.963174707198
76775,29716.67661767287
83082,17609.521091301343
105115,30265.723531644282
103481,9157.70045249384
105642,20936.0552363466
92703,18283.14423923109
90864,9034.938699765065
96072,8719.441190592717
98628,11310.351781607229
102378,11536.093762329398
85185,9851.917917686766
93707,27924.95335135086
98795,15623.925102435926
97577,7482.791518645306
79804,21593.97941014739
95541,13985.96560114212
78568,47851.09803409093
79608,27341.125593294084
103860,10064.604398168649
98449,14496.639307083708
91377,25289.881960753086
103436,6248.892221448444
102582,12510.854827795705
78381,9884.922926832955
90999,17514.10437268333
89764,15384.661144219428
99515,11118.890964206172
89133,6366.026670239941
81859,33200.6755369763
108005,10232.657901659073
103733,10107.61698711745
105155,17795.18011910062
100185,6230.149646139407
102347,13389.445626945128
107943,10911.702938573531
104445,9224.782790400403
90149,21576.648572214322
106593,16161.425782731536
94733,20383.969158348227
91481,32850.663084921856
100201,8577.962699752272
94149,20629.656820988963
101639,3524.6559246031748
81577,32310.607511865415
80120,28622.750218417495
85995,10384.720269381416
85199,11725.229342351578
85909,20301.28220964462
78676,22267.507898692555
91948,33892.89268534502
88041,15702.868050258476
92848,27774.82063119347
87598,10369.23958812467
83613,12804.207308517478
85054,10484.372194314597
96903,16560.78691692122
78725,9810.879439707887
94869,33501.76583406886
89121,7425.171145480899
79858,75008.3795555556
89079,16154.289241425644
77639,39982.09623809525
84498,14840.260827078488
90431,15652.373346762819
80553,11192.31719613609
90257,7188.539677298603
91607,29318.371232947728
82794,15699.588912209167
79243,33642.47895173179
93687,20735.031021623956
91774,30153.016781824113
104622,7278.551871249795
94152,5466.949444444443
107441,19447.129423158964
96359,12084.260604440076
105873,18707.606015984544
82415,11976.30788452656
106807,7075.760555555552
82732,4776.306832271019
105350,17105.288287526717
107206,12330.563878515251
82693,10797.694755172404
101998,9864.370246763861
107032,30157.89031882288
88200,14447.002975053523
105801,13382.640013017113
86649,10416.582561564255
104334,19152.27944811589
101972,8295.152284829543
99530,7579.173476110509
96201,15672.791171008026
105972,10748.288883597885
100425,9438.34422663378
106763,26752.12491013285
90434,6525.531743207982
88690,8770.795093455496
88747,11019.807308985979
92158,14932.234995176923
104298,16105.310358562938
91527,19840.208002792846
91731,19026.743542388518
89575,6859.213167206385
107525,15017.592631057538
80805,19834.231540085835
87001,17135.55590416328
76256,29726.701766287468
106726,15387.82437778595
100912,16312.696231772865
78223,21695.192133191274
78232,45458.390541666675
79424,19083.048058322882
83551,12075.436344643227
98945,5606.2270542416445
101673,6959.616847117069
108525,12365.649037518036
92543,48020.61836908757
92373,18497.988301364563
96994,1878.6463840570595
80957,28008.44829601009
104185,12440.686862170773
107318,22552.21256623585
89348,8252.809116648514
108046,23872.958994191074
107385,18575.241952053242
104247,23801.666026006453
79675,20962.431332586493
95374,22428.09691548781
108422,10917.641740473771
76584,44955.99667857143
94645,15571.386109948906
87779,10689.232817592598
76043,20100.90122526937
101605,12968.25356444539
83501,18187.575120680485
95444,25937.320095097253
92724,40806.51150793652
101099,15397.775988451627
105469,8001.951384392433
78289,30162.528435918615
90064,12491.87735952899
93527,13139.356572284914
102951,11896.926756948767
95138,18890.05151336205
90436,19735.92348395236
86900,11351.172376976734
107779,19847.528572040537
98096,7052.192482507089
89305,16218.53225221452
81735,14436.18173901431
91537,18077.442582832147
79302,13359.375996138855
106769,16225.393151757988
105306,12422.545623389642
106670,17374.147587997697
80113,31787.295571530332
87168,18756.23938757913
90710,6724.9770090411685
90995,16047.074386514301
96388,11570.653652617713
88029,13408.706299886231
92389,16174.5076670286
102649,12473.029742656043
97530,9097.025790442913
88501,15965.504048432826
80998,23702.795556200654
89624,7897.152972441178
83063,7927.830195349579
90128,13660.514274456053
104897,7135.639592375705
85490,27345.617024725267
99453,26881.321555555554
107743,15201.778089173433
105662,14366.358524632848
89186,16402.820447421367
93355,23847.701479797983
100497,12894.666428261702
104389,14179.91137668055
104476,12796.011400625202
94822,15723.849210659451
102639,8994.51744383909
86493,9391.14550896237
95602,30289.3059562115
86924,11869.04918672363
81852,12438.394198309947
102319,14517.4591702417
107863,11493.512796839603
82938,13601.920862074929
89666,7908.768811165074
92812,31641.33678545925
97393,8133.160377588927
92386,28730.562910924295
77152,8806.158278860024
107259,19993.49684758382
90094,8632.043075637679
103704,14529.842526355033
107194,22000.80680030599
86326,9018.329528466262
84993,12233.157900326778
83853,5378.592976195118
98484,24558.466876643048
91880,25814.92652066946
89715,6886.249065813078
101393,9250.415620913285
87375,10744.144134021743
81722,15250.29388429243
91249,18227.472757004034
103603,14909.71114300249
96576,8457.793381949294
77094,13660.404175470761
97706,16173.251300459542
76932,11446.826280764159
86648,18014.584955033897
95671,19108.18347857741
87831,15684.25334859717
82577,11659.871603736105
87475,12417.535665092297
99557,9548.32491256256
82882,3341.6386731146736
97798,10639.996893368809
99009,31394.6820422642
98120,12716.121290627412
86637,9030.454470445873
91310,15485.779070885852
101677,14245.12711525917
105146,10789.068135155527
99727,12349.80725286536
84169,7060.765276664
91121,17901.22495350012
87151,11785.116569694539
107732,20009.757942337452
77136,31159.30009671615
77148,5248.0918627451
104946,11772.476833876297
88249,9333.112113813992
105127,18051.665962477506
89504,19792.019553522965
81927,34324.428881073574
86452,16872.804273222217
78250,16462.301380954184
85921,28470.59489431609
81378,11980.018562468187
106286,16687.505149644407
82085,16295.16877201989
100957,11999.589190420511
98903,11161.400867265516
93994,28806.08334829059
95727,44250.832689628805
102483,15452.345740598654
85566,23982.803354242635
97406,6682.559126985158
76120,4360.574984940987
101642,9347.275947146634
86245,8142.5550483815805
82830,15407.330220767411
85386,11383.10754567082
102072,12965.09093103056
81015,15057.44409267912
76016,25716.46132654444
103157,19287.03638090964
85980,12000.585224635826
107548,21549.97011374811
83411,17988.256072939585
99745,8807.093980154426
103338,9646.670676718482
100366,10425.088595451489
107718,23025.452365956535
91888,20581.63358487974
106559,12912.051921929376
102293,16779.503116957603
88007,15998.793741733161
100545,15809.03636306257
81498,19384.440842604636
81632,53331.5363888889
102626,7354.883682799789
91621,18386.6319781358
88591,4679.63354901857
87743,1928.3977241653092
79289,37484.67131225294
79813,28911.95213467816
93561,40434.79315625557
99218,8511.387047488786
83575,24841.046122756317
86909,9834.525613476348
81952,7305.465372023874
82101,31465.16374568158
79912,12792.683467389494
106129,12781.704832957406
103614,10999.57638473778
108271,9857.491033750683
88813,9466.28978356473
105533,30384.94723723436
97693,14106.809085055096
106423,8940.849571697256
88858,12634.344744137341
79568,20411.02763638829
78667,43665.893075757594
106744,20379.55420616037
79183,22706.988154357445
92329,18819.56373165302
93551,82083.63155555556
84807,6582.19768815558
106251,20566.046090409924
86816,10618.161933251069
85547,8905.068513501363
101577,10402.387495126937
103281,8328.159824896507
101919,11919.81250887582
97281,9188.378218468115
85353,20034.782993271667
99143,7140.203763099607
89606,15353.871619784944
108144,16701.68898682445
94628,22153.11948832851
78418,30520.987204103636
90238,18999.264614385535
97412,10482.639839587184
95368,21326.126170573
80945,29109.15581242873
101657,13024.193087782805
92454,27580.09041226787
79075,12282.412583200805
81257,14835.012775832014
99019,8610.787379571542
91946,12638.757082010583
100356,7673.336529059413
88464,7751.9823687311555
82081,17110.60542981286
97199,12278.225279488825
99762,8236.372568997675
101497,6930.325710364174
83716,13888.509579425461
99067,18964.951888167383
107895,18452.396469355463
84198,3891.7158402438336
106770,22860.91503700861
87767,13742.706405248351
102945,10845.083243879559
95956,21138.25204900662
81644,21011.085938270466
86278,6422.784940657941
79399,12273.903632977963
80474,15025.961005300938
94588,25651.716360237548
108471,16819.076117556055
93417,15590.679276093002
104702,22125.99494004597
84151,5846.88600008471
76589,12575.585648175458
104490,8314.851404118892
86365,9471.288396697037
90620,6031.319753175583
81071,48227.15449558069
92311,23837.34892975978
103019,6776.268185887733
100231,11419.419113739197
83298,18438.418475420054
97958,20444.3751885938
95436,27542.95681351033
85413,17206.670599106263
104619,14498.846765249647
84835,7127.037500444167
86314,13974.424567929085
91780,38649.1879671536
88338,12836.861823566833
98012,10112.823977925513
91161,22448.38072865388
108156,6274.700835415807
80607,18185.88893449098
105607,19700.974811353328
106586,10086.714563250203
93442,10525.107243386241
101779,11195.592353659255
86324,11058.475510355729
101056,8021.622778261763
89524,8799.981137409397
96619,6734.559662048134
102914,2659.416861832611
105085,24587.566282306434
88414,17641.742752697137
94174,16177.78928610676
77296,13677.48879019605
93567,17271.429281320652
90823,11693.268517700879
83440,8928.36235343888
91053,19743.202797918075
87349,16042.00099549152
93853,14814.24329088771
88334,4989.887045825494
97251,16945.201782500204
108429,26441.402756527197
90331,10531.802354554764
86234,9867.741844874292
102632,7335.517337305403
82553,8419.669233016753
105227,18909.825603441204
76476,10639.266604996608
99277,9377.416597065056
107214,17133.357870187334
101622,9791.120716719124
91446,17858.868291810442
102009,10031.197698412698
87852,8257.683044974709
93868,20273.569402696987
106100,21667.93213110171
84477,15419.654317246483
90371,6430.52979278432
101643,5199.143801145329
92270,31388.622846608763
91036,29158.625377305292
93120,14351.161827922277
96986,11773.63770426529
88712,12747.041429625435
107673,10835.87913540218
94689,47243.52944356023
91664,30868.265230200912
101139,6798.543583333327
100211,11519.872355445674
84843,13499.680119718345
99077,16158.07120978338
86601,10327.748231573561
82207,29666.915037077782
83457,10141.65497384483
78306,33610.39505125981
102397,13100.675654494506
103423,15036.875921025947
105818,6935.185883534726
97146,15237.253974701378
95680,17950.588837133033
102459,7412.747623308638
107092,15440.030634385226
92734,41211.27982265756
95647,21090.323359010268
77576,13025.509722382963
101530,12913.944005334846
87264,7721.150562462162
88978,10834.225629128707
86197,8354.108804787109
107810,22000.747092910256
81681,18798.730663960105
105951,10376.599915514615
103476,11549.16368963311
100268,3375.0087815261886
92647,22325.32242591904
80498,19018.68119317826
90634,24545.801807357093
86670,17403.165527604913
108110,4772.462249911354
83881,14934.757904401496
77006,15297.536165079366
83528,15507.947581880071
86178,7425.79795037007
105430,7764.744999873643
84321,18418.916583452494
90491,12413.597827428492
86339,14740.229278264993
92286,28438.699858559576
101926,20742.49421571592
106776,17428.51749450508
82619,14577.062819856812
79817,18087.8588982031
79626,17026.274437751563
87043,15490.291820062957
106571,16435.43394571093
87059,16562.131451358597
97729,11171.60874540519
100298,11926.37833612389
98256,12741.0270107687
97907,7125.335510745502
95953,19323.012458985224
91657,56721.747071428545
101343,14545.605372690856
82111,53852.60825801433
108388,13387.982098529137
88818,16506.62290597345
77029,30282.330822647804
104074,19542.948845654046
86201,8080.497734694744
81545,15321.68750080976
87713,16075.497483915422
92371,22495.896366157474
77156,10760.25072144713
76880,24683.02263384086
88282,12552.902927210931
96654,32961.38880069298
97866,25744.373907344278
90293,4921.970624599635
91292,20077.674501759688
77320,17365.27961207773
90383,7611.136674658043
100241,11074.292969588516
107973,9631.01750216275
79074,31461.912884320525
92862,20279.020746587426
96379,12868.532527954392
100683,10999.204609917851
76236,31327.93318771045
99113,13351.656266571514
100305,9767.496828734731
86570,8436.297548636447
93251,13183.194419705578
95890,17073.876587014784
104632,25316.134176734686
84213,22380.81229997457
107818,23656.174562919918
101521,11028.954395442948
83053,16452.113133600695
92890,18825.975613688108
107449,12813.520310948885
84022,9872.746426085967
90915,18514.094365902038
80324,49524.476834009634
81352,21493.31086614396
94642,16794.700107087116
76123,28885.601070519704
79202,25968.15912380253
104174,26374.64402671079
91030,24264.513930354788
107033,15714.16074951288
102759,4839.293616455313
102192,11436.592672970974
101885,8471.194075749536
97716,14964.513624987463
81631,13524.227277372509
81759,25187.372196235687
98702,9428.759901811804
105784,26715.521796116383
81817,22972.48441804688
86529,12655.370864408826
97857,9669.784311788608
82820,18825.94526222332
79072,25758.113297521606
92301,26274.637080627133
80309,13163.608460614983
102835,6604.813106083863
93599,17155.198120643458
90253,9587.357714405067
92875,24181.725836646543
83698,11239.055937246912
104398,49857.12917772964
96860,25156.293220472828
105925,29434.391933333347
97861,7043.941245499328
80226,26544.101268651088
92699,20087.33353164412
85949,8033.741518219002
92215,25615.380824074095
84214,16570.038245239048
106157,13175.33234366774
87047,15823.238949838806
102413,11162.337939794608
97955,12110.05129541395
81441,31454.553863097924
101029,12908.872633292864
91634,20127.79029161861
84859,8304.70882081563
93328,22891.588845812494
97318,9153.878716203517
108048,14609.322094270003
97815,7543.684691681373
101921,6969.208868111855
96260,6749.746905313373
93491,17225.710840241558
95257,14824.853193483745
83326,31191.511823469424
82475,18183.160071832954
107393,11029.823999846985
94132,22435.986415928113
103233,14280.03340613177
88140,11413.349471544825
88395,9197.823888463365
95094,78266.31197979799
95939,21869.195335259355
108234,19926.857548941804
78788,25090.417565461532
93021,21047.204054617618
98301,27069.840051813226
104221,9847.697582917459
92384,24935.996313994132
76288,25663.314339881246
99805,11387.883050230716
90900,10600.380603679398
77888,31317.12270454082
100126,8224.418833066187
82197,46645.960531746045
90987,13871.179089157291
105383,20674.620938724456
100476,9343.98243155444
104238,9026.545648289099
89211,13416.401480566567
97794,5750.215856865115
105692,30693.08943142177
98699,12880.954579282577
104212,19882.02538066162
107544,11151.546913496057
107748,11892.72524139104
103427,7542.031053255986
84063,7512.267014274979
98384,8291.2842994079
91209,12622.9490244709
101379,8355.099241014213
78090,56413.38016299554
88321,17249.88341581279
78786,19569.33108839664
90751,8432.703351386903
85706,17952.60413710304
100853,10263.749950471183
106131,18350.240586249653
89397,14065.412826144164
76263,3286.3610543530554
108441,47314.63460317462
88221,13300.335331932854
92526,23075.304259800585
81169,28851.568783068782
99853,10546.881228678249
105516,9562.666745954959
85227,11664.040747623207
101567,8172.348395269136
84331,16109.07618915576
78187,31927.099617063483
94441,15999.69274805531
100067,5805.734690476186
84660,16752.752934105964
98951,24809.83471595545
93815,8780.494397435896
76848,17911.10983333333
83378,14113.003935624494
79966,3201.0629266474257
98219,12071.376994992544
89076,12200.108138605401
86619,14509.953638514065
106225,17178.137043308194
76793,32159.760687371112
88351,10656.141673193375
107927,25262.912522074657
93374,22618.918345136397
84067,14158.996561721318
100355,13881.701939568287
82099,36301.19249206348
96457,13137.024019723363
103061,17581.988777850238
89169,16761.718542155053
97340,8420.25932489146
82912,19076.29712261973
82266,13452.85207923485
78561,49312.24634920634
100839,4828.539266493348
85302,2711.238503119211
99375,11944.884500840428
99881,9167.60654965073
88083,7592.175383436105
86412,7749.722120599638
84852,9683.212576838348
89087,16254.341138924507
77702,53736.853849206345
94308,27561.651305116346
100896,8100.421913641881
88225,10794.096942087781
89796,4494.096504139325
101985,5727.446288186558
77360,25292.42229341933
92220,32196.09686819303
83866,16825.18792451554
103140,5150.801556954538
78348,13288.849127764988
95353,25951.798445798424
81413,14174.573548503722
77106,21695.92967415173
103700,17517.26783824307
88524,11326.832770791334
87461,13982.4703235754
78565,34599.315255514426
82507,14816.916339789148
95578,16349.82083333333
91998,17801.712779959864
98342,12295.662707764459
96413,14329.232154057454
78273,30206.726916675474
105735,14895.305558394464
83640,17189.503092032304
100599,11601.905558267204
108024,28799.569758496255
85550,20106.656513586608
82875,8249.686445658192
93272,11883.81150886981
87870,10165.152512547775
83279,11887.858944842968
105742,15969.285026263356
96152,28020.540221332285
97215,16903.332350413028
76322,59396.92842460318
104938,16725.144989663575
81197,14152.894238095238
94638,14541.471138809
78474,32034.134685964287
78282,15375.642587637625
83765,13879.790433275584
81798,18962.51058183602
84877,15635.15173610822
107924,9451.124508982095
107870,8914.16373884077
86640,3650.2333334187288
90317,12521.665683976078
90787,14047.355066376189
102045,7481.505675530513
95893,28398.186492403664
104067,12888.91714898418
83702,13375.994591297898
88581,19814.184178785243
76140,20006.448428387524
87782,14697.757988686331
96924,26479.97130223548
81993,30384.83493762318
92440,25152.043697475525
97803,8606.561358863713
90468,6941.913764050808
77617,29219.71810962957
108325,14000.663607361594
78387,24203.00604716772
93953,70987.88332600734
87120,9094.596669226152
103344,9290.4884307177
86899,11496.165621508788
79585,25165.047583643256
86908,9933.754037970213
101362,16518.562155831743
89150,17862.818518861728
92083,17288.84480900353
81913,18772.649149886503
86370,7156.703529486714
78733,19835.798136261405
92552,26873.90642583175
89154,17815.91912012717
97775,12150.366544979555
94930,58707.12889504549
79476,13722.508643909277
76220,11965.401885056115
98869,12954.360163857275
97474,14974.884482127158
99008,7511.549436941372
107702,25060.305578867228
102495,13898.797631400883
76423,21967.002403374965
76460,12031.964370609909
83918,11033.96162375785
90937,25000.960104857513
98893,9005.736142268363
95015,69065.05864102567
94231,19759.39373514759
107866,19497.752237992765
91935,16734.790298701522
94141,25357.105414846166
84712,11596.457064392114
85125,16502.683440318713
102606,15547.808526241997
82305,19063.123709744043
83086,8810.004264013776
87329,9329.57045082046
100213,9592.48859492452
93661,26544.633079776213
95973,25887.301664114744
103243,7199.437494654039
77036,14322.260453174775
82262,8597.259866270808
103648,9241.960590042889
91920,18232.5108013468
85960,11125.028651782022
92632,27082.153492575937
97381,12217.947750432751
100466,8696.533419930785
77087,14401.325049235187
89734,14798.400634668751
83766,11528.144541019887
91812,65947.36296176045
93927,48095.52597999547
93439,13830.01739699127
98318,10608.906812748051
86863,10976.066684016596
95233,17420.449517217854
78974,15318.831256312355
89793,8838.911543650787
92799,23089.21013275839
91635,22898.251780969273
78414,14311.18799856673
90596,13680.566970894937
80519,31661.9731372549
89515,8408.208282820513
86481,11876.39403890363
92047,15814.629504964976
77635,17331.34532041396
98546,8009.595313223301
93556,13273.109783808408
76764,34506.85749999999
104600,17898.134881195412
107170,24584.993687083952
104809,10373.829720222591
104957,44111.25692945327
100565,13194.912927087147
82733,10565.72366615383
90487,5873.21934723606
104778,3791.3925500534096
106916,30479.579801655815
85771,9941.71241130691
99896,10047.945233299472
94796,15554.708881013816
105856,17036.112258766734
85845,12583.388211151163
102590,9753.546261760319
95913,43085.18261871562
104395,15136.92650378256
96422,13457.97158092237
101279,11077.15708333333
98041,6141.1472963389615
90702,9987.819952729244
104988,13306.967232521363
99996,14641.244666038634
103713,8846.342301684374
79170,34008.869716931236
80452,11320.696279432752
105657,26029.332223674624
94986,23167.464291897762
106339,11274.702883232509
98568,7576.7915448447475
88304,7838.8319237742835
87628,9988.031550324904
92003,22140.527888519737
97111,14173.422913525486
98892,14538.050816067214
97778,10854.011279269187
95960,30220.473585675587
80575,17891.97695939848
94709,22587.16461487101
103647,10075.00601685126
87784,10008.81387222641
77344,29559.411374936626
104068,13427.872175397686
94747,22770.647581967827
82797,13682.609592027333
77079,14808.578393066618
99217,11199.899549633352
84624,9827.072851310877
79999,31773.323540404035
107791,11084.31355769355
86274,6982.530466230274
92407,14235.939452364777
98109,24031.232976079857
104428,23494.174809045522
76693,17050.89183101248
96321,7701.995554046815
107222,10678.346344285645
80693,18696.531777777782
87795,17176.949211683113
83814,11368.58375691442
85548,10209.828271479826
103252,9892.918577803735
104453,18782.036935504348
80578,28447.757670913947
103826,6576.1729094817165
103199,7054.871086660594
97338,6822.030552429272
107287,11557.333370896991
77059,36364.164102479954
93965,17010.831406629317
89513,7281.338117962931
83064,8509.074926114468
103490,14697.005461279457
99116,7052.59122858703
99690,11809.465305802023
96405,10013.97893139262
96969,8846.79876675286
84317,18213.67051486349
86480,17567.132125928187
78305,49946.08763237686
96458,19557.462034652504
96847,11508.999268092033
87888,10224.085784977855
92753,41334.79133254322
84191,7424.615305308231
84830,9406.593142102663
100910,7360.196030329092
94969,47156.99969635227
89103,7917.397207505676
93092,16524.64198278774
106511,17190.54658882251
100549,18137.93833882057
90741,16004.700999380551
78118,18644.256299767658
94087,11755.803639852995
87584,16286.08137164052
107254,12209.386161748478
105985,21097.850439010625
88323,13868.043225031013
105221,11891.194406634253
101901,13915.904531627286
90944,32447.71123407839
98634,8755.676443278053
94057,18797.80226404036
77391,10539.426101019406
77284,44002.82311904763
95838,37194.71254090961
105720,13094.748948212351
97257,21138.364896629937
96339,7158.731205997576
81848,33350.474663635665
79581,27156.53958649349
97762,9336.278759098625
101710,7751.909125014127
104892,9169.411733796162
98689,12050.352480386011
102340,9739.41048640533
103335,13811.813584756934
80348,20267.536970751476
101717,5579.939880723035
84797,15897.82399897424
80101,20402.214444512934
83224,16780.316569500246
93736,17293.22138888889
78612,15179.544379859679
80009,11555.251296906925
90246,13693.929090351136
83348,15233.146082485511
102263,15520.39646396724
84153,16246.46282413825
90556,15707.06004342562
83726,10817.899410930897
86153,5872.069880067444
99219,12342.810078729888
79008,20949.084912694747
76574,18192.849525461377
93345,10539.097959004272
89271,18713.95142535858
84424,16191.111925446285
104788,20427.81134669341
96178,14971.978662777403
90344,12879.056926197572
105532,28371.788989182678
83994,10680.398068193923
91151,26352.444676086085
77889,32250.532260140335
76382,19861.98506148119
97738,6814.588632201269
86371,14383.248591097867
79800,46296.56765791457
79323,25260.52303974639
88652,10550.149063146528
94397,20523.049125710902
80125,12449.720880412946
103621,8535.995263146438
103073,7626.649459832644
104977,20531.1185034227
101232,10317.288120266281
92921,10982.608177869237
96524,18628.530631775284
108206,7334.789573402122
98011,8660.952673994278
82282,64358.2840878023
92162,11132.95771752906
91162,22924.210373688536
98222,6647.310282126045
106388,27890.520813191142
76194,13058.533169158398
93165,15951.65917546809
77080,22006.28666290154
88188,10702.928419948521
95987,11321.353600982855
82919,20757.706836928326
106334,9500.018016756127
92868,31516.336650191824
83314,14414.111355341667
83498,17424.669723502386
99081,9418.555955003181
101875,11260.270386909226
76353,38506.7948175713
97969,24759.93868985705
86292,18849.23038452838
76622,27278.064197759006
103480,17805.24593859044
85818,12651.895147199746
83971,13322.806708796294
97382,14212.04416362393
101439,8258.468677256995
96661,12350.719626291137
77795,11435.819931914704
105731,20299.927451426425
91696,16093.42733617336
93939,19869.76837333127
97415,12406.442675059454
103354,10723.34381643209
98909,21784.491732888724
78125,20561.569134358717
106866,9121.915997341535
98910,7658.3893056172865
106208,23403.149033819813
89885,7167.987742109597
76580,13573.724884319727
95892,16170.589453096665
91957,18907.76914768284
99645,10916.542234412911
79562,46207.83552210609
82838,7472.630536199257
101076,7920.104466394343
81361,24153.237560834637
108419,13152.304953127425
93085,16356.678870998727
104426,18395.03498330924
88313,12346.332328381352
104866,16976.007375468944
101788,10072.851577097696
103172,10847.980275491444
98374,21850.34840855566
107111,23404.65586970315
93480,19950.826750723532
94099,44538.70815752139
100358,11523.77058958934
82106,30929.908109364012
92783,28253.162936160086
95978,15794.794300939018
79394,13506.411018157896
81521,23952.688146777935
88260,7883.242660194701
98649,9584.944158875644
81422,20155.803486813387
86500,10911.207156150616
92997,10892.413499833188
107940,10426.668922011324
80225,50448.434342352084
94805,24850.99322066736
88709,12604.361516329773
106470,10454.244149159824
78835,17756.505978461708
90721,11945.584663267146
105429,38688.36956746031
107998,26719.345814362056
89287,10887.019113730814
77311,13922.884232627526
87200,17811.547704618497
95348,14003.953411574832
83148,9024.524572643668
100616,12424.818508010661
81487,65996.71716447441
85031,12028.55999056247
86761,9750.029407937875
108219,23607.62139622443
106290,13038.536696815709
81428,9353.955782975383
94572,30070.88689464133
99173,10970.53968553444
85760,9985.521704368683
89013,26497.712621121213
85726,16633.319248068346
98647,8717.02898038103
76300,36899.77488468014
76204,13608.959539544161
99199,25190.558690476184
81833,13956.203655369445
79245,24960.3680877808
83196,10990.647862515689
85013,9139.516116761153
99200,10152.647337454753
96238,16852.471733461287
96548,32983.20688095238
104251,18822.99508603529
91169,27295.926431489803
91530,21581.22593862499
103143,6750.779731490729
106804,11321.663644049851
108066,21151.923725274377
76048,46797.12266666668
75977,15713.738536850735
96347,10939.846878445673
90190,16661.944037175374
77081,27044.112700049147
83861,5633.689363686222
100546,7491.337973349585
78182,28277.31098989544
89589,10310.896796485107
85606,7593.267165291499
78359,21033.2881061834
97559,15904.472782779754
76721,16079.768518935745
88097,21087.35023537574
87435,5491.40278136532
80798,12526.017238456225
90537,8023.433504665606
100528,7565.272059937335
106401,20487.008858098845
81910,14568.375422442587
92691,27977.201318908024
100615,10463.015976521163
77234,59825.94332829056
78332,28569.515107342315
77572,6617.6929761904785
90150,7599.942170416666
105917,9909.77114481565
76449,27554.96686128131
93412,17308.0676682868
86269,15018.92828983925
87995,8812.783255419732
100075,6839.806003562732
80021,47777.46919386804
90343,11869.784818327787
106349,10040.387839097646
87255,12621.078651271244
85507,17363.56808963111
76232,12091.775776906743
106308,14959.84097272022
92289,18239.73369747134
104499,32057.971759148204
81788,8650.372247399935
100405,12128.672537235296
106380,13780.46363437444
81018,19161.872842869634
83259,12817.51238751594
94489,31519.616811027146
92430,25260.751816291344
82401,11169.639661819661
79510,47087.30435893456
84456,19524.723712225787
98445,12173.657731442756
88466,15871.933185166477
94340,17667.767482389227
104411,17461.83347647557
85378,10872.434532826674
93363,29229.220190974727
108217,25024.12679422591
84003,9627.100396229649
78674,13707.634929526055
83754,8980.159242059943
107659,34240.798607562036
104134,10208.138266551017
80428,14054.720213320914
107034,9761.32555371869
105024,21775.726454515083
105501,12776.783284426067
100183,13630.33001259151
96262,14481.440463236037
102419,11363.674460360182
76520,15921.082679475661
87564,7945.333745946778
95034,16480.95414844733
102071,19781.855553249607
92236,30562.771516978915
108245,15088.275024523331
90472,7305.198368013916
91733,18771.48734057918
86418,13660.581491108243
91544,17204.294215445036
108294,7646.9296774117975
103067,15909.898366597667
87683,12690.034275290105
99427,7542.333518266931
78592,15455.420445508398
79477,28443.6144282427
100575,7029.042901433866
103629,21814.74862247509
86341,16883.043824195258
87901,7868.7350906741585
100467,11539.287717673022
77769,15188.258252885918
90466,10068.616291215003
105120,31750.267726822643
94434,28563.64954237488
90333,9730.143823954877
100483,7056.730084690411
91083,21836.487950710707
86536,11317.25208938036
108361,14202.165661155801
102652,13633.713460201125
84120,13026.551124802558
99541,10333.93964286376
80658,12236.182885955574
96028,25627.33243801916
82478,9006.138636426826
99296,15228.745486959366
92923,19761.471470768312
84564,14887.047899503345
83515,10897.69766721542
80070,32111.257063318535
104027,21778.21102341297
79391,15545.917455266954
108108,7205.437361314383
99156,8635.517424906422
94668,22138.559098239828
107534,11404.88813034143
88509,10113.160544367396
78713,32757.3428962318
95033,26645.239039189237
105878,13483.2233483772
84590,11122.554832361433
104297,18491.611460526736
93140,21450.975873360767
95943,44726.92151772192
87298,18486.07025246003
105774,11296.788216783034
98658,7603.100931280923
87070,18586.289457490064
99465,13300.631181703346
105845,7863.53133517426
85369,23004.29995250498
83600,7283.515802155921
93030,41130.57611111113
82159,23184.52994830249
88527,11457.504607278488
94866,13531.92301096326
81680,25090.824884524398
85293,15777.792948893473
83020,10736.498678232327
92112,9687.96139688322
97809,9108.015818791459
83970,8855.61460245082
86745,16274.233937800242
100652,10863.813292919973
78837,26563.92777127593
96354,8681.846082040902
90084,10426.182091328232
84838,16193.139162760615
90416,18395.39901093331
82908,7799.234114843888
81469,21866.193300199466
97939,16053.8633440609
84109,4923.943441605518
94042,40764.69213310709
78843,19490.296457259563
94386,35064.87181141002
79961,37137.38312883078
98556,12101.530205090248
78323,16079.394236111113
98349,12524.04681843219
104599,10769.622336689465
92804,16713.99370033522
81485,16730.106997965
86984,13385.936083389744
84902,10845.196095755984
87230,16637.873608534384
101698,9510.39798601064
81187,28257.004957856112
91728,26156.66684912636
90136,19815.474114121043
96483,9026.320632145076
103424,14990.98698924115
85712,16384.31765399108
85509,8088.933041765056
79976,20103.1778091168
93406,19612.151000987466
84108,11852.691633415874
82598,10456.272386145562
88086,9776.916780788231
78975,61056.30510472394
78989,19982.65335042734
93597,15339.386788704622
76707,26197.83397354497
99370,21395.763906028933
90372,11635.844554016394
97227,16962.329593101233
93053,30661.602530885768
99724,9979.418451454729
101261,9935.545486731271
85273,7650.978129145478
105019,21021.160368074547
107234,14226.580790519547
80816,36918.47041421405
101175,7646.9157854195855
105866,40398.32666666666
96858,7901.0134557742285
96226,7191.996443707924
97454,18713.68782605981
94540,28882.17155979372
99937,14204.46839526422
96637,12796.39431684982
82607,8805.534466199884
107708,24018.809354479123
104404,22044.42173736041
80758,16024.247754578748
99346,13690.577816265111
100310,15640.87881471478
91670,28612.506038250773
91353,25542.390550947905
96061,11550.193881694555
88206,16970.923698638984
101814,8636.84373478024
82298,9736.414906288626
94958,21110.005061318396
80444,27957.097093812758
93957,33963.16443796822
100830,8051.422020996584
82523,10481.823211781784
96073,8264.824242365266
87933,16026.957788711488
100553,10875.328138067991
86623,15250.544512889599
87445,9740.407768715575
87890,10640.845071224545
103149,15462.848786463514
102862,11118.165884584956
77553,22537.79975502409
104728,15870.966018979161
77884,31939.801634899894
85105,17277.366313168546
76064,48982.58090740741
86071,9419.866554540751
97148,21730.05310078638
76161,19155.194354741823
82950,8693.812067113193
87334,7486.288591209263
104120,11349.508224867726
104591,5609.625697591842
106665,15466.819189831689
103766,8380.986389975413
104087,9739.041607187673
95947,39672.21826388888
87165,5998.137796632053
76294,23253.76800296244
108455,19296.958835361154
85399,9955.946942727078
84698,10719.556965551095
80713,12247.966071791432
85799,7713.961966482888
100254,11026.696823049508
80264,11097.588157004015
94211,9825.601753351417
98839,22241.17414471985
99631,20609.25183197959
81506,31472.837524410766
76167,15511.391554775331
91308,48571.86111111112
78803,16907.53726856219
92010,15052.51949266958
99424,7347.374096435888
82042,15427.955044011283
89760,7822.749991173513
78489,29825.557181539727
102712,10730.715736483673
90935,28731.359400048175
102912,11014.739132328965
99041,7945.596727077964
79903,50789.949827808305
96670,8804.02096640546
76729,33774.19116244354
91107,29611.510462953
87286,13646.217100294247
102303,10933.54206966169
106623,22414.387293416912
86955,14018.68069683264
90173,20900.091541369722
99829,6461.848981892252
106155,13331.318787715125
95426,53817.428914472584
82218,24187.501224369636
97534,8105.984712536662
104186,15292.799123645438
94450,21850.858520081765
77720,31652.944428258805
83278,12358.373433818664
90401,17204.612630479525
95842,21692.182798400863
77025,12624.401777777774
88288,10978.128821457327
83552,17812.578257517886
91467,30340.83096175244
78417,23915.486129381174
81312,27190.55706626874
106656,14212.42785701588
93396,22457.304591684464
89063,10364.139162244099
94830,17454.150489417985
98183,5053.532821772369
101338,11563.204390429293
86784,12860.411716948396
99315,9331.462877864913
100058,6128.478284863103
89181,11086.226500944686
92271,26389.421045559404
97562,12953.238628855837
79601,13176.832939675973
95361,13727.10631595516
82021,16996.59861083924
80766,13731.03046783035
107591,19921.785208117755
97689,9665.256670022176
77322,16147.438966547837
83942,10001.004416160074
80703,36678.34903447269
84304,8615.560910611737
92976,23577.6701845238
104652,7843.570077156204
81684,27635.51696515069
90189,18923.56468878152
92960,33541.78693786205
91335,19655.167322751324
105310,16343.303052948559
97940,10051.886366479848
79726,19641.66219766294
97677,14673.492639825186
76868,29242.922005163724
82008,60468.70936868686
96078,18745.785017669798
87835,16953.2008684349
79247,16121.603724375042
77781,11149.054263179634
83214,14024.470393627167
108215,26568.10628476729
93824,29294.30195519192
80787,13462.118477775617
91615,35888.28216968115
80389,30587.36810646042
103596,12554.400748484455
105821,20667.577762691908
82476,9154.160532522368
95265,17290.892292641976
98399,22254.086457430352
76238,22250.75944444445
99100,6315.379635074017
104714,9397.78694065279
90919,12366.577498706276
83623,27957.96375825285
104865,12068.706263849252
82002,16719.338800505047
78910,22192.746634735948
95502,41639.99474704924
103857,8991.657531056071
97624,12962.106860882057
85720,11777.11715849425
96531,10814.824360290362
83085,14169.263930019637
107580,19537.01698978445
100283,11757.188252161008
82635,9880.70850706289
83319,6113.8815851394165
82752,19748.664158941352
89036,17325.559164211143
83309,12303.291422469749
91103,23463.066829440955
78064,67368.31861111108
93250,42957.49658662663
104512,17200.792583866783
79857,8154.050148074895
105526,19482.774434807692
95901,32027.21632845034
88558,9697.075606844757
106352,20131.07947776522
77802,16470.8820495474
87315,8966.898753686919
78742,26313.99901236001
102737,9666.903743817935
102515,8563.859541166496
89811,7339.376759427725
83376,18101.006095194694
81478,26885.559001564332
90640,17187.401859004756
77782,10647.379072393831
95954,16869.96302854933
102593,10637.421264277642
103795,10207.878741211005
90806,12276.176640051614
89657,18344.982180183426
86003,15002.746215025332
95380,19299.602823342524
105152,18315.598500000015
89783,9610.846406162453
94941,11172.616038199321
97059,12908.49303526993
94104,35595.97268697479
108398,12077.919107927744
84930,8918.036007374778
107156,19983.34476116779
95687,19186.20628957546
97033,8983.150932549399
103036,10012.640587926368
85849,11323.212221086922
103638,9737.050789702109
76938,33589.84094444444
86884,10017.381332846273
88711,11857.966333333345
105179,26026.186188283744
103858,12638.178143770834
105362,30909.945713609468
77038,18494.270003876023
98935,16481.915246578574
83763,13575.592081519126
106254,20350.347819094794
96326,20596.462011785057
91225,33934.39348514911
90336,21505.788087902834
99070,8372.910736580327
88213,15506.056244360512
80925,50151.640641277605
99202,13473.365927306282
98190,6684.64239693764
93632,13982.794505397653
103377,7574.203873077207
106788,21599.831152871557
104266,19134.11497968147
97957,10964.416069444444
79055,26709.2330628615
99963,11875.956251386135
104883,20707.338008939856
77565,19248.949479034847
104641,9606.555679974299
92456,22111.055024839545
90989,39211.36044444442
96336,10179.854511085967
75990,11491.130798708706
81685,26196.07075477043
93610,24419.00083591466
92156,23914.19680290108
98823,16247.59049615115
92141,39088.15940476189
87756,9401.637248284374
87211,12521.944174723627
93983,29581.304026009908
87098,6280.985754345201
88453,18246.23924728877
78408,15575.8047941736
82661,10619.86879199467
105658,9501.497252544823
82377,11847.677550067105
86738,11301.394723706335
90498,8385.605671748704
96128,15659.903673562132
81136,20475.41432006771
96840,10352.165942037549
104970,20545.479795194686
102228,10490.491906621774
77466,17521.476129756422
77981,10631.518938829451
94406,53976.99458531747
107110,11420.07417494639
106442,20877.754582747166
90593,13072.505499401474
85731,9677.34463244329
91243,25242.110967748027
88327,16452.341575139708
101596,11718.063448563636
91216,25418.929029519597
82093,58258.270276429066
106882,19578.05684216193
89713,12771.482811936536
93144,5535.222777777778
88299,17515.726851443367
78242,20396.963213889496
93200,23255.209323953815
97874,13161.477874737937
93836,52212.59340295818
77774,31345.662055555564
94322,24779.506246925484
98230,11911.431107416367
96006,11989.559564380752
85959,16194.388917577484
88398,16665.144604825768
99305,6335.658809799683
86936,15288.442271442455
107147,14093.182480998676
89432,18190.768839733526
104475,18552.04210452973
93164,15421.54061010582
77276,16594.757564458592
107454,17591.31052627176
89979,22881.055475967194
105360,7223.485338811093
88586,10232.170467317803
84105,14991.00555319715
104625,13481.703586010688
78707,22935.013952591093
98962,5147.432186054374
105679,6261.535281594258
107418,14184.79490730095
93072,69277.66909368409
78519,17908.712736673828
98281,20569.659851208868
99872,7567.69376038495
99188,4831.817271931856
102719,14183.093609050373
107129,10967.663839078527
86785,15923.467264130866
80533,17430.28689809443
78168,17860.15857746021
96300,33106.524658730166
85605,12691.85773692797
77676,16362.212929321953
86360,9784.8882470964
95177,43851.24337236054
77263,8106.8641304065195
83488,18557.004633173034
106949,21094.178269764867
86400,11414.228565804482
103763,11111.669398164175
98495,11539.24269200772
94363,6236.084775027871
101940,9006.176612558907
81366,16376.181011398634
99546,15252.119058387068
80651,18906.367498825908
101196,11935.216495124829
102050,11275.542790282776
99804,8208.603684556352
87153,8599.882701254499
81225,15175.028180480162
76181,22036.384983188902
98469,20606.974499879747
93979,13016.546119810191
87480,19288.854823521575
76369,16112.21409621482
88375,13485.336445637844
79983,12718.03381359916
87393,15880.640691274688
88732,10087.807552712255
85383,7629.415908905051
101126,6760.819200279152
95928,17976.631324536913
103011,3515.246811253562
80083,35972.40780203404
96118,11051.216679568905
85674,13708.69719261827
82917,17859.681175736067
91143,14797.471871499314
101645,10845.50546463711
92817,16446.924053387644
97402,9419.506625026648
83885,23582.52646972933
101758,12595.771442022624
98594,10383.746352744478
102018,1159.68111111111
77568,17748.567942084155
92202,22066.97053814996
83954,13741.033764664513
92567,10799.200193463239
99006,30243.226266064004
90732,14746.496781740074
81955,15806.666419567146
82585,11919.014195802432
106285,11549.64395478653
93620,20366.312958347895
90725,16364.762218668617
92088,13478.819322016192
107174,6769.804100802315
90304,13981.698296778259
104127,18145.89915556753
98880,8800.088614103925
83303,6152.296181710198
94770,28736.219407990433
89074,18583.834153720836
107549,18980.10427413708
99624,21517.2487807858
105181,8938.122287181182
88189,8540.288744222757
76455,21960.023628630835
101020,9806.519650750799
76745,15320.97587818775
89568,16579.963534989365
83478,9844.425102429483
85747,14138.407197574765
106272,29402.76034160567
82872,16775.2769116083
107532,9776.513892291512
90049,10390.77647648946
81364,12810.097300738016
98040,9159.624869502388
102958,15026.48707211754
79260,26607.276223716337
92243,41774.845745553685
88478,16884.56635368095
86621,17233.325481038675
104072,22037.317211290407
90813,13248.57535136905
107620,20813.931504957538
85958,8948.83316442111
91758,27008.220649699797
92388,36891.43787972334
95940,17828.32300209177
95423,27624.20455810627
78205,15841.194929232803
92781,23492.83686928813
76964,18348.335130222702
91309,20712.643308503135
87312,16057.812342862893
99960,9925.467177431363
105615,15610.37586708543
81777,14804.335769494566
90088,8052.51540210729
101916,8974.874397729007
102032,12388.940080896433
78757,32457.416408730143
85089,11027.145580484981
107536,12752.439543294155
79554,9041.614157373979
100053,12740.103575764195
102087,17092.341826744374
79180,36407.64277380954
78292,10493.79649658465
87547,19507.722385756828
96714,9839.986799984832
101388,12039.828103963246
98889,8134.317429302697
90037,10443.779113999308
95831,24895.795009438025
101678,10390.887144489985
77780,25414.765484706222
104014,19123.75605981244
105304,6325.964708083288
77837,19187.67005293616
88541,7187.00344953646
89143,18267.321221326234
90294,17868.32046226233
94097,20985.791844132928
99108,14257.233125411434
107044,16201.602896290533
108467,23304.91120776234
88739,21437.73956043328
102441,13270.624721419275
86183,9751.668332110592
106346,12785.742169801548
84130,16001.972646250873
107757,9970.151933091158
84412,11263.029056990987
96522,30903.257772500943
79372,19842.892968243825
106945,16812.74176689707
88312,7838.44035803461
97814,15277.593997239257
94724,47367.91760728355
79892,18956.384683275523
94500,14908.509372767017
102161,15746.285779244636
85073,11056.753148399961
103316,11229.348744035658
81537,14850.618781049785
79187,32111.29496700616
93646,25458.936195516184
84942,11953.245176400276
105305,40353.448666666656
102440,8315.620090540475
99694,17185.993980304724
97189,11374.550488414086
89680,14702.412033761448
104471,10776.853384748181
98066,5178.007661005782
104541,10606.833990933445
90039,7298.229124265979
99640,14149.905954663198
85034,14576.376011058092
105699,8953.13014018019
103097,9112.023796760388
79154,28344.247482499733
79730,22851.062475588726
93954,19252.699785605782
106821,15567.430918216503
108129,10370.981771251216
81433,21667.682465632075
106810,10229.768876290538
89340,8440.618147368017
92137,30250.16346975793
89457,7270.892884197726
91797,23329.37568385204
92334,22549.387615791267
99141,18567.712565777474
104901,14910.953303005543
98189,8955.351950465307
95071,20930.030019841273
85149,15978.678789105847
83164,13824.153636524343
79589,5533.301944444445
96533,25641.944953522587
79514,21413.395617818365
97024,18449.385672469503
84010,7500.727269607332
77716,37011.18998484849
99999,8369.271960897793
91937,30256.44104268634
83222,17740.60575017876
83874,12449.006867890701
85379,8465.054547025089
80923,29707.715228069075
87263,18021.24372175917
77648,14496.40914725584
90784,21994.547385798876
76092,27725.421381634613
85877,10681.273477287834
108297,10099.316476654292
81020,31293.3164595936
80092,24962.232098792825
94008,19965.92647566281
101425,7489.947594804994
81218,26028.649822058804
102599,14935.282148793081
79959,19955.380048510477
88223,18041.94031698724
97792,17049.472364722642
98438,7512.513307013707
107986,37968.45844444444
83947,7582.944021504427
105867,19403.928044904893
107403,19615.825348311173
88885,14641.172630099294
98450,10301.522617393593
83554,8461.858655973974
92398,27674.85280169069
97238,5068.537085187116
79115,49559.92438888889
92394,15185.41292501794
86813,12679.383087443266
106364,9490.990754417235
93974,27827.826223734635
96921,7431.1701567954415
76493,14342.439332473425
76358,13891.260639547092
89895,9458.333926487294
91354,24824.197539590587
105589,20087.777642100882
96412,26817.05923081723
98970,10673.484289014707
103020,9538.586038957432
87261,18792.6234655142
76112,30799.42447850801
96166,16644.152041654514
90696,14607.46865216003
94089,26629.769616942423
78422,16883.774693726915
106298,12653.855848610725
105489,18079.23249189902
108304,26143.690986538288
102353,6820.687211685242
76411,19009.981335497836
84847,12201.46352970991
91646,13495.516121148312
76141,17233.50429195026
90730,6375.0853663469325
100429,11556.835236404857
85989,9069.248664371686
105539,12070.035636749237
79951,40621.53294444445
96676,7969.026825466092
100762,7305.16567575816
92509,27009.870100535016
79582,29315.323722222223
108529,19660.74386225021
86542,11702.58619346447
80669,20466.566424963934
99953,12755.711256231394
93023,16126.787618518912
102223,14884.666468764643
102167,7190.653492452891
84525,8359.258877054666
76654,30603.64111905018
96998,13543.972690347226
94337,18120.0138971402
105106,9894.393221833212
77494,36157.24330808082
91245,23803.291395372074
98303,22339.242059132102
96838,24268.79269252179
82064,17692.368234487734
101129,8471.708614974472
78108,13521.374934636653
95497,19533.627109761263
81175,12814.626280361987
89631,34198.088876900445
93976,18910.564647354462
86199,18757.538037255756
106842,3467.9652692309064
78263,11778.265322484978
89187,16370.312185650906
104396,22943.832504499132
87198,22218.553707525807
78994,13830.946557505391
82655,9810.901363015655
76432,19531.777485734645
95404,21375.7036772534
83767,12299.894722653438
87719,10085.51593603267
105980,9683.674087764723
99851,18155.423136141628
80432,8844.12519242856
80344,28992.651649749045
83694,22091.3327089947
96247,21984.655871817387
86395,20157.82894358726
103276,9013.624816571837
80262,12413.54101968422
88698,4282.98115356825
101575,10078.84232940154
101293,4125.454090389257
76732,18466.792762866426
108287,22702.1886743663
100140,10197.751205812425
85239,11039.199925799714
85252,14685.83435382111
77174,10692.696371457561
86250,18385.73727097786
101740,12983.36905432213
108134,8725.990193141668
82406,32156.02002343583
88667,12150.48940107442
96978,8207.705457683938
78635,14887.962388372176
96572,9366.44873663765
87841,11419.201909526242
77951,18823.994643854123
77253,11176.718293158907
99102,10734.860043170307
105959,6475.39072957841
91687,27287.740604751954
83483,8430.624898612657
80361,43003.698158401494
94647,11271.812000289185
100857,7925.682219678834
82465,11329.092791207519
100672,9821.615936952665
88369,15733.673370601213
89345,12153.112183747204
89610,7403.143790440825
108452,50339.25294624817
77913,49882.35400419741
94990,33391.794250701016
78501,13462.79004673105
78393,11735.779008303363
101975,7666.066159367761
93585,36908.17472247392
80079,22843.245010718925
92292,34435.3281487802
88595,13075.622520170236
107865,23288.37850925926
106687,12832.523700592501
101741,15200.230040439677
93999,18459.413772767166
107722,14568.633781800332
80167,29277.165489580526
81844,5819.4601635802455
77048,17596.752187020622
107873,21173.555714963713
84939,10374.194021282612
106486,18969.62656605302
84683,12052.722911384795
83721,24602.43069452044
95371,16347.771482050273
77370,24987.392814750856
81285,20546.067555555557
92306,15917.023858319797
107739,22514.40514370355
89483,8570.945899117702
78832,20672.22846064615
95190,26535.382009697034
100747,6799.003471139451
106957,13870.382554125741
101143,8554.828942216167
92745,31147.54161429486
96890,4266.902694339114
76809,10878.894965942316
101202,10786.928889565388
98845,17728.39154799019
106599,6816.288358255398
102195,7979.156085500775
92630,23637.359262965798
94558,21134.576509400766
93959,24492.84200690854
77993,28174.15762022134
105814,22660.45898969483
90144,14052.997337673616
102474,11204.537283381122
93582,50916.02527777778
95183,18820.75056156226
102451,6763.389829331267
90109,3421.988651122166
78889,18380.70257936507
94338,23475.38383333333
88104,16540.140687324256
99955,9863.879203229078
91274,16513.361203016026
82254,28311.915602507437
94279,19334.66873991075
84677,10581.42647606072
86814,22672.788141414156
107316,19148.460110915526
108497,22050.276877623844
97403,13917.537265955914
104859,11648.681707400816
76106,28061.65920769562
77307,31125.098623749273
105083,14540.774786351873
101644,9379.021920079536
75980,25024.133518343995
80678,27695.060594023988
96987,7284.209997867655
84261,13320.383107537455
103391,10923.759033629312
84290,10294.53274867959
103179,8868.216380278122
92887,19636.8713796201
88486,11815.348430613427
95325,20779.60331981679
108122,5563.541490631552
85364,14015.88915675412
80688,36515.19862301587
84356,20151.774767092124
82717,17056.251235186217
95166,24636.61936126926
81154,12975.798854257913
105294,25861.97391666275
101409,18401.671320648995
90808,15267.146688552533
91000,30652.676892553827
107931,32053.292966084686
80058,19779.53515766228
90511,14837.649191998045
92525,33113.12752029384
90057,12117.961264502937
80266,14650.684214861396
84467,12973.357327010193
90576,20169.273080997817
82575,16016.315636285584
91601,34298.0364957265
80196,20106.5783340503
83418,14652.105754950755
97121,17190.48077587219
102024,12741.026539331191
85225,13119.471532983966
107001,22527.749277017934
82592,13982.707477199077
96681,12023.322015698033
87462,9921.444607006879
96787,14890.332714100703
98868,6122.259898334921
86472,18807.36546353258
91250,25960.48392245342
84328,12234.801080068515
101840,7605.727810540645
78225,20721.679442433528
81026,9963.36241377043
82325,11869.096619047621
106596,13095.721296703596
99810,17110.694030507813
88054,18180.69423461898
80041,31151.018175925943
102577,10901.273981105009
95870,20241.500777745827
76937,20485.721813666823
108359,17609.563932789228
102482,11510.757475691686
105228,20218.66539437245
94110,49164.082580549
91022,46857.04159860925
84243,7889.6502919269105
88868,22269.268174603174
86994,15263.76981436862
103924,10558.299568205734
102415,13025.79546868687
89954,13045.04992434578
98212,6769.962928926036
101117,9282.759397739917
103865,9667.608516175813
81944,15673.893691007159
87371,16842.16968197822
103778,6926.63074405783
84310,18860.40440046107
78146,22629.945785909717
83910,15874.64428113689
96498,36429.43517857142
103937,2846.3663888888877
97439,15351.766803476297
85156,9851.930425934728
93197,16703.196133478792
98573,8531.254599945394
96816,13079.091249526746
94610,18867.652337127925
102536,5625.62106358145
81021,14015.47807070707
105037,20515.434565224845
82891,16259.960780460593
83601,14353.956245606085
93413,15720.90447761544
84517,10329.312356401015
98296,9652.723548290422
83442,12217.205857269122
83641,10764.628661792212
106454,26403.13388521673
88540,6496.124220545178
101350,19224.42301002332
86741,19476.2637748805
79411,45744.88566486292
81400,18729.50828490691
92460,14367.767083930863
76076,28456.434894551916
85593,12858.666485291287
99476,9603.002946874663
99991,14959.919573719882
80184,19841.44663492063
91365,41562.129281983696
87967,10132.750824447807
97960,7063.047789875584
106216,8809.760306460916
94470,33710.19845292489
105054,23526.471813050426
76801,17600.56731008497
84376,11846.84955774452
95818,27589.25830351109
101354,8570.495863286464
81184,15363.105883435259
95386,26560.916000781537
94813,19511.45265702398
100188,10937.807867935404
97816,16394.246297456146
101948,7053.950162278205
108229,21530.58212193868
77604,23377.063261775173
103052,15948.37494735139
83998,8814.268068437344
103163,9914.165633861032
78407,20986.766413537047
106267,13641.52551668165
84808,18063.0599017466
102176,5349.810379692853
103807,8560.064178727353
102936,9511.914034243244
77803,22559.713231776022
91153,15775.595075489171
96806,25936.221452750735
107797,17812.356840238368
92654,9292.755361365318
82110,37496.42730335279
92570,20950.431575034017
84350,12816.078387496775
82022,35677.01839422315
101036,12190.015155629284
93012,17166.557662186384
104053,10075.193327882647
79339,22302.31238036377
79767,11051.494444444445
97252,13732.447677433676
95098,28930.412468733328
99791,24636.98906963328
95121,20856.5861975741
100598,8419.406851559468
88806,16990.325361421146
93433,16991.891587801412
85064,19702.24450098289
103820,5888.674722222223
86190,25845.846895500537
96438,20147.925621341947
106282,9622.486819461308
93667,18172.848249871477
93191,16129.167157031789
103899,9962.047755133948
93568,37851.36135757993
104546,24112.54699249449
80852,28965.30663888889
91782,14452.117221658847
100867,15173.127513767897
96727,8553.169932668136
88787,15321.834963167477
80175,13223.105744987603
106215,22705.751738095234
82884,10168.483273139514
99701,8997.010833373752
96972,8583.750195363646
102844,14721.677174203529
85912,7392.649625923693
105580,14048.410069030315
92949,17592.147745451235
95794,27401.103218904183
81410,17356.644480013987
103413,8820.43310633111
94880,25531.893905930196
87634,7775.639295081716
94036,23410.961968634358
82130,15005.552896351159
97256,13514.375252071071
103817,11062.58713400919
104456,9034.544378144175
78003,16594.352500050474
104097,15229.937110960276
98797,7299.419239290793
107315,19060.3338737953
106755,29270.37620467718
81147,22929.425209067485
105271,6128.789432142438
89017,7918.768838855618
90194,20136.837085976014
106608,7162.292700655973
106146,28075.442233497557
105471,12012.365206361277
104538,9263.557111542432
78198,29389.06940011918
104720,13425.156347363249
94900,26824.245714285717
94045,30324.156419541916
100816,12845.202566316395
85400,8782.654715551245
96876,24741.60397415476
93515,24781.704059487016
94077,27055.144591537595
87247,21963.909359612182
105067,21293.06278576449
95538,48126.95727481149
79301,13629.835208648577
89679,16430.350280312985
90677,22927.858723685742
100348,19294.642147741153
82373,24280.119174094998
104030,14643.265401609893
91200,27255.556110741065
108132,9988.1473966988
96587,11515.233072519526
92498,18488.284872135468
103409,11203.68814505822
91232,22313.177448436923
80016,20992.815073376478
98705,9500.571847537694
94058,42227.25199999999
107248,17744.595209006267
85165,6358.997568512154
87202,15858.028795456585
84291,11481.947636791225
96682,25355.930911016687
76451,33808.3027113061
91004,21998.44980178677
87541,13257.399169100188
84735,8680.504081343282
86029,13057.135171144067
87675,10912.172908527195
79434,31460.51116471493
104691,22472.28110822819
95401,13125.916346124459
103975,10344.502815775666
106441,12828.96183411236
105335,22631.20352577896
86453,6432.385659791784
84490,22118.68211553449
96908,12401.34111856692
87472,10450.06124290627
99908,5250.546969874395
84898,10273.228909556974
87539,11724.748184394615
100666,11850.5301967607
82231,16736.94282387058
92648,23931.922491181464
84694,9624.99576541855
81594,8965.785652030998
82685,9954.556756771613
76620,34594.68921504846
76943,19898.64226384204
80231,22612.367070416654
94782,11115.699187138565
83815,15887.886124551665
101713,10766.094998327653
86358,11047.842965354248
98701,19119.59055547843
106421,11230.332208360669
97920,8801.980570366728
108072,17142.524034629747
91315,21444.113590708734
98550,12292.387853564715
99263,6384.303399044647
95373,16821.38128514254
80445,9880.603100298265
76982,17447.363371158113
85544,10702.099753596442
101977,12085.820440298972
80279,21526.116292718278
102808,7351.718318863266
107325,13874.327188503896
79988,21199.278555555553
83473,6124.3214067171075
80074,32122.332472582963
87094,12879.54456569919
80523,15975.92640108095
84129,14605.848426906072
100159,9523.54048352298
94256,27230.866004353287
79199,23196.538948887875
106674,17853.828840243914
76299,13995.163400318597
82217,33197.792838169386
87294,16406.12717038858
87361,7763.830072562098
105782,11403.959685463662
99109,12303.864805902365
97733,18978.03231365345
80963,24055.371592397547
105129,16114.757373161672
103322,11054.952219746558
90068,14745.148827355097
93845,19845.989011904763
104956,23345.893651232884
103473,7384.510581204712
78167,21170.709262060755
80718,35619.56488576664
85621,15979.451076804195
88490,9996.818425179932
105456,10894.857842355284
98490,9680.529484599147
86488,10252.631380566561
107303,20281.74574426616
106463,10423.9187061344
100403,9315.591829476458
86991,18539.76177766287
95381,42241.81669269165
85219,9632.230254472686
104635,20246.20467413951
99004,12319.066148787331
80747,27271.981473043103
97854,23356.987957543013
102646,7655.789197113304
93364,36416.214684705315
101209,5956.179112937919
89140,16266.180180455614
96244,9952.5127501454
93727,16387.837029896556
82138,27534.311838597525
97759,18812.023275068947
86015,16082.306681076407
81090,26523.868760316793
106085,8364.104021986785
101600,13562.002129367735
94831,22283.71739225588
96566,13026.709234421241
82361,26976.15226719576
80479,23156.26544496627
82068,10348.10857111446
104750,10369.480930960024
93539,16017.929404327295
98127,9806.731105520279
96971,14281.06227475508
94105,21479.162587804884
95326,19323.374864069545
107438,14444.800553078896
100536,8905.793990137003
92659,18719.232872509554
94809,25925.9308188683
84186,6421.160104770519
85631,8614.884341936133
86381,16093.315088087667
78721,23091.361930072235
91773,19038.637500791872
90453,14490.440590803708
107225,16126.075223679913
89949,11954.501324920999
104531,11892.48354671134
76979,18021.26530094017
104743,7350.196470055726
87731,9478.743691426494
79915,9058.563017556464
105072,28858.093064517634
99332,9316.671997646252
88800,6546.76542468111
89522,7000.471920422507
105361,10438.832336577223
96528,13571.545564705035
101546,6631.166957659556
78680,20822.978603183146
87029,13824.924641840196
80591,53968.92373563692
79887,20617.54308730158
76107,34491.96345238095
78272,15049.008289325222
88116,11512.638047381624
99644,13315.973391043895
87595,19643.435631229535
79324,16203.123149783689
76408,47483.627878787906
79173,14913.403276011599
95084,12004.559535703502
95455,24434.34598449611
83809,13737.837693276735
107320,13561.025076323938
78828,28149.779375957824
76284,15411.394087585422
105622,11225.547679251567
99344,7579.354659262454
79395,17090.169693115822
86906,11664.390281193373
107576,10724.275935641164
99418,11743.654098587105
89050,14335.288790015551
83758,9387.519255267573
76289,31312.396085032735
95798,29590.0462891989
76119,22853.29070998436
87583,20703.099839378698
93110,19341.612768866766
92911,20565.60695839599
99758,7773.319801693868
91697,29951.49600782631
85260,18975.16101342283
108475,20397.276539300346
84184,10414.325738576097
95737,19393.63581340581
105286,14029.99438691014
105354,11475.917161852434
101587,13106.784573465464
99526,12547.614212972872
82328,14984.055361472976
91052,15817.609146183953
81332,48794.34327685266
84562,17860.398401085407
86175,19156.806337432947
94828,27266.3073881001
76792,35438.168702909534
80436,15632.385898104134
88143,10444.572633772303
102644,15843.686237477872
79459,27024.220869965415
82225,14977.002973303606
83772,12973.834971920014
82109,20802.040342335502
102803,10657.52547573305
91947,45786.283682375106
88498,4225.029214448134
104204,17563.87314755544
103303,17208.712190404545
95989,20631.087094423125
90917,30358.275685530945
104994,14580.985807585143
91408,21962.343452982204
79084,24079.52714362851
94840,10124.41486290471
103127,14248.85412315929
93504,17365.278793498903
88642,12087.680486843257
95535,30722.5223950923
82775,13065.11329161842
96490,7128.994549652825
77545,45263.728493266
104939,7727.222264295464
97679,12466.456509267673
95462,16081.249076211263
82601,7493.219576940652
91541,25572.839660724836
82997,18154.209328286597
86757,5841.7581584950185
86498,14892.350611475726
78468,15827.944944444445
98262,22265.085630933874
108488,26112.705510254887
84813,10403.032000112365
84965,8751.421317677337
78478,25569.511413561944
98819,16550.477344002495
101543,14444.16494941766
82061,25282.712851224587
101359,11832.475345103958
107203,11194.33262728057
98811,29229.220690240734
102982,10454.970574648003
89603,20526.03347786244
95083,58012.294719576734
102426,12227.370541520004
88264,11871.550420083116
87119,13174.957274359038
86554,15871.141632152867
103454,16156.2938490428
99382,20548.26114105682
84255,9443.158519324412
101580,8507.475764400302
82690,25398.352411372485
103650,10716.10770892896
92587,75925.547875
92831,14058.10027864075
104410,19426.78624313125
89264,12456.544834238768
82865,16658.23229629669
76984,22348.87899224449
94265,26334.79213118901
76786,9697.408589221312
86379,11259.70021302066
89735,12194.905088256912
97066,12930.888288586311
77007,23112.356651578808
89137,13974.302293489776
78243,14503.271793650792
76669,27471.591114793006
89281,18547.817601491315
105621,23155.445802055216
84020,11914.86879219211
90142,22629.084729930837
79677,22273.153988978473
101025,13224.500106021218
101821,11414.9471473553
77424,15872.03174119295
80188,20139.623882556196
94655,25863.241894188934
85282,7732.705992500147
78763,11275.909906892766
85774,15063.167907477053
79278,9776.93861437972
84460,14194.576966344062
81489,26679.43764292171
90788,20411.05269944108
90191,10768.065355710865
106772,32206.27563780663
108112,20768.12706367063
84380,13803.648565973202
93636,75823.93839682535
103749,8675.548411432079
93435,13833.312110662759
81394,12105.788274258766
82146,35470.22353933132
98362,2926.7885
88250,10820.27182508286
107041,17204.856546254392
103478,12882.515377242129
89273,9644.373823111406
93583,33668.03227054446
92107,25739.326018962704
79557,7350.408808246055
77861,11307.338823107448
84591,19799.38040073687
102756,6138.762890990856
91798,21265.605907642443
100309,16326.301919839922
94987,24255.40787384075
89991,14140.641050514141
81523,25700.684325189617
82815,14125.537834655264
84366,9592.5767075743
105609,7575.956337177476
89695,9404.45226218893
86242,16524.79429355956
82477,6287.708394355359
83774,9195.84846243103
103676,9098.581427419585
85371,18362.641089991015
77386,50823.04148989898
93572,10906.249863130053
77535,23308.608722486788
97174,12081.57676979175
78330,37196.696297156675
94032,13652.196667951066
97537,14239.872751567618
93975,14115.30073591743
80657,30127.153129887003
85971,13470.377892202396
77536,13292.94651988581
81757,13554.042907105244
81232,27985.88041769106
88606,9523.49898436687
107709,14374.912025811213
79596,20839.757675341963
85671,14473.144338847156
93617,26048.968860295718
104211,15509.62384038698
98843,11843.523486366574
76153,47517.172329713176
105258,7729.716193169795
94812,27921.170972092725
82892,20629.481160629668
87816,11084.241314688656
90058,6848.244047914335
95471,10754.854805540537
90419,12433.058121514496
88777,13528.378309292302
101559,7922.925775954708
86808,17398.00521985982
93637,20071.267449841696
81562,13192.110039682546
76442,32815.49958333333
79967,26832.596438059878
88683,18205.902021710972
78139,8831.879357225902
86530,11776.621605328553
77000,29511.546886208733
101915,11133.585462174686
90706,11690.607381418296
77396,17339.71961548988
83475,17264.29986219729
104217,15130.411133030711
101461,8715.173908410441
82676,7594.407427324209
104438,12750.262057914773
94757,22993.369741077862
84916,17093.33849179123
85934,17917.99715232545
93051,16712.109095540076
85136,8465.094651066644
86448,10519.661589144174
102828,10619.927425693946
101564,9083.468765780084
85740,22379.98949380712
107725,18944.31793147525
77165,21584.509304042433
107859,14032.285091593334
83065,8092.517737799783
83470,27872.036657135082
82147,20823.364377402006
103691,7801.577464533623
84024,13595.493868075533
99630,10026.70427318742
105243,17164.400474141792
103804,10884.709823460205
80130,10423.534397081012
97317,8309.10594246032
78532,35167.24771400594
98989,6960.3176974114685
87716,9625.24649799888
103640,5652.499500863553
100541,17133.182437968007
101428,6355.987482166868
100899,4853.536052702392
91739,26614.313286990975
94502,43562.09699714876
93919,29002.651622707763
79707,49409.84728724005
91516,27237.977121555272
93156,22466.16019543975
93340,28733.808004090195
86892,10345.438620188326
80420,15800.476557806644
91660,43835.28052520378
104006,12706.85452266993
79833,41771.50316666666
101663,7452.990472047265
102471,15233.683204962213
105380,8708.83742431952
107076,21512.30142983165
97009,21593.68092637678
78577,32948.05153249387
100281,8170.179196892351
81075,44529.259639040516
105712,27294.236726576135
90807,14204.827906489241
84240,15097.204857508064
96951,19017.709402241886
77270,18174.24761337594
81760,16178.178691801228
92040,42120.59424358977
89339,17392.721129439044
95256,25348.1727069899
84788,19384.54068289478
83686,12020.817601837594
98633,8288.18921452594
76608,20489.34118432955
98918,17623.40629794518
100264,9429.638870694467
93998,18699.356787789777
90051,8009.441572449366
100506,12865.857885190908
95747,14942.251611914398
91393,12407.132118193615
101051,12798.403876888045
107844,15589.50672757189
105479,18489.251332538086
102468,11768.917705717224
106785,16401.709550095547
91577,17295.47666208189
80832,9444.096507797462
88616,2940.0952777777793
78897,21674.34694025256
83228,14552.09569794881
90389,7794.70346506291
90154,13109.436715714626
107664,21185.94497686086
84602,7281.59779875295
103155,7474.575749685634
94290,22340.65168684427
84292,10339.827247077144
82455,28399.17217550113
84453,8342.09026898327
89161,16863.104690364584
104207,18780.36766739178
85660,10108.393946987228
80032,34817.60827777778
75996,19540.485039672432
83712,12192.584753482755
89784,10171.155390721311
101364,4004.542046568954
79099,18296.318895415945
101423,10614.489280052887
89977,9348.947184057488
87688,9716.154542142065
87401,15815.376367697623
90723,15714.89145678401
85875,11248.014335945605
106387,27919.275171462246
76002,11363.524813961196
99436,10282.443769106743
107239,13288.180014901465
80251,23023.695827693296
85127,27448.045609607998
90351,9597.861533070856
95526,23144.79332514368
79335,28016.261569100556
104754,11091.046553362576
91081,27057.279802709643
82005,15390.934693654415
89414,23389.48498341638
102366,9493.007157597298
107017,9254.470122854702
88810,10256.791858385799
86694,6956.768834933956
79641,8780.899160290126
104863,15864.860105577658
100526,16934.176525502317
80318,20267.953611385867
100931,13636.760539574541
102375,10996.931860811825
78617,22740.566412012107
103552,11008.242470973684
108268,16981.078985771583
77842,14323.743849862649
88774,8147.26175422984
82323,12926.924983554725
94125,31235.00350255665
98661,9012.65703436831
100997,14622.49829862445
76933,5110.527939153437
76957,35151.627052946096
84347,10121.836089418146
102000,7581.587293828095
84626,15054.43413867431
82214,46317.402818736045
105909,33460.88825429606
107442,9148.70621157604
102342,8112.620048278522
104461,20782.590149591717
80095,47185.593415015304
83558,15357.49565828549
104376,20370.542357921102
105494,12854.39878557716
81702,37640.03345853248
108056,11599.465665494616
84131,17803.43280293615
94242,25671.165429023233
102987,7119.310244802711
99643,17222.837677537627
78954,27681.095938283583
85511,18138.203013757255
85380,10424.38388630161
77232,28479.893854724578
86585,11731.66745944177
99729,13137.040580596213
94946,26136.025191286164
97768,19077.517088770463
83855,20715.77508686947
92397,11880.434998150382
90311,11436.24907089329
99324,8111.665285424323
81167,14945.511084298929
80030,31804.32228058872
103679,8711.839979635757
80164,12385.197822405968
103198,6796.492933067641
87658,10831.315500239241
102090,8620.266846498582
92710,13741.805179556626
88551,10191.378333995137
91001,24592.771631563406
100653,10920.031089494078
106050,16823.579178319324
92084,15075.954838624342
77402,21799.374090226014
101296,9514.689535796257
107242,16082.245512453379
95646,18964.79803587239
99126,7784.851198270449
90982,20311.888695364276
94896,28758.90878137403
93011,16419.702068968283
84607,17638.72980385734
83352,7149.034760924267
86097,18039.096825618053
99312,7725.368084233574
77584,27761.094463071928
97372,13058.719369799508
107179,16829.329132339408
105835,14571.373713215193
92924,25719.275080511932
90798,7705.424555741814
77487,20093.770129516222
87523,9703.068647004715
104328,29553.14439409602
91404,16092.892052587575
105702,20595.738648524533
86051,11337.755973022837
98136,12289.844217335345
91149,18202.471888824035
84015,11249.093122024611
78227,37581.406882326
91810,45226.48039830902
92345,17529.985541329275
102647,18388.62536117489
106549,11185.282915054768
97007,16741.264815815157
86887,16719.90956495434
103983,14798.037306422531
89554,13507.819640440248
88066,13144.36368439765
98778,18492.6813128575
91459,31663.916572281316
79659,28678.250167473772
83978,6830.06468577282
88036,15445.605373293052
80483,15700.309166666664
101770,2132.175292076592
98220,22521.940228081214
84427,11011.272545069125
94491,16006.711252646977
83782,12655.449901497888
101945,10247.834333528228
96613,13890.618209570846
80126,44463.25480029327
83381,15907.988819663913
100263,11104.913433992764
94953,21088.851831054108
84413,13630.744172949102
94816,38421.37864168998
78578,21335.27522017525
89766,11134.374411443947
78560,28905.541310077944
106444,16738.63133927969
100883,2479.172970060175
102769,8749.593260078354
106426,33810.638096402276
92404,34831.21974800148
84800,8766.4231675553
90714,10697.99774483957
96274,22072.793065299764
88259,8730.760162488572
90683,13556.74200469302
78878,11930.978560500063
78675,11919.668659993229
102189,17823.308760978303
97959,18948.03674992318
78324,21303.21925244684
100397,10879.287004372569
89808,12272.090720937964
102920,9264.085866953668
77724,10975.096447002326
97183,18163.062831280404
102360,8029.118387144073
81748,19103.694403348996
100225,9068.927046831337
101411,12180.616841732393
93887,23742.15900399741
94437,15441.426007722544
102317,7658.579554962943
100939,10496.794295070998
102016,7100.481536836155
88651,9913.845269500041
99340,10095.87867939221
107078,25387.155968255935
100937,11186.319541675972
86922,10924.630256786493
77864,28039.85075878353
105180,15358.533672213405
85599,8167.197855144981
94556,48172.095555555556
88368,21554.325911572163
81005,64405.547561469015
79083,34400.29432382091
95200,25679.2121204943
94374,24338.762210960394
94160,23249.126328593087
104549,13745.506020822973
85933,16905.32067906845
104848,19938.093053130015
104424,24183.354820959055
78183,16575.201846019016
99280,22573.87649992275
97928,7102.952923388629
93122,15160.049744488448
107991,5460.799629130625
92468,25831.58007813411
97451,8306.199999037164
94463,13842.15060035822
77629,18929.95181389906
86008,12081.266014943702
106210,30164.092600522272
106181,16580.889545952086
87485,10956.675476042792
107645,10401.50856544854
100084,12307.392522851298
88201,10413.60469831804
86236,16881.747336606757
97090,16431.339868039355
83909,14406.546032053826
77686,27829.954426548433
85505,19631.774707261146
92046,27441.30327470951
76681,14060.04072517115
102648,8058.332341284559
104998,46028.02874661293
86349,10617.884388858003
77229,16828.732775809065
93379,19945.45334516846
84973,4334.054989251915
80681,34671.961555555536
97876,11313.258755635912
89330,10472.837005675281
106836,21295.238324997386
96449,11140.419789712718
88765,17952.660742596232
85710,7754.173995168506
104002,26252.960757107045
99224,7529.295429316424
96767,25938.106061892606
91035,32189.864992749237
91531,11327.316138888891
95857,25358.836008414342
81338,22407.13672214529
97921,13472.563872179871
94040,27253.86653908394
88240,11682.454237390282
104643,13609.617099496316
84702,8446.535508151253
79809,15123.731711484592
82171,16530.493161331044
102481,11454.655709073833
99514,9621.748371252866
76656,46256.21764126613
86176,13707.732159260151
85784,11584.042756086063
91529,27024.168113242078
96184,9116.214443123112
94982,25904.943962564783
89887,22040.199828162036
91306,15718.212327352374
94801,17824.690190864563
84873,13223.146525516344
105262,17946.217758274797
78755,17646.826244106123
105378,18077.59345326278
107314,27247.85956531548
88401,17029.90771321733
104523,10371.476033718536
95968,17874.765679681193
106940,15963.403680709942
85854,13137.607726810622
100090,15834.57261353194
94299,24403.69061529479
95815,45054.68598445239
83336,12392.181819556283
93357,10184.404239106181
83671,12758.18592923241
95352,17573.37178186692
81447,14937.989792045886
82530,10128.407085179122
84072,6999.949544488068
79590,37991.19108333332
81072,17965.055835179843
100894,12558.578784006002
94501,26554.97701937334
98410,17611.26435544016
77356,32860.92586296443
89008,7286.40216822424
79270,75665.77428601957
102768,10506.515579489691
104671,15049.852221375719
91482,29069.728301105915
93496,26148.70107349763
89699,7413.388367239037
93711,19537.165885703333
92768,23614.99429521651
102118,10443.762431621297
99410,6644.8632100811055
101552,8008.709992634792
105876,8802.149779830122
106386,25679.425924843687
94563,21319.068003654746
95860,15608.913537825889
83636,10672.744322139208
98837,6506.652913281788
78724,10049.654680671525
92579,28801.21569068511
82223,28529.497148133316
84289,8707.900225306938
77579,27601.96892759677
83896,7426.759739612135
87389,7619.9012470684975
88139,8722.219200618141
106790,29348.23352035843
82260,31646.245944444443
101627,10340.97869745201
81876,24032.888740093375
91029,19435.54060158304
84583,3333.7097096115112
108158,11497.1212178798
108203,14584.62792746283
98582,7859.795987977403
107003,39081.70524074075
107777,28113.18657531867
90308,8088.819283342558
76799,16464.761481995367
101387,13473.260835019133
79964,21242.158827335592
91606,29940.759165193027
103952,13794.585261248554
88622,8370.325607658306
94559,38743.28227777778
76143,18284.792492681958
94903,22056.699567153257
104486,24549.48984819824
87551,6686.380178475924
78063,48662.422686507954
102556,6444.82042755547
100052,10589.52331596614
107074,38110.05474338624
92069,25600.953185701997
107850,30165.851331245583
104540,13952.009244213712
96846,22084.14892281973
92391,26256.36641104229
84659,18661.884069270294
84117,16687.728739092403
79120,14643.354086948742
91389,13824.180597020457
84349,8688.718023487527
90954,47891.33366666669
92695,15301.435618432164
107811,23187.198404498147
81971,20272.11806553211
83450,8317.748477554906
75976,26406.19494290306
102965,10464.562709462953
90287,21721.384636783474
77605,46555.30736982462
91214,26259.145247894074
108303,14888.377311584667
94860,45112.46418059445
79366,19561.82724074074
106091,13003.68571875504
76439,35140.62253271748
87417,33036.06881216932
93478,14116.423645270243
107216,21188.473631869583
103764,15792.69352844482
86879,12222.702738627286
103625,14795.366592614906
76402,12270.132512659622
80311,20399.256276803135
80391,36914.67873794264
100880,12869.046309236066
83171,6216.589683905802
88078,7891.573765056242
84318,17051.695659591638
93526,23377.435294204035
94190,15955.491474193192
97052,12126.93652641812
86101,9071.257639385643
87543,20958.015990459568
85029,10844.994295720004
83740,14896.223007186074
100089,6135.807449147415
98227,16873.26883741958
98248,7056.516801511223
107138,29775.03647670238
86854,10258.576655310399
102785,7947.011566712071
87839,13264.038561474908
93906,21802.848203603804
84661,17087.861351135027
87432,12962.102107410135
85654,19169.385429903552
90678,19533.27407156076
95299,19262.62453180897
95236,28860.999340725808
107608,30830.062383810542
87004,19616.50154092545
100566,11262.232094087703
80665,11025.04085722528
88010,7536.725842605565
102663,12083.095458582877
85485,10866.042848470905
101269,10211.458778565955
104674,25776.99625125188
89263,16704.016981784927
95420,19760.586155661505
102691,7314.519133851872
86663,7962.812713265326
106138,16114.220003200922
91571,22800.823745264424
93819,13996.073699735452
78571,17289.74088056489
94985,12115.334117149749
93301,17737.39330043998
106718,11742.502288234182
86771,16447.250538290456
87704,7842.538137979194
79666,17128.955255007575
107584,16435.87507301607
84895,10948.198966602224
108408,10583.187082932636
98171,16914.82401684131
83310,10890.910560879363
86673,15372.285440146114
82853,14607.279510593626
105650,12938.68139131761
98670,15127.99051364068
85066,5280.796131613448
83794,6795.744030618884
80583,13260.642000628242
88130,13123.868561518511
98999,8919.565543756518
101330,8912.487232289463
94984,20549.107249239827
97990,7827.33134621733
86985,18481.87194430452
105865,20810.653549664516
108519,24860.443251703648
85264,14187.56387791515
99920,14135.642440681702
79757,24915.22009815297
102991,11605.064146485562
82734,15170.876946163453
93798,24567.87297807249
78739,18035.751067338428
94102,25020.46627396373
107720,14731.34767162965
104818,23722.8779400058
105035,6210.172862810747
78882,13024.485017274363
106768,8898.842148883356
104488,17524.373806000487
83401,19972.432042486977
96513,12783.669285683813
103742,7402.1147120502155
85746,13576.81105104137
89503,7901.283939572467
86162,10287.2398338356
90081,11458.996288807264
87809,16035.624060955892
105903,13459.280092749816
91476,23974.614744455343
77323,21817.852707793856
79344,33473.61578703704
86967,11219.487096843188
87631,13994.091265944404
91478,21600.605683750757
87477,18118.77296741958
97456,25588.95081082994
91210,27785.410065380354
88841,22050.8226569246
86262,14412.606666262516
98038,17788.229101939974
108461,18584.49593562329
95645,20671.531007935497
91233,19109.62411770071
81480,28182.997497695866
82671,14082.580107447406
105275,10933.47110831131
77852,19307.359787208723
90565,22565.912325597594
89172,10817.933766489909
102384,9656.291199580373
88944,8662.514593982507
80531,20474.340514898373
101795,8201.597225719284
90744,6553.797061531502
78179,31524.566216949355
94388,33750.41906579532
92546,19936.130879611253
84282,14187.659357825989
87078,17293.8939972978
93190,35419.49928263167
92014,14184.138707745824
104501,29266.085704383346
79523,18732.509745588064
81096,18787.62398351532
78193,32791.869570099
94720,40003.17810879189
97242,9772.162168952995
103784,11832.971148936489
100186,9575.300839246185
91494,14315.974873128087
98765,4746.366397925516
97370,22397.502822814917
76295,27329.558660912615
105840,20145.659141866556
100641,7335.503906731677
97160,29453.38786283742
96440,21229.901111420248
84853,6220.156152087874
105223,10531.63083513597
105879,11023.510058289115
80347,28496.828714539402
84534,9819.654657144984
85045,10751.456623340844
99348,24686.72451852609
105487,17421.494986560796
101906,6513.568307300256
84905,11369.059685533013
105810,11288.735468339444
76346,11624.075145913095
104163,9881.823450285345
91997,22488.230412218152
94182,18927.47635940988
98583,14373.28622958723
78048,22170.743716212208
91650,16962.493701642114
99045,22668.74632277598
90167,12945.07941058837
81936,5095.805837909568
97322,8173.302675944608
79506,16036.729244892424
101689,10324.598685421846
99677,5778.078000006151
104364,7573.482637842462
104493,20454.421312660048
85811,11620.304353042591
76088,19673.42036266828
107014,10017.257096490452
85517,13534.137303907884
100065,11510.234408909317
100700,9106.533203322952
100178,9855.348206696553
86072,21264.435369979226
89071,8437.131321093686
76027,11516.402996183908
84394,10267.765426430542
97989,15292.370634529683
77527,11476.480098012038
89342,10710.38613350665
94118,21822.190706548547
94468,29712.685987922003
76061,20097.928560869026
85744,9336.661596752561
105185,11515.050133701949
79043,17635.315568293503
103948,10478.66225057255
98325,7107.333897424293
77056,17738.886850246767
85262,11120.85647274316
94885,28765.422620777816
92436,78516.98938492066
105339,9989.969115388434
85288,7624.685450252488
92944,20902.627579958025
83145,13285.936226107351
87905,11401.39133006068
89188,11998.10246174237
90245,13675.62009859311
80370,17739.93885925925
92165,38339.00891149427
91638,17276.356885450048
103657,11801.457012000317
81016,19874.427944444436
103792,17098.413196163656
94815,14567.679578189967
78957,10137.596953346256
83141,9455.838664362107
107365,12323.457052150523
95563,20140.603215230796
76918,29753.608838624332
87215,13966.385552468217
108328,11564.190539918873
108027,20704.363997438544
79325,33555.52130348059
89545,13667.939661663086
103967,8130.543740761631
77530,34357.82514880104
95330,35199.12531818182
78671,3766.404444444447
102103,9717.307075970191
80024,14407.642266351239
89481,9523.418617173566
89138,10944.665404094221
98762,6616.582547798887
86166,17512.122177789803
91396,15259.39595397665
94749,43448.40209271281
95788,16542.048557376896
99730,11954.088282033923
102801,14137.089695445702
87208,11401.461884258662
83098,10280.144973574583
96015,25633.708028619738
107970,24624.317247372463
77471,32855.22725649544
85822,7454.576096733622
100518,10019.621567738883
97282,19325.251699883473
107193,8009.23533013403
104825,9201.951378120826
82687,25479.263311399325
83026,12028.826927337193
77470,17667.222050179207
79254,13608.097324262306
108020,5816.453363188836
99103,6560.358804248948
78665,27979.779165983615
86932,12792.370508150247
79269,20662.665404595176
92024,53899.798421135434
95652,30238.21721005208
96170,9942.760847983964
83586,15322.141168101352
100804,9067.527777777781
100758,13159.205332049167
107628,18253.195640021695
108337,10962.514527848623
83175,16994.718238462705
90838,6543.110296745608
102741,15034.806697866255
81263,14552.64422544837
97071,8964.424047222683
95004,14816.15567989418
107019,16984.86916970569
95503,18373.25758981684
86249,13183.007681171754
106921,29719.25587106694
89972,21134.143748431437
77660,29104.839640869646
77328,26596.976684999823
98264,12017.490056206998
86800,15994.907386894456
76661,19264.98293800112
81734,29094.221370934334
84741,11567.923130620096
89926,31402.691431532217
79502,12670.757523953289
96963,12293.801752936104
97855,27722.05619765647
86877,19708.309266232987
96814,21719.23282136632
94648,36882.23470069734
103104,7367.657188924523
77999,22508.49136523962
77500,26433.286959762998
108189,11517.080693015372
107124,18368.507650137457
105320,17168.148078240836
84589,11486.387175940205
100502,4920.17084099087
84272,19851.570488301575
90146,6365.47186875697
89016,11626.285814497236
92360,20382.52681456092
97341,14551.248683673566
99635,10823.790688200934
93758,22487.302574717356
104345,20982.421293927622
104346,11120.343051126518
103219,20326.37445575501
94240,15580.667633866773
100510,16021.315530060632
97788,10029.71057446108
87877,19533.947961318157
83993,8505.460206072521
95268,30916.227811132445
90857,12078.076219513148
89897,19171.74659779995
103642,8394.446095570353
79712,31852.92132996633
84733,6469.561715962313
103510,10091.451676347107
82151,13462.091789561584
89275,7014.1583021870165
97022,23542.614065984835
89964,7326.233716338013
103169,10575.101572820155
98586,11962.50552397066
78199,9361.304603701597
78507,21371.019120696103
88856,14749.592124874322
79309,22028.672279609294
85685,10941.155278907529
76527,13447.306870899472
81636,13899.496949069917
86638,12492.619810774637
106517,17471.391621974475
102023,13743.501544479888
91620,45663.343371590556
101886,6963.233522839088
84887,13405.574032610428
84751,9024.942468707317
92613,25438.070674843646
91825,27450.611410398375
101895,12671.557028795445
90560,15735.274067385162
105545,9085.807327611137
78700,20924.226547741753
82886,19590.22276882184
105649,11098.657667425745
77577,17500.213381695296
98003,21983.15632625831
80537,25532.56897950912
87387,13879.414060411948
97626,6766.601707778419
92948,29757.096770502503
104000,10821.709086953984
78385,20723.51711455865
103301,9706.395751370292
100102,7348.334348953056
91401,15413.459498436734
105726,9916.631386845338
108002,10038.941506105348
96055,9255.557058145987
86533,21851.198867989766
84966,15033.413930761672
82750,9152.502882296416
84780,16534.117568044425
99760,9603.066746628907
96353,26528.30096670753
90252,18962.9078727737
92114,19811.211371841302
85641,11520.070725935228
78846,29910.195753850414
97479,26984.578229177787
100657,5676.921881907413
92553,19650.034297726637
87684,8085.842461868557
76579,21074.60150457703
104441,7789.65228913465
102915,11852.03171910699
98255,10635.691374610396
84716,11143.600102834409
85426,10893.332640795783
76829,18360.88723733712
77899,37389.55144901737
93875,16029.48258467588
94170,35792.90313473342
96206,18821.723133555755
82777,15303.072495179866
99399,8809.277902135856
76017,26049.84038713287
78785,16667.434696318975
104195,7563.729141500858
100767,10586.918723587989
93500,16149.82726456001
103248,7196.476515017147
101828,7946.8304540237905
93209,22374.08334498669
96665,8329.288788633989
94208,20509.15860286158
81789,45850.02846967723
92578,19512.423548253537
84750,13134.672254772988
107543,16709.823035596197
83294,14602.70266308891
82408,9975.506039014599
104836,26150.604415365295
87366,9168.605294675743
100488,7981.223523646292
87296,16292.700850162071
99820,6727.063141714938
103856,7176.856842579702
80536,23322.158571823955
95407,24227.205043367278
78024,22082.814532804172
88166,19421.08733359742
79046,12992.301168026412
100829,7500.062959474901
99250,10589.244825566235
107164,7713.677257301823
83857,8214.440097848532
90031,25275.557614507583
97531,29413.72665346999
78237,16879.512057711043
77205,19794.45764925835
84796,16490.025789538846
79769,19352.77376690697
79899,12870.111654242066
81570,31030.025361571174
96209,8211.259310990466
108012,11688.614852494522
83784,11202.563839810022
95293,30581.73930930445
107894,9123.378317194969
90118,8122.804271878532
81548,14782.424263118173
91246,12419.080296446848
106066,29858.95613864761
76349,51978.76274061043
84792,10664.19732774219
94792,18739.477437726833
98772,9835.680613992148
81023,30756.475621794878
92760,15251.851571486357
81049,29120.870660473734
103697,7701.190711529558
82248,30101.962218954253
85475,27843.837117560142
80927,26982.618642191846
93520,22031.918182739024
103034,8384.59762917638
88006,15579.488383025211
80697,17772.894427275205
89565,18143.06553835979
106983,16090.625066182147
76042,21481.843842261973
95214,20191.987480298474
77712,17035.91222354688
102226,7395.736814326689
106128,30042.30403069136
94347,46199.51006151823
84176,11723.427075113097
92633,34959.95907036285
89147,11680.612885672708
76200,19688.830197801923
91972,25323.8464642857
95624,17843.21969984253
88237,12885.832296299197
90626,18353.95551423903
79402,29027.183941714404
92751,18061.5642045578
93494,29041.667776965747
77785,30536.086624567688
108502,10588.970120084656
76356,11286.234945715885
90256,8292.291977041597
76286,17716.7683590821
98835,25098.545076432776
78799,26283.95011188938
99864,13068.783882906093
89317,21336.41725345468
81235,36779.735876068386
82980,9385.97911236839
79032,14628.251851122031
94549,17590.5585161121
86872,10606.419219310497
101730,14965.941731230827
82684,11787.315225649274
99516,11372.558027814484
80017,8848.089956349206
99863,12980.187703276519
92792,37879.32788327722
100593,10420.320600440742
86135,6671.66656815508
78870,10213.99436340762
107586,24068.67825803001
83757,13993.471004175435
92765,21988.43983460781
84890,9726.73197844925
108290,13740.911929151078
82893,27715.84321097545
89660,8625.012918924282
105543,12342.921635179957
106368,12044.31663232503
81799,35344.360822751325
102757,5860.9442177322
87520,7932.1238408761255
85172,8414.683540520873
76593,16032.373016135709
99431,9252.159891880792
104403,19595.73131050828
102932,9961.74201498915
81998,13489.74738126581
81391,7634.209200477549
108151,12831.608460497502
100164,15430.78672040636
77950,37722.83759794359
100416,12057.196761183262
108237,12924.11056787057
93464,19983.726834595975
83899,11964.772094198786
107184,16064.1997424491
78001,33142.35615872067
98816,7045.490867179784
98737,22067.968330313102
105432,20521.44987165244
99160,5974.04588383838
99195,2204.482763532763
90337,8436.813986629777
85546,16281.168827815438
107128,19547.293038068634
93327,32042.68191920899
81501,28687.21615555466
78485,17430.704549228718
98491,21639.201296066418
91265,24071.607802100785
97185,14042.020279279
95708,18616.1260760277
92269,21891.87812240008
90122,13407.555251479209
84219,10642.808169994329
95920,19180.42025385253
82679,14002.074955595011
105174,16294.207503753318
90879,11871.979212220533
77507,39940.21924074074
88757,12999.685449725332
101256,8514.77822461518
83426,18004.639522874255
76075,32127.801888983795
76871,17703.095277777775
77695,37374.125692982496
103555,10709.698059856817
94893,21726.867664555273
95836,15099.574922472428
92061,13898.194951488575
79710,11227.947923349719
93899,14115.792001115997
83299,10444.21591350465
95620,26504.47776614199
104279,19637.37021482941
83705,16942.705531970878
95472,34224.55479438544
106260,15640.079035642253
76886,14887.28434321449
97248,12310.054779401573
80660,14671.646699677925
101333,11517.549897593011
89360,6799.02554971498
85450,7373.339376799826
88836,16864.78008678554
77416,24322.52390919381
79577,26357.909166666668
98503,7616.5684112939225
76778,14567.10953082978
93681,15088.579845411545
98418,6524.509774577498
98615,10302.457939790896
91857,28247.47373246247
85059,9079.0481344423
84064,14276.762452940957
83511,10987.935114622327
87961,10879.994151215491
89756,8494.665730768158
106904,12750.476739902095
78218,26664.361382654177
91503,22764.70545622896
77126,9727.98547409362
97801,8911.483868099722
87474,11281.051837571942
77057,23760.346763852987
79478,24048.225468555884
90041,17792.25216101411
83374,18599.82518554594
102094,11247.831992445921
103780,20715.819026200734
105079,7802.09104154986
80462,27176.83402116401
101705,12864.512789479224
105756,24797.437279082773
88993,11311.000947163036
89593,7898.712974935206
86338,16998.359801587303
77853,25890.83076624739
92077,30198.304129690274
102494,8359.626630857254
92534,35306.71503120024
78971,30568.40699245392
84687,18270.865381634907
88376,10827.063854203989
105707,15706.195981740218
80939,26451.43529659085
82258,18209.383257567588
104917,8950.058741389754
95086,20179.76165763328
79275,17615.236799287693
104721,10340.041945122886
107939,20203.109482687138
106703,9019.658394593596
107820,12924.756413894911
79947,19989.377248968387
89961,11517.53804247411
106451,10099.252577583775
98821,12158.39399236403
77748,33888.890156843016
104802,25237.066753830546
81481,45072.148756041825
93544,17235.600895677922
89611,13798.973169623252
79850,30570.961018443133
81466,24305.178716462353
90668,7373.290351791776
89743,15891.833709003895
106672,24377.478230490233
76030,16835.41409296842
97231,6574.163784662148
93484,31115.422969632495
81393,13015.215713767117
94369,16147.857810685047
93507,30764.673596882014
100752,7807.618440254472
95565,24124.70435250129
98749,15035.700551642636
99634,11640.797802698666
86127,7953.494816615108
101842,15232.850287046871
108481,10551.804817148326
82863,11201.26321220342
90043,9348.437406102987
76857,33037.439795390885
83241,10268.14426848566
103197,9033.996170476064
95458,14961.375104294164
76515,22016.377993895
84987,14050.011016938466
80199,19565.612097356865
77835,22844.430941455175
80809,14424.907832635097
77245,24377.6465968631
104828,15200.961206385575
107338,7995.426601903724
78811,35405.809418770186
76708,37774.28862863756
88559,11577.323892401188
99380,5602.564068812202
89411,7601.9334671978995
94532,24712.230518899938
88046,5961.3189090580545
99155,11718.672025920348
80986,13777.80067431397
96122,24615.20371161552
78618,20210.337286482038
98205,5080.165626190476
98995,25782.6969229936
102432,9635.654018152056
78709,12553.258555555563
93586,22745.995842917375
98147,9053.914358514081
95468,34846.417661365
95425,15161.359458869416
89106,10473.105752666686
85764,10055.182648908438
87674,11147.399535349985
106365,36025.72218019544
106263,7615.902123992841
97423,15241.185533336517
86855,14340.770759689081
101637,8500.124975429253
100129,7698.088241197079
89346,10508.73015476
80037,8157.025987681906
87439,8127.5865069046695
76329,49942.93821297612
101234,13921.499292577784
93715,22671.734422450492
96728,21438.366134667842
88023,15463.739862946344
100289,14238.648706702159
93685,11600.655832010576
97301,13334.865681097668
100588,10884.54268409298
78240,16808.536805234817
91194,34034.94397583172
78088,20076.024922493052
103811,10354.390543880816
79852,18127.350720417755
77718,18252.655720899467
99968,6892.078930162031
82937,13728.57292296408
106774,16882.1879591933
85107,9948.46401607727
77329,28458.299278853487
106498,14421.683157411928
80946,21727.282118175564
89630,21060.517236938853
105995,27607.97146888622
79926,48565.16066365676
93982,14935.931846427038
95152,42514.674771567814
102460,14156.48002820708
86797,17848.457087636474
98696,13713.480963681672
87491,22161.66801053713
93185,23263.487101937968
90910,18518.641398311487
102510,6439.275797839422
99707,12718.774508755243
106468,9748.649393993954
97505,14092.367772510552
85240,17647.63654565448
89795,24294.086647474785
78677,18393.38407913662
94311,21126.522287208732
79406,32187.49600362341
85528,23371.50201623375
95656,16762.39379301738
102783,12449.760491451803
76191,28080.35439544502
96193,13157.47240923052
108352,21470.756576784333
94226,24618.27516608812
94472,20317.520186582682
78628,8905.235950954457
96861,15617.86507642986
89698,14695.76947956739
89021,17071.8870663267
98919,12097.212100066243
107511,28170.433159508873
104317,13243.604947301736
105587,17554.728163776334
89244,13812.247098782806
108221,43985.61454850088
104558,20285.241583984385
99691,11222.226304422951
81153,23874.341774875564
83019,13069.476748337509
84699,8035.02829473231
92354,46149.76618078831
77258,31108.978109308
81991,13613.838525097866
99191,14913.116874624106
80072,18946.115804548896
97195,26340.495993424596
83104,15996.74369512806
104712,11542.086230950317
100443,11197.924439192768
93443,28247.24143025476
85543,13023.257999999985
82977,16935.379773936038
92597,30092.178402686975
89182,17026.404588721216
89737,9397.764611952192
103093,13627.285325289102
103417,6076.742096256815
78550,13643.966597222221
93081,33151.11780952381
80992,13435.760479583902
83725,11046.142309307188
90755,13721.151816080088
89727,24562.19400404873
82723,13255.36182273748
85046,7547.778368322039
105507,20782.871918802764
102497,7385.582334656084
86897,9482.510183011758
81522,13978.591431589397
106201,21190.35546897162
87615,10706.947004800657
84646,10487.875768185133
104296,22073.222732397626
84433,6047.975330659692
101470,10632.349925442284
76641,24661.861521696133
88265,9052.063372410925
101728,12817.98704045968
83541,9908.872734275657
93807,31919.94048890402
83873,10724.187963262133
76785,37252.92758752357
83629,10552.192751602819
87576,18380.136712016254
93395,17409.468284336795
95537,22758.26988138432
89598,7215.760296393012
78074,29219.79656722806
102980,9804.749039628728
104929,16390.58144770807
97395,13102.659965585255
106751,21377.199379166308
101628,14981.970348777315
103613,12643.150527777781
103641,12592.809286180951
95834,19408.826745638467
101797,3746.44111111111
80042,25283.447787970854
81608,19025.812391116506
86535,15174.113885710745
98235,22397.462897680678
94784,18737.106703270347
79342,13653.541079511842
97906,17734.245814777747
84622,13310.69956437358
85948,20033.88767746943
88274,11965.579476595069
92480,21413.743980754527
86378,17090.04661879646
107558,12594.644064395497
88531,13793.243066735056
103681,12241.918546211149
103559,7455.842456555815
102821,12028.53768004615
77372,30699.07367735828
108078,10487.61853451093
96014,9947.108381738
91072,17506.300113011974
78981,16417.0474752038
85860,5704.806511525512
91538,19337.539984544634
100904,14141.352737365254
83903,11564.895071610661
89075,10280.773424611283
87210,4722.129809462803
95405,17314.366152033886
101957,12706.41791956923
91384,23635.47358113472
91816,21955.47435718294
93271,20300.20203326748
106951,17955.983958816276
77457,16313.633119434258
99216,10222.62665829085
106683,7223.509509045813
79593,13616.29989802587
92575,16124.13117563124
106332,21439.97788444986
99751,13117.996970171109
97844,19164.161249139353
90776,14327.111630715997
107788,30559.022913054483
97552,9088.282759100564
85396,9073.18945926465
90072,7104.946845733489
104380,9869.433953497735
108171,14479.626242596936
82534,15796.031269530318
77917,23882.72042400265
76212,17775.86852534905
77975,16369.013013267073
96718,24253.499468657792
101250,8788.175884786195
102875,18922.93514577709
97385,9100.834319498212
93943,21191.6833991988
76389,16214.882351657661
104653,20334.10928378177
85000,11115.091746342923
100844,6647.823738382289
94384,47464.97087409739
91625,18815.912758846956
92124,25681.482119193508
100983,11667.301711391408
97669,22871.622879198054
76674,19051.20444315844
104012,18225.9102156729
100742,11940.914600769174
97937,8683.884325336616
99509,20719.6106962324
99834,8788.13469965811
104037,15042.412398667791
96369,15323.667828628617
86125,9805.559133091083
102999,5396.952181206828
85473,11091.854600286828
90508,7721.866426657036
105281,29658.872108582695
90368,11075.897406797418
84029,10362.793802700153
88603,11089.275274293606
102423,7272.592015873014
105253,21733.03894506791
76230,18026.36358881669
100316,8416.471820612109
102553,10520.26693204686
76308,46036.372123677254
101348,10945.856525944331
105689,27055.946051571656
78347,22968.615200072625
88127,18730.216580610013
97320,12608.791671824814
98421,14843.561148039633
87422,13466.047962896124
90886,6272.575786937306
82580,7564.997127176866
106420,9651.175263303052
80218,13601.50583149633
77197,9215.466759659257
81116,14626.745653773482
103847,10255.934480627315
76611,27118.080529774394
80677,16203.787629020888
91546,15587.888827947398
83706,11159.364405058526
83288,10153.680444010519
83664,10003.562555223874
81103,29320.649032120065
104136,14668.580023871347
79754,31513.324429152974
80794,28338.827824280226
90027,6386.774217526072
99186,11634.4848740721
79957,11820.329366320442
83420,11546.774657097629
106971,9792.892851858574
88929,14293.995434093056
79354,17607.84151286548
104624,19776.714097988293
103631,2499.681368581005
106329,13406.604769299665
94466,23193.083596987406
79495,14047.464372476656
92262,15078.935565062051
103626,10554.025059007174
102620,9766.857394249022
103026,11010.562335068797
95440,25016.219824926946
90675,7827.392078951411
92169,20013.47450266371
85598,8727.157291853979
93980,15860.563764447828
89884,7889.8669354268795
100361,10444.232503381145
95314,18205.80328437784
102984,12881.13962445857
97290,31242.26435307438
88702,8586.878565645318
79250,22233.02945910547
101218,10344.03637295532
85994,16201.84201214803
91181,16757.793265074015
105974,10568.480017065962
92222,25343.904211139146
91691,30091.142504007363
103472,6850.764415056914
90116,11644.403254538609
94185,17580.830511896576
95705,26578.868779017346
92442,8297.956880952383
83759,12988.082829684034
106311,25237.345283272014
108531,15718.66668475089
88487,7563.26847577959
88956,10418.403749817691
80477,23992.627911444957
95422,12843.405973374838
77410,12201.09194391462
91873,25242.399940259107
95274,23581.244389050396
90023,7123.4788191763155
77204,15855.000814259778
76504,20292.26527342445
105902,5004.999562606342
81820,14487.53287518986
89405,9747.963718693642
92206,14452.672052987104
79328,20379.85374288857
94971,19256.865689049577
91185,46009.22067194163
103332,11523.852732605234
105983,17526.079373070388
81775,20412.101320632515
81946,23092.622894238863
97846,24899.440844755874
103884,10752.355964065984
105182,7900.614287653079
76148,27255.48324054667
99255,20898.54672091683
87785,10970.989451153626
78903,13435.308454289
94578,23864.8811182774
107853,13092.753177293745
76717,27855.22409576684
99052,9470.740286415685
82390,33333.81492766443
83676,8808.06405666034
87748,19809.64127501592
95443,28355.756876640102
94430,18138.698261753187
83886,17407.685882468475
78492,14669.21278523709
97540,12996.973877001748
103167,15660.354164841476
82621,11128.732587267115
88729,22699.965070096125
97779,9170.9686369029
87179,8521.328537971836
83693,10744.247253380432
83068,14168.739771748222
87978,11522.383378848457
77547,13606.01299107363
104135,9993.438711248244
91838,20850.524062166875
81044,16945.62663590271
82100,31544.528180626705
79196,10942.50597858081
103420,8909.374867546005
84430,12628.668750690778
95116,28840.685573130126
88758,9955.541395869412
102600,14847.645597494062
97943,22732.880589545504
82923,17536.37831472652
84173,17603.884209023097
91455,25855.2916135638
104107,14760.475090557995
84031,7914.42110304939
103307,5381.278066897731
103516,11676.670824366478
94534,13274.104468864462
89498,18438.880017953663
78100,6925.2447222222245
86728,10059.064632018579
89787,20329.800928884863
99604,6748.594840680384
87920,14947.380776868049
95679,26214.224941322387
106342,11214.828755988006
105013,9235.533682960928
94526,22675.9826965562
79217,14685.16729880919
105206,28135.85852472007
80930,14982.456419100063
101748,9449.60628492765
108486,12705.298556897433
93949,31191.638940135097
99658,24635.850489787
97561,18898.845780027365
101617,8706.36159287337
81330,46613.15949521168
101771,7732.470765045768
97270,6280.222761179053
101595,14316.231583079985
98215,10711.532799755856
84007,13636.805881185564
92680,20947.12582595085
78992,16261.546970188714
107596,21532.954072810968
77206,14965.746889542932
82743,12020.850844479552
83701,17983.905907809618
99165,16129.25847721166
94432,20002.461111266322
86548,13131.126069834281
76397,20959.847076294165
100070,6612.91929447012
103513,8116.750989049313
80091,18961.89825742729
76782,22303.479727898928
100886,9870.320343168974
103951,7912.194266488974
87351,17113.35935871056
85974,17748.398180957152
79314,28460.987576836695
102475,11953.452618233669
101614,7300.683884661563
99033,9595.678193845375
97666,11090.437918082684
99253,9697.640513218068
91658,22328.615450184167
82007,18656.919965293782
76687,44624.54465873015
83921,12450.95538548675
92186,23873.499078493405
85865,13587.51472858539
78521,8783.943878306874
77902,14922.200253968254
101697,12042.249522350532
98102,10850.779569286255
88037,10776.981097750848
87226,5503.7220638681265
107492,9667.797247350501
100723,7160.054517988032
78581,13878.744801215127
104777,9553.223580144935
95606,14657.35786161003
101145,7909.987425014903
98544,11310.431044105871
96417,24012.403021769904
102714,10631.381843883206
85830,12405.425359344994
80541,25624.380879146207
88142,14870.407000522368
95553,29426.110290492736
107711,7393.837761919403
82572,9796.555918373691
77820,54982.51416666667
94456,18668.65082470849
90433,5600.822529150326
78161,27455.42893587517
98322,35766.512444444445
101884,9841.237179412681
98723,9448.538245713517
100828,9848.787678550965
100612,13140.854167741281
78754,16661.837279774878
95053,54665.794583333285
87293,8829.589531602656
83679,16101.929061938134
102810,7169.904073260503
103021,14404.300010864767
90497,14973.021601401879
106798,11897.398237872514
96234,13025.6172186632
97962,6830.316538002929
81585,10994.193990374459
101255,8932.706052132204
95824,17375.96673942937
97053,14003.702561709537
106657,24794.995395807826
107453,18647.457555863846
77979,14827.095835004982
93717,18511.71668737373
100424,9618.551937805822
105579,25699.984616212434
85608,19931.57033954583
107878,26675.583097715768
83229,15467.177006860658
95478,27349.750972558333
104405,22332.7207357494
86681,7863.338718407067
81901,15886.440494167582
77806,14489.205271232591
102650,9511.104171057123
80845,21297.755789502287
77445,18025.45916471697
79206,32321.757009259258
105219,17823.993510116194
82665,2971.06321702336
79532,28977.071627700436
98125,6416.804687874376
77147,18836.865995127486
84836,9900.373909104388
105376,14538.028827179953
77343,31032.9613888889
108114,15534.31501858493
94994,11155.854977055713
88610,6093.436050119596
99609,7539.834512082396
107243,21580.318710977328
98829,13773.677560559709
85362,16750.267867097664
87409,10936.175453686214
95322,27355.258313748167
86185,10476.258362943547
81792,32035.050159432143
84113,11254.620909918836
86139,15859.640229165967
84719,14907.677115695085
85120,14157.870821950442
101693,5589.957330916071
77413,21084.29967046186
77179,16899.883198051946
91580,53727.66578427185
84116,11563.408544961125
93025,52239.82811111107
105224,8668.624920156932
102854,11676.93051159205
76237,23148.533458433325
105595,22017.02018008684
80155,31247.053208974285
92056,28835.869283863758
103229,15103.651711045351
98783,11399.61334298316
106357,9403.693642701832
92305,31030.034176817357
96312,8323.634985918592
86890,8112.812026882839
93354,13436.928995073136
86898,14174.052883426079
76058,18124.534022597367
90555,8849.310056218384
107136,10226.213313732436
107052,29059.22037174217
76384,47315.891884823846
101670,14090.806641024488
102438,10942.885657846502
81063,19457.36796819676
88254,11349.3577594985
87041,9508.86183012671
84909,7844.232107831969
79053,21217.563660962856
88187,10113.711751482628
85814,12658.173186575988
106396,18644.626192431213
90460,15564.591847309548
79261,16964.341671148883
105167,12058.700011669178
84047,16890.621915976953
96771,12684.895284365712
91074,50771.91027777781
92357,26223.579079097926
99588,8751.852569244762
78138,28209.83227952371
94328,18046.023699792753
92019,13201.340858622903
77557,26430.957623404298
83024,16316.554859231437
94888,13757.667290552768
94193,30100.16377428754
97909,18662.787044587687
79111,41874.78383491663
97936,14219.474372551997
95276,37727.92950015337
107815,18440.265132336775
92806,20239.74830467249
91317,20131.427310504325
89507,21150.12468930636
97462,17224.32774910109
93693,17112.521840963782
81331,25159.147369741666
77260,59663.88226967474
105287,17548.924956924977
86064,5402.841994528521
94906,28810.720289479043
94965,18419.701051587304
105863,8942.444163786678
96962,12283.093907098164
82573,14551.831281097246
83271,9438.617153280904
94624,11064.032798315235
105014,23182.69658332955
99965,10596.306572820155
98009,11960.532158014275
108442,10077.176718992208
78211,34723.421057632746
87609,4041.0278262293255
95639,14962.462926476595
83389,12669.769788535654
84086,15298.39483641171
105956,10573.986048836974
108384,6363.800291230309
99053,11524.377253445624
85503,10561.389099612728
100879,5872.123671888723
102238,16715.607262659585
107311,19686.988438533343
90740,8059.383632557569
96463,30885.337776763663
96521,26165.896817939534
100020,8134.035693588454
86048,17638.973515170936
90310,17060.8262452339
95810,12053.940174962838
106809,5937.068243057878
90420,14073.47973055403
77189,23259.561195518156
103940,10441.026888882818
99054,22326.957602865456
86669,15546.690945515638
108226,9612.51306227661
107731,16441.72027159819
102410,7131.026684727537
107012,10066.943237529355
85117,6271.176300893404
89298,8301.342867200516
80880,18120.117617441058
86954,13119.351872855274
100029,16461.998954621853
98943,11504.190590193846
81089,35725.23314670296
89148,11127.64759784715
98024,9929.92702445142
84621,15892.632000804238
98748,21957.333926535382
106824,19934.562495840626
106049,21493.395040942756
108266,16395.53262450904
98763,5040.406008406403
100238,9607.021569672033
107279,10864.018390203777
78188,53475.59844282643
90443,14983.128686674972
95384,3058.834444444445
98928,22466.430315587833
83992,8545.219202899936
94914,18395.253581782104
92340,16162.3359180535
77677,14665.513159887803
90840,15954.946864561973
106434,34341.938828185965
83736,16674.523259741258
90022,12842.141729095962
87633,2380.209823996422
101312,15268.03020812861
92614,26498.900117773363
79410,11737.783451515117
83220,10182.795047845377
96064,10595.490086375614
96470,9878.972263321888
77247,10081.390804955645
102732,16058.865866865597
92569,23571.943338001878
103467,12954.965538850453
102976,8303.93992433057
87220,18963.073602927307
82183,15505.472665591895
88173,11663.436709636075
94227,22604.398834263702
83048,16066.675674587234
85320,16134.664487584581
90217,15713.325611741027
97112,13912.912114872304
78246,10846.97279905401
82000,22548.025116444493
79672,12236.025331184675
93499,20129.489121042174
103355,8666.112000116365
93334,29505.75247769686
77302,14499.520854440394
87100,14702.33534632939
92568,50582.830005050535
102148,7840.011696039495
81098,24719.751390281992
77544,33794.18781065027
92644,30644.64730628909
95996,27279.025083867928
79138,14171.086701576203
97082,24832.709112132085
85843,8587.166581293084
103831,11230.39810052343
78047,28924.43318610496
99184,12486.679782395004
83023,7277.29374643077
100629,6651.796475149196
106087,13912.763849166455
87161,12463.62836455725
97572,10417.31169200479
86106,18321.35706551002
90163,22004.80070995984
95623,45384.97480066128
104349,15571.688914900778
84422,8822.04807029815
107061,11629.201236945873
78175,36590.42247728417
87468,12523.802443587267
87136,13016.794623333582
84238,9622.525665027342
85432,11036.839204070193
85363,19117.323917684706
105017,12657.190581430836
80633,29099.901368245562
82273,26322.62336329177
76668,21603.82198783231
100970,12701.269931361818
104985,10510.701323684587
76457,19358.823214442396
102241,8829.99649522
90884,9075.61972095291
79706,23140.779539601084
92608,19880.605170035782
86284,11035.243550621577
103990,10494.619787234024
106152,17058.8090883851
97553,16173.087397663376
106477,8858.33232355126
78423,23000.900814253106
82766,16881.257707595898
77477,50077.86955026138
97680,12224.985432709656
96346,13482.272375142984
104141,17738.111577545154
80807,24658.330473016493
100442,11186.393649877487
107029,17038.76364450289
90213,6525.660372871123
88434,19439.4326553046
96441,10267.720564536181
80102,15818.843242821957
105520,29863.327440982546
78279,32112.8113267164
95023,9525.88051282051
76739,20059.99943628668
76776,32431.190931936988
89754,22822.927762369505
92585,16343.370182412351
83197,8826.557267746079
99947,13621.783747691336
108399,13103.621082534955
99140,8481.195567125073
91454,10837.616759259261
104130,6465.045255926887
108320,13329.747777691537
93440,30955.148405992346
105567,17185.302006005575
89460,8346.05597323108
79662,27296.780486843203
88491,14785.633012278853
77034,16909.787758756214
90404,18061.10802761724
76014,12574.981095935684
104971,9898.040207581398
92516,14634.28028663822
86856,8415.105953975044
90648,18285.986577731088
97201,10989.764629990148
79186,21233.981294903926
98204,9359.261438949281
82568,25563.223055925115
97595,6864.83374728912
101703,9080.75820523919
84202,9392.037870355463
97310,7346.6498842612855
105498,14035.011181030493
78896,35705.82826304122
106029,15623.47323668177
90047,13906.373005556967
83277,19894.939904819323
103503,11838.126837411266
104327,19561.836928326353
78026,31838.53796571344
80909,22080.161479975053
85733,8595.614855035541
103986,12411.11536402234
103236,15418.314063078351
94181,26364.32904598027
78518,21224.277078309104
88239,8566.478966647579
94503,49622.80645817811
76074,14650.503632794833
94424,18856.61780401551
97663,19659.756826984445
82357,20831.95918937256
92631,27587.94566561448
95482,47566.263986607904
90697,16059.155958189222
78798,19623.67271348484
103348,14156.300412819119
83659,11308.287220520167
91108,14843.55292806268
77916,13229.20846843213
106086,17262.27307202982
81928,26001.979970117056
108406,9811.213558326514
89731,15669.800346449396
106178,13168.508949998415
107719,22920.79841232112
90633,17650.703271688966
100003,3263.2108170478778
98978,11242.35804974615
88009,17104.102583561897
96631,13883.898550722553
93628,19720.085081280013
87288,9546.494213517988
82057,27125.153538977444
82925,13624.323882996612
100038,9435.436651442827
78420,16743.347817724974
96271,9737.819857504872
97966,16500.45816597169
96110,9963.77741144049
80393,12746.794183011689
78706,17666.688908988024
107484,19835.314736108838
103084,10588.59351200735
99792,7158.0813558688105
93476,33881.50699177501
88975,10293.431998276037
83981,14581.570969539032
79492,15923.520358176505
76802,31654.761625263684
83781,6173.9203535208135
95719,25438.09610746005
106177,26941.048927046962
80626,25496.640293988927
76158,13836.888462387562
91434,19268.2399641672
80463,22808.522104272208
86263,12467.18221082229
107666,22033.863685983033
94262,22317.44944137324
103501,15996.6188308187
89996,15763.604861515289
87306,9389.450256020256
82265,13630.646080387965
106825,15693.918467106869
98851,18084.063360447053
80547,28352.798228179185
100440,10821.729062420754
103194,13054.283814117623
90394,32813.00261750333
86111,6446.403907566454
88528,20040.41286720463
86857,10128.949274298238
78099,9091.696754407301
92331,16371.0637695676
96016,18381.15329110195
91750,27160.061265131266
92459,21360.952901301727
107321,23650.206427703706
87091,9787.568898908094
97925,3987.387513367019
81737,15655.56812481323
99093,9598.791489057503
99531,11589.270400850279
84423,12476.115052397463
76406,24873.411861995195
107350,18987.394254254137
76326,45319.65487510996
84338,24810.780696251128
76577,26593.859782323227
95385,14207.321458345847
90391,17452.138676694227
107624,23711.364468495165
99241,6727.561761003348
80248,20216.08708844373
85295,15751.96906595483
96343,9233.966507552552
80926,12345.174743903432
94027,21631.38512700081
79544,20563.5454138305
84425,10012.75420923097
105264,12407.19997983955
82643,8367.75289679009
93474,14007.246208615905
107072,9108.416187146337
83519,3820.6989444444444
85962,17472.339181664254
96932,28608.10120345791
100759,10091.097360908376
107022,6833.8460151862455
77012,35762.51099579126
100651,8423.721935776799
89430,20316.97128372247
88981,15716.048639393079
95740,23238.46748818848
101954,14424.299138710992
103408,6141.751476363091
81304,10620.703112389281
108421,22306.879152734135
93532,20441.7850154573
101576,14440.13055467459
79931,18963.039935684646
108176,10336.141090424813
84455,17666.195518642075
106797,31881.95095561125
76513,21185.23552109768
89674,16526.652723469193
77722,22516.092913276534
84754,17910.92513004289
106492,10634.84798530277
99242,8347.424992779039
107569,13235.269888410388
94320,18308.074626559825
82637,10842.970866157635
96550,16241.678375027697
105480,18696.788408952198
100624,8382.76621839498
89114,11606.818273862125
100866,7058.639666666671
81896,15740.42720609067
102689,16506.18345207355
97911,12134.10252848539
97099,7003.657915561128
92071,22407.105698035888
95849,45095.45951955462
102903,11416.785343553487
103725,14894.933954924867
101176,11578.895917818907
103887,10488.04043046102
80921,28457.856066464876
92266,20624.748686130224
106467,8053.082400794453
92139,25369.749742986074
106826,31312.51739075165
88193,13931.429170535841
106211,17284.01271076131
88612,15846.0616520493
89179,17058.91529101409
80004,24953.951111111113
98225,9635.763570786557
99856,21014.922629567624
87150,25043.672149606744
94786,29771.559387472364
98471,18629.624905087363
103319,11518.280839575471
89393,7954.032360943291
85789,16456.404211702975
97761,20162.03438746216
101800,10928.845353882205
91588,30549.519674659638
76096,10528.526177813752
77378,21679.230403972604
105010,15974.034021910931
93587,30015.767832720845
90171,9218.482013555351
90438,8363.335687931376
91148,17291.766991280885
91323,25805.409388888875
98577,9150.05881515547
77741,16030.227633530587
87789,15905.999173425951
94742,27529.09237319301
78295,9335.453128146455
104797,6896.697621863015
77425,11373.523221119038
96208,17947.883746417807
100731,9331.663017707393
93163,33001.48065238762
85915,9937.123171808767
89993,11012.273226371544
99626,24843.67500285514
78228,21661.988937181708
78779,12478.056979986948
78654,16964.373588942195
82947,20141.943548446692
99479,5988.28341302957
90585,15331.95518412048
79933,22474.986618498075
79287,28599.691128379112
92899,27869.49890791849
93755,31067.680234552474
92117,30176.263311258288
102417,10253.943089967948
106587,29038.847923563768
108201,42688.65697113995
88442,5799.759318388472
82673,10988.032510841933
104223,11154.108072299876
86036,5473.102565853135
93425,26076.851005302975
96693,10740.16813158221
82050,33596.34778890217
99460,7363.368758165968
81829,29611.012400664873
83925,13136.247539042435
94041,30881.108845040424
82035,17016.555075097353
107368,8630.460673973632
105591,18656.033945783332
107782,9212.530005830433
96340,13862.613656671252
97566,9678.018430534523
91719,14526.278376614762
79210,17102.35193565576
89898,9817.05999059942
106642,12823.875572675597
93485,18774.32132999268
98774,11661.861141839729
90967,19262.676125224414
89550,17928.651199695476
99247,8383.307326065056
99897,6745.1981778355985
91394,22403.67859056638
88135,5815.390576907284
84111,17341.209715207322
91479,26911.43690473221
82622,7933.78319903019
104106,28738.54714506635
77050,30517.98571490847
105631,10356.499536011155
86427,6555.848067055506
93552,49867.486333333334
81830,34249.48040083088
82034,20564.725814975725
105857,20582.64158884045
91623,19103.05737452678
87886,16953.580874081585
78123,3002.28861111111
101951,8915.785246020941
97543,11115.936200495311
79462,47100.52295699462
90234,5028.298333333331
81860,24304.404752358456
87045,5582.764308792176
107162,13896.637284412362
90414,14925.582575799363
78353,30213.734577151306
90940,25759.000761999847
104123,25295.811205980346
88330,9563.858578380648
84769,7380.966616181025
108396,20725.754140059817
89556,8724.782579972687
91348,12371.141340380169
107687,16750.798617187076
90777,14242.776870316768
104801,21781.571182003237
82951,18362.85354146333
106440,19728.80769212729
83562,9007.060491335564
95283,20063.88296817178
84042,9023.732111220172
97883,11579.081609537492
101997,8234.942868354525
82566,10291.371893578571
87497,11729.858334601851
79697,13326.732623419177
85723,18456.299950934033
103511,12554.700971840763
101075,14877.766407661242
108424,11238.04104349319
102011,13666.593091473169
90054,13575.615521471876
105933,16652.289476107966
83807,14210.470574680005
77338,28753.750172420056
96060,7589.421909279996
103133,10522.79793795332
76548,18151.256127590575
79177,31870.18518441371
88937,17084.66001478005
105216,9364.918112546819
80415,13026.181774560398
89404,4707.885686791319
99503,12172.253559003899
102640,16244.955445405412
108003,29744.62448177617
78038,12754.790129088326
96267,23541.80183989944
106361,27228.762338548197
90046,5460.952042980695
81034,22718.455603509185
77832,21747.56605830919
76482,11546.262484286468
103687,7952.30130564854
104148,16164.060842904306
96008,9016.19933012017
77464,28675.776079445004
83612,17470.496648923854
88727,16463.338702704154
92881,17538.63463109924
78787,36721.08506288153
92593,16612.82059034435
93216,13172.713141913033
108447,8798.196725419855
91746,28960.69567319085
78670,16950.138154761906
93142,29285.993041119506
103515,11478.49119750021
101254,12683.252557345324
103532,11002.261321675209
95650,22461.618276476165
100251,14382.987986860897
82597,10345.235356890365
83045,8379.288471838645
95764,23562.242628080767
83685,10184.148254746542
108088,19552.006837952034
99800,9020.930443694162
104273,10106.548094990334
86860,7482.228393232712
103756,7992.719098073306
90038,8534.337400663206
81692,10420.808183493147
76875,12147.542435356654
82474,9483.256351654443
84165,11192.682710642943
92416,18803.667026684794
76486,15125.472580001833
83332,16144.304764104594
86362,7041.18751386568
99000,13080.950641330799
79474,10378.2797699627
81625,18676.352166858953
84416,10957.18100531324
107026,40938.33429455268
78888,24982.399341544875
91402,12326.507725326272
104996,17241.992444971795
108161,22582.116109294828
95547,16276.738418411938
81861,13544.14675892835
77574,36232.32546525158
88480,9527.40496460717
78311,32796.239027777774
79130,24292.64970487154
86087,24132.138673800564
96083,9213.570078367688
102730,5263.882394714874
93459,30072.09661255697
103121,6933.495337947392
106519,11600.361104872527
90685,10921.745125915892
95357,14395.815500071123
104263,2282.555724556488
92978,25610.551667882595
85290,11260.34049314477
90632,9934.521324664565
105283,17269.6759304278
77070,18308.727892101597
97304,20807.151260097813
97350,22725.702742299134
88499,8869.736030506252
88773,17196.412862081863
97413,11234.184921490183
97795,13725.085832908215
102571,4915.840130351128
100395,9123.075352111528
83692,18380.43594522484
88058,10189.705319036957
88108,19783.26774765707
89818,6230.885864611776
84732,13383.186890600366
79794,14140.885503950576
103320,6117.02701567692
91794,14933.635373015875
83061,13570.162318318064
88593,12655.501547491482
100252,8332.96697044622
87177,6859.392733095709
108018,8760.052052552252
102667,14586.37359928503
77541,14527.463060326381
78985,34488.2252015354
96495,12768.199431550413
91698,19679.932212256943
80282,21766.867566273067
92825,27311.171292673822
92684,24620.20616056598
93840,40963.95952910054
85266,6080.458643072272
96656,10947.152728227704
87600,9719.162163020834
106994,8095.295374370075
101405,12762.484783401522
86756,3391.2774687280344
91439,13764.342850318237
85088,9454.000719095706
93892,16245.690296624676
108240,20723.15142669112
91934,25160.841354938028
79263,19911.45652020203
99012,13640.910845216718
99507,19243.10871110158
104775,13927.848279309275
76783,18821.667447549047
98630,6151.99392835357
105799,11362.134780510745
79687,19678.0531835572
102242,10393.291550921384
104987,13399.374030051586
76197,15767.462404181864
79819,38456.76086111112
105059,15648.309495964444
103748,7903.425102676014
104789,20687.523398202316
107740,19439.931277033924
94310,19462.568623977633
95974,26109.62827970225
78991,25301.12324764062
85346,13302.190889275807
104905,19382.167391103703
84858,8334.79384036035
95021,23530.8984711125
79234,49916.64921717174
93929,28508.43212187052
93964,20904.11281584125
102327,17090.748688163076
93930,43560.429444444446
94220,38570.56871720355
97355,16499.04986993374
101356,13112.66207971933
80132,47536.07159393379
96537,9002.484721092518
95767,10195.014432539687
102780,12040.143463379547
98549,5164.6196385285675
91031,29012.519100316695
91922,20235.685977950176
92327,19739.809503536675
101273,13299.571564317199
83564,9258.708613865292
93121,15629.86321861472
91848,21830.001687821376
99112,12390.597230434943
79484,18889.056952874333
83792,13738.143384873061
88337,21192.328256007062
98896,6284.03625376557
82576,19630.452035445087
85186,10808.735397212526
103570,7611.116486490215
94806,27727.860198412698
107394,9156.278043625622
106891,9648.686777662506
77508,35520.9592956858
78851,48366.65193686868
81113,26983.59468531269
85437,13609.252563812792
82280,11289.838901307428
85886,17059.518994523998
79625,26776.34724718265
95239,39828.30704181932
82313,52000.14558068073
90789,17687.65811608651
92484,19893.224505434246
88349,6803.750610186494
87936,2569.8750372767536
96057,9065.238638681894
102286,9885.497502989327
97187,9110.0692114332
85499,9165.289285306646
104015,14259.333713052747
99732,11725.180178393743
87915,12824.193127793525
81687,11327.516311698939
86009,19509.760363295853
97444,11317.04842496765
102004,16490.49483116893
104458,7586.758438244346
98519,7287.682157359112
82785,16594.562139002468
103479,19303.01292761195
100675,11643.439944089881
102764,8174.688437615921
84770,12819.324832992384
106124,7951.869451191838
103447,7931.450907265515
101681,14454.93520643441
97714,19651.855388034506
101446,15077.374390554025
108526,16114.97165728881
92403,16845.16508863775
76218,57812.33794948436
81456,9971.54844568608
81297,30649.58890412885
90637,16253.342473372895
90327,7875.214551120417
95775,20628.30384532352
89328,10582.038747611212
76281,10742.902140821077
105285,23900.900542198764
97967,15815.018456867338
103677,7487.311566149242
89371,15953.439490501372
93864,10125.3675109777
103191,7259.829732437559
84138,15698.050520560133
88931,26574.11325250864
83174,10888.82537261513
96700,17000.680178227318
90557,7370.936554982642
106224,18229.543699757935
76032,14619.32774165788
93904,11459.585980158727
83233,10000.408953319118
97166,13998.817329836338
107008,11825.231872401115
98411,7895.187961289119
76898,14745.38188260351
77335,23336.799934011826
103661,13647.726055193934
89251,20029.554637632373
107278,10678.952933123663
76306,21772.241767701984
95821,33732.85645275562
93738,27461.373086735202
102085,14419.04400686658
87697,15283.953890781042
95925,17976.189981519965
86432,14220.363652761063
77843,8519.257766601746
91784,20264.712508054938
101658,15966.442833806963
77139,28783.83970353437
82509,9360.634042479569
92105,28412.033035088723
89714,12286.786230657855
104701,17141.763462707604
96529,13708.901188592565
86466,13269.970142000622
91745,13763.411534503615
89336,11336.703159130859
77392,6474.98180952381
107821,26927.24121767589
96431,8299.463576210457
96177,9397.46799256408
103091,6931.704053977101
91003,19682.929996445884
95781,17893.61286839624
96216,13266.45888991651
78178,48010.689214285696
108259,19930.08144764836
81909,8941.493048945278
87054,8269.9616591156
95949,19727.70697860333
84912,15734.655138233993
106750,9849.501039198696
105535,8501.788556761761
104790,10346.646732598067
82394,34111.02588888889
85536,10629.898171481012
88663,10025.10278705272
95114,21478.919135566175
87720,9821.876129864786
105355,6643.687595018527
82633,9449.139570413394
77178,17837.37285127257
82650,10082.402017075372
88354,18650.005985260996
91594,11866.344141414138
106838,30840.59661938323
92201,28387.645357982
86903,16973.40012730968
91790,35613.66010683762
89435,21130.88359960242
106192,9811.48892096933
100291,8113.895209838025
80263,19103.937545331144
105259,6805.853565217211
90581,12880.167044171458
82168,17400.35869869919
78900,20838.34369432991
92927,21185.969028159954
86035,13920.768976439742
82812,6104.314212166978
90960,16164.617720907589
80564,32831.494471314276
88136,13373.036490212522
81598,12146.192982708668
84515,19163.530825758608
76559,20551.45838986732
85602,13921.686569607147
87221,19411.125629114675
103271,4654.051016256517
94627,5412.101111111109
79016,18493.994152815038
89875,15962.121008339835
89037,16158.717806112641
100203,5681.618909476683
86521,7771.6186358790865
100287,6893.610141480084
100028,11675.649322147034
99993,11814.609278452781
89572,16561.79427263994
89439,17838.91702116402
105686,9001.203284837282
92939,16078.175899493595
94055,30075.6411297867
80380,21694.443813411894
99967,5157.056392255891
95543,15500.501147633844
97455,11964.716540116615
77160,13870.867587644498
105212,20880.389722644435
100236,9916.990619805478
107291,10306.090031735033
104571,9256.012084694747
107474,13718.918479820308
93115,33610.6296237945
92068,19392.352729468592
101225,12300.392941669083
87087,12096.773588167029
98133,14104.508435925478
108494,23635.852813759066
93501,31078.926303306347
99785,9648.058249923324
99377,10846.994961140988
104791,21615.311646344406
95521,24807.30851076443
98752,24789.450985583502
100191,6031.581758045673
86298,10993.396598907277
85617,9681.985298567128
101651,14170.56842735082
93014,16159.66741774844
89934,8058.7715067719455
85334,15441.243867948137
97879,16340.55953428572
79690,22104.991087941165
108126,20524.325890980548
77117,46837.46383648171
99027,17610.905541641943
102822,11653.70615979132
80603,11012.535277241572
98014,6530.517154170641
77131,49121.61681054033
93449,20742.82836287951
96996,18633.79721732864
86682,6362.296589952291
88766,2777.757524957011
89860,5254.011981310654
103646,7337.270713959014
97690,18023.93913970263
101168,10043.177220280753
106415,7597.053526974202
83711,23282.442382936504
87996,11985.036152914266
79855,15467.585287513159
105266,13563.596705273403
92717,41336.297383264886
88833,14692.30861403817
100290,5143.457169276777
79845,12852.625491446344
102781,17166.020081627248
80780,27198.613406510973
95643,18450.166246796456
90478,5999.439474971454
78919,44979.12337916329
87599,18234.553387610802
83576,12382.459292921705
97582,21370.68299131073
98560,1944.823722222223
94839,18134.580648363877
79584,28264.281555555568
95009,36859.00033465609
86194,9779.458749520434
81291,15817.922824591004
108264,7703.020239960098
91618,26906.096002875074
103987,4395.888888888888
98687,8040.719922933647
89683,9064.41401961225
80178,14367.859565006978
85041,9203.694009183859
85795,8482.722139377289
92667,25174.835966453298
88648,9823.389997510074
81003,29296.61973413704
89530,10029.469612066974
89343,18720.243444900218
84383,11177.628504973683
95447,21251.780685883572
103195,11975.454028617529
87916,9309.552852575927
79701,9264.11854885057
78939,34592.205159320154
90700,8016.753485033581
92770,25308.329257393896
108076,30399.02770551619
76716,20278.73161705267
94223,15401.83742847948
97551,22829.773015936196
92126,28560.089265102764
92616,29649.736271155893
101680,10518.782305546303
91237,34849.511666666665
105108,11837.909830568236
96867,8089.234042693724
89088,12899.923152513862
92402,22013.74082543366
94049,20035.068102822996
86720,9299.999230366499
100554,16753.322495040757
102551,13016.078316378616
88297,10596.786235713838
85365,10062.847560239174
82994,8048.69041496277
79914,12801.206327664886
108258,18340.016156291887
76068,14640.846358988601
82252,10961.409251324401
85769,18919.91188385729
90927,39015.50444315903
106917,13929.256619621427
97051,7597.422587923457
89757,7335.80800583008
90517,9065.800385969422
100679,6920.4537600432295
102698,12727.469629388626
76935,16106.474617561074
94802,29224.491383930643
106017,28240.22277757433
105400,10381.076792755746
107120,13790.706356240857
102046,10179.436339463997
90067,12088.586869442088
82781,13597.581607001046
95277,44755.53505437777
95689,22525.299039635232
105027,20574.035349151553
85236,16644.199030557756
97380,16751.316909117082
100285,21652.430123263744
98812,13241.280386446568
96265,22891.25353669891
101336,9790.27305458372
107335,18998.033221920938
96385,13458.821698365224
78322,34944.41958379318
91805,41002.91370442563
106808,12064.927985003456
91272,25287.83377293968
97409,10097.773027380765
84801,12517.130420144704
84783,16820.77152607655
78594,22919.80668821874
84618,11993.33179622855
95162,16140.063298749425
87803,15651.702948901091
92565,11944.393932539684
107155,22128.318622664217
93075,26225.102659631004
102973,9496.576023777996
89247,7608.296132764953
79555,26985.020323328845
90326,19550.723356180508
107169,17576.5578359926
79268,22078.67524368426
99954,10503.573938624433
80374,26198.624879295996
101695,5361.072978860183
91260,49983.209999999985
78376,22266.895476627746
105554,11972.952898832587
106897,18866.515450493036
88890,20552.095228563936
85043,9734.117005337925
90014,16443.130156435545
99924,10322.04860081196
102210,12055.56401271372
102041,11176.587320769326
78082,50742.737006715455
106653,9255.233698660943
85042,6634.1376293488
90502,19122.46646592675
87396,18030.693699843487
92489,20466.851193700222
76383,13656.31598157804
82522,10863.932448069963
89906,16982.36310597506
103260,8247.574751041091
78162,11967.578934743042
102594,8475.527248127106
103841,7443.737294930887
78789,19206.10366768155
106717,9750.745164383758
88775,6928.109456505126
88109,13845.35142026639
87997,15788.213361550635
88027,16395.66827808515
93890,12963.365404761895
94101,20050.49513062531
102675,6674.5703602674985
101475,11038.787898990171
80558,10946.498286219785
87171,7875.4190957607825
88266,11428.596900382487
101850,15126.918954692728
99649,19296.340677506763
105512,13287.52196745284
102290,12275.589894982457
80390,24771.346811764208
90266,6736.673577569844
84938,9834.609393832194
93151,47226.166888802036
95267,32463.030065822608
92188,22353.72908494036
80014,22874.930298487463
103390,12408.318839405325
77627,24560.7020025126
104741,6587.453989961327
107297,9719.684617097135
93101,25448.686552274463
94142,18617.413541344424
93814,25012.738813894626
92300,30091.751075712193
89616,9152.943460155462
102876,10175.178000710153
106731,20417.357727863462
97653,16080.761532720784
86484,12777.22268935694
97041,11401.960820740413
88263,17778.21882156744
79035,16300.781201999365
85171,21748.43288479883
99949,10499.049561209806
97528,8416.908813597425
89333,7395.59688100791
108420,31851.08918715523
103545,12174.762419395913
87578,10773.020069394906
89794,8699.220290742524
78220,22345.53231496604
86074,9975.827188223579
82330,20542.445741094692
77108,11803.188795504482
90682,19011.73108694183
105643,37967.84603439154
104819,31618.508520280848
98722,4556.125345695789
82464,12867.556310025717
80687,24588.60751069509
101340,6412.482610313854
86763,16176.520919512452
103549,7018.126468990104
85520,11175.860511824194
95658,38819.14322830209
98745,19135.19696344694
102751,9218.448555555557
86044,17880.300418183266
87791,7552.012959877768
85907,9938.481192690866
82976,15611.590202036603
87738,17500.280960895725
96035,12489.198224386833
88577,14888.625421062054
87932,8910.096604003436
100197,14235.86807315114
87983,19911.893791478815
83455,15699.142197172047
100627,8942.361915824848
108491,11411.096808672859
103896,3261.08464814815
100166,16430.495710659532
84224,17914.551186566547
82279,16598.3670161842
102695,9427.26239479446
91730,12885.234611074078
91520,17179.50157507261
93441,20553.941574633714
104061,13721.698189348825
85328,15663.039012991889
78431,12187.30436746803
89987,10850.016288641957
89785,9141.84924317699
87524,11100.584774101324
105313,19996.161382000228
97204,26644.46094841264
81190,19593.569366150223
106185,24700.74127414861
90483,11264.659363677894
85436,12556.791702830744
89422,13756.280711464415
94943,17399.10727425434
84834,10078.245043281711
104864,11826.67816659902
104593,17660.453903212234
97614,8403.623898266313
105794,10310.886718371656
87647,16319.527820766649
79445,21915.260312785536
86179,10511.570596767295
80653,31329.79169051772
86987,9294.195042286274
94399,14475.173450930206
85016,7789.122207410484
97822,9982.625739100118
78119,18478.62779004329
100744,8567.940805422422
105979,10617.952630478105
99994,8276.17041859977
100774,13034.078209350557
92935,24367.537147668885
98288,12752.867085116099
76583,12342.083509076232
83919,11131.549593822998
81696,34858.24818211526
82491,15690.50724192167
105912,7868.8451621843515
81324,20661.98502710666
76616,27942.522407177188
77437,27186.68509182498
87372,10514.62215409672
92668,27706.88019154166
89936,7374.6707873693695
103228,14623.74321041841
97587,9744.529878624946
101465,13988.405761458806
83831,10145.691670942679
106127,16491.64193707534
81306,28152.714216794364
90977,18579.058058109422
104439,17179.12030256129
93212,15740.135971326205
102209,10734.416071091526
100072,9424.86593302598
82518,12920.87447624572
103988,4904.952931008033
89788,7214.617909300899
81061,15284.796477207075
102430,6852.239826414681
97938,6514.343567520305
82243,28619.660114951825
98210,14551.274253763206
108342,20849.144816722805
83764,10835.571579164547
106233,15605.337300511579
99659,7990.281697805915
99142,10758.14569419428
98655,11381.55058355647
108449,17635.720203411893
104515,10220.562956275897
97931,11209.377810284104
100995,9346.897428747492
96070,22475.736968240166
76333,13169.560829984584
106307,11369.050155886001
92092,19026.51694556742
78883,9188.128993147506
94921,29146.982251732472
78172,31000.64991564917
96430,24028.017213083036
82844,8189.694102713992
82378,4901.144722222224
105297,20646.155911524656
95050,26136.050942518363
93124,20568.176763123633
80112,21587.445696748317
86478,9622.906621353177
83917,9293.671844736404
100721,12524.256316346675
94123,29028.27256219293
100693,11366.706701726343
106688,11146.138150793653
102131,11069.43099985172
99935,8056.379616353055
102108,11344.094155207667
82729,3070.599444444445
77495,16380.192047699209
98827,12170.54419309572
97526,18258.72819053507
104954,10160.706462337757
78155,20110.83516035387
79469,10898.779345192052
98055,12297.187338698874
102443,9023.182565982932
91468,29344.785068060068
96944,12054.772254300167
90974,19538.203423356998
97294,8791.29770406674
98347,6731.107918625867
96505,15988.760911729001
100542,16557.158612404324
79348,18677.866778193504
95285,24460.13847531157
103440,13286.812240620497
91432,24950.709038273715
84815,12924.842810395898
88959,18255.361824215124
96017,25135.312084294117
105760,10977.02203921871
102874,10440.60877635591
103528,4936.669469010952
87558,10498.903277843287
95691,22471.05326774996
106122,24423.419531377196
92479,8542.45348376411
106673,5553.883066955893
108143,31117.145227243862
88298,10029.519175369605
102149,13904.272272196198
87765,15818.697851953102
90258,10960.766947223186
96940,10260.410158192963
108032,7515.148329771634
77733,20378.88740693562
90186,7337.952231553489
94702,18160.609059523813
95120,28201.156826856397
91144,14004.613951263062
103053,8436.732857242438
99408,14668.095482323235
79533,24082.265656054835
99369,11056.99324344906
105062,15968.19758612503
102029,12648.342958357232
96368,20023.310286016935
101066,11420.764577146985
100088,6326.731473786108
84869,14615.58598356938
100736,15610.670969084673
85981,15118.0421478156
98872,12920.273700942826
84037,9839.36157729442
89217,11941.225546841548
89775,24613.712589817394
88379,20681.97230309043
80011,25308.15944573687
80836,20028.74291844512
105215,12502.626682960552
93719,37801.621390913155
107968,16197.910730472062
98967,8800.645933119917
85591,16063.798270099885
80478,10673.630316282797
92882,17417.799342395898
89721,9726.881221082534
101878,7989.749574994756
102301,9918.447331048288
101408,7435.656804937894
81446,12632.704452417924
100045,10181.606794271693
82986,13837.878018729598
78772,23317.228484682357
78208,17492.292176874285
81689,10350.52027813556
96791,14711.961180577797
79141,12377.92683497303
84271,16010.559788501392
94879,16715.596741140762
107759,20617.617295918368
83675,9849.061559113363
88258,13125.168470480567
96976,11358.733300914922
92824,17413.475525100388
98414,7715.942288596104
85028,10063.497753532652
97506,10022.357138282398
92767,27710.980911294515
100210,15102.981057013421
84470,11283.515118740737
90627,6903.247097543035
98768,4261.110833333331
105263,9749.569297314654
81662,35412.83903325374
93787,16740.965534011946
82688,10465.848999469747
88923,8930.312608949025
97463,9683.107715128797
93008,13449.331035714275
86807,9820.534928195932
79997,22928.62792691673
106742,16826.197518364388
94777,11960.207342881224
86594,17886.479346933877
82991,17228.16656042261
102203,7656.263801982384
103539,14390.947958370332
96264,16196.326775419768
77721,13013.232523097055
107801,14342.318243241332
99511,9841.999871705008
92801,22269.86615860173
82658,5722.046604819556
91732,16067.8978628074
76557,20504.859557286338
91314,38622.266455375306
82198,14605.382024918381
100607,14757.135063520003
80984,12576.619211804178
77901,12790.337925732276
95736,16084.828274484276
86809,18268.90264064283
78288,18596.13805101152
101339,12496.154259939263
87249,8205.410658989742
82143,32042.598595170737
83850,15427.092612429286
106952,13998.255373637592
106504,27112.026488231393
87341,14922.575157807942
94165,74115.91905177227
79986,20779.130879742854
97235,12436.954153098472
84860,10232.77051021825
94913,22931.43903799162
82439,7784.560486997313
83066,10654.496888888883
76993,28535.57332705578
88803,18880.291865171763
77506,26436.065225991617
76456,17500.941416915033
84599,7554.705501673616
76680,26444.245353630253
78685,35539.01537388367
80310,19337.90986412264
107412,26217.649094693814
89792,5218.105177889129
87421,13563.06238949355
88821,11636.818028027124
101930,7973.91389661661
105822,11256.006860857387
97642,14546.5501863228
107339,10430.808286056399
76550,19775.00009512661
88272,5205.792931379028
85777,7099.989982794276
104995,15583.011932261868
82640,7546.925567233992
80887,14254.480784218214
105022,19141.08134360936
79920,18351.99810486717
96724,13447.70431285133
87654,11682.557337111586
80242,33795.94527841419
103464,10558.789302274407
99537,10010.547322392884
92524,24426.738329728458
83634,12818.802961445703
77597,15516.312435282729
87830,18445.22286723172
87700,18002.317513749877
86513,9932.243953276247
92891,12188.04048733059
79513,18953.49544444444
101087,14133.78592600691
85729,9507.099270363915
107672,24433.107655121694
77549,32318.129868892127
94307,20329.36501657495
84500,13301.306226637062
98867,7994.7733611181875
103039,11519.30910726289
91192,28468.457347747648
82205,12952.10917467539
100369,11606.798515287737
107529,15358.975867256295
106073,15246.311395410436
87934,8496.775585538495
99978,15802.771562629396
97512,18879.306378557143
78085,22642.65644671245
83329,9511.932407160219
106679,19653.854791575737
102680,9419.702943032902
100260,18496.08645969947
98100,19148.709169459726
79452,58253.10926401654
94814,28361.40121170193
83431,10619.490869397243
102298,3988.216968608553
86411,9442.477236538478
105783,12711.752039537749
79588,19506.167072806347
77976,11753.391540339666
103387,16328.399868168179
93070,41947.58033618235
108393,22603.919626984123
105094,15861.291109321506
101152,8936.819102041209
87464,10799.915763742167
92410,31373.762454011758
102395,7979.083405119708
98531,13009.784587467262
89945,8253.965067376796
102454,15300.107122605847
104729,14097.173231130268
89493,9621.625196418941
92058,26311.573597899584
93884,15201.51992537351
87594,7436.751569881154
100891,11664.693699018047
81535,20702.43452935793
80847,24970.640856914993
90120,9399.371706427002
76004,24777.058273809525
76670,16246.792962361715
82018,8715.991960492023
90007,16270.724449913509
76604,12994.209277547658
88324,7771.734280300162
84260,13809.697044252684
104662,17915.989808901977
80740,23557.97890079884
94973,16779.441737565547
89099,26230.39324645555
89528,15875.357966447826
87947,19720.93057567794
76967,26771.962379209304
94126,24917.27122833547
92187,42149.005925925936
104140,8257.412755975352
80573,15076.982946322827
99372,13500.932882922385
79790,28268.05959346337
94392,21176.174738266647
103573,9654.514910442755
96538,9496.88275819267
96774,21165.87776542184
83631,14256.936970654931
89532,10144.64712583357
83991,18924.626725480968
95769,25552.515576961567
83263,16156.28750835261
87065,10148.098051829566
107642,14866.909432589378
85968,9268.492344951961
77321,16431.990002105158
79237,24341.818672026697
98975,27764.54696031746
95590,22240.771571298857
104906,16327.523488980652
103289,11677.007176643032
82134,15081.395442814355
108432,14299.021654755848
79361,13880.648781987005
79283,14445.849450109097
108270,10110.107971547768
100333,5795.473977538096
89059,10840.034852139637
96852,8314.866240494815
89651,18050.542804042867
82856,5273.2099081131855
103072,14799.930043668417
108315,15066.268773432219
95664,17354.470989909405
87882,20761.62162939014
81682,23625.538612630568
102981,4680.869925950477
104776,8478.474016906423
97621,19145.26325102962
100451,10856.485270509442
94393,43006.88724718691
87416,12362.059980978845
105999,8358.860258434597
91075,2662.1847222222227
104390,16133.256818343012
78471,66169.83298148145
91077,13282.028995538507
81733,15609.030357902839
81475,24749.137258540733
89546,15443.728198406905
81968,18817.21460795044
82201,18047.682461981676
100703,15958.101434679475
108173,9473.502971050935
99283,2332.055064136473
88618,8225.735521068653
77172,17106.849953836878
105813,13696.008593349716
85410,9346.768660295633
77665,13217.191550090987
106427,12466.649400715443
100684,8168.2341014252
77682,108861.19013492067
106196,3339.7755555555555
88627,19080.25609573222
108029,14931.702893237425
80142,20329.605006683363
101534,13974.294524088145
106737,20488.83817551478
84776,8023.947116549487
100686,10489.839655196358
100393,15414.302513590412
95593,19111.71472875435
106482,27667.28028980106
82594,17656.914349110175
95052,18773.082549862662
77581,31807.34878519818
105894,17880.92952773638
98981,20231.083932500733
103791,9855.179996535398
89035,15832.893070657869
78988,44317.72497192158
102284,7262.966586101196
78961,22092.030713326643
100824,10913.952475962033
80563,19078.6153513429
106006,27049.921397777576
98874,5859.850195200786
92004,23945.3395095651
76541,9145.470833333331
76087,10287.089695007062
96383,8961.96683692493
89403,11546.143303107492
85502,10708.738422218028
78453,17491.44378921511
105672,9769.330627850533
94086,26153.746399519754
103223,11662.91116345431
106894,5444.527384053083
104079,15219.499032662045
76659,52086.24571500722
78970,13751.050126817483
94467,12395.095555555563
106317,10608.693321938244
90990,19899.916897770134
85168,16419.640921163627
85329,18450.314016478434
90573,20788.293821418687
87552,7950.906993533975
106650,9350.273617999504
97658,11690.653192673484
103443,10320.364006313966
108293,10259.173437126588
106230,14088.018725881084
90762,5068.08077356227
90385,12153.849824675961
92892,30313.435584764728
87166,10951.667742716847
88217,18050.35191988311
107357,13733.276150765161
104588,14601.895179586178
106711,23315.80396482396
82117,25500.567112354376
76811,25115.754966616467
96629,13416.479048928451
82497,14877.765619237454
105204,10308.32270125732
92020,22563.605171854666
103534,11722.751290065677
87801,14324.400100724131
76388,20157.444875961188
101512,6467.903659686782
88523,13547.487326115408
82847,20730.63480794776
96295,22823.354359257977
104555,15940.43898830912
82459,8041.5508476284795
88896,11469.85248842292
98912,18729.20678550478
87904,11707.341967586957
97899,8735.663395610196
84404,10589.985659333921
83628,51870.94373809522
98240,7411.68203001083
77405,52310.26719032416
95241,19697.226296645935
86588,14346.543870055833
100568,6822.310723461852
103330,10191.0651047329
88168,38655.14240476191
99695,7755.213222429651
105415,28557.556963465864
108291,10504.768461152826
82483,18324.474523298682
76215,13505.04735253399
95883,9664.217781804695
93944,17106.962581014293
80545,12847.617933518137
87133,13866.556905484606
107929,16006.86127915601
103594,10324.825717029997
98090,2826.5455594144187
85950,7841.941392676872
97817,21197.14209234444
80349,10968.003848694423
92065,20019.56824166489
81419,20901.83719348864
103547,15470.387102594403
82647,17177.774650177274
103287,6801.0624303914965
92620,23646.716285122646
97818,12599.258268831642
94762,16811.585871761126
86986,13750.679204956912
80244,15902.310802327738
81808,27821.806204683755
101955,13307.954657965309
100277,9533.914322653183
97433,10264.291244593827
101701,11741.745157543786
88891,16623.09187570412
97998,9812.290129330888
84676,6191.440461938171
85102,11729.538362938627
95997,23247.9297631481
108269,18470.480879080733
101745,11896.003696149459
94167,23223.809214682806
100965,2761.04701892552
96695,7007.024978853197
84077,9290.231342703355
95666,31665.880074570494
93525,22659.932170791828
86442,10103.069428326098
98856,15540.83590261994
102762,11680.181077395902
91868,25981.411260085486
85895,9350.10007137523
83837,10260.872808538332
97933,24344.560267902987
77159,45211.090789431684
86267,13802.932898007974
102669,3625.1244444444455
99058,27586.970592289297
83648,18092.783051768518
90586,17586.125123814047
96303,12196.895000661298
91599,27258.322265467188
104830,13438.50963659983
103867,10580.900857277009
103352,8433.81360869201
85911,10836.709354441326
86215,6514.948443057583
100026,9629.658495333137
87347,9452.875564945296
95363,16327.317207240663
105922,27045.682110425263
100582,10456.066157893096
90707,13032.471248263022
89442,10493.335365315112
107455,13165.891508732639
79441,25193.583303679174
99119,14266.281464623815
84855,13989.98594660895
95694,24048.79414431393
98802,19741.48940254125
93759,26118.103467469846
100855,2800.146844488845
93601,28350.043986050456
103425,8422.359978889683
79810,35507.084205115025
106082,11569.311640680975
96555,13630.416621915416
76273,15554.904696864778
81265,13190.051720461603
76722,22372.136117771388
87080,9447.164479042847
85477,14215.815061635047
100688,11279.465986873602
101612,7456.24212556518
107135,9510.8179282812
82754,6557.171225692733
77167,16629.266651952676
95627,35576.15910360073
77685,19856.042213235636
81835,22331.41381682326
108459,18031.818347891905
99976,20375.4489497622
77873,15359.321926921475
91574,20141.36869459246
98487,14740.36845845116
101067,5059.467176765361
86888,16549.312025103838
79051,18914.66163952129
105704,13543.133579648882
93009,23681.39404131344
79182,27994.659441993645
77226,19421.392747435893
83439,10761.55140769095
106093,17648.87770973693
85243,15996.016601078638
77181,17723.627169050746
85451,16009.092265525336
76412,41622.365714285734
87990,16451.042869860034
82077,30447.186921568624
86289,18574.053752408352
81566,22276.03099611715
82864,11792.877367079458
99130,10067.90683864842
96176,13466.218316807524
102269,8365.248513067834
91841,23138.829647492355
76041,22281.250543099723
104840,18420.110019674332
106253,18203.996367495536
98245,23401.991810851476
77039,21030.0057096401
100730,7557.9636083565
87739,5242.670075772205
107559,12867.643628084827
103282,15022.889343218598
76646,26838.171385292244
80252,12739.67425655296
103895,8759.00522036731
92491,25542.2203786432
89765,14693.447464609835
106652,16563.74642087718
88005,8200.567836110049
99470,9751.525534781453
77069,19127.805484670043
77955,30284.59517592593
90809,8204.437194526325
91610,20383.399371341748
102774,11275.172797335073
78231,9715.620466850558
101171,8013.207581786889
94420,10150.822623120364
91378,29558.08433976547
82771,11570.575716088508
99918,2688.5056727994233
103574,14489.42369298274
86799,13092.465058467113
94318,16814.398212675165
76950,28373.751322160548
101720,9008.110135596939
106698,21536.43742519942
103488,9785.14032888535
99153,17716.244582758784
104945,20482.594258795605
82708,17153.619577577447
80674,19876.91808722104
84122,11007.24629659783
100375,2089.9937670940167
89456,14734.695993106436
82974,14323.622261980145
104716,26168.324756128088
88124,16035.922189753766
101244,9350.180106334554
82069,17496.506029488115
98606,15803.248275874279
94412,30688.88594314811
106030,25255.6213708204
89877,7454.170782976979
83349,15173.629766243102
84253,11681.233116116748
79774,20952.036296676903
87259,10843.760214845177
81587,9787.628079542934
94407,18769.704428253168
105889,13215.926331518356
90829,14206.492976576932
90286,8019.846196471597
90162,13300.706817409447
86022,14327.331336762845
108101,22470.610639447696
76814,14495.125483655449
106162,21531.69628878918
106605,17278.039856888423
99590,14022.6025458325
102676,11440.171496713989
107658,10817.668509985673
82396,14497.55466858003
108051,24436.546047045493
92955,27215.38148679243
83520,9846.407032770474
80338,15788.269619267232
89312,6521.338623217862
80751,27088.26788687881
90622,7090.20232112668
79431,19475.7513566468
82870,13040.675072372524
106446,21492.12915085893
96223,7045.398987551729
100491,6986.032982439138
90125,34268.05415425265
107869,18176.87854331985
78278,27333.91695158169
104244,12061.66890580335
93810,24701.569414316647
90911,25082.55619264339
81869,30858.82535287078
100472,13734.085642360182
101927,12748.075797978363
99713,17689.724403261705
108184,14451.723882956076
99764,6959.786180397559
101286,16030.7398434616
106534,8051.301746881173
77461,11858.306587575877
108272,11512.79266074408
106010,22217.189792271416
89193,18214.1609613436
87761,10775.352641788422
88154,14315.358749657049
97789,12687.45054603506
98271,7566.23700382175
84160,17677.089554539383
80752,11120.517672114262
106107,21247.311745354265
87260,11409.755639476674
76549,4488.673777777778
106619,9548.154917631111
93849,25101.0749285468
96045,19873.48656637008
98306,8668.129528242034
91896,40806.93896398047
94048,19576.138588578688
104918,9819.371358751701
97720,8393.89476237687
97482,9032.125460769976
94156,22699.404035998465
96469,10041.347279573458
96918,19409.56935588065
97241,7943.4948917467755
78150,11872.780013923453
77808,34627.1800038011
103265,9815.936258019847
99485,9550.941219550785
77860,12153.30194500464
83834,18314.941818254425
82565,5198.888834497647
104344,30931.27692000432
88984,9179.980603002648
92161,18954.653530691554
102199,17978.920154687898
103723,10109.044888575578
94677,19132.051110119395
104806,11426.809939392735
87148,15945.32756455056
78411,17548.02831544829
97856,11957.298719917779
80535,22069.371152222488
90156,10783.174960534556
82176,21811.91256858234
76790,9950.550892459922
91762,31121.012805393017
78650,28540.704276737906
82763,16152.676428885528
82678,11205.869672387109
100137,26883.645088989084
78365,28242.037870786884
88768,10862.122513274675
80346,21966.668774195816
106682,17917.531152178803
97171,21383.331717191897
81701,16259.656915156913
84073,12059.473010501899
79549,7183.356641064915
100269,7648.923173941795
78466,30452.374910009006
80489,9941.148603216761
100009,10817.494566318175
78769,13058.907889725182
96821,26162.290296053485
107253,9607.234532453951
76045,12562.508457590993
85567,20482.56184374593
104651,9500.865508176656
94428,9600.51237534827
90549,16747.7884302299
100940,11292.328520422992
105608,18030.58791031245
105280,9903.973937341465
92200,17076.107050503597
91082,8180.4905170748425
77298,26026.81365044223
99432,10146.443442191225
80426,7282.031366970493
100817,8417.74655259013
98552,14251.034460836543
102428,7601.932675069451
100978,9384.809810592556
96371,14181.148284848428
84334,7326.994842871299
90196,6863.195409266963
102540,10928.049709011371
96914,7038.412125869063
100895,10567.551848616351
105296,24842.717446276998
101888,5537.727643269002
104077,7374.90642178199
94267,32577.212701700875
96803,21045.610752459175
88905,10700.693560238067
106132,8871.927353503213
104388,10500.13582009703
92704,20487.82469436422
86345,20712.76874300557
98326,49293.89461656047
98572,28604.76257189544
98754,24857.02916507843
77794,12229.531366826555
101082,8784.867708172671
98455,12063.15259594297
95796,16220.364634905924
98861,19053.024192486944
87570,4483.966331989945
91904,20860.62244898917
84147,14344.87107892479
79470,28499.790655916084
100012,8341.308560574349
78698,19852.95279468461
84929,12355.76404857169
97808,13645.79751010751
85299,11161.31624728548
91297,45891.859281566445
100772,7821.282991957616
88500,8190.164943320028
86077,17975.34316477913
91891,17795.802376511707
81059,22366.05172718743
91023,26600.758001617258
94693,30908.444710717846
83779,16030.986010933813
102323,7769.003227204275
86078,9953.176273440915
85595,18329.64158986785
78582,34314.135972934484
82311,33284.35445702483
107228,26974.275140266433
90613,15973.979500351785
102643,10078.949693810877
87044,16473.654872589308
94680,23311.65982214681
86222,16122.182063154793
92844,22971.984331646425
107625,2657.5341669790564
98155,6780.901831730469
95145,12331.685447471162
79545,17169.187301625494
86312,11333.590873762378
106466,11533.788562373471
102721,6754.223326971979
82720,8559.954054271826
89908,12824.871018027035
86593,4471.880727714733
86930,7728.134600422077
80460,17206.196152851866
85235,18967.774941187872
103331,12797.767984780285
96526,21260.51515940385
93359,15913.152599181787
104761,10567.25809427336
76684,30653.69505392869
76697,20453.517729914165
92488,18902.07685146712
107148,20500.8073178434
100685,8705.3252499223
79407,22697.50039135218
90983,21838.607926807832
80435,12858.846112076077
106658,25836.730547322524
76894,27359.657459445018
77367,15768.561799349201
80301,39040.56196296296
81032,19673.721702741706
107900,36172.758716931225
83046,13355.574625479509
102331,13053.176316147576
94376,11713.758831501073
83559,13342.562331500314
103509,11851.344229095394
76553,17896.734439258464
85897,11794.107718166044
91644,16221.298794686694
101598,19026.571145623882
89707,11099.798083333333
106964,15472.491153499785
86117,8304.251734003918
100179,12953.395596407257
98605,26054.559706780292
99719,8473.732534259108
96764,17357.128967394397
97262,8918.502504711309
79645,22166.82548626073
85785,12664.357336699066
103444,7260.859551663307
105639,14409.918726031336
106379,21605.382802621785
94283,12073.918710635815
80195,17176.680974758554
84709,17026.74422929032
106270,16964.750310571435
106321,28226.80551306805
102975,10417.815679072655
77231,43806.784807561555
82488,7335.821122929568
100406,13473.503657715586
79606,10615.72684626559
81036,13398.999014918329
95806,28346.57584686391
97217,17453.559860680485
93696,18653.680288667318
84438,9456.30890949257
108083,14550.564654241061
94109,26302.30003696666
81873,25892.31910221271
83535,11502.154186749774
108253,9414.164464288702
103572,6559.707924858841
97782,20986.695152689288
85759,16669.529984942415
101313,8773.742757907736
98905,13425.175103052175
96344,19621.315254599773
79144,14552.874325396831
93593,6057.2413888888905
99886,10688.958519717158
96085,7757.390158848241
91717,25673.635225459904
100170,14118.960749452182
101760,15883.251154911106
104762,30082.879807672984
94364,15914.136502055086
81819,17808.2346270046
88720,12486.689774584476
76810,18165.381594832586
91505,30957.07651507015
91740,30428.562041561505
107115,30631.714758183905
79860,20785.24534813427
103392,9237.109973074268
107926,7567.468372780887
98206,12208.65048972216
91551,43004.34613566655
100331,12526.56322927651
76115,22487.375440453412
82255,15888.261599307409
104007,19875.385093407018
77667,6926.742842991704
97247,12966.783465780989
104182,43535.43517987896
84802,11601.60603142762
82517,5551.154293959022
79978,44492.92880844158
104400,30322.864668187318
98809,16407.312452380946
96889,19792.825689416626
106291,27077.957294992306
99347,9731.210972411143
101462,6705.504674949789
92841,29606.659954620704
78210,65632.01049999999
90440,15683.401737598262
84119,13370.126304131918
96872,13942.354566540464
99411,7046.780885684555
88399,13166.203780339403
93645,19515.134016640623
106472,13014.547143052556
93223,17604.729018424798
100761,10035.001443181955
84396,9633.780216626838
81694,23261.38020706711
91499,52728.18908913839
86428,2517.2265906926386
95718,18193.096113954038
102532,9166.18048926544
101976,8029.46289224254
101696,10436.824974666108
98887,6861.344398824027
88660,16153.533921468379
88640,15043.23477008801
84379,10793.075468337769
84581,15986.060626421739
102278,8610.425427367278
87590,10882.754395430833
105244,22052.17779599936
85140,19643.605740404557
100212,7145.073404761902
82463,9629.454769313374
89649,12235.9567055565
105119,19073.67135724452
101138,10943.067945011402
97613,10690.81273650989
106323,14746.972749941846
102910,8027.075069273513
106664,17115.15127567694
78285,20462.833495836323
90102,11592.627871148186
96386,9639.938922348858
90800,7853.868176808368
98566,18471.75907384142
101815,13927.160173573853
101798,14590.754497280888
97728,13428.540312295152
99174,13024.60554665763
94250,18917.33560464746
88827,9769.515834493903
105493,8837.655188290508
77991,31479.216239081677
106003,12669.174146568334
102938,14239.477086945592
80815,15902.477358849645
102775,13476.304569356287
106108,11574.447363623518
86213,12885.640427921131
97119,18521.280317287397
90341,16681.861343384604
81713,24306.498248655906
99887,6943.371419461442
80067,44291.84665450266
104710,25361.633474785343
99374,13693.092393067045
102685,9928.342172961846
88454,9845.778151326926
88121,16339.640579740631
104607,13239.727453373316
108321,15731.571037308642
100788,16306.569506516948
79504,20575.904556596106
108273,17601.341369170346
94291,28242.191086881056
92974,19356.803551927725
98506,7518.526357732081
92238,24804.792238053848
101214,7378.18630443419
92872,24814.574889828353
92412,15743.557270003892
99487,28362.562471540547
95246,25898.043574735722
83843,9713.342101142769
77705,17431.91096702224
82903,16426.587705171234
99335,14240.797574352553
83112,12816.095265472526
82946,11374.56169568231
105777,13670.61798451064
87013,10439.621523207588
96752,8253.5167269169
106136,20784.04464841087
79867,33583.64327386717
84377,11521.087313464574
100807,16634.421289245078
77327,34081.85477734123
90531,14587.982899663386
80907,9610.336639553801
84019,17834.76494443001
90542,16078.599498745669
77431,11138.32009031031
100648,14322.851682218723
86836,10057.578030961957
85657,10019.4260475561
104881,20487.546219342836
87108,2938.7480803244966
103909,15027.487492518621
101363,11621.408409665817
83894,9972.059808596201
87239,14055.017199401696
99880,6801.883089703797
101105,9300.326008915243
103682,11004.063937087878
84580,18972.940964400754
103278,6204.145674603176
81972,9890.317189901289
96088,6886.668018525003
89815,7989.395292570129
83189,13140.479375851564
93790,30992.14281292532
86893,7385.334536352313
85632,9100.821811978634
84891,7372.521223594613
81765,26450.875429174896
104808,11624.22717117265
78274,20390.702195182977
104323,14223.956753881059
104215,25221.270017395836
83258,15906.24490991187
85415,9376.81513660982
76352,17183.50365475209
105843,24818.790280053316
79923,9001.058929372464
86788,18025.993804004065
106140,10953.64344050203
107298,15380.798816229875
80097,49967.42897136774
84584,8675.08103940183
97123,12019.064266812347
82024,66316.6620277778
80482,23156.387363235805
85092,13397.624816687337
107615,14242.254129349803
83158,18893.21311007077
98377,9896.957717754263
101038,9627.46920929238
86398,11063.344036405702
93257,20306.0846388721
76372,23384.838614926055
91976,27163.56721415542
89914,34707.33781259146
102249,9375.844211857033
92223,27074.396486380192
96162,8176.389829933488
78476,38309.06682966724
84032,18760.78133131736
87790,9988.60520485587
99047,6657.631630577099
85743,15566.917687174087
100359,8411.221977422578
105381,20581.857818437522
87011,10889.42253391224
106016,23316.059423096278
104246,17488.832390653646
98535,4551.997237821929
101636,7280.843556838776
86057,18386.59787324161
103082,7095.78930884319
98076,6761.706289941998
83514,9043.892140343696
103770,6873.412894530673
81344,16127.355457861764
95622,33080.993731236966
103797,2357.5961760991127
93056,25864.45815530412
78395,18933.181215567845
89628,8509.871314663758
103060,4207.398409450059
76440,21602.41475414679
91172,31331.183900490887
92399,25994.097652350134
93498,26497.186289951518
88211,6275.997367870297
101974,5674.346106326654
92110,15561.652975602225
108282,10383.418490175422
91046,16391.904104704823
87325,17217.727809879154
91442,16763.60063689509
105058,11872.288014503432
83755,9957.153030980973
84596,11079.543928457135
86642,8802.899540998429
104884,33102.361103719246
99464,11908.793031174473
76380,18499.47901688666
84398,8361.620756474944
86695,12794.230332281062
84967,16429.187594799765
91413,40575.43099153607
104536,21136.733490981245
103653,11779.563440576869
82660,7734.959439606621
96278,17312.591726637664
104281,9467.759740865675
96493,12709.391282642922
84816,16340.3151633918
96248,8076.295636867037
84910,13126.49864559442
76150,31961.18431308284
84168,8119.214217615298
91284,22809.355178851853
95359,16007.048837271268
99809,17900.01270794305
97478,12938.276089469635
90354,7323.098775415154
76268,24847.613932539683
99017,5658.946410837064
92966,25684.08722222222
98031,11801.139785119316
102949,10656.879060255764
96793,12808.548358181904
88706,7833.215321600032
100609,9848.665059952666
89116,7971.823919718288
85861,7734.792861200836
81217,20577.72051447665
93134,28704.282505102445
93383,21933.476506430885
108417,7521.121935206002
84549,11043.294030618184
97741,18085.739464880833
82038,28903.696592128632
104696,11742.116856571864
102985,11200.624502506947
76015,35077.19824146336
89233,5573.927185673126
107693,9209.138662186688
79543,16351.16959415333
88941,11280.090755503074
107133,17850.19441151986
84262,9036.863187002493
80022,12174.525346965567
92947,3153.075555555556
106355,21635.740857852357
84561,6798.85773980649
98987,19793.09283907143
106383,20825.589395124603
81784,10242.657277098404
100364,12566.99829102228
107310,38947.947555864965
95690,30964.689745990294
76393,29009.980163184217
99698,10950.2246502606
92142,29602.692569593255
83931,19346.281530434848
89216,7675.259485298496
78447,13368.74957291772
88380,16233.991181241714
106609,10781.495195003206
87906,16833.898878929907
107946,10749.763938360562
98084,11625.783692548062
86920,16324.02917250708
96738,13101.421050457644
90639,12502.708853656808
85170,23331.349046301315
78613,21148.492999570106
105247,21242.52499172762
90641,11777.010852896998
103803,10255.523970876664
101871,7182.502034081697
84737,8895.861323098434
88357,17092.907828408992
76060,20807.353647832035
96081,8682.057491497751
95771,19200.176322194424
90465,12042.64871141688
105795,6917.884172347636
99716,9401.424955754735
86627,9354.426183602587
76452,33253.33609977341
106972,18991.526812650667
85032,12648.232151489101
92339,20529.12260059401
92906,30191.03096009833
107476,23170.458842973025
98693,8203.182029573178
100745,14397.549845808679
93962,30439.55414851098
87071,24901.800700182022
78456,10780.45737585976
98616,7804.061606085285
89502,15791.38317679326
84812,16648.70096570407
99278,10682.225530006637
106760,29336.706734670486
93843,17674.80533459493
89686,9487.882098716716
89459,14353.697319239891
86882,19117.830877771947
89055,14180.029703301707
103280,8168.5158397999285
82388,12934.432105887176
84322,20060.74474247034
99763,9724.609059315508
89240,8114.213535745035
89369,8400.957060654577
97845,10047.799253799703
98505,22701.931485306166
83594,9688.467737218534
76879,20917.34340159316
107542,9316.523361229634
80047,18696.49824886599
103396,10471.614239531958
91511,23745.89832678333
103680,8270.16072998373
90952,31032.687019822548
80329,27146.856887907124
95213,15662.20905968595
93454,17270.129701466096
98790,14414.545015640026
90991,50518.62409722224
103576,15821.58820167031
95054,16124.289844867091
91254,39839.31256760832
78354,27836.69284839582
82354,8390.068344156209
88849,11020.033466509016
89577,3451.3319485648044
92417,19483.359318629064
87390,20025.492954706646
90610,14870.608937678433
76083,26034.890576979466
81716,13714.932498411661
91781,31537.81333353416
90138,19348.56841431938
82651,8312.080699415406
97872,9458.941369228347
84809,16438.72443151873
107232,15117.01242559162
82070,13662.79538116356
98299,19447.710120344345
108152,7489.6578296110765
81894,14224.29762060588
92170,25063.56647730318
76815,12749.574228927646
85318,15854.293294258227
101609,14314.360555378255
85681,7920.680068752199
90628,4513.219251708517
81278,10322.306967449233
85022,10593.218966891154
106237,9582.291571841823
99060,12533.711100452485
97068,20205.324739310738
81590,26121.69734661729
87125,7727.454807063784
86034,5583.52246864243
92154,16102.182607790777
94085,17258.181648506663
84555,17814.907779915888
96138,18841.104220137742
87289,15912.6190585227
96099,17345.762895327574
92408,16708.637166887624
79885,23131.471295715128
77403,22049.07187892947
78502,36631.42819165049
101012,16455.746699393276
87470,10646.355044724602
85394,16632.41288654086
90467,16139.052117005112
101768,17616.551034389984
82421,13179.885024956951
85707,17277.74143111797
90630,16260.936683381122
83619,10807.048709473289
102793,9984.48391024484
78299,17502.367316532644
108074,9928.36091398552
80894,47348.3187267949
107622,9721.185139653755
89930,13747.875061932255
105194,19766.29109582429
87228,8277.596213052268
87821,21537.445243079528
79921,19262.816817460316
85109,16578.513442958494
104039,6202.152508951779
103523,15471.177040228198
84724,9627.073086730206
101351,10684.742514080395
76444,30736.26587015268
108202,2543.410397650824
92774,39243.80762458504
97279,14034.006104942508
94079,14907.717598434247
101938,5786.76048730222
105071,23669.76872157429
91761,49842.16627037463
79296,28462.19346995864
100769,10796.298440662778
88597,11289.55364890686
85935,9976.894549655139
100302,14764.323231023687
89081,19290.2811694846
86282,7089.77364634154
107202,8676.015222716267
101999,8756.751132661873
77135,22289.515905039945
99417,10337.430312680712
90406,18432.01644502962
94752,13100.54550029748
83342,11926.940514739257
98973,16585.60836668701
79768,31609.145826118332
77192,10749.0982521976
80500,13044.328996594631
76835,37290.505886243394
86983,13199.162027634073
97069,24897.42390452705
97193,9443.977117286886
105073,16833.23338578706
108405,7280.515918261157
90739,13930.926005882142
100079,19018.717768266575
97513,16714.91261911014
108004,31817.53136783456
100330,10030.512754897423
88508,18779.262481164886
81325,28097.46703391501
105920,17805.052401717232
81530,9540.09901449082
86776,10727.913018098126
80384,13001.715934694557
105020,17043.20961286958
104228,13229.206055561552
103926,6040.519954675999
92044,30141.34802626107
107049,10559.217415141673
107408,20364.430577831965
97280,14864.971721018817
84121,23456.51104381793
107517,14247.041287121043
81847,11877.800230763498
93671,17506.796735784937
81276,18737.399195606868
105034,21635.49263232344
82559,16080.297567674508
97468,24637.081488376218
101227,7836.828615720105
84614,12711.309659778964
76259,20339.375772115833
81329,44268.077079365095
91999,24853.509473315487
83557,13883.113413340952
82819,10805.233829659011
83735,10327.633017991104
103607,7413.651672374332
93256,24665.213119548243
89255,13019.864229033808
102147,8914.004439076763
86853,14560.952920370431
76266,14099.483545490624
85025,18722.340916152993
79566,20495.169895067706
95663,21175.76422054042
96600,10175.569111095007
99798,6043.093276212355
96922,15178.13385462901
76888,43395.231463684446
78701,30443.299246615643
108246,11710.085584238692
102309,10917.078336980989
89158,17508.009358114406
95309,19276.096667622536
90997,20404.513258445997
88930,15653.47734263017
86235,15479.940200499308
86159,9389.884546255453
101049,12769.051707810291
81773,31220.85517062538
81389,26451.334050650712
88802,10789.769847426884
85702,10563.051096481904
98780,24404.093162971865
84786,16867.2022339925
85683,9917.696025381429
77857,25524.2807115571
88429,16595.063753912935
102069,11012.954671216221
104862,11764.442275571706
108204,22231.025843954973
105476,10755.612096988543
91778,21874.20632272875
100851,10594.105008054843
82960,15249.792280096635
84799,19852.556500160168
86912,11279.903040380843
101533,4612.7515835452705
90657,8253.46709680066
88912,12001.086776591666
86715,16029.438107816626
87508,15805.520866044002
87984,9680.261526870192
94852,12831.752173280425
94905,20159.00061842434
76632,22256.20798265141
84100,7396.868779455689
95802,11879.277975015279
93740,43228.886304577674
98565,10545.576674540593
104153,12371.036118761349
82480,7096.182144888473
100660,10150.748800134339
76089,23517.207527666138
104329,8104.471272932697
76434,20286.511188027544
84061,16579.900628673564
92097,17183.171569353002
96236,9529.19930739
78908,10656.231182088995
104602,10889.685259893939
102750,15101.730224299241
103394,14655.175941937321
88113,9821.103603150596
95654,24556.15241241994
86372,10520.059126965007
103110,12547.082654973547
88378,16366.889504306277
97704,8287.7193032414
90821,15421.251447877956
84901,27265.704559634803
93956,17242.651196371768
96320,30366.14965943843
81148,23080.775032507267
96461,24186.67722120895
84615,10785.029953817479
108104,23040.70134837797
78039,15882.697897565336
91425,28260.61369376352
77044,11558.876625150906
83049,17761.848969858358
99803,23698.53877777778
77693,21347.156665879746
95508,40363.58273382171
101593,10713.6094864312
101499,6194.671668216626
88319,19853.25204235418
107344,37863.67958874457
88590,7748.66344101081
102740,7554.182835444105
85931,13498.409630736069
77210,22947.65229894145
104732,14471.474242635404
101802,7452.766701836339
106071,10739.78024910655
107867,9283.028681045513
103449,4820.694429374387
79433,28480.80199877628
94897,43773.639328042336
79851,18860.68172381727
103779,7362.089957958465
84206,7222.736242631686
101707,8080.082157045357
90924,14987.52438293716
92910,29476.76357049215
95774,44964.571195706085
78551,43223.238087301586
97038,13377.118894841671
107852,13499.262962968754
87639,7891.140034732294
89958,17961.52040949812
77096,14949.72326196739
80491,20024.249555016715
97835,9343.430972750575
88697,8430.762753286863
78196,44907.72562270813
100662,9677.953288437786
93739,10416.147777777778
101433,12326.749102872982
79620,11113.96277574295
98914,7758.876393401804
86750,10277.948117691094
99223,8796.042639013323
100046,5726.73061860433
77452,30809.32762602302
104703,16120.314496182744
98198,12743.914459938009
104049,17521.179181556785
102264,11720.664487428983
104967,19310.306099276004
82009,20782.890682330824
79345,13921.349294953754
76063,32144.62059044497
92506,18132.6852984364
105509,7063.250496716414
87958,12206.317599520236
104150,18239.95732917853
76395,22576.97709972584
92933,22339.126873623118
105564,10791.350482112075
101877,15247.000023404285
97863,9820.487934126208
98886,22422.378463709443
108166,24083.45329610497
84870,18595.58439773438
105095,14579.213315092356
91461,19244.864952035216
89581,6974.6819907274075
79917,6211.011864882641
86396,11026.164336826765
77190,25551.195405426402
81287,10890.782894674589
103138,10955.247638561314
87123,10887.857016859245
103793,10939.742661588918
93077,20583.838097282416
107545,30324.223525077457
99055,8866.531600215034
101183,8398.824369509064
100713,8330.769606795899
94948,25676.182459923697
104333,5407.286815885404
99987,7035.447651314336
85251,10669.23399459579
78966,12098.378343291342
106038,18628.8341586185
80139,26720.850858711925
86167,11340.100477507935
99261,12902.52417352399
92352,13408.302428282823
106505,20219.17789781877
100845,10593.207272076274
99620,12851.090273135407
99159,21097.820198999856
106476,26317.913265446634
98980,20719.929018693558
93289,17723.23359782342
108209,12426.917168232716
83126,10594.363118096526
100563,6850.1162780595005
105255,9451.588949175355
94179,19491.619288313974
90552,8736.224875262482
91267,11308.323938045742
96812,13243.5207131477
88257,20498.187452084716
88718,11751.601807825908
83854,16565.784970636047
94902,17108.15173384781
92523,13908.843400575352
89821,14233.279239682348
95400,43484.52834870446
84369,14321.409270116303
104199,10755.215635572005
82116,26304.908125023507
100708,11727.614370028003
82790,12988.458049661238
81821,17626.51456533025
88277,13609.980321836712
81500,31116.41333524253
86835,16441.88278281815
79378,32411.183396856522
91295,30041.44363196815
91973,26921.488686673827
104856,16107.646849184921
77543,20173.21282338931
108162,9030.770340657875
91217,33004.11180403223
87896,18367.594986068667
98107,8811.33361211873
100169,10601.682854088564
90709,8335.441974616102
80086,33319.553611176634
81299,33686.629131345995
96112,19241.505171549547
103775,7110.61437296327
95669,29786.52482288501
78443,16364.231305083804
83136,15459.52560911773
103945,7298.014746616006
93010,26337.994850979092
91906,25647.18566863405
85113,11638.519610167983
79454,17699.760857521942
95079,46118.07086519608
77330,54252.706699827184
83798,10404.556762906712
90237,7997.081131651903
90782,8307.051813061176
93557,23964.188977951184
80716,18187.34197243976
103222,8426.449177246437
88529,7760.833973594974
79327,21023.879791789306
103525,5666.500030303033
77294,14982.437837440737
86934,5962.627854911318
83687,9787.614090029656
101179,10942.38339961648
86285,15031.526931310153
108225,31603.57293057623
79458,20162.101209502496
79962,27826.112992716673
77878,29972.386857701404
79980,28699.117311012265
78111,21826.86132570301
96878,20004.813532427583
91368,26078.004074012468
85298,7294.14491925977
85082,17552.084819802516
91369,22120.207980257495
96485,22779.521838297547
77644,13682.164319770905
87187,16000.676981287776
108438,18404.596711595786
83884,15341.098996077384
79694,13157.241677547305
83581,17753.90550088444
89661,15922.879153429834
91756,15722.806870539498
94344,15749.447537037035
104700,26498.160340440132
82382,29314.227234127
107594,44114.624166666676
78751,24312.939212475598
80127,12434.272902705732
99586,11809.360615907337
79871,17540.508600147128
107372,17752.32995943051
108028,25905.28149582998
85904,13598.194129258176
102788,14342.450348033597
99942,13307.94980067583
107103,13871.691545451775
84087,8308.67821514369
97292,11978.685817671982
104542,13673.421880980197
94429,23613.260040231977
86335,16234.889854388728
82367,13102.309365705802
86457,16626.678713970316
107346,13157.430747069006
77766,59285.17940476194
94768,45535.63854438166
84426,17716.027106291156
104173,18569.605739214792
80165,31000.69154170266
80521,23210.17037176035
95028,29903.125382735405
77278,37278.01209047524
104940,16066.236648436548
76864,24057.74703745039
87845,8677.766110912344
86391,15167.412659932847
85488,3461.566654216286
87274,18148.931678466655
102371,8075.691325165942
77811,15681.101750514263
80166,25699.112928100258
85693,8041.742442887714
86192,17364.872268616513
104128,20672.205470440553
76805,12273.651428646805
76360,15893.031886791934
100706,4353.946408730159
101318,13381.007247883972
99579,18959.00248893576
77331,25374.802103469847
107340,13480.726266977097
90662,19023.813192982456
83565,7213.532039299849
89664,17911.035547047824
78421,22454.653907265314
85006,10034.553432662004
93876,32778.634293627816
97786,15922.410174118613
96174,23796.14732531831
87729,8681.738912027342
83280,11516.371888617676
102207,15594.742609549705
100949,8730.594779942952
105703,13457.077831853123
100936,4602.198633425582
80419,31310.468896866783
85990,8658.674002736883
107505,22992.961792899834
81337,14728.027943342928
93683,29934.634990834475
94646,29095.712677022515
93987,18207.56375844955
80512,16454.092447330444
76113,20895.048869252398
106835,7248.210928496233
100428,14066.909511686194
105624,22244.60077715262
89652,11559.844205317184
95108,24090.022283080067
99206,12057.786005331547
76036,18533.157581564108
86230,9336.346071667922
84454,20184.149202496552
79349,14989.835444192157
85609,10603.017560576298
77345,15422.568667036
78726,49676.806976911976
94445,30717.347008377867
107695,8360.48782279818
106991,14501.859185982394
79308,13395.36826713243
86486,9396.35449040558
80429,42490.1582280475
87107,18101.520605868358
80582,14988.755428621102
90386,13045.35995931563
98363,11021.868222372508
76705,21718.57754248015
104824,6102.1149147245305
104154,2453.675607894285
91270,18781.700674810185
83116,11144.854470842085
105710,6346.693684605483
95042,17776.691985292626
88001,14153.73067610827
85212,10739.749520287927
91875,21175.40173659113
108248,9501.057649718767
106378,18151.055216718785
89950,17845.93882653258
108165,7724.7540020631795
83958,11777.375798204685
101582,6068.377969751539
106377,13963.114989753252
104057,9664.056417356684
92245,26304.64106149105
91187,30518.90406029789
88022,16715.40782477534
92561,18406.320523263963
96757,10187.451546829549
104597,39560.16647907444
101485,9419.977314160411
88381,7787.48651371017
103776,8541.128705496492
91215,28436.02259018159
103022,13557.507017434342
101933,13365.738844370375
93174,28467.529840788855
105945,7353.193272692641
78879,19357.09754451327
82065,10970.190711700216
99235,26647.533838935567
81250,26856.781699953266
98942,26395.35742167499
82966,21832.563545454563
81141,21342.16717069168
101325,15350.43243642053
82470,9215.73470733865
79063,31656.356049282782
95324,37206.93350736411
86407,6412.812444721093
94026,60410.33083333332
106390,11564.735738431798
105069,21402.64795149707
88045,16039.192207140355
85356,13944.31685549465
80298,28381.52951528305
78479,10743.69635740015
98197,18087.991167767774
76490,27734.72117650752
77678,29986.038639562143
87021,16395.429443001107
107215,18050.888138660815
81404,28124.53027777777
84641,13756.96888427894
96328,21660.95088648953
83845,15401.712273147255
102745,8185.03395791021
105081,9661.35469195382
92135,16732.642129303753
105888,21052.915553123807
103985,9112.776918730873
92091,14630.587586231472
88090,17894.228064339797
106712,10270.03579290268
83446,16354.04605808602
84263,10819.706821020465
87277,11191.550253546191
90625,7449.347953386266
79466,19954.92974122481
77287,7479.407895185348
91628,17988.755568862016
89171,22295.569603128417
78750,21605.604055319844
77085,28473.374617609545
80877,22815.07989840114
76526,26345.323833333336
81085,26523.363835003944
107918,10327.240729467656
89072,7843.212953714784
103832,10646.977729298298
90495,7920.845277739665
100430,8105.555926681171
94346,11517.346824812683
94350,19998.121634077983
85431,9432.018613819959
105851,22349.475991880237
106969,13604.90874380375
95370,15576.804134268214
94611,22375.37490574548
79129,4082.854444444444
76596,21589.712618523434
93211,25747.56838095238
102753,11775.744664922257
98370,8174.837914534835
90773,12161.125705409215
98298,11291.786426833425
98150,7759.470258102605
101220,12156.296082508448
80802,32878.687469578996
91398,19280.148186157254
86010,19188.45444793146
81267,38168.89002543189
79745,18417.33427396151
105864,25422.51075790836
99245,18486.620974299236
77308,15273.121306536683
85341,12901.242355431055
78845,12105.558173813899
78542,13030.028048664934
95408,20036.24287075589
99562,7772.411380861973
82748,16586.410172125918
79419,31734.493535631045
107846,13456.232703305812
90929,21330.562168783916
77964,21575.622425680634
95902,23036.38236144122
105576,9493.252355363808
94067,25975.844087727048
82322,16505.539020202013
94533,13754.232865311833
102326,10372.898625610786
97048,9056.87212512656
84908,11223.985144165013
81143,17789.640726041765
90090,10684.785750382778
93029,20558.30301944267
85943,15864.481189664035
95392,19001.676531295634
107057,16777.619351756264
89067,9475.979476625924
85202,18890.31747600655
81457,22265.64517724867
77074,10741.267992856496
94378,20305.813188301236
78921,12866.718517503788
80414,29934.11082900408
78653,14717.842813685813
87185,17394.238136049415
103928,9525.14300498979
77930,15547.510844506289
93057,31349.39998775421
81986,25738.77130358713
87505,18613.844193926852
104258,5172.58009920635
100795,12007.012011404386
82702,18579.79723754449
98156,14197.200453268711
81155,28316.88104464174
82204,11486.674730158727
79859,15597.102819096437
79501,33605.153018420344
78998,15955.918515000383
93846,9374.147137530224
83490,15935.1301652468
81890,31216.505517787566
78672,18585.23080686339
79310,20715.14630247561
81889,43677.01038888888
84975,15104.772873140499
104001,18447.04727373177
90374,24416.206549050108
76586,50189.778372549044
80099,28851.731404438564
78984,26211.2979849992
76198,15396.746812479978
106595,18783.45231538051
78327,16891.04990039752
88954,10134.66682373948
94710,40299.64488888888
82380,6499.247603165899
95780,28485.00385764001
80440,59317.85923015874
103715,10544.847593981178
94371,28509.095127018398
105793,22866.69560808648
104941,10886.23691398285
77499,13059.612150304396
79776,17241.89028491548
102456,6303.602937271062
87034,7854.629275801939
98570,13104.981171957124
86294,12202.002796748395
86579,12697.475513616155
78767,27775.410246803975
101407,10727.477007283693
90427,9929.742259985467
86604,13484.030768183587
104481,7793.3874913852615
102055,8502.183636875998
76565,31315.33889060817
101769,7200.668249079826
86849,9039.788077395027
89128,11282.07962374859
77119,10611.602585341248
94623,24596.204381598447
94988,25084.965774996774
107071,13790.921635502822
106724,11966.225973954864
79938,22853.08740458908
98217,14742.04079943355
96660,17578.17677468031
82817,11396.829640521513
89810,8751.972452175269
108212,11276.264778793033
82851,19283.348484704937
106739,19591.168326469004
98224,20460.55831455469
79457,28993.914958216013
87381,11450.272913743143
89127,5677.386318774364
79388,29639.064588568806
100705,6114.414941322552
106385,12727.156651366127
76142,30492.143680963138
79007,17575.261234350928
95972,46830.725886566026
100737,7607.258948267371
81958,29015.48114058074
100805,9137.796346689718
81226,11842.226754185325
94857,19383.151263666277
103193,9927.280810263228
80622,28325.664939818642
92116,19441.687935095168
108228,10224.159306347463
84744,10125.665224743618
90654,16414.17308782275
90551,18483.377597651615
78428,30060.028048778735
80781,28893.756506415393
87118,36368.33401587302
90187,10489.937679301755
76110,11784.448739611133
81102,21277.092658952144
89957,10259.364388913138
103585,10449.38475839139
95786,21106.9804207509
90883,8273.23829621301
94705,48692.302059316
98890,18051.832686559057
91766,36015.890250763536
95207,10055.558948110498
77002,13268.07290019232
98428,17529.101922691534
85456,12665.934644481666
102472,16650.111376565856
83021,9968.642519263045
94063,16525.808922256118
94665,30026.14385074688
81432,23459.607323210854
79825,30637.375018355575
95008,24957.712868079772
104634,23647.140611459625
89960,8279.364368810744
99162,10927.97751493554
99269,8968.50100619241
102221,7735.523941039128
88075,16251.70584108895
86981,8791.106279444426
97144,9937.508216154909
95073,31578.51573681464
107794,10990.878400492455
82837,9556.649982631225
76265,29322.654278686703
102416,14352.668721763066
106292,25360.387107708753
94162,24475.74019169582
85715,9350.052681755242
108484,25839.943021244137
103120,8124.991324899874
98178,7739.554411020549
92208,9498.897686947981
82800,14368.46694931608
86660,11563.48624142954
94811,19181.75652754452
95020,12934.376257499882
103339,7623.156026660179
76719,16818.14210087996
106391,10378.386212707603
95855,38015.85164206997
107989,14408.927365590442
82154,23582.678625640634
77767,17631.427645550666
102776,11831.51890840502
79642,27391.747357142853
77306,15400.718999582285
98007,15606.327983494404
105538,15557.96064582999
84076,15362.571706804558
77749,27672.52071219808
95734,21576.454871016424
80602,18349.1465489418
100988,9853.490284721986
83690,11464.40963819946
84882,14821.68234938301
101699,8648.657963905822
86025,15052.829775503982
104331,21947.6879257843
93789,14790.753855230852
100427,11306.653416441697
89980,7720.930599316425
92989,20452.928828597614
96820,10081.273968598616
76354,19368.09138698476
93143,58594.52919444448
95045,25531.061664942146
78135,11986.497547365094
85841,10573.826893203748
105453,15461.876941076414
86843,13078.74518288199
76450,54418.1585
94878,44551.68154158804
85792,16553.342001693512
92518,21549.763129173458
91382,22975.071063202482
91966,43777.10545238094
95486,18936.45796889649
108090,19880.096218176473
83588,2369.3851184694267
101240,8654.212411375569
79797,28022.41216666665
101978,13465.06464144422
77559,10497.662090611835
84171,8976.45996945854
84012,12569.802163208182
78716,20179.769349201837
100485,8896.655417728762
98908,9168.499701459898
93238,31813.249266848645
95809,26245.350964380676
107070,24503.798113037334
102546,7629.875505049618
104507,23212.781545891805
92943,28330.259248737362
90241,8254.66054431169
79542,25564.61619692211
82510,10495.48262115236
93255,26719.96422458772
96559,12291.462217688115
108483,18062.244879573846
82288,23222.303410052908
104480,10855.641409821717
92328,29823.518938459165
95793,31578.595410481114
105673,12145.819196015691
95841,15785.294906708586
98338,7817.585317145401
103579,5633.663155552492
76861,22678.389411644264
84414,5611.760221527025
102508,6651.708734582117
83622,8694.274720120593
98822,10931.357948087407
86291,9649.235595847927
84831,9656.792549359692
82626,10698.889113409981
105508,16423.908753250525
77130,27917.048226749164
94652,29512.843406933694
83243,9084.141920627537
80908,65098.606245798655
106139,17422.589336058412
91617,20753.05051823205
83524,14623.908852261113
94486,25665.247194440326
106044,13689.221940709149
87195,10067.76169967944
77450,21655.22645954484
99239,12083.335646490368
104813,21213.80001396357
108254,7752.273812718369
105150,13704.436432699407
88390,8057.301991031569
97902,20448.348767732787
101186,8269.59422023265
79116,24389.252263674454
77214,23086.500006789167
79298,5485.055751782839
91370,25038.01445317186
84827,12064.192046140975
107282,9719.292600031093
97678,9105.975469303694
93570,14633.740667082422
77654,13574.098853018457
77227,22527.3681112692
106789,17079.35245377197
78869,20732.898152624817
76531,14741.699403469043
83469,9891.573936823313
92278,25594.1997917886
105949,12226.183590317754
89026,21347.637087866256
102066,10882.330301367567
96352,13554.003690387019
77819,34792.127616063735
79655,27572.51393271276
84059,12973.697563123513
96541,9230.318222311627
89319,7506.545265021172
107795,9570.76775767622
96961,21596.54874844311
78158,20759.35047199332
77428,23087.056229948754
101125,12247.760469262232
95105,19497.994025357304
80306,6347.2777521645
88903,10753.059381788404
80574,17663.498796296302
76321,28090.915845022482
88786,26644.371963405505
95682,17031.395230388796
103135,14248.156434066768
84241,16081.982903495691
77809,13240.797896103453
92926,34284.070704390404
105895,26975.102673263733
86247,2878.7094557022874
103470,11288.271795887169
98865,24709.0064522999
107363,28528.083057081825
76516,23012.033267815845
96506,12329.563549440507
106306,12779.461031107692
89093,13673.70409535516
108123,10407.938145502243
83510,6804.077370589259
86792,16381.534019262059
99984,14794.531463281382
76508,21473.295734966665
86580,11083.556291763432
88428,11419.675605379509
103922,15996.010915055294
96703,23603.139995684814
107626,18050.391190655137
90100,7413.862955960408
101987,8046.3223576786895
88615,13523.985904837979
100138,11807.33476236383
83743,7454.674746812464
82321,15110.198821139773
88594,10521.539211798177
93842,51543.527443223444
89350,10662.984143647434
87643,15542.244166752653
105892,12817.213490633829
105711,15020.645093129644
95657,25828.398395273605
96330,18237.567423108732
96906,13038.541012477828
82247,19975.11917365988
97125,7065.010929024857
101306,12303.986287434924
96708,15245.980469341246
77250,17537.004267565768
95451,20227.413565912248
99405,13268.83109834409
94758,19685.96734489434
101101,8139.987744224906
77643,30491.01115898955
90209,12359.740359787904
90312,12606.019572418832
93955,19344.50591631301
76334,21905.894485924087
85190,13384.292141976512
97992,7123.052837081691
92748,53106.7868580224
79843,23110.08583045983
88769,12514.467815780845
97453,14388.271047203836
82550,8803.02083598978
90775,11607.741265921217
88190,9884.816618080986
100712,16189.964979046697
77237,35310.76426278863
78997,23028.86143270972
105656,19829.758958508246
93368,23471.005170920558
93469,13245.123375352687
98426,8435.286556139969
96832,8994.30504851684
85322,14172.285730487316
97139,12234.066966849574
78678,18345.956486228926
97821,14589.264439770415
95410,13832.759866732678
107358,17513.41341242293
96750,5997.508923198479
102529,5282.1185125328475
76433,13970.894746658427
101626,9821.024875195219
77790,19653.600628341374
82932,12226.596944978714
89517,6424.652352258647
82905,14643.370627251497
88552,8328.074662181216
103006,14161.405373118492
88811,16723.436379911414
101734,9833.132030255167
99230,19081.15108404022
106537,20094.90408995283
107114,17676.064408449787
98513,18572.70564184396
92795,29834.902708090667
98563,13888.273699127165
78599,7247.2919444444415
78911,22215.53891119693
84652,13375.122103091308
91014,25731.053322288164
90901,16210.72907854183
82041,38146.89154792431
79218,29003.00057245771
107371,43925.68806743447
94767,20692.074301808185
91910,63995.996348003835
103462,7062.086374780367
77125,20696.3372410949
95567,46486.25545491356
95039,26735.666968253983
85065,12408.916997805836
78252,20259.599226757364
89580,15734.087601825559
96742,8773.25817711365
79876,42473.627166666665
94674,22554.57491827398
107822,12942.750385585185
92586,14841.932163656711
78107,21567.779821870394
91241,24792.58044892621
79077,10970.549722222226
86212,11505.740180977484
107527,16060.820808201364
88056,8415.824830625073
108480,14126.247358053022
77620,10091.5819438976
97188,21254.37939157047
94979,20838.401562175768
105541,16242.529820466365
105852,20067.090413570655
99182,18086.519886256036
91355,57177.157222222224
88516,10967.661250073666
76101,24853.192377392774
87097,7313.365910956487
96299,8083.1004934660905
100944,9230.056630824372
83995,5419.393672851214
100407,5688.615974326938
88255,9569.855933694758
93935,21414.87141948774
95442,26750.472714884887
93571,28538.692824564336
78642,59607.62565476191
94545,28229.74681822328
97746,7541.189432621131
96419,24862.35072313142
102851,12221.055680298012
102356,9191.569931983246
94962,26499.796148890196
89175,14659.495924717334
104139,10150.470653362905
103395,11259.50712219584
97017,7248.357057647815
101358,8921.178035823981
107417,10784.780027683311
97977,11912.255914724446
86765,16942.291544045915
95743,24834.832100427346
97804,17500.567905211115
87010,9706.345555555554
86791,10052.854937083093
97486,13594.151600720663
81124,18177.01047725696
105391,19784.641545679886
90275,8404.326981208467
104855,5927.584504091938
82804,15516.437975190083
94810,17523.85303676828
79517,45049.48196861472
101826,11054.727373467798
89848,17689.41108158684
90432,11739.503290310317
83070,11365.035733331271
78270,11818.329819512825
99275,14188.374365006974
92424,27611.877911915475
103334,12044.951938297656
79160,19746.10893868869
98830,29584.837540728506
87956,13916.96432980581
84523,18592.814612300357
78157,16945.54690401519
79460,20317.411692201047
81918,14159.97709805622
98433,19934.334254572546
104582,9934.273345528112
80046,45016.30785457517
82135,19804.47042580563
89685,15636.931514102733
100990,12738.27166419253
85624,15632.984304704558
88293,9695.162932358171
82215,11397.433158853693
91261,31246.76193125777
78018,11976.025357699378
78266,17754.583849420025
101074,7833.502075651203
97075,18871.764397459647
81806,15543.779550338462
80743,20691.31177572102
95234,22790.213436310103
100410,18456.341597025057
106840,23255.537434266313
89637,6054.944503404469
85382,7856.697047310534
83832,16943.33521161281
108331,7888.170922433503
82026,16446.73051950074
108448,10498.661579702837
90028,15554.008118172045
107663,26440.439673011693
107477,14728.284918263422
93709,12677.899634589943
91327,53608.66361111112
98548,3891.386499999999
79064,12431.948179329309
100670,7560.631883715965
96494,11422.906153212272
89974,4589.161891944508
96107,11055.316212989052
78151,21640.81879127226
79304,19096.88073920454
92842,48038.4365277778
87813,10468.64549267418
88762,18584.78204484349
90399,17201.280055561685
78756,28842.530353331884
94019,54715.52569197572
82073,15242.18805555555
91846,26770.188771432004
97414,29420.703664809393
92758,18830.502896860165
101342,12878.993501886653
105987,20988.351564387693
81349,12599.46429727811
103712,13491.522010238514
83627,13573.120048757291
95247,14050.560093189608
92833,16495.962636530036
104587,16038.814462328506
93265,19156.40821857589
90518,15283.616966138665
104256,20771.293543978176
80882,23104.202341269847
108148,12263.170293326453
81385,13781.341813971772
87860,9924.673683659048
107638,13262.10221119012
103947,16035.079742583182
91049,44790.54076789601
97916,6054.312708289472
95433,19520.963034140277
95871,33493.53992021722
85779,10153.649365663307
103360,4273.6936511792655
80203,25189.158032123807
88511,11199.559837621797
101672,11405.514905350534
82992,4215.219585908537
103889,10432.645923333403
103630,7881.972410229474
103366,14445.49823289829
97200,8065.9490350355545
104563,10259.809275402493
85824,8713.04960909152
91924,15002.736944444441
96499,14179.970830004377
99026,15658.072543201037
81965,27990.990601884685
91604,25084.280451674385
77552,26703.444245804043
93750,28204.62265784123
78941,32915.13319818374
102717,10135.95730461739
100534,11611.300929263281
99036,25671.24082100999
101961,6544.265568974384
76940,16387.852854003962
106310,17213.717898538922
81520,31123.083334648236
91800,9078.89861111111
95707,17899.929365572818
96395,10935.513364912526
90505,22271.896468436567
95284,20248.595131807506
98094,21642.710654089715
97884,10285.022117186883
98933,10650.334506606345
77664,38625.177362193346
93941,23958.531377351937
87812,18114.44942913471
81266,20382.847530353665
103825,11171.617285506796
99494,6846.56047980904
91256,12756.139020809982
91703,18667.531798145556
99971,5273.894214152135
76631,23184.838735587888
103612,2169.3148412698406
98611,4799.9016795565785
94591,26870.428596120295
80518,24162.285603255703
94000,30783.865621437933
85010,16522.41129865401
87369,7735.1475941221615
86714,9943.323399648307
79985,13587.943858851359
88051,3631.7864730507167
97065,8308.939117895707
91307,19285.531087929194
98365,9408.341412855118
76522,54482.498938832054
96638,18666.668804702826
79703,13247.82754060979
83107,10690.542966576606
79104,19345.64329807617
93563,31763.79634790294
82599,7579.4249028711
83486,13619.508809159108
92895,17134.507346745744
108343,28911.044749128414
101774,8603.169865661434
82612,17596.83556837148
86861,7326.297629349509
101902,17502.635426047058
82973,10873.835510088817
89872,6004.624476077627
105616,13214.249383275383
84876,14337.756561413864
105133,10865.547213117507
98877,21380.753245175634
98515,21639.14035179905
98327,10310.413499422404
106633,12557.474400948297
82505,17745.334149746424
105007,11374.827619861817
97269,9518.95557575111
78140,15266.633656762684
82318,18142.69033421232
92993,21529.89209136438
97743,12077.87378192226
87763,7831.408951026561
104942,14112.403838581726
92045,16996.089407814405
97767,29027.814174803185
108348,18880.70088295921
89665,23030.625659973797
96862,8478.487973943646
78597,13144.531722222226
107574,25215.140774377163
94460,18204.74828554438
86944,8923.504313144746
104505,34761.4129070253
94837,28056.04448760307
84576,8217.892273777814
82427,6697.231351119666
80054,25371.047647058826
103504,15479.59626851884
101400,14618.773432480897
95904,27157.985397571545
99877,9105.457572805033
87554,8114.154169367485
81180,18249.780791822308
101239,13906.455719170654
94258,37829.330871387865
82942,14016.585950607276
101204,6894.557816602101
98516,15585.015840931628
86925,9601.19611447975
104724,6999.5398542082485
84627,11542.666898138092
90133,13237.036526396068
100320,17055.931162860725
88358,15978.806780601042
94280,12008.645304901276
95334,20677.608901875898
95899,27898.819372265843
87270,17310.338335839944
80723,23727.5441590454
80469,11477.266835838802
80280,24327.194834878166
79493,10931.286138742053
92221,13285.123491682305
88547,10473.145431748844
97994,9495.077324803131
100047,11192.72643136909
96172,8156.337782531006
88933,12024.027950838992
107059,12745.994547777094
104280,20637.873040880517
94714,21912.021027442563
88671,24917.460569965853
102414,11964.975383518167
78051,42975.9211111111
89512,9842.368801406363
98524,9128.331957383234
88047,9371.1529143657
84441,9192.404607561813
78156,23280.869601275423
78648,15805.07243148056
78364,12123.93111217607
86764,13925.77444194686
78495,23958.309014204788
94609,15222.973843025873
83449,11282.51982722063
102392,11052.489670024552
102455,13267.60230857346
83713,16115.448192541742
97475,12118.567369847373
93371,16206.010965383804
94199,33468.62514431595
85023,10716.280833525343
95338,12780.715780993552
90965,41798.03027414253
77195,68837.53640740742
81875,9491.097750259552
104416,16713.330231687974
87203,14580.651253103018
91239,23189.644647574067
78127,14050.059153899243
98386,17378.63386932787
96497,11445.936725653071
83232,14147.90156342768
107692,32649.31955225612
100734,7986.075082941405
78271,36791.73027906053
100136,11077.049573151753
86004,21063.088649838264
77776,28968.11075579592
84950,8587.807610904529
84323,11088.957771027115
87033,18067.702196041835
94088,20195.707748107114
100594,15645.842899821193
103071,8409.664758896146
89791,9508.574500767236
97852,10762.57207644553
105601,10899.237478333736
82003,15238.033405353417
84872,16213.40932530933
82701,15093.533419177405
92469,26700.622056612207
92873,22361.598500930613
82114,29060.44402671689
101316,8455.81797582931
85697,11455.43329908445
100885,7960.793297948738
95305,19451.758391503976
93741,12865.112950142457
76178,22511.07918468626
84999,18779.537064778495
104143,22379.80653518467
105483,12321.828924311101
86136,10680.544464359531
99292,17926.083909433157
95024,23415.33165002997
107831,9055.864565403499
95035,34422.727812820725
86842,18739.47369945329
79511,50713.69054596331
99852,8658.304819591407
92478,21000.27338959426
93704,16928.20036757742
101664,11195.897711166968
76931,34900.8795945166
81674,22031.625391548638
102597,7858.9526440857
100630,6407.312137483463
76978,28341.488148574856
102490,10081.994741001952
100842,7586.180376787099
102990,3664.979916666666
105412,10570.50925287376
78744,23468.975180769048
76082,13440.490501732034
82773,12955.245048776387
107285,18286.755116915934
85211,14130.95837752001
101093,7076.5493950235905
96626,17404.5321601345
103089,6072.541710428202
98149,1687.8453217893216
89290,9111.308556154076
104295,9147.57127034296
106958,24448.55554632186
102661,10255.679341150606
84082,10228.552685729457
88521,24476.574679159075
78312,37290.55537037037
85481,8174.047810356823
88961,9837.035962119458
96432,29630.129829995527
77539,10507.127559873847
88374,16016.96623694475
102919,5755.451287876857
94335,14718.337236454006
85305,8210.941932809814
96360,12612.688119742143
85471,8724.664956174778
104566,7825.635398441244
102100,10610.032201227317
80170,12130.227332495395
103347,14618.734507677396
87487,39454.47324603173
84090,15030.881665132089
100034,17096.231366381242
86825,17343.618789159573
80018,48475.35205647614
102611,14756.11824656186
102665,9396.470239009723
92920,22505.220236820525
89381,7230.308408580797
105151,17551.60565914964
84039,16873.449806723816
102217,7831.55519782126
102388,12028.265641147475
98820,14404.413563388744
100665,11173.870290348907
90384,33863.67922295366
92859,10707.137421190328
106356,10389.783120437718
104723,14373.643652218152
93244,39218.605789479065
77449,21069.49938888889
107911,11542.274052116129
81721,29073.372807020383
85237,8296.542136536555
87601,18535.013807719748
98578,13139.708990522167
80704,30300.167498938306
89078,7764.620421246807
92042,10215.834571428573
100450,12271.799221974015
95304,8437.772962159355
76023,15847.963934867814
90609,12932.899755465643
95170,19168.847735949817
96870,9415.989547267172
107247,27135.915650700434
100484,9586.433637995204
77659,32035.296106266473
79832,30713.662819459456
91419,5280.409444444443
80371,18938.559242517997
83386,15737.801762701121
103919,10130.509295745771
95201,13454.557204844066
84155,17965.86592780779
90743,11008.164727884758
104381,21093.41734687039
89097,7124.6350821792175
102033,4986.168689393939
91725,24380.731502581904
92999,16805.88983065858
95835,18414.66561933258
102206,9269.913250985795
101763,9179.741800833663
81377,16165.040994920764
105683,13459.887620085248
91033,31779.149964679913
103314,9943.048868353759
105070,8593.838618381325
86950,8721.83067180232
79171,21915.848932347166
81227,18581.67092526029
80197,15667.950080852313
92037,25039.25447586555
84688,12511.999234481762
101952,7828.109352450453
88604,16950.264704462417
104058,21637.01784903098
106274,6972.174313741939
84985,11437.227252254199
99085,7245.342464125279
80801,18459.092006535113
80233,24496.95277558183
81000,45543.384985347984
89057,16167.758694962726
98382,9950.066681997207
106493,32614.98626905524
95057,20044.487863325525
84556,9389.427345297483
103037,15825.160035160448
92174,23037.030950826324
90920,11419.193336886603
93409,31703.570712380173
87113,24171.72112134157
104981,28123.5470477809
104556,15487.534619047627
92782,19563.091489685838
90546,7155.351681552714
105506,15083.545173135164
84787,11784.789609895844
100399,9483.37699443531
105911,9172.626373689654
101920,10176.062749949702
89224,12855.878834714558
106787,32378.96520757016
83083,4085.696363895496
102399,6863.939164083759
77196,2804.3622222222234
104889,7235.892389329816
79598,9972.344447170315
100540,7725.441387187275
107792,53371.34744564695
85758,13244.863060096566
79333,16836.250316177888
99351,13228.032588395681
86706,7627.74065263885
89547,16534.813372124907
88092,18140.303758153703
90348,13292.275097820373
96125,15859.826412201875
86921,16355.599941615823
76903,33572.623591481104
95539,10978.5031024531
89841,13896.016098157459
102771,12940.667080207135
87174,13249.219650479981
81975,50019.79162568529
95289,16651.853243053178
77318,25432.991375295915
76955,14533.044166666657
80996,49154.13734169425
87707,5482.053887406483
84519,6192.138087299274
96833,17879.47905647515
97584,7168.2773337834715
104697,11250.127311930712
85510,7969.0074433779455
79758,35202.11011878179
99502,6200.860779203414
80725,18884.577813530006
104108,10384.60954262283
107802,21400.38491624906
84871,14193.497142294598
85817,10410.41966349559
95473,10033.828525641025
85629,16963.62310245606
99641,7183.498604444927
82356,13494.981686060637
96335,23232.075700256177
103623,10737.935337873183
84233,9270.332114032262
93708,14081.697005814267
97947,10571.830299499321
84368,18354.730212568225
92108,10732.767084147332
86099,15359.799685324357
95173,24355.07257568889
78389,26135.458645695086
106219,14083.191564321754
88823,15868.347801886675
95608,25034.268886909387
95876,31854.03945551175
86433,13432.597101396812
95515,20762.54183591799
97503,14976.723439566667
89163,16195.39427171934
106479,19818.23313932581
83722,18085.14360708477
80644,24221.17049435843
86002,19978.047418251772
86783,10713.988542099483
91928,30348.85432981849
102142,12069.676425286594
106024,25738.080843528096
76022,15801.448714285712
95221,12949.213567733637
105051,23748.907492998547
99939,11884.436127065786
103202,7152.633301383648
104770,30005.809026443858
88396,8091.796095465987
93666,29485.460654423117
100763,9253.972054125063
96842,12392.205979836916
78807,30121.09288766473
85559,10960.458453725987
84384,18443.286386114294
95619,26780.415403390754
104008,20084.972457108117
98379,6715.515609328107
90476,10636.154133776443
88845,10001.860020160346
80296,9488.881346258748
88294,13088.250296984348
86733,10656.59155775601
101515,8381.70693884574
107440,9703.267112641961
81834,29295.466871188797
94764,29728.961147719714
94968,20131.478937338023
88218,18298.585630663256
87863,10853.599642752535
104019,11803.98029590385
103369,9287.036939574904
106979,6442.270483317936
89717,7054.275703940584
94504,4369.942182539684
85722,11052.44832313838
85311,10886.235371617351
103162,8718.422488667904
79834,32660.67434124726
102283,8551.013394755611
102686,10563.380554334075
85834,11480.15809159172
83633,10653.405050810823
101178,6589.61997337918
102859,17598.005321715
97691,18811.107104639228
99575,10276.137974470861
81921,12166.497968004145
88114,12732.280764560704
100101,6506.209073515172
101736,14130.80491796415
92763,16851.7972239152
93514,28818.034253723665
86322,13637.31374712535
84924,17118.750568138912
85898,8279.23985131105
93419,28885.42899549864
88784,11035.496964664442
95012,50248.86271122007
81858,20081.32408125183
101610,11377.736328837149
99190,9842.449892144465
87530,9379.867832273747
86979,14919.94946946528
77670,2837.421388888889
81123,12505.78598841423
81724,10840.596358445697
77870,11339.000657399516
84193,16136.316572333875
105928,17403.19783107374
97607,17977.1322922854
96063,27759.71197987909
77962,14186.025614242548
81560,29999.00873074005
100204,9526.84415777812
89185,15489.856566347378
91744,14450.538232191928
91470,26141.16426870751
78412,11051.602532548994
96222,16571.881701443395
95148,26732.226031158647
106039,14063.158756945946
79352,11435.241175133124
96602,6748.424222598416
102798,9330.609622239128
107301,24888.88312685119
96147,15310.60928184938
87382,16424.132119115602
79907,22702.318783261766
102924,8392.1356594584
78012,23928.472615079365
78333,18339.668671737214
105989,20242.00488788099
90607,15247.94144050126
86110,12082.489926404449
81540,22219.589246460368
77937,20572.6817787068
84630,18569.23043331149
80988,39741.27562962962
92519,27223.1872208417
95795,13301.420570088414
86837,5641.563505620882
82642,17526.53531953943
86017,11956.385875629567
84772,16095.442469943491
103962,11043.141205202415
106264,10032.189117816324
84934,20901.88726402815
91598,29607.01357719406
104102,10079.172587892703
81261,5063.487826368712
78425,20912.966283010912
96508,9962.776718432557
98668,18840.859069138925
93948,34869.3715438916
82909,15026.408063176414
91514,21121.39639096186
100969,6635.9184164466615
102102,6494.857623634219
103465,9466.454575131957
95072,19128.863935928905
87535,29590.560754551156
107564,6935.410543290718
103297,6177.56084663891
106528,9723.821875831876
83748,10057.815423838636
98195,6627.040977245064
102113,16512.458087413514
94277,12675.002431285968
93160,20114.621046296303
92063,27310.631399288206
81037,12080.686911237723
92602,53965.217914826295
93096,18786.88933854784
97243,10789.140722232612
78019,15830.178066591188
107604,9873.690072346484
101438,17021.840773557546
86439,9042.213909785305
82300,19384.277851959076
105142,11011.847101705956
84429,6144.483109470275
98958,7602.569722385062
92197,22672.343917162656
82096,30204.69853474489
81536,24807.012527579536
101623,15231.38454735322
85596,10271.194293576158
90600,11847.671878326739
80089,49794.08620976694
87224,10797.331756636571
87685,18820.375756252914
90958,29393.85888925011
81004,19385.09525050478
91667,19460.24955682469
77877,22754.644002557234
90956,17966.309038169034
87744,15539.908692876026
96817,11230.4507378703
97163,10967.848310141026
102517,12225.836388238009
83356,6511.131401025248
89415,9746.09040164132
100153,8700.19570812994
96024,17439.62512646977
92043,32488.494988025832
100495,7804.139070253393
79653,20798.48358672098
88149,16324.372987401272
98022,21185.307311492496
84983,18992.80801323501
98394,18646.683205086934
78062,16178.782665845361
83656,16039.372028188702
93963,55139.21061817643
81988,30801.768627775018
95992,27089.138219399032
82620,10780.143690437115
82149,14670.348108243536
106199,9596.113361037163
107884,25437.5565198973
106607,19486.175766971905
84212,2788.033467463346
88234,15960.330131020095
96712,14008.541000702848
101058,16378.233519599122
81149,29169.787340296512
92670,21559.669692178584
101383,10912.10490349056
82563,13354.624258801061
100600,15843.197216599148
90826,10921.496085194305
102364,8855.66872428262
80759,28333.00761038591
79628,15976.575445077066
86113,17963.252521465434
96607,8543.452057499519
96462,18104.877630315503
88668,15357.577866430214
85575,18165.94916997573
97718,10436.441742243762
107322,26952.463138620275
79948,53383.85054347918
84361,19244.47529870933
77092,20897.845649679388
82359,20711.62731677019
87495,16897.68984947669
102966,13408.14024227828
104309,13097.4632001101
106312,23334.51354735954
85152,11592.752465267073
80835,11415.97608045106
99488,9887.54946815532
101023,9984.470729360544
82295,22697.37442185433
94330,22880.826115124044
96446,20639.883728740435
99608,12460.765852827964
108305,17084.16846915479
106512,19979.891279824893
104003,9422.688832940454
103550,12236.302719597912
86253,6956.997081124542
88355,8676.146439450331
101629,10750.491634291639
101460,5290.330882832426
87820,10638.856492960822
83140,11412.594375785167
89804,11777.765529641749
101738,13428.52307919818
101121,16154.265397830488
81810,45584.16701082252
102106,6768.5187625531435
80437,9080.481640357333
101463,11889.66420787187
97919,8067.268940558572
107407,21126.06860228619
76258,25774.499252463265
100626,20084.1733108171
92755,20107.47638087815
102655,8068.017325967474
89223,16376.043958273993
95180,39670.99027777777
96372,8471.410399211047
84089,11149.924213139144
82203,33398.64041564261
98785,7489.269875377573
95930,19989.318700056927
92151,18592.752901515152
105149,13941.526573834586
104517,8042.057486648328
85727,12770.154910367437
104769,12135.393087955335
106796,22188.79688053148
79021,17378.42341973304
86121,9833.12840173033
103139,8252.033849996888
87918,9197.233907348877
80634,46394.09507053428
103033,6909.773499223113
80019,15304.098351644638
108035,20746.78008633035
77891,8379.07185328862
95749,24264.210034165422
86617,8037.411477671049
77709,10910.118658019119
77952,14266.779692414595
97083,12730.620238401862
78040,15975.360610115044
96041,29681.571130647146
101843,7770.255194644858
103016,9948.895526285676
86049,11878.410442438277
98228,7820.540148366019
90554,7190.41532698575
103311,5257.936457648336
80418,19144.683069262494
81866,47745.2396511437
101259,10140.145199099952
92909,25749.375611960237
79034,34783.09543030304
77129,12363.510780925777
99018,12706.650561007273
107391,12167.295079102607
108170,16226.76743428254
80664,29007.80466312676
94438,45222.534491453
100436,10685.961200689577
107031,12876.066462984505
103954,10065.128929390661
78892,12483.423057500786
88505,15647.087987396766
103329,11251.039212853155
88345,13763.991137600731
105950,9631.880343707018
98331,7718.683529904686
77666,20890.604583541244
95383,18437.038787524616
108535,13009.450681726072
78705,11490.896776356254
79597,11634.458269487337
97585,25873.772722694845
93832,25786.81519841271
97348,9470.816200254934
87291,17167.26945059765
96291,16100.70042162913
84851,11691.318774478783
105338,21286.293322575206
84514,9246.80912452889
105830,22922.029103192082
78819,12230.754520815144
79728,58387.99137301588
105993,23622.132794483838
104822,25182.14540866773
101141,10844.04654937306
82728,8068.617726808833
83273,6170.779574328722
107233,14102.494001773832
81943,38458.13507407406
105637,21672.981346098368
81203,12916.182292463825
95127,29442.592176465158
79994,32098.66549966498
96025,23147.015419228937
97390,30393.038117322973
107522,17788.93878733216
99674,4265.7734502442
83001,19910.571353514737
94573,19920.538068531867
91983,33556.31006970039
89935,15996.381147639559
83115,8409.36144050442
108439,18119.234682288195
82297,16420.09558636269
96542,12087.261156974044
78269,52682.49745251948
104124,10858.637669966165
90435,13106.90081960048
97520,19507.727201992962
85468,6052.355015647029
83566,10196.120592650423
106890,29724.936544051106
98124,7128.114213396713
85866,10949.929749098705
104379,25262.78733181223
99616,8927.870594182343
77346,27969.516016407684
83668,8072.020584498467
94488,25147.064131339834
87494,8869.936459225077
84099,12428.32132844851
78345,13117.235523505387
95626,17166.414567346445
91044,22863.019394184863
91343,20039.449644103133
99823,8704.65551207056
97197,16282.40102553489
76399,24637.744386386614
95484,42123.471230158735
89728,21017.76649435742
93866,13460.493119108009
94053,30053.448534976455
103190,11565.673075762379
76312,18011.502373731448
79453,29203.959294541328
99956,13300.468762506003
96811,32778.70969179063
100537,13576.026520524701
98142,2981.4157478632487
106900,17251.21038633224
89474,7117.060567375976
76696,12107.365200801363
87479,12964.428138987809
84806,10546.564532499906
85385,28655.792778934887
93372,45217.940289385595
92860,22677.929641713054
105267,26230.862620624936
86951,9075.905975390844
79622,8926.935023832732
95103,19975.229966674433
87138,10760.2762324519
91912,16877.92454329116
78932,17959.876385307904
106494,12650.659297972901
91645,27566.80980929856
76102,18592.31580864585
79636,25175.906970238513
99416,12195.375363107469
95715,27850.306735350416
81323,28082.90699000929
96273,9812.606088325927
95585,21881.947767127698
91885,21899.837935943207
80762,26614.653939002674
79167,9937.465791939
87173,11166.65744319893
92719,23497.42499204852
87482,7246.389888331395
95215,24882.58871326426
104054,30082.688169117966
103066,10373.199131256437
102449,10186.966628282013
93985,27872.58263139074
99869,17073.629388967754
88347,13016.136219100237
77208,12502.34881944445
79376,15555.608518644614
98451,8848.212002812388
88983,17209.64930377707
106464,10515.084180070124
89146,16777.738101127503
105833,12515.682930001303
79242,22305.991068250856
107738,10631.475668543944
77626,14647.664652104548
77415,15945.851443385829
82458,10008.57424912643
80995,28749.60171353996
98434,12783.602840613272
106938,22342.99337912086
102349,10843.66212836379
85791,14866.496070178539
103622,10130.057008710553
108149,9615.491967249474
86450,19734.864039036373
107252,14007.746127864582
76034,9637.078758161726
82259,32182.312907970798
76581,31366.249231021076
95499,28835.60986196015
76648,51934.62273336387
75992,22258.139179457434
81407,19127.83330109363
105954,16629.977615851305
97001,9180.520545411624
96179,9448.97484057341
77616,16211.791719436522
108142,20135.078481810106
89107,8461.205761354875
108236,24794.096339968095
92520,17469.927418564508
93186,13359.482797802137
96171,12909.358884092622
78460,11918.446110129493
85417,14254.656064917812
100064,10951.904493174352
92393,16917.103319904505
83360,17093.93803184061
103935,11202.525745928253
106977,13257.630848087187
107965,14310.520127458534
91921,20821.701094331296
105002,12324.685119992455
93968,25812.22189293553
83088,6634.706902395372
92707,24151.41617461158
89001,18177.158368057666
95856,21625.787154261572
88962,23283.874103516246
99828,12844.105189515145
87980,10928.543062253562
103861,14671.99231890385
90588,11839.089255024113
91508,31764.736512791093
86131,8187.1488645373265
97249,7575.207110026695
88232,16803.281480101585
78451,28903.080299153826
79773,20343.050859294694
82873,7701.325952220061
104116,21099.26100296778
83673,21225.930412963506
77622,34979.66268650792
94936,19440.651023784943
93795,18767.689006558256
96084,7562.3638354245995
105406,13268.764140409485
102280,10948.691910380543
83867,16703.335243492165
83621,17113.426830803975
98536,7822.073724384049
101889,10921.91950536221
84479,12292.442427575128
77956,17113.245149668084
99484,4727.932549046799
82140,11121.908126278924
79005,34516.70059749088
77513,26676.82784595662
92211,23745.265162638796
85245,10590.702169634838
92239,20766.81848858761
97205,5528.946988364028
84822,9918.15327216981
104413,11190.409698286428
98704,22144.459491596892
76724,18023.807211079496
101457,10849.945923304826
85487,17969.455788589945
107392,8420.95878385872
90712,13626.803917811387
105823,7149.328957814374
100345,12938.822140014408
104219,13341.244149187292
90297,7102.736226001115
77122,33038.26151588705
104805,23057.616265399498
94490,31991.727795926123
99948,7885.602627518826
103562,16257.363440113542
93378,14823.606748975448
92288,12727.71897571707
78059,9310.283224416788
96096,15328.829594927138
95732,11180.235608581255
87817,6421.4550576654165
101084,9324.238925789456
90506,8271.494019960539
95676,15506.972912172465
90249,14337.574673046489
95932,34464.00808201057
103254,11033.57958174104
99286,7592.859613385989
84918,12277.85892157463
97397,10368.704350351858
88837,12877.847030929792
99212,23556.44506152053
86421,13535.993332732914
78337,33243.816525012015
76020,30832.78611111111
88038,10357.352533135077
91409,15986.912721980201
95205,10115.179009157513
108031,7964.91796296296
105386,9971.860210111825
100613,16318.569531231817
95685,21450.6961758961
78731,11965.949473446637
87310,17774.21023724232
101113,10561.261657453952
89077,10220.16389088366
96672,24344.09040388544
86775,4667.429669637608
79262,28007.16913695317
104469,14098.423884883123
98351,9468.029266655516
80728,19779.218421302125
97386,17065.72846888395
97417,20333.89492380378
93911,24488.659891491676
99842,6693.278619590703
97191,15716.785011577007
103152,6566.849933277849
100093,13204.131086419755
104319,15111.351417048738
78419,24610.069117188374
106929,9489.83102969623
107427,11208.69771876448
93578,21416.10522020757
103404,8360.172068673142
77844,23565.672810563206
98068,14304.57415929662
95709,45877.9042667183
87946,16202.919168431572
76391,46614.00475998967
87096,12051.515883878232
77186,25061.669109980205
90698,11590.721445649353
93367,24832.946224867726
83133,11247.383247724681
97840,12828.019902610062
87605,14407.957446927463
78472,21761.45598620362
100925,5161.7570719370315
99596,19029.44445104289
86081,8356.000460441363
105725,10977.979984336926
94362,18111.078517728605
88579,10492.23025305867
86705,12272.767213319137
80813,15126.995022991461
78885,9550.994830026453
95548,9491.65895546523
82342,22050.29307334026
77011,17643.459145352783
83904,10850.332387679993
105485,10630.458532346192
107922,14430.339336953499
90200,7060.6886922294525
104534,10362.214041472782
88664,13348.721893750797
100499,7250.051475940128
101035,14078.211958880238
90482,14768.403037627926
108068,8596.442537804507
81709,36482.9597257032
97618,8556.115597788334
101931,10043.378160714237
100284,7457.603705636996
101027,15661.519180685138
96674,10312.12267389199
84856,15961.20653775258
105326,29849.648763065958
102491,11174.467140624492
97616,14346.577623918398
100667,15772.65366070042
108197,10985.04979655188
94844,28949.488594071147
104934,15686.692157129994
94116,28590.292764738115
76214,21638.328854773794
90916,20696.85929408789
106013,12591.82551351748
103429,15371.006305444247
93335,16791.362788148333
99260,18168.71417031699
97043,14183.602860767578
77925,70603.03216137564
86716,15959.035124069062
82230,11855.586658994653
77567,45491.14832010584
108496,33976.38609532059
104871,21403.992866404176
77957,11324.407477903324
96401,13804.545397866626
88284,11232.527303722512
86845,7431.92713276119
101349,4812.988699778575
77015,14368.189698097889
94471,19907.61757687215
108380,19819.922412261258
92533,31271.970132847073
77756,12920.352281840494
76035,22237.25488455006
75973,10175.195284489691
94675,10524.004875539784
79435,18753.888664427188
106542,23184.857348969934
96546,12105.563673206678
95946,20641.161022563872
93188,22762.79193640041
78117,18326.37598238061
102180,7121.46426068909
81825,16798.80575304413
90050,7944.481454747773
79638,19529.368098360075
87579,12365.62664384261
108103,17785.812294545565
76578,20632.160380203135
79112,16066.94472892841
95959,22722.203535535828
78244,17505.25591666666
77851,32075.113269943016
87052,17653.203286465785
88538,18327.89788976154
79011,24185.72335031787
96381,20160.374585011174
105358,13984.954708583504
92876,18480.599441182036
87699,6265.036581413524
90203,15907.416442970065
77001,16917.509318765115
97974,7713.153684391025
89985,8432.515630734766
97810,10291.271695076335
107459,9588.729856806143
104861,18142.36723610176
82516,9896.008722539664
83497,10817.500517741602
80194,57380.87861764708
85730,9933.662806067565
77914,28390.711381828587
88779,16226.012384247404
88366,10109.669767453775
104300,13512.478879377622
84300,12367.114694003465
79422,10461.436751791687
94910,27350.857521579434
108386,25571.118508419382
92708,2801.306944444443
90802,19564.696870889336
104397,21597.685372419684
98039,13746.074926984948
107887,24055.402542523538
105290,10308.258647079829
102575,19937.023769129406
105040,8647.117831048243
98430,10385.048114811007
80499,22500.19824632465
101694,12739.290783963314
76386,28244.654672633988
98181,12196.442200953577
85340,16632.979527049985
90766,17065.52082610238
93472,16409.697083940675
79927,25146.238595238116
80854,20581.7560385834
100180,10306.298656367517
84437,4846.82514884894
83358,6711.0022528632135
93108,24739.771565072333
104330,13017.050905270646
103518,8107.6605055814325
89006,15846.234320034431
101611,5705.1425
92226,21464.23584315388
84798,9188.236378357116
92840,10079.147736605988
106054,12612.734603178269
78261,36177.99737822889
76071,15158.01456187098
92246,23068.046516419723
92296,15814.374455333174
89469,11392.024949370525
98079,14256.471834683785
81294,10961.554793626856
96301,5082.122274523577
83888,11297.932933121781
87403,8343.055224376267
92192,29679.75910616984
107592,17446.419391139923
77496,15920.296531746031
97447,29285.338342216684
103131,11723.703178731505
104590,23056.697972722086
97597,9400.47779395166
82167,25498.781540889897
91027,26327.01587371053
78607,34658.704037859214
99587,11578.29174939977
93937,26155.23388888889
100307,11791.767507536284
107613,14876.222009297984
99773,14014.36399300267
90044,9596.15753358103
85578,19007.303634114953
77103,13825.03079229191
91386,23268.32338488737
98955,15744.049012625912
95927,23449.50232602497
103188,5905.684526020436
77389,79008.04861111111
81822,10976.372805805371
90768,30176.89908647172
77594,13574.785728307019
107085,15809.881940607158
87692,11578.13069872723
77813,8802.847334942408
81414,14103.051074057168
102900,8795.1430715487
83150,17438.296280165374
92414,29470.303542347483
105321,11094.96196874807
92658,24399.869666666662
87160,8927.491385036905
107827,14447.125996745024
105790,18026.815900606794
87463,20394.283960561268
91532,47625.33579812912
77459,23738.73968378072
81593,12931.144571601419
103719,11137.23220563598
102291,8379.826192499906
77211,23295.71498612522
92956,19482.364574251118
86578,15338.12972119734
85882,12916.804950890308
82082,17506.341504902077
91811,25637.843721509715
82036,29012.016804889117
76773,17618.59331143269
99406,9902.067154369344
102289,9809.150795973752
94402,20590.909672171743
98621,8516.6951316756
96476,12716.440409484756
93410,13786.892296119431
84989,16351.456852873887
85123,16265.012022142071
88492,19082.806962278184
95128,25130.688397795722
93047,15087.710929187071
84587,14064.614228253438
94856,25910.24455211888
92247,22395.460320953738
101052,14259.880894318552
82940,5184.134832949025
97756,11081.51402102367
98444,14553.463468876844
77869,9734.121747469528
96694,17822.208768079174
107101,12374.587879031596
88276,10809.527507305225
84648,13457.441949255957
88011,12340.875568431533
97951,16522.3889091402
77288,22692.002111111116
104937,7408.311257514887
81621,9263.301969728165
82049,33608.301255901504
98553,10137.24827824057
105056,31065.46538549854
80914,40996.32366666666
82440,17146.359773525142
94927,24252.9311469429
84303,11467.591524973192
85533,11665.663129713177
97576,11492.629218624013
82216,19449.676685427297
84279,18285.86784863543
80976,14239.695741758242
106097,21952.03054780982
83074,13147.705207355746
87581,12743.50543382327
97210,21982.65254793131
90785,11381.966043466164
99434,14764.04145286655
89600,17683.314234317673
103809,12590.06399481888
92260,11553.082499999999
89667,11090.532589175415
99310,6121.133632582825
90375,22053.648914475394
89468,11956.702369906416
94940,23118.18028437942
97747,6941.533821760843
97570,8690.93778702126
105994,24113.344474370217
93145,14528.881545608609
94100,17769.06150197661
103226,12874.152437905648
100167,14338.326680134594
98138,10662.993072341002
101043,11269.160744545365
82078,19347.69774926171
104748,10875.182845048654
103881,15201.33292706827
86774,20215.4580666127
89857,8215.589892959428
97150,14080.032422264823
107683,19840.746655394523
83708,20275.203696986955
78775,12219.92829738917
104200,25030.316795401286
107581,12164.816386168519
99756,6374.682004752101
90210,15411.710722217638
78027,32293.501602987366
97012,13602.601725599152
104010,9669.314276068071
100639,11144.932770224386
93792,13176.400758055366
85574,17978.394501122926
105066,10338.854227098449
97307,11561.171272193702
77243,50537.87229166667
100661,10085.622605265538
80825,20259.51622546772
85856,12840.032379518607
85793,12950.63406117533
107091,19908.311960355393
85836,25076.636638861204
83887,10842.533636847495
84721,15272.120012418076
77636,6808.9725726310735
76905,45411.61246031744
104895,12913.201070768419
86377,15315.968162904242
83076,16782.09693961614
90124,4342.3470170636865
105661,10395.079870119642
91631,7096.462499999994
79760,53109.56705882688
100714,7566.750072523481
99231,18349.60130497128
82805,16836.813150769132
80714,31259.504688137094
93820,23888.753911032607
85373,9328.2690448861
95562,29176.169859829533
91723,27733.26047536609
91501,25761.116629939916
91222,12643.630662841237
97984,28279.079330716388
95047,46314.464563610185
101181,5814.238092104049
88389,9480.521035946043
86999,28806.93192294281
85255,19064.449773860462
79093,15209.678428340405
82409,16399.078340094216
103128,11142.19551943114
107027,12753.150085074582
108081,14715.722364448662
85698,21673.192974925794
84249,21273.928963440325
101719,7177.238131289164
88643,6966.0026963596665
80972,16855.20728550971
106047,17532.148727155847
86779,3973.226499999999
78587,31519.226656257113
90179,12409.32922095895
90972,10329.552634849873
78609,23818.68397508851
98324,8131.110667047203
76446,49897.05079634958
86829,12763.101785398172
87796,10979.172055989753
83650,15994.912944666992
81411,11032.973277777779
81963,29182.609393375238
96782,20567.919883844508
89718,8768.281868767157
95518,23133.647791597057
107293,8536.560242906598
99739,8869.026614133098
103956,12309.509121783294
85946,16639.105287989103
88532,18456.436796453352
85713,8132.313878559731
78184,19503.061352156827
100234,6648.677068747761
107715,10106.605948099614
106150,16881.266219788657
77266,12798.124696907562
91067,20751.77102064109
80869,28631.89009126985
81462,11190.614970935134
83382,8762.961990783688
92915,18475.91758342067
81139,16333.170427710513
96523,12991.064977471044
107090,30628.36262315475
108117,19454.659513842867
91742,3915.054772727273
98340,12653.251772257532
88371,16381.67507221781
101031,5355.867919467784
108430,31594.06868638993
77740,28306.722599612058
87861,11487.781979438565
84746,10429.553554096517
81252,26565.846774397734
81933,15171.43330806455
92153,20450.942156275443
95485,17034.75307801712
97686,14114.781975777056
107452,14831.469846900356
95477,25132.041846631488
95752,32692.07175376976
99499,6381.768208756011
81223,16606.653316590906
83589,28493.18023406202
81497,29455.203022547626
95884,21589.836799486467
87806,11273.1062633224
92330,19666.804449077787
84558,12973.55198421623
82990,9788.661873103505
90851,6536.315558541551
96997,30444.170852264495
90278,14034.132242319645
82417,10781.397317702858
100247,7747.581037883405
82239,28495.016587200065
76975,22385.19336243387
102948,9534.97469452299
96929,11952.53018841179
107088,13929.336631340193
94670,12903.311320529992
89862,4505.4329025410925
94506,16481.299786656662
97696,8906.953144554633
82696,23059.149241642666
103767,12956.833094079468
105307,12840.079163596845
106510,28523.320011938995
88316,15908.548969294476
94321,20061.82791241813
96595,19809.126161308082
83223,8299.684750069002
85551,13269.579979550397
96007,12283.077237656285
90296,10202.556202408072
97407,12990.148408095773
93071,16089.809728358854
97275,7893.123917274959
86827,5996.800318005796
99759,6517.754011611601
106689,20457.71846336168
103062,7186.869289806629
99657,12815.14192581081
93428,28826.20732182187
88504,18033.86373626135
87359,10813.325530720778
81906,16076.744574266415
107446,9870.863244357355
78926,46717.18470418471
97871,8297.156597362758
94202,13729.796548242633
101216,12634.494701169755
89614,13948.82588147586
82929,4969.173412242732
78710,14071.032853076546
104966,20562.825137932225
88410,13648.973678233602
94382,19658.177424751022
106319,46578.84298706043
91212,18722.923509594475
103584,10410.241921350065
107593,9633.355706146676
100069,15050.32128567162
97293,10988.283978599964
97085,5799.546624126287
78830,16215.943086480282
80409,13919.71308124451
81079,29610.62235657666
90437,7865.370963648774
104169,30791.77703346083
83432,14697.02790393853
86630,15978.635176880056
100678,6187.870985340803
92564,24036.006978701065
86007,10559.07955743702
84102,8178.673826455797
85324,24225.970243877833
92796,12582.591537534723
78277,27260.9958002736
91813,13547.21739743589
107896,23181.631105318946
80598,23943.48739853442
93630,22435.180440003314
98016,13359.16884945807
79518,49989.50449020604
104016,9878.958305618686
90069,18969.58336512396
108485,8628.678529015197
105556,29810.293946355494
107276,21863.542801597472
86409,16629.21203861159
98131,12246.136235018197
95165,16000.156229625738
92954,18820.493950860022
108363,7838.023961111789
107775,16712.881100379316
98806,6555.5198491805195
82105,17709.340608512775
95777,13495.806329948928
78794,20436.329710170776
77994,34700.77937149754
90061,7387.209567820519
98353,14561.932268137876
86777,12415.64989017324
107107,9112.543035437104
99207,9755.950296206893
92441,23765.029252654353
81253,18701.928781542167
82071,23596.504768489267
86304,9625.58798733523
78529,7503.331070947246
100606,8541.072037354646
108524,22651.93790296746
87772,18583.856926725974
83062,16243.356144972207
106197,17620.87095288936
105773,26088.31390032715
79317,24686.914606725717
103930,7320.861022256697
77486,36207.02373015871
76154,27970.478621693124
89324,5312.451824409176
98354,13008.27667175042
108349,6729.067155448125
108146,9209.279398568804
77826,23597.299527777777
91078,16099.551966679608
78136,24899.166813626332
107463,25962.73033808092
100749,16141.811300108193
77223,54097.73894652409
92513,20111.537286556842
99409,8722.690422587684
94380,28063.90243861097
84791,9820.346980534341
86042,16116.855800510748
79939,33370.53978283386
83953,19084.84140883275
103754,11785.60708583291
86091,14566.005498801691
83114,10094.17576072676
80956,13833.480555687893
96276,8139.552203839605
89799,17826.199378947265
87919,8136.891411457334
84054,19402.63771597987
102856,8436.766672878415
105645,10294.175782772892
81207,21346.931768580496
79629,22337.7380512196
97211,18502.930206082077
86631,5668.9980022538775
93438,31504.697255339543
96983,20036.211891094506
93914,24880.770814966738
98470,11153.84526065474
76650,11763.307389428612
96428,33707.94239096041
84958,16857.40398642628
81064,13101.907389810187
82469,12348.184576182939
102139,11507.531553856714
97800,9853.758844826305
98474,6440.045674369071
107944,10624.883680287066
97401,7313.639286544309
108476,8796.42653303641
103189,8066.608440065747
82987,10631.209363794456
80903,25053.117152435847
90854,10180.728290085026
95644,38654.31255212398
98728,10932.18087713675
94370,18120.569774114774
84537,13534.725664190168
89358,11209.608417340993
76221,10369.340573328562
84935,16357.76672000072
107676,12051.566464580716
103154,10035.104883741857
82600,16827.275609983302
104290,18240.595803887616
79972,20415.826202398865
89202,20909.26964214758
97253,9018.313294500296
97358,8220.174162339914
106932,11165.320519757168
101140,6865.069026651767
100650,8715.645982464013
99817,20369.609039343937
80953,19155.310934532645
93851,17505.308018519198
89574,4640.043809972464
91092,13183.880215551408
78214,22869.68438413377
80283,17570.393509013993
93158,18176.152298094185
78562,52041.05687830687
108498,13619.896373788588
100223,5887.408333333334
76976,9564.52600356391
81119,22379.24815279456
97369,24796.793268481608
95721,23033.51974878091
82271,17784.826862627488
102837,10277.477919976838
94761,20533.776172627528
89200,11065.565243361847
102690,9336.477297693724
101274,11511.531554483863
107682,22887.138394664056
108276,13305.543882143858
99011,13243.81492452972
94484,16687.965085399803
106033,21158.931332093634
89123,11430.309192795561
88740,9075.406411138589
90951,26027.97752035736
103812,5760.52908514506
100056,10381.240214478328
100691,12580.937125892364
88394,16208.617811108921
97620,8017.152622721551
107955,7984.145894890114
98144,17699.835953205355
106325,24216.487098218888
92867,49139.08449664699
85204,8052.740119468843
87062,19302.9762947112
81539,19329.400370885753
92009,36811.45073203195
108224,13381.417487430765
101686,11656.115188386657
98557,9550.19641199287
101594,11972.749711083952
100647,2260.4736123930934
102401,9740.83681147112
86093,11051.145581018005
85837,13660.99063438116
86260,15569.5150918233
79830,35500.101594454696
100041,10577.024627830264
92230,20996.134780476586
94661,19897.009401349416
79450,18591.345432037328
101374,7215.754575593764
76983,34895.32393444679
99673,18753.41780050896
81336,17599.134390008137
100376,10943.18387243806
92756,24498.653479074183
87725,16239.688999827038
84541,20449.69950642172
82284,40192.5648888889
89479,6982.848014522809
93259,100022.4904685592
105648,8042.800046506902
99099,10005.908734270732
104543,21555.157442529642
108474,25330.56645540566
76907,20163.391456534424
93652,29912.73368368176
100967,6241.727192173268
94331,15811.868482700052
106381,8824.298205631221
83170,10796.653421484127
102953,9776.46507420183
103590,10551.520059451293
77316,19623.030466517637
84682,19688.64718423828
84524,13053.68908429819
76747,18097.606481011666
99049,9588.247412337767
105881,19026.399930401305
90833,7022.2870943758035
108079,13449.053756565369
107295,13475.13874502352
77121,16158.204100610319
78927,38007.00787721026
103048,9566.033472328323
86216,15159.816071110878
88448,17144.188770626428
86219,14304.756091711475
87181,8478.603173885298
98755,8903.043900835819
76443,12956.108883602858
101149,7655.914963840298
104315,22223.27083361389
108345,10450.16604245102
100156,8208.522869189912
107263,14830.336549196854
83935,5137.517688954717
90584,7804.555127231406
105733,10756.54961312393
88332,12550.434770610804
81979,21725.852381398403
91864,47614.9695830204
106847,9647.148481361233
95136,16873.371120525524
96991,8584.474232151844
105905,10852.03939894093
102080,7513.382792965782
98072,8900.077667123085
103711,9305.927131084345
92213,15649.403233963369
106898,9805.631395745599
85333,16811.563872977786
84559,10564.788844873996
95428,30581.1010180969
101003,14957.50231967167
87773,4531.108766920337
100739,10789.441228012925
99885,12282.13819391405
106647,10909.16878296047
98019,9998.322664700247
92212,30280.61765855467
100786,12342.139863401391
85518,17341.990666280213
89849,9608.012410241745
76149,14917.155297720805
97490,8564.292565317623
87476,9274.846030903389
83248,19613.747337359935
99352,9290.107765677349
90736,8955.084116903376
77596,18601.503889328553
77209,3039.200621735561
82308,12876.723306130983
78207,17823.70240037426
104041,11713.06095647667
81125,17194.030487301585
81691,35283.802486720146
94459,9801.418994151574
79977,14932.590960317459
96530,18410.579666899295
78367,24732.826221440333
108100,34954.90059247644
104510,9607.486921853577
81891,13597.769444444446
97087,14881.451614773108
88161,9769.005470224523
101097,9893.924019234673
81742,21674.083937901174
78409,8282.62662698413
107496,18175.727670951484
99326,7349.420402961238
78535,9792.83343921423
106164,20238.00395661568
79719,28728.617248342955
90418,8879.98931528582
85844,12446.148660128305
86639,9993.095257758961
83745,7555.069099020259
77300,55589.63140476192
87702,11119.429223209763
82586,10364.449573447979
83769,10376.785321099162
81708,31726.85801156946
90224,12125.978732959886
100063,7851.771303815468
79249,13149.629256934377
78719,31905.444914869826
97287,9135.185060872922
84267,19598.03321393867
84056,8917.786112165528
101164,11450.41935197561
85826,17739.27086366095
93793,26550.911923546075
90945,27320.80415098761
98991,10153.616488248867
79647,14369.41769319299
96794,13564.396131618674
83984,15222.576604647069
96688,8885.79238007231
79838,15998.400860925782
105671,10175.030789269947
87438,13672.661830885636
85859,16754.002940858725
91639,15718.166607118175
81134,40434.56142592593
99992,14055.826430506986
91262,29373.232106433134
81417,29550.504308914766
90783,19791.64374418228
88898,17028.49473108595
76241,12861.575655199254
76491,19045.61461421383
83132,16317.39205394536
97757,16339.371758286366
91753,28455.297445351152
82333,25321.342459014988
88295,10563.944787043203
98314,10410.244598358471
86172,9633.272982962102
78331,24089.818850275184
81996,28876.309584452218
83315,2887.2113480128687
92376,16157.42847996373
103058,12313.779369272286
102215,12333.321090683503
104225,27589.074048668444
76910,16801.060365645713
88657,12490.032491760683
104943,20045.22805757401
86434,13421.955798764337
79432,13699.793164221646
103103,14309.670700380371
91456,40097.342341671516
89465,13911.624038200023
107774,10525.423201790749
80938,28059.261792307378
94883,17592.76016563886
94135,28803.131795019737
78747,19260.656535144677
76240,20515.918272259532
95820,40274.69991131092
79092,22532.11550549862
84393,10591.744747070537
94391,39808.4007222222
77183,20534.693016358364
105612,8050.26318283041
89046,9809.030372526815
90878,23296.287363882377
77058,13398.565205026454
84468,9815.211964355753
76713,22464.431168666644
85568,11549.57124055933
82191,21232.076776814676
84825,17179.816622396647
79009,53868.06750581669
93908,25126.476214237566
91135,27261.01172692812
94603,21782.64531251235
105887,27020.925353970357
103196,10903.217489824465
87544,12815.19982397463
99605,14035.014925961686
101660,10633.73515769322
100671,10789.48925827058
97839,26281.327323621455
77742,35681.04208333333
106144,8887.815785293484
79681,28026.425032141968
98764,9351.64458867129
98200,11232.844647104206
82652,9288.89173508023
83599,9080.640136058182
97776,13418.602457924671
83403,13567.477266536207
77472,32651.33806473566
79535,27535.36339041152
82632,16761.162991900634
98612,12206.253755333846
76103,25827.328023048874
94824,25236.727575519362
87424,20222.59963081315
79193,18486.88918296386
80853,14349.641730762081
87885,10485.182133701644
80891,26745.689995891404
77149,25480.842704409988
91012,14496.806029375857
99259,7983.292314215734
81555,24932.691805844723
93917,29715.88254130146
88089,18424.521240585484
100704,22983.69164324619
77798,35017.182110225396
87342,11344.411804572153
96013,11671.750214882275
93380,23778.656756816144
84040,12980.228436362691
88600,18196.758870565132
76133,18141.797229066025
94842,21269.595212293967
98184,6050.75459928824
88767,16645.807371450846
98741,22243.43250203056
81739,11530.26298318171
91321,27119.264760611866
108030,22760.330523440338
77680,20103.11008187134
78189,27223.09260900041
82302,25161.54086909907
78968,20254.217104428466
101390,7147.690184423933
95491,17551.540889082466
101687,5749.35034713261
76371,17243.27938992201
100151,12378.362836820841
92147,23005.403165642467
103385,13636.16380389416
86960,16617.63870866009
89563,20711.036728285646
98013,6780.86774282932
103747,5140.789837642376
107681,15847.817124283529
82686,7944.009866202628
79913,11137.462329413569
96545,21644.04634537261
98278,11345.954627730278
88916,13088.661648607402
104733,10985.970029844262
103529,10493.4312794683
100642,15334.467325315722
97860,9653.225930270515
88870,15484.94764085939
97563,21472.488646711274
97081,12394.08088503601
89544,7745.542110246312
96332,11978.764657911088
97064,6110.5866384487945
81916,30946.170835638128
82148,44442.80124919651
102447,4260.101478344049
103111,9114.871987409053
85058,10162.735009781623
76422,20682.624785935604
94546,17473.4418882149
96769,11401.070187730493
95364,13570.48730052141
101118,13022.648100299146
107644,19331.427637606837
104650,8873.666692802128
97300,9145.415450527698
104069,10748.72691541534
84700,14948.599924193637
97122,12949.2888566486
89878,19545.091915677767
82579,19616.39534284175
107967,7360.839886882136
82494,5554.577504005251
104872,13849.537039538578
76339,20334.156080440644
90676,7225.166048723069
83780,15541.159062933986
94444,24136.34481612048
83532,4048.4608005283208
103380,7053.458902583155
90941,38972.19145582199
99845,18672.25091121596
98053,12259.31261488232
77863,45964.37773478832
81107,26415.402634074002
81176,28478.43658493492
93196,39880.335134915
102895,5349.216208904607
107093,20396.04205762572
106566,41644.988655416026
88893,9904.704161967156
81939,58568.64773232941
98833,7652.783460047401
102812,6286.2767249519475
95766,24857.82347516628
83556,18574.706481939833
96725,8282.440742290302
104649,4903.275211216238
98466,16286.226481529546
77661,22885.73255100533
99882,18892.8880504612
82646,10454.665149630879
94874,19874.771835384243
92800,12830.329229909643
80265,28968.365745403997
80587,32365.82782044703
92298,26696.817289736373
99023,24383.365076514347
88098,10706.832397068132
100928,14352.75876710198
106437,13947.21648930528
83122,10965.167369746354
86614,10409.369014083568
105454,20867.04116426249
89282,22039.312137345984
103136,9327.557826280037
104899,25392.4685740741
92041,32268.384149035894
80795,13979.695255494735
103043,10679.711816806905
90842,21432.93842886867
103070,9923.014505681835
91523,28680.650859428897
76427,24036.611802008127
86188,18890.353050059533
105618,33317.55290563632
82931,8408.883553799064
76137,11712.802603863907
88017,14187.66056175265
82713,11890.072550908517
76155,13428.200211568843
101057,9347.007085568235
94699,39245.70320370369
106794,18681.524284626357
97000,20114.8984142944
90986,23068.051887736183
92785,8193.19161616162
79156,16861.909305352965
107616,21209.301139422772
84264,7296.5800917954575
93932,17392.809304161896
102956,10728.525139790732
79715,22549.479048335048
82329,19809.86944116836
86636,11697.759042268483
94479,27433.51022906469
84998,10091.736838000112
83835,9613.57170944062
106823,9426.416506074629
80760,21345.255621729084
83060,17092.031902499402
85872,9261.531890294327
76227,16795.058389878028
103460,7357.133887279423
96989,13394.398860591447
107858,14425.543172773856
80447,10777.260383351708
108267,7865.6773746232475
86584,13773.522679085074
96426,16324.740031904917
86696,19291.524552417894
88252,11180.099834153416
91515,54893.828737760436
98357,9584.550966155015
92439,24493.807690066307
92341,30101.701275264273
84739,10786.971876633439
76906,27964.936720229423
100027,8663.179889038152
102225,13929.96030165657
88476,14165.125707250247
81778,24341.658859125688
103266,16985.2602724873
87660,13781.504139088478
89634,7112.562765024727
93577,21981.122740880153
92450,18157.9135094654
99404,13143.444193393225
107936,13549.376350003316
86174,4078.1628676278856
98273,9625.295697347827
99007,23437.562650672997
81615,17259.18489437051
91236,18676.01160965804
96984,16972.17989808448
92538,32044.335318099955
87039,4357.12262350819
84235,14558.809835341259
77010,19412.378049092025
106727,5134.7566146584895
102933,7664.139067299381
80821,9025.162766781503
81969,18704.06079753212
93088,27709.048763111667
107004,14517.490511235868
79330,31297.438605203944
80388,21141.649693919117
97494,15774.832509929805
107144,20649.01307836072
93860,19907.29253613665
94845,16601.49686853669
79152,20840.581487089104
95032,21198.935961362844
108333,11191.520899775252
76925,23273.062700382827
93278,58984.21585532983
98608,7383.199326172234
87236,8453.392001841243
79320,18453.439181473277
83893,13265.396667833536
80973,17208.6193832685
97659,7315.471511920461
102063,9431.915931741089
96324,9353.56844605991
101184,8374.688455539557
97392,25043.80886484121
94094,16957.116657382332
95219,16117.034671094572
85048,18667.10279045368
94887,23207.024964522483
88002,19248.693258924442
99157,12228.928665957163
102746,10356.239607098094
89164,12455.808488838104
101079,13907.068791227866
94124,10959.551308500708
100161,12662.942490785665
84658,16660.80181962919
105603,15160.221243526517
90963,17859.447851778852
85012,16544.5615199279
108298,16192.138393240879
104080,4696.238111222112
91850,39531.61727572594
102713,4655.130441155351
83295,11206.71065085652
107847,11841.703898707852
105847,12501.70308332067
87143,20928.621670394656
106090,15381.308163399492
88925,9226.158825271357
106297,15459.918581851867
96596,13097.944265011914
99233,6748.204282979399
103321,15804.311194576825
82479,16074.583034624055
102734,17456.02409777244
107461,27948.365538328464
103237,14231.137496199484
85581,18291.402745251202
99196,7507.512192498028
79178,14200.577626868719
84339,14976.851923126249
92764,18837.328745546212
85498,17244.983219155227
100622,8222.571411070412
106518,29609.022311507928
82821,10587.768844564855
97628,20604.4701348956
90763,8638.849351229637
91567,24972.242480762827
107462,8368.525654133971
95833,23428.53973082568
102479,15610.670969084673
97555,12963.21288088354
80881,9397.540082123973
84016,16545.69156525301
94051,12233.399138662497
76277,26245.006439606903
88676,7365.419523809521
102566,10152.870574261144
88564,15183.869672589697
95048,25082.140340973547
82166,12992.387358021146
86227,27519.18028108187
83738,9082.641301581296
103684,11393.852908868857
79893,19010.14821125862
100634,9029.877842222202
96392,16640.860365178043
96311,18722.363015399475
85015,15345.619444130876
83050,18129.752675769374
81925,27709.88445867143
106187,10578.841025641545
83863,11923.918090028817
82048,30316.62981356845
100962,13162.547524703174
91587,17523.00522397284
104915,18141.063947438826
98779,15922.637084282997
96698,7741.212393016282
84701,10562.140236428424
92986,25055.20804455296
77112,24531.16574897676
90774,9669.569665339961
88520,9098.835704621697
88281,17820.09927992567
91388,35835.74388888889
76441,31857.344486747676
98643,15089.086003396173
97850,15555.626546157242
98344,3262.6879782418014
99441,22122.457657888408
80230,29617.496557953047
106370,10603.79285913877
88901,10752.620151711642
76590,13692.27170228332
94998,13210.674745709755
77283,31410.44557519434
104065,21786.763114652083
107919,13106.520833333325
103743,5163.677915525239
100503,6905.8706212031175
81273,12188.423722222231
81878,10069.142247468564
79224,28830.701023236972
90254,4490.766966117217
82712,9492.542382655654
98113,8854.7059057666
104562,14090.406614768403
103014,9295.109642479469
107299,26827.444729708724
99799,5616.467632284807
87952,5669.251317460315
101836,9320.03032787589
104896,23400.34841386489
107665,13305.90617303736
96182,25094.60476248327
84731,20929.115178642503
85565,14196.021691039341
83237,10572.594419280813
80785,27692.51201286362
81935,32462.40031310538
90932,40661.95396825398
99204,14978.384391432866
78802,29433.199697739943
105421,18852.498051811905
81831,13812.693225024233
100016,7782.778432285497
76262,32880.00091208389
85286,11727.922689757019
78629,16073.436214386862
79451,15450.36751431069
91132,57726.161857142855
88726,11567.526641035278
89928,14823.683098105876
84672,15542.687294084224
102127,10221.545255233435
78630,17524.164011754023
105874,11366.082387172204
81491,14803.776078643568
108085,16184.016968596217
99711,8455.055197338597
95713,24233.401193129732
79499,13153.586283903946
88373,6807.908071595615
106412,18938.448125997424
86000,10363.667968314754
77849,17359.720493091463
102224,15088.395399110545
90591,7652.967600592788
78511,17063.754313289475
83611,16360.068052838293
95316,10820.565877798124
85207,7359.05876350378
86755,14153.680524976315
91361,20164.780620881767
88107,6958.856514578413
99468,4328.643616513874
101776,12796.264468398736
97132,5715.262129812012
106405,12052.718190656195
83804,12663.546288954565
104093,20052.11239696207
81897,27385.93455372504
97522,12756.460444035016
78569,26062.311384651566
96486,32778.771659653146
99636,7259.608581178907
80770,33589.405976231414
91534,25293.73637599984
80461,26379.510673352786
102345,6314.023592629589
95431,29783.472344469286
76350,8899.315230994152
76330,14698.424499470833
101604,11034.073574590508
99303,11586.334058980328
106266,16439.26044311432
84697,18307.98163640519
86296,9358.007968706705
90658,17350.602285318037
102954,9298.96995487019
106174,22103.227034944
81510,22790.599821877026
89222,15358.246916915637
104391,17484.389642401948
76573,13299.581936483768
78060,11980.588105754488
85030,19142.053478059446
105478,21388.775783532554
83477,11958.062846322993
101134,12221.748241293557
103096,8763.474474257337
99391,10933.925200987967
94614,16429.958391232325
100110,7127.617578433592
81782,31174.76392025526
90292,8464.8592458828
86357,8320.324673307203
76157,10204.007873970182
80325,22033.289254529136
88991,15069.91480139122
83117,18852.88025326665
90513,15630.97385299859
82037,13060.174157743757
90066,9920.395001027937
92814,39753.46355279036
93991,38723.150546526624
100121,14097.185586138728
104495,10683.124459308356
105953,12142.451177238587
108089,9177.101638944177
84778,21592.700691014823
100753,13931.23496461486
107832,28805.11169818352
92190,13132.525043839321
82029,16081.208520004573
97914,10210.013163074093
105776,17890.97109685958
95402,16686.075157884206
99097,11490.685298504375
105043,9506.14547373368
106998,12068.570460421892
99567,11783.6380096128
85421,7411.947266948695
99161,13525.904006358609
89951,7029.961600624767
81358,29791.728525805913
100373,9672.697095955675
80291,38037.899665704674
88545,10509.51343687177
92994,20001.24542376108
90248,26282.724983167802
78625,22217.315693525037
81990,35342.36933975233
103075,9249.801688034187
98639,7262.227845181149
103368,13255.485894227848
95427,12673.9358651475
84503,6043.95703703704
82446,7416.441217471415
97175,12072.06230756877
101777,11575.08462087199
76086,13500.684427070275
106347,13405.422208566626
76445,47416.576444444436
97649,11363.700978403083
99273,26410.062698103022
98864,11823.23335573753
98037,20808.526418109803
107264,21962.519987859938
100104,10755.426764069687
81842,18834.67121225071
81839,13607.771290007006
100608,12845.630536297638
106588,8644.081248224387
107466,29069.952951305386
86092,14183.50031591402
92204,24115.410818569588
107905,42779.36157394698
76821,19576.309995988646
81022,12304.626125984789
105727,34408.38447606646
80544,54162.88274314572
93388,16400.35316985097
93775,19789.841905793717
93733,21388.903942421515
108177,16610.542377665442
79746,28312.874602437765
89285,15111.972455843554
100243,7656.877418127923
107171,20283.17004847718
93444,14034.765434527118
107421,13202.332260523162
94071,23873.436791344535
92195,41541.510363654845
76108,16737.861502098192
100603,8636.510157654568
95800,13165.471143106693
90708,13630.415379450056
102701,10984.009213011157
97732,12951.387920082068
102574,9565.910979457827
92237,33154.099504846825
94192,37891.691553391036
88219,8362.265675386274
88910,12752.958090899714
100811,13725.234396794222
103288,7724.075691487884
100370,10209.44040811629
102544,14378.673613127612
107473,9401.267922722809
106926,10703.220849759131
92514,19548.95794063507
78557,13586.32772441256
99091,15609.484745854943
96487,12661.636268530328
86252,13735.025292760203
84763,6815.934673155375
82531,16151.207940226914
79012,16329.435730942578
97078,17448.646699281682
96824,6584.164555041533
79970,21489.70488012504
98057,16714.080767076608
105947,23782.402631633988
82539,16504.942171357758
105816,20897.81658129561
93800,19332.321389306533
87079,7989.838455361339
87453,11787.898939418772
92855,17159.55372026332
95805,18489.498693086032
76398,23385.203895625582
90724,13999.809038168509
102196,7864.012687849604
97661,9589.960931686986
105475,13268.311723414703
81241,11267.03854907595
91106,21686.836215648433
89543,26844.479883363212
94403,19309.34988188807
80666,19168.113744007245
99769,14279.985725328102
102351,8673.78105770631
102941,12853.52633264545
82783,19590.33543135688
78504,27676.860876348008
94715,19968.607107234006
92180,25861.597852109386
103904,11200.103031140045
102921,8481.983451477814
99685,13534.561913454301
93048,18664.100180852423
82988,22196.919847098416
93279,33166.660653351384
80084,24143.025162593225
101966,10559.865591981581
94667,29011.743209624354
76298,12153.020866443461
87379,16861.612777889783
94212,13121.37627700419
81333,16310.07155028667
85998,14348.865250837114
90198,11475.074558053122
87823,11279.936485260376
103530,13391.47247125206
106243,10047.27470923711
81208,14952.551328980131
105153,9542.76139381286
104103,22781.449374960222
89555,24188.968428996475
106042,18518.35626380785
78170,36481.574596466664
107675,14201.908643736188
106705,15856.061213285891
89953,7280.435280957564
101934,11192.779785286604
104727,25596.80922775373
87327,15833.16648755591
103247,13112.197099750398
84673,13072.065464555542
107520,41417.9688777356
76626,20928.417559996047
98638,9684.8874918533
102060,7656.674032400696
83635,20452.779704897275
94566,49938.936131386436
79207,34390.3285873016
98700,17487.100300866943
86563,16531.45174094196
86891,17928.666010081495
85278,7143.513554743339
91817,29855.941993054847
99473,12243.669572871571
102489,5746.8385547568205
89191,14918.49813053485
101746,13784.712177536141
84538,11440.243931908168
78072,24341.301519053803
99832,12302.442786103078
103475,12803.148365235715
101016,15339.629474373174
100280,8066.400800343908
96067,7863.150656181153
104086,21140.38028599123
77248,17216.270551226557
104269,20688.85246644881
89495,7501.752736416346
81340,32580.316625182175
80277,20100.390487734494
76683,31986.223128063008
94847,12313.82217855201
99029,16568.080390990763
85874,15326.247344618958
78105,21434.35273407674
94978,22488.56573895116
101666,8937.130260721902
100757,8100.667698100692
86704,8214.374430591699
91205,26014.052517908112
95762,11872.962520923524
93641,22251.264846061178
87073,23254.903705199555
102433,10761.035145999766
104382,19694.57897553999
108060,9105.854811719768
107387,25563.93728156748
85027,12182.980793360493
86014,19473.683730652352
102602,15813.886420064426
107255,15638.163268407248
84269,12786.628208780241
85885,6436.450762235823
92843,13915.060417804418
107862,15054.126068570322
98781,24140.157566927122
106119,14427.104283096061
101872,11155.43680756248
87865,16650.3469286438
84803,9451.854036940882
88438,10519.53965232671
80105,21998.01334310983
80595,21939.67248868076
76539,9724.182418419434
107236,9778.288140195502
84946,11648.439665153212
93772,25798.25393618949
87793,15999.288914579682
104843,9391.098710597546
92234,16353.614677200458
89467,13687.417362497103
100145,15451.96181715231
93382,54467.18870647827
101891,14862.13854366196
81354,21106.12814358596
99309,13019.57135115196
81431,18685.426903440813
102073,10441.491425994282
88468,16820.117904841467
101873,14241.509656245851
88120,12923.158912311037
105714,5043.6061738143335
106015,9977.239662927228
86707,16704.49919978519
93107,19152.66908574679
89230,13022.943253561252
100875,8407.509449540208
82920,8288.450935410523
98114,17756.858389019166
87262,11469.036487967638
104436,9947.740414493475
85404,7311.891524972466
96189,14747.170591073822
93408,49918.98166666668
92789,59405.59053703703
77768,33635.49537563553
99414,20268.10013852661
82807,16532.445109591816
88996,12941.931338581928
90305,7493.649920376288
77030,17045.22648591604
86129,8006.8214929068645
83660,12910.535315427458
78602,25163.710076117983
83672,8821.876500622204
105105,44493.332391025644
78704,35171.00394832578
80789,47830.7967208242
96633,17370.987434078426
86132,12672.256797011332
81619,48597.96247570948
104645,21784.171176137883
103853,5679.695422022417
96259,12064.989670575453
104677,18606.473534137862
76418,20907.663550794856
103593,10135.284233876304
84886,10774.691331095468
80773,10421.275259097041
94688,21129.540020189364
103823,7236.488875420008
98757,18730.814255512225
78516,9369.503127272426
80596,9546.008072167404
102855,13501.493624969838
95957,19042.046060261266
86440,9007.350179175757
95030,27438.36044639317
101874,14271.160759680135
84585,9636.616832908432
76257,10219.968586662197
76971,20671.176717715793
94070,27960.852746345452
106041,31876.319272330064
87346,14459.631242971976
80993,28280.48003543068
105309,19070.055595259466
92622,20039.21010469712
94582,39418.76475825913
83334,12248.646334123772
98922,7018.190205386324
77691,17275.40887464705
95469,22226.368103174613
90587,7251.785855933949
107411,12184.07938343775
97489,10838.966213524742
105719,17657.697725832993
89534,10177.871549213525
80741,24277.36699567099
105737,13865.229589377797
99043,18270.635610447054
80254,13986.602226939694
83172,19359.37577473507
101830,9479.923963562442
80506,6826.178333333336
105763,14652.92259963709
92507,21013.576623062607
101742,8347.559621297436
106547,31953.826487110033
98619,17094.505042345656
83503,11516.07102999513
80565,11383.557021585098
83013,14700.75152017835
85721,11561.5184359941
87556,9784.660913704138
84442,7379.096954953854
79634,6426.423055555557
97497,6278.336021830574
84325,12860.040293172024
81399,10287.951294834063
96361,11999.534308913635
101973,2583.0754855697505
78352,12049.61210978836
96564,12615.404473483062
94669,26068.403017915098
76655,43874.88303603678
76084,17646.705495815808
93215,15499.270895487874
105802,11334.756502746715
89981,6151.332681112555
84315,18911.801417423318
83297,16794.37367607225
93291,31696.927474656663
92128,28171.380523920852
101550,8942.58991677239
79384,14629.057364304857
103643,9834.662769489818
88482,6928.922833274992
79950,27538.426982829016
79519,29955.93252904888
80376,16219.654961737673
83366,10961.7007700023
92250,28603.338636821187
87368,12634.365062529152
77347,16195.315257130185
107935,7625.036361875686
95765,25891.314770640558
91877,31510.18916612425
97574,9421.350315459167
95192,13202.090080747877
80288,23846.81727465127
96795,13050.439324236342
80851,30566.855776680306
93753,27764.360041702286
99782,4555.575880616309
83153,19620.083233904155
78634,11995.70217175376
99463,15915.60565097902
81675,17601.27206493053
83093,11135.006986373013
82993,9990.862845522446
86972,15888.753724683824
100455,12151.946520768483
92692,18889.807589858105
79761,35194.260988306836
90624,11523.583566699606
93517,22486.095220156803
99893,8033.415955716595
85441,10063.931496143487
91552,21354.704316886047
81031,16258.96562870943
82232,3588.9281582559956
80062,27910.27449257699
104764,16554.95407302871
83572,8355.783204203557
100100,17640.53266673913
96649,16472.684207902486
99860,1972.9716666666666
81915,27988.796959943127
96284,8225.184962276233
89243,8088.604318912256
95051,15287.585692540737
101507,12459.16343181193
108257,33684.35069191919
90558,21215.011876999135
96913,16885.7115122352
76621,21451.321766666664
99801,11301.390930735924
95155,14051.863339081288
96739,14940.9219691548
90592,12136.06465945624
83307,11064.477204896088
101154,8271.086347014707
88229,10050.24715282903
106301,13455.717326271122
82193,27767.67410852937
101153,10181.938839657501
107721,19060.295162848764
104792,8951.669932831292
92322,26908.275409481426
99316,13424.764868447332
86404,11433.319991917604
79624,29349.982486231263
87122,15417.049390432456
96046,14287.885351792223
83384,10016.661905505265
79657,13806.065638242739
86605,9862.61219427372
91883,16117.845914119702
100473,10803.35356164544
96611,12280.67232285592
89102,4066.243974995047
103838,11798.726899186462
78454,19810.56820464148
89761,11974.237456240739
106275,11977.474808316381
77831,44187.11775972332
82876,14066.58511302425
96899,8927.427372943335
99945,12071.720564221376
83505,17097.880163510665
96841,6244.930899335378
94189,28392.15669705379
85020,12000.827492139555
101456,14153.625370907694
94155,31110.465576661943
77575,18072.715220238097
97904,21700.308119269142
102523,5630.060981681778
107541,19252.130453127607
87223,9231.174370562836
94975,11566.85215852816
104630,11517.886653830303
102538,6923.3360337158665
90345,7217.741011513801
90170,7696.028109215464
79448,21939.977366043477
100139,11825.413834455683
97457,20276.116862869407
76291,50545.079734960935
83987,12662.513235414317
106283,43779.25749421615
101864,7700.137532077385
95757,18751.768769668848
107668,15508.95104380711
96696,11175.067372586054
83094,16501.21379320745
89521,8748.139461404284
98998,7707.054815913129
97028,8307.84922994243
95291,28856.140885830006
94443,21254.685231051644
102182,10688.999788181394
81794,19374.105636457774
105003,28469.81604326737
83041,13930.144450391712
107213,9932.019392860417
104467,11669.25383851933
93950,26127.31337810338
103790,8197.047822265222
89125,9726.218108910582
80748,26108.205223496083
84795,18984.473188594933
91105,22988.49570674975
86086,16637.2130960486
88522,11114.019760041356
84472,11251.623268173124
99289,17442.800183634725
88050,15957.962196828319
98087,6631.505734214303
95839,29130.50975040699
76057,26129.014103235644
89619,8546.294455073821
86471,11560.576240563123
97685,7948.011020413668
79824,30436.42853920125
91710,27482.3417642838
104474,30509.470199693063
104157,43213.32237582189
95117,34470.33916666668
96337,7936.797277934748
107562,10219.41659306921
107286,17207.48635427644
101251,8282.277173670214
97688,6570.6142808807535
86405,7782.9079823693155
97631,15515.84126488998
92981,38793.14703306878
79580,23762.009512923025
91562,13099.434663855645
87048,15955.465830536932
96103,28007.478504901697
101854,10823.312721413142
82126,16670.29607936508
105443,31617.00865217858
77293,46489.40361111113
108262,13586.890088851422
107157,10652.821940752063
99717,13640.60345367829
93208,24245.248349396865
81353,19635.312769485776
81790,16690.075220760227
82153,13856.585286929436
97223,15449.403128768556
82088,33726.43925128417
102996,9717.153984374341
100023,8072.145568741382
84333,17516.18620877643
102506,6832.774102226971
95753,27285.39437861338
77116,9643.53597712418
84459,8478.080290001428
91453,12146.938318170905
76524,51474.86958618162
83249,14106.592694018444
102313,7440.885815481972
90456,10118.679654505564
94635,23698.980022050706
101187,8131.459459290276
100776,14132.434561608688
84563,8849.700452928762
107706,14779.171547949863
78776,31160.81140593731
77019,27552.282471333583
76122,25483.262262992106
79042,17727.264226239335
101851,9388.005947962089
84657,10139.83319238422
76067,19934.55058596544
83598,5941.660730176993
96003,8687.161242231985
77817,20995.83484728318
76887,35684.52866666664
85766,8258.862165232946
105836,20409.618809773583
92443,51841.61624783382
98875,28553.622423668883
94808,19658.518977849828
99490,7868.539849148899
77469,12439.475333333337
105148,5511.796028962277
91649,17793.777394555
107040,27878.947088766803
96074,26284.387292158353
100656,7658.420589590234
90366,14739.780770453519
93981,17925.831799729607
80858,12201.091000000002
90070,11567.805969743249
86606,10495.556543952469
104521,9239.896206152358
83071,13915.073897141148
101956,8522.387270123647
83846,7320.676683845832
100982,14426.296114458606
102610,8147.137879451394
97828,14899.878039357385
99450,6777.852129662269
87521,7680.743781251712
96065,24675.404404978133
88306,10005.00912844014
96325,12665.80089383311
95801,33510.10753442203
104248,21518.173255112277
98652,13737.1376141461
103877,12850.588226353275
107470,20316.631359416384
96801,13737.029806190036
99595,29815.666929700965
86094,18083.966696186468
80874,32735.747
94606,21143.995666666662
96127,18114.805755757017
100687,8968.83223400436
81118,27065.870146190602
84405,13284.765943891689
83257,20179.41337472874
81541,17755.91229346488
77940,11489.389648969282
101270,9850.569432355576
85349,17274.55013713011
92315,12500.831617993837
108360,10862.24159438475
77607,28136.066347081774
95640,15654.331549442923
98143,10806.054850369479
102200,8881.023789854986
83375,11791.170853662858
102178,6654.937915310576
97500,25738.61836511185
85782,8551.432720139925
96049,6562.140318856489
102744,14306.303683315165
102560,16784.947513527295
79010,17678.09696237068
85644,9289.082044821598
76595,16053.428481422905
82219,17473.719841193448
76899,19782.58927727559
85663,22353.349864925214
92737,17102.815585439206
106758,3046.3294289044293
94625,22547.594403733267
96472,25480.14220692749
104250,14326.350062525291
86303,21208.30775293996
107881,41705.603593915344
101517,10037.921001148025
89988,16461.876820191435
92689,29991.587371856123
99002,13159.981309654366
90734,13418.99193492535
91013,45126.828209956686
102056,14041.995193017792
106641,17750.10916549743
100391,7238.095809448027
77305,12007.969467429122
85197,27249.61378633642
81122,18165.890072390564
91088,25637.33638245921
107377,14956.155493677672
86495,10959.912970498544
78661,12961.1098741368
77687,11746.83852176881
98480,10349.064375006901
101537,7549.101700812328
78032,12663.38403690879
92374,15661.211523790058
82010,15045.260714696355
84496,11929.44988758767
98337,9426.708733176369
99520,8505.18059464538
98452,23279.654230380733
79828,28243.467267184078
77151,25215.95814811073
84095,15907.77825363319
83491,8482.008673405686
102170,8223.134969971677
88063,14136.434341702123
90214,15710.36970108443
91980,26576.038608618368
96573,20759.73554530216
105573,31521.612297620104
86880,12892.237576607915
100420,8317.314329811856
86053,10437.518656988157
84481,18430.408756656318
86088,7545.073777977258
83553,12071.819249458691
101328,11919.453358931836
105352,10506.687263286343
100532,12649.89234979886
98052,6812.402718620895
83818,8607.167808501103
99576,6625.293059201573
91026,14927.383263263637
92445,27693.010371929242
106934,7108.995087599144
78791,18881.111559139066
93664,23471.232422778976
76923,24665.61664477068
81335,16717.45676251526
105969,26674.460479359826
92701,24670.226464138814
98070,8631.467158669686
100423,11649.236944921455
92335,28259.742721055598
92370,32262.430657489567
100177,7497.592455423858
100125,6344.622057094587
82358,24696.089523026098
85557,5291.390429734442
102609,7233.77864320147
77612,12784.043196375515
81173,53037.61025607264
93689,14293.197189704515
89219,6353.6275417780425
94659,11258.899505574364
82424,9842.093676997894
92367,31876.871611111113
95828,11948.140304305502
87894,7694.989713122047
88621,10107.602784784644
104992,22041.765593595002
98567,8018.032630657801
106250,9213.369161386569
102235,7920.343452805649
94841,24944.10065259958
105496,12356.095764586005
90019,8616.008224509358
95575,30748.04832441994
98437,8974.841618772469
90907,14813.175581321486
83289,10051.040822402743
77938,17270.63142030301
98791,12029.697185531917
104254,20280.522932657488
104311,28268.28910223088
96753,14974.745602147284
77998,24720.831513687514
101102,9699.162746629603
102836,6684.411526175737
85330,16379.640847073471
108511,15839.20619184501
89527,14598.371112005108
87734,17877.79185675315
87110,4901.548784966525
80936,13469.913554772573
80100,17586.880860215053
86546,9976.853015903069
104949,22015.42278843309
83654,18462.399820424955
96736,8553.33169879373
91898,25567.046319311667
90221,15952.30234266101
96356,15279.869539598705
78901,18163.870058199613
91469,18411.586564555822
106591,30821.374751654526
77763,25463.596556520504
89604,7244.930604900372
90001,11673.007825396822
89947,11968.352541809283
108218,13400.293257526086
82927,10349.957495171488
107140,14070.445272422352
95013,28351.924175738935
104979,9274.943381692772
90521,14113.84090989648
108465,22346.034719884483
106606,9571.432075530573
82999,12915.369434798971
93784,18429.958874658438
82680,12324.581732318478
100796,14837.126599005274
96230,22852.527083842597
89110,7140.303536749175
88152,10829.346807488233
101403,7138.397307926494
77566,21847.592292472327
86366,16035.798274052615
80356,29477.94731195487
83500,22617.874234788353
76673,18330.20094917817
100256,17201.93251951196
101335,15365.368995541627
83416,7828.768051972406
104983,10990.616612041385
107300,20490.656479441044
87350,5395.481114538881
107106,21482.823809623012
90550,10017.152608877015
80002,23093.005542244424
90827,11234.26469832819
97480,29722.697725384372
88160,9819.645842745193
88467,5635.356703495905
98500,7856.969032424553
86587,17207.087103078793
76737,16581.5095021061
79089,16379.787789331047
93153,21646.587278770767
80315,16469.46263042542
76731,37032.54813983441
94243,25638.533054112886
82571,10501.78442829666
86896,1520.9470281385284
88404,9801.197289326414
108530,24569.27205239903
100573,7903.412244894169
102888,12447.961603488564
76011,31101.215263737693
79586,43820.597777777795
85620,4831.111340368666
93470,21974.196422807778
98335,9449.714569013446
87826,12749.027783786745
94743,25135.52136942931
81247,14653.721326463396
91376,25045.045129405564
83451,21056.190870422804
83176,11007.705797351919
78867,26418.584273914603
96786,8749.51819400557
81019,29220.29030123584
97316,9381.30819886417
80560,19493.607175010588
88535,9351.249771400384
94281,28328.858889927156
94309,19142.31930975723
93404,32092.08640468868
85218,16298.50318422498
82697,16439.494026433593
94919,25346.201542250783
80829,17074.76971313067
84671,16171.096114707983
108043,15481.96117458464
105111,25274.97050290824
76997,12537.054534691046
83545,13766.358671590036
82274,23461.011199579527
100513,12005.764166666675
93471,40407.65419434029
91627,55603.37544444442
78780,47716.243372481425
90005,21394.662617902846
104234,9699.098998565554
100798,8623.843405076552
101322,10690.321480261686
81807,21843.848742921593
84469,10530.646952885982
94701,21022.467148442007
96119,10935.965439365986
104478,7520.835176790922
100116,11443.402500000004
85151,15923.318412527327
106970,10212.171386707512
106570,33479.48025220459
101472,5475.849812169314
98101,18278.70695410839
76225,11958.65762401772
82833,7130.680850273818
81055,6364.170111717235
100048,12990.583414647443
90519,32319.420603376882
76484,18209.11672472202
101898,12200.82172750745
81741,33596.65874290498
90441,7431.917213734187
108314,13408.9779579575
97881,3737.7287731783463
79306,26429.7282185929
107116,16676.226521483146
98899,14702.818402598019
99975,7068.835370495902
84378,9188.924248210935
101661,10419.48511635545
100239,11653.121308916483
80035,19911.735078190955
85033,8905.650214281965
76723,10276.7071995287
107773,9131.11206301295
105937,11605.635677886135
78321,18348.47833739545
82047,47434.70118376069
95113,17899.403224924015
84907,10121.635224057747
107479,17781.751735339793
99770,14590.640846436372
86815,16660.92052876387
101558,12841.756127342194
102258,14762.388005858678
95963,19120.656582398096
91995,9983.238644429122
82913,20414.271868778516
101968,10232.489893158232
105332,17748.68179046885
108213,18450.342422368252
83825,10502.881231086523
77438,22333.829853479856
95768,41424.71688774055
83195,20501.876573374546
104287,10838.431605039963
103213,12742.621563629491
92744,15309.728029873067
81351,29945.62045619172
91555,16500.68295875537
84546,13683.92720719246
81270,12231.619807281546
98294,11250.486994264927
94278,19004.149912545407
103537,14891.339902572066
104284,15215.787504569777
76635,17540.219990702273
76676,27705.53626619441
98118,8839.326902372939
79440,46279.94124202742
78969,29982.522296291423
76500,13937.83916264187
106027,19583.425480604354
84604,9888.992882381252
97498,11700.96376755169
92641,46596.77605406819
98216,9709.424254997622
102453,9378.257149011744
96270,14037.894074924861
78777,21778.784356716737
93169,10847.693086858151
87621,16479.460639538716
76876,24074.443051547
83561,18592.26662126741
84296,14465.178955304124
92355,31453.75036410693
90302,21961.472895769504
91387,13689.077686378445
89854,15451.347472950267
106305,20104.820400581495
98703,9125.10523274946
97929,19552.751029132443
105575,14109.004973876004
79052,18543.15741964145
82362,22310.343724867736
85625,18460.370152633433
90792,14005.39791959196
98488,9978.641311400726
106795,10885.263145387842
91666,30133.39318610981
101528,6035.492631060931
94739,13473.872288359795
80961,12036.47611581924
91988,10618.112777777777
80335,23932.218957087098
77505,17921.31409569922
93280,15589.181384223162
91630,13767.961422244705
85422,10643.50081122081
104986,14031.433884258338
92176,68610.57134054833
89861,7308.354477590312
84435,15110.52024113976
100381,15440.07571540956
85651,11029.845328524598
96525,16642.467272758215
91383,21973.231908545164
99177,7651.800611883776
85842,26390.946257646334
79658,22433.3772545497
84332,23542.443215309424
101621,7312.117308788498
94509,19439.627565775794
87175,16938.770067349316
89394,12900.515336052462
91163,27866.52340720171
107771,15561.231544830796
99551,5795.163616325176
87537,16028.550368535087
76726,17055.784614638455
106637,39448.63067765714
85583,12843.977607780758
84617,8352.374988619264
86419,7677.983687668815
80036,27713.278293963987
83956,17484.091323967656
106663,10043.742572006924
98368,6816.174307841733
80217,10527.72873225485
98528,8184.542636351776
92746,31843.966435041173
78042,19471.35184701596
87314,21611.663835671032
78148,18668.159158232786
101574,12862.998227657556
84789,13521.925293167515
81056,9176.11916666667
91483,13079.646588871503
97869,13393.037651431527
89084,17252.789251499336
90398,16099.385276523446
91038,27053.96242930122
80326,65779.0098124098
88665,8054.450967727336
99793,14078.696605697827
107218,10369.90322779177
97438,11176.959034533167
82375,5954.894722222221
103211,6627.139148559584
83430,16455.575004975504
83717,8098.625178379073
95607,21355.02915779532
99653,8216.890388796402
77072,20847.832162556195
95300,13314.616037630123
86090,18465.420553781994
90553,24245.237880880908
90690,13792.822832941214
93608,17010.838233212373
96059,9215.72508996595
105488,17695.229167286423
102403,11531.541256605304
105357,11746.074446893379
81201,21487.943085342245
100092,16049.911462121208
105800,10467.176304486142
103658,6744.862981541514
82416,7189.5904009584365
93007,20165.863666174737
103850,13066.98598313316
97328,12811.106260754439
99167,7739.672206821515
92788,30573.66477431864
90228,14688.015110465027
105015,23286.647154652863
77838,11837.262487312377
88672,4614.9574999999995
86881,11511.737211619065
90515,9113.229718606151
92777,37989.17015512264
103455,9622.321441173655
97286,28359.5767308545
104633,19697.91013231387
83548,10633.52132427558
80980,20414.54899578784
87954,18807.356715415113
89975,7051.730079120058
83762,16261.29290040698
90615,7997.176927468457
76755,8278.49954361917
103371,10283.855354516874
102703,10519.690910185434
83856,2329.298418042906
105099,8686.605138127534
79080,18439.27028479805
83898,6947.854660784135
88241,10429.653478035341
89549,13978.514834657539
79740,9466.719785706227
81937,26605.15677821066
99084,15483.031535536029
106967,20671.004269978963
80358,45207.076889899356
97694,12578.769689673925
87454,10102.024859843388
101943,17583.538283249163
105586,7685.853330945641
105651,18532.979305043555
84667,7152.712343577711
99050,10663.869950114962
81245,24883.96890581118
78547,22030.784489732807
82473,28304.397445280025
85978,7062.926427107081
88385,9991.488975749833
95452,15103.822849028367
98159,6721.811110315177
107952,9924.529367135709
107265,8259.816206178097
99744,8480.80678028425
107450,14344.081318217144
108280,12010.55413027863
85684,8041.515622004595
90660,7350.890676270149
107627,13456.668361202555
93896,23958.384694139513
105931,19640.592692871523
107160,10014.803581365311
94644,18510.166248013502
100057,12527.071818632008
85053,10870.958820721384
77037,33200.955582126364
81281,12171.31963107196
101247,13677.79189940317
92031,28757.613285256477
83306,11544.061565946717
82079,17953.317328155656
85936,13762.28198224191
90480,7255.6044303154185
92696,20872.924408579063
105467,18283.125446636717
89682,7332.046989854498
76305,30118.178196932437
79665,30913.066444444445
82839,10377.577190627575
93076,18449.473208464136
104369,19408.52763213491
107999,9091.692374398986
83787,14617.284193551379
92554,30035.492919858447
99110,18635.01096945604
82707,7015.6440949819125
80261,13489.679849206352
102365,11316.196954059826
82760,15654.876026238846
81142,38487.44820251712
88411,15723.686737061727
97734,12170.62015262779
81604,49972.48766412992
84705,19123.00259088534
104661,12786.582393841853
87897,13563.1890346124
84651,8436.939811159313
82294,24780.558813168416
100689,7147.881990347725
105236,8554.058953701353
77656,14039.46302142234
94054,26050.053220403377
96367,29081.94789210666
99913,19191.49177667168
77083,20657.239451778398
104849,20326.71779554883
98172,9776.461308615842
98043,14065.106797643211
90979,21070.824462459703
93136,25742.245007087753
88750,9407.357690525181
88471,7988.1144755548785
93720,21963.354875793302
76649,12154.613677245663
99291,6069.521964168061
89267,5941.839576266743
108244,9905.480442664559
95194,26793.53661084953
103998,30552.444710007552
103782,8181.9620177582265
101502,12334.410346046263
85961,11782.809828678981
99073,14011.337834683532
106535,17476.260607668544
96594,8221.599289503776
76156,37866.19052170669
85484,9274.104476530174
79139,11398.0085960311
96730,13451.385509184354
101796,15859.04212271431
78809,31849.52215096755
101193,6570.378151223776
96275,12388.361769828507
98321,8717.824553912864
77928,12251.983762190617
78328,31464.54166902238
103527,11120.084373701717
89266,10377.766929259771
99074,8204.33405806452
97952,13865.883610759016
88220,13303.525295722644
90223,23053.57923631584
76506,27738.972927569845
104498,22523.92229035538
84634,16816.500675634852
106803,25580.96014583993
80608,14552.333679175032
78715,13421.426987720948
89962,19265.29219899386
88958,11920.648232178855
98941,14769.906527857182
80707,19488.39070422471
105934,9445.820414570022
106190,18849.427238774406
107803,25176.726017186775
87945,17762.719408162757
96859,7808.164334783161
84495,15150.057502007441
79965,29960.687698716858
89496,7968.43532864577
101195,10503.578413503292
97209,6924.4015162941005
101751,15443.17525958693
101541,9185.724875248383
96051,13442.89249048182
85075,6953.758546939736
77118,29963.64112075942
80487,11953.598002765752
106184,10764.837627454659
96374,2381.9326388888885
91702,18035.84056753287
77517,22436.082464281517
98188,12670.31568485598
91641,21522.504421222526
94607,24966.78237453572
86769,9784.152924510328
80484,49466.84050962001
86964,9741.234267118067
103086,7921.572972222223
84257,13016.560352696257
91852,18518.726191174836
87431,16690.27611936752
80439,25774.090699890414
90405,13863.13011465072
97647,8706.279990923435
108071,12506.17305303101
101911,21919.635041967616
82293,8230.09972279279
93627,9749.312927668305
92080,31985.353338588717
88291,9331.805297137167
97591,16458.245414977817
94632,13246.781499694784
79572,19997.06345782027
100727,13949.344551311742
77760,16282.023918976862
80267,23543.679978815584
106167,22798.06486194722
93339,22735.30322878127
98727,10887.471736969446
106765,20908.274611111105
106746,21689.135228865965
80012,26956.33797242096
86651,9902.311430246145
106616,10888.305561334888
88617,7699.971793752643
78380,12973.183629475854
102380,11064.539341054227
102093,14680.976664419773
79049,42327.29610338422
104933,14837.304866912831
81578,25223.73182850653
82296,25999.964295965714
102256,10049.140467153422
83868,18191.625013513534
101459,9414.847275271954
85014,6260.488061067965
90820,11579.46117071743
83173,8150.725474377679
91252,50557.30763058785
102307,8090.50258077408
95153,18898.232180447747
99149,8643.868312905232
76130,14725.073031737846
80049,25537.22005552789
84353,11757.59126140257
79550,10059.40659209342
106113,29722.31218567177
82182,19022.784464361437
99898,12147.336858331575
94685,29953.262694192945
108125,16611.775935041955
76144,15563.967888562935
82087,17668.666612451132
96666,9522.12907564927
105109,25559.16380346322
94341,37435.484208543
80039,28040.11602755686
91350,20730.682322533514
99415,10271.777699105158
85832,15610.318498399192
94022,10976.310190476184
104332,21942.088508136454
89367,9338.110044759705
101420,9718.423666372762
99401,25998.466573003796
79179,16834.150724341354
81603,16608.10083046129
94068,19875.797426058314
98185,10723.579114259346
99646,4907.539255852844
83218,14310.368322074326
84593,12899.911512356823
93040,16604.983427280786
104544,13689.366968994338
98735,14205.004602173954
86524,7407.216533745187
102541,13393.713728294177
88339,10703.8952066095
92750,26324.3009566888
101882,8949.133116471668
78793,18311.518444589703
100625,9827.78697536326
91791,22091.723849120077
98604,8780.532485362912
107903,12644.37793950478
108450,9207.807937487361
101903,7632.010415825864
96190,21329.935993655152
77299,17750.66412182708
96588,23918.990469630677
80932,64306.98260243274
81221,27428.601662750123
107383,12209.79083462338
92815,28054.253028746913
98724,13626.776574147138
101984,11188.061470545006
85939,14012.891824387083
91597,27418.122858139755
82514,8751.913156559398
88788,8975.045542596408
101131,10838.076463264928
82614,21266.375905239263
101646,11786.300503468688
87641,15920.897232910205
103855,13333.50821863475
96901,25140.31307866071
101942,19076.354360036166
92415,27703.01785802705
96467,10703.375164308181
104656,34161.13201523903
84104,18119.270984488187
96685,27872.125161209842
93816,25924.54888315991
104925,8514.585297328234
82086,15322.883022646973
93855,19233.659466090554
85411,14710.585606616512
88743,13886.492780568455
107201,8556.730448000191
91771,12844.806972570723
81001,25121.753571708025
90074,8721.357120105235
82791,6924.591876687639
102636,1782.99123015873
102722,13794.605550324552
94571,32342.741655127444
103852,7863.0470091071675
81514,15085.190859288965
99997,6734.136444105908
85808,10260.135211388253
95355,10229.443820987653
101928,7287.8762978274735
98862,7332.405295773264
87759,8163.135740018114
101810,8154.153440112822
104902,36360.23258186041
101361,12855.968362014248
81707,19051.965940126396
84482,18558.06622748933
87358,8302.751367151584
103589,10958.406812678915
103675,14418.689641972036
76652,19680.650596541764
104101,13606.297076542945
94807,19347.99879029304
77325,11390.408305313222
79875,22258.609186647827
83034,13582.392813701661
94997,25616.661264670955
85209,9738.383551807601
88344,12410.930759159197
98849,8640.332882299623
80527,38012.225583333326
87245,15108.342572857653
83783,15442.759229491421
96515,10174.858970027472
95110,23744.33294520708
92177,32143.736553979605
94690,25046.748340554026
80340,13532.046099208575
80211,19218.016176783865
87440,13143.697454407997
97742,9873.301912434947
86586,17066.014719678056
98006,8599.597099241828
87613,10296.507327778088
76521,26658.729547333885
105734,18475.202914315912
87925,7201.355955782595
94634,17418.147084848933
102227,6724.8575794241415
85292,8898.205145630838
76921,9629.198273055123
95158,20695.588408378975
95582,21917.622915039083
105636,23850.11144695904
92793,21676.95771326568
80981,37882.484253278
76421,13759.424573832088
87182,9886.106234969566
93677,20692.886818376064
92969,21114.691694011934
95005,16725.474985843055
85337,9431.931455437661
90477,15503.32262993771
83508,5989.985599481355
96886,14778.65783836551
104112,18878.327762029567
93923,26894.885642044526
83338,7071.551682976129
77100,24401.039753283734
103801,10539.581233517063
77772,25648.537410696805
94352,21799.580383464112
78360,22190.811866147553
89986,10213.012878079364
97654,6518.593050770766
90295,18332.716371693125
89180,15560.897871380957
82039,22452.363451467965
79485,15053.534478527085
87606,7250.932799575714
99574,6073.118535469856
92198,38642.70456349205
83529,19896.143663673636
83789,16511.69892321044
106137,18586.376088948593
81731,23094.91057909071
82668,9841.83948269384
95865,34552.06186752135
103389,9575.382791997197
98482,9581.494010078577
83775,12118.416954390817
98846,25228.65637517818
79233,12582.05328850914
93254,31396.03436665633
84246,10507.068689025817
101996,14288.925565276479
96237,14955.962739957286
104216,14373.58417905981
105667,32423.81949761349
78813,13039.869638531918
99270,8670.427192759907
78588,19034.666503369943
105552,12515.311628622188
97164,20745.18655843378
84342,15419.687315603556
103688,19827.144982867463
77484,9967.932918145041
94326,9468.028555555551
81254,27450.414036385147
90674,13185.382533408749
104261,10469.480167833302
106636,16831.510076459082
83188,20826.011183646955
93725,19122.62496950185
91349,25877.295642687994
106973,10320.699153864993
89671,7534.180243272648
92830,21678.206521950033
105964,17549.25412557813
89696,23901.530653756316
99813,8794.275252070604
108159,40936.245538359784
84988,15766.21765239118
84921,11424.724357447594
93609,35259.723147866425
105751,11793.624829798982
92102,31119.254346035035
83130,18273.91481142167
91136,25644.449993348953
78276,7563.906142857141
108370,24000.044623064423
100384,10631.676241044537
84940,10208.187406969642
91942,45200.82191988928
94454,32391.73947460749
100909,6583.502888888888
87701,19104.830640419234
104798,19476.33029865949
95263,23171.403351902532
87121,10427.52306827744
93095,19514.84419384545
85642,12866.404581524397
92656,15353.825622027287
95617,42871.80798379396
78219,13838.46766710747
104179,16043.002933231357
106438,23078.96254332014
87196,10426.204177619611
90335,19138.739581199243
82059,20861.198941546336
92365,23037.686519722123
98309,8706.111128043876
77684,13239.489580811092
89823,10714.92204244412
76689,19600.24172468656
98279,20681.376197660837
99892,8840.916515295192
77342,31841.045633249774
81074,62139.4882025017
101487,12360.154001990328
79070,12076.364505549265
95231,32106.95229094517
102572,3434.2332900820084
99529,11677.40476881418
105996,10056.795416949819
100780,7490.859060687529
106814,11345.271998695818
85545,15779.151429518644
79630,18779.50067079849
91145,37030.321421753695
84823,9960.42833333333
84954,11449.243652308103
96658,12615.324775438392
91360,26638.63312086825
90452,14749.8096537431
101820,5818.808551830077
81605,21036.127273739898
95895,24443.581541005296
99378,7162.6721340097565
89327,15734.070605391407
97326,7871.216454978694
100777,8811.540748662808
87405,12927.962754867005
97627,20701.357612964068
107458,12928.866209520571
79060,17196.96660522961
96136,12388.713496276258
98257,8903.11810657978
102335,8422.474730712855
77850,10391.0685569235
102160,10087.213341418614
102379,5682.724114543812
104579,9483.634070838214
105614,17735.137102042703
100113,10624.236873377315
91032,21620.540230061433
84428,6288.464750640274
95075,12667.826614886777
103736,11250.283414901625
86290,15301.10654118245
81511,35672.618046685675
90680,15851.51673745136
108256,16316.75309505426
104529,20038.080178054897
105190,8748.058432566768
83963,14375.898070217781
82386,59982.03320959595
96710,6530.38649617938
83474,6515.747021843655
85539,10126.680899285997
106439,17759.859833518076
102158,9962.366853773325
88822,12825.078674680859
100881,9554.051322996935
76677,50083.38667741076
90178,8537.886346066578
93735,14411.156127327657
84662,11265.923057978885
106182,13836.246412462362
83398,12421.494718374282
87992,13772.932745045384
87968,8492.788531259823
103912,15543.139233282987
93375,20773.4365958652
101226,6769.400517290565
77949,30448.27606029952
85607,6426.242749614744
79522,22207.32574004499
77739,10124.347767536457
83123,6439.491670011644
98241,12864.612542734216
85653,16536.51188079155
103346,10993.859682768683
93933,25074.83431362832
103652,9221.833889278892
101032,16934.75019621718
95245,43927.43877506298
87397,10788.609861539344
104051,7789.3939066514295
88815,13267.625718556714
78834,45254.04329298941
86348,11988.568294395629
102205,11131.112759181771
85638,7278.796914837797
84036,12694.932668085572
103627,10897.119674957996
86641,10854.314475096904
76954,18964.74886244306
96042,18147.586744505585
79230,22031.625824630395
81240,25154.587808157987
98464,13842.952970504804
93761,17983.978230621855
86239,16305.652434647945
106231,21398.996525785307
94092,29737.481983677615
93651,31859.65130032004
102239,14266.038204067232
108216,20808.98509720436
87035,13305.248975240667
77754,23027.9499067631
102892,9701.978512519847
104205,8703.198699895795
89539,6914.444777176548
94276,18723.600929085114
78405,11496.472489164882
82829,10974.945801204287
96653,12621.552495441903
107768,11470.207635451114
82557,10521.28833337986
79190,15042.055849518494
83639,19460.779643333783
106302,25245.297239190313
83161,8774.047621987136
101839,15691.540522950087
76769,31707.103694444424
92536,29802.92211791198
105981,10745.644303282905
89644,14906.28632661831
95175,25029.1897926516
95837,26507.12907503156
81282,30560.616097643095
92231,44051.47877908199
85287,16256.484637202
82582,11809.218985161093
82666,15777.507458091903
75999,16619.882318422322
81738,17848.022417299275
87020,10904.008387895043
93066,29585.524735392548
88496,6814.144658704279
93297,47447.53907825477
82044,17063.023761244018
81673,25049.51092310957
102694,7439.349808802312
89509,11814.29578402767
95965,33683.25246362734
106101,20590.110755867372
83569,8430.556940490473
104718,22118.370213891318
99492,21675.449402763246
81091,61157.278351851826
91028,21173.874551113833
87981,10378.17934373115
91801,17521.302588891882
102243,6719.69199519352
82445,10491.578685467128
104094,6652.447561945607
94745,35961.146924048175
90106,14001.47454123081
89015,8968.850563353877
93183,16685.10406768659
84610,4983.122733365726
77055,21318.43620451729
79194,15358.404629242656
91155,27194.84296757678
86569,13823.63487001336
82485,6807.310172019416
88760,9998.01775082695
105923,7661.143433605488
78686,36314.10392464138
88814,7876.845429759712
82320,17894.111892761302
102937,10905.67798413609
87116,9387.115605237292
90494,9741.756793963394
106037,11040.58210647074
81698,38489.58299735449
108120,22537.062296557237
107501,14878.696887198463
76407,22443.958488652494
98601,10991.55745579776
107872,14678.176049321266
78176,20085.049553950677
93534,45391.514132150995
91839,10709.960595188479
106436,18298.557889164218
82935,16658.55017313562
84674,17608.542750135224
83479,15757.741648093548
105047,20727.88579967683
103698,6820.233146604362
99614,12936.44777587443
84726,9339.473893838858
84695,7580.281750744857
91147,27917.823874332316
87076,18134.50300234472
106200,5106.256544871793
94496,16521.997342003986
105826,12734.70898003247
94976,15379.546422674417
86380,11039.116675673484
79211,11072.136945007363
83213,12231.344046305236
84355,10683.853588430333
108034,31699.845404002754
106948,9826.449825793003
94995,34249.29555129768
101963,8021.914103134852
106550,14478.759423756357
85682,11952.997886109419
98174,14805.01168492203
105423,11766.024268518517
77341,14244.914359408878
83563,12844.927554211386
80177,28453.5773828525
88183,13564.11796373943
77520,19010.50330172189
96601,9804.393304454114
91964,26134.667791056945
86685,13801.240035807927
83039,14917.069970153374
97785,8698.27290100009
95814,15891.165082450301
83452,15447.436935414551
84518,15023.971506238375
102194,8838.725449606263
85247,11057.254315297083
85418,6036.204525219097
77908,10832.38775863668
92033,21551.185339700965
80872,14424.359710786022
86635,10555.199693955916
79420,28308.248109718126
98251,15154.774125462234
77158,24928.213863841498
89969,16794.795640458386
85928,9508.542348323377
91375,62516.994455636974
80568,20918.937718104047
91041,20461.313948046765
89322,2050.208222222222
88057,12378.622814058881
89486,6981.312313405732
105977,15074.585017940035
88167,11789.723614485622
81115,45440.172800573346
91486,9843.1495444297
100782,16546.25927639766
89320,13688.461247493466
79784,17442.57401392489
89096,15931.737214493382
78264,9440.029380944978
97581,20087.04890143265
79576,32834.648622170665
89259,10221.277173006987
106745,8395.265637860814
92013,24702.80929111461
86678,14454.27013361296
102324,13926.95698134455
77632,36529.802943802024
106887,10461.951982351851
78950,21349.93766943816
88191,10092.609564462218
88247,9666.75893730612
94345,14487.243684178615
95349,18254.763220208897
93901,42875.87475654307
100074,9799.939954665046
85164,8398.076808003085
106172,23611.986718706004
108479,15446.187671721684
101908,13893.021524543745
87385,21500.473760844307
81494,10540.058262150838
81977,6301.963333333335
108330,12559.61229970727
80073,13575.248049074005
98716,11121.641683126873
104170,9307.696573719359
103992,13277.100890986398
105540,17955.235754836747
75987,14854.824322333609
99496,9491.87663247731
78765,35810.230923631534
98564,7660.231916582256
81895,18603.36601902885
100955,12044.894939450758
77153,50081.3527824074
103888,8248.867157886249
105921,15435.300816723819
99660,14211.74879204912
78579,31652.174206489846
87023,16109.298158700758
95879,16073.489657143824
100433,9957.343220170535
83011,14102.291370830359
103255,9725.748937454066
75978,21577.109705389365
102295,9158.900505165353
92099,11152.356488142292
80985,29066.319336363675
99556,8765.23091650578
97124,7740.48416320497
81386,30256.137563927477
92818,27685.06559266539
76413,7900.567103174607
99585,14663.35519349223
98093,13804.959029160023
87527,7972.839109575062
77911,28014.554624824337
85090,16390.559423230014
80843,15275.454555429535
107096,10231.384650358294
88042,13966.14526565589
83948,32279.708418842798
93242,21720.171976944377
83677,9879.652895181998
92864,10592.142963818449
100323,10536.95639888764
81042,17659.469055670164
89663,11723.381724784334
85381,10978.078472132549
96699,13446.717163537198
92422,31907.00793529794
96880,20400.795778072683
88530,10368.139409660847
81438,26357.21602702866
83484,5784.112286850413
83637,16657.042050274104
89092,12967.301269127494
93732,21366.478353412833
92925,19282.54266554309
105183,11977.57568589437
98369,8826.923765017858
100868,8042.536172243125
82430,12342.526730844134
97604,9444.195870322297
85474,18354.945160255083
90978,11972.415231390258
97258,17665.725112702657
106720,9354.516284061228
89418,10816.872581922398
83154,9523.29337471655
98671,17452.706995193646
105356,18159.007634830068
88880,16205.357327823298
84275,11641.595057027815
93184,11350.665415436415
99811,15174.49765108749
96995,13253.847020093866
89700,7317.99564807124
99390,29413.642338159003
100504,10425.126402266942
80427,9795.749496162882
105125,23195.460671155142
105652,16339.96219932096
82706,7472.0221756469555
97831,16414.85308106669
79865,39960.53446648381
78586,15190.889864473933
85926,8166.196498268433
83961,17254.023611353827
96313,17083.16126433453
77556,29836.52998959455
108155,21958.17600946563
77590,27925.974966547677
90192,16146.326326605044
88094,10483.813684944353
86737,18086.886427120375
107509,18701.31626140437
96960,24220.643634668944
85495,28700.311946443355
80902,19436.07799924592
87998,9383.573344082135
93672,19479.82829559726
101245,17365.7433036096
85802,21728.804919733044
76378,23673.509179252334
92576,21845.371203520634
80096,17722.876099832916
103064,4985.496279363338
101782,13420.823413356055
84729,15634.025261403483
78010,17542.20836663969
76995,14421.556664451768
83407,12464.659545942874
86858,9762.985067333904
92623,22287.442544442663
107680,19955.969422382383
77324,16356.480311948011
92312,15926.171387689426
95266,16790.451783485547
86907,13143.705892447244
98403,9134.284838634509
77236,25731.09585587752
98098,11808.474698163927
100392,8164.167653156328
80696,13152.892632517554
100083,12420.772055697638
107500,32548.90918468958
98415,12617.528838449916
89111,18414.334168221598
97813,12657.923647206777
86818,10781.162500283854
76368,18565.389420860414
92461,19478.114358939834
79280,17119.107176924706
94481,13710.476517692277
85233,11407.672226111383
87051,10319.74137254121
97596,23581.66451638799
84911,1718.5599061447806
84923,16496.75816818694
100105,12761.01250758083
100360,10010.892429677535
87548,18180.842935034965
106839,12678.292247641855
97625,11130.478406452045
87757,13612.549340695581
91686,19202.35816067422
98789,14012.74151708805
101190,6890.3939632815545
88070,7209.413349301231
93252,18825.118549028546
99741,17656.52040700507
104820,7783.6991150459
88169,12397.271485575722
77198,10803.725698007254
93558,28575.022662715197
82381,18969.480844309877
99874,12280.440156866574
80727,18874.973904040417
93762,26091.89268477711
82928,7845.125632107452
82083,29653.83670962492
102681,9575.92825617338
84592,7072.022656304744
90373,27687.649377177644
100741,11649.40316473204
80833,11541.974956483691
91415,22845.60295885611
98086,11708.972075589689
88138,12606.390685803983
86387,15038.622191996063
95134,52865.59644047622
86392,17891.426318391652
91440,22165.458623654795
79877,13634.411856081542
85439,12496.026523334831
88629,10136.058455706576
90541,15870.3589265728
94365,19833.747647315446
105625,42200.71994081438
100340,13791.967971675278
78761,18838.181471531105
89066,10742.786044437527
92418,26750.50791181659
90530,10382.988748866059
91595,28792.023020841032
101516,7044.616107990025
93518,13899.962081806014
93676,14777.434941372685
77432,27412.375120183744
94585,16046.219371468896
96358,8225.73574027475
78159,25657.834876439138
93872,12421.75270610354
86968,10733.442949058845
76425,24521.31553062601
91431,28114.351005490942
79862,25793.161785714296
86839,13739.200824631263
100378,12163.538062995665
87028,9447.723546422576
81612,20021.571814598978
80822,22080.48269315533
79272,41450.92275014759
76037,34529.202449576216
94336,11713.92929195853
95900,20706.757052974623
89645,7610.941725759606
88068,2287.3708333333316
78067,28438.336992288412
107703,14626.003434971735
106822,12705.8932953608
82155,3335.7343500973802
91564,36239.922867614965
107241,15763.346164354445
79829,28344.974151515464
82574,5918.612051593109
93529,30972.9557145013
86196,11204.264473466135
88887,17984.147701236358
103822,10398.848304638706
97431,22151.400298973604
80655,20878.58597336876
104352,8475.54910288901
95983,43144.644687560365
90231,7633.990145299382
91426,24485.708473664945
96804,13643.907100347835
91789,20139.421616259657
91063,27379.286555555555
95672,26708.49757435959
89669,8034.543758765458
105177,25703.969165718307
83317,5247.611083896578
86083,14673.456828430131
98558,9513.916690678152
98497,16033.711396671686
107910,10293.767397352924
101650,12970.135980890587
98157,13387.975137891484
99234,20429.660668067594
91943,27388.16310307429
99237,6245.0688541103655
86413,17640.23573159922
85589,8976.089161303562
83028,11376.508221322672
84633,17838.189975248504
76000,12613.631886590287
100519,9399.974906589609
86940,11449.95972222222
93162,26641.829003448565
98061,8461.397666060991
99205,20684.012287656093
86507,8837.092591817915
91613,26594.822501920822
85308,8767.874781013314
105270,20439.322450913507
90212,5715.657727148847
94127,17183.601701459032
99422,20348.08293595225
105583,9594.395393742878
81264,28163.842184643316
96205,8306.884933217854
105242,26705.403625898267
91770,19863.944532904432
101725,13202.94221679708
108296,25620.954669647137
82556,12603.470490150654
93282,11208.030298603213
90749,22773.559467140425
101708,10576.53852877008
98952,10842.566988740073
84008,7183.5945515540525
104420,28733.08747596876
96406,7671.445553005005
83723,19629.842519375034
97143,27014.968990654437
97025,13505.044417270856
81322,70064.72997354499
102314,7745.975639978215
79427,7586.814658449066
107605,25702.14253394175
87036,6993.678987508458
91115,52378.8185493167
107095,23411.495194241415
86726,7868.7754752834035
89311,14422.770190527945
85612,6918.418001285669
78297,12396.90024664088
87140,15576.008217382307
99815,11724.70067831158
99814,11771.282816786976
79285,29070.88059520252
100846,14218.494613273522
83155,11287.01293093805
94858,25618.125731856424
85781,15120.970555832684
92914,22716.48895090632
98443,19164.872283301003
92134,15033.635884521911
102425,11467.189243204792
100338,7399.673511545872
75995,13005.71705033892
96586,6757.467459295965
76467,12786.20288941302
79386,24566.40324924937
87549,9625.611037261498
79953,13324.710205936914
85516,7051.047016376898
102251,15703.524005256726
86747,14292.64930625241
96255,9691.49673705388
102580,4418.406110880014
97573,12446.633805197967
92803,16119.118538070212
103185,11218.376166064787
93477,19534.160037505513
90488,15412.862403021849
103256,11876.487388489655
98259,9978.02547338701
79168,26335.46813001867
101416,11490.889256475066
84088,10108.473602218572
105807,21995.67222803472
107132,13777.564928571426
101505,14288.747760870156
96102,16790.307409938327
80342,22127.64273526538
83221,7742.958653765485
87186,17001.746139271025
89162,16502.462837247105
100282,8796.951569486286
95292,27158.828841868817
95878,42721.058992486694
81326,14966.300782515438
88518,8752.742366235067
108243,30145.83944301994
108026,7655.951595862171
96751,10989.011349950923
90571,12225.10368418545
76767,21098.13901037809
87910,10857.021637976519
108470,10897.63902225286
82634,6572.025545264475
92666,27900.739326974934
96690,17014.256445690302
102493,8282.605691925124
99491,20712.053493947446
94959,17935.103955564962
79015,36289.242777777756
93400,17325.64710103171
90577,19152.840035602163
83608,5548.174037688984
101527,8973.177232006676
99227,9263.24614751159
105333,14424.139335121656
98720,8818.180098704403
83359,5427.768308557789
95498,16190.765435305468
101019,12370.724793602652
86045,10088.380688294223
87546,11782.184938105229
87526,5577.890224264323
83304,12947.486087441404
81244,18317.164629679144
76248,23794.290456349197
90107,10409.221866231042
82584,8149.824758222456
97783,6382.417965749139
79048,12739.865332016636
94531,17888.650568725145
83872,7762.117811727893
95726,27361.77862667888
107362,8784.90151150347
88562,6555.536266296192
105680,8226.177647120594
77859,11455.283738978667
82802,10805.146651914869
100220,6489.433469466915
80149,21350.51494437629
78826,7847.941169011547
92081,20618.297009868995
90008,22189.236942629825
86319,12869.369213699389
93624,28347.378950014263
92325,24575.698749729592
87857,17959.91270589757
84996,8102.742832888553
105536,7996.562708263779
86209,12222.613870323106
96095,22611.339487200865
78426,22892.021143662532
80287,19297.379120010755
98154,7490.0159625630295
84049,16925.017403961596
99005,13479.887888177378
101228,9368.564446321725
79488,37569.14422222221
95378,30768.356147500737
81740,18882.670418341408
101394,12680.94167913645
102736,9784.929167815122
75993,54846.97810720298
102322,7597.510925033925
106248,9459.51569135476
94377,28265.767564590536
102281,7437.699076726002
99028,9589.973216387383
88725,10615.958888434301
101290,8466.425186543307
101436,16712.328817004847
107395,12698.744175552005
83696,11971.194322610703
87319,12190.025976592437
77845,9270.47540126259
94163,11528.884582448549
89778,15800.221892816524
81251,10531.118557930793
88855,7784.667653108652
99680,8504.990376019605
94593,18756.96384496194
79028,38918.72511111113
100784,8652.17070893
90856,15490.19144812036
76836,21519.996274969377
105944,15079.9068108633
76844,14516.813032796284
85377,9057.45662835638
102613,9867.29249919413
105832,19255.95070827246
105173,14038.528438712154
107270,7800.666945830807
104605,18948.618693146258
93776,28229.70579146897
98145,15545.124014576642
105384,6242.341387389509
83797,12437.305554818025
78439,10400.23633818408
84850,18031.46684261692
81348,14199.463293681709
81586,61646.53143362195
97554,3767.5138968253973
96691,6592.6279173034
100073,15440.202301504298
89195,11459.88454908627
95919,17816.499559283104
78872,8060.754612416462
91100,27605.19285749905
80008,16005.615549673967
89155,6833.385911842663
79002,5149.989007936507
80103,16352.837787190601
95722,26290.563677849917
92248,32213.923266391375
104759,10597.897722226742
101435,11362.097386336829
95367,29433.880880780976
93611,31746.298533825702
95610,25692.02285997542
87950,14045.189486941134
78095,23454.772600956465
78646,17794.626574347934
82091,19108.296173608527
103774,15193.472534764893
102660,7141.634374313219
92256,25707.240036395367
102733,14320.428848445632
95698,17051.910522596718
103008,11217.35900215513
76310,36532.477647156076
102230,11631.648251551187
108434,5161.761341799202
103325,7216.95840190011
89871,11577.379687243423
84888,11625.218401111975
94838,13840.342258004996
83744,6187.609973989975
89112,13697.929682513803
102043,10180.685563969337
105254,10240.647772643619
77814,22461.46971363772
92390,10013.744806912759
106879,17219.30826552425
77049,14133.417075396826
84476,12470.49028871082
81372,28185.196281319422
90236,8507.367053418964
92132,18701.546207401087
92240,19610.057984772066
95286,24063.99434212799
101750,10314.498402786898
88817,17232.787011417517
81131,23602.114858848152
84244,12076.254898153384
100801,11121.673224139491
95844,19617.765015511384
83870,10298.842286778416
88723,11043.87249462581
81243,24654.274326002844
100385,11243.202981392511
104717,16907.214686054256
91235,14565.91005818334
96520,9311.895907801498
93381,33225.308952847816
80691,30500.41481403577
92000,29437.291060807955
107035,26912.048252491622
102138,11681.716130713714
84605,7821.263480970612
79297,40302.34905555555
106336,24866.46937110305
94253,26347.293012518254
79716,23691.15401145071
83444,7941.24538079059
106618,10829.58175014673
96175,16664.311699725546
103007,10099.16337618381
83413,10569.999605080542
87204,16524.563858543173
102288,7827.3845321101335
80637,23685.826674325497
102156,8008.731402250646
99444,5650.405556337208
88292,16194.371979728916
88382,21758.23498156652
83149,16202.452967923284
96173,14328.407579729377
104005,19485.997091916546
78097,16531.776719972055
79949,20420.757247907466
93089,33778.39698445768
86142,10755.752205408317
79736,11822.391733509101
76052,21179.425720736843
80534,14206.554537522537
86998,10892.24636311528
92690,24990.23731730282
88656,9020.338420413975
94395,20092.732828251894
98447,6985.326562035633
97701,16793.504613519148
92140,17752.715699998116
100562,7249.766748461962
90947,13364.766025317653
101174,9156.20938243177
82150,42517.819111111094
82220,13846.685097754866
99327,4137.954563173944
98695,16032.347055419506
81373,17561.064925293846
92571,12322.890898070622
99568,7287.568175258016
80774,36519.536222222225
88548,15879.55093363969
89214,16033.867951888134
104968,17711.350074955484
76079,20485.64279412104
106643,18226.37095455524
98760,13425.063578856289
79377,15681.89775595579
92075,33603.50398582628
83689,15545.956320909103
89321,9479.48191739106
101772,7676.208615793943
82498,13095.977611999688
100293,9163.57049735668
82360,22738.1161564925
98921,12633.697785496886
78949,33164.21362253874
77501,17704.588281084656
93322,25064.85670998854
85827,7814.108063867902
76428,18999.885065531966
105249,20816.251230714148
93940,25673.643607639995
85259,14836.770879945889
95570,30230.82055006542
87993,7894.854388156249
99558,6839.142418150092
91277,18653.092518578636
93825,18163.449431535784
107121,29197.90508182853
104959,16102.55223603776
96364,12007.551220425574
106601,18704.08394894367
106375,22700.15028588605
79619,11341.334167834772
76473,15814.811687442188
88184,11281.052032897347
92530,22723.580696998724
100669,9253.200353281029
97656,15318.881043939988
78071,27653.147522445095
89316,9244.09430368922
95061,21549.76393044104
86189,13775.720852482302
89553,16514.96544467559
93106,23513.181561495454
92968,15045.565796195138
84025,27262.974333333343
107972,10396.660917176938
100646,7166.275455440503
94107,48684.814478065375
93865,15395.992935245189
96199,11367.484105267757
107397,26046.23314134397
100882,12357.902165311742
104739,13740.655136072291
85360,18026.12101186952
85630,16178.806191803913
91862,26711.28349066027
107207,22217.903487693042
97162,6898.488973333831
80025,32345.5432145693
102082,10781.49105809322
85267,7853.8953779741405
101929,11414.448472152608
101500,10172.560434685469
79709,17157.782419942974
93972,12686.990419833253
103035,11940.893551805158
99214,11684.474932599707
90020,15378.556387975843
93078,15257.299444444441
91474,28296.887169089063
104931,17035.483558479635
78728,25995.90417815665
79185,12958.512071775553
103871,7212.565266599431
91303,30078.54999565095
103205,17952.519303099765
102796,15184.117797973815
84381,5470.07823867156
80694,2971.9824444444453
88412,18000.370318689314
87437,9632.006947826481
81938,26295.14871972992
87557,8279.418777358173
84227,14409.997520764446
94972,34857.982968253964
101329,14237.733465859916
80069,38045.22083173864
82432,6075.221570703893
103399,8209.111493662756
77538,26865.00715106063
83684,10432.389512785643
101430,7325.228304461694
104322,16881.283170586925
106856,13395.812139322294
83084,7858.352685568815
102179,9655.78281252217
91752,21485.052907695805
102244,9807.231552278203
100903,8179.727138754126
87128,12809.771474978976
104654,25655.934311412177
98265,5832.641423598411
101764,8693.545492588515
77753,12655.386699832246
93483,32699.9382304932
85586,6947.166335934797
83436,53449.8871269841
80395,15752.367029368821
78652,21718.057899437965
92985,10311.288494907149
87343,11010.099698277525
94390,31084.228614112668
94485,39271.748322825144
79564,18645.734942547126
106104,31909.131431937534
84557,11499.47096488547
105524,29954.54679434534
96622,23489.735920826854
85389,12834.869617023254
78029,51005.4688227513
107904,15578.609321020622
80526,43782.329826599314
102233,5905.518726671475
86058,12018.593638917417
76614,27664.274080995554
81334,58353.45938888888
95043,23282.80837436246
80400,17016.495203551363
100114,13435.36634801005
92049,25697.99313872755
104070,8567.96297454309
95487,10837.63437662218
80402,24815.64740885842
102682,11909.650738329456
79747,14089.279858137179
97331,15568.152137580291
92573,25853.68982905319
81827,18468.32470024101
99721,6286.334452412849
87560,19776.29760416842
101447,11146.00753353483
89027,9714.22335186072
100905,9213.627563586235
86467,12258.307685307256
90523,8141.585635321578
77588,38268.29527777778
79946,24694.246727778365
94096,20115.97710861232
106481,9412.862165064838
100694,16086.180954010239
91176,58836.61247293445
106878,7295.953245980296
99871,14128.936591750278
77534,10621.335784030784
102006,11513.389752094914
93356,25095.687339259555
85788,9981.804738619023
97108,18024.642785068307
93129,17326.22550482719
95168,41179.3532188626
96578,10553.577755170045
79570,12864.678171523525
96604,15023.880871986517
76367,8212.443609970858
105065,13374.177381268406
90635,17764.726728331527
107221,13620.708001626981
80375,12850.484742928587
94421,21740.94991209133
104009,10041.192183872092
84804,12922.429381452883
92074,27686.413975963213
103678,4798.510555555553
102350,18169.251111655187
81690,16683.551020202027
101817,10149.17139086157
108275,24614.0072102997
78030,16415.47481501832
91570,23827.503575658746
96746,8877.52222028725
89748,20297.91968592749
107889,19778.420266662524
88402,16598.200877634587
107789,14915.65507445259
108061,26895.805222759933
105143,13623.612895940245
107488,22503.458150299182
100812,12312.080083536917
97830,11315.56375970974
100664,13302.647679340236
80071,28441.38747729541
104550,12214.460549455935
99466,9502.686472926658
93777,16576.056818846224
108105,10377.708428629197
90322,10610.06225495246
101860,14231.344930679823
104129,9325.954200387248
77381,16674.399568273566
76946,34582.24508275837
91556,14524.922540607586
87190,9354.080114934259
107647,21195.44144146354
84177,12027.691608307978
93266,29325.322670081096
107341,13793.600215299823
92693,26651.042401234557
101292,9486.36843861267
79651,18085.783634431322
81654,12245.537176688305
89688,5458.955361139659
107423,14229.813201092804
86626,13177.84478825659
101633,17831.748123952897
83827,10757.854904353597
106678,16497.03574708243
93756,28240.667576009135
84185,27957.4321697596
94867,18571.529519365962
101062,10400.833372252788
76567,31644.93201559254
80522,19392.149908059833
101932,9473.429803526511
86016,13577.969816267849
98609,15019.208276833228
84081,10834.13575628032
78446,10877.619742326831
82074,19024.283499999998
108374,29991.254056826165
77895,23866.20329293292
93416,18518.46504477781
89357,9362.061624218373
106786,9844.902182273981
102766,12603.887104066189
82233,15403.080059079448
84115,10474.423541093169
98073,11177.157406300015
106198,6755.722584413715
100335,15884.689606756803
82169,17811.474388258288
101191,9450.749180018614
94584,15749.028842777985
81980,18694.546637269785
93574,36614.828486241735
76934,36917.500130796296
104181,21177.15271632279
85205,13616.581052229432
101304,11543.818063705527
77927,47347.30606613758
82028,30342.348817076614
87191,24454.186765873008
77713,13441.496107034101
100414,4602.629857581322
94287,21940.64002456822
97941,9968.296059185464
93702,26396.602877953374
91433,24770.630889857686
92420,19360.099592050137
88433,16969.821619475293
91656,33709.00921519219
94313,28884.991528321916
91218,15279.337963912429
104418,18331.015633611758
86375,10408.167805406229
97556,14079.596365427455
94514,42207.639227628686
79165,33103.301167832156
81780,15357.729301605796
105424,17074.05024363927
77427,15042.791027777776
78626,20399.299288948332
85465,11577.728701231994
87616,10555.462036612364
101667,12207.584855437633
84226,13530.605727877766
104737,18982.480154251807
95041,32893.42845456617
84070,12202.311192975445
79071,15442.58106780959
98688,9052.866575795815
91104,30075.915767195784
95301,17280.130696443175
82795,6167.604953817271
76606,20096.198166259077
94708,21865.517140869393
82934,7308.045587987186
101243,4658.2599355089915
94629,25556.296267730362
88235,11926.52032539682
78913,50474.52733877833
94480,23215.758238095237
77005,15773.345373015878
95511,23100.577575895353
88879,12842.642701663492
78396,10942.0013276803
99977,13295.553507293615
87602,15212.532959939688
105439,18934.5606448341
91094,20844.897286374788
103575,5618.115337305661
102840,7358.478840613211
105367,10420.58710281572
91884,21880.693857468315
84572,10719.87245156427
96544,8725.868877622928
94082,39142.76777777778
95510,12870.604907000241
85718,7784.275372347764
92527,18861.78908171969
78855,13770.834578941376
107521,16912.78355379823
98876,5064.735418913857
98440,15398.004999351138
98714,10283.12932053824
100643,11521.099824783942
89570,6530.3428964823925
94168,32447.324785714274
93299,20088.88853382293
96033,22631.817395396483
93742,18880.441171218878
89946,13820.057730851735
107741,3602.8174985569995
77268,16082.229351243805
84848,10180.986527522677
92323,31357.84426220772
82181,33096.36192355302
102252,6712.981624808389
100240,12205.66988243727
90422,14812.369993574659
103145,11201.242049784223
83333,8013.235643894003
97103,32953.30486185079
107379,32451.833543470297
94694,24633.654192912254
97339,32069.43150676328
93104,27595.420740321908
88194,9903.626096565846
81954,21985.372972397177
96391,16030.523042172883
76563,12212.857824128509
97630,18901.868198568627
80201,22062.567192141076
87854,3775.731666666666
102312,10500.94771241788
93848,24201.661937956207
82542,5985.3907059822595
102300,17840.299121914293
97229,11704.43699821745
98907,18191.271329124724
81238,12321.59502975732
101377,10265.304745005082
79109,13761.628466132808
88044,5440.151231864938
91950,31331.54494830995
103403,8820.904837124684
87611,9354.440051954047
98169,17217.81008085248
84352,13655.148773046987
91787,18854.72545991194
85668,8218.514447104495
91287,17785.425470264167
80289,18650.608555354185
80647,24452.077388736976
90612,26994.061682539686
84941,14051.780633277172
85955,10489.051743102043
95019,11648.153813492063
92685,19097.07658542568
87156,8069.537337616406
98300,17954.66153583842
80737,25299.37148730418
92849,25912.600770589157
87490,6493.123712705431
106168,16356.12975889932
87014,18275.23397068928
95822,18956.951386805966
76797,15217.93920839244
88416,19143.208299457532
99974,9961.334275745407
79248,9845.154732295301
93969,43528.17135541967
104746,23165.80431734562
101092,18645.54678597074
104076,18822.94616007507
99087,7749.657350712644
93808,27977.757666666657
80849,31429.467126798554
93870,41807.35354351416
97218,8751.72221667897
85690,13297.494957342382
82581,15338.308299412236
81062,13493.963700035953
98925,14368.032867343305
98116,8076.465581849624
78229,13369.404050630257
77717,4083.4837777777775
92227,23319.129986405154
97525,9337.616368465015
92015,14194.100817462499
93168,18199.543274193817
76841,19769.525735946325
94920,17498.05119949495
95188,12239.85441593874
91909,46594.09755549542
104631,14503.24930068759
91186,20388.575131219663
100465,11702.15738011576
79253,17911.068429367657
97133,9455.523495523805
84758,10048.534687907226
83113,9181.839055665583
92012,28367.71647972138
97730,11080.141925808006
89579,15671.12067318008
89670,9476.589257475956
98105,13457.10580583851
79497,21750.43250828951
85954,13105.478968684653
90314,5469.406650488313
81052,7371.106863074387
78531,14858.028865673172
97791,13447.320006685068
77746,21643.52643385065
105318,20263.661959711473
96956,9194.413418875567
84493,10336.651805102534
102164,7991.8982159277475
84640,17493.7406908206
83292,15044.814697027166
80446,32823.19398286171
106883,20283.827772715795
96822,12223.562077595187
99282,10155.98230841619
94359,11702.791664607856
105084,22395.884804733043
85908,13752.113759331523
106431,13406.951396614499
97313,18105.16785210209
101268,6795.972077770701
77989,16048.10178410446
87682,19564.02494299513
106611,36043.112277400694
107890,11004.56501851947
79578,17921.910697054365
92372,29134.65774953813
93915,22129.8628167804
85425,8840.919466841187
80577,8367.779349593975
87561,15415.054307151455
82120,19012.880805411387
91633,20959.713381610545
96970,8822.926813994942
103356,10742.841458072426
89416,15525.53681309906
101155,9258.14942228944
104222,19083.483748570005
76104,16597.25826404722
108362,11687.05169990117
80616,46715.031024687094
98659,7648.482703955598
76470,27110.332411712116
86501,4398.03214253422
103166,7775.166454508595
80799,10897.240103174598
103699,11659.440109839426
97005,22904.58618792363
89375,7978.243514765933
89434,9070.345306932439
103114,8418.894427177744
99021,25947.13857351417
85368,6292.300359766706
98207,9043.406062164628
88420,11548.082083334317
86225,11398.884208645888
107761,47185.7390551886
83146,18637.21796777273
97834,9937.076910937774
95729,27637.334794499373
95480,48634.27067733208
76736,25801.67472681227
103683,11525.621329205433
96410,21239.917766564762
101570,8414.117760020847
81039,13475.423609321586
82813,17764.33316300965
88704,16185.750957613938
77926,16303.315259419092
89560,14488.476730305823
98902,11610.592769738727
105164,30230.781730364946
108109,11554.186183092339
84480,12371.310903364418
98239,9172.825996384807
82385,31181.470260694095
91637,30200.83701478406
85732,7968.672699860926
90790,7082.372662835208
90251,7379.1193369049315
101246,7919.0855891327665
92962,21892.80275475326
75988,22142.14591668157
106880,18690.272661634575
89844,14112.39386750121
79925,16182.820024223629
76282,20469.76858885033
85648,6609.220241458346
95507,16767.17147107922
96605,21028.548925560397
90201,8750.700244983645
93506,25417.77347331046
78490,12705.585892416226
106831,15903.017572813329
78101,13934.460501091015
93059,40790.99235218486
106820,9649.224579830001
80839,25627.460271938333
76695,15722.027142746145
107678,10610.442605730246
77084,10864.396977337754
107856,14217.57661250029
104446,35288.245670246426
93306,16631.387180025493
76610,31522.598482950274
94451,19238.967357480156
96510,14941.11801694823
84861,17805.41442525715
85787,24410.798452271214
78201,14999.661296037737
83353,13567.1494597665
106485,11887.658177179881
98115,11026.560933367238
83852,13688.714976092897
91320,23857.659219671303
92427,8973.389166666668
83851,18080.528907555385
92011,14767.94428910251
96043,8278.85564490876
93535,23886.67315253265
80183,28851.08401292878
99075,15255.681264611421
107932,14967.314318464249
98968,17575.197986052128
83350,11514.097996545443
77983,18156.68159516451
104722,19689.043978081183
101213,9533.921491452991
99670,7257.126856545437
86163,15629.903610283525
107969,12017.628745099912
77875,17183.558896040046
86254,9456.651868150511
106709,15079.927862726981
79732,28276.034881540585
107841,9074.091798396972
82222,17861.583840927007
82020,17327.23083449687
78930,26591.243975752386
93446,13969.212470235752
82880,10746.38928555649
85724,8312.711330661186
97629,25227.870887258185
106635,21217.503509949274
94103,18606.296685043835
83051,12032.052277935964
85087,10656.529552714246
76917,15859.722757448033
95037,32034.803560283166
99867,13104.606885595598
107425,27252.147930913077
85753,16466.900487242725
95099,27177.729794276125
81950,19808.137832355915
87493,10349.387338853772
84035,11305.10712024019
98743,10983.544219013022
84532,9363.127239142812
106827,12588.480731665788
100006,10960.575632005628
108013,26766.729646746724
102898,11385.079286394905
93509,22670.871542361736
89759,8693.589355493283
78191,26838.44110464004
80286,7124.035777767894
105908,22454.940340948822
85325,10979.836544303991
86177,3048.151555555556
86780,15617.59058201399
82738,10762.393376576285
78918,22860.457385082675
79161,32017.360093606785
84004,8172.513353794303
92541,32044.110329631567
86047,13313.853831425267
106538,15526.640337515275
96648,6213.612145984096
101018,8162.171570759777
97019,19566.662014602523
105288,10184.938001255827
103441,11550.63244761814
84757,17698.729342000264
107069,9876.559463643709
108356,27859.931238688216
84436,10031.395081632969
79898,19611.067779473822
84703,18531.893198256705
101219,17119.65568292147
99858,12321.890136772434
77333,10098.087190974353
81923,13208.02309355431
85116,15253.62471971659
106149,13869.57888533397
91228,19833.486317867322
91512,19787.53787871501
80878,20965.546794546906
91229,28339.091131546462
99181,7456.101231231811
97944,19519.801515873016
78314,15956.646477704746
103087,5310.908063555666
98170,8023.240609437677
86475,8120.941656342034
76501,21215.703547409845
87632,17196.030488760745
78342,20582.39577260702
99723,12579.671486767758
87620,16194.38435545706
108111,35358.38950818565
89385,9964.191349354094
78604,13318.370494189292
87199,15870.84991733732
106661,13032.107144196187
98162,7952.470076329367
95522,14598.866169962297
76276,11994.164269841269
80135,21194.050126060352
98199,7624.625871358736
97771,8912.360208148944
80509,45816.76976840627
80570,34540.309918798004
102070,14850.094602047866
87513,13317.357163894028
92822,16012.950945910265
85443,10566.417550168877
107258,14978.773713038216
90876,20221.168938981828
105021,22837.51123301325
106246,6072.3750512406505
102213,14440.81290765021
102502,8222.776088534945
97859,12927.047169818872
90858,17214.850675093174
103900,7710.231792378914
101159,7752.618372842132
79882,10681.76137688238
107307,17038.828104771612
91892,10815.542491964174
77992,18222.287098548513
103300,7765.128048596229
76540,40278.99186507936
103225,7250.235580409376
93202,24496.975380952383
106035,9557.973410383402
80459,20620.837758119105
90377,8508.533945003575
94302,23414.93062368282
107598,14983.578243905147
97476,23393.132495516216
96871,15832.997324539314
78543,15159.494236763012
89215,10549.813252201424
87251,15715.440138569458
94113,17840.778081196593
89499,8246.16192149124
104785,13151.23094821832
87775,19174.751624417873
91882,24504.38116789333
79256,32092.436274989752
100717,10880.325383039519
104470,10252.596126033195
98732,14497.644046876796
82547,7304.66503537352
83776,9164.843549718864
106546,20170.443640515194
88539,9361.770782539623
83929,16366.997246519615
96026,6932.23021663201
104011,13933.985373218013
76131,16350.223679734072
91826,33879.15685517798
103999,26074.98995070599
82675,17350.02193333945
94439,26004.343198577608
96307,9599.418725878526
78033,15517.312794399733
76854,14081.228050149204
90036,6976.132891960942
103891,11494.839498962674
101263,12473.971537553276
91712,19305.32811128986
80856,16677.771576037758
95058,19578.457018587174
82735,7910.489065674529
82588,21476.550060710277
80775,48767.467311823886
104524,12184.885948738645
98431,9675.962237139493
82272,26564.92938577291
80152,18193.771759903393
99115,10323.116043198132
91591,23430.29036694278
84573,16501.058336357313
96777,11319.83534054692
95331,17020.83829878763
87492,15893.083122736185
78031,20249.82514776193
102367,10791.693790729134
105139,23444.134851131774
101793,8252.834299268443
82312,33216.67009065841
90663,8772.580216564082
97827,17774.97024049539
85812,11589.931213658045
93839,22566.541800138377
92711,18673.4989629567
90705,19036.599208676977
105089,15328.870702573982
97946,20415.288400107114
89744,18101.341703965973
91047,23453.327711235986
101166,6813.645815977883
101641,12750.807442389052
96865,12600.957033700959
76615,14045.73217259945
107736,16455.096444353174
101285,13712.25112784185
87016,13345.720442269008
99919,7877.3040505408235
99314,20221.234371226503
80754,29216.417481434415
94215,34595.8599935709
82552,9171.183905733564
79696,48572.194951963276
87903,12410.50612200806
77373,18630.79007153729
76494,20349.98773501563
80003,23352.016382697642
89000,11070.42496092586
93128,26664.725772422473
107992,11026.355989417987
89029,13381.255550681333
105461,19363.40292344686
95945,15253.31188763575
103106,14825.883952813838
96246,22263.097712015468
90428,7317.13353824865
88909,8795.356705562128
85222,11587.779672821142
106888,9786.197277135883
103117,8810.468711195907
93022,26458.81530429348
103375,7293.59004523336
93229,22561.463789555834
85603,8435.181982473276
89869,9966.306783238453
102338,7787.311219615651
82631,13118.45750067147
102687,13210.515124478843
82001,23755.415644598925
80204,25095.422629139415
76279,27430.25610133881
104066,20667.991742169375
85918,5566.057961748715
101590,12170.276840054414
95375,20254.738256820983
77897,11696.504484233248
95209,19855.271731498735
95921,26674.894849812743
105769,8092.222297164511
97833,21592.50516714504
106557,18655.524847515884
80274,16008.771180445887
91786,26250.278171310674
85350,14885.765918921776
96217,17041.32535845964
86429,6342.823638996858
76233,21996.58297207946
98782,9177.821968673856
77064,11943.378367391999
82904,17722.7246533317
101384,10593.790333717123
103541,7462.860249016426
99625,11307.128405609914
89436,17741.76779849509
92889,17087.18052410744
78390,45680.65623840386
80649,18316.84438656405
78894,17028.48833333333
100312,17438.48645560366
78222,21022.74435313988
91392,28656.773802140542
81452,10970.848654808915
97819,3669.1001904761924
105008,10649.845886306839
94993,24416.48675111223
85430,10517.635817254646
94075,47376.34923335391
81246,23831.900575742187
78432,27489.020494108016
89458,17549.02967495498
86520,18372.206285226053
84594,8021.796637296299
87131,8624.025922268364
103493,13710.716814368638
95302,16331.917031076817
105156,20477.82385829107
101489,6576.820281684666
105619,9900.445499677406
81460,27905.26660027046
79311,11436.763385653543
107401,28939.715026681697
106068,15929.298012763245
82033,24319.675682612095
93749,11271.609726313218
80321,26384.723263822994
103609,11998.769290687977
83443,9660.493311449902
79664,20705.22410412736
91263,22473.156550945652
80368,33039.49414285715
82178,17235.414870100652
77812,28746.00292575153
88159,10577.95678082485
107356,10637.784555919527
79312,21515.07548003007
81185,25079.67279264456
103927,11003.962678706801
92977,25013.10328479033
94013,23176.066055555555
78601,17311.045760997622
103250,10152.459301597202
90673,7423.2412976991
92757,30125.00765167242
86876,12972.496847046235
99148,10164.475865112152
77972,12149.569588009083
79854,6766.806446835144
97128,6639.326453727478
108059,14051.261121229269
105613,15415.736413651151
94727,4468.487361111112
104783,7363.151784520416
89446,19955.08073026496
107306,13308.457109143761
94890,21118.844015146075
94080,12911.885970987063
81720,21524.239030211724
105157,19286.99606814645
79438,46525.65521967217
95275,18015.75617831523
86870,12401.172300371893
86336,16085.64505217456
95031,28120.874031185962
76727,32163.567365950694
76416,28294.86966619915
95523,24101.59762228651
76945,11296.966759436602
92733,20959.503216847275
87625,18432.004033366393
105282,16066.529391512142
76798,28599.014489257646
93061,20334.919317693744
99449,6422.947889779068
88177,9327.774806192447
89115,16319.443067151931
97192,9937.977387121926
90003,12059.880663641228
99544,19946.698781147792
95661,27530.781069249908
86502,7170.3684538101425
92299,15394.410344877346
92164,37309.05652525562
79415,11077.152582882312
82793,6793.141797510973
96761,10775.600945067396
95372,14401.565285505489
78310,20058.739662352313
84611,14068.183668122078
79039,12478.393940098198
83955,2471.3787074923216
103422,11190.018326441384
98290,11745.179464975374
89786,18484.34210148018
88966,13664.683031990005
91692,14387.848798102177
99720,10406.362802205365
92291,28849.44820291616
104283,19530.170688273196
77907,35134.63817847073
80667,24809.53382523209
83714,11231.751196682992
81499,32982.06460460715
102870,11252.88597751666
84245,16706.70889026674
96709,12618.174529250316
96985,13273.083467475188
79739,27300.20504156495
101167,10700.995873314398
101412,11553.64638217086
97207,12216.38363668433
77022,15749.645333865588
97267,22339.56764466698
89310,9779.451225456442
88525,8251.638284794
100951,13184.221920908194
105401,7997.0994351327045
89558,15567.693353826791
97593,21623.98076093342
91993,16943.796161616163
99362,12205.832053578522
86021,10142.069061670354
80590,28499.096328087722
76881,16236.759819505907
97173,12049.467734029358
100208,14462.13796972435
106111,17875.38248616442
94771,15686.04281946917
86006,9843.262947955276
83246,14513.842400313864
81624,21881.50376003131
97158,12220.49067742422
90839,6820.727527312312
76730,11779.216758108892
95912,31080.93248519594
98742,12777.55655765785
85366,11321.991206334309
88971,9738.412013560726
91073,16630.20447330649
84276,12335.589035428267
93643,31460.178464508044
77674,18442.45142691382
107054,19474.653517760817
76029,12252.666091576066
76703,21782.647093760967
76951,27562.73723730141
92952,24479.70049155008
101165,12824.090595673306
83703,16633.864948505343
102514,11197.836668535438
84274,15719.363924342806
80933,14170.199885816202
89802,15643.050276336106
95459,25043.933933002172
88242,10750.669997611954
80337,19440.27230598226
96758,15495.40585796883
81706,9491.940693265266
92861,26707.62947019781
97057,11138.382576605858
90369,8787.095946922496
77587,15841.949788450904
92265,16712.657416666676
91500,30527.81496957526
105511,21363.956024110747
90137,11457.715115772548
78339,21841.91859260461
90208,8524.29270139652
101548,12828.146600458158
79969,31410.068735274996
83047,8025.477350102408
106469,15219.955016956596
83513,17386.92563626127
79652,11440.749129876447
93970,8203.427142300196
95655,23079.026065905186
93966,14652.274069366655
103174,9377.27100106035
92732,29926.150626817755
104052,15784.995298599999
104427,13937.19505586937
81504,28426.253539792357
85835,8033.580276603802
85265,11312.750184890147
88872,9956.258762041005
81581,27547.488793894234
87525,16116.836372049393
95242,14040.685755462016
84066,9331.061267108324
91130,46039.75041884503
103798,12277.40711327156
79777,11691.997346959692
96975,13074.034192240812
98657,9422.590048375821
89241,12281.672352947104
94846,18924.67125387199
100346,7141.17170226053
102570,8296.449192300117
86462,11152.745814493737
97934,20603.935335013353
96947,8393.006219519693
83667,9787.06958305442
84928,12221.14342494366
107956,7334.917547774852
98949,12594.909761321504
90998,10650.972693643043
97708,12983.464032755417
95416,26751.93231983445
78313,22927.451047848455
78886,22574.127908764654
104031,19660.209205378273
105160,30656.778442827406
103659,11260.941256781465
82200,17089.2863820959
90814,6721.3285694907845
85367,10590.64143908227
83180,11926.545034935416
106202,15684.560640021837
78450,18726.310957393638
99063,9006.987076394698
83877,5161.068101892231
103411,7585.889439951573
108533,17542.371832781755
98123,14385.230597863945
106850,11977.590788134974
100148,7963.282041809062
83012,3735.7039170948215
82410,12699.778749140885
81994,12269.285593059705
77099,27126.599477503976
83281,19073.98429749584
94288,23640.902514848945
103702,6933.818475504996
105076,14602.069699441856
77642,16938.46116823119
107183,16592.349396816924
106615,13240.837438902234
84149,9395.111032478002
76911,19903.63586219337
104162,9512.450243637328
102563,7308.687866714346
98356,9757.478145508318
90601,18535.675994640573
86307,13810.028065945806
83892,15832.90255226154
86128,11259.31504573432
92836,13913.453913793672
77569,26419.046403671593
108327,17248.6976502736
101953,13651.744960027421
105792,26466.807962802595
97726,3003.4649127106914
86652,9169.449560225972
84446,7183.107610844175
96826,14055.71669395951
95460,20792.165340761094
86352,12060.434323234222
106793,13435.6855290414
87778,13580.855792019182
99950,7513.824833074044
104088,14797.91487571793
92232,15150.99480132355
94143,20386.942283198892
87874,8224.414840507834
83793,13109.567107852221
108182,18364.921533362933
102804,7848.7725683455155
97509,19717.026368421608
96468,12150.177717114462
85388,15885.627524406202
76856,32246.5381984127
106114,28042.86932786902
92900,26311.917567940356
84771,8673.87392947883
87714,12073.15845736735
80892,21906.85201204715
91592,29602.80068350201
102842,11297.599216864983
107139,20566.81573234097
94334,12733.520144603937
86768,12111.9609435393
103414,11989.70003951578
92179,25979.61645580181
106474,14703.015949244542
86309,9594.383074771978
91109,10273.733281245039
78133,25882.722814938785
76963,15607.209336326167
101391,10138.673566462086
107342,8105.008974212256
105184,26855.943309694612
104693,30770.514082010588
89673,15879.734890419862
103903,10583.150539725822
88947,7191.530459136331
87569,17761.38646804882
76483,31687.121475382322
86102,9737.909664383931
106452,9220.858355718605
107976,17149.773595001912
85216,16313.854888196354
76812,25078.040426018684
90905,21845.67132538374
101716,10001.398530822747
106450,42827.001713864825
79930,6968.561616782229
80812,29449.266112916925
80862,23481.51138971184
103996,19530.500273872607
93119,15970.224271987357
93986,19227.835568579565
90226,15190.255571078636
104841,7571.018939395679
77115,8750.430771469271
82162,47295.758197758085
88176,18471.549783623555
96807,18213.592621079606
87893,16856.0974919426
96864,10571.788982641157
81129,14186.153818339864
94158,16068.049100382143
87268,17597.197355067245
101545,11221.045531145406
80322,14416.467264200253
95591,20268.32682293181
97284,2146.592222222221
76503,17255.677613467244
102457,7468.8277047572365
103358,13376.00875804359
85800,9378.684708848337
77892,12576.639432317072
86918,5794.616167379008
88797,7596.7998324920845
101581,5102.454042568542
99941,9364.5365756899
86005,12897.385787534784
92601,23088.381089084804
77922,24382.152973608987
107005,10914.884791906448
92729,19988.12732384286
99740,21153.264147890128
104686,11257.5442583375
87339,11720.869788004378
86577,11003.944109709626
105913,38808.69460185187
87402,17232.112267708504
88287,7482.657832275883
86544,9619.757863554967
87671,16750.209596639994
91204,20979.57708526427
99618,15481.610579461958
93596,18350.235746948245
100194,2010.45304925776
76820,30623.848350595174
78350,27469.22203750329
91114,20614.814007154382
106403,27370.875704787693
77876,20129.14872646041
92321,16754.958067023566
93803,10883.677397624757
95007,22103.519553415124
93540,19918.217910615782
88267,8238.565147578916
100770,9079.883980735192
79033,39884.77712548493
105481,11472.737931197333
92645,23018.610212727737
91504,15719.594160264587
103374,16471.015813961636
76555,29378.36917115746
106876,19102.520485311445
83008,6820.679945028234
103085,11125.071594838077
108288,27446.751067378358
78153,25575.902468077933
101104,11382.288483602244
86300,17532.69661337154
83596,18206.069746031753
92918,19462.149422147442
96263,13391.608486332143
95845,26648.71319326985
82174,9567.568830082602
95636,32198.481958374057
87859,17558.320441237458
92038,14946.876889577623
97965,14380.813496556295
99236,8906.61655452814
102581,11261.768135882918
88484,17029.118577696147
76734,17520.65161587105
107756,9988.133921556995
100368,17593.2569849912
92542,29187.59306956819
106507,9607.276219347526
94713,12382.900384970579
86830,8995.938498075691
105659,11411.97894947629
103299,10055.061447066008
77388,41390.30315374594
93171,33333.252994510265
95564,23627.37228349662
92209,20181.597894726525
103068,6679.772962395268
101008,11400.953086087518
101098,10219.148488559505
100297,9106.97566058321
100668,6934.395969072347
83587,11489.58778474655
103730,11256.976469460113
80300,10528.251736301036
90994,31611.614216264767
84749,11330.981058019865
96883,21378.5112908011
83643,20671.841827371176
101307,9211.063799202266
96979,20982.90866356933
96090,17865.714670705234
82603,8979.395749205212
79091,21244.27793339002
101959,11940.888029553953
101554,7260.744595124981
100961,11006.452308524977
82778,9170.518372646718
98924,6592.6225751127795
85086,8375.693820300316
89149,7641.375649134509
89443,8702.034837519117
88608,13494.765777257062
108064,21626.141437430993
93913,18707.61302152685
104833,18505.659654592
88819,8339.051368751545
105039,16855.27892035742
108163,14480.386457981653
78429,20569.159552785746
100022,9892.97989835591
99243,16307.046476169691
96715,13226.789090154356
88735,28864.48317335545
86496,8044.331261556787
90642,7750.281221237418
98358,7832.526468467266
91268,28788.197000157248
106457,11214.370198589053
87063,12949.783531988523
103942,11373.314551842883
101823,16037.576998097747
104919,3208.768317370845
89192,20521.586296294263
78525,23081.66017913373
82948,12503.67451960497
97364,12956.440251984308
77638,19432.26812801428
94939,16250.847461205603
102799,11739.691302976456
97063,17013.260518291434
84889,13581.41530617137
91197,10417.261689393941
83936,5786.822696780473
88850,9740.36987811767
104781,26944.708598937446
96341,9329.327289636683
77784,19518.990918663298
79500,21402.87235439729
85956,9696.145018918545
80268,6488.357335705362
76575,27583.689968481234
88273,16116.407256661809
96863,11093.73702748714
104149,12830.961734537172
95323,29995.767320966075
108521,11439.305171919039
104891,26427.01936740547
86333,6694.803118031492
97441,32683.95356665556
103963,12872.227998347356
94117,21848.51890072358
106930,19759.626728108055
96478,13468.611495031695
93273,18885.57559993308
90140,5509.338717041349
101752,12002.252358936548
102564,10153.33509116923
89449,9233.31549362467
82080,15967.284608216047
103168,11648.100071212832
92400,18763.584378132797
89829,16767.014852187534
100294,14837.231395315695
101914,12630.346031522115
91223,21169.07874548403
107925,19578.33272597481
108124,7023.4766153194105
99736,27598.553699435637
106222,6722.693379192468
96843,6572.523389339607
86576,14012.770919130347
106802,20197.42423730378
101331,6931.120388814484
76847,12112.300542530451
82850,10998.586291627098
107284,17559.500282800447
77599,20779.645132588117
96827,19810.4978543288
76080,17523.732743625435
89213,15216.010770939822
91332,27399.180028321374
91930,25888.375306816677
96005,10974.830301041486
94637,28083.41378241431
76949,11393.003041490916
93336,20992.904070005225
79792,18987.775616843115
94859,26797.95933813891
87815,10273.602115357722
100994,11914.12756381485
103939,7946.907957667186
91674,24135.294357573624
81166,23991.916351697193
105292,17560.37631113499
76991,50332.19879980655
100176,15276.746434225335
100118,13118.848635435319
94700,18277.585739225608
101432,10499.180899415085
78373,20298.79400067658
82918,13764.62229152795
80619,30817.774118357494
98870,6825.947780694263
99728,54218.40988888889
100347,14003.979822615112
94871,21229.313012012357
76922,27167.234882783872
102057,5790.051287810085
106406,19820.465400287594
81647,36990.78269490234
86232,4780.579801023914
90976,27818.145531449376
101053,9490.206340528914
87392,10092.560302052398
97377,16026.40103227595
96652,21542.422629364126
88212,10338.013823290594
106859,11435.307610142014
92678,16838.444196462104
99554,7172.590232262267
92531,38695.85488600405
84190,11032.050670762605
98562,9429.957405661708
102014,8075.461443121692
105663,18449.47773152141
88795,8968.352979883062
83227,4344.617244276096
97436,6575.317730798356
101846,9377.817039445536
80332,28812.59386486559
104483,22910.10791570466
97675,9142.488015313309
87703,9459.704825072069
105829,16311.861121894237
97495,12765.466949072503
97230,18047.12705317456
99232,12245.786406466785
108036,6179.696595545172
90470,20286.511661268563
91410,25616.24742794406
87856,10970.966926810175
97072,13661.464085103968
98581,9049.101620784659
96021,19139.94443557906
104873,22060.733815393993
82366,17304.893538770742
81093,12436.820470201827
94091,19050.794740304555
105502,23623.869648575153
81212,26559.069682924277
78477,22494.03845582929
86344,9381.321222827315
87337,10147.581911901174
83364,12020.699268703906
105029,16910.937693293024
84927,17012.223145653934
92467,25766.916001319038
77390,24608.27288492062
91159,19748.22280414391
86919,12882.545657553525
87364,15732.547810192238
96009,15564.117061445806
80050,23293.455169003417
97335,20836.10274007474
82533,8784.863549329944
88494,11611.612659440141
101773,4286.907333551608
84410,14701.37030670976
90583,10578.63406409664
97361,7856.34969311979
101276,9339.959244168123
92452,20368.394895242327
107354,11747.8310909167
78584,48217.03840658415
80128,17272.911940457205
88645,17051.288392604944
86622,9934.073868058487
81676,21563.619896249158
107409,27521.290443955575
101162,11043.333419944085
107883,12411.863910992315
84824,12381.567225017523
96253,12838.845799161836
80764,19097.661954634907
105145,18410.39495772222
76292,22669.45345280453
85405,8297.733104751504
105373,25987.673871561885
86540,13871.223846083012
91362,27592.872367066997
90075,9600.771911302852
81886,11356.005832504967
99080,7229.64222056574
105235,13823.713918329731
96437,21448.002060018192
83205,13105.755634125519
94569,29759.633434406387
92687,33393.68317393382
85951,16309.63755656155
84977,8451.115097283066
86143,19585.70275194868
81763,12834.024941151376
92970,26087.93666198855
108286,10755.258345377822
99395,7277.634435736882
81779,22368.187360968765
82131,17303.87656770092
77833,12065.479042192232
91949,49885.78480065362
84571,12907.919751377385
81403,30792.398312169305
86275,12351.96322780796
98103,7636.0686423872585
96519,19439.285900558807
102141,12698.590508666326
95016,30351.456970363146
102800,15482.429372259727
102275,10441.648053019537
79437,19466.64959526737
99129,3658.977509768009
102738,12778.871116392173
88502,13447.16519212585
83847,6087.239950291667
82098,33108.45090476193
97608,11414.031018561604
93635,45298.55121493183
107415,16812.9298053516
100604,7211.641666666666
95825,15255.013541452388
89837,9040.645824688447
90563,13856.292996558139
87183,10418.188714096113
82030,15039.778094141266
100952,6174.626742964808
88907,7069.397015224033
108136,17262.46131055498
99824,8143.31058699395
108052,19709.88086216647
86157,19744.422615748423
95635,26287.397070791594
76024,21431.74468286422
92449,14511.734912220109
101870,15520.18122196484
85896,11005.823518276406
102465,7735.790323918883
80302,13730.402128873842
104316,7643.321906983321
95294,31365.080787591283
106995,43620.37799469377
86510,10371.225228605052
87250,13068.031746774474
86483,21277.38989742965
83417,13429.430781576506
99580,9813.999243339676
84527,7733.444722814582
86193,14855.745243332547
98832,18902.75064180401
89427,13153.396564349443
105172,10431.159322829199
100800,13464.5663292347
81313,13010.829469459926
98110,11381.06424129423
83944,12717.047168654572
91420,22000.059916723607
79842,26609.976569169132
98350,12300.281437818707
104288,21496.566649920438
96086,15254.23803181828
78566,22069.50224798907
84457,16929.717659687267
88685,13220.62003737219
87157,10257.458530995047
82023,26233.70754698356
95492,27285.736024817383
84139,6317.934894707638
89309,19999.451360437568
85676,8216.092430052684
94553,6937.673604307732
90271,6967.505519207101
85678,10836.983450403239
86238,7316.043869415579
104335,13452.393144306869
83609,15968.260386527314
92930,19452.37112134627
101478,7426.671410066853
86537,10971.657443097454
95350,20317.161968253964
89176,12722.246990497164
89383,11066.53615187949
81369,26082.834628819786
96749,8356.646161962688
95414,30709.712152756572
91568,29204.703284884326
92425,29605.881631006672
107079,25324.864262941708
93550,29957.35368060615
78972,22492.819411370467
80719,9740.2108467047
92919,24358.31356144451
84505,11213.455256933736
103401,14472.924207516753
97516,8106.047839990881
91738,16314.431680634507
81664,10268.685775918208
108017,11206.703405558135
94154,16669.45770241334
94015,26248.969224980596
78990,25215.516392255893
100198,9140.14566426265
91258,31454.685557946195
95886,17691.019216088927
80048,54857.65180894869
92615,25237.69098137641
92333,29917.448025242582
85637,6173.432642331903
100681,19965.34101332908
86280,8206.179644490587
88934,11822.993698624428
102926,12404.791168576761
88415,2054.2572638347056
108063,15399.35416861672
103273,10125.463679574297
79468,16294.543738730617
91285,15826.265578504159
99111,7496.438944937347
90686,8065.450735006936
77458,20908.205839461658
103540,6996.267580942628
98158,14174.585458004723
80240,29416.269502194125
93032,18812.02068475129
92380,15445.255520488443
91853,18221.21098330303
76049,22112.40030450871
98852,22564.966961666643
79019,12504.685383209127
78009,13885.68543004309
79038,18564.919871496586
106404,10375.808137746926
100619,4136.7209651080775
82348,28337.01589028721
83844,8590.517709072992
101370,10714.712797472988
82900,12010.534808201053
77014,25450.580571028546
94704,30345.965367240944
105395,18632.433145562976
92471,28587.388502602877
82964,19033.480442171694
80223,66517.03164393938
83523,11344.30969651428
84395,16522.4016229759
77474,20695.77394438327
94649,10869.100738095234
79826,11466.943146219088
81786,14384.039754331025
106749,16356.365412562887
94115,29177.21672727273
103835,6801.8731043576245
83617,15146.258492422796
106555,13221.406466397515
86868,9666.56397263259
105245,9780.063668884655
107495,20424.716147749386
79571,34898.37074985433
100328,13272.3741723534
77453,27407.11855392299
91473,26324.488232582422
100493,12653.590330571293
83383,7371.551282795036
96482,18040.736579856268
91509,23988.03769904275
92051,33205.82198178151
82251,14372.822219357546
76054,11825.095533692578
105927,4911.199750940493
89426,13078.657314994887
101006,14554.229467869727
96504,16682.392202838062
89053,16907.90961621318
102578,14837.366238403056
104576,14397.269747850438
94137,19313.7013861316
96387,11250.65110270718
106040,15960.869537583729
79795,10951.742676642605
102216,8739.223559975586
106933,21815.902463895007
87217,13494.515320810566
98953,6817.773637064214
106935,14920.075924000852
108160,10923.367088847572
86220,16497.380944923636
81017,13529.541548399644
90319,7512.833206153754
100847,10928.433617097511
79811,20469.141350262802
82324,30838.085202520302
79204,21723.54401880061
76561,21256.48949897083
90313,10170.578790986116
94271,13135.871551908207
99090,7408.393074117208
106261,13876.843087349607
95699,25823.211873883294
101624,8159.193466589811
92096,12038.439674740534
104402,19362.32178044107
106877,5813.409540536689
95341,28081.81973493073
79252,23938.76186271142
85039,8606.237879596449
95172,19400.27731090975
91340,17811.84791666667
91584,16858.95194681952
104972,13760.817157375417
80896,22020.512352434984
93083,17863.07713865728
90855,8115.219839540945
78320,18428.7876368363
98584,21928.579981174113
97117,15923.654132963155
90267,8338.228638382978
104276,13628.200440395442
93771,17281.189755729712
100654,12387.448191280904
84833,18233.979934055573
79006,32703.790530443595
98734,6856.448536970322
96686,21643.44447199792
81262,10906.564495639996
104374,10141.142277453095
87939,11851.727870113064
85868,10326.670334992068
105505,8115.493117029639
87999,6514.1577209203
84535,10127.82961207821
105765,15446.764237683112
77591,20859.28492294956
83018,7809.984639428334
95281,16978.45152724321
104629,19739.412676820924
80247,17485.352495255076
98202,10770.327356121106
89361,13224.103874781
86384,11081.530475241567
77923,16906.27909405668
86901,9973.961706297872
101827,13350.291494233641
101756,7833.978362644172
77041,28816.320253010155
97753,9810.743446063287
95848,22547.6031808123
94827,25158.497297548885
78247,34953.6679585757
87132,13281.398639097706
88911,18442.71710142968
88418,11135.83782104965
77238,12379.18762626393
88359,11535.578218150025
78818,10452.50383094314
95395,19739.856516319975
103416,11642.87531694859
84747,14154.430783075026
101608,6484.836072374666
105437,23556.638555507496
76320,16431.13343511991
98937,6202.289632441649
78233,11140.387584255981
82250,16287.433548251192
96164,20399.3492928756
105298,15695.018786230525
85892,16592.909907544763
93834,15157.697770034094
84717,5780.222762523776
104176,11214.179496206132
95319,48370.920060846554
85002,7884.282203138918
91460,29651.31286012973
86992,15727.334877214891
76228,23794.97378260554
105611,10714.683984356261
83256,27586.962301625925
88943,18313.24987856088
77394,32451.589870962638
100873,5297.322123070925
92464,18945.200935539007
89315,13409.353161685465
92773,81000.67937500004
82489,6926.123366100831
76219,15889.243582161298
102904,11967.630001531968
91039,36702.25936535257
104890,24242.94481578923
99922,15616.365826030935
107007,12637.773758917008
90649,6255.979100226756
90166,13792.465741758731
90837,17678.209694129637
84748,18115.344272096976
101034,10394.662502967398
80579,12039.352242220699
103124,14716.464961872694
92022,10645.675418685609
103382,9077.669218059009
104089,21179.301532160134
92089,19699.266559875487
106395,33386.55975215355
76012,20060.73108380242
90152,11919.941785170326
85524,11927.913171078384
95337,25409.74854339515
101744,8387.542440648705
105820,15738.207251535263
100587,2161.033215924427
95224,32848.0836449453
88607,7946.251285739579
105741,19448.711282573713
100550,9889.841471515918
80543,23946.799319573965
96731,8136.3115465507735
94235,34412.45124608451
89536,8910.531190231732
104062,9355.662025769107
79870,10838.670110389608
90961,59871.61409471005
104757,12855.688776266355
78702,9385.772611111113
82823,8400.692846389247
76387,11896.70698881122
83860,8431.417033099073
97853,8393.419255674671
96491,30036.69129252338
93018,13990.308042128936
105464,18540.015385291637
91589,17293.470646782673
81040,13391.9756271921
101726,4948.53934695614
89843,10691.936639192849
82306,18540.496840365482
102706,10567.198043090568
81905,14387.721377533513
99194,13770.321387098911
84038,11355.55651814781
99179,9427.873259334481
107945,13563.105954442211
107187,14793.653059890898
106729,14264.730284972164
76009,17407.489149626388
80160,10611.32588890356
87798,2668.561101812439
106779,9939.876955167516
87694,11218.470212125589
83225,12556.811612353134
82371,25839.717363665884
102154,11174.708768391849
91905,21269.563083721834
91831,19141.87315339363
96829,14829.209528996143
100724,11557.68242612575
98429,13658.412680021389
98046,15574.622594091927
104025,7955.466657813944
104930,18641.839169370127
97711,11149.292874610026
87985,2093.3632044334977
102005,7746.477681775057
93141,29098.787701581463
93564,18403.867093871442
77719,23669.71563782836
99873,11068.64844568522
87053,14700.638898954187
96789,10500.633854799986
107871,18953.255049711035
107192,11144.038709457041
79928,30869.576394452495
107669,18771.023937212074
79401,25234.465552771842
95320,28490.124976190466
94864,31029.22332470937
80654,19837.968042682296
99193,13196.50724166793
84375,9917.782543669056
90211,13534.31268284211
80720,14141.619546212432
91902,15356.217526037157
82275,10210.205183357068
81465,21224.160496125103
93508,23502.21335959679
88780,8157.180258165851
92268,29737.092640195497
87172,17241.97170411503
106818,8389.70964610577
103457,19942.998839962795
86080,13135.063234940408
107319,15223.14986911138
104533,13041.474741897633
105670,26854.062575028987
81801,23471.766511927362
86611,15822.943169757114
103251,12947.101476203039
95313,39342.80196615531
83324,9880.04606759578
106920,14285.789573807006
93607,18987.62836772487
82902,9801.706315810774
98295,11095.635337918873
99592,7853.950394980682
83209,20344.196071317176
100342,6517.736931017924
100059,6757.148839758297
84964,16397.668706103577
101150,10349.874047746745
80834,16438.37741156446
94660,23005.37552765637
86817,11663.305309715846
82881,16171.894097869776
92477,25051.695198777492
88843,11368.545407407932
88409,13800.294150863116
89464,17957.06276932512
84554,8196.252890048629
107456,22184.292978227277
105815,31745.150341656892
84223,18970.74506334242
77230,38773.79458393456
82653,9170.338945795105
84903,16178.177336428775
96636,11817.371664102737
92293,20317.48028199361
76243,11183.839171935937
78795,24328.687573593637
77946,58196.39271825398
108033,26186.9384952
89601,13346.39094096544
90606,18689.530916666667
92249,29264.740280800008
92624,19392.245025924156
97695,9536.454766183757
78743,36944.226828711064
99859,17197.84280351809
78302,21287.838297523358
99986,15761.375711708417
81908,12612.395829140207
85440,7909.9957171865835
91412,31562.856206626595
83964,7792.321128314091
77867,11931.758936218002
98287,10340.14823228423
92675,4402.492797619049
93893,13459.890108476622
93828,32599.336248765743
107502,18071.356311299827
93726,13705.598445546666
93097,14704.391366982512
107762,17491.446912414624
93545,19671.73322698135
89831,14200.571708522604
108065,29375.27762307427
90388,5181.161056221001
82017,27948.46211703837
91025,27711.383191126188
96293,15905.222292833443
99187,8510.161873223557
98283,7082.253154595696
93590,17163.643088972673
105510,10029.109634887736
81365,25216.930924618115
105805,20551.94596630427
95866,53732.99650896935
99079,13920.296528710474
95673,14110.431509718663
99311,19194.91029399221
86145,7553.407870076137
103531,12374.641984728234
108261,21348.18214776762
85582,6373.194717637152
85281,6620.892271121055
92591,35793.62831712733
97180,33008.53434716211
105998,17342.810418666853
101355,11135.337320937133
104286,39504.8724021062
86703,9789.802817199181
76535,11549.308343129704
86181,10556.340869835085
77004,19447.50802259371
99367,16150.998928235667
106001,16168.407705506937
93179,25130.924443895252
83031,9984.5803105151
86572,19643.59758799541
80350,26089.080310467307
96375,7502.623353925855
102219,7509.165548706552
100942,14253.234185049509
82949,11000.95429860211
104083,23644.430695834468
97140,13481.051938512539
96421,10723.46151657451
87075,14766.880457698231
106419,20878.589176368107
93602,24670.591224628195
77222,10126.589220538717
101712,9820.553691316234
106666,8507.52426256101
87295,13891.800943203038
89044,14300.985342964661
106433,9786.076455407294
94575,32130.75083219355
107025,8998.809882420697
89318,10154.034444549592
86030,13898.691192870305
103483,11246.606407497577
94536,16807.0234663231
107058,17356.63309840732
87031,10722.075576642057
100119,10648.119036120992
105938,10385.393606910731
89724,21756.199623786048
99480,7581.574287926595
83017,10477.491154851194
108355,5666.703578853497
94711,19024.804478272683
95759,33446.94527777777
105168,14266.584693808114
93791,24590.697195816087
85850,11118.752306267805
102333,8687.831324773451
104407,21093.983414503513
98798,18612.223704253945
89284,8183.828919528933
100823,5876.360750846048
80514,13812.422054431003
105308,17913.513069190463
104612,23033.06072808226
89638,19287.885017127555
93794,13791.790631574231
83933,15961.671190235034
90413,10123.523857576653
98929,9331.329570185302
90959,17359.098339881584
83414,13988.647708999955
82228,19475.6056714426
88669,10567.738632752207
106815,24651.8721935114
84567,11316.64600605106
91328,31973.421629137712
105740,10592.739837841693
96452,6480.145427888521
76038,21216.166813183834
99940,9792.698606861168
102377,15256.967803789104
105229,19648.04675960348
82158,20608.21615919149
104844,17688.95357027575
101203,10630.079898610447
95222,19402.20187313949
89529,18105.115845094937
103230,6869.078021530132
100692,8291.249453489907
99821,17480.19774415608
81086,24393.350409427097
89399,8794.925164443584
102445,6611.470397234161
96444,6337.33988241957
83485,10258.38835484602
93778,32932.705717586534
100464,8111.327692841232
99865,9219.698105445943
100107,17100.32104997661
83973,18137.92711117366
92032,29197.56996169376
94017,17020.73165574488
76046,15313.041014297909
77816,14942.659610146864
76743,32932.81022714193
87201,12448.181885525493
90652,14503.395117538203
103448,13592.40269364495
93642,21902.78090142626
85409,18000.807291053676
99777,6583.821580580523
92216,16065.45686991709
96269,8906.754074841283
94298,22660.296993309345
106667,12982.85927045821
93716,57092.62383333332
95754,32573.588755125882
89379,9608.712060302796
95970,20895.74541611373
81911,19678.918711834085
85652,28157.94661805888
107793,16616.65569003827
96389,21798.960532283476
80000,19363.933041343356
104440,12601.525168398697
92029,38211.6083968254
93473,15701.871085197743
90350,24245.91359920635
84947,13302.169883864746
81870,11057.960611014018
79936,11281.45918418878
79910,19237.78951314148
93467,33739.85496346009
80387,31390.154320303995
104360,13800.107217795248
93150,25136.747568494902
79119,25009.99746287879
104462,4741.783961038959
99548,21535.187493966594
104024,31507.43535710822
83480,18308.79547725312
92501,13004.532532568799
86740,12655.179553298784
82165,23987.390177123412
85963,17361.64742893102
79487,14296.95103593809
83245,13803.634263186512
102193,6855.7366888120505
95449,28860.804366424625
99413,7441.175594347252
77176,16922.891912840263
107260,25511.915123806994
94187,25914.425873681743
85664,16673.907834939204
97886,11647.222695913477
85384,12044.36545317015
81228,25868.60836696988
81930,18411.450202052623
106627,42436.65433068784
88081,16698.94173118298
91651,15591.862159476615
98067,5341.66802361111
100814,11177.944338804338
77028,55816.96270526536
89853,5601.8513208625145
92951,10106.810689271259
96866,24895.481680265668
77498,27047.719933451775
102959,8321.840168365883
103546,15277.500284191437
81127,14515.220128873332
88867,14037.776683409804
90099,8540.078285231579
81637,17617.472298559827
101995,8592.360322338147
92382,37584.802611111125
99078,25319.205782200963
93118,25433.890355605443
91524,12905.783657403872
105674,12028.134508239975
78943,8477.293408896398
99513,13994.563479125267
82972,11424.204703131796
92438,24883.277333333346
76466,21998.449804039195
93315,26992.72117940882
84637,18568.11013153886
91553,14520.307963002359
92093,18510.66035297309
89774,19806.91126202796
86455,9926.720570484254
81999,28156.699880814223
83211,18778.860269643414
102893,6736.00130447869
101347,12031.60056442303
102099,15346.739192677987
108532,18483.45628564269
94030,30853.461805894283
87114,7028.381942660185
78523,61398.95713888891
89274,17779.024586336902
103663,7627.040887404749
98104,12502.727549151929
86952,10548.291407974542
93621,12965.096726070231
90898,13494.938626984123
88902,18367.16672011678
99135,19419.098531129686
96645,12696.104994616111
89265,8570.111969553964
88536,16206.64650451037
76788,28071.799499999994
96496,11599.349287045537
83580,14012.18282413934
80060,26810.80219480807
99910,9905.06290101201
94254,25250.759096873222
98982,12156.90254738096
101182,8295.21732587476
104497,26088.758132095863
99215,11517.66688272116
102237,8516.317874314102
105340,19500.01273621338
98398,7104.516244259829
82895,8454.962152272197
84880,7523.5757243427415
76633,20641.365012505907
98237,10372.709504565164
93475,15511.541496639342
93644,9218.774911473889
83331,12932.711627047505
94673,41004.605365981246
93774,28967.681368781712
94872,17867.417838273625
104642,31705.869102411587
105806,10400.30458988651
93351,18294.564503582806
99440,19315.62189462625
77434,19910.56828230295
78382,36312.884050927285
76269,24592.066732193718
94221,34246.13676574861
101103,8286.651868084422
92917,26904.81609395499
83521,12857.182226730953
83915,9972.085480652328
93502,18071.306188441646
101013,12519.883246863235
81762,15687.276388761293
106753,17220.132736885123
101173,6716.394927263058
98602,13363.78992301383
105397,11949.207183432534
97067,27467.31751571744
101378,10808.12155065839
101862,15573.11339426613
99039,10684.338920930719
88393,15251.52387651194
106130,17463.59566724234
85828,16397.844987482356
108231,22808.10406093052
104898,15970.67778015236
93112,15528.780365059698
89768,8181.820301269469
84354,15152.723443371533
100168,7675.004362029217
92834,15811.17842489741
99208,10763.301164891798
96108,13042.040802040165
80163,11696.46124098325
105455,11386.763437884585
80323,26906.354695665774
84714,15700.569368348448
92348,19900.671273116543
83603,17191.59932666371
103959,7252.6494925143925
106728,12985.782459506325
78696,34943.385947186056
94150,29234.88307047182
105629,25837.152843570235
97037,13674.923061620078
92850,22770.575433796006
88432,13617.770080142973
77436,19475.67075716169
76469,5589.844071428573
102030,9992.229167351292
87669,10030.401074873547
79981,22059.777633358884
99662,12007.330430601145
78260,19590.884825670488
94555,29281.656423379824
84628,10891.228266105794
87955,6371.755436091655
85130,9711.721101419547
76417,27378.588442249078
86241,10740.719973560876
84603,9337.59200375572
76645,17878.272209793795
100195,7177.781219670757
77467,27659.371324961467
98126,19014.023841607326
98081,13485.56731601828
81234,28069.3249308417
87717,9845.853093308233
79724,30601.961985910406
78643,12515.020334750607
93113,27343.273044551093
100597,17098.003130390065
91190,31851.388475017717
89351,11658.952000854351
78056,30949.730535941515
76053,18604.943336847795
104592,12378.980641552838
105891,24749.024729980745
93731,23435.998341368464
90123,6455.723695920554
85669,7971.024537571245
90040,12434.29953054358
103624,7971.008645388069
82545,14042.203308543274
101212,11233.68303422762
76510,11720.329004566584
88673,9542.543052895433
107913,16628.853173347223
76619,22393.120817242907
98461,24266.152679415452
88455,4279.20988091908
94543,25532.440498274882
79082,26139.036388888893
107039,12452.870283079037
99565,13778.742035921769
85597,16019.93626766741
90908,21012.27378985269
103741,9769.14051377016
101177,11746.440792188507
100246,3247.377835555525
84497,20826.580662638262
79003,13527.12563049722
78075,34130.13583740801
85527,11702.570280578891
99400,8440.004338201617
83118,13209.036732538236
106176,20060.77219813361
79864,23306.151655281607
96609,11944.291646414717
77968,20031.517690909455
105349,10353.216444441512
95787,19302.971123100324
86759,2243.5933719721957
80898,14865.186139334515
80948,12829.71119654124
107151,13374.393740133186
85395,9300.11763981668
86612,14930.649284496072
78951,30191.04240545191
79546,15998.389983639143
83345,19429.979456719353
107224,16944.203008803273
104509,15145.279787002433
77088,35671.1445520488
88988,11177.179302689327
79061,25293.875649620863
89758,14686.117873718786
79439,51928.99830657767
96411,13398.480205470807
102234,10050.993943767236
89720,14569.701172636518
99600,9953.996573517143
101235,9756.194793141469
89235,16387.65167504156
96214,32900.69774045366
84205,13724.745945296741
106816,26874.603761914557
90934,30713.10943649585
83597,20831.9666464656
90454,15916.315892635143
82998,12701.28076376485
76772,27011.815629450295
100571,5603.816238095242
76400,27798.657442376916
107381,18568.16670318109
93102,15883.840782967278
97419,7252.370398792583
98844,7735.97078456738
99354,8371.400152302096
90811,14872.079041560493
98152,11887.052529301167
90157,12870.219578646786
102629,14152.388148941602
102111,9965.416393025893
100448,11191.075409785726
106531,11868.867341822008
107493,7855.472257052919
87471,8518.128162018382
83607,12480.38611558651
95488,32707.840162708617
76205,29300.88923331401
95394,20029.221515649504
101050,4882.559611111109
98680,57246.61466666666
97176,23121.863771091936
104530,15089.150118303578
83396,2614.195171236173
104984,6512.349652072684
102081,8354.290272806387
91955,10459.826611111805
79996,49984.93575710677
107833,18270.35319459601
81342,14428.43374537377
104936,7902.768903559008
97105,13479.65083279432
96834,14688.462623786641
96402,14012.481951495254
106575,10246.007577739605
82857,8475.775213680447
105504,9011.81427493458
88261,11694.926745148246
99175,7712.895854593166
89160,12486.264091148958
83875,6637.322867172269
104695,14247.884799030346
84189,10732.023235944971
86024,17833.82290274402
98475,7098.094017937523
79856,28696.07794444445
80385,30115.21536542443
78287,23242.734795507255
88807,13578.364137674263
86288,10983.844430905698
107610,19762.28689912281
94375,21149.038572338235
83385,17479.638064116367
96627,12396.662243371866
101257,16385.04214539889
91915,15201.683666416202
97986,17900.175951072535
80806,20172.427079959172
96930,13504.378329883715
89391,13123.225823693809
85423,2342.272095238094
79397,33590.064364788
102565,11784.83393953266
85590,13534.503587966887
81920,11014.913943694737
108098,18782.55817478511
91230,62448.79569584581
108021,6863.880366532972
102554,11446.078221299926
84182,13024.4284892626
76770,19873.397631145483
77856,19387.990299870016
94249,19350.10742316576
94729,18908.778233788584
77171,19016.830142857136
107487,23046.587747183796
78766,25863.532473435473
100849,11444.427838625259
97721,17234.94142477023
92837,17055.282377198266
83099,15756.222382762311
102521,8476.756299275055
89738,7365.784476034491
84234,15086.757556459357
107428,14123.996185723041
93895,38027.14950931586
95662,45087.502295523256
80328,18832.57754102197
103054,11072.298798187203
104950,8441.414024085947
93125,28702.39843001476
77393,48823.1607255523
81178,30651.850450941714
77207,30628.96788893439
98648,9291.950033304543
106065,32048.031709471474
85228,13044.915716068515
92787,24488.146333123354
108462,17325.242338182077
102896,11398.552770887152
78301,12017.369898409424
92584,7886.878261245104
96414,12386.821269252721
101267,10596.20657706844
92934,25653.994934607297
80206,12648.473570107755
76657,16802.8144559829
99365,12871.608809599193
96142,30764.829648839466
96484,12394.086982345236
81767,27682.749807431188
84926,9380.58092559664
84961,10687.73097041976
97487,24843.835579144594
86753,9578.803270116374
76410,14012.299956313744
103512,5731.186623496873
91899,22375.242199620396
82404,29303.73689052201
84598,19851.913194230085
95115,22794.080417989415
92544,18389.25589789253
94011,22444.651543385735
77265,20952.993438323956
103378,11559.77780612617
83828,9687.602603581083
106142,26190.443010991643
76564,30325.04373608666
93718,15198.010384802206
81110,19413.727736711724
90753,17894.269495584784
86557,8095.300361020191
90778,8899.211463097528
77313,17376.556155889415
103914,10724.156343243812
86688,11905.97102136965
102878,13170.909752429901
99734,15125.128009087937
91581,29435.262436136614
105434,10368.619414647104
89221,8436.935848783352
84974,15972.877460842701
101055,13044.146510410626
80952,29143.203835868724
80861,16911.332628486183
77446,15773.269965515754
105345,15621.832697197218
95204,18050.139160826122
96228,13843.118516141623
100840,9072.14624418406
90096,5765.111973313851
97213,24516.763139792543
84188,11237.312172560643
96571,24867.533116543265
77068,20622.51067195766
90711,13493.47923565606
89855,12192.191323720997
104858,10379.513942184256
95897,26636.121869200117
81849,22475.625620851926
106143,12267.96735299398
106333,21409.782484865354
107165,22423.509828144975
77133,12093.78075320038
91788,26278.686398725018
91418,18451.06906559494
100158,11066.753685524962
96982,18242.625968410648
81275,28705.088886395228
78741,18600.077848339082
104961,13294.58941667444
89332,7300.191554164532
77546,33095.77100678132
90860,23066.14052028282
79924,14292.231995908242
108433,16527.990586408592
101702,12362.255382943582
79340,33567.4222045147
107333,9874.475816645365
107963,27076.711517233955
89408,9814.145719570013
93686,16947.639409861196
96129,15311.988970809194
106156,27850.561593031893
87515,12057.574095628794
92980,29522.3122480738
83982,8617.886746459713
85504,9634.408629245827
108354,10279.487219413091
97260,13309.454225472173
95437,25729.82269655154
88483,16000.964015176445
87959,21373.939092117813
93858,17107.669540015104
80968,22812.665367307163
85754,15506.92333564237
87723,16620.240416195786
95880,41065.632404440716
106868,9589.629645779452
93138,12909.731914530996
104747,14628.658783086132
94889,25167.866739496578
84681,9678.317345672052
98538,8381.977720167777
77073,27827.868699162045
106730,17444.707898484492
79208,30918.325425925927
100127,12781.740586887408
99655,7860.446552929144
80695,13335.506355283993
96818,13837.009087908476
101382,8207.492225813568
81239,16987.145503354044
91299,26363.610128222
83005,18095.469488760675
99363,9883.062694134258
76302,23243.704186370895
98317,20702.745720440642
93829,61817.97525457878
94188,22474.756480023054
102190,15337.206565111695
94901,18829.787946923218
80495,26011.105810606576
101373,11498.253221576182
76822,13287.177836742314
105052,18320.660851284436
98580,6001.674984236842
94567,18067.21962492006
95144,13894.935096195397
95559,18404.349526486454
81580,38559.22289343755
106874,20976.18995300169
79121,27724.313151730537
77257,19720.72213787612
87589,15226.119791999428
84579,10881.34791763449
95950,18684.292350658274
92510,14676.453196942617
108139,14562.360518553443
76182,32616.273447132036
88687,14244.006850130872
79244,15375.41031928783
80690,19550.826984197287
86259,15531.447647030316
76977,17436.794580731355
95716,15676.22236693932
97234,13403.062700717303
102608,9215.651051469531
105976,20659.980973717393
86505,8437.520102696977
91220,33199.00847503515
96558,14081.107033778593
87444,11213.259843626016
87498,12266.904851741223
102631,17126.863263828775
82185,19173.43288888889
99403,27196.454079069146
79515,37039.777688666116
99088,11005.174209796753
76226,22919.913317865194
108382,11453.029163536296
85313,14591.654323949513
94499,26162.621321772447
99934,6798.033489464526
82376,19002.77274642509
107765,33322.293854335905
83605,7372.928927657535
77701,15953.881861398213
94028,17700.1028521736
107523,12034.50959423711
90650,20448.212778954836
87414,9319.29769185963
100055,8650.675399910599
90566,12173.197768845885
77944,8708.891269105468
104365,22364.794073702276
100010,12078.927434414836
97116,6760.135840295571
92053,17152.210364458813
89028,14202.543846263696
97021,26083.19071878348
76667,37712.28573428722
88020,10750.7113672286
94877,18411.223628488126
93946,21144.416571291076
107829,20271.149983990344
78257,30444.420807744384
79067,22232.901096135585
77650,35420.71875742473
78087,74832.14138888885
106695,12224.998147410197
94630,8450.528578374657
106256,7324.120000000002
95601,17356.819505583175
105796,16377.013819724014
102585,10444.061508743034
87265,10254.245490405217
81014,33952.52026779511
79536,21783.997477568908
103430,13289.153325022859
95642,25106.7164827462
85927,12358.813621995529
98965,9242.684276731356
82285,23500.768975336163
88076,7316.199733519281
87977,8310.148880691024
93013,20597.73691640349
86356,19229.57246533753
82657,2429.810122185613
104960,14657.48666880132
84159,15258.093102811967
102831,7887.551766893947
99907,11544.154198321734
95588,17542.151965549285
87604,12742.341437471612
104688,8608.53074825571
78457,32471.42815587819
89007,14914.357786898281
104449,17274.260967925962
97888,20028.89241767633
83178,9738.41143068664
81940,21142.15450077837
103932,10759.773611111113
93309,30592.050988536954
108001,12647.939703260441
104771,9693.314883974586
79382,21007.206860081646
85883,9424.295599457733
106425,10676.550234979006
83165,20056.634986321307
105632,23208.553815775605
77132,29420.184833199233
101743,7126.85077864519
103628,11824.333143193817
90647,33929.748567694376
84997,7755.654421264028
91158,28101.567288561204
102727,8663.56766014913
83926,21645.13213694089
105492,14193.67041131222
84091,7455.5107683214155
90093,21986.767502963416
97013,7882.40558486751
97421,12855.238342195984
93503,20354.713451370262
89921,6766.965713905613
94294,29011.48962900471
88049,6091.086092569464
87152,10431.724705683053
100030,10842.839185363307
81887,21996.190049723627
92813,29043.213392151196
103849,8226.163529584475
81370,17448.46233910534
100077,6444.790736496731
96215,16132.645029693012
99477,10941.438693206921
92453,27179.25322820497
79103,23462.63207252041
83988,10631.763168114912
82753,9916.028604808494
88096,19263.640523991115
82591,21616.079598631328
78600,9530.06705204063
96130,14443.896969093441
86532,20519.56431870845
78212,20168.07497057233
103099,7212.060792748037
76517,14014.809063653027
85372,12392.456102106265
87192,11028.34890330833
89912,9010.91936804549
100674,17367.674239461863
78362,16251.417121547454
80234,10078.766051299814
103492,8664.31515068027
91876,17103.51022005771
99906,15864.190237911593
86556,15775.285068908983
95439,22337.727703976372
89552,12618.088569834401
97510,17140.227962886034
77027,23914.54037766193
96651,10035.686555800045
101124,5364.406483326187
81564,29172.790194851434
103834,11362.61260915268
106120,16411.672599535723
108302,11914.973123510821
95258,27200.487983186846
80241,9758.007461029005
103079,17897.17294391511
107671,20333.1207323642
105451,11288.442354941848
100581,7329.015340629307
103200,10896.786863692963
107958,25400.217121343794
80508,15099.719189442689
86519,10567.508228259976
106014,14016.970516668527
88647,8356.043489382682
78370,20158.25068547039
80157,45723.51612005796
78549,33050.33221634721
78346,16044.600760548205
102025,11134.14774105138
102642,11609.780892396235
101566,11948.30843895099
105090,9364.38552926124
102879,11627.201482757428
103116,4838.960922865524
108181,19695.60054788496
90077,9249.721310214281
87209,7818.71274690871
78488,26997.129378561836
80235,45839.899348344
100754,8728.624707207937
105566,13570.530473220824
92772,25283.389797706866
91123,38012.129734126975
81751,45997.25600288421
97826,33425.49251544959
79668,21307.341716277508
93067,10273.27427212642
102583,10880.151039013817
107690,17201.126675935877
87693,13798.940675732454
80476,9457.675484126985
81846,43688.658101903915
104885,12616.05644664956
97224,13944.471957615213
101301,14279.783972402041
77468,19190.860660995924
102865,13397.17243730063
89933,19004.66129375834
80064,15251.520916474654
102316,6427.5439581089895
78861,11718.957379869165
96856,11499.806920172821
80901,33456.09260636453
93880,4496.570050505051
93155,18449.932096804365
95490,28473.388051613067
81179,10609.561491281383
105515,26186.46387565187
93763,31688.879246316752
79292,19763.72463023643
79547,49910.305219983195
76889,17815.976916416283
92884,19599.157952580368
100959,9623.226221941271
103931,11342.7242481952
87109,5134.868598912545
85670,14846.438048863907
106941,17452.646981192007
82237,25856.9352555356
95369,15677.521199421097
104098,8218.88776917549
88392,7903.496026282267
79992,16475.41367791187
91429,21732.169472331276
93131,19058.967702875958
102287,9407.11270278438
93988,17263.975771022677
98533,21286.972248549395
82402,29197.069430805524
100838,4741.1413091219565
100418,3520.230562917414
78723,21325.910777562865
102054,19606.39783121508
103873,6846.504362056356
102429,4805.399976405397
92423,20870.932733721507
100306,11047.122855446762
95398,28497.66210226265
98509,7078.871169716943
76571,21203.33958160656
99096,11970.518726494278
79974,30603.37581053796
86070,11689.233593413319
106407,18814.09619910654
107921,6111.817255608512
99358,6318.603794477974
81645,30611.231112873225
82190,30738.08444444444
104692,26234.439453495444
93221,14795.496379466023
100438,13200.895624822053
91444,20234.28291108627
81053,45816.33025651201
91363,21158.552467592363
106954,21118.941702424287
106654,17828.17343607923
99522,11537.965653588519
87009,17540.19352958686
87909,11921.60955756418
77419,21980.959715123146
97652,21929.82546888531
99779,12241.111399351299
85584,15369.74547185425
91829,20154.904795973423
88101,17723.63098956319
100556,4454.962587131917
90352,7769.2833092736455
83282,14036.791706400441
83007,13690.564399985786
108313,11594.860701856216
78810,7057.176388888888
98828,22956.74692914285
96114,6638.327475780817
79191,21680.018305250305
87297,13588.706806631213
95877,13699.603713444154
94139,40512.93744789083
100850,8771.345765023538
94945,56551.64895212042
101089,7656.036055714873
105691,19268.46038190207
80668,14040.891478426434
81214,31507.420511995962
87518,13856.749547330057
105030,16588.016545347415
85923,7514.936663863199
83311,15122.485249785417
98855,10085.358659230336
104159,9257.14898294232
82779,9817.42666191844
107742,10683.65221097397
105468,25650.434936104353
80455,28247.359681205453
86388,17673.245469410766
94821,50063.74596066434
103268,10007.426803366187
102051,10389.131127093915
105353,25859.142385207957
80456,22698.85046362119
100987,10382.362677922149
91198,28558.80025278133
85153,13124.155932331252
103654,19952.492820102743
108172,10263.988289133767
86497,11737.445995168899
105311,8885.215338345866
83207,8928.506249730886
103088,13975.584498804597
80581,23304.286225348722
94590,24437.63618911876
92857,15826.980072592134
104990,22241.75226286742
106022,10962.454554838074
105717,15938.559966786637
93403,32472.540167540345
85166,14544.079500664104
106430,16265.853297601278
99092,20301.985575865296
91093,14342.780239063368
88851,18979.87144989858
98289,26300.438480097444
105096,31459.25995707187
77047,19883.73668838454
104430,19654.308729529308
89790,5461.65176577877
95496,29310.295072538916
99397,10922.044677743352
98691,7707.7792834317015
76750,35330.33957708959
96768,15850.940603819206
99671,10386.095537370331
100893,15441.689024114838
96376,2892.8468216089454
85359,16745.92825312884
85526,17910.8941290971
99471,7296.733412044257
100718,13777.87528252917
100408,6390.632875406212
99396,12796.962271956954
88571,18271.469464396043
82056,32466.690000281054
95339,39965.20598948187
106966,43929.194124295645
87419,16678.5776106425
107951,9431.346637415234
89086,2313.3922222222222
81863,48942.82069655274
85352,7868.531954792574
107573,15274.252860916804
85160,7886.598965662154
86447,13894.238129940662
85129,15657.172965869926
81978,23480.714710294294
76538,23266.08076730408
96475,13741.458767571188
81872,21266.72643155771
100975,5841.122051664834
89846,7683.613884627061
76813,26914.612983385894
79861,10783.644870501457
85807,10550.195582542967
100520,14040.030482201939
83614,10071.45222511759
101194,18029.67501010488
78639,36085.343095238095
97237,8337.616916484523
106299,11780.964281765033
88307,11972.350484062013
85314,10097.40303571516
105736,14600.905269019227
80065,10642.214094961337
92131,17258.22321374703
88644,18095.746900644786
76738,13248.154921356423
105697,15939.92824367179
87316,9567.760491422034
98209,12596.766168407985
96229,16125.459072523605
100262,4818.907113017554
100999,8533.004504399558
107614,10093.584062112419
80838,27724.4390674659
100986,15436.262203767374
78593,26924.13525540718
100441,6974.955292547918
82682,10823.22746169614
78999,31443.71623439957
93261,14150.659376924383
80075,38703.60276969354
93655,28449.47030446838
100596,17950.555897882514
104232,25367.699742445355
91804,39453.0539893752
77995,16326.256314578122
103787,7193.737807389481
94205,22343.443164707147
85358,8485.352292481042
78658,17716.804471385007
104647,16542.75532769809
76044,22343.899951687454
76998,10386.77138570702
90687,17825.921452748178
88724,20834.1365156148
89881,14118.135455947233
77162,17579.80884281542
105640,14334.71054957381
87663,17392.674234185386
79472,11628.618964327381
105402,9845.209106983975
93024,25614.24918954457
88764,12550.550433390641
102845,13683.593060420306
94779,15518.681790113455
78682,11125.769899767123
95089,49500.418989823855
92437,11155.271655677652
96574,8589.93699544571
80215,9368.651135601092
103217,8199.679433177505
96957,25486.625495094595
77332,14932.831970567438
88904,17799.63137295545
85813,19179.71987950814
90079,17964.950864259674
106345,10122.94453867642
93236,21949.212054508225
77551,26956.06633953946
98682,10597.830412698417
77482,26935.908641677244
106734,22557.396901818385
96167,14050.42618048039
97901,7752.661969721405
88753,17986.18914117734
80085,21628.131725774565
101127,10420.915742020548
89915,9395.944738112448
77818,42757.792223713506
88216,7880.179847031924
88372,13807.191529069947
83811,9255.450786418476
82936,10543.949768359065
89742,7209.213765321585
91673,33019.09047288359
96257,13972.976508125943
87975,13944.590094011462
80305,21000.66166356805
103204,6791.590701753424
87651,11228.664907752616
97692,21916.685030140274
79587,16979.256836285513
78081,20234.663452500863
90382,27185.20442758641
101784,10172.234725691056
86751,9767.676922420615
83746,7415.569128326162
107367,23454.241871800143
102824,10505.17938719955
88861,10376.42725662458
81296,13925.50592460317
93069,26302.250908601673
87324,23474.758905570907
80156,26389.59828634518
101653,17081.609959087928
106220,9711.780191682548
106598,11593.801293583345
100402,10489.427330147735
76609,28061.159365736607
84956,13683.439967295386
95576,25547.913055555553
99581,7988.083670735531
80485,22924.802852616933
77166,28114.659544542792
76018,11171.545913939926
104735,12329.596059629628
93333,12733.850819928186
99795,11039.743683652036
89839,9573.948407929896
82759,13039.628162717841
78936,24242.541475534552
85749,13405.881524280598
103893,5400.083578945839
80488,17384.483066416327
85554,11106.51749357948
90240,13638.127331501893
106288,18550.221433635383
77948,11743.125551523755
102329,9448.960504023244
100162,13061.269566675557
88576,16974.93463224076
94039,17475.47620264145
94453,20203.553194356165
87879,12519.57495243158
82862,16473.830275778353
102535,15652.058580669456
105231,13777.030139097598
101295,10700.04677137003
103639,17386.889789689056
100996,9912.022988205441
90885,6996.346310795726
98058,6777.335344558464
76405,22389.22160945815
81140,10778.272729800903
106762,1227.1966666666658
77805,18676.813956613933
91903,27312.107662238996
103506,8087.935354612234
99841,11383.468029087246
86237,10758.900556647633
76010,28908.956989482398
90547,16696.175073952483
97073,9461.34444405632
96345,20955.301681518067
104803,22623.399110336206
97547,9391.498750679932
80566,30724.33325171401
76686,27490.854093992763
76532,19080.466066027122
95342,18201.65582345207
89227,9253.695557345609
100141,11251.82717770062
78308,22257.77873234254
89064,13141.02139194216
80510,17126.192908426103
88585,14861.519791345625
104610,19164.111170400472
82104,9864.958222607389
82975,11904.369954854037
89065,10270.391333769918
101733,6080.564174527342
96657,17297.29405735745
86410,15542.135967302127
97079,13448.396910081834
99980,8415.523273772642
83405,17532.005336480357
94937,12958.280362132427
88990,12127.337101566225
100897,10384.797150631557
89852,5894.472071785047
79720,20102.50186215948
87573,8039.353199852559
77570,48749.72865950718
101535,5779.88922623996
106853,28394.452431721922
90614,13967.345315317898
99883,23486.17094480694
90053,15123.956191283352
85345,5530.039456880902
107848,12404.111433869537
93445,29689.191069746823
80275,14815.705075034244
78979,18512.041936392914
102516,12884.12948138736
89258,11169.134639332719
107117,23549.568904682248
106721,7116.209165792293
92982,35976.85791666665
83496,8161.017676178765
81803,63603.33738924964
106993,16247.688046957674
103294,19018.934172589703
94098,15109.884582231793
77532,15721.638168415124
89286,10719.54806820664
89501,8342.573472279199
95186,19181.707127824513
92283,29724.990814501598
95290,20311.983922646792
96893,8318.78432969305
100971,9704.974258477083
78080,26410.17992302267
99131,18495.85055722854
108281,5661.292682880975
100144,6878.534962128924
105273,15495.656898191528
87851,14635.595902122383
108128,10276.296116232284
86420,9794.988101121435
88534,7372.162136596287
91836,15668.633111111109
105068,10166.33916303518
89909,16008.968092899107
83912,17675.382133742947
92078,30692.62324699913
97169,8577.606782958163
89505,7760.162270033866
84000,12011.095492453263
95770,20235.328392778873
96966,7620.246712386999
99958,12187.238457072486
93263,33507.19257170074
85201,5243.608858906104
87858,11134.009327891532
76733,20077.044707231977
95475,18634.63109874313
76959,17043.429415885064
88587,6837.098161536768
106240,12811.126701511495
76297,25650.77084809741
96655,12201.245192058943
97329,6615.548136807499
104459,14821.495495963736
86218,9647.887614680645
92652,25892.60299740426
87708,11499.70227593976
89003,11107.146650799856
77758,9959.017499999994
80355,7159.32777777778
102381,8355.548815271422
102034,19478.020197339873
85449,16481.601342538183
108344,12057.712585316414
103231,11067.347389880299
88619,10709.302441780153
91294,15974.107774526175
91671,36074.578499999996
89398,15727.690510512519
97449,13308.557367768957
90985,19003.14122123361
95931,28879.745791235324
91207,15352.434819962258
93227,48435.95049643663
83380,8174.241080363945
88517,4697.893931776783
94074,27923.8755689365
83286,15324.388652099458
78621,23422.155991220443
78559,29196.39972743536
95517,24393.591871046498
90301,8119.406887945423
86982,16149.06987415026
79155,12249.89641354768
87645,13093.52795236578
94734,21297.105812422695
80776,10485.102043096096
80191,26159.046761073598
81665,21434.474859611397
95409,22817.137823133646
107275,11195.256760039647
88752,7581.411703769447
85344,14746.66285905657
96113,12273.96169363102
89564,13438.440053217859
83351,16040.866070665335
77727,20319.670252068096
105427,11343.806915709341
86511,15684.678537886966
96465,12075.795702275063
81345,25401.561374992143
102204,7315.690534161215
91518,53667.39687225272
103030,7471.007425820345
77586,26436.31827905629
81802,16958.45028534298
97913,17886.93801223701
106159,18560.824267591277
101107,16378.291542009196
77988,25654.03847511594
103558,8173.125191120409
107080,9641.294607957265
103080,8094.891081124814
81729,30767.76798552697
76576,11937.285847193874
81302,35247.136937352734
102815,6919.883116898886
76838,121413.2825555556
100835,7253.69523206675
92600,20259.93934463683
98836,9900.650540770308
107734,13305.014977998382
103146,8721.41338815984
92838,29253.514002214895
107210,14940.92272744254
87193,8345.658468759988
80803,27638.69078453884
99014,25113.429063131312
81317,12668.600019482616
105975,14546.69088800131
91289,13988.960542824316
102427,9412.214119208717
88770,9125.823400136893
93130,18098.976560702264
91428,31521.627633861066
101880,9621.881568783107
96317,12864.068040883272
79846,11848.650277777773
76152,27946.211030645605
98591,9438.754018022415
83409,12669.107570925024
98307,6853.6100381655715
81931,44284.023536021974
90083,7306.249447595479
77773,16180.293864489726
103635,10653.96197000225
90621,7382.803335404927
91055,19274.022391475206
82011,10875.754597705367
84194,10027.71396960655
107360,18965.47442216727
89868,13712.193127079148
78774,20313.163857402025
98229,12098.84324722377
78895,14480.08756923919
104821,14453.271884877511
88829,17258.526025500974
103561,11095.551906415076
95077,27846.525222084278
77218,14683.832974723377
96894,10122.469956503734
102467,11203.914278133809
80026,13498.965524509056
81904,33062.67438787138
79212,21216.929985029383
76081,27534.665165408627
102446,11551.561238000511
92123,29892.274242407344
99505,19270.042003122093
90701,32644.315441037714
94131,29994.842607292714
98499,9599.600480974095
87292,17965.102374913735
101982,7141.338925736844
79507,16260.11897782839
80367,18346.145208891732
87303,9657.493971280253
90939,19446.694228467444
105990,23368.88665630456
93538,29647.634362540513
96747,13988.469100067427
96705,13085.99653913295
79540,21710.975441269842
97104,9718.73994760361
83406,16217.352002433603
105299,9862.303914529923
106722,9501.60046650681
105452,14070.043313509675
87290,9348.034862271477
81467,17019.674444444452
105170,25646.768269648044
93330,21409.584706359306
80272,20356.264048988633
107730,17644.372755174667
96010,20696.014052826322
81845,27824.183353041146
80811,12534.717853351693
83571,13774.93478342556
105322,17281.541832393854
77762,18247.01194094192
102039,7531.983007997934
89712,7959.746863404756
89635,20115.953295278796
95445,29906.79106702139
83168,11211.691233255355
97583,9508.69393153597
90719,13524.976925117004
83437,19121.087312541204
95182,27234.54137913633
85203,18351.33089535744
103788,11400.571137694196
82303,17858.2490964984
75983,31983.22828117883
86812,8947.413195627252
81841,30268.829444444433
84828,7402.471513091868
93783,27512.423283708667
107916,22992.623400907996
87430,8523.402765782037
104874,10407.263162049203
93137,19132.739700406695
103047,6425.188008648607
102110,8226.307152948571
91435,18899.278826517642
86558,15792.826371597843
95141,25580.453109072616
101513,7119.313526244249
98883,7574.756046323565
84488,10395.853625239903
77317,28964.198830038284
76345,27782.164740383214
91779,25972.446871616332
76882,11996.721515534946
90888,9858.081401586122
98663,10092.753143316151
95756,19899.678392784885
92853,19550.70870270471
105681,25721.123723728775
100628,10576.157159497785
93663,17150.05397424861
92183,26182.117542089825
87635,18967.783280697717
104386,29894.192613102416
87388,13742.518780122295
77217,21257.385422312887
96722,18614.366281257826
96916,13608.232794705214
77168,50680.859193121665
78963,13945.955946945596
93780,24156.200321428572
91677,25486.004049592768
98082,9900.829187016156
76229,17415.764278118357
92338,22665.710213011575
84178,13603.89597896966
106784,10615.714566491051
90742,3912.3710613770327
96034,18606.681142617617
98064,7672.516659582721
96973,18517.65938404849
102048,8676.391866300191
106484,13382.32201532993
105759,13433.138187340126
93589,30047.739415657314
99057,14500.384712638752
80757,14679.72455863992
89636,8375.121842098522
83495,8075.966121018858
85277,12567.265397247807
91843,36624.244216842555
107118,27299.927530162815
100387,13667.368692040758
81885,26932.210540113156
105369,18118.673116742426
103588,9691.231341173923
89859,19427.436496710405
99533,10112.94461909678
107533,15615.40405292722
103667,7404.166831726286
92303,23919.540825108965
98400,9552.7416988945
107283,10330.992913905651
77352,29228.064783959115
83662,16485.362762589542
79661,17850.53161040407
102007,12420.43838137973
97793,12509.108142024326
106968,19443.99721651087
91632,22873.494422727
79763,33363.30467175867
84785,10327.694231410525
92155,15792.599863070787
76625,28150.587707159706
107370,9486.638794152379
87638,8441.392774926564
96040,8921.200543695779
97299,12936.496522526204
81301,18909.636886916178
83192,16755.00966593233
105291,42925.69125215384
87135,13706.427173255446
75985,30457.580813032353
82125,9201.462351949926
87636,11504.163164406198
78783,30370.09962896979
78662,4260.70684920635
87134,16668.64683253548
89451,7580.118287803543
100098,10565.39476792971
88589,8344.100714940689
85831,15767.226381058355
101724,9806.337230775514
107345,14743.216100216654
88336,12217.70311621285
105588,11144.137325877593
95273,20492.00228695326
101163,8689.540159777058
77479,8229.588722362845
80339,23008.718188138024
86561,10104.377048861897
90365,13150.63682851635
78103,15864.807795431523
98617,11233.571316421425
77621,35589.86230815843
91901,24651.500471592593
93087,20101.894764996414
82739,13495.094682404768
100953,7848.622886274401
80117,22054.94472515895
84174,9233.674942484286
106828,17587.115663392422
90803,16861.192204072526
85910,10396.314416755282
89576,9282.070966095878
106572,20058.952482942084
88570,19236.967172686713
95066,23838.709111776643
101114,7735.4679857836
90936,20863.11597392324
99197,7944.210206600782
106363,8412.482726470775
106495,12351.521498524451
77516,9364.277895013076
88093,3161.499171514784
95483,14181.573583857753
93513,70169.66908333333
102348,6688.906001876399
104779,12893.774521248522
90381,15437.764172152936
90866,19399.497037878784
76005,27908.564157621895
83160,18549.80138464279
105547,13229.180847898751
102598,9731.652241228607
104485,17662.903890877584
88186,5869.513559151551
100958,6993.116025595546
93967,28761.126278812346
93296,17077.21128432233
102906,12397.54465765743
96380,13747.3218173722
93298,25866.568568743394
84722,16625.62868015856
76718,20626.551512416987
80056,28426.903024302086
78850,20224.077768222643
100715,8580.254054160412
97058,25377.502743565878
85906,13653.00117850919
102477,7809.2892294160465
78624,51426.93872108613
104387,16779.482811032973
104252,12101.69825619798
94178,14449.942860128109
106337,21294.08005149052
105385,15442.025905074564
83119,9118.663861479496
76930,16210.114609035027
78083,29595.890246469957
97868,26362.965783322823
81081,8404.773649888979
102325,8090.050009059887
83604,12962.509701696725
107825,5687.312799003491
105577,24628.064914640418
107308,9035.869124916899
103876,14785.466840839721
97378,21703.02559077806
89508,9672.668126028802
86933,11090.77053474863
100033,10930.96971899347
84820,15898.012363037033
88884,11206.930948216223
105458,7048.806184844362
103164,9287.465945453087
101838,7442.237427578631
97811,28792.340344793894
93826,24933.058782391683
86364,6591.669952899757
95317,26256.44095516674
80613,19507.462368614833
78372,31903.177788257046
83283,15226.734389313488
93249,30008.287703321006
104303,29371.830710351336
87973,25467.094853627917
89997,7387.2329862163515
103013,7300.570945343937
85570,10473.15948762143
102979,5898.2821865439355
78598,10100.716172072336
101402,6508.593027218147
87313,5523.210805879306
95505,19041.85465584728
79319,20369.505802726206
95230,32180.40702816069
91808,23673.175838697054
98678,9607.033069391679
84270,11044.818342339491
84932,9276.879744837022
92433,17033.931620577405
95944,18627.962988099527
101180,14395.746018815127
82624,18631.432516759156
80920,20580.928314968998
99771,8897.96410790553
86425,17780.714952289807
92191,19302.542048560532
85940,12173.112015340996
97391,13650.992856806506
101341,6719.673480735017
76066,20707.282100245335
93226,20624.58896026943
108367,10025.413326447306
83144,8311.674688520592
82764,9395.378681347489
85112,17821.791304982216
97167,13358.124061479653
105808,8143.234958597059
108416,25138.11255744431
94695,37566.94030892689
100332,11881.462822582305
102829,8157.544721928523
83817,6961.025577615459
92304,25382.82262301363
104385,8554.280172423807
77858,24035.031852960125
104454,12243.598308176744
100292,13776.442295386987
88759,17126.696725457863
81746,16904.573921678002
98246,7146.69715923593
96680,8926.38757842841
84163,7625.0682370264685
98135,12096.723337833639
75975,28714.238366230533
92064,14559.255924008457
78732,18628.202558265442
99528,15798.418161512449
97651,9294.600088842617
88195,10259.928410382936
85398,16364.073613708268
105940,9595.38452278651
83822,8530.640366033567
79148,21040.99448298285
101011,10817.122238985743
91642,25909.741353132136
92277,31220.29164606178
78438,14256.344246031744
103126,7470.882683856345
90247,16707.852532714343
105738,12754.76345631031
91585,23038.550996360205
99313,7635.897988619042
78484,10684.459956950455
91221,42034.33392592595
102068,16157.762362543488
103027,14591.503466557187
79594,33626.43507861835
78290,17354.55145742616
83059,12519.939201825735
94542,21520.158644140643
80450,13101.513071167608
86055,12432.0358081394
77128,23889.045451417005
78459,23641.266574933583
106614,8305.034517438107
100580,9313.351101992814
79200,17637.825104673688
90988,15635.918812152733
95354,50867.58434740261
95524,19278.858708372798
89514,24027.66992986062
100494,7964.917307894413
80365,30631.014762360788
100498,6937.5550021250365
94820,22718.022086691508
95203,15835.134239177021
84845,17938.138867347592
103726,9682.334054775996
78164,10272.59319622211
85894,7885.642806379891
83974,11234.000734925314
100042,8703.178260889099
82641,16100.0906729651
89331,9935.3112629736
104138,18902.999302721848
84136,16216.659933346147
93037,20796.362427623473
88791,12966.426694668246
102077,10609.720360500747
81882,22998.270085953605
98035,10955.515887776248
108194,22309.96069966594
101297,8461.395635492896
98938,13280.94540961949
98486,9488.748266573892
83293,8783.54612628877
96404,12608.901562498097
90115,15357.971018392027
100205,7825.129230181465
81271,14238.436525275356
99430,11529.680005057004
106622,21074.044120560164
80213,25835.25666204147
106624,17972.877329464307
89907,9225.190041562515
92178,14654.957679901294
94849,31473.47074983746
83585,7971.716121817076
85742,9192.988244081567
98510,11500.142406926407
95629,32382.476480787187
86114,11016.589846215782
104028,22388.55973921462
78862,14604.144508228463
100720,16273.443640035932
97302,6742.76253687208
76761,16616.756702774597
97918,23966.878392782834
95704,12616.933123015877
108116,38591.87396327235
101381,9573.724005661858
95542,17007.718660135917
89609,15589.426445802314
79374,12729.110387205383
97399,12952.56500615164
79350,13694.039972081351
101700,10285.017718945228
76556,19937.043555987566
85945,9869.196129570326
92706,25610.978265023772
98698,12249.258615584999
98683,12149.281375232336
95706,29173.373458070037
91170,33725.54735525116
89870,6613.029357190847
105665,26470.55640285932
76774,17065.798711585303
106996,11070.848829551316
100111,14597.673326528728
85146,10242.206101795451
87623,10391.123307319936
106125,16541.462100771245
81146,19374.56675216829
82472,13940.222865023827
106621,16044.84502952809
92229,16957.30749403374
100574,9296.894365065718
93325,21697.497188686186
88820,11202.778342217558
95448,26045.867560267692
94293,5210.958153182103
83682,16337.964815963183
82826,7560.847314335017
78729,16357.510419166067
82431,9997.659727432232
105701,27036.543647356957
90828,17580.903523902154
88782,17782.574091587354
90765,21740.960899670936
89779,14700.376002675783
93973,30936.374572786688
82915,10942.799946855086
107131,22173.82566279365
78143,31844.466365885208
101557,14371.036297509407
81060,17966.823260335263
88032,17504.583212391793
102913,10427.105114384476
84050,8492.904515264445
97797,12996.850228672694
99183,4845.581781579168
81588,29355.877974311257
89819,21390.470426487802
86947,12809.068212780216
107568,22766.507506241956
92085,16652.76325869452
101729,10279.10013560537
89417,13261.012151636241
89797,8154.159345460913
89349,12154.14003804834
86040,10700.315373433144
85454,10819.95155604543
78374,25674.235806830842
84084,9796.229751235642
88370,11475.55176829955
99555,22106.83843629076
91675,58411.87712698414
87112,10577.301125305827
96235,16090.623548311523
98203,7217.527808888495
77675,8888.183449448698
98775,7998.920842575963
81614,29685.306444093683
102391,11497.978656108105
77097,25037.83097199532
80494,21726.51959822927
91050,25594.266204699048
90412,8613.993306177275
106318,14720.638559252877
88976,18586.748366845124
95898,25765.989487737777
107839,22629.74316287634
83737,9244.602787450176
99929,13420.617878380306
85736,16415.05992172445
100856,10736.322610487934
85708,14992.460567524007
90131,10257.025053742245
94568,18093.152617128027
96466,25972.754885465754
100117,11914.92633081044
87585,6779.7868509176005
79106,12806.972227751377
80237,19386.590201690826
91302,25624.298082338366
83945,15246.581779098407
80650,25798.318499474924
95104,14239.064457259594
96677,5722.427651187238
100682,11392.868423833657
94464,19563.265013496308
89293,15134.865559345624
102107,7350.659792399501
92219,28641.60705008852
87853,17274.795044948507
95391,18735.94722892925
102232,9724.712593076036
83035,8513.014808760652
80636,12878.218599014263
105398,22313.742968690676
103291,10555.754131121188
78340,14528.025415077234
107130,13047.723927963872
85694,11711.962687918212
89901,7466.360958572373
101501,18751.943456200283
92797,52275.82587960126
90279,10187.79961667335
92115,28269.672739532558
105910,14245.021798611566
105226,17279.364880049863
94797,25709.93588814619
88857,15835.354393962814
91374,19528.043429425572
106841,16111.187255058363
90283,18158.156541006687
95421,22132.131754246657
102374,4982.091057798351
93581,24629.786979661218
77463,34269.69124153651
94949,21827.170359836746
79220,21321.677386357926
82822,19687.80028949785
107897,6863.072794890975
77398,50815.2469778805
99943,14800.221690049759
101334,6970.317722543238
78664,13009.443779906016
98917,25089.190690169147
98320,11916.401464677987
86414,12779.73004544808
106690,13275.477269275141
103656,10816.198396846627
82816,16185.168149412075
92595,21163.311803968347
89058,9968.449174980831
90981,39140.38644878155
84545,27643.055340772946
85121,10834.7047648632
86786,8105.687052822854
104318,9898.419066366378
101816,10062.741901208023
85525,8651.327977137975
79169,20838.448735040416
90473,8317.454936741964
76459,35559.87985553563
91881,19362.402517717626
76343,15212.261006326436
99475,3605.0788330538626
76756,20440.601634943756
105158,8748.797727602836
82355,27081.651908814914
102382,10910.123548751215
102739,10411.262070166336
95595,28009.248618069887
92655,17647.4162926369
93230,19595.882898540258
92502,29236.8652821638
78020,11780.82114517776
76077,18730.201318219526
107845,7690.838616829119
94272,71955.52933922558
89239,16377.96637507211
81657,22136.941683523764
79605,19142.19126347752
92466,22869.204417007895
89062,21440.109845210984
91866,21103.740066491766
87629,7850.473408918068
94495,22619.149002515198
108301,9449.801344275682
97893,14402.510585161088
88636,12097.068573752873
76642,14325.414055555566
97723,8658.342295509077
99689,11690.774537423356
98669,9340.619045376397
107547,30854.981287164428
107324,19565.935378433536
96837,5928.141455523974
87607,10501.896778033963
77412,30261.679012090048
87012,12687.607479161736
106509,27110.47963708715
96290,14303.85549201476
98997,17968.20812557757
80784,12986.966153622445
79231,17668.878500426687
99071,10910.10162643114
95343,60683.43300193325
106067,21418.47157362136
99385,24967.223898643384
108247,26586.63340989729
92030,34694.79329462041
106907,17308.660347375615
83305,10763.4889959916
77537,11312.455218051815
94191,29608.060963779353
106218,10495.21712103864
90895,17580.998853714893
87733,13299.258445362013
85938,12871.295927298643
92778,17717.016190332623
104351,25835.37454876595
98023,32779.022947125275
100496,10746.566011564304
99703,20621.636416975714
97963,5995.815118424923
107514,15228.344520832576
90147,15867.017084209674
78976,18821.856046819372
87951,16756.377517874582
87689,18718.769898962408
95720,26701.637287955502
81362,14072.87654871675
88028,8487.911451671423
101241,15244.866279811149
77282,19821.18953399255
87318,13228.909151380622
95832,14489.53623585375
93146,20489.952805994955
105053,27140.05657632165
106782,22451.911235514595
95641,27978.936086011534
101467,10040.929839858381
78487,17736.319019958722
97221,9057.950140315654
88550,13209.41815977548
102969,11134.192368155911
91727,30640.588556796294
102790,10619.576547786175
90218,10399.488383327023
95243,51857.82507373758
101112,8052.265168277751
85231,10022.908057600212
108368,14404.34565119512
84764,6370.635816936651
104560,21758.49516772432
88854,9942.400770719807
96342,28184.23676453073
97363,10999.705986480316
87222,10489.081776488594
85750,13955.840746282216
99457,10073.24474547066
105834,11523.05143398268
81230,14500.393125884138
89905,6724.221152746795
99107,11613.666533539952
97725,25643.358980519326
103383,8098.220158429059
101881,9614.880252546038
79274,33204.23385011636
106126,17832.707345773386
88014,7755.992985503489
81379,26752.361405997774
76685,11642.980597739472
81756,31965.748137871393
80382,23405.85327624157
87661,12981.906994816078
103160,12428.284739923938
81893,31492.140325294746
103538,12457.679375651032
101780,8758.494160699864
81384,18190.381939011975
106350,26520.179913382457
92907,18315.448345595138
99538,14626.948254830135
79214,18426.30784656794
101909,11036.921483162016
107864,17584.43072654085
100524,10473.922822965636
84466,12111.664333777468
105389,21127.91064917458
95621,17983.894246500753
85294,6259.660834340736
101831,13751.79370474075
104539,18620.395930199695
97418,24068.867844753287
84417,12799.357930587754
87082,8836.396976181142
90484,19807.964618435428
94455,26121.933
88204,13056.632379208542
102964,11307.267372840788
83265,12548.30868859573
79644,28265.239695778444
103662,11545.483112646183
98160,18799.490636875507
86602,19671.289835806376
96773,17987.059331750752
106258,21222.77275164775
93161,24651.92688010272
84913,8183.934959417128
93566,28095.056398977376
99048,9220.388236248862
105009,19978.089293377823
78907,13034.506164721568
86767,13509.08789272377
91280,36264.84237129076
80284,9884.549090800092
90664,13220.689873752484
82570,11691.278355702785
97344,6690.496937644391
107585,17998.369837699833
88462,11680.912111793308
97190,8739.949768782299
105578,7767.165295822774
100275,10149.277997098596
101818,5435.3876338344935
96900,15717.284496556915
107149,20896.473580844584
92413,32113.678104887225
79385,28834.827717721277
86389,9999.216120179133
95212,23936.70371472909
76373,21523.133067905575
78959,26264.872709808587
88737,6014.104510365893
92016,34115.96668624137
86224,22897.211430000953
82578,10143.592460914784
97155,9046.039708641509
107701,15017.890053650988
100516,6178.1422222222245
100278,16492.300272770743
88637,15687.93325549212
82527,11163.099323619163
84753,7724.889303920191
103714,11048.404621592132
100322,12460.0546787644
86770,13113.251085353908
81754,32477.75958955577
88214,10522.790131308651
104113,15202.120878740412
104421,5458.824160561656
97736,8420.023266988843
103535,8038.166406979909
83206,16800.03957319507
106330,9491.879218453501
102339,11615.035019896035
87709,11313.026039349443
76492,20634.861022288107
77728,19511.362332230106
80481,20366.711090394074
103158,8157.7801784208405
88892,12628.958559436867
100388,10609.066595427825
92082,29209.201480061132
81236,27189.94459916396
77042,11975.972264470169
91157,29610.1370673738
84392,16802.25909509267
93436,28457.85863798111
106487,25255.282324560067
76638,12353.442553334633
100756,17395.417694975222
89769,7409.138182629389
107047,26488.89176441232
107482,15937.819956401863
77672,50623.047555137826
88137,8400.922135753814
94234,46727.25371174454
100690,9404.338994771879
104730,16080.49769123399
80889,52387.668055555594
83038,7769.578555017532
78952,14305.522917045386
108324,28980.541102800704
89723,14828.509507572278
84963,8376.03065320598
82834,17201.644089623318
84141,12387.057815490838
94870,26987.577782828273
97980,19026.184738872427
84101,11411.466762795866
103187,9027.236442149066
89617,11970.561334815533
107178,9423.831549190634
92448,25160.66032996843
105739,11429.063509574002
94934,15120.39723103939
106422,9245.692793597407
84357,8424.339756043339
81219,17797.202487051196
96165,8424.644951389848
89437,7714.855936815039
107434,25423.138332555092
104751,13448.731829249897
79869,43907.79246859915
108255,21705.04762265097
93706,23694.668487211464
77694,25653.799855277477
106112,34265.06104596661
79750,21817.278237967086
92715,26780.30057557448
91183,23420.987435606967
104425,15730.714200330629
91695,19382.449955764852
107783,22475.9555505286
80023,28953.161137303618
106551,11368.418040239105
88253,27290.093304375772
89867,14584.25743148994
83678,16141.841509536967
105660,18064.3481170427
88202,10747.486829153855
95119,27320.168137158973
108260,12431.269346620058
83078,8017.625337999782
82345,21915.83774739746
83217,9818.223132313171
87850,14477.349483114926
81035,41274.56068282827
79575,29973.0500581058
91737,17591.094074402055
87829,15555.309404570979
83729,10525.49287173258
85611,14891.579984290218
98402,7214.409979629256
92385,12494.9907218648
86408,12136.9095092625
86059,19165.816135665962
95741,44404.638119747884
86739,9247.22229313434
78929,24440.26405160138
83842,6375.148267117856
87907,11736.171372441428
88079,16235.866050972178
85643,11270.265222865894
81382,18510.934579480676
83493,9134.104462998026
93460,35393.33204713802
80412,30833.634071751763
88171,9697.125479991771
99783,10396.188343237673
102777,9356.39135471513
80663,30808.8085978576
77531,10527.065724025972
86865,19808.31414909806
78461,21298.562585010764
107352,25155.12889243509
94120,10148.443005426987
79496,23306.116486420033
80515,46597.29747684577
91344,44556.744722222225
79373,35155.09240944508
96220,10301.165168292233
93246,54155.437713684805
106908,10136.73597401463
78245,35468.46999406151
94731,16220.548808932765
90402,7838.924448494569
76206,56268.45208561459
98559,9453.805508370853
88796,13148.271221072171
85816,17940.981906798017
92649,32064.159094785966
101935,11244.09144546231
105463,20404.248895121178
87365,7848.111306360013
95227,29240.555400043737
93234,15139.267976148243
85937,17719.637060686942
101266,11943.970922865688
99571,10397.71882050815
85700,6149.024955552196
107102,10532.017063868088
89204,8603.763502618198
107013,9069.48539152559
89174,13397.202004826766
105413,15289.826311614268
97676,7185.30890530879
97236,6603.959647815587
103159,15125.09582945939
86515,15262.267944561783
95748,17806.55355571588
103941,17068.205773480833
86393,10151.247722471007
100154,7779.160379638875
96775,15209.96839582143
85975,15489.363412456103
80620,18715.724709084498
91545,23943.96844903671
90512,8515.974961230057
98423,13205.504345052854
98191,12530.942390829558
92713,56245.73725276572
106242,17620.952993099127
96941,8402.287641236682
91711,16378.490965925235
93194,20569.72908897526
84431,14728.23740052716
106092,10620.461137547225
77699,8320.383598176715
107042,21333.13298425361
94581,85162.02719282566
94719,27180.387955464215
103203,9783.076980146832
90527,14817.850799695965
105553,9863.142118355749
86257,15081.43613561365
108539,8340.556149107835
80580,16531.179616493293
100564,7410.476465100522
107330,19377.30863785045
91726,18739.585270174834
102084,12180.601801565397
87088,12114.071131196268
106757,30847.2231364719
77040,11912.456449158677
83253,12744.201660014054
87231,5689.126636789416
86913,7055.8081165608655
100372,6039.7598518168015
104194,25253.9662491311
91979,12005.241458739694
82139,14296.42574919126
82434,10320.775766984543
95418,25075.100263913322
76862,29475.27464576194
76939,13643.403103931398
86454,18277.389276041024
98632,24627.147970452574
77936,29153.46615444289
85823,10024.733690725641
88035,13471.263912038197
90469,5572.119486021205
77882,29018.864395675188
91663,20191.17145505508
84326,19366.29568333973
107834,13971.839304756484
102220,13956.0300113007
105246,9386.021577134568
107828,22657.129740108983
78808,9178.209337037037
87428,13789.815121843618
83186,10735.133630722697
83578,12595.209520652988
76948,17204.148588312382
78241,15010.92679336348
79743,44249.956666666694
105523,6847.290135526597
90957,13760.265514537687
100382,9818.76595087741
76105,17169.47298313962
86104,7388.205354468262
101922,12673.75185039061
76554,18569.30336513025
106985,21272.880690899154
85689,12294.333567888234
85008,16202.139078446757
91965,17171.17488810628
76366,33523.88277160332
86191,14048.782812292968
99663,6623.210421645249
96285,8616.52119588298
104099,20353.13514408228
99056,9069.122924168325
84374,10070.884702529847
106354,23755.676465424207
93698,47480.00173777674
96634,8477.133951044429
84156,7907.590184978838
108084,22512.304171258726
87399,14219.787103838842
105466,26102.947958251818
80586,25585.92448412698
92580,9547.702171339266
101845,5044.285397010646
84566,10668.97983775208
90141,7627.969084580705
108378,11590.707420518853
98277,2992.3142200854695
95092,40249.669771678644
104064,25223.40298220687
107637,9349.499827748508
97365,15913.765141373833
96955,12963.898536767738
95760,16374.649137393655
95872,23364.637422920605
96240,16717.599015045816
88163,17991.457725080283
100611,15774.47604690942
78881,23064.24431461041
101061,13842.017177676058
107426,11987.807705973499
84044,12421.421492807722
104552,6446.7396309519845
94780,11561.347113676451
91863,65691.83088156288
100864,9164.766885807585
81237,20883.19428378764
82136,13597.697807372724
95905,12656.755417902008
106384,4789.290832010583
104293,20501.51455877296
81454,21110.753841999136
107302,22388.6544895105
104291,22330.21595039683
82868,15675.825675762311
97858,13254.892609891336
105855,15110.73526479044
93166,18061.00102460291
94741,29170.082976482703
90290,14081.83875995098
89573,9264.68158892845
78623,12104.631313989967
98815,10440.052614407754
108391,8093.844825310806
84762,9836.385618871074
91318,19614.902021963415
79163,18095.51044781604
95977,16946.170503772588
85867,11039.922213793088
88322,9880.252129394883
79623,19292.27110374709
98269,9127.180532708688
99650,9060.00340630431
107902,10411.625179617782
105941,10925.419550577699
81949,12773.999035947714
79343,29096.96766269841
107578,20323.11956543271
99489,7295.182357074415
85577,21614.421304138094
96815,9224.347814935267
101625,15328.258175049896
77737,14287.217083333337
104092,35421.20820526126
100181,11255.539195257887
104928,6510.056296155112
98913,6800.450186466329
91602,36606.28491285651
83876,18943.73901537667
89307,8533.146093207339
94093,26505.66088211164
90665,7604.357250415303
89424,15920.031302446969
89966,15664.573319492194
87512,13995.453954914668
93925,16697.857799643858
92819,48301.04471246228
93100,29666.605484698695
84387,12059.095262938581
102337,10881.204861623653
96351,7088.522322178806
84790,10227.915443246522
82257,9067.966760006866
99957,15869.33953469896
88917,14869.386425002842
95068,29378.11195909838
84509,15100.631464328051
91624,30308.531440707353
97851,13378.83515805443
88699,14604.426355756814
100216,8170.520749248265
103752,15945.260759273398
86444,15020.597220628079
96692,13685.685065801044
99855,9436.27901474407
80299,29613.48925920924
106960,6957.254474717894
97471,19846.356889533134
84560,6659.899868688867
102670,9798.758167041884
89279,9848.722175486668
101965,14402.209489205228
97569,12142.088175610626
79614,25415.299849586176
91772,28299.959107892133
85007,12131.803007608718
106561,17185.92461976558
75994,26038.496367803797
79691,32594.9394612134
89364,17441.362147985175
78875,14321.814654426671
107066,29799.568874491324
81507,37592.76247834751
95249,20408.89001265738
87015,9013.941232614665
91324,16959.41676132418
76752,7112.588611111109
102171,13095.964031552747
101910,13963.9112290376
103619,14782.748734811985
100128,9674.169415834942
79404,28676.20282672857
93180,30336.139591260337
98208,15898.680601905122
79595,20609.567461164872
80232,29756.798713812277
80698,28199.96065639331
77442,10948.760151247612
89295,11972.85543077573
107982,7991.059259259261
104260,9345.836502550292
107081,7185.284029162441
84397,18333.936366193666
76341,13081.83634809042
105837,21420.987612213365
87758,17770.58971739288
89085,9624.263454100785
85464,6579.799459865916
108404,10087.760775399654
87357,8942.389294218268
96567,11388.154534959489
106723,7000.470634330828
102198,7127.483618329819
97673,10521.520217768279
94078,20219.928874292083
107507,10010.492334292494
97681,6669.417817967632
80033,7130.3452075396635
86656,16403.442643857255
77797,19505.90032557819
107699,21109.213096189786
86945,10115.731169988092
105222,4470.388092531176
104904,12020.33187583205
79731,12157.93229230511
79205,26951.88168751781
94275,45303.44095603555
83219,11470.564974840212
93926,28296.71207414229
77804,17626.95400166314
84512,16800.567968947616
77215,10855.369970620124
95226,27857.785480560615
102992,5366.391922784848
98108,12796.231958821467
80629,12468.54659184845
98788,14459.467132816395
84971,12197.233110848687
97484,11873.770774291304
87887,9904.556592019491
104294,33755.89338900727
84316,8927.078277253053
105685,24717.906443283522
84866,3699.1555528204253
108412,29026.122499999987
83463,16144.878820677344
105005,18422.21488095239
94134,19593.660000000014
87832,9852.245627591032
106089,11710.319555584754
90745,7272.79000917682
93579,11106.133521063715
77750,31558.051439228944
101618,6322.933818197381
101148,12723.741540742096
91084,17063.91000489587
87106,16108.189199892879
89045,9012.033533205149
100365,11020.545481545314
107100,18470.454017284035
89836,15740.660087783896
90463,19359.53576408728
95908,27990.696149828644
105700,8964.191508045042
93105,23137.223603383733
83244,18091.467414487746
97603,14086.401835104622
93616,24138.098165267606
94245,22784.77491732193
90752,14916.210040140426
99594,13065.166746078858
93068,35168.55323821763
88443,11172.145194769198
92592,25497.231947277127
99796,14695.708732801999
101588,7032.7434256870365
89633,11616.292077342308
99577,15914.432983211831
97165,4734.760497990266
95686,13585.966192978618
79266,27834.62151690918
76351,26717.372962759084
87457,8452.48719262941
90220,11919.633066047107
87855,7654.184948751503
79818,18269.199908240535
91024,27520.044998146994
97908,12079.116407529931
101556,10516.340816459367
89750,8043.929906333953
107781,20425.004194115067
94151,10695.442531021123
103214,9897.071789462825
89012,5584.677834990849
80997,22326.23752590838
90002,15242.762563201086
88243,13698.201376654384
77631,20645.6749490099
76185,36724.378383521085
102767,15023.217321287977
96776,24068.015335004846
107630,10126.897230859035
97550,10552.04086041632
91871,17857.724711943312
84499,14281.816795179378
94523,24450.5272806001
95467,23824.664391318525
91735,17091.110520804148
89874,14021.103488318517
90168,7673.676754426399
76765,13664.055561820061
92590,24129.738320296186
100529,6465.99534711477
99330,6670.834241779435
92566,24410.99660063698
85303,18391.332132220825
108401,8124.587042319784
107621,9219.240616461067
80471,17332.86961962001
85478,11198.415483637265
78386,20880.848965597015
105016,17046.533845416183
76807,18674.316257639424
85036,4898.977487331895
85428,10606.014077200596
85783,10152.121456712888
88510,11445.215795811797
89262,21053.9351715262
89136,10655.64396361243
77193,46856.74663161377
88928,7360.690683468856
85930,15206.49175101447
93387,25852.57992270647
87348,10862.675174787482
106766,10630.45176832728
94358,17878.32420743438
81582,13809.232751719295
87880,8220.825222226915
80554,28176.939464682186
103295,10482.866815251467
86265,7174.137730696642
85650,5313.1239273406845
78496,9738.75976280498
90155,6062.471511345675
108366,16793.218644366305
95435,12858.40069648
83433,16280.120467599836
97917,12120.251436601515
80755,16636.40085277655
106070,8937.804250605166
80354,19526.79077769697
98453,8104.780201702177
100106,11290.688966652364
90408,23658.596024369388
83615,21022.72269966329
82425,16524.252078909885
101993,10312.847425309024
94522,18776.47468253968
84782,9258.807165951184
108223,13278.63034541582
96160,8888.537013730069
98432,13598.447233450299
105363,10329.517131472187
100535,7831.884815566731
86591,6595.480618575107
104667,19173.10537528545
90913,18543.788801967858
88935,12887.826239392924
104570,12689.432146161049
83610,13857.88427487346
92006,3966.204141859022
86169,18200.927094116305
82827,6837.384926262773
86592,11989.079395780811
87212,10440.931996777776
97120,13635.208897247127
77359,15102.290748559346
104752,17648.038049240917
97296,4904.6364468276815
76528,17975.047531746022
94678,13814.5782668606
92677,17856.07697089851
79068,16678.72143431725
79258,15084.018991374649
85903,19536.422047729084
85139,14183.552977687841
93427,19932.08617701644
83820,8784.605549128644
77286,25738.03015251173
99210,7217.453557471002
87068,11362.758034187578
83423,7195.630286411866
104277,13650.541147849603
90679,14451.033609739045
87218,15893.481468766173
85604,9021.562147479612
81045,28869.44297575911
99525,11256.585254325706
102332,10512.929729366582
81248,20433.864645256872
94626,36569.165253968255
102031,5926.411122470229
99240,20675.65632850699
104198,8017.028555924984
103296,2875.5908458929066
105530,21941.508269175964
77830,13537.692819971158
107707,46498.18914858669
99875,50148.879049884126
107727,10201.088524170433
86279,10675.71528266808
78738,19020.761291962208
77514,17664.165174649257
83235,9975.085991350807
96964,8449.942224662795
95157,28158.666731616388
84407,7741.8370844551655
107930,14418.953009231593
100103,16008.129474329107
97895,13588.985735736047
96823,25933.240756771687
85448,8365.855350142394
99246,13585.559269096544
100586,17962.697271469973
84536,8558.3692790218
79744,12975.328133020586
89433,7151.982049939145
93466,16984.852020049242
80628,32308.89455555554
105144,27106.84076529494
87407,16072.576260269647
106295,25508.569328662867
84239,20008.70758339585
89362,11133.243871866465
85099,10847.588131928365
88071,6646.464547431067
87696,10822.261541039981
102512,10665.893711950264
95911,25261.266279758845
85069,4896.660500922053
77710,25693.992461624992
106234,17719.26248578749
96338,8364.930096414326
76534,30661.791906025148
91330,13862.574806153083
99229,11612.501918426613
79318,19465.89239411765
87465,16010.96058757705
85327,17535.787212266274
85601,17587.917409015827
84287,18412.29161416136
99523,10705.207182469814
85692,9945.413904304858
101573,6112.804247080441
97295,9949.161284614402
106567,8594.819062221584
76031,8789.046377918863
96219,21195.76227632386
103153,9576.954445153642
91126,31601.071913674976
106188,22577.048294890006
79174,15351.308757250825
102013,9639.40484624928
104603,13335.029445889855
94006,28031.988226142043
108326,12812.5227080628
78483,27962.227058937424
85801,14478.763875084907
93295,21789.83708698923
107744,19387.57361069663
100171,5498.909442569511
106558,7622.8091134137785
100806,10743.158390712244
87732,15543.942193302215
96227,28861.610361757124
92111,21490.75280141315
86147,11614.524276713686
89519,15211.792535718658
95271,26116.011717931204
95264,26173.224616182128
102294,15463.704876524474
81966,14921.89738556467
103012,15218.103799304698
106989,12492.099141502416
96772,15612.335195317306
102972,10793.86890776658
96306,34045.12224323824
108418,26941.251301460386
78045,15494.768979797975
88095,20253.42849613058
107561,20621.406532526085
81795,7728.446594208454
106736,19862.19146750999
89308,20004.46444962258
92852,26770.48271016242
79486,14265.553096615016
102942,9063.585278244555
104342,15041.748965330456
92242,34762.25444420395
107000,14598.49531340392
101869,11692.571280828037
103744,9679.82370366827
92316,21250.712338553883
100386,9994.34733370269
93123,56379.245777777796
79755,29981.895686626645
103598,13230.876559687376
85309,15653.24994698115
99062,5938.923505106108
106747,25453.63182891797
86675,14183.330215168247
78833,14460.235516517085
77194,16585.859953241783
100977,11424.496905003009
80837,22936.473689747672
89253,19147.793723753537
99368,15360.827318685238
82058,7869.455600931399
88519,15608.851102192812
91242,30110.998032448795
80897,24864.717675241758
80505,10268.957267982121
77645,27886.15879693257
100818,11783.954367507868
101021,8295.490706427483
80028,33195.390763322655
105669,15068.545814419345
105092,4951.815535084947
85973,10864.346058524752
101110,17551.006363559794
87926,18513.391441004107
102411,17224.86037506683
86210,11812.537131518931
106999,10456.27914142548
86228,10239.165272167787
89278,12878.471885563878
85460,16201.755257425899
100527,4969.593312312317
88852,12629.754735145976
105762,16949.766577239174
100149,17787.87793474504
80290,17625.549417993763
85953,7898.874958927965
81492,16125.874193966669
76831,19016.392088539
106123,18391.48282897031
81945,35298.956918186
96796,20292.948545634925
83848,15290.626049897777
76568,20664.488220316933
84777,6080.818164087861
85159,11728.955644619597
86943,12805.787556109173
85719,13607.250467947806
90325,3491.223400945756
102061,9187.49251250924
77924,22172.992615014602
85093,8580.545802460696
101892,15036.342946601104
100848,11167.09129471028
98725,28932.58561904762
83883,7304.691747580697
90754,8142.046883911791
83803,6554.8887463923875
78486,13897.0759842926
82705,10554.076683795674
81532,49271.01055555556
108285,25645.47736782661
83833,10739.033121834464
98263,21884.209839556806
87000,14129.988904156977
80673,23507.90423860275
78206,26757.089737549526
105718,8332.78176902596
93533,23682.74981941489
92133,29688.616813011566
91065,25510.935787548253
87899,19718.276229248626
98017,21702.014261813827
99570,8317.789509014177
85188,18541.662932963896
101319,7356.019962346849
100142,11728.454469651
100019,8606.297797190084
96598,10901.549504401259
81397,22100.650751738027
89238,22789.433036270962
95758,18203.74267198091
91540,16146.362228835977
88474,8528.919528752593
83465,8612.028645284383
103092,10715.89831909007
84968,14723.009115909046
77523,22090.138988544633
93366,32415.920777777774
90815,11598.594177570643
86902,8497.242649811253
98479,6442.025529943656
81068,43966.15933333333
93005,12450.161043066222
79216,22253.684878559496
87027,11795.17280951694
97332,15439.129981859922
76700,28991.228949782282
92098,22805.141009698546
90564,15136.541853460554
85106,18503.941533600817
107907,20338.455100917123
84142,6528.732750045291
76304,26376.37371923208
83000,9983.974724248326
89782,13868.21414488284
76184,3120.5903532948532
107539,11836.368909991077
78236,31294.026361352087
82316,19688.063787391588
106526,9964.598816192403
94138,23489.895106880747
87340,13981.990493362502
79516,20211.64309738944
77411,22563.88031960205
86680,10008.759490988277
95225,18401.075438299882
92224,30017.50590587387
94791,21285.61321198485
102989,10162.648136701368
80765,17590.10942938992
85393,21289.153443835676
104860,18957.10702068936
102484,13353.915883313297
103672,10883.895112477094
82448,16007.536726655804
85479,4653.2999841269875
94775,25583.785883577573
98729,21485.23563946924
76893,17522.37540031813
88144,11393.72879163534
92369,12525.904464679003
80841,23266.785478331556
76791,18022.9858098928
91845,16740.579274738953
86949,9980.965197735055
103913,18539.17292511277
85869,10329.062933431262
76426,15640.025532233352
85214,20786.02300925665
95332,22052.123957570606
85821,11063.553376720653
79430,20241.989427289434
104573,10577.164320606395
105788,16109.23524302618
104867,13554.700776745605
106367,26443.77690724295
108241,15405.08201310581
76913,42076.94953112726
78712,36322.55494352497
87769,9449.77864450711
80169,23107.27895827399
102028,8392.230770779854
102001,10807.375009512032
107798,39146.022060783645
80044,30333.633975960936
93757,17490.470819671056
104233,20192.85673370805
84195,7523.519275255796
84096,7984.869180588032
82336,18120.988690156522
90423,19366.65854486791
81769,17060.333218139476
79650,15702.717972524082
84837,19247.044177548883
106303,10263.008897379517
98551,27347.375824973406
100452,10517.755657701193
81161,24307.3941225174
101116,8759.37930819616
93465,17538.271108384888
92749,37906.372222222206
86281,17321.17473333229
95586,12154.524447522885
78235,30621.835959595956
102754,7296.1688838400905
100017,8984.4741581013
102637,16421.564521991397
98192,12512.295852646408
96683,16808.195495880176
103968,12222.1105945697
89159,20549.240728796518
77752,17785.664802035088
78526,23607.99094208985
108387,22538.450666687433
78659,26342.854062949395
77013,19735.972444952004
106480,15182.509536204627
93920,25025.814412774984
92912,19273.221116081855
79044,26985.15611111111
96831,5021.62247570356
83502,9846.379616170576
99420,3350.7212098117993
93785,11260.968228425525
83739,18578.659115026192
87018,20105.973442696104
93773,30931.736556506337
101674,8965.128422590768
91655,22952.026253327804
104412,4931.402254610909
91636,25338.30162439055
91101,15363.695659775418
102437,11062.035585078695
96958,14045.892178104868
83934,10777.313481656618
83372,18896.57754617391
107296,12103.415739538059
104909,19765.516201654915
103886,10053.74164755173
98858,10247.517443085113
86276,11271.300026051915
98148,12894.965390634521
107294,24512.077196516075
81812,38856.984684768155
77997,19978.06512766013
104626,10198.783389266406
102424,10244.091950489108
84992,14239.35557118356
86867,4460.758892107326
93370,20990.41396247118
90804,18353.278971697426
76001,12657.07166734179
85691,10987.048944196182
76328,43572.53462387611
79143,12799.709478409926
91356,7374.020277777775
93553,19586.82267939156
93673,20151.407013422417
108239,10303.658759036429
99923,12111.042092123027
81616,33642.489543069416
94433,26206.68206261189
99985,14300.548258191608
79648,36081.03256564945
91423,45050.27402895262
96581,12980.826366703315
93321,56883.08118201163
89736,15523.040542734876
82722,7571.237833333335
76093,32703.975845223908
82767,8500.238989793606
101615,15945.32224889498
96585,9425.592192547507
81552,15551.6822924412
89656,15197.27157247414
76301,15298.768168222576
80683,49411.11216287021
95638,12309.511449891956
78343,20197.380290554644
81495,25510.739253077623
78517,12399.341578851805
91764,15511.54766253826
87050,22016.995753727748
102877,14513.990003894083
86844,11576.943225426585
94535,16031.620582988342
80871,11064.557690786165
81126,9211.177013105393
77182,18477.354845441932
89335,16129.07467124036
99612,9762.441261572014
89041,9627.54237030174
104165,15420.059760523996
79096,20294.60306829324
76051,18980.086833979713
99599,14437.185556422088
107763,16973.904015217708
106646,15081.626375544161
88985,14721.971356720045
107109,26883.684333570374
85110,15572.884398765858
96907,12373.629082530777
106806,13710.45579913382
105409,11317.317592498906
105449,18747.65686784952
104042,23459.652616774696
101299,10725.575366750305
102434,17794.826706351796
96363,9725.974723005747
93918,19546.201777777776
80842,51395.946284047815
91578,19209.367455923948
90458,26870.311643134733
82186,23908.563396825393
99767,8419.572706224022
96898,30312.966469623607
77755,20580.68762629829
82958,13603.989540590117
89248,5912.44867604397
93452,9274.369017291787
81517,11434.327941154515
77919,30957.17664411076
97110,18519.276314805968
107317,9320.842116356538
106102,9183.22625123037
93034,24845.683327516934
103446,10670.124022228874
82762,27836.313005493965
77365,25146.878270386704
86634,14857.469353919836
93109,31794.003515012755
96094,5065.701293522247
108191,13620.840329661687
82667,10625.761031938744
87953,12910.570709704225
79188,30008.21012205387
84962,11002.34871838586
88377,11826.688878035837
85942,12781.872485180746
88278,13597.457267814034
77743,17513.921352544643
98341,10119.809446392534
101197,4907.738180447983
102838,12861.947149339958
86885,7430.753246411288
87648,14513.248764763643
78995,18109.043620370365
81374,20447.70085125572
83829,11245.428822379074
86073,13051.644567434525
82848,10905.833057671527
101727,15767.59078094333
89929,10610.421570547433
108534,11642.152537679094
80592,22670.85459457622
96292,13516.995130155923
102569,12843.940810084618
84692,16522.779992257547
84531,7604.035618889958
100173,7757.28910394387
90263,13149.692960783572
88489,11550.616769348833
83941,19379.91836436782
96621,12631.154661366802
88427,11402.574530670541
86625,10011.551168086022
82798,14777.348173091172
86084,4512.951582748118
93058,26494.642397146697
98527,9627.158060855249
99786,12478.04304132388
84132,9935.522649556746
101160,11046.590910551353
80396,35679.19487313614
88132,16363.401641650073
82835,17205.41285764024
82959,12419.742313878869
97225,18715.81313593124
85463,16914.067686120314
96733,8979.174671989442
91820,12925.547899798215
105870,25407.64512540964
83255,15039.481250774184
78899,20394.915297841046
99812,11188.965911758403
85798,11591.992834704144
85452,12919.715875011174
84706,18208.47976299144
104289,23167.419340421297
94785,15641.229844155836
96707,10533.76850169656
92847,25405.098706349192
96054,13439.654419482576
77986,58595.30805555556
103435,7389.320888787798
97008,12918.003930031336
81650,28022.91505680165
76920,21541.877158765397
100479,11906.900253300313
78120,11470.802771607241
84761,5238.938766139792
95062,28027.863412759838
83102,7134.821432177028
103872,7986.735308082427
103816,8733.573333333332
85672,8327.103009583721
102125,12691.663727331872
86928,18988.61622888086
82814,15264.651439122426
93167,25819.16681892206
97674,8288.10213000905
107400,29669.43030887987
92669,14495.05131291834
78046,24499.187923656922
85703,15053.848440574087
104265,17032.163211784744
107786,13458.12811815462
83707,17034.854925849155
76858,23155.638695228594
94147,20915.748416272425
87307,18843.923610088787
90594,23595.489243834756
91305,30452.51398965967
83302,9871.962275708594
86173,17000.40212031595
95811,20679.480495423642
79868,16015.789101099177
105265,14279.219857493046
107009,9615.748197891773
107281,17523.680044409164
98848,11838.92241760355
84222,13439.775117265579
98808,22768.36371863607
94002,32193.580183001788
83985,17866.90112047363
107772,13985.3075569657
86564,10781.78329590067
105241,16202.811029611397
101060,7789.908691690525
104362,23768.992155846398
77441,13051.999304931527
92827,28865.13869664769
86523,15904.771829876672
78695,30644.60878051206
81392,16757.788938707243
104823,25902.509505424605
93521,29076.96219861612
107098,16423.24987143541
106011,27741.91639129435
97032,5525.281673968376
88646,9297.698799122472
82014,25765.421682485005
88034,14854.39839695561
90561,14916.159541155428
107888,13543.817244582406
106249,12767.545421917679
94608,23444.280355478255
78134,18497.933823412695
92898,37621.74246296297
97031,9500.950714522349
85220,13074.148174357057
104973,21232.663822009174
104081,9908.562136498582
89865,6026.699803371954
91706,9460.049377201509
86089,15648.537489620328
98736,18732.740004344745
83238,9836.68888563543
104237,31307.753363103704
106990,9249.083291994202
93432,27398.74217922119
85280,17320.975100386688
79909,16005.379299250553
87698,13094.264385242417
106059,22016.115118963717
91016,17891.38571370781
80180,20801.808612579236
90006,12089.219567189204
78122,24525.35258730159
99672,7729.5300082081885
102297,10189.98437567712
76047,12023.342112666369
106296,14292.154979257111
79989,31532.23239445803
100843,7286.241144205562
89014,21816.952543022435
90568,20284.41486663834
79905,19048.182608012776
90643,16042.892760073266
100729,9480.186734090095
97084,10850.932248636527
100984,11804.266516880693
91475,24562.101321789916
105531,15018.894139902819
78482,12026.516312456766
83254,16523.494049091114
85217,9258.212730547228
102974,12524.602642921798
80040,25143.41890703164
96077,13532.895496689658
89073,9677.061858675701
79118,24601.170174814284
107565,10587.559588376724
93486,18859.685079282295
84670,18128.257245669556
81104,16543.453525530025
97867,16789.505876450443
92897,13961.051661186284
96592,16261.973084833091
97864,13280.353855666795
83369,8886.858167970326
100471,11845.65658343828
87533,11289.183685606535
93111,17661.204224473808
99979,12901.826226835117
103340,13568.065213014625
104434,19138.566741031467
78515,20482.12235882816
82046,45264.6886159211
100572,11765.150012259746
96382,12786.384777663563
97575,10288.52999568866
76210,27440.15261139772
96628,13758.367603257428
98232,9625.075332545099
92457,28024.642578828458
103665,12861.977464113274
107838,16364.059734716968
81165,19480.835269057792
97719,26349.587824463117
80739,17143.21501350632
77593,13308.426151557129
84766,13294.184445568864
97274,10907.08590895919
77281,10009.791549988213
90347,6007.706277326656
77555,17596.843084445714
103246,10389.460493843299
78404,23783.709827221403
107745,22920.46291870181
77017,13245.117603738854
107995,16136.564849519676
80982,23787.03135200379
93844,59151.987215534464
83606,12795.945738009712
86904,11774.163912335605
102616,12438.006826407414
81768,32443.895173303416
81464,14770.156647493091
103309,6481.253431625616
92975,27769.081264344673
96156,14796.572532249009
87770,11188.054924042803
99632,18091.620238503863
89924,7707.4489729001125
77573,21779.19695028126
102968,15363.373101237075
77822,19526.318611695533
77725,10554.322765641766
100787,9622.325476742048
78013,33230.60944444444
94440,22942.462090075096
83938,23213.05811336102
81204,19345.283288159375
76519,35030.95538587381
82172,33032.84024766483
103592,5932.656833078474
102003,7223.377856263834
104259,17744.596094861776
81120,18160.519370248214
106207,10572.682068220087
86710,8392.666250943323
94024,54166.22127221837
88164,11535.662811173852
86667,13639.86255540191
98371,13568.526799707992
102344,17718.120109786814
83142,15286.466157902147
92532,25253.77556447943
98345,7733.010352975781
94565,15643.848536993672
106223,11197.222308769828
104831,29234.94819377724
96144,7523.803633724971
106634,13750.568561160137
90623,11355.855075396828
91275,26985.64716739653
91547,18495.40936483321
86390,10350.395401124691
101986,7621.080622926719
102994,6557.749590048627
85291,11879.910063883324
97430,13496.670660956644
106209,17494.1085483061
94798,53438.963055555556
104565,7710.745869239889
93679,14911.168439545836
93960,30619.928041845822
90063,6864.937096059013
80038,34355.885797004026
106513,10264.378910198791
77267,25012.454112275715
91539,27376.501475243767
77973,38098.73150396824
95999,10482.167182183586
78036,22972.55795835786
106191,11713.914096784116
77480,11745.926689602768
82656,9547.033576838743
93916,16883.524279120284
95975,18738.143347331545
81550,14544.318535998982
103221,13041.118621781461
84062,10854.44326436771
81584,14634.065456815886
99564,17073.145805587286
100276,10682.185113937197
81308,16495.33329184757
85519,12542.509307309487
80114,17672.804655702683
83911,13916.607188438453
101879,10641.413028955412
106626,10410.947457562928
89009,12081.550115028916
81989,27111.643134920625
88197,9913.20298222988
93592,27184.412144609934
103290,11542.145315246851
96988,7332.0024597446345
106777,22184.507696928496
88922,27977.03309851195
78224,17429.926394212263
79643,29221.9935932777
100066,10199.1642536361
99132,7410.151932981922
100610,6885.7458188100845
89409,12682.108359244425
105675,20528.058881150508
93304,25504.502508423917
87662,10363.497070648056
99433,7451.690414870981
100011,10991.03831298797
95327,28198.19163324269
90169,14781.723690105071
103978,10953.897211255859
95238,25154.085403121037
96242,12978.213604081564
107917,11140.149642824548
92639,25252.345207996204
88936,19286.862435484312
102923,12969.575684621312
87883,14612.21763308183
82670,16245.71542524402
104229,27699.721143403083
82031,20413.431500695344
94197,26465.55195931351
93921,21644.18374682286
96030,29846.2905126887
106335,6659.921268194232
80671,14715.182189804778
86723,25910.55456616449
79293,29886.18631667285
97549,17167.767754993063
91837,18482.34177438867
86437,18408.217922105006
107577,24001.835138552924
88419,10469.447641545827
80746,46897.27520224077
82548,16757.262399468116
102711,10711.640740700952
80682,20623.549943635677
93204,34781.89032479213
99582,15671.930410583709
93195,34140.45814843503
89626,24065.640459289254
84713,3209.4484394756673
103182,14722.964861000382
96954,24441.24793748703
81758,24044.526547736685
91938,17564.81083049263
92961,13906.90240873016
89533,20367.1661689053
86243,13114.507001900462
104482,20407.652501082248
83198,10731.869460645808
78284,13050.94561505219
101133,14966.726452959776
94339,25763.713701456698
88631,9895.661337503947
84364,14894.943944071469
104341,16191.155477522507
84650,9749.129838326504
91140,25825.669794733043
88889,12966.315100787415
98085,9998.692561991393
78796,14982.368114379076
80524,25474.080445653326
81309,7595.948912123614
87410,12860.00571589306
96810,1605.7789646464644
89982,16672.559275506523
87326,10252.672736161709
79722,15340.781777694698
86367,11193.608750157804
105368,24327.11811134307
92505,30871.902205639202
103000,12980.396885683138
85052,13372.561656597924
76497,52474.086283612334
105312,20488.826415971376
89705,13318.87891995458
104999,25968.8335805872
107876,26786.844892584282
76095,22138.668063704867
96723,19133.874648220455
91593,29530.034282413057
85772,20802.709224411614
107199,10448.856150030153
78256,49446.93495850223
78275,28254.574697901488
87582,19401.521210398612
104231,11743.694902719151
90265,9739.838168872133
81793,14441.19715648531
90526,14741.514663010224
99086,9013.50559146368
92743,18534.499792433176
95412,12186.154041554893
91146,26779.906457553865
95923,21207.2436698674
76021,19791.614532030937
92858,15015.598852524357
90984,37893.50502229271
79158,15360.18738013003
90318,14649.274336722785
91747,21594.695836089963
96641,9140.880245333978
76202,14998.69234999691
101040,12719.592259037629
78797,27442.90288909361
84745,16536.18242129978
76942,12159.322477405962
78980,28863.748346686505
96662,14127.24983830993
107813,27340.00494278182
93431,24412.101562262334
86915,13031.778389880492
105102,30130.05644147388
104447,16712.55738727335
83183,12616.488126149812
78917,14157.738205158495
99336,7522.395866868655
86883,12453.571844652339
104155,14885.132771115512
89989,15754.06336172946
80406,28977.632000000012
103151,12434.560941001722
101077,12159.522640965773
80134,20120.678239445875
79090,26312.933910389107
93482,44695.117923039936
87205,16453.841207702644
81295,43560.40258772949
89726,9948.373035959377
107842,9102.638176853043
100351,10050.042549999733
78392,20312.034563492063
106503,13462.214199340242
103982,8816.774639785961
89276,8875.327461647232
83143,11300.488627767047
106521,21880.322665172625
100841,8163.737121955166
76990,10058.155277777776
108466,18206.76397410666
94285,21623.226520024462
76323,20446.96219686171
90868,23536.438875111166
100631,10791.65983703623
76196,10397.962048596995
98387,17664.048273528246
107494,9067.987497528844
107439,13610.706193753158
101458,16200.326434813505
78473,15215.603295567344
107016,14043.765608099611
102109,10152.375479480306
76537,10946.247060811289
106523,16133.113080543892
86340,11197.466270932298
102486,17682.47448636588
98993,20478.442139167393
79358,10228.317463489408
79906,9765.01671435872
83932,9026.143437537283
95064,8117.010345864595
108339,18079.39897148482
90489,15054.274437146736
107984,22703.574595230897
108096,25004.5617177321
98313,7579.518145067325
79508,15761.910131424745
94289,25354.905118350078
104393,12884.3068909016
108220,11001.882241768119
104795,14883.249017929571
93178,17232.574427913252
106079,41540.32275376475
89584,7377.680479637817
102435,7445.656392085289
91967,46978.50879110962
107618,19977.209475511245
86862,6307.99583978825
87991,10619.834044181434
83618,18480.132889996854
90089,12008.238499675166
90681,15134.311132026736
85562,12030.49954612393
102934,10610.574648668868
78806,28097.283261364842
104615,23368.33068691486
101221,8548.3934748432
107067,30675.12465162584
101807,16611.034633658008
85952,16219.93482941521
99387,32436.738333333316
106135,10463.195104716156
90522,13519.657326014909
80068,28307.576267846885
95046,37971.72194444444
93546,27192.29497551349
97202,23973.701532382744
97567,8444.499809137082
79963,21773.90387560601
84033,17023.568943795817
86538,13841.659571428583
104104,29813.13358101073
98033,6126.596049836729
91989,27819.250679854315
102114,15446.899258398007
102507,7548.593976444292
104663,13812.300750992023
90772,7161.936752786548
102250,7882.400953013166
78758,14842.382137266757
101421,10882.294737810305
86744,11752.33453968352
98916,8399.090161119886
86659,19708.252213535878
79853,31183.78960451336
102463,8457.926613614034
103827,11302.169523956481
106662,21680.163751816573
97291,9944.528070359358
108516,10636.443521337325
101211,10290.70568644233
94947,20926.610738296
87948,13370.213789094018
83719,19960.24061346417
105186,10653.937616492056
97592,20024.561384192533
79918,39296.01858878261
78137,10972.0252633161
78859,10345.700632039052
86082,10679.61908626224
96316,11226.457084003467
80327,7939.117195977109
81639,9740.387034209263
76145,25403.142270504442
76612,27531.787685924115
99606,18401.347722848313
101120,7904.33478252048
98540,6546.905390868654
99667,7321.909168990696
81038,25075.469746861596
77521,17725.697357453308
83408,7509.258099411803
86905,11035.927508361294
85997,8539.367977283382
77009,18045.058191617754
103958,12101.351218639424
90392,8326.651907170535
94800,13179.165897907777
84391,6161.418927013859
94843,22762.48694309894
85555,16087.050789374107
101453,7941.300327017965
86686,9567.71153722238
101665,10821.035808763207
101044,5498.907488095238
84230,8406.064340644018
88440,15926.126336158595
103253,7182.160539795997
102847,11882.805755213201
94381,45176.90697645741
94229,26585.21090294991
76327,35408.70425488882
97717,21704.443423003526
101291,12179.335157542451
81877,14893.242070764752
88927,6012.937390311089
77137,28038.2877332461
105325,6989.761913371672
79368,63483.3869351852
90769,15166.606330622822
101376,14485.624335023878
88733,11452.175561686312
104519,19724.106687934436
79100,11588.843666902525
85667,10561.048054586932
91111,32223.765226777774
84474,17572.58730559414
102166,7357.75718861598
96711,17506.51034867578
103102,8390.468614322213
102519,2026.4292471360257
92508,17541.49477777777
79560,28734.56671185887
79530,18213.00661627834
103272,7621.199643320028
86935,9564.35871445248
88977,18446.414545413365
92681,13428.716034166664
91978,15372.94661533768
81144,26454.415910123964
98005,13343.364988554064
82716,10558.363656064465
83371,8055.745237229012
95566,18276.71286694641
87240,10656.610510913715
105593,17452.611003573984
85457,13490.309568148214
89803,12059.923267208966
107934,5503.858641452957
94736,48299.831219884094
92865,18088.080617693468
89863,12518.466645669881
101109,10871.260780893295
100755,8015.70247819338
99015,20946.116492201167
98439,9698.81608305202
84150,9704.955737547089
87593,14834.906429664754
83830,9078.967860005161
96778,11431.529253600136
93458,39720.9556426676
103141,10084.426719246718
78576,25193.753313042114
84582,8358.664822924613
84034,11628.85959093518
79223,22108.19948696038
88574,17606.539802908846
95914,18853.239820465304
91830,24525.246283301116
76682,21498.84724117589
76091,21043.507090384257
86187,4162.524166666667
80571,21303.9896861658
78015,20252.86778317712
83392,13028.64563687697
82103,13184.458955976037
93859,21348.569965469214
76290,7899.297649622229
86539,5175.289917584533
81288,18042.015331583414
103599,9446.743737472127
90430,7930.823647149446
89392,12524.499570146834
98963,2175.395555555556
88846,13186.952017701116
90966,46944.46920238098
97360,8842.629356370628
82496,10386.776313891027
96630,19400.00584589654
81712,18872.820343613377
105871,15458.838218585697
90926,15046.351563803826
81443,16939.326667814865
98173,17382.871795855397
90309,5509.405257780166
92444,20330.4918263593
80136,30010.801095146864
95739,16223.603922400092
89153,20290.923195846764
76376,14690.253092096507
80884,15165.79359612114
87395,17143.18984872582
85338,3150.816032229074
103345,10441.662792122956
82351,11801.070369594132
94598,41203.65854629628
103500,10598.063881912452
90717,7586.352111415762
79512,16337.735777673242
82283,20696.389121218344
85192,5362.489421032946
81490,16199.323230419439
94793,24080.216782272833
97046,16927.923557166203
78567,30474.345151211353
106928,12545.064155635497
102478,8246.611932808597
99213,8154.300353775137
101949,6021.856747432798
102151,7621.724643750532
82627,10988.393693486585
90239,7404.862188460953
91840,24994.036235455656
93782,43546.85137808856
97384,12594.87453943247
108322,15825.901665554395
97638,6719.783781214357
101508,17960.397226304216
77475,27993.382028598076
106194,42734.478292884975
76651,18999.916299453234
104133,23927.894370718932
99030,8788.182435186785
81824,17079.328459521934
83167,21166.426698401898
92274,26522.19366524843
86068,10452.405384283413
78912,17775.442810837234
88363,13865.051220659929
97410,10275.123121738703
77823,20252.565850446837
98879,12820.258427465153
77043,12023.63820573421
93902,18022.14877867983
82757,12334.603415972697
90417,18650.31193295988
86645,17071.01648535972
105708,29277.73491344962
79365,18037.836111128145
93456,24253.4784529766
104676,15478.396637686401
92775,21153.203748677246
103789,10521.910538817316
98176,5118.858136300429
101278,8823.808726432579
86112,17445.92061195275
90579,18962.851353442835
102615,6822.861995702659
97093,25263.42054284862
84373,8042.769583581782
97755,12816.961262546898
100097,10395.228786524443
80866,22098.820387631447
84693,14498.7111373448
103077,5035.740491129787
93079,81361.23362861211
97533,27551.944015048204
94217,13179.398679955162
106019,25261.76212543043
107836,14510.388936135347
84471,13053.546226776507
94600,22821.29795922902
94349,16842.54048814529
95132,26492.81740979199
104772,27130.38879480434
92560,17115.349675507096
101638,8652.449040501684
100523,6572.280478019996
82090,10403.610060388384
95816,19094.179849915916
88689,11317.706042667158
82540,8558.714322547741
81643,14433.785718923364
104880,14429.516925316773
84922,20496.917874520223
97849,8391.84198585314
107366,11204.498987839723
89303,16522.676079892488
76547,48924.71625913656
105055,20763.950724637034
104312,9198.974129295302
106500,30108.236774887668
91096,14014.340921905423
92671,24233.94509495662
95982,19153.045774985632
105012,10287.072577314308
108232,30122.304580960317
84668,9604.446384443607
104903,15475.884335029528
86487,9845.671190968493
102860,4780.3455324894
93205,11330.279655366867
78221,19805.739303864015
91931,28396.238273107807
81589,17418.454605324685
106873,17295.65589327713
89482,13083.436118316487
98459,9849.35995510401
97660,10229.507233685084
96409,13471.43532940055
101480,5378.115429661238
105862,1936.3627058823527
90363,11109.181567843612
96433,10932.268339370128
76970,20370.609997195676
96689,20714.79024796946
88899,11732.19302708601
87559,9146.892791215088
92908,27696.89713396763
105211,9448.65509061379
96729,8761.965840907433
95854,19413.69808202945
93767,15232.010794959695
90545,12068.41831656576
84005,9177.601189379937
77380,22826.80118880883
105877,9893.228565523332
104706,17610.6465245398
89994,8225.546152484583
90227,14351.166096281186
89814,15974.182300996676
102539,6413.769805539259
87753,15827.339613299282
102038,11560.014025041806
76666,17647.718758060968
86698,4867.099896809868
97368,8690.122554408492
79416,21296.041267765147
85147,18413.916963759857
80148,20372.293485909395
96579,13058.780749257116
89817,10256.79569838941
86431,10131.27503324438
103566,4236.915277777778
89355,9787.916590216046
97349,6963.031992084213
92618,21363.43008716814
98595,13608.639330400983
87502,12403.505974401849
107954,11525.19898203342
81470,41205.99883838383
79848,26186.228074878345
96373,11311.940284037473
79599,25938.458164553576
101454,10111.810541759633
92802,20502.09746293828
82725,9178.416489657344
81084,33654.01933110591
90130,14382.553953173909
91985,14941.227618975388
79528,19314.048055555544
86359,12976.860018946783
95724,18791.26043672983
102527,8605.543346742403
87032,28060.801492604416
78499,12528.432112666369
107980,31074.74015554378
91005,69387.62861111113
100196,19675.30588236604
102797,6880.159684315729
77141,18417.147190143194
92109,47052.319833903464
96501,19647.837909810605
83865,11050.881397898695
79122,30702.461962273126
87979,18815.460162549818
93237,32263.252265988074
99104,13078.879385818422
95095,18509.54164109348
89412,10679.48705237713
77440,13953.733332335963
84127,7261.785629951814
103842,14850.665354376633
89806,8966.016449899564
98894,7960.082952908003
88126,9207.937748432134
92809,17487.096260226215
106076,13288.386147276742
80110,23109.396646093042
95396,16648.322083934047
103003,15118.419838597814
80123,25832.611598193507
82441,11771.180418782942
89990,19520.84193926999
92936,21128.51026857464
82544,9304.500241106132
91339,69709.84651851853
103929,10215.608566218976
102389,12743.279302620567
91128,24991.68078985133
89752,8011.367201092952
76840,5785.283166666668
96514,10919.178213330819
98706,18598.79199436175
107602,10053.306523764944
103844,10167.798023151481
76375,21113.881069922514
80401,13625.171380537751
79030,22134.322952394497
105766,13411.643971385463
83033,20175.52119092365
92521,13770.945050893546
90836,9739.096214825147
99168,9367.33182082349
86363,11672.495722172338
87320,18483.961484848485
88185,8915.673864253282
79290,20662.80835786417
88091,6965.565828495805
83838,6320.571267242511
88099,6899.181260133014
82824,11340.698795314856
94204,11414.906967114212
107723,11648.606525672574
93691,22327.204894133556
99317,20926.463307745507
107105,15855.348810037089
106351,21003.884545065957
82970,16144.4224920707
107261,6599.114082438974
76679,31227.407514380197
79464,15225.482705620565
91312,24717.45712347112
80546,28403.427904397988
89220,9940.651744097036
91796,28741.18537607635
106360,29593.354285612542
83027,16862.684390271435
81553,16370.207610522297
79124,16437.16591330892
82590,9140.964979668397
107515,17139.72387065964
87964,5761.901628207152
79995,15749.081451553833
101022,10339.980508335637
78580,27351.03651861076
97644,8365.544854965756
87603,19449.961926778178
85091,19490.613554743635
85155,14810.546185165604
78402,11133.954101170335
92603,30307.616081258227
79788,16697.11364770718
107769,21651.938656246683
105117,11424.729299491773
94619,53489.543541666666
76808,24059.711624102238
89229,17366.74392919985
102592,17090.35762036487
84597,7827.427950181827
77146,30305.450253498766
98794,8458.811436659254
100453,6822.4950845994545
84075,13140.948020386048
92090,30501.72764563761
97646,13328.830703186537
84071,10960.089659575984
80924,27341.343048741364
91167,27971.98540832422
92607,18209.481522596834
99654,13045.835678926835
108195,8859.219104372065
95150,30679.1473451813
99921,4024.1436751038295
83768,21414.96096664197
106095,11381.27136963218
79380,26813.547232646124
106671,33408.038878504405
91757,35957.530953703725
84936,16906.346647906255
77970,21978.788329149982
103327,9537.0444459976
102169,10157.05697208934
103207,11978.30727286333
81602,8968.612062008806
79975,35596.84931280015
102385,16843.13031583694
80726,26392.471281330003
106953,16479.142615244666
92929,21678.404351704732
96553,18055.349620332785
79654,10845.518725610813
95376,22261.863889056483
96667,17232.006329200412
83421,10347.995832114833
107579,18611.414730588313
89108,19511.451856759926
79958,29153.11699533423
101980,9421.219783368928
85178,10802.298161803104
100898,11537.6353066722
94926,13700.029953628013
104484,12904.926145881938
80250,34102.7895453969
79639,50901.52804623699
84385,9664.348657642677
98249,15902.718704796089
94803,49958.39812033912
99178,11204.328302829246
99706,21772.82816197107
82493,10526.624977320778
105868,18650.687076275877
98807,9694.042960444383
95529,45664.47444444444
93580,25897.917829015816
91437,35715.265672913585
87804,6611.40819268725
92901,17524.975860616232
77177,34517.95129342765
78856,17686.339331675303
84586,2723.0674884783834
85230,9279.991560293727
83215,12148.179573547533
78610,20138.77438888889
100081,7951.375743964553
105716,14028.774244350469
95022,14250.082365310574
94225,9213.12467171717
106371,9337.911312504957
76850,27112.25333333335
108514,22355.845934566503
80352,51879.591011261866
87930,17580.002725282782
103564,12241.62442695841
79881,47747.32953739122
86736,13489.293388119817
83661,18772.50101335425
98853,26366.556183901397
107158,21956.78140253632
96809,12040.730455768602
84048,16048.509497564482
90608,12828.95549923855
89134,16482.920030731846
99321,9850.48012371399
82452,27208.253431766116
80684,26005.497863306944
99699,10854.962645403008
88449,9331.592395963307
76962,20419.980658007153
105626,15630.658150678451
78655,29772.734919518698
97115,6128.391382477607
94865,15575.61182003387
85675,17537.437443599258
96671,11389.359467409779
93365,19188.09457407408
105188,15591.110515431677
97713,13353.49924407766
98996,9285.875310404594
98329,5954.388554390126
96091,10521.00481531541
101010,10937.107964878824
87169,18317.616468829605
83760,12127.393484744438
98511,16767.086174711232
94233,42715.91857863718
92072,13167.272361111112
79796,22789.137982239135
97619,31125.115984999804
84419,10651.367909131206
101015,14150.35954908546
81132,27337.267222222206
105597,10218.988682196714
99139,12951.692473576446
93116,18162.844567094195
97838,14623.247797239326
76627,19749.120120067088
81785,16033.097765594419
97645,14683.05121354087
78865,20793.183909816406
92152,32010.712498829755
106432,27335.269293260684
81609,25391.67225435728
85585,19659.757298929475
79017,11630.56308038088
105666,9703.283808817869
97664,29147.81071315544
84418,13397.74253198889
102163,8705.575229977198
99675,6621.8521145253335
82132,28426.594237712517
89488,10451.501123070922
95516,15205.099515605036
88542,8214.436537399752
81995,16283.952276315791
81065,16975.571880260275
89542,7874.337532589327
87184,23839.17058995503
87194,18607.882606008643
101981,8256.078906143914
105620,9613.428474601857
99094,24704.51390888208
101950,12494.713605314444
93488,33432.19191590851
79632,21898.172726262044
79299,17365.922407407408
85438,11368.077479327136
91006,54963.65026707467
78636,10153.445005798625
98590,12682.760919226068
97735,12848.525536331143
103694,16128.192823159465
97890,12916.493158011073
87646,5971.431092811803
107953,30592.4618515632
103882,7794.658429815823
77900,21381.006433346214
101991,12508.863686491784
90105,6486.223575625718
106516,16115.139347650844
108415,9902.79010474189
78853,10197.693611111115
98196,9270.62762627873
95738,30462.092611908738
89535,21949.88017650354
85467,10585.062871700393
100920,7334.585860803497
97314,10014.734947634837
103461,12811.43380104697
104907,11141.584351180978
92168,20662.718996124786
98077,11360.568558367873
80593,56872.52450986049
76915,13620.348748892715
106919,28128.616261729232
95592,30556.2618969956
105772,9182.117394290002
95614,14319.311121057008
92550,10858.219027777779
92495,28339.849391142445
84341,13280.237426273987
84600,20799.95130971121
92665,16232.179551668127
93922,15075.920163656616
88129,9474.907595699553
82700,12791.62280198202
94492,15635.386448412693
100974,12869.093109953303
106554,13963.750369971176
107785,20410.56046951365
107443,10369.85811194438
105470,8099.985346432964
99750,18154.163528834204
94633,21237.728789496607
99429,7513.214328034475
88790,17342.3767057401
104180,31704.251511904753
104589,31177.15924164014
106704,22263.255567630527
78596,18050.514812049052
102083,6886.725975426683
84507,19019.862396344335
94274,22772.509617838023
92588,13811.060530290324
84344,11588.347201117682
99818,32528.192820120385
76710,26376.989092045183
107923,13253.384909943767
100470,5340.086635401635
102211,15652.597416061662
90030,5373.75816105684
90852,15739.039548187893
90222,10569.26001795695
105952,11336.350985944466
100876,13774.833113690696
98062,12821.723873943272
100478,16667.171319674595
85486,9418.302454099303
98292,7522.203323400162
86160,11606.645222014013
82468,20923.496540603006
76728,15246.061782647908
97277,21028.51988693716
107553,15726.016646767346
100325,6290.756963107293
91775,32993.4508117028
104326,26726.786688073866
102909,10968.412672789767
82173,28797.566503702532
96281,9568.272691409522
92426,19313.01906595438
97724,9352.821720623973
84057,5505.518382053773
91020,13892.817720010733
100095,17909.091052888176
81655,18742.46838931558
107220,9610.272731207857
91626,31122.734500864808
108469,20399.644368490633
94037,32565.634184146995
83530,6096.850539028752
84542,11352.15561018993
85634,11599.903831099466
91707,48327.83557163314
81934,10263.799665931321
94960,9009.786043002783
105778,21237.150538437556
83841,8574.717751716462
77242,32012.810436543437
104694,9247.075921573167
89706,22819.953497167815
88670,12614.828090657555
102492,6664.569689073888
82971,12170.587024311686
87256,9105.746987734488
84642,17340.980100337398
107437,25579.015257915355
94640,14902.129579985141
96089,11595.587048810688
85018,28648.839316604448
106576,22285.4076719227
104158,9975.06895068052
98002,9550.394424396463
108045,26593.975008710917
105890,9941.307597280696
103298,7838.778660463376
98977,32434.542562934246
100431,15380.941090905126
81100,15284.837647329941
85300,19655.743340376946
77518,18452.489831983217
76712,18044.88939369547
87545,9308.41205172991
86848,16422.809242678733
77647,27784.11566978289
92094,23246.650931719516
78540,7178.904310874347
82957,19304.150237165573
82768,7641.375102419434
95875,14715.441299044456
80705,27596.7249907648
76746,38823.46505555558
93222,22027.46390031051
84494,11156.379188766996
97557,11224.709824036621
104969,20196.449999303386
92998,12340.082732122595
75991,17950.06723191125
78217,18818.9036792328
79176,41594.415226079924
83261,9661.889010129618
81177,29095.796968253944
89681,9881.675749501144
96968,11188.76772669585
82896,9623.37871311544
108357,16298.583382068391
103421,10831.76285627686
87971,11806.547377233872
87170,20289.277323693026
89941,23673.609659362068
104046,22598.501134457663
88894,13121.529551407211
82638,14584.39511606305
79213,16654.477558551553
92902,22374.455692307693
79282,15938.270773649809
86331,12442.598000938586
76336,29871.964840271965
96080,10502.023392949044
86990,17822.487573044196
87762,6267.651479730587
80699,23451.09334869842
84711,9434.211232306716
95297,24786.167295299303
92828,17191.74037437089
77614,22250.615002522718
106565,13527.059097183861
96874,7159.771927594078
77145,16242.13291280606
80473,23015.374977794538
89438,16624.64285847432
98442,22352.801554437086
106213,21516.28337971329
101442,12212.132535242123
79337,23345.606528811342
106021,35668.005489297735
88638,7508.1393691686335
77383,11562.214956133677
88452,18911.941361051948
104464,12885.809583010032
82639,11341.884914471268
87305,11766.645476919704
93172,25876.402167884364
98857,28041.99896777451
90873,19626.088653594634
99679,7887.719601367016
78104,15969.804908968068
77770,17420.662777777772
91351,10205.412985042727
83700,13255.256867872573
80548,26685.12709139009
81163,17590.10964417989
84140,18759.93465301553
95479,22051.776898911932
91705,25241.19668058034
97722,15827.158923984189
88383,11302.980770760687
96632,9657.589316013897
76496,13051.912512933668
79062,29575.519707474752
103519,7725.8458673026
87592,8263.59653055952
97668,20659.884733034956
77969,9591.067072649575
97610,28292.053307093076
93889,20923.7882921543
87792,7952.692099043238
95078,19771.899620158038
87575,16985.257832305626
78804,13549.605071257209
84242,10237.344210272093
83462,10575.317299587572
102260,10748.593130776853
102635,15946.593800516892
104460,16756.01887039382
100463,10290.894326732241
77272,20204.609697797296
82246,14766.373655662941
81472,10731.91266230313
82420,14816.377218530835
91586,25899.036527542292
91099,20866.337694497885
103536,11221.514562060443
105169,13276.879235406974
93837,25192.171989418002
93958,18129.46651581896
86124,9137.178520149231
97448,8412.728216290501
83040,7784.320963398685
104713,19721.92259562368
101549,7610.921107509204
96018,8864.022026799223
91089,31285.05353057207
105130,13871.32162820537
84720,9797.78595603834
97182,12272.81646019733
81653,3256.074444444444
87522,11494.153815927604
92754,16127.49021421209
77510,9351.037297774665
94863,19245.345362193355
108414,12804.440753599665
102393,10576.032710241318
81528,20236.040048972147
78983,30068.955501978715
98051,16217.883996722841
93080,19819.084707382863
92657,16370.56150934616
108070,16667.42024711946
96990,22002.24502581409
83301,16502.849467405566
88459,15359.254937517097
80158,26859.758218477607
106913,27689.27927971796
91119,15462.272172366278
85522,8855.439634497823
87469,9045.393102362343
89620,16561.935487551422
106903,5453.745263637437
104183,13790.802809284885
107015,17489.310597413474
89120,10719.599585269549
80555,26410.293810771895
107037,41195.384763886206
83340,16179.093842970453
86654,12009.962195748025
76116,17616.283762131214
108208,11259.083795239254
99790,12410.98021737646
100950,7634.345813455043
105495,15242.68420803555
85317,13013.341311052054
90114,22250.77960950535
99322,20942.43740994465
77185,23191.606239622397
99412,10454.816275694908
100021,4916.183388762678
106020,12754.573104038383
85234,16766.261360588134
90059,29779.676626574597
106902,10325.342282833384
106871,18733.140971265446
97784,20269.4748107386
96140,25809.57791240923
103840,11432.874139879512
99573,9418.080708027723
81967,18279.16938067881
96124,6696.874395187961
80245,27491.40433414377
90896,32115.48364171195
100257,6275.265452961727
76759,26868.322569668177
87022,14140.160036369833
90758,15243.968804615239
94073,20586.60524912593
104837,13064.749181501938
103025,9544.849843979138
91765,25247.292265502958
88352,13666.474796889006
83826,15695.019676850607
106648,13330.150435000547
102967,16386.41779602741
88989,9686.284634938544
90846,15463.28026827674
90232,11797.067922080318
95262,19416.902067702442
80599,8502.197021186192
93353,21190.3826960401
100230,10484.63034272613
104516,13377.017203030306
76127,16719.038475859874
99603,9581.71986065472
87441,3479.6608636363653
98607,6870.8619882101275
101385,11559.58911643781
84028,13030.204271142917
99900,11416.896401190776
97880,30166.227195949406
103005,7832.6892138578805
99862,6795.038156424101
84899,7747.115016572884
76129,31631.633250391198
107674,30159.03540079366
79058,24405.745240204702
103161,13844.269860201754
77525,22189.444662749574
89366,15744.724603113033
76529,21325.100834505847
78121,51541.63438492061
87960,8218.444764805105
76468,10507.758298991059
104029,17402.981044723285
78294,34893.634035312425
93269,45031.25976618344
76124,17479.880951733823
107551,17733.122648052686
103953,11891.05060137794
103212,10135.191831364446
77337,24652.09931746031
94095,22961.473272822226
95358,21621.94799633457
94772,24148.051503775012
99318,10972.04837229343
96569,18225.91755374498
91669,20140.62175164746
95240,20913.650077953065
79693,17813.217547619046
83100,11579.157028306065
85506,20848.943522259888
93245,20239.862661527863
81444,15397.061505550344
95558,19965.709447560246
105709,16899.435415254557
80796,24768.501510571758
97061,2239.188183159433
91452,20686.06884967815
88626,18528.025701898274
92700,37630.02562865497
80109,17164.009775068804
103649,11673.245248097914
95545,16957.088321964446
96879,19683.654506493513
94580,10515.459751130913
88361,11222.662607284998
78094,23865.414002819514
82831,16665.897480701205
76965,38696.38812870464
89246,20310.466518559737
91844,21464.913710900517
92122,18345.37499406678
98944,11735.76160245781
101088,8825.23548922772
107119,10537.06033591718
91603,25629.355735833986
83339,14221.374578503628
105408,17837.352971237444
97091,11264.375661803559
93822,16670.696533255155
96950,12048.75434500402
106461,12388.031872462789
79538,29559.73916761693
81813,19097.56973891325
92640,30556.221047018946
107376,22817.425007845
88834,13846.259737009195
98532,12480.639221528225
94957,19560.826676876153
84884,12865.062125828214
80124,27283.852482508915
92048,30015.798308345136
90244,7076.626381642488
90103,6435.840597395457
108009,5042.00283132154
96435,7176.488649609492
89475,14301.075189066774
86286,8787.059336799855
100193,8349.938615536757
99733,9637.891816662934
100561,12971.576828740068
98626,7741.863692446265
89177,9707.013205496067
80294,11614.523944186365
79134,29597.87131300755
78603,25004.955269003636
108528,15208.649462516538
79147,20867.636753737235
78538,6046.032500000001
105042,20413.08041363146
93560,20258.873027833033
107122,12319.02528108241
107336,11910.865939903919
105831,17915.931749432253
92973,18308.307582319798
79087,15833.840663681105
86806,16763.299330007852
98787,12586.23781282304
99838,11487.143862680614
105442,18050.506025423623
101659,9324.89064098714
95085,26130.609275722665
89893,9879.08180598677
100412,11538.314463068831
78433,12060.601944444441
90887,15163.475936530565
87783,11353.096453761134
105572,11700.995069700739
84065,17612.439277795514
93714,27310.512812736884
96148,10093.950647166095
83771,9009.046554633656
84970,7561.068776179813
88859,3552.963253670829
104620,32812.27537254902
83749,6942.037937243137
90174,8125.209767485659
93947,29410.510431902727
91462,26152.37433583347
108075,8559.685909468302
79113,27678.95787453149
88445,13858.919701086554
81311,33087.27120069133
100633,9854.356813407303
92904,24177.858018570336
83091,7828.727905870622
104657,17753.317766361815
82910,21737.561884173858
92383,19253.14227355686
93424,7885.3296468253975
79891,28687.248515892556
98961,9126.580532654629
81502,28393.0083149999
99035,11634.24110777252
81371,13571.686583333327
87333,11281.103154196195
90353,4993.040733619387
93258,27188.7182346182
102053,6877.647436886215
86713,8522.503734811977
97203,13064.256379312514
92794,20692.285877528997
84293,15422.335818122365
91672,15768.898905422871
87085,9510.585066934047
99300,34884.43695310245
81242,16275.546696753
77834,49631.180174263085
86864,15894.685440949625
108332,15483.692210868827
93461,21824.36187119996
85198,41243.36450000003
75974,21303.41591930064
78679,24153.405996921592
97060,12911.407898374993
89300,19771.69633623606
97682,21988.11715624658
86664,6598.060253148487
85169,31442.79155362814
82930,20113.926198359815
104583,20251.57810572994
107212,22662.77081741668
78128,19306.462307908747
101395,15001.795101770438
79984,15289.103355691523
106844,13559.035145527476
76507,16317.806557539674
87935,14465.123633380654
81796,15887.145764901765
92942,20260.389546560917
87848,11046.084741079883
88325,15517.346575782894
91296,14285.245085403385
103415,10435.038198412702
99038,21840.402742091494
101080,7155.4639428667815
102789,9974.458007275914
84656,10604.93344578902
85716,15960.37375101662
90233,8069.644765922371
91097,25296.993967530227
104466,13723.519717809893
85061,12838.858708755808
92535,22691.390401903296
82437,15706.884007468328
104845,11062.462932495475
99353,14001.023014011393
94273,45333.23635784529
84080,16552.38399098412
90877,14867.12299611731
77883,14700.445511780083
106394,20688.28737052823
103042,15239.163202582366
105388,17351.873708465875
93490,17159.506580830206
102852,14520.916910566262
101859,7218.254247358659
108113,17149.80070786624
77290,35071.888309150076
80341,25357.171407265305
84286,6664.9257284527175
96187,21910.894237594217
100716,9434.241841390622
99682,7053.751594941742
89827,10600.62403304303
82053,12014.157641802602
101135,10334.205076976914
78574,25948.497462361473
82541,17260.883501726887
94530,33132.69540211905
107277,16500.387841240892
88719,7629.926457798183
95962,29389.63933586919
89249,10861.208496854319
98786,1759.0811273448774
83968,4610.212645050226
85115,9949.210209748044
79741,15592.687507824432
81050,26779.86777943465
106955,10328.413189914616
85572,13101.621029147882
80604,35030.4404355056
106115,17066.771952741707
76213,18586.57579685293
92026,47742.50012648813
91397,17360.442592974698
105916,13299.739659839199
100938,16460.764932199814
102187,8236.733940405507
87434,11415.434728890536
99959,10496.530540173671
83438,13256.096203125235
77840,15326.815143102513
100930,15746.285779244636
94925,18698.750384168718
78494,15518.538146973942
102418,7757.99161606171
77793,4555.393095238096
78383,25730.559775272035
84216,19918.62182097805
82610,7413.210112148033
97544,13277.399396887628
92549,30460.861206349196
80538,47574.001598809176
90890,15373.993021945245
100299,9375.127031042415
89902,7691.434204990595
105561,21059.018872397908
82364,8500.813496080047
78091,10684.30475472322
86023,18246.142893648568
79752,21348.166118158635
106315,10075.408153110046
80934,19216.685388057067
78782,30795.262827182978
76471,26922.54081236013
87418,9489.82165424372
76891,27271.12501750783
102628,5470.981239727506
89363,9022.109900570955
89237,13614.312009237163
80257,27326.28340701985
102857,5963.726104427826
76201,38909.62930322147
104887,9171.282517516187
102310,6591.916991158615
78714,59478.26463979073
89302,10854.360532347428
87676,16762.433722201557
90321,8713.030509343951
85244,14867.925065705398
101913,9250.73936487607
87086,13864.833728468273
81974,24649.505671776158
98075,20814.827551196027
80870,17924.164295564766
81556,32546.844025288952
94722,32081.485633962937
83840,9349.010638123083
100809,11966.777323326269
77101,14260.833642304626
102172,13467.78283751968
86373,18177.385590358594
77540,15798.527872962812
86271,16140.925705839023
77679,26121.602281296193
99807,15915.501620499212
79126,15446.668056522585
86337,13407.660127621552
87496,8688.778119575196
83272,16180.52041903113
103495,15893.12005007773
107915,26698.136816738956
82213,21281.89091867597
99461,9927.176580343104
85797,11990.500257404363
78898,14646.74753827556
86463,19105.952164595023
108138,19246.430077795303
88417,30280.321008228977
78694,46580.77631004237
99802,9255.601871398001
100250,15729.483430291433
83482,11760.78290673025
104457,10959.23512568705
101415,9012.264368934095
101767,15091.57434495476
108250,18547.997760049322
89772,8759.122578177345
91127,16249.895061230542
102887,10415.976486942402
90756,9902.247218924611
107554,23092.454647169616
103731,13589.221024421257
92317,14975.1070969301
86805,11767.830071722106
91722,29109.54462187933
85026,26180.267950877835
77478,17239.740679063958
82027,19011.658927208595
102742,14218.440561301408
80198,17730.5092244732
94907,29638.060505534213
106738,9734.385488422195
99797,6726.3852810027265
106456,5480.580183066907
82741,6484.702356014755
79172,27578.862840610178
106696,13354.900061106362
82422,8106.162698597427
83924,11336.057500670955
90599,8813.121153787371
108095,21831.252057880713
91777,19654.447180297313
95001,15835.476831331101
80408,42035.86787510822
87330,15966.772670710587
103361,12877.864692655772
89641,9360.523707741959
90618,14184.184212495134
91679,30829.193352809336
96844,11284.628040646674
94418,20339.997866193615
97002,16951.005593180907
79748,32355.514451687424
96355,11631.188730049604
92347,18372.329436702104
81569,14986.878458803045
106924,29534.897503462205
85270,12525.577843329975
99622,6370.325151572347
106843,8785.307984123825
80147,15019.129227096315
102181,8494.934343434345
84710,7526.865337170504
85189,12073.237894491846
99281,18188.207118997077
101130,9404.580248939945
91554,21940.982246521093
86116,12941.480403200738
106899,18091.970159615714
84516,16315.340960093137
105422,30675.99013091724
76956,12791.89009450805
84006,9620.142678869986
81453,14309.842587044817
104850,16388.022387096993
90867,6463.035778137855
97154,14254.919398857563
102088,11001.749676690368
96019,18614.047179259185
100300,7503.262953866947
86459,13399.299592460628
99304,10381.54819611657
80630,19962.294233126722
82387,27792.879415764768
91359,22049.83785479798
79123,11811.847554386839
103324,10463.406398122463
101086,13553.27266210651
97170,9629.686336528843
91834,8741.061148742603
85238,7414.989681333618
81942,14809.702416666672
90971,28266.40544576065
87864,17643.4702894659
95296,52202.320093253984
91427,14161.12116845586
93697,17330.29479159771
107694,25386.176923636947
77364,20309.259478602253
102144,5325.372273725577
83410,8946.54474098582
101560,6990.471503038621
84775,12306.469538471452
103879,11815.458994726763
103933,10849.160838322368
76344,15644.93327823642
82119,17660.531247335985
102130,10071.618998885337
85748,8354.054504516049
93769,21846.777764019946
101775,7732.546996212329
94613,20391.617012511993
104021,27882.25038629969
98175,13916.641885348825
98477,10382.805722121324
78185,16733.671324163963
81576,23493.857507107758
84854,5435.09577313013
98361,12752.697262118478
81390,10170.825062862603
80911,66716.20064203511
89407,26472.602598004003
95981,24614.54439675491
79131,11534.712834094487
96624,13397.49736720542
85131,17966.719272475544
76436,12906.422761474638
94111,16700.581781085526
101518,9507.703572186463
76588,50032.069506613756
82353,28436.085018319463
96186,10089.995866411315
92735,17033.546126722093
87271,15577.400158764667
88968,10101.584668961137
84154,9872.983121179102
93692,29014.755941243533
89484,9556.54739657283
92547,26454.51995704738
78689,13435.859914195744
102058,8408.290100724875
102579,14374.167069901154
105825,10712.574637367037
96154,16390.776374174475
102183,10774.446099213146
85976,8169.617109700005
98679,7921.879376516339
89612,7604.205513494727
107988,17709.533231443933
83362,14244.817304876571
94251,19108.9564704755
97018,13162.719049297057
90329,9569.546208744969
104604,25100.035769841244
83742,9651.708173038312
99447,9124.081030595513
82194,15966.437029976742
108351,20554.40685120185
105314,27420.152131540086
97351,11776.666584356197
105861,14237.993896408721
83010,8406.836692441884
91447,23394.669121300692
87619,8937.24123054723
91870,18657.787663187984
86543,13205.041998070961
91484,14438.833658454998
100659,12925.420445450398
104491,22083.090315600723
100779,13107.762451795243
100935,10467.358400361443
82331,14163.603532198373
105140,29461.421534593333
96349,13432.184332463337
82664,18427.345805947054
104532,9204.573866334724
91854,28263.208328494264
77003,19969.905599659367
85137,6465.022176321588
94577,31849.776890516412
85461,11226.04907997104
77550,11518.823030906637
99095,10268.292187200846
91832,16843.688744901563
85920,20618.79796562327
79766,17539.719290875793
103839,9675.135237477092
98167,15585.004404418298
96684,5508.372966546896
106982,9271.591936349841
93524,28142.856097149986
108310,15432.538730578544
106569,10010.464542047775
98088,27194.191163765885
78890,16784.36909184987
81559,18171.015721003023
105178,21987.617942719062
90578,9663.216971169733
82299,21505.79773420735
103885,11178.508144371714
77488,12690.833455262553
96669,24494.372536508577
78344,26379.144752653196
79405,24941.755291260095
94620,38697.72788124546
96836,10837.443547775314
80212,12164.392861249195
95746,24521.16725832914
77363,28973.40274150227
76866,36740.68103538696
93847,25202.938364823545
105175,30312.519999703276
90010,8739.648402663886
104429,12453.852424215453
91160,29896.605882951488
78906,16171.99850144644
106414,25550.735751322747
86910,10916.429606591444
105882,10074.551723411558
107238,7861.945958704529
77102,22752.82965884999
76704,12291.381251250814
87083,15737.351222675003
79057,30514.187685505785
83270,10074.111979665979
80561,35544.11627506416
88469,2824.8745686535685
78768,16684.70342287587
83574,10933.925062633874
76771,30807.932300276516
98589,17816.93840927854
93091,20143.3558292511
108358,10973.119948645126
94601,24618.669463540828
76151,15558.20488888889
87442,11460.295630788394
93531,21495.839119206175
89771,16070.182701117024
85803,18621.449685436055
93147,28345.971257254427
105196,9948.069306758493
76171,29217.88938628246
90616,13739.417023894546
100032,16028.725565637062
92905,36178.4079766573
95696,29576.683964628523
88913,12923.057577488144
101504,9920.655992879188
92241,13510.062894577657
99822,7175.582751994971
87745,9727.785842486863
105827,19444.112955365195
106620,10146.035899201006
93497,28733.38658024932
89250,13488.541953254891
105581,7741.296911951446
91076,13999.704567901288
83506,5023.483005881354
100635,12810.30143079346
91828,40295.72638167388
76039,14130.375040512514
80685,11364.920823469445
97571,25948.549130590112
87425,9985.980440913867
91662,19546.64010821123
105161,19508.70710418515
81006,41244.8825645054
82888,15991.078617208897
78545,23109.53125245394
102922,7603.414033517035
96198,9500.598504998881
92979,25678.85857184452
105623,12866.534380922008
82195,12919.969376096484
76760,16334.244159106978
79305,19800.676659405923
107942,12289.542817543243
81981,42015.30531270983
100135,10757.424886169896
84307,8391.007998830222
92628,23294.813963140175
103304,10347.346251442634
89421,9828.602175330685
103645,11106.811625398615
77164,9951.876499387015
88451,18701.46079934451
76488,18394.25846087617
92835,28863.90516069272
80449,13674.302039359563
97408,22477.014159545342
99256,19091.074576256444
86205,8914.817232778778
101002,9920.111527712841
93390,16570.659260204877
101654,7803.47203990501
90595,8756.961135009144
94955,24970.5875036122
93871,27800.066972966655
82164,27937.854249844793
99373,6626.2745549028
90148,19884.508137084813
83210,13952.38630261331
81726,12889.604082786074
78041,20232.430968351546
106229,8875.386461829781
84209,20212.02939138808
92225,27722.08127011468
91878,14043.718175759288
97878,12625.84662098235
77435,14293.236198056073
91180,21928.806787937392
100272,8236.763246972705
94228,20062.478415268266
80549,13327.532895041133
99566,9349.054004321488
85829,9413.347629222802
102693,10122.06018726092
83322,19615.90824793345
96980,8970.684363801742
101844,10097.825367965257
80791,79786.20921459101
107384,16390.712951198937
76193,17100.612536843124
88605,13651.982712167703
95910,30270.1998025308
101217,8331.953502786646
94833,16176.825284385774
80221,19425.788984126986
104479,7579.489314625705
94405,31555.29772278805
93415,15907.431830043606
82460,16143.97174250135
83009,7837.69213971965
85429,8560.810551562534
106034,6583.38652596418
88406,10481.718811732679
81623,28728.649314179595
93605,34746.0702113997
103670,15536.83446467373
100409,6449.16179638363
107237,17546.498623929096
101669,10728.370283166927
78854,59152.897766623944
94034,25152.15765447573
101096,7406.97188386921
98417,8075.604263410441
76874,13720.231521565634
94954,20332.592299132513
83137,21352.32185309173
94653,22369.065932274625
87567,16211.51378963038
78154,15552.190585470082
84461,15975.748979654867
85686,11214.128556220061
94342,17211.58353217052
101392,11736.131113674797
84192,19201.256425590425
106701,11903.01888105742
104013,20545.389238727865
82745,8613.482842882944
103973,6643.945479471121
90409,13410.526916953104
90651,8298.69242516278
87413,18620.83325472504
102121,8896.79606258887
92145,25351.65904835029
107141,6247.184550702356
83230,6525.156788840238
78553,6090.543888888888
83939,9953.70526175266
104875,19595.283680801815
78129,33489.83178476344
80313,26349.16476161435
85535,14872.6534444187
108311,13658.153427368943
102292,15728.057889625747
89716,15881.220917686476
77046,74070.38077777775
97611,15822.661079057954
93038,15039.345222018734
80503,8618.404102917386
79132,17990.613072274544
103759,9715.851887275272
78960,18379.76014709453
97265,17797.36715137771
77855,20388.421829932533
97371,13364.245686160286
94297,17214.036857501065
95653,5355.967252525251
95891,27035.41603176409
81947,12817.194686058183
79702,12351.31991421894
76463,29348.974722270847
98065,12461.278218129564
77154,28017.350264406454
77348,27609.698497863625
80987,18346.077518379283
92207,11080.345255251661
92983,32123.34741471049
80731,10841.979955404673
86277,19387.788845636827
103051,5428.353103037185
82013,18766.427909578182
78814,48953.46107111691
80153,35907.0877484188
94618,21863.83757508492
80059,30521.711986188133
105557,10578.021671231738
78860,21524.232577777773
84849,11009.089309825775
96896,12828.652963850764
88244,7619.8685727159
105984,17219.274925710644
82644,13538.073085905888
90970,27072.068283765777
98810,21974.338856672402
85184,18436.091416477677
93723,48614.33114151282
105049,9952.588657571414
88554,10795.457357834879
94996,15064.585995794014
107689,10048.217900006772
81575,46372.882463955415
106988,10039.582359921857
89894,25711.434628303396
81703,18000.445338624348
90718,17806.9675357674
99561,10525.375392318489
81269,34936.24570875422
103069,6434.093135505726
88952,13712.425599869473
95295,15304.540591522951
106589,24998.29780976437
102918,7927.105595725931
93669,28272.593441454643
86144,13715.606684501108
98336,9076.052224670586
96891,15138.73143818428
98576,9180.785032136333
86038,15632.874382816739
87511,16281.454419418536
83642,13192.999297807997
99964,7107.568447014798
82842,16025.95736823411
101714,10156.364293527238
99439,17472.938556255107
108487,18184.48619635596
88965,16692.103400905107
86445,6308.524408894932
85916,8160.19150807692
85616,8122.898040544254
90865,16401.466237161298
88634,11392.565213918748
108094,14810.908714549436
82654,13088.995780826339
81401,16894.29055110002
85163,19075.823050557246
97623,8949.14207742947
79759,22943.59979775899
108230,9947.939308903708
77757,29684.263902658888
83089,10359.43565327709
92851,32046.221935505215
80656,13540.917033016367
86019,10269.83383425417
100887,17130.34286197321
78011,37938.815408355054
96398,20741.981463110344
85254,9005.326823662348
95254,19930.468267195767
102320,8221.195267269546
88408,12498.608757410517
106594,6212.673160619289
83849,6785.897912731525
79313,19033.192923495862
95010,19325.787026449765
105546,16179.01267045573
81884,19999.78583830909
106088,22695.84609613057
100892,7060.905540392824
84487,17123.844820268398
78004,29734.631388888894
97446,22983.424184496133
93170,17859.03039045721
83208,18947.355388739004
88728,8720.797970732901
91300,18879.69704309272
98637,10949.746197297545
107267,14243.305520152608
89956,15115.80881167654
77052,17835.26232430229
94583,17642.235895707774
91424,19610.954706366603
104774,7717.762463366621
93699,25662.82132828486
102986,16911.113470222135
94176,14810.104211112366
95618,19128.13228652337
81622,22021.320148221417
91273,25427.516757104964
102725,7976.925607397162
90479,9991.89972779373
79835,20165.679570921315
78909,37774.668677248665
99437,12195.319614231805
79890,18608.12855079802
77662,14279.34003029596
90320,8655.898633091962
76278,16728.006637998576
80029,15841.921247258575
95797,20105.8460604869
95356,50976.78320833332
101962,8887.426140133939
85810,17200.35297071254
93588,15106.756331222083
85679,7917.541913260338
78286,13678.85612599068
105233,12379.69827220532
98613,6054.817454775019
101314,12101.821414400474
105749,16562.068311999195
106103,19607.203831199495
96678,9588.821346853852
85003,12263.12019864395
78035,29143.551624366224
82443,8477.090899258432
93373,41921.12746826899
99857,7777.839910842739
82450,8147.592517551893
96256,13720.72428893996
95924,32657.099676974125
81425,17487.648641011012
87252,19014.14534113373
100379,9961.107962719054
106316,8035.304203633116
85879,14297.362853321523
108334,10911.574160042352
80243,22226.242180436213
84504,10678.562247925196
106064,7381.227473663025
96443,10115.281662072317
99020,7175.91614807545
85068,9180.374975956842
105374,9290.298458862271
101946,8675.831183381282
92945,22369.418501208504
79338,32726.754236944424
95027,22977.038065186414
81488,47373.001751961274
87754,11293.40598968111
108454,20877.090110264333
91283,24643.69977374318
106232,14506.932581032605
78368,30051.795277951274
101417,18347.64735237259
81479,22906.178350703907
94527,21773.215799442158
76897,27544.057698427154
84107,9608.258069806501
103177,10981.842779030774
88043,10509.20456988022
93710,69101.06028499277
87679,10567.321987233152
84644,8094.0930805217495
79097,18692.1563327405
98030,21809.768715673978
95131,19439.679844498645
83593,17891.619178379293
82532,14368.097289996851
101675,11643.517178264792
85118,18801.613563357794
100813,12255.74548715696
88693,16808.978536345458
85819,14762.057447862877
104337,13590.759354141037
102104,9094.215883866815
107526,11161.856230996153
85600,13260.537893210874
81771,20612.9386367015
98339,7703.174023904776
81855,10530.361176092727
85755,11078.139080210667
87321,7602.439477018771
101819,9793.142399990527
101569,13904.726434657188
94538,8762.858898954684
104142,25833.611776958023
93830,25494.533129166088
82076,27610.210518959677
82721,19821.99535736671
88982,9720.222744853327
85055,9318.596791759832
101426,10149.185129358102
101136,9979.214100100518
91939,11542.159663451239
104368,24977.534209221067
81513,12338.021864379141
76394,20150.597940698193
92054,19368.248124817143
94663,30405.4125928496
106117,4352.819444444443
92528,26581.64276074238
79929,28808.788625742713
81579,25692.80151038045
107328,2365.284769162209
105031,23078.018519412035
100819,7423.72704560039
87353,17478.280816424274
77698,23937.275209236213
77157,12447.088543650792
85947,17893.938970682208
92761,20199.916042207504
101344,7893.62222142795
76877,13938.218328656058
95851,12784.127799927535
84319,15050.165258727393
93218,16022.446508227233
83770,10317.305816638192
99753,7359.909007992431
82062,19368.207195876254
78053,35204.97582503186
83901,13793.03534722479
89826,8441.320828801687
104171,10536.415580446328
83906,14647.94859941034
86819,12697.891814102448
88150,17201.68680111903
85289,8028.92496020574
100567,3488.426704831803
105930,11807.248249331838
107244,6255.006126795919
85900,10637.194413079682
83184,9824.031597758654
97034,12733.852489479661
82506,1218.7396111111111
81182,31999.445253643516
78619,6891.065833333333
86046,16671.11210343007
92798,16477.402638239557
86595,16102.42883171067
103854,15043.369252921808
108504,17684.46289949691
77451,17439.939091111628
76665,26130.34533780235
103434,6366.3607376612745
82338,21504.840405513813
105189,2740.142216429605
94512,21724.806880859156
97542,11890.230770635371
83343,10537.819139147043
77274,34914.426645303334
83810,16185.094777321194
90850,12191.54941130357
79688,15356.21197490513
104038,9487.459092016281
100468,6085.342278253512
81010,18375.641959305864
80372,27874.46890812989
95979,22826.235170421805
89813,5985.19585166667
96873,13017.74275471111
87267,9939.698727790465
83327,13914.963415126746
92095,27089.503360836778
84723,6878.8968169524915
101561,10023.53710464231
77409,9006.705887205386
76480,22941.919862351093
97632,12730.831419172204
91990,29816.039002774265
98020,19369.274259604772
81375,25356.219219403458
81903,15725.82142189924
107050,20936.64898020984
84920,11199.162394207107
108180,21260.95807660452
94696,24562.87713514746
88215,11025.241031805394
93276,19036.035151215234
80359,13727.368382668601
88717,4047.8477754227274
99702,7668.259268287622
86283,10042.21340510961
100037,6197.545965415172
93640,27574.305579063235
104313,11393.538086900058
84666,17147.087655349053
93000,25837.28772780099
77512,21647.396216625802
85094,7502.0284361676495
77184,20392.392613324184
91257,21086.586609466078
103957,7942.642889745589
78533,29651.331477177293
89080,12803.405880288974
98463,22160.558106342945
89002,8081.642697475281
87542,9875.672355453633
88641,15690.431195337307
97972,9167.484339601333
76363,19288.923784272974
93821,31062.690380718937
93549,16488.3327249754
86037,12213.609280613611
79563,30301.046369548665
100014,13725.568381858751
98717,18592.09049321361
87323,10141.55283414191
101054,15400.629527969075
84408,14446.252578285126
82692,11317.418307605189
91513,52795.04273556167
92863,18724.973948996656
90666,17849.23522867386
76919,38889.63312698415
91549,50447.81519622646
90300,13211.999743438713
106228,15730.909850313768
101551,10026.303469973516
105986,14324.075639336932
78520,20676.28499908414
94130,26967.93150194029
88980,10894.354679435073
76245,21014.03409669103
96800,13647.162015503878
79591,29343.032563868936
94738,26466.76538747623
103275,10982.616329694583
82981,10339.327795965768
102017,11393.494863654667
85242,7408.426154075636
106488,12807.130623464238
80606,15168.604688792686
100861,11195.54825860827
93103,14836.854777777775
83680,17215.82739410449
95926,21700.328900822446
84955,10127.267713928099
102279,10461.848332005506
90285,14492.835354750963
86735,15204.287619935985
89918,6873.148340701166
100914,8184.925584930135
90315,8519.132924953761
98805,9338.958921074622
81572,38736.301111111134
85263,5720.581431447547
91962,10707.439728354417
86328,25399.15768774323
79610,29834.438405467594
96570,2612.8664068091853
100929,7087.74070462831
107784,21929.19178141665
94269,15132.551999368736
105574,23392.87920975775
76572,13572.194235305733
96249,18581.222311404745
97897,13261.749012044733
77625,16989.296954255922
102369,14503.059141885498
84079,14065.081017978897
77866,16415.70868969639
83806,13171.245953762125
107540,19780.973342796355
103244,15997.846770810007
98859,22892.33946031198
96719,16954.58487631043
76235,47656.989824602526
76348,6309.133314349499
94323,45495.598277357334
96314,14951.978975611224
77439,15155.053341222263
88588,11873.764609257774
89516,14337.877667755934
92199,13238.99497257072
81669,26352.280743967804
93600,26714.578180341083
105605,9736.930979761308
102501,10176.75149987382
105250,20277.842010192333
103132,14197.289207984451
76914,31657.445159517694
103063,8284.356081994456
85636,19496.763091522294
95703,25626.729116205046
95014,13421.509148906482
91855,24904.483584102287
89326,17235.007584143106
86878,14123.824019796206
94159,25700.98950153954
98939,19201.897562527276
106603,28684.83615732959
97683,13433.773556642233
105057,13735.488199029882
82551,8640.022360955214
95156,15765.553565970047
96663,11465.843484443334
103966,15860.31460869959
103721,8772.169179112238
104581,9624.952078757611
99601,26923.051154151402
76271,11187.873751297238
106578,11776.264729212942
105436,8001.724248198107
96180,14023.818913730234
93214,19131.718603397312
83950,11154.7950579398
87436,7487.4506004972245
78008,34554.031616308355
96396,6850.999469365577
86423,16826.74855412826
97519,19230.05496358997
86137,17033.084135996654
94515,16127.888457691226
86264,9537.755180788881
93856,16142.814460498594
89370,27783.235232041312
95869,27913.996074801515
108411,15204.76148455329
90193,12235.741465224839
84817,6974.536122626956
100719,9153.561009757022
82801,19231.15904922536
83103,20937.55782014105
103950,7695.135179324557
83927,13944.084210543107
96442,20262.635519187577
92599,13493.289022443261
105284,8886.84196111752
89963,14166.3352033005
79117,15294.78055555556
94001,11077.704281053966
90520,6247.706406431628
83344,18544.097182473044
104811,22307.180969331064
81567,5058.057027777778
102778,8747.202895578852
90439,22835.30291980304
104220,9514.296277777778
102961,3702.639959738736
97588,8224.67782590943
78049,9091.948701835867
80076,17164.587564909245
83466,7663.263638565297
81941,20402.288477022168
105786,16558.381966217625
91443,17531.254844515075
99961,13470.571040944022
96323,10970.741463337647
107235,18125.271831223094
108199,4743.99825265392
93938,28362.23382962623
82727,18823.12395623871
78548,30226.790813135078
90362,15851.003643074033
92257,25770.07414313031
80015,15426.258169856837
93724,27762.149739483255
88826,16172.859256014119
80051,3247.6772222222207
90219,20863.08379308054
83727,18175.075399784862
90139,17840.019915043245
101189,8207.33439767353
85435,16798.858378932433
91933,29567.091924474127
95135,9968.64817063492
80576,19926.397087743222
97289,13699.021045511838
90225,16856.837569268853
77958,16517.41088922974
96218,29124.205245917234
83747,18146.648440268906
85699,12975.440282772795
92682,60502.153943121695
92129,42198.47231689695
91533,32693.90069720178
86503,9962.827470878487
107555,20228.7111735673
98751,25380.97252568699
88145,15809.71937805277
104214,20902.717901640215
80027,17492.445074308333
94594,19727.443658850327
105978,9422.180047063675
81202,21247.67508521294
88343,17049.465533028313
96928,25702.557628711314
89639,9150.7628499403
83427,8291.081518164574
77241,13777.985835351383
76837,20892.737780140233
105316,23283.265845526676
80915,11190.149243503856
78226,20166.189242107925
98367,15612.015750762786
99268,10380.255320702949
102336,13560.347483915064
99355,10112.697296442062
92728,25991.64258452745
105261,22181.672333271665
86321,11286.987109782767
83913,21740.305883271165
76582,9624.498509928188
80624,11295.956010352535
105804,14319.902906707774
101229,9177.866268782123
104782,10097.791692832016
91859,51153.184444444436
81892,21517.96704266613
104257,17727.273111042803
89995,24694.905673022637
94721,28256.715572210134
100123,10600.392712307112
83121,8027.6993418026805
89621,8636.444283844896
86608,13519.0328374138
106922,8982.010532513175
96146,18274.71574221088
108383,19618.728296989873
81554,43756.52194804696
101538,8680.720668732229
105248,13270.437870250993
81033,20628.717354065142
107312,14977.674827368173
85588,16144.602569785255
108227,9924.285090402114
84017,15202.207222985417
101028,10249.466865649852
93019,27742.09942352761
84359,7759.020935265428
90602,8252.081807795905
102834,8660.8976981266
85284,10534.30987140915
78749,63920.85722222223
96892,28519.111992841474
89640,8877.596336447134
102773,15341.981595018273
105779,12776.550480570404
108453,17647.144417141564
83162,11347.431792729141
89704,13085.736614965605
96488,8415.654566708248
81546,20275.194690531698
82108,19162.32822755547
96784,8443.1040217541
86526,8283.919779130114
81220,31934.679995777657
97126,10487.561376417187
79954,28130.237697053457
100182,13275.438154429787
87058,18634.917463527694
95026,20954.30573226467
96334,13526.560938298635
92636,21453.453489417985
89131,9753.727047493116
78145,13923.494535448535
106255,12008.801558925185
84691,6152.658184516881
83425,12337.018625839586
91526,22671.033434042176
81170,12260.157704476489
93766,23242.715071330327
89183,11450.157129386937
87644,18527.807807405534
105559,46450.211881558236
91968,13856.070241009933
107198,13885.355126942104
97030,7635.97551590845
96512,17689.25332650283
106506,10320.518497909434
97240,13031.994732749748
98164,5774.04631621051
79782,9330.271251447897
102498,8388.087220284495
86052,9316.536686238907
101070,12522.728560647169
88461,6276.750324831071
94238,25325.910177779973
97040,8493.28247893696
102861,14638.898274899228
81516,41723.47831196581
98512,6973.275652206262
91654,27132.44329003338
87837,6888.113271425221
97950,17645.399249981507
91492,28022.344252467752
86374,10255.974343486874
103671,7036.023488415445
99254,24054.36532598701
96920,19444.2740779252
100733,9920.064597133132
101602,6710.828888888888
101809,8789.79672660318
93626,38414.037699190834
94707,27172.294948546907
84718,6495.602737356788
77357,17954.512953632748
101735,9205.276468926864
85009,10407.332059537222
98213,16735.392790039743
89068,7001.1948399943985
76270,17040.532127624825
84608,16999.912276863746
106582,11846.801425122641
102112,16658.456203513746
79840,16266.718222222216
102362,10521.748078253806
102074,14925.361821310313
78050,21698.105993261102
91002,33991.50310715317
91648,17645.307086698336
90182,15158.58036820652
101732,11660.415986685279
108023,23306.549843339802
94586,26456.579192430785
91189,21579.3045992647
95199,22204.935850235328
78510,13368.077723475344
92551,13783.430034215906
92368,21529.85596874576
83335,8156.196152706174
82609,6775.619325396825
83471,15869.7569210108
89455,10103.352948882115
84982,8988.084553252875
106978,29856.424174121632
96399,19263.26365879886
82526,12740.984891495447
86743,11233.939731994478
92104,17793.985802188956
97862,9279.71138993399
99211,8232.000235337791
99118,22363.242472908107
97657,30013.118100685693
80627,13633.673290059396
76293,17844.546018451565
83108,7593.45766039062
93728,20126.602967019335
108295,13677.37139265909
87957,9763.139246758314
78627,27775.764215037532
103227,4569.444393939396
88115,10567.58529114205
89694,14596.118527622792
95755,44386.329717148576
100889,9919.688634048753
76859,13749.051242063497
80975,21245.97892846262
104878,10997.5673636257
105859,20833.015758014135
93283,23768.892327478385
76217,14643.176044435846
90731,16703.985650241695
99826,13557.65356751173
84180,12549.288128693373
92500,24690.589129262666
81956,10972.440302377054
100508,10097.240528876277
78336,11720.538193769791
98694,14526.134960789885
92486,22785.791238015012
77134,18558.49798412698
94264,15986.334720313438
108210,6734.4151436113325
98310,17081.980067299224
76260,36456.12132202982
89623,6879.873173952691
101737,12262.727726918587
97665,9420.13917254993
86041,16500.46656188012
86653,10487.424842918788
88423,15392.296926585346
103407,14837.867180596506
84654,18169.758933080382
77143,29367.97685141886
106392,19365.30241604859
86347,14989.680639105349
107230,10564.100408648555
103693,9389.308634233264
82765,15134.42231140444
103894,11646.019686904981
105668,12784.886436176883
94216,9785.868131022184
76250,28572.55839947089
102466,6080.864484007892
91919,17232.321373168706
99138,20818.885899546847
102850,16316.614793119192
79094,23982.88008168532
84552,10735.165308820406
93668,26900.44937461947
93389,14940.049720985551
84312,9713.64024462654
79379,28431.12689636819
98739,7618.489209302402
91448,35980.9886043771
89834,7799.374587465029
105359,8721.725565998018
100267,11647.538802326264
89101,16998.94173528003
76904,21797.931711498582
76664,30029.487091073926
102621,2492.76784126984
82337,24107.600557054626
94266,25552.927641197995
84994,16231.422614131827
86246,10609.142004779264
96923,10519.812361752432
107661,19980.822557824762
92401,18605.01836820512
96296,12756.675062134822
85114,11462.039305977796
83081,9650.744209588765
84948,9027.180131688523
80292,15693.100428307613
78938,13365.205876584583
79942,21339.144918138143
80899,28632.44733946462
102476,10134.882196248196
90589,13739.89338409336
89944,15041.984032976978
106241,18082.362336921633
99835,18353.492502305307
98665,11905.490348631392
96516,6611.216084370498
79065,22393.13570332176
97070,13762.945754441467
88721,17061.35105677788
100311,11940.738702226145
97912,5881.805823878534
101514,9068.099171448255
91763,19345.503113292783
88488,16450.336039897105
79955,8649.006347919474
105677,7818.0173368619335
99297,6120.852035120627
77377,10928.101886021688
95552,15374.63578947192
99704,14927.690856538946
82097,48793.56058632236
77067,5131.024166666666
93326,15040.172037037037
98258,6040.939729663377
98900,21159.839890908028
101474,10439.276022175953
91945,14707.707095296402
78816,33048.86664639389
95208,10586.10799166598
80788,17625.06404272283
92446,13031.146208914372
81929,28754.42683019299
101068,13593.587521080366
105116,9530.964812614926
96828,11428.316159252232
102272,10543.022786225287
89347,21443.386324552408
105201,14249.793693900856
94146,16943.932862591857
105641,9810.36133275353
94416,35011.50751280981
89152,13779.466173926225
99500,6448.316118245143
101711,10931.535833333328
88178,15825.796778356587
94259,25020.08443796835
90380,11051.37916880815
80659,40672.69283974359
94687,16835.199686507935
100447,9055.397301623498
80895,14152.188962499322
91806,23002.40615544383
82758,9985.487433400931
81850,15810.440241064432
85521,10694.28483723766
92432,20042.798515431605
78318,45444.37595832885
98804,13714.88724125594
84403,18321.10994016529
100979,12490.59803971217
80559,18163.476798373824
104553,19256.05583739383
90570,11264.97397804936
108278,25072.74203484707
107134,9637.494467230086
84351,16993.99546145933
105418,9679.4381442321
93910,19883.068474237967
98231,24284.780120741798
100789,18551.62917261808
101332,12888.426079906296
105715,9668.190402812521
82170,10477.610271249629
101526,13595.672892622006
89070,6154.2019586968745
90429,15342.89009065539
91152,19497.795399049788
82374,47296.36916452017
81668,32693.951411956783
78914,20183.39776739558
105239,14917.442123348552
107483,18812.999496274115
83354,13770.262886000892
105252,12231.390331044087
93977,19454.33508978119
89807,8096.741646718569
81551,27540.48024449344
86311,12486.405726265986
85966,11537.940440133834
83878,18332.51690430849
103342,12091.543912853738
102398,11564.787835970928
77021,51709.545539033046
82755,7917.683065472977
88635,7351.877535845682
105457,13026.545188763026
106552,19671.486376068377
102641,14602.190055626106
77582,25318.59162243193
95453,55529.14593360806
78388,11298.831934331145
99772,15800.603697393084
77990,11359.723967473696
78944,31837.250236918815
88290,13609.315418885933
90011,5709.588915461386
89540,12344.881453230755
78904,26899.16396242091
91379,17447.82563953013
105750,11384.628635149
95603,15063.243108946614
92481,15328.812633494179
93463,18778.249936507935
88974,13099.169064814814
77787,20109.12799644939
101389,10959.059620397958
90559,33038.02585183963
90421,12997.103911869368
107190,26350.237976678018
87506,11667.010960863563
101147,14253.752145334345
78096,29154.878928386825
99840,6350.562335912831
89677,9757.053361724535
97991,8932.387024318958
103556,10621.872300176394
101327,9919.463364982714
108008,20065.318933894912
107752,17355.179505958953
94554,19172.365518678896
96408,25128.275384561668
93573,28165.832691384658
83674,10332.40678090495
104503,28114.74197008053
93082,21686.543163843526
101841,6049.09662586946
85143,31347.78625243664
76781,10594.529713553193
102153,8373.49028681239
97411,6717.105611842475
101676,8750.048676572593
103176,11888.62705231385
80879,29347.220247839236
79695,16711.759114270575
106987,46651.66878713586
89095,19279.697384911397
88707,7851.974166147599
79935,12642.26644648992
104678,11636.244737113184
78644,11085.427399844644
101947,13992.773976648397
85390,15228.919994590757
94121,14564.80853071114
80525,26397.40501069383
92964,26291.302158541028
81982,28448.861045278787
93804,19487.66521038068
95574,26826.845992322156
81710,17620.97865828901
84452,17990.682015932958
94410,22691.21597944656
79137,29839.032259070096
103270,11713.537107681199
82736,4888.440348620939
106741,19101.1196912921
77630,17126.318958192947
100426,14557.272306915307
107231,10432.186612896801
101001,12921.147994642903
95067,17803.444760057733
107197,27714.62197325057
83522,11728.856472961175
80239,10437.26814992184
106389,20321.510837522794
99072,15482.623757555992
92779,26925.197004389694
107906,21552.394529426365
81289,5541.9523611111135
101206,7345.585920145263
85646,9138.84910338482
95202,26112.003317692936
96423,6235.100260891524
106597,7635.852587290245
97601,9447.336841017981
76974,52863.73094444446
80171,27170.85774936308
78391,23159.685592621587
101424,11078.07682234771
79548,26136.796510267537
99083,9533.024788950861
96204,25662.128706829782
93318,10900.598814911411
85745,18474.74029978746
79531,47130.38878414469
106411,17238.34784070177
88431,13311.959285714278
79827,15126.632795972882
80860,20709.798314946544
93114,30779.21494149066
89031,7219.0902431175
105755,18845.052387789092
81286,9545.990430470956
94641,19252.037814383068
92196,10457.800467456049
103591,7042.955140732005
80497,11089.14022697874
89672,6729.327304677797
80800,20591.89301435792
102146,10651.227979395375
106675,21748.574544870524
76780,18770.471190476183
79880,42707.716402366656
90306,14925.787562701751
102271,8959.696218811721
82996,9904.611739232112
77929,29275.791317933246
86610,15443.754666272485
85316,11662.716515261229
91134,8638.2566648749
87377,10045.215449553609
102946,13252.865755010404
105420,15373.429134147005
78375,25481.086715890684
81157,10071.243842034288
93430,20310.145090792113
90671,10254.29975326235
98881,7472.999429016765
107152,12914.321786027409
106056,8986.337377390955
86256,10718.317845416575
88692,8630.62484325397
98622,11477.460482434986
84068,5505.781305555554
85863,8623.480797568049
104131,10824.610418921266
94296,9957.9222807212
104177,8258.758153647208
105126,8372.67330328673
93360,27436.730411435445
91059,25551.536213383533
100015,9717.931323941719
97027,10376.029918991104
106300,27968.35470115466
83539,14336.201712690408
87099,13672.920680448966
90692,6741.736683504572
107313,14714.691054042209
81341,55587.62390850969
82901,11328.00292076327
85576,16334.987957898189
98646,13231.755825229618
102552,8229.50912293206
84874,15979.533217516117
104768,10641.608887229639
87768,6944.304230062267
93342,17980.0578238413
87241,13400.393283336773
103615,10334.492243360482
98526,13852.758050000826
107464,12676.737734450884
83357,18106.527580132122
103171,8920.563635987035
100341,10945.797865977236
104547,9886.958473222041
102882,13889.810571506434
107531,20571.350678236537
85433,11350.16068731704
78435,16095.36562451621
106094,19379.76153548467
92625,78321.66853114477
100319,9988.032811675079
95937,27809.335622467683
88915,10045.809278377457
87681,7900.466435243336
92428,6491.178611111111
85427,11104.083101117903
105372,10026.34236281354
82482,19667.87368399103
95178,22491.3782687326
106881,9911.735788090642
76562,27782.123166294787
103710,10295.479885866318
89109,6382.783039655978
92522,28096.615438072487
84821,17876.188678364044
80597,27373.695299542815
104040,10394.291944021252
96115,9893.421095993108
82818,8935.648561551368
90316,15917.417486309034
94385,19877.85500221633
86823,10238.016539739534
84842,12811.484912716736
102995,6898.045855845908
85397,20407.701275412506
81427,12884.013731346844
102461,14222.927565751817
77422,32961.58808503544
102354,13150.18471987656
91822,20816.190456808334
87427,9951.486824390451
105450,19507.48698673979
94789,21481.99233116883
106631,26705.322227765206
97004,13807.062886850257
100826,14835.247883983611
97915,17075.867843254244
93253,31840.225306763576
85776,9900.412623302447
105562,16216.35451891319
77560,16902.259792929286
82659,9684.442349552352
89531,17094.72682231601
94076,18921.261606450473
98457,10868.76226269352
96163,23642.78101377648
84779,9943.060436656313
104551,17333.12461270146
79934,16365.974985754527
84896,12951.446568468158
99393,11024.949919841274
82051,16375.531689361598
93247,16190.843427353204
86929,9898.297946616847
106943,11861.442490252663
79979,22966.802262385
80912,21098.46400705111
105006,9376.498429415422
94368,31951.37405067447
81871,23182.375750411426
90338,11241.813186065394
104271,10748.221169529344
89984,6679.580811872298
105122,9925.778215485592
104308,27459.243291873783
92941,29197.3923993133
87433,23217.248830749508
96289,20083.42968734196
89130,10302.940618783996
77233,56809.32177768757
96895,13082.89325033861
90364,12220.56046035837
76283,19359.21356699781
77689,23332.43222899116
98366,9616.859548989944
78025,23452.160215861204
96644,10311.430541335123
80641,28708.90693587121
80271,28737.035806146145
99003,7824.630344347808
79756,11514.578333333331
76981,11558.812422940364
83320,13623.47684493567
96797,4947.857749271368
86350,11327.702875819858
107535,15121.778471926382
104370,11626.102924287918
100740,10863.875638486967
85851,12475.439757020875
89132,5098.319027374343
78746,21153.954553971264
88999,16583.132150655914
96416,17987.423330914226
88921,7529.224497730912
101078,12242.73787026272
92447,22919.875964278937
77960,16073.422825366302
106799,14075.242459974717
99888,21352.3620304644
83252,16536.32544724544
78645,13709.760084349038
92233,23548.830630552668
104026,10728.805239356596
85148,17128.219378218742
107726,13685.311581474723
93331,22861.08701219704
106236,16250.7642679771
95282,15866.299973868654
76222,27256.471387601523
84158,5598.504080070159
81857,42705.2341111111
94698,16678.3490535833
104680,5945.5304659070225
104366,20211.18868059382
82562,17652.827661688298
89753,11408.092119418205
101937,13718.816418674312
76600,18783.661080358725
102683,5789.644411375663
89245,18336.93058341504
99902,12700.501200847015
106525,9585.428659176514
80738,31867.987313866503
107909,15312.765437522168
105939,15607.687717275263
92485,29749.555180061092
105128,19002.06586364701
103147,7289.43089184889
96539,9486.7972411931
99656,7894.540977370919
89755,17606.352013811927
88400,13369.25692942562
82968,19087.104845734495
103521,15193.237938669981
94755,29471.0071671415
82278,27131.69487701215
106205,8479.10688214174
102677,6725.888805553944
103577,13122.43121456902
88365,13419.214713465666
93543,15719.202300379146
103285,11170.495979090912
91445,45536.011858104284
86676,10128.428929808588
108086,10435.598550105364
97671,12602.184888504955
85193,13633.651997680337
80220,44574.8067758174
107824,13709.943564174102
87246,8877.526521806325
85080,9244.451236163985
85470,11943.262356236883
93453,28373.923112451397
87214,9839.081383285096
99010,8851.373691410094
77246,35208.63059492195
81671,16649.851188854434
83651,10972.88835862612
101085,6121.536769360267
86961,9995.593424294679
99154,6634.79818092367
85563,11590.90770363078
98972,19284.55186925907
79331,19570.169445594245
100112,12095.984094926373
92540,18891.283770337257
102135,6051.836206389132
104980,23811.360004158018
103442,6770.337864287055
104320,11562.396252950082
91208,76763.99267623117
82486,21797.943467576228
92052,8547.470801886122
80540,18115.02419295771
89228,13138.982837278112
98960,11460.666284256346
86821,15519.194626984125
95220,15562.655191791688
104196,11384.710025649767
77934,49876.64275252525
80965,18282.47494035594
80864,16799.119412697015
90303,15743.688958248778
100396,12542.848168141109
98226,11721.668329990951
107713,8578.613051563292
82199,26926.6218623327
104715,27402.39989281914
103412,11263.444602488693
77224,11853.70161035522
79149,19165.750652752566
79332,22218.35341497828
100094,15327.894122806576
76280,33114.37848285072
104668,27368.083788402324
106239,10679.199525596838
106918,17016.00241565637
103738,13975.894126004421
99768,15843.042331830713
99895,6676.580028663809
88553,13105.513636821097
106781,10717.38110115448
104339,23547.105241276695
88198,8151.222415303518
77024,10992.238810045947
90492,14454.116726472213
87383,7984.2053892005715
85194,6827.365373432539
100821,9948.069027142506
86207,9344.373276527544
80736,12141.845416341946
85035,6542.994851847131
77847,9659.855680402934
102444,7881.665742700254
101635,20227.76188786054
99639,8847.815872267536
101365,6780.810543313238
106612,24034.952583609378
89655,12435.622647483511
96679,13272.16651041246
107353,37131.58761111112
101805,11370.354813214142
81804,20943.906367248415
106783,12465.055447376122
101047,13563.061951224518
76164,39704.53527777777
106524,11540.227153068505
104745,9738.423339298783
88874,11409.995197993254
89206,4754.74657952406
88602,19180.30653956408
80458,25961.417087986403
85756,9916.406150063898
100972,6920.498442817366
79897,33765.26434234135
85913,11629.967698125476
107705,22815.26698747518
102659,7371.357260870822
101994,10489.942510424258
104004,10405.56845071882
91171,59454.14500000001
100207,15007.909082182143
101431,7409.78790092591
92034,18549.509238016017
95470,32583.610670677564
79276,29608.904413676573
101893,12315.215228444165
91522,29264.475159192447
94047,21426.1759461062
100620,14071.389263432346
97405,11038.886611510152
89277,11196.639092969448
102728,11442.13767810182
95665,51727.05172681675
93861,16298.051233182825
77779,11420.638054479174
79844,18602.133555555552
102549,10432.884937780607
79764,21920.10744229999
106543,16136.763272400874
90127,12457.015602198786
78759,16793.59603100332
85232,15963.606262097564
103173,12581.274242168854
77690,11977.355761541088
78669,36933.05236753954
77821,10593.713857918883
96869,8587.977432338457
99426,10367.730558791747
86596,11370.383931568258
102352,7874.58383825793
88825,7998.1870114041585
82595,20254.450981251768
79408,23043.972310544614
105771,20205.072154464444
92499,20245.004102959778
82744,10810.816390777534
104310,7283.336869977838
82965,11717.419111767083
108492,20232.247915253753
102748,7947.095554086344
105549,20699.759553514392
103794,13283.148290068928
87574,11583.983682358661
77090,18949.877509314778
77729,28106.97665674063
92854,18078.34776443667
82724,11522.408261708311
76843,8778.22259354251
95714,10070.228054942285
85077,15062.971218560717
100035,4850.3446998587315
76694,12745.594732527303
86970,11558.956719084532
93243,28435.19938493631
95700,24248.27515259681
103907,11421.266146985094
105698,14501.929237821736
84320,11278.024145942945
91561,23863.826691460334
100459,7260.622589317978
106398,24246.727078299024
86911,3858.5000470177984
102905,11756.265951429481
103009,6478.572262377255
76287,14041.200050077854
106832,10669.32885741233
107240,21732.942133597226
104164,8889.269183734194
96561,12769.264446474439
81823,9266.985871902249
82102,24365.802860733354
81420,26334.750211342252
79102,21410.756887931937
92252,19317.795187869317
91605,22241.87624355874
94353,26487.841225561016
76883,16626.5893888889
79941,19834.173825172045
102977,8161.876031543824
104975,27433.350398862214
86138,19954.9210964715
76309,22219.597420634924
104976,17091.9461910798
105819,14168.88527014972
103115,8857.735305555554
78958,17127.14204739241
86851,7398.084433580476
91889,15851.322888450946
96977,23372.502878535925
98888,10367.516903109827
87642,10653.965866602552
96835,20401.339426611983
95915,26541.41112891784
89880,12630.201396789009
86974,11820.778656092747
80793,12626.367362597824
95773,25939.655971205688
92664,10412.488770934604
108423,13157.323338357775
88073,16737.385760987385
97731,18738.768975021772
92705,24525.342316851707
98275,9367.594161435998
106563,8074.795238913555
83216,12554.280182138695
108252,20232.3006686054
90052,21780.39419289543
96839,16532.565406537495
87847,7810.639788471641
101778,17494.799828593455
90493,9002.688880547485
84236,8165.55253208663
94651,27518.747885877456
82828,6573.560365533764
84570,14430.211828306383
103560,6830.111741089091
105414,11037.183031442588
82874,9456.845966120465
94023,15315.259119528992
99936,9103.202333577754
97927,6352.742523050641
85922,18058.746402536362
92409,17224.188903383405
102547,7755.402923632176
98620,7797.484337813162
77418,25712.06976878335
106846,22858.838691469562
90794,17099.12796233883
102848,7999.7430261288255
77668,20582.033699402196
87057,8677.77497649898
92125,45040.61134584225
89356,12642.898524375023
93931,18222.0571082487
98496,8364.899311656538
96762,12412.191804526547
77603,15760.063233971961
76242,15998.280626344087
77854,17769.026613910723
90496,7575.721883770436
89873,8205.507038291158
81047,33363.8028303046
81482,13342.524229416815
106630,20914.796176312513
102807,10241.684657174035
101397,7009.977561512296
103459,10268.911748322025
78508,34581.40619325592
87042,17968.47999925069
106348,21804.73392803845
90653,6603.487463136706
76159,28346.145394451443
87944,10450.47019943492
81531,28639.642004278965
107875,6845.209459820136
99542,13019.098377628552
107359,18034.557035827933
104564,13350.013134505749
82560,12001.513233355372
93591,29569.08662332284
103234,7486.788726435952
108458,11907.50038009156
79888,12353.000702614376
76419,22751.25743333789
106649,11347.512806009421
90004,8313.644671143671
93201,35436.76539065154
97558,16867.513361911184
83097,14222.444043847217
96492,5558.085878291231
78413,6524.1950009920665
79076,13767.299503931468
87061,10078.277926652645
83665,12503.989625648632
97131,12720.256143631037
102075,7055.10349585095
99331,8151.0213103696315
82067,49947.22979672644
85459,19081.32926551356
94510,39536.05750000001
97875,20944.80291048504
105176,13246.933353740655
89196,6386.260216155104
97424,20160.354007721537
92886,23572.109105068415
76660,12070.16246273389
81181,19142.997133838384
93133,14028.306771269099
84390,6327.403450874786
107413,22092.136226675004
98681,10580.038480098005
86318,1733.1590202020202
80893,28282.08957227388
106409,22692.104074168994
101539,14224.028237754706
107735,13974.742787720264
103362,6927.677939182437
95493,28693.931562436122
95573,25809.99654032874
81435,29920.524914891117
89730,13827.272951618192
104812,10408.792682990437
95540,13698.024677911448
105693,9354.266522559501
99879,15080.15464418106
105045,9990.438198014186
95556,26018.672371379154
105209,11195.489147414391
77262,45644.63789682542
88746,12951.439691766125
106257,30173.4444673751
86665,13348.037416602412
99714,16212.971089477334
86308,3908.025907119331
107814,13490.340314693885
104110,18194.659057118817
107020,10039.137979600546
99899,7908.310085659701
87878,10802.767184300808
107898,7942.011381489036
91803,26441.666312079113
91708,23558.05240403665
88131,11727.911249930306
94236,28909.75542711991
94787,39688.27832905983
88426,6191.214015426524
82052,21374.217554580904
81430,22991.86939678726
103458,8263.231230521053
87322,11053.359504118245
88030,8848.769314807285
94505,28983.103196189975
80104,9669.09292692416
92324,25948.15686252502
93393,17283.382132805982
101185,5411.529576667968
99944,9847.140587585942
91381,19207.340738129275
102720,8643.23237610758
80107,22968.470153596496
93006,30666.132887622243
85248,13048.046137297393
99068,12471.218802222338
76834,55392.04443722944
89377,12782.764338045892
101452,13317.06005391957
92548,41640.41368702084
100658,13540.71098655996
98383,55781.43096542346
77915,28086.332941212702
86268,5858.243343585283
80304,3323.5049408345276
106680,14690.33930337056
101132,7096.5706371460765
90092,23437.707977291877
100329,13557.128187167458
79943,14200.69673473957
104189,14517.604983030782
107250,22309.038694164476
105088,9844.27935117929
88824,18449.64935825265
89166,13443.338404075042
78748,15783.590621156995
80118,20733.13357277306
106238,30020.291450938774
105638,9188.35953974604
94974,15492.928290107051
78384,15308.107536182606
93451,19896.06879764257
98422,7379.115119382495
91430,39021.66207509158
77519,19802.08800307983
96946,16840.964611297062
98391,6368.156107943096
102809,6103.817618456344
82926,11183.904082813504
79108,22551.95960268426
96213,19633.92550781525
89205,5554.309293421323
91600,45235.35687117298
107292,25282.924190739017
90688,15598.491543396724
98776,7316.0570811626985
79778,13490.4413733356
106834,8077.443379914942
107835,17198.142594036115
99788,10994.180500462448
91133,26363.158940777328
82747,9772.67908916709
95651,21925.98254497291
90035,12125.267842314812
92821,14367.875245424015
93614,23785.30549978805
85993,8780.170954155297
94616,16232.802232050266
97987,11649.271679489846
79300,23464.72765449635
98588,7674.173620720462
83355,8965.276861804767
105664,22138.728127825805
106502,20104.485936958506
77235,24930.821845390907
101503,10270.00718616674
99569,27422.424343137252
93332,19093.56455555555
103565,5073.435277777779
98223,5244.723148148152
89090,10992.220449610204
101490,5055.740931535285
89428,10240.410030681698
82555,9419.751782825177
94744,19300.28179192951
97092,8419.27793325951
80994,25086.67099947002
99486,8975.556299368629
88556,13000.952919607525
105789,27189.26376655761
90968,14101.280879997046
87386,10949.642174700111
96239,10929.1399163322
98412,8907.485451768938
107073,11492.851133458063
85775,12659.70990129505
103494,14663.834133438524
96232,7551.155813268977
95146,17004.18620962201
101493,16250.8621862022
108369,21708.033320754927
94214,25736.153856933004
95377,21286.458560126568
80081,14110.762965313023
81186,15914.712112200714
100638,11806.404924928627
79228,19526.545147306395
83296,17457.764717859303
78663,18821.615310846555
90474,13781.842657328838
99746,11440.569208664881
80600,54941.35190537243
104132,15872.287715917071
77292,10924.734386047205
104314,13056.282999811068
92563,54471.76291263644
81135,20477.329192658097
83199,14195.53498947547
103083,7248.218553303758
88165,6813.004278108454
93492,9917.953210768757
80502,22014.124182792195
87640,8552.261159028267
95862,23342.714550654393
97106,14957.659286906803
88353,6107.160456264213
99443,19900.70661589289
85914,7966.496189633734
102522,7898.804734145234
94035,21475.358378063927
82309,17434.468333333323
103845,14363.749964979723
82955,7172.359927736049
86039,20028.966019833704
76890,8193.348385583213
94862,20718.681743734087
89261,10111.741530857596
95261,28743.152777016636
76543,27849.82909412122
93805,19363.225742376962
79387,28088.556584937523
105256,18741.710974688165
103632,14213.72886718213
101647,7806.823765620165
90779,7830.781597400229
83004,9183.177795253023
82810,5986.257286766753
89851,6876.528509101478
95583,19861.28234690582
95318,12332.931900209083
96740,14683.445383018243
89999,6353.763599592645
101586,6740.769400513066
90205,22013.35551464972
100202,12551.281204831084
95896,16316.57496717922
78190,23245.37466648707
106867,11743.568399831132
103122,6934.095028257397
78800,18895.52228447881
98137,10162.864461896197
104071,22259.04031450957
80969,17162.421744008534
93695,12431.250285810487
79235,16157.66068152782
100233,7889.245448583709
103673,8325.157013890133
82811,11167.459085592678
106273,22717.023139983845
81714,11266.615876203605
76623,15819.166754881826
98396,7583.24357042511
87067,17534.27116051796
94615,30213.638514307706
91380,27276.47757235323
81368,16000.98322986929
100189,16408.62649510597
83055,10298.82814519304
104726,11133.747644581339
79494,19690.984661527742
86895,7257.314310145229
104253,45902.91673208916
80451,25632.520150855362
81633,28910.196976879233
85761,9116.803163385379
76040,16057.10253972743
86749,6610.8532109563075
97161,20963.85863375338
89492,7503.406659809325
101063,12706.208797609534
102557,8283.31394572121
99966,6069.268684958388
93615,20639.27444444444
79812,13867.132105082152
106083,36650.94627777777
91688,19161.933232887757
93348,13928.093808186912
95861,14765.894388164073
84278,10784.453052463807
76892,16037.1990817127
86674,9311.35299768322
76138,20605.45551044277
104974,13691.012625579579
102421,11310.469510221974
82617,16240.566347233045
90307,8416.565598832862
92258,21243.12972726879
90255,20838.24558343731
101498,12882.816809332335
80567,13044.711501156504
95321,24868.924781797225
86671,3318.2869869960955
89272,10913.788394663448
78823,6703.396753968255
95185,22829.89662542616
98753,7649.243715631545
88611,3093.5815462532955
108390,13930.929368425628
105366,19254.2804978922
80433,21245.064306143173
104145,10823.026777777779
90881,14832.989562315875
82596,9053.055463257399
85279,11022.502231393311
105968,12850.25980109445
84463,15728.949942923586
85840,7983.56691373132
78708,12844.065147606365
81642,26808.56217188977
88004,10669.670401632462
97345,25841.486976872005
106927,6770.147421310733
78351,14627.16513704896
91596,29741.65037774967
98390,14130.024373163636
80145,14431.70233672048
88364,8865.737006339747
88715,15530.164631894771
100449,11409.317954084483
92076,29027.07120972639
102573,13619.8420017832
89983,22985.32634244351
76338,27554.129601433968
78076,20422.373966242452
96116,13228.500247386473
76662,19301.00439545841
94194,41146.53306035992
105200,7062.747291362328
95232,16309.538940016979
85705,7924.308949077313
81683,6750.026343355418
92007,46352.36477777778
101156,8266.925611304458
96857,8983.128876334813
91201,18803.719996548352
77066,9291.557971380471
94938,25367.099111148655
82691,12231.775639483134
108279,23895.955363683446
101317,10904.875544884995
91872,20500.17519155843
92517,19926.54397118653
76176,15203.92426259676
98840,21748.396485277954
96297,13737.84459803688
105077,14354.388834955478
108306,16336.462390248642
106837,13221.752005679982
80906,11797.766323252506
85979,17629.850962942957
100004,10752.098813929011
108473,19892.448577300904
77203,18912.05296621662
101523,11533.753442193442
91769,21953.53746069012
95403,20464.202103162872
83930,9488.077171154984
95272,28832.27244772829
107063,16649.713233257484
105033,7765.209535562171
105705,12886.619274506775
80224,19230.167423661765
98468,9355.521938183589
90993,23189.695746435475
89413,6831.406343062979
98561,18774.06043017532
88199,12138.749552080075
95082,16248.432670284132
96647,9366.3786667668
80307,17966.224923360587
86717,8160.617556192528
107754,25988.042737296983
92740,19259.720600905584
89653,9143.309980230717
83458,17022.163272925012
88918,5901.564526686453
80859,11420.349194444443
76830,37373.246580298764
92727,11083.74709913453
82512,10008.267791897755
94918,31858.018277462423
96158,11897.939196676434
97812,30939.05776788827
102820,11305.227488963566
88655,9550.39014981412
86512,16705.060920957418
84814,17348.379794495388
82832,16428.469983936342
86946,7739.591838741751
102885,7873.443082196983
86598,18563.64430137399
76927,58492.62294055304
83377,17437.756405389115
81917,28380.04457466966
92972,21664.38149140395
94932,16654.363745493836
76026,34967.693660858924
82383,34278.980813642345
95697,26481.187680325926
79489,26358.507396655466
102254,10255.774957394002
95248,30532.817011422452
99438,8164.311417890677
96002,24022.892116128933
107266,14050.736991747319
98233,9532.993062634303
87721,12042.72490408468
76462,44961.24900793652
101352,10393.543530448484
89118,9792.117790213164
91908,22662.05302645502
94169,21877.002906684826
105347,16491.36616424921
93347,19627.306273827962
107981,19296.47818785275
104698,16316.83772596527
87678,19005.672216586037
78945,11321.481735708288
106051,12676.993652887011
100768,16760.3038903994
78915,29329.346876144988
101837,3514.901436659835
79136,11988.554356898472
97035,9156.068688837899
78591,48165.24285569988
95969,31914.42775199391
84208,11448.547796040802
100228,7885.175541866324
97687,11291.563501400185
87591,14590.538616305614
96149,23948.048072641937
87736,10393.181681738453
87550,3987.462113211953
102052,8283.921244959638
78827,34688.5015478929
102402,15297.419962061385
79412,31144.0522294968
77865,39415.44188806719
107971,9289.07408658538
107469,17254.91784103746
97612,11327.898023794187
108451,17700.517393579623
91741,22390.84714168728
97524,7515.548141019162
88979,12452.76285549166
87740,15728.772278956261
98817,13357.784439557186
93862,19034.1260470461
99648,17592.51651165895
76643,15638.552378357394
107633,17527.217744523947
91213,24694.686734685532
90869,22040.617486703635
85444,15860.464532313588
104383,18933.420192551206
76870,20459.20554531788
79279,46892.77260818034
83999,5498.843904637741
98596,8312.129055698853
86831,12669.29038256078
78863,31975.050013350632
98360,7136.775638117435
100096,11335.39926081756
104448,7329.073559218555
90367,9117.823468603809
103277,11990.251334522178
103728,8379.131276345448
84370,9950.120155608658
89978,9335.888049884672
92359,16710.397652841544
90135,6937.80110876568
87969,15744.91273461986
102318,12934.773968413852
76607,39922.62033333334
88481,11993.695248119218
98436,22116.921409115534
92888,69611.27026984128
106269,8874.363442520696
100538,10286.89614749981
106326,11742.998036706518
82449,5687.177509900664
91142,19066.72710786049
80150,25201.775434073716
106004,19043.594297133845
108069,16715.28861293349
87037,18338.857384239716
101280,7855.653005150099
95763,16905.8163880392
86504,12143.186878070674
81964,20212.479241997204
98685,11060.72471428571
103215,13207.199807135014
94922,36616.4797370321
78554,25370.332844012653
105764,10592.08021254021
87972,12434.26139615428
84358,12925.658329719996
94964,19296.909346083754
103241,9741.234364576336
86647,13133.913466555696
99158,16896.030722266143
85420,10649.406416329623
78077,25222.78163952032
107422,10740.681587339912
104022,22794.59572729228
79737,37342.7219921632
80207,14138.74115062971
80967,27602.272340909094
104178,14318.652974959849
81030,17871.765902178693
93015,22170.608975338146
80407,22103.078946624184
87649,16678.695974855775
76690,17656.507440852427
79789,22448.74423986322
82746,7815.145641232357
87159,12724.463134421028
105962,12239.31504841579
86711,12931.76137699611
90644,6201.313185814224
85786,10175.015695397773
107631,21138.698498781392
99617,8126.710359765942
96261,22491.33590120772
103524,8335.940547239225
106761,5675.053642270897
85261,12754.311758077696
82784,11166.810934047697
79866,10361.24333333333
85332,18320.238637049388
91102,23407.224291005303
86628,18299.68313735357
79673,32839.99288888889
83347,16213.171311270055
94145,26244.965951002963
106036,19286.18175681771
82287,14186.882200384438
88789,12237.86631796655
79618,32284.890356421347
94133,20189.166599259323
76165,19235.908951887173
101369,6081.830961672994
89387,8115.864091420618
76789,35957.499802337305
107309,14316.522803047095
91783,24829.032857275273
101897,4451.765633531536
97745,18452.962530762707
82133,45303.02232576282
91614,18727.18786863918
97308,10975.919600770305
95044,45180.51695837221
80363,20785.80837395911
87137,16858.19224586291
80900,10346.360506687202
81525,28305.883810872834
86772,10975.44573909667
104784,26025.538540177517
76211,30280.687168220797
88180,11232.771593533149
107375,19155.46136687169
87142,8589.232831314863
102944,7370.162858934618
99258,15580.504277601702
80209,13055.444319484606
81591,13781.087955563613
101494,9991.2394457671
103703,13629.846025087212
84613,12518.847672501955
81070,23109.518831241072
98675,22401.480263111913
90638,6417.721872030071
78215,19887.303782910945
104188,10142.359871115948
79525,25063.252930103226
95362,20360.686081248605
95717,10203.914867818636
106872,25516.01239706461
84301,13949.991656466224
81601,31049.790697231263
86575,9148.794196271101
100108,11184.338246766536
98140,10354.725809071146
80480,18290.891686003877
105961,20997.02256004396
88147,8254.9147989233
90426,12387.083685865138
92503,22167.663649124417
91066,28868.025083952118
103976,10358.82802664104
78267,21047.923081523535
99535,7938.486043359148
87776,8764.748596965557
108501,23724.061451329442
102285,9679.57295998189
105946,22027.461111378772
107799,16541.28859107698
90291,14371.545852346982
103617,11335.731465247192
97086,13684.44344745076
108058,16982.45199817791
84663,13536.731925913216
83054,7505.708642751073
80706,10422.31145547243
84885,9318.669401383393
96741,9904.363432333135
89018,17783.471079704737
102962,11578.58381738463
107208,20089.107052147727
87254,9043.440853297507
90928,31835.11573188737
107211,14922.050310261187
104636,14657.574770435682
96902,26790.09847477977
92953,18584.127892516226
107082,25685.37887314509
87483,9982.23386836836
81493,21110.378002734622
97521,6099.97790302493
107168,51599.61475180376
94004,25133.299539924254
87794,14127.678744268916
99172,9782.973515452568
78673,23385.823904835626
77673,50173.30959920633
89569,19468.308945277575
95130,10781.2016359811
82941,12993.895482208984
106278,25218.939784871513
92295,26490.78816742775
100500,7036.213390395856
82192,48883.51611880651
103583,15817.687649752765
76059,14723.296702529786
105499,7674.263184907701
107083,11672.53009257847
99563,9361.323017643599
94951,15887.729087237809
103148,13614.575696530486
91319,13853.03615297376
93386,27784.577617874565
76109,9950.31155476854
82945,7168.723350326757
101785,10061.488585594772
99381,3751.6340115440107
87060,18684.56942043055
95211,32242.071676276104
91694,20630.51076904283
77173,50575.401547166504
82094,14437.94282159385
102120,13412.376264315964
91721,13531.049853129183
88100,9226.98676431171
101115,14497.460587875883
104595,10729.304182865844
90098,17929.243467566404
89595,6470.5359050049165
82269,33090.86727073761
79900,20747.721881064885
90360,12221.699331556278
102462,13284.447618632055
106639,17724.163550482182
100825,8801.045975370675
79579,30406.56097584332
97198,9058.125135140837
78303,13111.355625644912
87680,6238.100495240234
78160,52352.89680317367
76168,30564.75597809244
88329,18709.59027985636
97416,13947.789578963186
93159,60431.96546031742
91927,22031.57751589407
90611,13483.220899311207
78641,34011.63728476382
92598,20790.79347478152
94425,24793.445653989074
91168,21815.070866260197
78734,23146.224783422724
78005,19827.492476316478
93001,31823.776801075543
101473,13790.769313312518
81076,37451.39669623201
89625,7718.964929636712
77610,12379.647888888887
99909,14442.908792713768
84285,5124.45055262768
87146,14493.455626326991
106204,20959.74725749357
79047,11306.447353100895
101371,18227.927952140457
83269,13718.482460670919
79251,12596.279316781758
83976,24575.101723134776
102684,6788.739146554423
97327,12215.600012656725
103469,10389.88736523414
84299,11107.811570238495
99272,13596.917098475264
89489,7855.362622661123
83325,9686.042672495658
89423,11186.513921135682
86724,8761.12803064188
83802,10378.878630838204
92419,43636.84639172083
104989,12030.412012028914
83670,18081.29589699424
90400,9781.122625836415
107433,19090.231969978544
81641,30403.4652817661
103722,12526.415130305604
86632,11382.594490374502
93036,19633.83093412118
94398,16707.04723260954
84906,7593.450762823162
81280,30438.046388888888
104075,14024.507017894819
95998,25062.93428987355
100993,9495.710671651968
105404,19493.76952309481
95615,24078.612069745366
88828,8976.74691205599
94230,31922.446682911377
97101,33440.080204203245
102266,7390.224858356444
95269,11550.381698279945
87008,16632.012491283647
96384,20475.821172355656
81461,27284.8998033041
92651,48848.74518200458
83997,10650.000958886769
100143,15434.963554560263
86721,19013.562485352486
107348,13048.442782470147
99221,9716.861007799134
92846,21186.007229116316
101042,12990.97948173128
76663,46652.42753703703
87986,5765.254102595193
92959,16937.564567238736
86076,9522.30215543873
76987,11760.007633876754
76842,24654.050539775715
77966,13140.603310680564
86599,14461.54108601929
87922,10161.477112963481
90812,6386.228966461871
90897,16676.42409549727
86531,10226.197122474583
83583,9720.695043713105
81256,25883.218788289752
80343,13503.280405038688
102122,10670.829154639843
77334,33936.32137991532
102222,9435.210202916187
93883,17418.17198776656
101876,13525.693934010618
77602,15833.663070573775
88598,13614.639474614567
77524,29023.7106963547
96783,29744.161591334214
108041,10925.045382570668
93694,33833.29319708995
96258,15908.228062969765
97398,11690.043304730025
84225,19284.463628608693
86415,13561.660263585702
90604,10834.770564204935
103848,10276.310479306909
81012,12016.826241739143
94703,24599.44937835658
107406,10595.171725898983
97842,6161.523481966467
106706,9318.25161288185
81667,32193.842373396586
81092,19885.62542723474
97523,18368.27157305435
77107,20313.775110202478
100699,6038.122566321147
86969,1927.8052503607507
100917,10251.781352643316
86251,9979.812916467703
86424,17366.80649822084
79990,12395.581771181181
86382,12510.249753393331
101613,7769.708504851644
78397,15931.96060087643
80111,12583.43154270212
88021,11367.528395098323
76832,20500.840928767353
78935,14301.985541663502
100446,12091.097567465355
100621,9527.454025394603
78399,12025.942177112867
108515,20830.62928040844
106023,11067.38255864395
93721,63826.81448809525
83647,10740.946567076679
94136,27150.255074918237
95847,23159.22766103077
107172,10578.747067510749
94458,42288.241947479
94175,16351.044417374205
92726,27327.459994133904
80910,40758.60494444444
86869,11081.931028955505
81258,18132.139818982727
84340,15959.264072155242
100324,5918.5513138358
99428,5287.306311661617
88878,12837.92592372217
78066,50483.564885572654
105935,19457.73437951243
87309,9583.681383520649
87656,9853.162607529057
83790,10858.426228643746
77893,7847.90907004253
76055,18589.33165403461
99688,12274.786454412839
99661,9364.153335955234
93173,35624.49186772487
89291,7926.635986186454
107766,7471.252007112834
80369,15786.063882135897
84448,19879.314061382946
98481,6324.74195912209
96477,29500.731998474697
94818,14205.564678554727
106708,12211.06748759142
77786,21084.73941863369
77244,53933.38803482627
91199,15477.593031022381
101108,7448.088994549095
78967,16120.221085317455
106914,15900.214850087454
91647,20927.428951906666
91411,28203.404584008164
98766,18169.069355939555
105906,8711.909802799817
104682,20459.969879822267
78615,37945.79695370712
85253,11240.760096613514
103137,8194.280859891604
94662,27319.849893417453
104640,7595.493215271449
97535,30391.688084003505
80168,33291.141979027096
89005,9864.522932126654
99876,19221.604820211385
88741,9862.528114915289
88333,13455.969715352112
79822,12707.22928876321
108292,16362.13109217175
106845,13731.095876358297
92167,16604.723343364145
91226,15133.6451711391
95206,15517.098030083747
92166,39870.37366666665
102963,11509.150597307775
79527,47735.421211085726
94552,25787.021882364756
89210,9369.279754898764
78573,22217.11213947534
104073,14375.80143199586
98520,13974.865494796228
77491,46655.556283068785
103333,13605.959894860212
80090,22907.807459290405
98666,9243.935562429651
86798,14032.165529094196
81728,16339.200688501402
81606,10715.903674041718
84372,11062.049118387937
105528,8438.007288389901
107436,10373.082544655736
89038,10362.25840824113
102983,17713.48848042116
83135,11180.333881405644
98165,10202.345317089868
96159,9144.643919191993
90229,9159.539257393306
87710,15982.50206273232
91414,16636.70309080299
77961,21138.4983729016
101890,13801.944927816956
83710,9059.399114258817
92874,20698.062416919813
86534,7442.173845871448
98517,21537.288911283005
76174,34453.18617886722
107068,21675.31176482825
98050,13786.752907097953
98718,12231.513962752848
101964,13626.75292661342
96813,13863.227874637572
95118,16739.80741813332
91139,26848.801685156024
98838,2321.6467312614695
98268,8121.971959838121
99553,12744.437806528998
98904,11287.205798405459
80828,28165.11718747265
100001,6818.210762971738
106691,21730.987480864238
108038,20604.622369211444
98715,7473.581782682887
85714,8079.088575541367
88475,17673.90326378315
91923,24034.732220725364
94795,18757.98090350737
79738,12678.438057345618
104213,9142.999380952377
89425,2274.9461324768386
82405,13583.748464791475
101000,8775.384478972432
83819,17517.5431306263
103491,10011.784327230687
88226,9227.28377232924
102022,10856.64625243729
106889,6476.844716172268
98697,15628.859870107848
97178,9033.265112611978
92375,20545.499843069574
95917,29762.162014387828
96308,12228.492838446053
92406,14798.779011837276
108375,8549.795725292543
76860,12223.572295681382
82234,20444.698599666008
99593,10146.493394557889
82962,11596.787045257603
82016,13339.662423896132
86781,19629.27104999221
101065,15167.840530953277
95525,19278.26522101359
95306,32025.406986922397
77397,34313.78507248799
92496,31774.541563492065
102473,14042.441445573137
102927,15990.539288398379
91897,27117.291189737258
95554,15441.030145705048
97488,25646.55093008266
76085,18025.95962126247
84133,10138.138436535763
106369,21672.283467328543
92172,24121.972777777766
80532,12696.139401649907
96952,7092.201520158628
104627,27164.96548364306
87415,10660.850463284043
97047,11396.573087476943
87227,11741.61732551385
100308,7559.150390480105
105075,17346.183150541747
84539,16838.132399074853
92284,19349.677017632694
95634,29018.65089802735
86731,10877.818339106298
96425,12907.367038963112
96765,15094.355911110422
93239,14477.566536450026
95450,14673.791347399108
102086,16664.02635172241
103024,11180.77984659662
92808,25745.697492265645
99619,8926.597592822336
79704,17718.208699975952
99613,27691.259351851855
106854,7940.462112006081
80959,46385.42877985984
96020,17532.351875925266
78736,13510.887047488688
101207,14044.882038103016
89767,7299.866655413558
105747,18241.882194716454
77828,16086.16719106377
91572,27711.06903732353
88785,14654.825704210733
76972,27618.061034025275
76362,24337.122492063485
87572,22412.74157310874
82399,28584.05820332873
93833,20314.693238169417
94597,21073.746624372823
86551,9404.130525464625
107163,14104.848151761345
84085,12578.007019685389
93349,32178.998983152764
99389,21907.84560934221
80970,20935.17340635309
96279,10047.39536087935
95329,25917.806645566034
99228,11552.415528940053
90184,15768.01043829235
107226,15431.762912732816
80769,29166.569776994038
80742,17890.567781655438
93650,21244.356838976197
107530,23001.108400041947
87038,11112.236520996372
80146,32254.10556308775
94892,29178.292037826952
107150,18782.73381626574
77880,32637.10253116183
100591,6868.70217500762
80919,13237.264464479336
84533,7055.14769859418
82006,12981.026621469691
83592,17002.360748042825
77124,22453.4322674928
93924,19183.246202630933
95528,18487.72136335159
105644,14489.859211997982
85662,16643.10444144193
83079,12702.7561633274
106655,10985.27280618657
96517,13214.010469086643
80260,33175.80804139516
78203,15200.10119002348
104045,20653.058426252344
76147,32688.041331064243
94260,23640.690497212963
101648,13850.804144475444
84725,11604.789540316018
100099,11218.950986266545
79381,8953.50268950549
77511,11159.517528299755
78265,15496.490532356529
85496,10391.811116433691
77336,12633.471840834374
80330,32419.225599832465
97617,13686.446643196969
94477,40128.77770105822
94881,11724.888737564468
76653,94347.4124365079
89023,16226.603554818512
104965,17235.281518258533
79637,16141.671209721677
94018,18876.30283554539
76481,12618.271110431364
76139,18073.299730708113
89662,15432.622220922236
105654,16568.10697267789
101555,3617.511824714502
107636,13596.468262692004
99722,16636.44233837962
77887,35245.227990801824
83236,15989.928277023779
107964,21854.259576281183
108137,12577.659562615527
99718,20751.131612818328
86701,13495.242506206372
77077,18745.906052096056
88040,53645.726904761905
78583,16744.372555860802
85917,12323.405390865335
81283,24377.531998454786
104304,10062.064902634489
87081,15570.576624745627
87129,9133.728082418982
98111,7675.359772436235
76125,19514.85985858586
89395,9226.043084910907
105028,14387.492051761561
98036,12459.928366195858
78805,10257.460742622245
103101,13005.075948544978
108365,9832.559973551657
103367,15650.363328602081
79524,25117.260719494898
96079,27256.800163239484
104361,43943.81664637062
106133,30173.582468253993
88514,16160.043703548597
80511,61156.85823330494
90340,11519.776989005702
105563,17027.302974915205
85987,15288.60804335773
88251,17857.747693298894
104270,16927.2230168274
100820,6995.401358735105
91061,23971.509393230983
94348,23560.337187822
106956,23306.74356384841
100858,9535.376312219045
81114,31520.789833333332
103100,9315.892524879551
87787,9896.331700874343
96168,21830.578106855046
107880,7992.291181558287
79423,8693.46141778882
96948,8404.014778098433
99709,10806.291832343852
92562,22386.20689693568
101684,10393.969100067145
99037,14367.132030892612
89129,13606.970836109742
78722,17850.431573115948
100854,12952.963914141927
94206,21396.914932068237
107045,7429.394518352804
102537,13775.279791425985
95597,44700.45956694008
88680,13627.81167836282
96439,16473.196851877376
95466,22733.90366776776
89104,6278.481318163992
88224,9790.257752252177
86152,9713.925578122626
98291,12136.46997870643
106901,18521.200467973747
81783,37717.47624893856
100932,7155.9869649584425
81607,11158.550318233993
96664,15102.426822758656
87553,18475.354038329868
95513,28647.310781940912
89899,18281.995142388783
98891,20745.99073104555
107167,10329.699976319502
77353,11234.583813890235
106280,20185.03102332962
90874,6855.173553171252
101248,8678.751943107527
79805,28544.043945503432
106429,8738.730108738973
80749,30170.551597965365
100354,8807.353735222432
80249,15669.488067399496
108135,41686.479390313405
80931,19095.241291133763
107899,8546.481862773391
106399,11385.891266273267
92635,29329.838593121924
99128,7591.1891237566
83388,10056.001334706643
79225,34191.23018824945
103533,7783.599109720542
103029,13464.32579598922
107588,27535.92767454809
92646,26559.11479443419
95432,27989.68252836081
105377,10503.156175603439
104914,15311.026896470432
103692,6419.091646186719
90273,15313.822627060783
91496,14619.498246642084
90243,30853.156081061432
88300,12110.924361217385
87519,9710.304260251338
91612,15809.169828329257
101939,8721.600265864063
91015,29360.339037906968
90181,22947.987194435387
78441,16336.923064563709
108389,11747.906465852162
92627,22100.436537514084
96927,7685.237228321384
87730,10431.494438771937
89842,21308.63760692369
92971,16139.362831462386
85556,9110.618642182604
82669,15294.710515873016
96673,10740.172906365282
79153,37671.521787959144
104675,14410.594237736716
91062,23344.573969494988
93779,24050.67802999307
84248,19036.43397142874
85038,17093.9525464881
87003,13525.621227307387
104951,14836.298481013548
80530,10958.82305555556
83785,15449.185120536968
88812,9306.36696056329
82270,36582.076621240994
108300,12471.468893287112
103880,9859.705770489716
90507,15816.018367640472
108049,9908.928881392583
77105,22986.307437269803
86615,10566.787740193251
86494,8232.214733416808
103184,10168.35413380569
98599,22583.85772303298
104375,29366.74243653355
107205,31277.379162058347
78844,9797.54766306888
99780,20104.54087017793
88969,9414.693484846333
95137,47097.77866666665
102509,10125.73505073536
77745,27746.633114012613
86566,7064.372967175689
97877,14210.416375323066
101765,6818.885377254181
77886,11321.770675642396
90185,9155.034270517364
104203,16190.350316768569
85229,17054.615516754264
96143,18912.122062761027
88575,16460.27057063549
104096,15429.645694497249
90161,13432.788148656986
100702,7904.784349655546
91390,22362.809401080292
94518,19047.461000021238
95365,14768.993507362778
77078,9812.695776854409
103981,9705.879299644013
93049,19946.074767933846
104932,7065.6303834619885
80929,22034.73825929234
84280,16874.44347574731
107619,8952.896260347352
96726,6826.67128375375
95122,12650.88304018533
96286,26040.88880963312
104463,12588.768855198356
79669,17118.731572802928
83751,11505.568815578989
103686,7841.402352076312
76601,28996.273673263466
78424,28716.893211218994
103522,15372.875696498386
96181,16527.756504678182
106896,22292.40461094458
103201,11568.652103773953
108472,21068.52889038302
96100,11021.507865093683
78149,39115.11243051085
99046,7515.321443758745
101215,7922.9025850920425
95675,25824.176192406918
103753,7290.860549354124
102010,12985.194398409061
99789,8328.336546601167
78760,28767.422621564387
88270,14319.747983281004
77169,29614.43644742001
94033,43317.07616666669
96304,9134.13445758725
83591,11602.14678003883
80417,18979.07900859
87101,19824.595070161016
91487,20425.720138974455
107256,38939.12052665544
81695,33995.64292387065
104760,7353.048994384304
86668,12256.800431810752
106007,27262.61754334677
94726,21476.8150593235
80940,30145.134428987727
94574,16419.833729812675
100505,11259.26686284915
86383,8292.310696564135
95683,17339.172350579163
79982,10637.84897428843
91488,58169.76276602564
79556,43104.267466931225
108183,13357.735815078946
93993,28360.416428102384
95976,33485.77789878205
98574,25049.635151623293
94825,34859.7737794048
88397,13190.920534036875
84250,10553.08919559909
98593,9908.648665196668
98330,6729.384997288883
103350,7223.794445879213
79640,12220.75287301588
88447,11029.276855521612
97515,16737.784741573072
99951,13106.261856003553
99333,13265.121783707653
88755,6420.683732692684
86184,16121.745264272908
79396,13403.447788403957
86690,13637.788121230707
84172,15235.410603510023
94766,24800.204508332885
95569,23873.753292255537
106158,14937.737558811019
81339,12814.329483240557
93286,24319.98349023125
98950,7959.703153233837
78868,18012.992387203445
100793,7652.396423946794
90095,17403.09959817728
77269,27957.163635595287
79615,22586.21892126248
104050,8337.895663150226
103961,12001.554059467198
105844,15285.104311836256
101832,6827.206936528699
102550,15296.847289066905
101434,15353.45866100712
101418,7064.945030790479
108042,14405.782930855832
107747,11144.111246457756
84521,8555.712618771704
97615,15410.135990719144
81424,11601.049008816126
99517,8738.45928504132
86658,18320.566876788507
91422,18831.793717759483
83839,17531.331430990555
95100,17611.719908655494
108425,18009.724238919316
102439,6416.361361910428
88840,11540.426659129756
90580,11588.483213980828
85770,9198.879948661242
87728,19530.399136165895
89952,24292.062435715066
97315,15715.683339649997
85711,11340.604203974463
90358,15607.646657732967
102929,7658.977458623018
82447,7911.055142787975
100245,15938.871159261791
84784,9427.331241442438
76465,16061.11761136357
87664,10118.934491041806
105387,13005.711378402893
77089,17403.095347865412
81610,12653.751709864082
81058,15212.634002961368
77730,54442.7406111111
87459,28007.52485649602
104036,11107.126098721676
107145,15528.252791650624
82326,26950.219962252613
98946,12054.132362226817
107053,3142.1932896259264
108371,16640.221869698482
99914,7359.010473830413
103049,16987.34659826825
108509,12813.80373463632
97598,25666.682859727494
79617,25582.676279630905
95140,20370.91910339944
90323,5383.352982821586
87974,20496.585358647957
103944,7853.736925185528
103018,15467.410597608654
87158,10640.360029191845
77669,16958.247309665032
98042,18287.11100071911
78268,42179.09649802205
90767,8396.240662492131
90669,12508.169091329248
81912,4846.831161616161
100120,10488.877761753998
102601,9208.912893041253
106911,12791.718838741155
85941,11404.034808957105
87006,19745.418346190872
79286,30761.589612806583
97138,11263.881038858694
90797,5471.659394636171
100707,10535.007633698759
107334,14433.922100448537
85757,8897.243331421145
85888,18957.222426178705
99962,24908.5289782112
76188,38255.085305615554
99064,22620.03981919712
77045,25497.10185327953
84655,9621.176253145726
107154,21771.179772173193
95840,12586.917989914495
82979,15238.48565642244
97459,7966.560656352746
89352,4798.101677138804
98956,20657.701346170456
96121,18963.683526971283
84625,14108.696122629024
98767,8416.608019612577
104355,19072.71947760542
89678,17934.264554724392
91357,33139.49494257203
75998,14978.679757931788
107603,13459.268818672937
86574,10597.144941838056
83632,14079.156357786886
89374,16285.614764414377
81663,13565.332458679399
85717,6698.923203952221
107272,14285.047830137884
106265,3576.0276747326757
99040,15494.482697107846
88694,16409.09934759722
85144,15910.544130454278
86820,12111.028141465034
102396,8472.239695122484
87881,11015.821688852211
76603,19670.054113906037
100941,8892.570283663339
97580,21488.45481000837
106362,14973.78754384105
84680,6447.82437060163
105064,10184.79356791651
105522,17260.66941417528
82587,15174.89348124943
81216,32970.65789152543
77075,19125.46138011637
95633,17387.22442184732
97702,7301.032490451486
106735,12193.989762626543
78177,19441.237000753077
108495,10248.866388772294
100743,10072.77920976298
88876,2930.3296474358986
101192,13783.529824039255
87450,11474.251387541772
87281,10478.504360797266
89740,17235.347906797695
91037,15167.432869247674
88485,19012.965764576038
103760,10915.219520536311
108527,9825.045299897738
94564,30768.59932345905
96909,13513.123935542033
96759,17764.047417394464
99752,8777.615451250693
96075,15917.631932519995
93329,15311.522431613437
96936,25932.670980677605
98873,8182.79648220834
90863,11744.77248162682
76692,45528.33388125761
89812,16231.541415103293
82128,16519.760930667577
96066,9045.006971580493
95160,34051.64347490572
94923,20652.556622213266
79998,21215.47129501215
98555,19511.680935021577
84197,9974.180982192567
93881,40984.29395534076
96420,10986.733986683012
91466,12016.205408594486
102246,8177.635760665946
95149,22487.135482204074
92066,31635.14011189765
94579,34853.38583333335
81791,31113.88303209222
87929,9081.11189060228
79839,16367.73114439075
103708,10069.321973051081
78718,25661.944255554597
87840,17186.495085707495
86316,12309.215439784488
106118,24787.315177997607
87923,9523.192518111782
105417,19484.37167438538
95584,26086.376842423953
80187,8738.092981246922
96280,17940.674805570852
88069,7420.631145462681
102826,10394.330659402796
91166,21927.67480088751
95616,28513.21297434892
77374,27723.623239632812
101288,7241.540853979993
88801,15694.600611939968
100060,8364.809207006912
97336,11699.63753563109
79226,17292.84192021423
106287,10819.14374341577
95018,21995.10517095482
78131,17584.54611328223
84551,18703.369697950002
100445,5579.892256472737
93031,24693.493583333333
104415,16014.313574686339
82984,18718.111695767366
104242,6719.5923157598145
86170,17558.784646644668
79814,20462.635235824273
94172,35175.654999999984
95530,47920.6368409341
96105,13388.47468375681
87822,7853.747367482274
78073,17405.87495208861
106610,18756.026658893516
99065,10003.86906051828
77646,54469.42516996156
86266,14913.758462505692
80186,16064.65101472226
102645,9594.922982814389
83453,15901.215090464677
93905,22013.121379704924
90535,4754.225388410772
103695,11636.941310406763
87488,17767.411148453943
84520,10463.995149537048
97541,9637.765651742227
93818,27413.11110353004
90796,21921.281113148212
92896,31800.351381503853
95577,20692.03806349207
101488,14036.470510448069
92336,23160.63965556067
98826,9233.41274809066
99527,13680.269293291116
90582,13426.903238297185
99787,20659.39450080476
107806,16895.142245552513
94108,19759.606238728345
96333,8302.074530457137
100710,13751.406457551971
94129,20078.272872735735
85361,9006.557844122832
86043,32767.26824603177
86833,11361.094427149148
94373,18892.978729323997
77978,28505.702410023616
96250,18363.113654103487
95594,30679.107721459102
96781,32367.478936507945
91860,26162.473464803763
91206,18693.531256770355
102627,7281.089873072577
89384,16489.267184729993
100945,9847.101119096142
103337,8047.719476095868
78230,20551.711794570783
103814,11914.532849473988
96429,12460.284699612199
81547,24774.02884898725
85056,28316.004682539664
107758,9349.878716574973
81328,23368.40067409835
100775,9223.17007158761
82066,23381.633677311936
83908,17114.29609544451
105323,11182.534596934713
77492,20030.739289083635
107451,8556.309814840053
77351,12276.164568983353
98029,8232.743110368441
101572,6918.802991994589
94944,35020.07803846081
91179,24361.857993056008
97780,25975.930156357677
97978,10366.073626291996
104953,13443.86670330063
89173,19388.937026015872
103406,10331.5995520791
105570,7193.376078608382
81815,16887.266906926747
83095,13404.911558518614
92184,22473.614447798915
88793,11754.933766159193
81805,11271.565573972326
85794,17039.31762445795
97245,26597.19942370506
88691,10127.567890845054
98261,22755.72819811989
76495,24536.03688095237
100400,10821.645396551918
95964,33494.2637041847
101477,9271.439182930411
91345,19946.13228241945
76207,36228.231884138215
88153,15085.75566853408
96153,18057.708848556766
82291,14819.253580685323
99451,7986.708755798348
87965,20905.548952400186
102559,9688.485462249748
106147,9931.693088840553
77921,16633.564273905202
82334,21474.17514446322
108164,11024.68679434767
106096,10793.654608864957
87657,16917.694243455833
98448,19069.943721415395
91900,22153.04476190476
103220,10882.01473629835
107077,8554.866426481034
78197,11754.751564317956
101655,12257.6606027364
107006,11302.928559174168
101367,9588.617353748774
91219,26328.27686574559
92182,16397.650407214638
81544,19499.868280610717
80496,20625.562218161354
81766,24368.484277652886
96589,8337.111654797396
81711,18450.6680786927
94981,21247.05355876558
80701,15820.045524394922
83791,11817.499888036195
84832,15653.060592970543
108407,9113.831071387256
98308,16689.911319538525
101437,7075.776703082412
91248,32286.102061500114
104100,19579.431881582503
78410,29678.079725333137
98413,17815.118734353575
90060,11673.366468640366
101366,7046.660580687831
98709,9203.032015242008
102890,7629.013818459829
87962,13026.763231523497
79140,14526.452738095239
94166,34525.560579605946
105551,10774.259540176903
99518,11394.185881200634
101813,13927.865505649259
97443,25021.043276074823
89725,8857.949965936323
100115,15653.65963776748
91893,17594.779697175894
90000,6048.6556092507435
82989,10979.321661609121
89359,16231.30882863099
91971,40350.9179163614
88614,7917.608935862479
104765,12451.758800989186
80918,23766.463570062333
91622,16304.71449800213
88210,11677.183169239137
82019,53829.72951373045
85200,12331.69284932755
81558,21071.24119326083
99276,10965.255593793208
81563,38028.20118029772
99583,9261.687336104698
77201,10661.5005282895
94664,23741.382151649363
99203,9111.648272463748
89314,11416.307445539911
89306,15773.833768948136
90716,15856.03248535329
84217,17244.349766990847
104655,20589.37331375299
92210,20048.78406476827
82528,7669.609713723309
91346,57466.17161111112
88118,18408.1468577457
76132,20938.722212154556
101208,11737.004481583817
102136,8319.341329153407
77562,31604.75367549764
108283,23438.47759381816
100008,15399.42286980222
91342,41530.84288723881
107698,11464.279323026894
81538,11916.153457524997
99044,16431.710495018346
83163,6517.747446604676
105124,10228.362541076394
86549,9040.007897382342
91034,10252.57551326285
101853,8979.772331110133
99837,19795.015002235454
89337,9649.051557385686
107369,8900.606757085208
77529,16176.658022862486
78801,15655.092078884085
76409,20899.340519437443
98146,9490.51116339758
91565,48695.93825160337
107994,20950.58765393739
93945,31027.75436663458
99755,11608.301340409671
78753,30269.001893873774
79674,21184.535206236676
101599,10546.228455806073
81659,33718.056636955866
96322,7441.397456532256
80700,32939.40949822382
101522,15381.105396179277
93595,25284.746857302438
78924,17599.15314186697
102891,10554.886383297162
107611,17631.48263707133
78528,47695.246189273705
86323,16278.285605426596
103910,9206.989720952235
93854,20071.4853969078
88710,7742.1496381057505
82438,23635.296790523254
83328,16985.000181137806
91690,23988.36664558282
83796,6117.762450425097
99904,9347.374528392307
100270,10804.046967350576
88422,8995.859487300482
102971,7867.810198881213
106161,9978.724922955138
91244,17024.241517094266
81158,19080.504876623487
98004,24796.642029202278
84522,10484.433531698553
81215,24815.627309303985
94487,22868.47809685683
78065,20014.156903789706
97766,19682.92455517758
86180,12642.802145117652
87921,10479.713833270645
76160,30164.780170982336
104197,8690.202585602523
100295,8532.228494026156
96012,13945.420672028024
95783,15306.114909027194
104527,22382.592043108296
77354,28681.602791869765
106062,11585.647074738377
84578,8664.7958559637
99784,12027.129526168088
91716,20786.20411075578
97394,13119.36566250794
97254,21646.88587242269
87501,17588.47498880974
95532,13958.373140269881
91011,23968.98171502756
106069,22668.82619024856
105103,17899.07201857348
84421,10619.599344656477
87363,5262.7722037539115
108379,14010.954022165308
83268,10800.945802578428
94592,32025.380021766363
84041,16493.388557308554
88908,21552.839574756512
85932,16073.136490411063
96593,10059.162919294311
106195,10177.315696025313
107153,30380.991040734785
104500,15690.261164548934
85737,13073.294769462143
75997,11853.061989339627
79336,32716.761760345333
77061,37791.96888888889
88839,18068.88412986976
86859,9273.458378938618
101090,12328.953839412994
87563,10125.60874364573
107188,9189.988590179793
95198,18681.35577956338
86476,16334.406354166598
99894,24861.10206480309
88279,11328.578825519548
108121,13957.46660937335
99827,13604.028519776442
107457,30053.67149130843
96509,27580.966915239547
101858,9268.7114839061
93052,23721.12618044619
91879,29480.75652649409
107229,6803.968621666424
87917,9615.279523976144
82310,10107.315328368593
93584,15737.012526460441
94356,5044.560555555557
76249,52648.77194444444
88386,18516.0286177264
104406,19293.864210214295
98286,6633.980793588056
95310,25663.920489710028
95994,21354.557228600646
79879,30683.374017211387
97135,12927.895540611682
81818,33916.29191481919
108055,19379.119319672474
96474,29715.949291141605
104358,27250.561284043077
77110,12229.315126682259
95124,10957.954944444444
100539,12940.837451464076
102883,8565.934068837467
94081,4081.6155555555565
100018,8411.408156568812
101491,12755.60653752858
89297,18571.17520878169
99337,24976.013947110117
78463,13276.195852573695
97799,14175.420439754178
92138,19731.627833333332
83715,14575.539486263026
90455,12587.550738811615
89100,11265.428843385767
79908,21488.800690004562
91045,16789.66040977827
78357,16283.694564627944
83989,13991.09480010154
83057,8011.6932111251335
92472,15120.812165605637
77836,8284.663811228078
91661,27195.44195637685
103107,12682.016154362804
95476,27684.067454720604
96615,11939.45872574724
76337,59340.68719137805
85067,15839.798385296044
95176,14959.484701501655
104450,25744.95205391082
104227,23992.89476625497
94327,14864.580214059535
97056,22944.048091243196
79775,17255.922939393935
91282,23483.29834846212
98425,14717.622654395554
79509,16864.475477700136
79798,15466.124822595712
82615,4848.081261497577
106314,22209.72953265152
88964,11290.499620860463
94303,13984.25635478441
96851,9248.21219947092
104465,11792.871029124823
89500,12012.169093698722
100482,8874.965920099063
102159,8541.14475375796
83242,10001.964517132945
104780,18306.95895392346
83902,7745.120508040702
88955,12145.827409831778
83139,4865.576367438419
88842,26417.96955768361
99320,7644.291786672585
81840,25264.995093378402
103216,7268.508333315579
80734,22952.50732080329
102743,16518.228786853477
76855,26995.59940806483
89866,15185.515997012606
106171,33506.64716693249
76530,15694.308689183648
77933,12239.343222845655
89304,11507.293166666675
77180,29473.341782139298
101525,11991.648452352709
83657,14348.38102734445
92832,18706.01343277706
102059,12081.772366990877
98895,3582.646494107744
87994,19043.456381572654
86458,10136.928087377244
95568,31512.175527136624
79603,27014.71833457427
77681,16441.927102163085
105596,17247.24854032813
100815,7366.630176582578
77113,49347.158635878295
95519,14043.2831504884
82180,15787.528811875207
105893,20803.469161081346
96087,6973.54238228524
102458,10009.354878658547
104637,16779.226261087973
78633,20777.37662227796
101205,10538.8017820294
90825,8243.431901622534
77280,30446.15863964239
94924,13749.418713530054
92185,29964.920405977344
101547,16064.302469151042
88425,16147.277008825075
95191,21755.855431933214
82878,12082.741315504169
87900,16201.032560254202
90045,7062.448510851825
85402,18666.684945915433
78124,20142.004851547397
100374,10400.048709139688
96192,8762.026876740785
108050,37682.85545277047
98773,5782.609271074418
105534,8105.10067971398
89256,12585.051752608768
102735,18923.93404063353
101683,10541.351810243888
80977,32426.964390592104
98983,9772.576441085985
91969,45855.41542542017
101852,14743.095174813336
77600,13757.618611111106
95813,16204.024726089634
85687,16891.068567646715
97288,8919.889345263577
76331,17703.375914279444
76111,20756.834339758007
84464,13612.756753657653
102105,11588.79320136436
92739,42921.047646825406
87154,17701.345622977024
76313,9419.847584283005
80830,15300.235931316787
107419,44314.9387570904
103729,15674.730851104809
93796,17842.87542850115
85542,8797.782303416154
89838,17787.65983240563
93303,16843.085604558193
86555,10740.874400130444
81471,21640.914477761242
97273,31660.85641002075
84529,11323.231360487225
86886,2984.003194444444
77905,44332.77118262992
78325,14752.033754497508
91821,24476.75494304106
79209,17149.708617471173
107729,10641.279316550064
88328,10491.954119441263
85466,8816.907929303903
105634,8967.39534236138
79780,11068.406316687315
107271,10589.292830224456
77909,25040.35904235634
81592,20778.74026123877
90946,19039.658393500926
96511,14529.730964398885
101345,10929.928378815926
94773,23015.53522826389
106754,39818.21794444444
82112,22950.31078407332
76758,26563.535495271888
99146,18912.23644061819
103707,8725.384621690602
84009,17608.35722245397
84288,13304.368083812593
107688,12827.135472155456
98025,17333.964959270812
94529,26408.336390418182
78142,22191.67681739133
98985,18354.127947864
96366,17603.58837569527
96697,8830.547278997647
93267,16777.35949098943
98625,7589.038842636292
90111,15672.178719086067
94666,28824.443619258396
102390,7210.024272535634
87799,8723.811860615597
101806,9328.176031955867
92319,16273.41147380017
82564,9960.966812580384
80431,30265.15340182326
90298,10735.35016880815
83570,3750.321111111111
85343,15688.651657030598
104567,20244.603618422992
107481,16173.347062262914
80625,18760.031502371337
98575,10943.322583782296
76415,20196.089444444446
95772,26482.450476084527
85564,17574.821521232727
106489,9353.51698052048
104520,9333.01866412455
85622,10473.81555450719
104842,26465.783401783996
81717,28616.931865310497
91720,13480.184230876257
93411,29605.546682591208
91818,37843.165072216165
103824,12260.792743273092
106453,19754.127696535827
96056,21638.700286593827
87924,12728.782279111825
76902,25927.263742151317
107200,31619.43619852672
98825,5761.089007076173
84740,13881.497063287157
94186,36570.213837662326
87093,9377.354901552988
90703,9458.163510219367
87711,10386.3210891673
89763,14140.832579204543
107087,10820.870918582334
97903,12044.079888696735
105393,12541.274752694093
77984,17375.13554492935
93270,29537.256948120586
83584,13003.166844380597
95630,23612.66473432444
92001,11083.64010069761
104596,14894.967884495902
108196,13544.2370459419
94963,16778.11860936936
103813,5406.549047879278
97285,9381.670467490492
102140,8119.5923717342785
82537,2491.0690078293787
105396,19264.080829971157
92363,24561.54592810458
87145,10951.638230164594
83808,7614.065836264119
98940,9765.846987377223
79334,21490.862053943878
88939,9765.84722635169
86108,12601.335700276266
107513,23956.526676209247
93992,15108.345083658218
77114,17991.02441362085
106247,11113.123865793294
106460,26281.085442330615
90980,26957.747649548113
91407,42327.04694444445
92716,14738.910560041626
94427,24679.83339095612
79107,51311.55444444444
97517,25170.950400746195
82963,10055.40123700558
95600,19077.718870263827
105627,21529.479416831557
94599,24047.685180881115
93831,28609.489021653048
77796,23744.78292169054
86054,9453.485434353886
103984,6934.152234547643
79232,25148.927705338006
86186,9833.041995029454
79993,18883.670499999997
106645,19829.83267127851
100923,10744.443829617314
79473,6506.764245891015
78631,11123.683324600874
98920,10914.735374884522
93487,18497.038999037064
89722,8212.151342496172
86489,9139.679654830494
77792,34510.652942660934
83434,19882.150345326354
81597,20915.964145930935
93788,28172.107406666564
105929,13509.26477981083
83037,15250.289014496424
96675,25316.19618635808
85315,23528.930436093124
88309,15483.149560491063
80642,21653.170154953266
85401,15656.307926515567
81449,13390.783726804704
108274,25701.098664996924
106544,7590.190167734801
91643,41211.506397090816
77829,27960.027986903384
78255,19245.898693218427
106408,12107.27274292269
96365,13938.292188614032
89365,13937.716582088491
98758,14485.382275302807
82412,16398.55254315573
103970,5737.71013888889
82004,35018.4951240261
76359,24665.79222161172
77601,21461.423592525498
87750,12729.161653429885
103263,9188.925709970585
103050,17742.80503337418
106203,29842.194047277128
107465,26957.352542509627
89824,10938.678810333584
83691,12778.868844697034
83517,12308.938320154812
87354,11231.254646739166
80631,46705.80066758031
88470,16145.549815185215
85074,10149.46787925953
106338,11747.481588173738
86031,6692.5652366961685
77815,47776.688701339954
94854,30412.12704891262
92558,11782.109878356088
105202,8770.657339460533
79841,16289.695554397886
81027,33196.47206009363
81862,20734.309762986853
90349,15737.687877132756
95059,33492.97233038398
100279,8672.600859210144
106984,22510.316592003954
92688,27287.43186536964
79781,13268.993600348083
105426,22506.877667065444
76908,19567.115486904953
86624,7870.570658548151
77747,23221.18092378917
104911,25103.28774519608
100968,10088.58480456976
103235,3989.1455031152177
79717,7655.438864017681
93346,16073.71377411187
81416,56376.421468457454
105745,15951.396110943611
89942,14902.799299879778
99350,14541.181291610515
77848,15705.986096407427
98163,8304.64700841891
79733,11941.193132258682
106417,10811.83762062104
98931,6877.952840570974
79025,23376.485615532605
96098,24784.687681747615
89627,12057.674522775123
100722,9011.334318122716
89119,7860.428007465541
106445,18685.48987626205
80588,19750.239415150387
91785,32575.542225121608
79294,15558.555880715754
105542,15371.184075439554
98603,14921.42032060289
103921,7824.075581364674
98405,18787.022661113537
79284,22017.153700025443
104738,16293.25397095759
104623,17317.768096266536
105041,11444.196972423064
107556,16443.12861111112
103553,19746.778866513177
88716,25417.566757387132
88844,9479.782397261266
87568,3802.220742825076
84183,15630.250144928166
104240,17658.487561065805
87404,13125.504670271173
95985,15275.731648645513
95986,15505.30190615395
102723,8853.16635903649
93713,27682.97813541667
97359,8648.172988417604
91991,20991.780218615506
77490,20221.08569204465
106975,10069.522833690786
98180,13433.817191397527
80465,5346.157191697193
98027,1415.0594090909096
79085,17539.066507970896
92539,32460.387713942055
92267,24871.37512723591
87807,4786.6938536783555
78839,13455.30008445249
102361,9987.580897571368
76828,20054.204367352213
105914,26632.04147068103
80885,33059.04412220563
89833,19356.458629342174
81436,10667.501626568768
94157,25585.322946820586
98733,15688.336877577498
102978,5668.33625673883
81455,19150.72540199104
88578,4623.197248396563
105743,13750.962339056105
94325,79157.8897328042
79801,20932.27032485967
105405,17062.744256857022
80670,23230.162331840053
91173,13432.29140095256
80960,13216.335284680834
80623,32656.314511515375
93516,20107.01478454849
101762,11861.0460303886
104665,16132.805781475057
93682,29205.157775252537
86261,5548.049761114333
97450,7597.235959105266
97153,9341.951621680275
82769,9157.58608307585
81781,13081.510881461047
108329,11171.6409931776
93812,35625.310418496476
81383,15168.667691013135
84306,9910.985682533501
78773,7667.23457287157
85809,11695.139487354612
86305,11178.414751640328
88701,14149.446191883515
99973,6955.886702493088
106851,11544.900587149838
89751,11556.28190611199
83788,7931.091376811154
80351,12906.30542973856
84894,12588.042944524197
97232,8752.376140355327
82689,18134.565191841448
102485,12640.171789442178
96093,10278.924790325867
78234,49403.78558016499
83402,11018.812799901
96362,30797.94604278645
85275,10783.334275675814
106895,21906.609980458536
87163,15800.745677828816
94751,16260.40499032015
93542,19182.705395117315
77980,21566.18938510762
76166,13095.526034913624
89776,12336.212043133517
106767,19488.215396990356
84743,17968.631919629202
92273,20742.085896602275
97882,11910.516874688305
76744,18702.508977864436
86560,12846.664287959058
93835,16762.278746175387
94203,11074.444025179328
88439,10033.540995722155
96097,27316.36773125807
105131,19898.659936995937
100343,8524.700314771802
90841,11709.14439417989
90540,7743.225128363295
92762,23933.366969654708
107805,17675.87042094113
102622,8500.282957434807
108073,25727.673503094575
86061,19328.54043564715
92883,21357.995545771966
82290,7103.950212657711
87824,9716.915925442752
82554,16438.09781759645
102928,11060.737822448213
77420,15979.079805375599
76315,28333.358185954927
99825,8021.326029195055
89292,10479.290082923397
87301,4587.516413402243
103076,12092.81664022351
93084,24832.23250149397
96934,9757.34228800433
85141,6079.574382070227
101607,10075.278370959786
106992,27529.279983686316
95873,26484.87113544176
83341,5419.481753925953
78017,24665.864314518538
83129,26333.129189040777
92261,12850.567664296474
83824,17013.275229493385
86151,12841.381471144792
88105,12863.677385876019
101848,9270.349808245664
89588,7680.083075375993
93705,24485.396156040042
93017,19266.384402193416
77465,20137.738074734214
105484,11867.131862754584
76751,13543.94826515538
97511,13028.682431197809
102864,10180.137682673749
85858,15892.13151745267
94836,18648.11902542809
85250,9130.492355164824
78497,22340.20899723735
99540,12093.603062997645
97147,28754.975824371533
81347,29565.717987586482
95555,26660.07415658921
98074,20198.432325080936
104435,10066.433252956596
107097,12477.36428852357
92205,13372.5147146755
90822,13233.765660674335
93344,12272.645366596264
84232,11121.855456979802
105217,33581.359920228686
76013,25769.861003891678
102818,9891.731741381736
106541,11757.986953983882
87213,8895.851872282014
94119,20499.387589790782
105753,19949.3290711406
90397,16155.712679618808
87612,5914.8262070388155
82789,17587.158899182024
102916,9782.280905150754
104561,8024.522481161767
105428,12957.191223386957
86677,8487.441019631644
95080,27106.13981500333
90113,9273.848194972357
77433,22327.946747976814
106180,20467.779588165427
101692,8217.206257019147
80466,5412.577222222221
99512,17645.218669368365
104554,12298.631500208756
89047,14122.142595746072
93888,29959.117342365385
89659,9670.658012611237
89920,9112.691088300106
86975,16770.04246051845
91405,27991.797428251914
83203,30609.416666666653
104338,17544.488201098207
91659,32584.063843380834
86385,12405.611025783901
81048,15415.250646315444
102880,9257.55004794302
100237,11011.202982766341
97751,6649.504942738386
85614,7087.662809125363
106145,9950.356306241138
105955,10922.68512582409
100146,9658.601399904514
107491,14912.942624605308
80061,19223.29499196198
94324,28465.889421770666
97114,25448.415111320086
106600,7993.576617095244
90922,24188.199781501033
80222,11638.70287569321
99356,8751.357563926249
92780,21112.3375602755
107380,8930.629319126589
86069,10715.076801885425
107753,18417.154920938196
97983,10923.563906926409
88082,9719.353019839666
82115,12204.01045240052
81634,15842.171454208226
89943,11950.13034867331
104167,13380.080786693647
91010,21186.361463562724
85004,12058.945591629774
96953,22256.93839519902
78632,13471.125806770706
76114,14271.60960846562
78570,12226.103764023721
82674,14005.122668849115
91196,15395.540663494712
93734,12940.060549187503
96031,23934.77967961093
102015,9225.046303300365
108372,24828.092308631127
98719,10569.057718673039
83391,10458.5675
97098,20375.818064890744
104357,18800.732255290994
93495,19504.654353812875
86422,17812.733706197396
99731,12883.40381926926
94144,20759.713789165224
88103,8588.922992843869
105199,24316.523068529725
97003,7919.258225212818
99925,8352.01916257828
92816,15664.313443345998
98472,9613.345288448972
91986,15499.957713156784
84152,8018.055302205763
87538,12527.358831680827
93305,21943.79785876193
104249,16752.270311259672
85501,10891.922942261606
82343,28369.291027777777
80601,33610.2054956877
99715,14715.088139910651
90451,31946.5372857629
98282,10470.967306731707
98397,20445.49271503714
76414,16797.460724250654
99016,14482.651708414352
85767,10999.999770856723
102787,12183.846582655637
101188,13540.526649775527
85019,14663.868071433526
79803,11823.702193544506
107582,10107.161718952362
98501,9187.04408873853
107021,9415.626032235212
82317,21893.41766464772
105678,2197.417411307828
77931,20552.69115512687
101619,9311.973793749723
76128,17396.576517082412
86460,17038.539961919636
106084,7792.965736890733
80551,22657.21239307994
77062,30710.94323394313
98406,18611.24560663842
103489,6760.0140952354695
107191,8641.018782281611
88549,13864.352052164322
85095,13390.373115795936
83923,16028.2865565039
87074,17864.82155973234
94031,25096.75938918358
99120,6335.655237224088
105824,14371.335192587065
82389,41416.31042234762
91994,16681.355701563338
85060,9520.194608965789
87412,22020.897654201788
94683,18379.17579160338
83069,20108.471006458418
77071,27870.266385639738
81406,31220.01473838916
89203,10641.982726132648
82423,9929.751750906056
88301,11649.277026615831
86758,10105.42926591576
94072,17006.01629272236
102247,9522.213035905186
101529,8239.282760569029
100738,11843.74311584825
101790,10324.930061399114
96188,9006.033988271118
98656,15479.753833333325
79321,10761.985755640893
80052,18788.410480269624
85150,15528.489738874796
102370,8222.739833066187
107503,20571.271768393748
76560,22109.68600616511
85319,11270.35524502906
89242,19443.930852678513
89510,6941.50784840876
104922,22976.63646968228
86937,15499.910398366243
107780,49524.123694083704
102448,10892.805384295809
89648,10235.780792657588
95347,21338.260484565864
97926,9866.273804726063
104963,14348.563194834394
92272,16478.89598495343
76618,21918.47283496457
87722,11247.215689768378
85560,16244.839583170355
92621,27324.161171536667
87712,10600.634296852415
91009,23779.042160242832
76199,20387.210406283535
99145,27338.782628608667
103618,14251.953118479085
106072,15372.366724635163
102488,7615.689029100533
79837,21675.80813160097
102792,15322.267348920985
86565,5960.095179437579
98631,15650.290383516964
106374,47021.35557535745
108222,9537.357199881011
92127,18885.138056979453
96068,14544.340845538107
84411,11368.575471653567
102143,9563.049740525741
77502,20453.854487377223
105514,15227.854454849452
76896,33034.554455489146
104868,19895.576425124265
99686,13831.962679096068
96721,21037.62742875694
93026,19590.350285306442
95961,21706.956411434152
97465,12953.372253790842
86075,13295.881823170239
106946,11723.761029964928
97605,18119.016537999934
83156,19467.576446389412
88123,17721.172236987735
106817,9479.867704428907
103245,7358.980597724578
78564,32525.610557141987
81879,22317.360269771096
102330,11385.30544951157
98866,12277.764738992211
87178,18390.602277622813
83106,10014.660726055376
78280,17323.303126204515
101161,11521.100899870795
96047,13501.194547924373
93044,12480.058503527338
90176,34275.84985534773
76585,21251.510666185
99524,22298.943912535597
97467,24800.456002865485
95557,18789.817768604356
102816,9175.438031910024
87141,12974.187845209242
82602,12516.983135817525
80108,29238.31583680112
77871,16985.287754547455
89910,7230.670730264572
76255,11097.110031915265
76231,49483.060926368606
87089,15043.888011534267
107635,14491.020587824967
80916,26667.512490483914
95179,32465.010128296577
90694,7857.919461676449
87504,19040.11600192132
95882,16070.752877379522
82944,8740.796088935025
90862,4198.917391504539
89494,10193.644918160331
81196,33446.31534428927
78258,27714.619924416216
98420,8745.452988692734
84051,11819.688190053694
97011,12746.626183938977
97357,6839.627699561658
82683,9890.209507705053
107472,9652.925287060434
101033,8438.85906762427
86376,19753.650909168467
97773,22377.806158423075
76448,22518.199798531838
94912,26930.258341883447
100444,12090.369483027902
92364,20803.05492051112
104206,24722.62600793695
82384,24401.98491292263
78524,28955.231321484967
82825,15238.842050565223
81519,27082.30933333333
89462,5539.991917345445
94783,25746.893986384108
99101,8960.248102640759
102363,7451.234874669185
107901,13647.611853962268
107950,31471.255292564332
94631,23152.994899640864
85176,9413.129356636971
93934,15459.913809733333
99621,3291.2690512265503
101616,5517.46792310871
86156,16035.030493215314
96327,8391.27889974062
89538,14061.705644248808
98236,20812.509997834313
92253,20473.90022272276
105896,17442.325251059385
97333,16750.97015558166
83166,18514.160875368874
96224,14308.679679399062
94462,24249.903230647014
82796,10343.301560786993
103597,10248.640405680477
99905,10880.446130834369
107349,14621.668815432384
76754,20187.869797559255
90912,27180.31721645487
108289,25924.07844674129
94106,30151.52820361166
86956,18500.8613325045
82492,7857.310511217861
81747,12395.363970177963
89144,9966.344965042
85256,11634.54932349134
85342,9700.207953958045
108054,11090.73616133812
94681,32977.14720509316
86244,10119.608681776112
81028,25798.11352511579
86773,7732.23419215848
108431,20247.729310458424
102839,9952.82098122698
77700,13149.111336598644
92967,20254.972682164956
91982,19447.392618119775
80639,12445.994556448872
97770,12045.548066047657
100460,14214.227616797323
100531,10264.63644624737
84508,10811.162813809055
103706,4641.090277777778
79723,49370.15011507935
88897,10145.951747841087
88695,10506.568957512392
87380,7585.213283776062
76070,29271.219811008068
99342,25491.881768829757
79110,17026.58954481644
89341,12647.579545248074
90330,16655.28656470763
93894,26061.904005853994
104137,6281.441955734438
89113,10917.12579427519
91150,17814.10140883056
79621,26521.84014263545
86822,8486.680845336017
104869,13447.813393721764
93874,15681.739525174897
77606,30059.683413908468
96981,9170.394146325993
88437,8121.653022215107
87834,11150.566133152954
98923,9684.8874918533
108118,24869.181522204723
94447,18206.50730624878
99454,21077.717436321327
82144,14240.175643804374
83494,13571.68132621869
76545,17258.079553603027
85852,12291.126160757576
107056,24006.06850088785
95419,9878.355294749528
76570,17445.14839100529
91325,18788.926856657326
98990,9446.902582986855
107639,14883.841127779902
100232,10724.598100605042
83318,13563.826598648513
82277,42159.056474747485
105198,16561.87694739355
107660,15843.387491832627
92349,26077.35103509604
105445,15479.228661869456
98333,12317.71018224937
100919,12787.764017119349
94295,30621.19258692989
105853,7220.431660502422
100457,11159.365549890472
77726,16218.740433125247
96027,9743.075291997999
104201,11442.62666315405
105205,23974.032399370928
94718,48478.55395115994
96617,11882.192118820769
81405,10427.459118158562
98642,15780.662489921528
89156,13790.639827149462
104916,10612.501552172042
107696,34254.96895090365
87902,10975.851655051456
106870,10489.8882706436
106153,13097.081642191344
85108,15528.433495188216
106590,13978.799189050305
97948,10430.072680284831
77144,30010.24725439945
91535,12952.365598387756
83900,4283.599773465315
107374,6538.6498082405615
106805,14465.458575846633
101971,6785.750274668175
103690,8253.979011426241
107830,12836.414781785923
105302,16578.625055959157
90504,12081.34647038616
91865,20922.36679635563
107204,19717.8479564924
93231,30328.955660666146
94654,18160.149867055276
107435,9894.1188670732
78616,31593.716456852275
102268,13518.567569452163
81320,18191.19983353701
85005,11848.933502863925
98032,7753.6210541023875
92938,30443.12854693098
76177,10977.543543575493
83869,24153.990962853568
85806,5448.628810512891
77987,10653.904949720338
103802,10021.885230673164
104020,21864.41067771879
93262,22485.408939796318
92988,21031.505762483048
84434,17730.043080368487
95648,34842.81276411213
77947,31229.91715030764
76135,17319.99013553113
80971,34380.19924809179
105584,10971.514713978813
85530,13737.406287784426
106515,14374.078433903276
80686,16908.54242739905
85040,16730.15474224306
77404,9125.372911297618
91234,37597.401833333315
99225,10386.715719628157
88808,11377.405266992591
89948,15965.990616374978
107161,3577.5485664705675
83683,10971.694546716002
83709,17061.86547059498
80256,19018.36561915015
83504,13463.576187775901
90112,9760.299594996559
93042,37558.01133202866
89466,7038.526430463214
103405,11790.025223799828
86026,38640.50619047619
86824,14366.306256522588
79357,23813.82462739618
78812,11371.50348989899
105364,17809.979988260522
105744,7783.684581618354
99819,22447.957056061532
91051,22518.02251085384
95688,21206.071219882153
102174,15786.679410196888
91914,47804.619960317454
86568,8340.594160799877
98761,1804.8322966570477
101252,9186.950282221746
91406,17190.969547686105
78069,17365.609986806878
86168,19412.523436867083
105858,11534.082066244715
83972,17634.746659900706
107196,21532.575062468506
80990,11426.739291556049
101095,13659.986107434492
93806,23015.388214219714
104535,8122.434158416625
99257,8894.670589150044
94967,14429.760188047603
94257,17146.980705319358
100543,7890.654924603177
96277,17307.214103685772
78730,14704.674449952512
82370,19904.32323076008
86050,10805.910231881628
104245,22973.38880866379
89903,11944.638463981531
106353,15308.594046658547
90055,9854.413509402228
78070,24556.71002375401
84302,11176.82002738596
101048,9273.117395861053
97981,9455.823748453917
85001,14901.343345302206
79444,24117.551703689052
88862,11493.005198581164
90445,10289.2386025353
92203,45080.09934566039
100623,8752.400276870516
94528,19251.287091340775
94482,17953.2298313318
77706,29421.091995918086
100947,10623.316808325537
94367,24905.82134657058
108205,19944.067841481174
77256,27921.55052237268
88458,17696.43204188284
102997,8622.021530106447
88421,9670.489738373162
86001,10348.135539997853
97594,13923.875666578511
76992,27755.12898927536
92157,17662.38444456475
106018,9711.8754729527
85491,13719.840867404171
103359,8815.844195589834
101024,8032.652351380761
95167,32348.975857479472
93493,20524.954769237593
77624,17752.32401191402
76803,26459.687909315333
77142,23431.487141920006
86693,18519.815240150718
101755,9768.902888987333
82229,26687.964375815027
105220,12865.341770776313
81442,42871.5410680406
92017,10702.958780182778
106471,12149.851584724644
86231,11101.555957596482
92036,24189.12313285407
93224,25359.859797002067
87139,10028.418487652842
107623,9776.772579491257
81066,27715.327227026635
97790,13100.399800710224
76514,20590.47056028855
85297,11423.29367419748
93020,11629.945179555276
88666,17248.223796232825
98711,14866.957648986016
107486,21553.706362787456
79363,27685.440769841272
88053,8092.037959464861
87127,13229.363503682836
104704,26958.085466129673
103808,8763.855387605909
90199,27913.290302726695
92950,86035.83252453103
92002,21241.10473317057
108435,14659.956396513846
86748,10996.680550150082
86978,7995.68403916196
79932,32076.111658142072
107382,9168.222741696498
82616,13233.872091340361
99198,22405.047181468177
96788,9349.351078499438
92073,18996.086848076
92060,16947.954013857285
79559,7837.320411195981
105276,19882.67129478988
78536,17469.476562617074
86795,15927.907454086424
103739,17038.16510957337
105087,20097.497131536853
106499,16309.580261091689
81009,46368.8153386044
77053,26350.94008931914
104832,7527.338417895982
81864,12499.877249215555
102634,8984.110004986675
90510,7417.461434367692
103001,7208.490756726962
97323,22072.33527193554
77996,26745.64728174603
89082,16014.921900061385
106910,18671.343206553807
83882,8386.212889044418
106459,21723.043474727216
99678,6768.649387730962
92583,34834.114810512336
76986,21484.296588237412
90844,8792.033806129813
94286,11135.297771464338
85208,10886.763357352396
81224,19093.308055171055
85569,6586.38523457131
78152,22435.107287329014
93054,18396.29141516702
93481,21780.843716942723
99735,14519.975202242764
88060,17211.121772075632
97546,13754.341624603192
81083,29147.66596814983
100259,10999.136579003422
77751,13337.185375494879
105093,7750.674180988233
94991,19947.440765744886
91352,26468.135970397005
99901,11844.354715781346
83577,12293.878233192758
95846,36587.227193019964
89917,13334.335207866614
93394,16057.17824370359
102805,6067.357692513388
105448,25312.04218421128
108444,13215.640930638345
100862,6662.604874916748
95006,48902.82490924385
86446,8542.604154563312
90906,20313.680997997613
95336,26270.914896829567
94904,13437.282465312592
81105,13078.844178488334
78132,11159.454703770381
87302,10932.701603735222
101471,9989.45977038299
90015,10616.982289432288
90539,14577.94848597091
82418,11085.6719495592
79940,19560.941251797565
77401,35210.23529365079
79054,13312.388489692436
78493,43328.74504375406
87727,8408.34413048378
100390,7664.776072180234
86020,12224.550871767062
106293,24644.573000325454
105435,11956.773608343581
81992,30562.974325648323
92805,18752.73543070152
92871,20583.268705106646
101833,12712.510430627699
98352,10757.614761966037
98629,10169.633730005786
79700,16503.244172890554
99710,13395.929226250219
84526,20319.37438917403
98636,10739.070022366524
106829,13155.468220828701
99652,18550.80707897793
85469,8725.651042617654
82224,23208.35004186575
81899,21192.960444444445
94817,23380.70411221404
92379,26460.42666028257
94423,29376.3740873016
94010,28766.022748234627
84867,15225.579597931772
84679,13266.788360663906
103292,10556.208437801624
77349,17445.158531116318
77697,12439.940620242121
103017,4234.757866192241
79727,22006.115237001144
86490,10686.84533749126
101009,7284.500876980924
96540,14000.197240223235
106974,17869.221794804995
80055,21547.54733089484
102035,9085.32860713817
87843,7527.725532523772
107868,24122.681735829658
100831,13157.488746031742
98936,10609.436550575443
96915,28165.26996302531
88473,18789.56098471307
89030,12930.859622153615
95894,20494.28151081141
92113,21620.49238703186
105809,9098.99464117642
99360,15463.377429195227
86746,8976.41967971022
101917,9970.265685825623
96687,13625.195114059014
101210,7970.135353848586
101146,10425.508716433325
104900,9768.219747988902
85924,20541.271822373776
90544,7715.432417517912
93003,19496.0933596308
98738,12648.829059021367
99884,7578.982247912955
108053,25997.075874000424
90188,6887.471826237651
91970,20653.911837337502
103257,7262.5905544532325
83138,8497.815232351735
104017,30627.610463108544
105104,7115.85625915237
100054,11517.953035864086
87155,19094.097156120508
107600,10529.414486706675
80848,27887.459954009442
86709,17571.29554460379
106214,30685.423526986724
91963,24688.0224222875
97698,7167.733241262367
106109,11621.43610148203
88231,10010.54222602626
104537,10489.019654455573
99388,11575.11633849585
94517,19108.29659479343
76658,45733.32106410255
107430,20726.223876678232
87408,7937.203134239447
105971,19525.754800668834
90264,15105.493537127248
78434,18770.974991452997
88248,18222.0657620856
103386,7389.668773662576
87862,28605.5235542623
83101,16115.588364631301
92350,30096.997996713464
98624,6259.519295577476
97298,13891.734403199325
81919,16165.988632788078
80556,32931.68916666666
98141,13845.830714884409
88205,15687.580813313329
102779,15753.558992542628
99926,10138.405338608743
101484,6148.469868880887
102869,17004.038724623166
89043,14093.948553760943
92878,25049.52585269952
101071,14993.4723813284
106583,25460.747884452638
106819,10091.408853405044
79956,15239.019060976862
90659,17326.6829216005
82276,11441.865910020473
85881,17679.999500728616
76753,32995.12736146084
102970,12515.662208816262
93126,30474.186626599207
97964,12490.739162861724
81951,12334.12973012437
101200,12464.225087114044
96104,29257.21382459628
78169,19768.07617575771
90062,12031.063144907519
100918,9962.86131782139
108353,11091.419028014414
96642,17288.60167153562
104763,10298.489676364372
100926,13869.444403742424
107597,11061.561376130097
102765,6602.0657665454655
85805,12127.420649732987
102162,13320.878351657342
82952,13469.821009714238
94184,44851.691920624704
87797,14321.574763802964
101511,7693.32969921924
107686,7670.534858109432
95366,14059.176362784394
78349,8642.61957451499
100908,4408.90212224331
96196,6682.445985946576
107677,20867.410011619108
93603,23551.748445988687
99861,15044.410446947273
87456,15545.981483642983
82484,13020.461182018975
89252,15569.775374284167
104243,20117.34803177248
107181,33186.730652198996
90446,4312.193852335321
81412,15480.533562002849
86732,13674.853754789336
103972,9617.62843648928
102586,9690.869711537056
82466,13067.441307911784
84937,16181.995675534721
103038,15467.410597608654
104111,19268.64352749627
101111,14172.520991829466
107812,11237.538042605569
81483,15206.902822557262
81303,17790.372062176993
105370,15799.823768086697
80504,26057.26996048871
85839,11959.880107375553
91560,17363.105328620684
92722,43551.66178403542
86115,17636.079630489403
88062,21283.08357958366
104876,17794.53798102707
98777,15323.672508734722
92504,18288.848977629466
94025,12063.175044729209
87253,15320.915446844752
106668,28730.45022575073
100007,10741.491555935505
100956,15107.443813654578
104055,14015.672391145788
83761,8732.886299547805
79429,19395.46917765105
104731,20806.461751260413
104125,11827.940904134275
95628,23044.279218033804
80913,23423.418930038326
85196,12748.394362227731
102697,14640.271048941795
98587,6102.070607225616
106771,18632.126257584736
90889,13136.484517735022
99697,8787.094915004263
101404,8041.446908741556
96283,9387.78189536211
83072,9366.595231455067
84053,9345.240088559918
92435,18332.538149281783
99445,12118.440634477107
94604,20540.12856052175
105585,18346.028476707816
106189,13762.838877866096
108456,29459.702607877167
107914,12086.253465110882
105646,10039.960731147561
99808,20015.745297280813
101337,12898.239312478729
94636,11222.830500000004
100480,7870.265628921099
104644,25380.30552804415
96254,22742.79652214393
105238,21270.15284615372
99534,6477.274489072607
85285,13912.187400894081
82145,20661.83261512285
79604,17058.231837803953
92928,28539.079433873227
82245,26063.010772830316
100973,11551.964316011066
76365,17472.17423968254
79164,19090.291316847564
75989,15421.927359102701
96557,22930.68111263823
95029,5624.018585858582
107817,7566.836414911211
98521,10699.221244698423
103150,12725.225144596285
95850,12892.496107964496
102008,8824.2650041843
106002,13455.82817236178
106077,14631.700447366324
83367,10559.546860220089
97196,15460.34388965789
76566,8149.034046499797
104384,22255.22329289877
80692,13662.728536329121
101094,11195.739167846017
81800,19610.591419639502
86722,14973.299747222674
100318,13844.022425299703
104827,21551.352968689866
98244,6776.347767700934
94712,26843.52079509594
98393,7513.063903623078
80771,5839.609722222224
86607,17187.82107836821
80768,10765.460722676313
96949,18917.293822383133
87207,10013.325896167682
84629,10525.688348987158
76136,21303.791770217664
76644,9408.501373611072
107649,20160.655872177707
90281,12727.53672174654
108187,17171.863687265908
92025,33927.23944444443
99737,22478.507931006763
90801,15762.812257391435
100790,12386.860062818769
102558,14689.985548775006
98713,9548.27565215424
103633,7962.578946816871
101449,15330.154359424356
81515,21144.10055555555
98364,10345.900660905483
83966,13929.523298983435
99995,9823.355579373252
99150,44955.6434216033
86873,13715.26187960161
83731,18064.44405520238
80810,33315.47411678667
94650,17066.61641822278
82521,17745.916342461194
100255,7739.231898901843
80454,9556.863163937976
105154,13178.508923482528
79689,18989.55246125708
86810,7404.270735994992
82113,21120.58451241364
85929,8893.866092685774
77522,24977.726787174754
103578,4795.297100528903
102688,15474.661299580028
90791,18424.663781359104
94401,27921.052076850607
76740,18314.242631634883
81666,14339.966101256849
100227,1399.436305046805
85673,10781.948962244416
108395,23196.408949959583
100214,5432.0455480679175
95659,28394.17661815533
80490,24934.472785946087
88384,11404.135508356396
107062,9914.757979319025
105277,10025.858742092678
79265,18296.70337198844
84984,10508.216519716498
77376,12063.071199154407
77355,22814.598553345062
86313,19217.318418018123
99285,25286.220542746665
98028,11710.607123543334
77611,15410.896635304705
90056,15568.964899261346
84773,9722.285367184348
99264,18894.66944316385
100948,19240.154062111706
82379,23415.80723537191
85047,17033.551003689576
104114,17629.211974353388
107632,18530.941151701485
93536,16940.487368686874
81421,35782.83272117705
104793,36244.59297619048
88141,15656.291638647544
102679,11640.13208699931
81051,27073.30608141271
101005,15230.349730904953
97532,10331.986953653919
102499,16104.989397963096
89537,13490.549296205314
93046,19044.442602967105
79823,16917.56642110668
98882,22885.971775468173
97094,14664.420001108028
82461,11006.197142242172
86118,9737.26529399426
89801,7219.808517215808
83127,14320.316603455562
107519,9962.400107850875
82583,8850.52783878624
103259,7546.575771748703
81152,16737.83279421736
106206,27175.40073413408
96706,9170.918256236188
88303,15663.186521088599
94241,26111.72881307846
95076,24529.014270809155
107546,8777.814063871509
78467,18914.071372062393
98304,17943.608288601736
95393,18710.773896041457
98134,10257.840058375226
104152,19818.90055007248
76818,21599.618072618403
84707,6830.332174991677
87889,16404.079417903366
104736,17925.335326750042
87844,18215.93238022191
88388,9151.22170655604
83940,13457.672595006625
99536,18505.980083592705
83313,17140.428311513704
89864,14736.015959705792
106944,18318.33166288687
105635,8609.248284463361
83110,10003.75761566389
78937,38319.97984443747
91724,19849.544184661565
94886,22219.49789090021
91449,19821.716966117907
81745,32448.686085866553
93405,14315.04832494302
99402,3364.1337932084007
94317,13815.524522362934
78503,22339.745256430124
87111,16012.892791114014
108538,15646.250508567986
90689,7829.351727485579
84402,18272.688097611783
80890,19584.343500734423
101682,7153.334119358193
81874,11892.038097068416
84259,5135.451874496662
96616,14692.577595196692
106173,6261.74688233837
102534,7661.229653808466
81629,56399.295484749455
104910,12758.976329163323
92100,29253.61342587139
98454,9873.436026066212
81880,22197.0336602595
83346,11431.427104824646
95335,20921.437984032626
106693,23608.03732629566
107432,10177.383917462868
82694,10814.569336404453
100199,10704.07879416629
107361,22667.82843525112
88659,10091.019084367786
84237,5553.396645503464
83666,11000.682168191026
104468,28503.942793052178
95495,15633.697536314812
84298,16869.314758394943
108427,11567.774761559622
88238,17156.4655158321
103836,13816.11232116764
87394,10422.265005144885
77799,15977.231365528893
97905,9427.432373682945
101142,15749.743343486085
103274,6966.527494048807
88302,14324.746347287537
76533,11454.980796765012
80080,23646.634873988478
105134,12291.550545228
100792,10732.921272716774
81408,19488.420018163644
80410,20420.604546477996
86355,12646.736817365367
100954,9689.831006347651
93799,18300.78177711314
100810,7742.030343159776
80379,16340.323140113545
107796,20773.705029321045
94046,15923.460730615485
99931,13325.417107369507
85890,3609.898844380236
106923,18589.030572584285
98319,12725.184919181467
94853,19478.05059820005
91069,54927.15845284965
78790,10769.038055555551
92697,25175.920480250916
94765,32939.91739579495
102150,9605.684869522509
105768,10300.366980795843
81755,23544.75882361425
96933,9397.841352827234
92136,57518.352709595936
96082,7257.229923910283
108457,15407.322646159135
95142,19972.863068987182
85688,18975.437746210395
86672,11475.519324977897
107583,10896.778743486333
93369,25921.003071801377
97637,11994.881886283516
80868,15000.271922234366
102315,8007.924689890109
108428,16926.526832743475
99478,10816.926677346259
98906,6554.344843037943
96394,9715.521129418183
106032,16862.900080951702
76121,17873.366188672444
92642,16577.50813555407
94725,19332.295207732222
84528,17731.802244212864
104492,11976.752041061545
98456,24743.173664034228
102089,9924.012868515989
105274,6605.346572399216
91436,30220.818902172436
99127,4647.782152983924
80416,18558.437471358266
83419,8494.76196136177
76209,19592.064970737567
91874,15066.802727378774
107892,13133.999670975387
86727,11905.514218925726
83096,6797.38929732777
107036,22433.310013720322
86096,8439.248951779498
89684,11074.42374149356
105301,11197.972916091623
79056,16410.973256701283
103508,15610.382386096906
102651,11363.420542880165
76605,17718.488947714235
99170,6261.984683706551
94850,14855.740481519144
78638,12034.959812898682
106031,16809.016278561972
104955,11647.095107657406
101565,10222.155076427593
105886,26899.69334042795
86499,11532.80411855404
91809,43005.30010317462
86033,9354.207772321253
90761,17196.655835688613
104168,23545.294484982933
88048,15446.840911594363
106343,30139.893127798805
96568,8539.19294495371
90082,33690.74386389711
85659,8796.198303458574
102950,11180.156563394037
96231,9459.822101285867
101781,15311.946045336445
103210,7542.268848369818
95174,4438.532301587303
105594,19739.017021014515
107809,22282.349846649027
81222,29279.56858647208
84506,19794.352264705918
83399,12872.682127330188
88318,20636.83839518641
106235,21679.015955850828
83952,12388.635223015977
103610,12165.767843918986
107273,18263.891908735193
102134,15514.608272850523
77708,27961.641067237306
99754,12838.522517072688
103372,11588.94598993222
90457,8096.990096233486
80228,12227.699957949082
105630,16838.195225501713
78448,23263.707741939157
86729,10126.874845124046
108510,12597.230620490627
79686,31683.29422045555
82677,17188.190591151262
94161,23833.711131834774
93064,14000.646334356132
103595,4595.090348272644
107257,7485.851957282348
81162,31603.877509140515
106410,9828.733040996955
97829,22274.1654477256
92429,22274.572885642123
90183,15299.801538248112
83816,17291.09704110004
88613,9767.668479880233
90025,6381.62184898388
89004,7024.732550785185
107997,17630.986328347266
97458,15946.663321333872
82737,9783.298374683984
101739,11116.899678330114
86766,15073.346467671046
77098,16477.146306667997
93598,15889.817482812694
108115,11369.736241368339
107653,31409.975074494698
94706,25822.613434453688
105344,9756.692096338707
87516,7875.323833687917
98959,6809.040189117662
104557,9520.102611679324
99137,6074.067283860733
102126,6378.021697306105
104455,13059.76597975007
104278,11465.16481757058
80331,21340.151536278037
90087,17618.651894814157
93700,34886.46444444445
108517,13391.802940146768
97373,20065.500171598378
83394,19208.1172222848
100989,9527.366158255609
82625,15464.038285188979
93457,12493.795264419277
103186,10487.096026474255
85133,13029.024631331924
101198,7804.686826917732
102095,7562.65221854499
99684,8776.58259605156
83595,13571.255183555948
76960,37915.81245523798
103015,7185.2692380952385
91987,46586.12384207945
78825,33052.661833333324
87668,18116.51027204815
84826,18738.77731429984
92309,10924.275393217893
90969,19665.401619329663
92987,18560.31411340959
105317,17142.84873889754
93606,25437.68598822942
95536,43112.201902264416
92839,16478.508627964722
102133,10316.646365449787
105225,18407.632962632033
85627,9942.980576551785
79013,42532.95738267925
92008,30307.357323062344
80983,21049.392251427693
106475,26526.057508742673
99357,12117.32386678397
79246,23253.706317791257
83200,8223.99680711863
79656,29907.25559019468
99031,24794.425896538516
82780,16116.685660160407
88310,11144.145214125525
98056,26957.182183932968
77289,20390.3059239693
105503,15517.594708613697
79198,31359.892715858878
93429,25034.991240411575
97172,12370.916167066916
105958,19203.494613436775
103180,3386.0315988455986
85825,8895.88156405666
81725,32086.875347451438
86590,14790.032280966296
92366,28976.848139944574
80589,64762.84952380953
95454,18825.36535674398
104525,6960.8234407195505
107646,8702.368727195852
99226,8945.878362114809
77273,21214.63837226278
99642,13699.523610836024
91195,24937.226179584395
98641,22251.788271893398
107724,22230.90342003322
89646,28833.247045647
85873,16222.42957296385
81468,32458.77461346511
97648,7263.143411971188
85573,11114.910638124169
102394,3874.993531618709
77771,20166.38179566562
88122,13894.24007802384
85640,15009.409562564595
97560,6347.78602833141
100584,5973.15524851827
97404,13972.293438983133
82414,10500.92716749495
84609,12767.903769772896
100462,10159.807102256449
91573,16073.823790814979
94716,18607.251483525743
107560,25496.790166943712
79627,24638.746311100105
83025,13535.551842686364
91918,9535.271834797755
87344,13219.166367295602
91683,29464.17102115612
77259,13182.977565789464
95887,22321.70184548519
96802,16064.905838564615
103965,6043.455813223383
78110,9532.885861561068
99144,9530.82058789266
86801,11795.131645287487
88181,7553.77835215506
88262,18532.06354396963
85846,19543.66724318324
97896,15222.5469092079
92462,51444.813995578865
99668,19971.5326374133
89440,7623.561553011699
82867,27056.175005568646
85857,11216.887404403496
79583,30545.471226450765
103090,9980.651847923215
104184,30138.355005137542
100921,10721.016663369961
83124,14707.539450382861
93320,22940.84484640561
81985,27378.491673179284
89618,18018.05039949676
90086,8564.206524987949
80855,29577.34653222408
105114,10356.418913949452
92497,19614.133853888976
89049,9928.918145667916
88584,18017.17623690154
88019,14393.225026217895
80119,20612.065149059403
84879,19772.53916528591
99293,11215.942849129386
82515,14715.49368337449
97600,16866.529202624188
103737,11607.140318007097
102387,16000.58904507089
80404,32211.532503607483
105785,42370.03514279789
76379,22501.781142552554
100569,14155.29502814084
101553,11104.219553282046
105803,10948.291321535122
89151,9827.922801065299
102960,7171.207912758803
103094,8993.484475746025
92146,12268.9663490991
97802,11130.461381501644
102939,10626.835492677274
101492,10971.947025094829
84207,9883.44970265507
86995,13481.171148163288
90024,23025.59598954172
87536,8921.453032315658
103571,8218.783999999998
87529,11230.408459060036
96756,20031.837346822966
92326,18128.562310667996
97609,7103.16431371308
75984,18496.708128076458
80733,33681.89385185184
77150,10781.398185987982
102496,7602.675122104326
86666,16898.410278800624
78836,10920.42584416008
82444,9929.020334707071
104414,23947.464166895596
98585,6682.880020111911
85191,12178.196444444447
88013,11115.292329248214
78962,20559.23044994866
101510,14892.49134665508
103438,11630.665290629453
99474,11654.670809430885
87180,16322.317056106865
82983,23289.744795093793
87503,9542.42715099435
90410,21515.889938015192
98416,10743.022994775934
104117,10963.475062508462
84900,7633.891945253976
88565,19186.639220900975
93797,17362.35879238433
108131,45497.322974329654
78848,16818.35052144631
88151,12355.041221282292
85081,10880.064592398967
78163,10275.767437407269
106580,13042.275015667909
104638,9983.871443778125
103696,13131.831801593307
99589,6561.565779824125
79699,14493.927026318483
95129,27849.768898112456
102173,13571.371056505619
92811,23504.596466774434
84986,8081.514170411119
84162,16000.764624771613
77340,23746.077869093864
79685,32054.372991285065
81423,25767.646082145133
93745,20337.081535256217
101399,12348.193378792857
91611,23579.010040201858
76973,12324.691005657885
83734,22191.798001525745
79526,20812.631419238558
80087,7707.504333129834
102186,14129.089323764842
77640,26996.965863711066
105138,15694.394992615567
79146,29991.93725136592
91713,12434.523512737931
104230,25500.55154527094
101896,6085.881904180497
107587,28451.46972829817
76461,30454.497587285507
95587,26448.138840918822
96185,11328.653530128551
103181,14014.793191641073
107643,28908.09951232842
88948,9959.046459517835
97565,25220.29064840865
83821,11171.804747208746
103781,7637.155262000982
81677,51710.401763719914
107975,16647.19031284528
84106,10129.55010617916
93060,46554.11734488549
81078,27588.68575935668
106748,20444.25542216984
79264,22726.584563492594
84098,9848.9013811281
87838,20356.87378427904
102957,12474.72612777952
89353,11173.938881118098
85492,11333.448003984964
107957,25483.534320321007
89938,13634.288394061241
90260,8101.1033141725375
89571,12610.6068263493
106963,10099.211128419282
97266,11005.473461233527
80413,13245.195902176041
86028,10875.50372533151
93343,29196.871971755278
105232,7944.262994549808
107755,9967.898761489878
107326,11484.17047506588
107571,9525.000207344652
100062,9491.914232273815
91477,27053.88879232753
104598,8569.923206795314
98614,9116.934312103795
104034,27034.34994871055
98446,9375.555337642107
103023,6113.445111548351
91550,22445.72503360456
81211,20024.242340523022
90619,10450.24652151871
91525,41842.83864269876
104422,21417.462254383343
93555,22700.8260602411
88346,10623.533840067492
102067,6453.582134466081
107051,17927.25996639268
89642,16885.358431607237
83492,14749.533917441586
99169,14023.413683802932
85964,10846.135780685861
85179,11262.345613713625
100677,3307.8712105579602
85529,12278.518523432627
86198,13121.212815490679
99532,6785.80575610097
80443,31966.708322571387
93248,21644.938022251023
86958,17082.566250126118
77942,26424.10443151075
88568,16457.62099208273
81730,56321.198615079345
98884,8623.568164235545
82267,15196.261985803085
88088,11595.079807298303
89578,17779.138873708136
83568,28160.92663374619
85083,8119.1557422703445
79222,17263.161374947886
82543,10819.819005753225
82611,2583.8456982646985
99708,18780.896651344912
97699,7069.371800179734
91371,32719.697435539998
101757,6139.974282884221
104417,11282.678558005433
99830,9592.072796864273
88477,16150.010055824227
104614,16666.13879305995
76098,28802.372264357382
92143,17771.8451967221
81343,28012.23900472059
77212,29101.527485411094
78262,50694.23253901987
95097,27139.67909016702
84440,10057.686493608395
96942,17315.587003142326
101584,9509.870201009437
77202,7713.916956349206
85173,17333.994564884408
82953,16355.837772244227
81151,24708.8593777665
104377,17082.166670900428
86697,1548.2566746031746
96650,13141.369921247455
77031,18130.442679070115
82235,46685.079647186154
91333,15542.604853044153
103393,11496.220542151454
76254,15561.640068887302
101592,12767.811027992631
101865,10269.948310885027
90819,14618.078386078967
76941,10728.838857673516
91974,16003.841811636898
102930,14185.230632819757
96310,20185.75259476541
77912,25926.7584423926
108119,14408.66135914729
93631,17345.467909758594
76592,17844.120092920723
94282,33154.84346292613
77715,24508.777585061143
93747,18217.725129027152
94560,30531.689074023212
90108,15742.719964609187
102128,7188.465358871545
85820,16304.372282169852
79541,12488.7200238525
102901,13846.456804950343
102761,10913.36820335102
91536,20583.80730625104
82089,13986.757449233795
108489,8900.672012976129
98409,7621.311033485661
79151,13115.962063457477
95549,18028.248918962745
85472,7122.160821242702
82072,21668.998208533776
99386,13640.58198937464
92932,29831.1563496229
86525,21481.555887843944
99013,9065.86733270732
99472,6673.615310299779
89967,8543.92773593917
106604,26044.66404252828
91608,13096.45125136362
82249,28127.87069291806
85445,17917.107213270116
106905,21099.308452136684
89122,15432.360469920262
87056,14111.168628632231
98254,6781.971716992635
81697,28567.145080306454
102542,10605.111670206836
86804,11877.074814244212
92626,47916.121760229675
76602,44449.63455092592
87943,13355.6320472459
95438,19413.22133706955
95823,20649.617682299177
82403,79598.55967424248
79347,24662.30181358983
99419,14341.502511359822
88561,9075.012228481286
104572,5693.249311271942
108507,24399.513120933385
97900,7366.849257364852
89733,14086.71606781591
86211,7002.515919119216
96713,16883.12456886006
107123,15222.895434399517
78086,18631.8969457672
100576,14042.300361602967
102589,16971.775611668058
104477,29413.551867223716
103487,13202.464323601407
79189,10618.889166808141
89098,16560.42257106818
79787,31721.793454257673
84294,15850.466580133889
79128,16860.583029179237
90269,8805.168638746838
78251,19641.26848559803
80572,10141.538030368287
75986,49614.582296296314
77619,32366.41865295105
105025,14950.538526507591
93882,25168.41742263276
78338,22185.261692547472
80621,24993.767969015207
103601,5128.621536630036
88170,16151.74289517851
102889,12568.832607792012
76347,23115.080276173794
106080,6231.007445384869
98834,21593.494776484145
76498,37075.06772486773
85104,8530.080213059317
87534,10822.051274922504
89883,5600.282279857553
88738,5089.8577777777755
99252,20464.836583912343
102696,10999.525515124338
95948,21650.67076753083
105438,27580.370314657524
103463,10527.680457749599
100261,9879.775260958202
95315,22649.324831655915
104172,23288.529155401633
76502,34769.70812904227
91569,27425.3668095696
96071,13747.420079223535
105936,20452.08757750834
97089,17764.927454301724
85434,14807.509118087077
88446,10482.669212976307
93751,27824.204443064133
105399,13840.082485866325
88174,38484.18546031747
88555,8238.181222043391
102346,12631.254114965019
87144,10579.41402289824
101990,10042.169443043
102931,9599.653083751375
108317,12090.77491387802
87976,8313.73472222222
97988,10490.829943906647
101822,9866.015004467296
82536,13746.14799247402
80676,32239.234994669594
91255,10514.161228012726
94069,16439.841873356534
91894,26186.922814089663
108147,14143.803016304162
76928,25060.678992630623
82648,13543.287478101925
79426,13215.526133901018
101936,12343.082960686223
107567,21298.880995640076
88776,11874.644373886102
91113,27324.56456700193
84568,18948.01418973417
78044,25400.41346094817
76929,44053.136310966795
102526,6101.624554322788
92515,9301.080739571482
90009,7883.771031789727
82978,8614.497767791136
104437,13522.753411074256
101451,12809.642011347016
76325,32920.832844185854
89491,7775.660125301424
98435,13191.991223832494
92282,15487.9277096865
82209,15501.865243899978
88705,13880.740364682712
104679,10824.006037786297
84919,7685.586749788706
89998,18101.368917635864
103520,5819.609876832551
106857,10563.32082676839
108499,12775.439635720459
78893,42930.13219696971
100860,11304.805874373365
91684,11637.772779011557
80617,14487.61439871806
76634,36735.00973911725
92055,27526.63077036043
83030,2407.2123026738977
86154,7247.541588754031
96022,21203.109645006287
100336,17143.95909753878
92663,15092.694684287642
102884,10341.175137120392
80763,25879.27835449735
78329,9809.495626905684
87867,13751.715771727062
104353,26838.266594892215
94284,14230.52209901536
107996,19879.787221237235
95784,22133.087750783554
101298,16560.611944757024
95995,18017.058008550754
102718,6876.169284604065
93623,28350.830870683734
89585,17119.900703975556
77533,21938.27836938856
107550,14483.383806758933
87760,16265.246741731427
86299,3233.330567434609
83152,10481.508493005273
91322,24957.237787581696
91286,6262.494374630674
89231,16715.889890986182
80082,9866.44072539414
105518,10173.466113107817
100224,12356.423163881276
97261,11833.378191097612
99651,28741.455201162902
76487,10298.337750891897
76867,25244.460341544633
84574,11850.695079543775
92378,45027.5383994709
103934,11276.663269023733
108445,8841.047281035637
76872,21867.092135514577
76180,48616.14730940601
106906,9639.03932509866
76431,13398.426000000003
102603,10249.750619284365
78403,15433.173839901525
100799,7877.998162446869
104755,14233.799718224513
89602,27594.949224695545
101656,7175.942019198579
79362,14279.307405620972
102262,13909.189013242896
79884,15943.702857182994
97740,28313.206490238143
101264,7409.435069281909
76525,14334.854142573806
101988,15730.656527777286
102819,19672.717649003665
95501,19234.45099751824
82890,13179.449120739395
94413,18620.916479708147
77898,28139.40797955932
92991,22420.283048107503
82055,10818.754942328504
100865,12662.449126342646
107388,12864.80818653881
94252,22609.901080048567
105973,8409.379103601259
100976,15944.171420723163
106212,25656.926219472374
76078,9705.673812865982
79014,16889.818805555555
104787,10110.72161614125
92342,22781.90103604978
86334,8452.635627675305
94066,12939.736229716993
76062,9242.409958595912
99371,15273.140692437464
91498,19119.110503254124
86406,17706.978622017316
95531,31771.444266279006
93274,10473.303132013787
100190,15898.68946361682
90424,20525.914058253085
99089,12157.565677985895
94306,15690.087213961193
88209,7956.910351421881
90029,8867.6853384671
103397,7657.982047990551
82341,27756.650990323662
92358,28251.615246644156
100389,11159.618505162325
104886,23760.75874810558
98404,10006.640370980993
85100,16769.470822796146
84878,19081.544541507952
78693,29138.792326466348
91992,57519.443465118224
105754,8563.429588120127
89594,16066.772560830053
84756,5484.867014125131
91795,74378.04192255894
108235,11215.518624869881
95474,24613.328481492215
103485,8877.426504528285
107700,9620.53711395317
86613,13330.055781215226
85741,8439.98828536918
89372,10727.64044740419
79735,32829.63780555555
76186,14197.95004435951
93135,28542.512959292282
108107,6533.541271174208
95853,33771.73362609837
106625,25794.516002754513
94400,17122.32724595636
84893,12759.710004162209
97777,22335.99176511188
82127,26709.821745023368
102116,14464.592758244838
84330,20347.808843398056
105251,20667.366492577068
104115,9685.663221951258
93746,14828.461141860116
104982,19464.00533173972
105988,9631.935548099229
102562,3336.4202077922073
100822,11435.650211568614
104409,23976.78894444444
80140,15206.825010706434
103317,11892.943704642787
96145,9600.283310722667
105732,26906.008795214046
100943,11279.506626890181
92940,15691.381459351433
108400,2917.3110930044895
108512,10666.494582753916
92473,45426.93982185295
99001,10789.226912169943
81082,27749.532183793573
108460,13770.418334048025
108169,11440.248897878384
106864,17909.303309217692
84685,19340.18050767095
77736,29060.85605715978
94232,24546.268609893705
89520,3206.326129275717
104514,20290.1033931119
87509,11250.163522751509
102802,9366.162423257849
91042,29557.313433167885
79197,31585.319910435595
76499,15854.905402979366
100082,10093.283082278116
91224,25408.86738859807
95303,15479.998540761731
96830,13919.688589734062
88064,14350.564761827516
81628,6543.424166666669
84857,8064.732238612843
82032,20530.431653839223
93316,25427.72757492104
104993,20553.74740622167
82315,18049.700487161008
95990,47704.09061548498
89970,19817.528813918194
93407,19788.283195002514
84755,15617.150042900977
84684,16033.86169238331
79353,33411.16883597884
79649,56387.20342977273
81749,26255.156159550817
107002,6852.5580720579255
82546,19198.36063325814
97536,15053.088650805437
77580,31813.990046397405
95967,22735.176817500243
108150,7037.8535455854535
98992,8127.411864219653
108536,9820.451550747974
102358,6715.721028936807
91856,26431.069805007268
93148,27094.10220430508
84957,14576.160180191391
95413,12852.00274677626
102404,11272.530506678251
91495,19893.29856436073
77953,22618.656402129254
87398,8735.622576040723
95955,18334.448215941622
93290,15996.721278338237
88128,9864.944640966629
88830,18706.34957428576
83397,11909.044341500268
81599,25390.349843033437
106055,7655.121444444445
77655,19057.51822222222
92106,28615.863253177486
96536,12016.616789890748
104575,14066.453064627594
105513,9040.063177890064
92308,17404.212956451487
82419,13651.31634086126
96473,13255.562511583837
76961,26883.32116471721
104060,38115.419953468445
91056,20633.911310071497
87618,17478.552326097106
95253,29113.90912880101
96135,9961.368890010002
98015,7772.72614031749
87695,10715.53616965782
79066,15151.262815437283
95512,35671.184602097586
89234,17996.00192983892
89971,12126.577376881785
103750,11223.112574493998
94180,32052.988283148985
107947,23582.32394448215
93455,75167.37548209199
86369,16129.65886677237
78817,20605.197411759764
85051,7391.974070320694
79315,60463.14771595657
92395,26752.047705701487
82513,13899.3915947765
107728,6890.765105814899
90261,12476.91780454653
101064,12106.619161449697
79329,21837.28136780676
88998,11275.15058257794
102002,8807.045533532348
87718,10646.228219319752
87774,21196.234366587516
105214,16624.733388384062
103055,9991.434712698201
103543,14947.31787244556
104548,6662.399137314842
90387,9427.558332914097
83786,16236.399395219447
108102,13063.989035518098
101455,10095.573544182169
100577,19298.645795214725
97483,8248.289212230915
103056,11615.717587383637
78401,11164.909796126054
97400,10789.113185259783
97703,13607.02458793699
101311,9281.057281963836
87912,10759.260549261431
97168,8319.084530710856
100833,14807.960643906616
93043,26320.907614817806
80772,20514.098205425053
99794,5668.71407670022
78326,10825.29217516565
98710,8813.273641891194
92351,20841.379804076427
87356,6390.214732857331
96926,32738.350247346192
100570,8118.442804706373
95109,21733.007303459377
85050,7888.307320713523
84046,20129.49169837455
101466,15438.630435484009
90832,15964.429466740892
93397,32527.137783341135
107778,16610.708522690282
106710,22722.71290250849
83464,8103.851931929079
93622,15868.312818460627
88744,17267.36414148413
107378,21661.88119965717
83032,12879.080277695672
89480,40056.05631857956
92634,28115.914119216763
81057,9218.39435047129
102633,18864.292455730356
101794,9651.712376054995
78355,14410.995944674487
76544,52568.88412229814
77408,13723.223639248155
104451,32417.073379304085
89254,17044.268751304524
85412,16560.462275067708
97709,9353.669994331705
105230,23775.704772242523
87691,12554.535711063672
90722,9890.981888286184
86679,14787.355651893206
81418,28515.324777392547
76980,17329.084691976528
105319,14105.601975234498
80516,15542.67878094149
88960,9317.201674812351
82982,10741.541920479345
105004,24070.785153397323
78037,37921.294105931105
105901,20621.345833569565
77109,13662.474712148123
85855,11428.881303457856
107355,31495.133494971717
106193,10260.840550479848
97700,25313.39862376647
86150,9282.789144471719
76267,36271.01453637566
102096,14665.99564214356
102561,13623.306458378063
101137,13745.01990940541
92050,74834.85720033672
103878,9623.166823115569
94760,23588.8028098379
102678,10983.182640129664
79971,27764.6771394155
85739,15870.27794889904
79714,19648.62432890917
87673,16526.2922491302
107304,19947.94080093354
78692,30497.100959752526
107274,9644.600439770407
88686,5358.455806324563
90843,13255.822214595979
97507,7954.16678149243
92343,47149.235898169536
78781,13594.997039022095
84990,22014.94683016065
92913,36425.48941987785
92079,42490.39554851159
98507,8151.871016477179
97152,21550.583334210063
78442,39769.263611111106
79711,13093.070183295884
96643,9394.138182987675
105000,8023.420052856934
89454,5689.935289922517
102265,15268.36321087465
94961,29255.895971876234
76335,18171.155603995634
82897,10782.517096055106
94061,26790.79913716558
90661,7467.8993981196945
78112,30218.798853174598
95596,18394.70245751898
94740,30933.624274834507
83287,3941.953638888889
96668,13081.850288302558
101834,17567.59693831803
77285,32620.241667739872
102545,13660.322856667894
96287,19995.148764003137
82156,83826.27038888894
87276,11233.627601405413
77564,17168.53380615691
105991,7665.141530487264
107570,13547.886259546696
94519,34353.84671732629
78369,38595.8392827381
92674,10371.088001742348
90532,21633.48475555331
85489,7364.784928092379
103660,11373.984969832765
81206,15856.168418829817
106764,27434.691841463886
97425,12217.979783272473
96393,25340.445190253027
84960,10880.979641493395
78993,34839.48224431191
85876,15260.189975905312
103936,10818.538941002122
84201,6476.554231942187
105098,27764.96176733734
85078,15392.833711830297
89886,14933.290388806245
81268,51399.74849494948
79945,15974.022124360745
97727,8776.323712585305
90636,7105.279737712528
80106,8324.032043650788
76947,13411.358087433462
83264,16055.162489511491
101532,6831.625997732083
91558,32671.56072588291
93311,15236.676420192185
101967,7021.181403136182
85725,5618.088167989418
104684,23051.695602045977
89747,13268.406629483634
105165,17386.172469186335
104814,14939.307666192477
101904,8838.444340642336
99238,12194.81853799331
80989,25861.00982804529
93575,12110.68221107824
101536,10271.99631925942
86847,8204.628302626981
99847,11545.652862880455
89212,6810.530775082751
93997,23177.117866979683
93647,28318.156858419483
87846,11715.365960550898
93737,23615.355546283805
77906,25625.998619493246
80648,27148.572025122965
102925,7513.661089538721
103709,13148.567634603689
86195,12980.684489683423
76865,12335.711510192597
83260,17682.281583489075
97233,25064.447441691613
104618,23466.458797439605
83879,7695.60094514065
104804,10954.233668265362
100551,8717.282356153477
90524,19591.715480847706
99669,19795.716789376092
102658,8311.290518777161
101398,7015.820277777778
103286,10955.048809971742
94823,32075.36545783769
83630,11191.486694011013
86079,7052.623944546605
102145,7975.80433645006
94270,47985.15341501806
105688,29229.052193357933
87335,17751.727574554217
89805,13890.528654350097
95093,28321.846885773062
76699,18513.701414373707
83187,17810.690354196468
84218,6364.328025685696
94153,15154.80041396267
91849,15641.553321428575
96202,13771.685891935696
90172,12280.246455757877
98759,8755.270595729538
86718,7410.139936382335
103349,10173.113914627485
93293,43570.912585858576
94622,37821.161071428556
93181,21320.820710386255
104870,12329.512077732916
83247,8573.190930088387
87566,9980.093810260878
77362,20901.792434826948
79537,20329.073127298896
85049,13200.87704354531
81402,15500.05558012957
108341,13921.812229704605
92193,23921.019349869002
100184,16238.600461667202
106252,9478.101479473968
98047,12345.964527521368
105416,11276.083146433246
90872,28323.20044912918
100235,9738.99500071581
91485,22290.63139447982
90534,21087.652007195888
77841,15904.746516826726
105730,12687.975403982198
84175,12942.555051626981
103964,9180.439881339573
105970,41438.52079220778
99843,7478.502878549743
102012,10070.808096149296
76779,27287.57442418172
80778,20551.570851987377
106638,13994.126862006351
88233,17994.902644613332
102657,23342.36115720672
107180,26414.988855034222
108468,16251.252830939184
86399,10363.880490601427
85128,29649.24534121082
99868,4584.584481347991
100413,11306.839827139289
91125,22059.187434375774
80467,31891.91440809184
78605,12421.308898004307
90259,14154.08750896407
106759,10411.860293636728
101253,9006.931488970858
100980,7532.893615253454
83805,10517.783172344381
96745,7802.593250802296
90242,15434.307930925897
76118,25238.993958368228
98824,7782.000653057128
78006,21693.370546420538
100924,13492.323579367183
77138,79124.98120370368
87665,11050.19539693425
78023,16541.20200482141
96117,21914.521137032087
86789,8345.584814246606
88649,16002.25649890058
96792,8358.231850667504
79403,28574.633146067306
100547,7889.594666711419
106529,12965.702994544128
83042,11264.861444389504
80334,18982.737639383176
86589,7680.258956400429
101811,13830.293896551726
94128,16805.937289365753
95868,8544.387196348423
76244,27376.081961583463
88957,18959.010936665785
108503,17317.35179497745
84409,8855.527542638978
104962,27059.153252374846
105121,8213.000822781225
94389,14206.997440064357
105602,14052.536778336163
88289,9541.127784901664
108168,17685.790444336395
84978,18541.0887742963
108011,11732.909804422234
79783,12133.858079451727
89892,23680.811057609044
91748,25197.98599691577
105942,12295.358300084916
106893,17068.48528744723
85969,11279.423707758962
105403,15188.040491092
80319,29855.082747667755
103010,4826.183370091559
76518,24726.34754359026
95598,14081.795150325814
101287,15687.712112241135
84475,17211.949517095076
87686,14180.972263665817
91202,22078.443454973338
85296,16899.52004701508
89710,10289.7364586357
108409,14386.91890264009
104660,12421.920144577078
91493,15420.924454868236
103318,10076.858207958503
83537,9770.310413554389
93277,18478.95262031488
91290,17527.307441836925
107127,12813.212171982714
87752,11065.237613377338
82613,14684.177877031943
104508,9209.30955088497
100051,9072.406620645605
84203,17715.75096531209
88624,12765.314015555809
99483,7420.9883177234715
96635,28683.425641037647
78956,15192.080546117551
105839,23402.937785714286
92487,19133.00424430792
89382,10543.664861538906
100337,7327.596811820841
78640,44293.653039682526
99495,7183.203258497701
95580,42781.139220216624
85347,17068.313005031978
100050,12999.378026240307
97749,14759.794382129076
76587,29280.618749602094
95918,32360.183528720954
93823,33655.26488856131
80470,26405.907883894568
95399,84364.91542135646
101483,7856.151065470067
94776,23393.80328145602
97442,6490.440471645119
79267,26762.215630626808
82710,11939.19000388725
77473,19885.400562232222
105371,13112.772645923686
84991,14352.218992547312
93878,25604.38634695018
107126,17403.514030425587
90996,11600.455555555556
87095,9883.906928870656
80205,16633.495095431223
100043,9859.202547550776
84793,15555.130764075995
80403,13837.74971489483
88018,12974.050383067515
92747,26416.913373105726
104894,12986.148471918967
108319,19988.074725561437
99481,30067.453333333313
98270,10363.204066220422
88155,18678.649260770304
84565,18576.326418676796
80779,45923.04272169645
105684,26570.49285433672
106855,14855.458479260262
103908,7726.608410284878
100595,10756.039488671375
89822,19691.47298889565
100401,11497.152802929018
101037,9749.830588524359
96350,20394.485892070516
104191,19047.851975733487
87891,12045.625347384257
97744,16260.30340773187
105757,20806.48533703862
98966,14416.44343353964
91869,8917.528111745325
81292,16709.655287816433
108284,23470.738828194568
83092,10603.820755834364
78394,19837.846038262156
97961,13862.011757898092
77723,37453.39435409368
87317,8288.562656845268
95065,36047.177314814806
88227,10146.627261151145
108087,9272.275214285706
76311,10975.688902705268
100764,8410.274501225824
87828,10243.873328805008
77314,13948.116111832613
107860,12038.071437032038
100339,5853.356070987042
106165,6427.230689110208
104443,12335.679981468693
79613,30469.886185610212
92686,24946.003960725404
97493,19198.77022263157
78977,34905.823839529905
82933,15184.425016347719
80063,22849.371977622945
92287,20097.26085767432
103664,11409.246314428392
102185,15717.985801919538
94679,16169.187065227503
99024,8634.796338986462
99366,8751.845863648792
96554,10418.041035527427
95906,25094.855938465822
85623,13040.002697641676
84336,17476.77821267192
96560,15062.010075418284
107448,6796.376049690581
104118,19325.003605472597
88391,9791.580745675325
100327,14173.932724462918
89323,6590.05416562677
106925,20520.011541281947
98542,9006.882384302293
93996,22845.524998691664
85103,12292.063939172971
76033,23657.01881752506
77213,19494.224513845842
98117,21187.591310240787
81109,34601.71032051905
78316,22678.6093032912
91021,26768.104978370753
78093,12354.222814686564
77497,12718.62740758886
83590,12791.001950756558
76126,21604.291696764354
90509,4511.462499999999
76454,21746.692484724175
82095,30556.752805484317
88625,15129.76963964919
100031,7541.413895573872
99458,8296.898056883118
88085,10704.962593610107
91823,17828.426808991542
77735,28933.910132171513
91799,6321.133814878078
91480,8645.26774074074
84915,13785.202491690425
83688,10924.649349321993
102334,8651.30738109127
97765,11628.057394142186
99836,13639.478136588728
98569,15953.093471523352
105050,24936.200925624053
80826,15944.566961500968
78684,12699.86206468656
99123,10876.760507603505
96507,12733.005819600692
104742,21772.588872335957
93690,19221.836311504267
107606,14745.536362437659
87019,18370.8774088389
100735,9507.600100354864
101685,7251.738364922162
82792,9358.322757575754
100036,8312.379887293533
102607,7452.131070695378
97772,17437.18307885863
96207,15951.217221431416
100697,8419.25044681439
96481,22744.963154185112
89054,15836.39675851523
97847,22248.495840451986
87528,10791.709970811482
97145,7386.416646411445
95223,50275.625892857155
104325,14826.632065050313
93743,16035.291933815995
81914,7105.311085970133
79040,22604.219690200283
107030,15685.5555342308
106244,30524.70816687407
79602,29858.08153932294
107684,7552.348191973176
105346,23961.115045993472
100000,15473.588647786388
79001,10754.39002090721
78942,26493.50012502906
87637,10806.792648954142
102257,9792.895343721339
103502,8313.137024844556
84619,5179.064799254881
91129,23799.147696086944
98493,13849.211631850363
107108,31222.237649311293
101158,7659.970197081038
80236,18392.955232000208
105375,12873.12608164982
93002,29235.313766431194
91619,20133.45639416535
83965,14392.902393964461
94431,42987.97102260698
104601,9330.797298276502
92698,30266.106089749497
84014,8925.774736772513
91961,27465.90824424424
77595,51508.62861111111
88848,17535.534908053134
106046,13697.253062638527
99498,9310.595950153414
98153,7314.624054420399
83157,10306.34318888908
107475,12958.505622066823
100589,13698.946009426274
81448,16269.824425697097
102638,6741.685271133009
104473,26753.001987788088
102724,6691.862735359951
99338,9832.122159033308
92431,12336.827293543545
84969,10422.7750461366
108426,2318.4863888888885
103206,16255.428490571678
87345,8600.129384332608
102625,14980.330131803697
84606,13144.963513715791
99166,7931.047702066728
94408,24536.405956105467
94898,19959.89767087873
93658,32250.611782201162
98234,15601.050477375906
99725,11793.97246875932
103979,13456.489674854869
77277,19693.39591831336
84401,13637.80352934696
80006,20539.114725462172
78572,14622.272077065045
88781,11514.03821063603
78546,17976.756609553144
103829,18047.057867061885
79159,50038.80943602028
104502,13528.89752192392
95125,25921.46247334111
80804,15889.541645828362
96580,26300.35247219629
92059,18074.8125976449
100530,19172.562056804298
78079,26655.80726587416
95036,15830.664071418903
91490,19343.179565017726
103310,15980.352838792025
88853,13656.155973898922
105948,9179.797306322629
93744,19419.67535965937
108518,35287.72565392016
107733,20558.949249911195
106813,9898.061746567028
98343,14933.061741114801
83056,7439.823314378623
105721,21494.934808487887
89165,7541.2522770026
106402,12768.812987986796
77252,46647.17866666665
89194,8060.301133152249
76777,14897.705714151925
90569,13747.421967500048
93912,8642.492097614904
96848,6170.517153524825
87355,8959.746199557263
80539,34931.00471417344
105351,13224.78697060853
108019,6655.346998209871
91331,14161.902124450067
80814,12271.770563120937
95951,21163.361723027527
98392,9361.33963141381
99209,18872.010319144207
86085,9913.282688034968
84678,7945.419608240039
96534,13339.264688944702
93665,28875.977990960288
89832,12330.283789055635
85079,9431.907256772629
79425,12491.379968253974
96052,5108.5239633703495
96599,10308.262160222423
103705,19468.01262827894
78171,30430.827843178293
92005,19633.804448557337
101323,14330.937503464173
80398,20918.567545201397
82123,18698.18911975899
90262,6809.307728069889
93300,15048.203403481615
76795,16440.079556623932
91043,23192.778834588156
97362,14295.926204170339
98969,7793.287984774826
104826,12872.220304012586
84329,6336.148098433581
97976,12243.799695661135
96904,5695.056522281973
88148,13866.442918341878
94895,14474.13085162036
91122,27676.806399646655
108145,12597.273336887438
85476,14920.372848376499
97564,17499.500050522587
107770,41963.2512751323
106947,22276.784877761405
89548,14794.298014326943
79027,17218.106241876038
96032,19839.564806861224
100133,9686.479370811227
83191,9265.318662689713
82695,13535.195409535232
79273,49715.42167807366
95667,16862.328631671757
99578,14075.328728677785
84492,13258.147682099523
92353,14385.86934578742
106435,15346.58206435104
86655,15014.74268044455
106651,17020.532430517414
90268,8415.629353317463
98311,17219.90950591343
86971,7642.368815226859
88573,14239.493528449899
93189,18740.476979737854
87244,15285.295067160945
108207,8471.273825447648
95819,48292.97642681336
105846,26986.783892540174
102372,7538.27145227773
83616,14191.298841035761
92411,24563.691066327916
90395,12890.855980883796
104613,15909.88065034759
95808,26342.270964494306
98662,13192.504944509192
86066,12232.09198926165
77454,14700.962978278994
80846,17653.64929558944
89060,7576.110543426732
91975,14752.686632033332
84011,10859.04778417096
88315,12766.827706445214
95692,28426.587494152045
98373,11823.195208020836
97283,24332.082367629766
101495,9366.927738532197
81770,14564.93604727552
87458,15604.98339935905
102710,13946.080678370927
81205,30984.085359893317
97440,13324.239742339756
82618,7173.784317058773
104838,7978.515754522228
103606,12387.531652966953
91507,63258.993921906826
81463,14152.633482916228
76741,35967.46451058202
94422,20893.292657176666
99543,10062.570656296784
104044,19465.25093155837
83284,9949.694236427611
100834,15176.68302744323
108440,10152.49899441046
96881,7757.032183151541
103925,10325.665277229224
102881,13663.721793930112
78690,22369.10240241682
78052,27144.983952583367
103938,11710.528884245641
101271,9151.984238127538
76924,20556.094336486392
100415,12442.285685793457
78455,21656.71682337776
102811,11483.77996825396
85154,14255.19070825628
103761,11047.58512572904
77732,17545.6112360615
85957,16061.505646449707
96779,23081.364598111137
99061,15251.443274415791
106028,22230.69059355522
85889,21174.326935384346
97539,7952.0934459191
100890,14651.085833399517
96058,15941.95184556984
80216,18846.668064165355
93045,21629.87515296893
95789,14849.276805666623
89368,10515.56381737556
80917,21421.0119159985
93323,27374.25694999911
103669,14416.903091286664
81561,18981.245723907625
92214,29101.01953949615
86368,13933.241843199603
95070,19176.313074273243
80730,17788.281769063185
105647,17482.157910591388
104707,27502.107850701614
80353,18653.117455192154
98677,29202.811805555553
89445,9302.97388104297
98332,8493.807419292114
95929,14319.990184371183
88970,17512.426960970624
81272,15199.984247637052
77963,20999.6347067415
88285,17912.877519576836
88924,11947.409956337226
93562,29823.676739716462
89463,7262.090232920284
105407,13842.301354008363
80944,33707.12683668365
108099,25360.48570222413
89199,6382.727777215267
82756,14787.349486772493
79573,15151.049726875499
98847,10891.536329386901
100966,8068.873018945238
108500,25235.95718721432
103830,11536.947339370354
84043,9914.035927331026
84550,11688.95241938099
83946,8967.979114353619
86287,10529.923655005514
77598,16953.076576886073
92893,16465.7422922201
106936,16795.37979837322
101123,10107.429565658344
83943,11032.37423562554
89197,15198.055595362102
80185,64976.16895035792
82429,16160.051377684542
95864,20717.09589653496
100750,11893.000207094417
85497,6562.999070013754
99469,15720.686426295122
87667,7842.82290708429
78681,47394.10861111112
106579,16504.45729623275
97388,7629.895359971481
82487,11277.734594249137
80635,23328.50805555557
96378,8011.582305703998
77827,27649.22523842343
79045,32841.51604485306
95229,20754.908121707336
95387,16946.177348286175
101754,6936.2249744563715
90728,8191.826241876126
77618,27754.136143981308
79390,38228.92230555558
79449,18092.046706553567
107826,21291.075299302553
87026,12109.666668008484
77765,18743.498136742743
89691,14807.517403628186
91087,15597.643280413393
79770,28216.779672570192
79341,31837.532476559747
87532,14519.771783096874
104082,10396.49624950562
83169,6416.258269758759
107978,25628.93547980603
97466,11044.60885214592
98381,19004.04538384405
87614,13286.8472415859
84768,11498.176871197393
103605,6232.595240620491
107420,10606.013181399072
76099,47414.519055099925
81932,11169.79750877475
96233,10561.748414524676
103484,9798.672288551657
89608,13878.311378371909
91316,20584.42592617552
80424,11673.264859718423
83120,9843.041431850312
95888,20519.526094693472
103279,12510.99984381172
76800,12711.02015952768
102188,14614.497787843356
100147,5990.027540145891
107959,23526.978011205374
93341,16002.996810575363
87446,13611.76515605638
103554,8008.787836008179
83756,6548.9277177116865
86353,9387.532746021312
107874,22003.40493990314
78416,17159.695882129407
100911,11443.543380184119
86514,11368.682042484188
92702,31430.98642654716
76787,19178.14020364348
98523,24563.35714181049
88972,19324.96580936296
87370,15828.479640294052
107060,9846.725546983214
108186,12580.764520088102
90126,16287.902654298448
103874,6323.576582185572
88271,11187.444453949664
81752,13767.740045963978
78089,46852.379634312056
102383,12687.049347364447
76766,31840.72835258254
86120,10954.445731006743
82871,19433.316489727258
78647,28086.608261801524
92451,16255.073280508932
91743,22825.068940721416
96582,12134.33269722911
79729,19652.93276632015
78864,25286.206220150558
94728,20159.79367896409
90355,8493.523120189804
103777,14294.335296750025
96076,5059.346984133264
79201,26925.818780620215
106707,15429.509046923708
83836,8954.563476396643
82332,31028.16974532367
106545,31413.38182649972
107268,25657.205046275856
105459,6799.527379545638
99683,16961.706737030014
98385,15861.931411765436
103402,9273.754703787425
89402,12684.203617100813
87077,7097.934944987392
94222,23175.59640212317
89919,6934.2871395697475
80585,28180.939850437488
102406,4732.307276169703
95002,13892.039812478179
78216,18436.872222798163
81346,22775.89598823003
78309,18349.49904070911
93307,20162.207137558486
87233,4020.5915555555566
77093,9300.831658730162
86762,6884.6583918806255
94561,14823.189365360719
76392,73394.98688888884
76895,28136.03973496683
85419,15382.36946030917
101026,13874.27561667513
102584,7724.398392385696
81381,30565.900690093942
81761,50851.15616648384
98099,10220.795104006285
91347,14868.537648156114
100024,8050.099500244597
97924,12121.438164058898
100492,10985.618799455142
93559,23996.27647463263
103175,12492.917018794593
98122,15243.384851605184
84362,10949.770444012973
77943,19967.00376957476
87275,11394.828799126355
79991,14122.362666666662
102700,10655.004303312548
79660,47212.90123271546
105465,22481.162022486766
94354,26994.564050722034
96390,8046.932167141022
88763,27931.68986204483
87219,18201.372763461073
77221,27838.727424431392
78165,10844.08516155113
95069,22588.722659950585
85157,12915.131685336191
94547,12790.447484876713
80643,16923.968536440574
97499,8824.471617077186
81957,24890.99502265245
82538,11132.165061730972
83777,20593.756263317384
87927,14915.063806045695
82916,18699.135078360716
104146,12881.256678926125
105260,9404.20357649075
85483,13814.691689592157
102412,13788.25222789007
86508,8290.776591883274
102998,11074.299580723593
94493,32935.83283065953
93422,20308.785685710634
90033,11039.104007794054
92957,21325.47692882177
96584,12718.386824919151
103170,12136.364212339495
83550,16684.02030687504
76050,11418.907673886819
99903,9045.305738041814
95255,36154.147541353384
106697,24403.098331446727
91497,29778.434729055316
97177,9407.50969568435
101863,11332.65580647976
99298,7623.515898313721
106496,6107.080555555555
98770,25289.405689914798
101801,11873.458873238817
85037,13270.902659527635
104399,19818.68647370012
83980,4395.070746481231
97825,18851.67522074622
81924,23313.84344708994
104192,9651.225230902328
87130,8558.42940674897
79364,16029.105362932341
81388,11152.526429731288
94917,18834.511384421035
102119,11208.130434529645
84135,13142.534215709517
94992,25277.516316503763
81229,19688.798345447776
79503,19090.13241709336
84540,11367.251232908253
77881,9601.011103535351
104978,2274.9536256613746
107373,16306.16973162996
76208,16192.381648491519
88192,18323.85288796816
107010,51054.57389898991
93961,49226.20855283473
83957,19591.962546956467
85283,7773.377074106933
104226,7042.746625947615
79463,17409.478108801974
102587,13532.094611858118
90204,3142.8898238458296
103507,11698.984448584073
94351,30373.459483910825
95181,14414.098221895732
107410,22152.209698677776
86541,18118.190868050166
106281,20986.761264547113
77315,12052.81617827465
84485,9000.953568966477
77592,11369.388243957685
104262,25990.964668473345
81260,26975.557491596217
94417,63099.310468457465
83014,13754.427152893248
78192,20488.566265395384
85838,10674.032709719715
98395,22832.852953292135
92617,24463.75320728613
107538,8799.969514635855
102588,10555.4371154252
88950,11669.488662074506
101450,8444.25118077019
96101,13076.816618104203
90567,13081.366073793653
94383,33092.31966313172
82961,4411.037259787259
96591,8092.91038828192
77890,21041.559602697478
77801,17237.612139857953
85738,7303.316972664439
88580,17650.068999901636
88914,8933.197113023667
82206,20745.089021318232
107485,13683.217153292328
105203,26914.035361537215
82256,73199.78123653197
80181,31164.676495334617
88792,8378.478807023886
92581,19552.57416640792
101272,19993.053141727123
102359,9541.827132619903
85306,10029.326606874667
106078,19708.54505426789
82442,7540.723242486882
106313,19687.154316093507
107617,10991.546109371086
89719,17946.872275434267
91358,18482.087550612556
89676,33282.76085586217
86927,16718.62474029148
76819,27661.997997091865
96646,10125.64772209187
81533,36091.594156491636
89207,14063.53261759752
90282,7175.426810033723
94908,24161.284492759678
89890,9553.118608187413
103477,13614.911501945584
76090,20967.997208673532
84810,5751.088560996511
98323,11844.276121830319
100552,12273.884309524285
104719,10041.625595242565
90016,18472.924842773653
84632,6693.600051862486
99846,7777.249368606081
92362,26990.34883118228
81315,11447.270169604626
85084,17848.327080030605
86760,10213.682974937288
80297,17639.74528813127
93420,21943.682190310967
78563,20308.55169471289
100791,11708.815158703219
89019,7351.68439038227
101709,9009.705080230442
103419,6951.600575287375
96092,14979.006343836496
89891,6698.92571378467
86562,11711.995589611774
95874,26239.54158175299
99343,11646.217348321134
87586,8040.88536980455
103112,10514.789738095242
82740,10421.826689178099
81595,33306.24326251229
77578,7864.854553887739
94090,17503.414189594365
102873,9103.560942950022
103258,13090.634755550327
107497,7742.476846231086
101861,9003.470616209961
103997,25599.7157705883
79785,14561.595990084468
90250,6788.953498878371
93233,31768.648586731095
86527,12343.795846882973
86140,6245.454223396466
104063,9111.935702352577
77734,20030.800622241637
91652,21969.748069514124
97758,11145.204236187541
95096,16318.39949867725
106186,10273.241423854217
107960,26041.318263047473
78445,21510.125445462058
91886,21174.633248221075
82711,9442.781218552567
99248,8816.577651514306
91701,16343.86919374847
88172,9805.970739171142
83916,13631.990891526793
88883,12672.17505426147
90342,14849.479039429292
102042,12169.33568630216
96563,8463.124252016974
82344,21326.105490760467
102707,12813.273839118627
101718,12740.497148773777
102705,8267.474442103961
92589,29068.187573232644
84231,12086.344714864363
83534,8089.974976960827
85768,9292.100985649773
82141,11523.234483953584
87448,10672.299025669425
79569,6276.402222222224
82261,10219.569323757423
80605,13706.471040290899
91120,12618.981948277025
92482,20644.734901040963
99998,11219.524138088322
82202,18769.659773752264
105899,14672.491676004958
93653,18129.258169480516
94333,15251.947777111574
107717,13235.564395236312
107655,9415.055482770096
86240,15157.300017725605
88745,15579.90031884738
81723,32707.874752399126
84125,14179.019435116319
89476,14981.693067145623
79059,39551.31360942763
77879,12653.878356399466
82855,14795.912103274393
108513,32755.54264558465
83646,7235.115777197075
95702,31613.857211959497
84145,10022.041857946982
107629,26113.439412938907
81843,9202.60870761061
98863,9476.121534262476
95154,28308.273705988453
93275,26802.905357847107
94003,20571.402600270096
81095,17010.922400455012
81099,11628.588784389602
105527,12420.974122538004
89596,9888.477528936162
91007,24855.315847783277
80594,18890.83547792189
82782,10521.584542162007
92721,19283.933965440407
91718,26024.086161616167
87452,11941.328971868656
78098,10296.494537957029
84123,8831.868831969141
104672,13677.164128163557
105118,10323.531623576597
84690,13761.048504481741
88986,10540.541745509168
76028,24867.43429863351
92995,17472.423285846042
76275,32817.16727451443
103315,5295.805403066118
98168,18056.770945699944
93633,16053.89536369135
90151,12275.420711643439
105269,28215.575661816703
102604,2908.274104060457
89541,8544.79988657348
105694,32227.04513105174
80405,28735.72182803405
96001,16796.735187692386
96500,8946.345782036786
95235,17887.602596326982
88367,21486.125378197863
98850,15166.585082417847
105724,22531.466659003414
86451,12303.983485852003
86426,12516.877241165928
81213,31135.781952942114
98547,18621.434888379194
86461,6564.084059139471
99294,22655.842760873824
99597,11097.522952206291
92255,10108.919059015061
90097,22377.824491439947
102302,12496.906080244418
105746,10429.308016250921
86133,23579.308547998437
94950,55349.15695157459
103666,7882.201243218331
94750,19344.273554858413
92880,25010.576230530172
82349,18393.437621226996
107337,15020.52051453858
82954,7088.812704431545
89689,16164.019590349977
99034,12447.45511338352
79873,14030.291107022018
107966,21157.972323819202
88864,13387.177221723407
97942,24685.520946262415
97481,8837.282041401033
100313,9239.826688361803
99927,5963.365516921712
87287,9287.830905838264
99134,21888.55567533731
104705,18425.36284954404
86134,17229.540583651324
93028,25169.181651778963
80161,23359.25892301325
76639,22525.10402661508
79239,21545.211927660053
94244,20727.463459798397
103815,8490.54684933021
84445,16567.800860204177
85884,8774.451404294343
103496,10528.321133173387
88620,16725.42259810486
101448,6989.550912986566
100044,7426.9010916681555
98388,15673.634410365677
87610,9991.4831121029
82063,27801.633248797338
82211,36203.66608730159
91156,18802.874233100592
83323,8267.452195088668
100187,9112.42391495472
93117,23467.5632831223
82227,29544.766095380957
94263,14513.47282128
88207,8916.197659108522
87988,14904.832551312607
104687,20944.302042255735
79791,45890.29190131125
82242,21475.015504906347
80273,12136.536496394763
81542,28848.754014534075
90361,11692.59319525095
83914,19847.78540967673
103142,10559.250682544272
80137,25595.86728547379
103580,15256.95234811556
98328,9265.31193316924
95936,32886.07843152703
95189,29059.029345448856
97806,25645.792874527106
95829,10810.91121060665
98684,20394.134791933677
92494,19693.104627210185
83016,20036.905087263436
80865,18080.173345291925
94537,16334.84722890096
86293,13933.348163247543
100087,6412.423214877736
95534,17486.19140455131
80827,26861.772773809524
80610,13117.482167579185
97472,6275.782759480307
85523,7069.040954823357
100005,7925.236084368792
96618,34086.61842539975
104893,10000.910857066006
93688,37522.558266099484
86182,13480.716530162286
105091,20018.324682570554
103031,10622.594953265354
99359,6820.689368688605
101907,16439.33988825276
82914,13988.507879745941
83990,16100.925917243181
98598,19227.877580254644
85494,9196.384501436254
82922,10204.341727804831
82854,11285.026275514354
89024,18943.574943666034
91754,27045.046443547915
102699,4518.918503442925
96887,15271.9488928996
102671,11932.38522486078
80646,21713.685498209652
88146,12393.12382810669
82969,15255.265280554313
77225,19124.013005883
87443,7246.658864685442
91227,14134.794460578294
95731,16686.173111353528
95171,20155.871458561473
97076,17379.942846455397
98901,10648.014773470704
86013,8604.953173554177
80831,22464.276021949852
100258,7313.443369961946
103586,15688.23459755592
84553,15000.561402064806
84400,14784.588115188833
93434,47551.89985240154
86149,7008.103499954342
80336,25267.241743510174
104511,20611.706474397946
93127,20261.614303181395
86330,11066.470000064304
105082,11811.311601059811
101222,14209.50780181939
92606,23330.621807564818
90462,10761.42001306797
102123,11094.597608314745
83212,11127.382667393511
90403,14385.254351261894
79392,25022.94643451156
102630,16944.766498496872
85988,8686.978730595294
107908,20261.948774202297
80949,19142.457423460168
80517,13243.619668285566
97922,13038.322354025917
100296,9679.72441676704
93073,22046.90231265561
97137,7911.382243575631
88311,9314.743423337799
78021,16629.057410659476
81970,22092.276169969315
98957,7275.928971531981
99602,23193.334666666688
91417,13051.035525544874
89429,13603.244308446792
96535,16456.122369373632
80782,32196.319303612698
86889,18755.55600009545
79609,21069.011484899613
99497,12417.39808040462
99547,25542.77927739339
93817,3823.46138888889
91079,34833.76082484695
81962,15033.614586560623
85833,8409.801056708078
103305,8368.3324774586
94357,18055.103908496738
88736,9388.095450999992
105162,16787.86050169976
91131,24162.609992656035
84148,7319.392745167152
76377,17466.70859358468
76357,25427.576214312267
84675,16204.648128480667
83239,27725.832106733764
86317,8017.73982581188
93990,27145.967145745348
96357,8905.589558043626
89745,21156.93321805035
97141,19168.24250074276
82911,17493.828885764036
82943,7355.02803950401
96282,5197.960582777727
105885,20761.59558080699
80131,44862.451971115166
99806,21285.803471461433
105497,24338.091345282188
106447,23858.349812425688
107746,15367.46453930673
89523,16383.489938390041
84388,13373.16062940586
78166,29974.992412124073
103685,8118.563461760433
105018,9678.240272206385
102373,4164.195974318916
76988,21498.74475763931
81097,24128.135030904283
105521,22355.02370005652
99775,11969.995659005664
99766,9929.09452445142
101346,7870.565151742554
95228,4181.555530303031
75982,23811.888754862124
107142,6402.352785401007
86109,13866.611246773069
94195,19948.305532264792
80777,36436.502875559905
92612,26486.825628306866
99383,10192.76708889241
81686,22810.051475684653
88650,10739.611017330675
95681,14663.094046298855
100071,9693.850241041877
77554,30814.325461914763
103505,4307.000282637968
93281,19501.41299788049
107444,17690.147490708317
78752,21479.63158832458
103057,13195.009528909188
100248,12153.679139591486
98489,11681.108619590761
89189,15250.982564657355
81293,15309.732375399768
83285,9325.975867376927
99459,13638.848238002398
90810,7771.933071090618
82015,16142.06413836486
96132,16216.357229671743
80808,55157.592591880355
104685,16812.51912718393
80937,19179.18518589238
103328,9185.903026666487
76512,17444.928547012692
83456,13431.922781853571
95102,36615.73137072653
79692,24969.567434181445
107807,3886.7765409710414
99176,12320.973574584166
89632,10486.320290754104
85310,16843.144119839908
105676,15500.346834175947
96825,6210.945454297783
76640,10767.811042338413
99932,15361.265128486386
103568,13442.010156469885
100906,11099.124871425449
97420,15672.486011835603
86996,15928.801215211663
86948,10916.691559479365
77326,22965.271153519858
89296,14270.58544295423
83087,7506.729072230167
100477,9763.084823329897
84635,10548.096269908407
95060,29822.93035836733
79303,29247.525859248708
84026,8757.364561153337
87802,11278.37379609506
85561,8432.300534345575
95941,13764.142148268396
107662,19562.321321014522
105811,11434.206700183804
81618,15828.271381289114
95733,29972.61058238594
93613,14005.930162622599
82163,12505.08194444445
91734,27560.259322564332
87677,2614.568333333334
89816,8064.796757317946
106327,9272.410816509124
101799,9876.428631324225
106344,12034.572982310225
97705,24826.108612432654
86976,18700.708312691422
104847,19470.71433222099
103833,6733.551444089614
103482,9411.067974224477
96532,13662.86800137158
105817,11966.859210463483
80883,14547.322500120907
77825,45132.86817328043
98673,9481.778233101146
107364,7406.1874143465
88945,7601.911391312719
108307,17840.448505175704
78078,29736.025380273175
92490,22968.53883040935
89401,11289.900298394177
81002,15744.77045995331
93285,24684.26660706506
76796,29852.06120344464
99933,3681.1107222222226
103989,9391.239162423193
77504,15339.374688228443
77187,16612.519637711528
76477,10795.63739180913
104834,11476.100418992735
90656,19166.257427486304
86161,10636.524118917196
82503,15650.778014948368
95429,23737.936905162103
86123,20759.352721312705
85549,9661.02572005016
101443,9433.934970364895
89089,10761.638576946249
101004,7846.80191052082
98976,11416.439093431298
106328,43290.5707341475
101630,4940.86950855331
79682,14578.054032517337
107885,24406.73838979383
97206,6395.7394880115835
80721,29933.915700913432
96625,24874.348776859068
87687,14999.13899085061
91458,28282.297104249465
104683,11937.153725242824
104151,10010.943858917934
108346,33594.79243420955
101262,9667.714347643772
96543,16499.584981300795
102763,7852.2493189457755
81274,13079.490548347087
95280,10662.441672764611
82561,13572.339671114592
77783,15682.389574648558
95843,31116.529842567437
99776,6632.664716215717
79114,29772.682571836187
102376,13497.365003891153
101704,12480.623082431395
77297,20820.933374022658
80285,42716.163128659915
83467,5634.136666666666
101059,10336.248170033683
102229,12485.773298259448
84664,13387.563267123965
107750,19467.306701371854
102405,10165.368725856206
85553,9623.722495496539
89780,31197.802974508617
104268,9836.227593361657
102935,7073.029494465186
97898,11702.52604955475
103785,6131.398500998371
98529,20432.72118808739
93897,11977.910817082327
101766,11189.54949261057
95038,15324.356660033449
108350,21604.42422971119
103542,10191.623370064808
106061,41912.78633511132
82286,19093.74285240584
93548,32565.397881672638
89937,11931.611187742343
97650,20483.321763877535
77515,31413.90049356558
87466,15318.25453605957
87489,12292.286458635246
83029,6880.284468178004
78512,43173.550608797355
93310,21996.196217431167
99598,9933.462558534608
91341,16987.342072994677
82704,9515.83646494639
80819,5187.132166666666
82774,10908.421463106417
100367,9151.245918194552
80303,12544.430691629079
84897,10635.739709582958
81307,47417.99993638059
99687,9483.698550451605
85321,13437.627814159228
80702,13175.47662840537
103843,8957.281326738728
98898,6908.116757376337
87147,11918.818316566661
97662,8779.759680009773
97518,13490.58970356148
100217,5045.900177877454
94513,27665.062965090445
77035,11895.539622400262
103165,7601.810865982073
77140,6805.933333333332
103771,12950.20572097321
95993,22141.296569264967
83624,16029.451588800077
97945,9192.297001622677
87103,6590.881007032907
107640,13999.401802058173
99549,10790.746202648263
80464,15934.083600448672
99623,13350.512066060353
103689,16760.421548063856
97337,9449.925424043337
84308,15265.090714285721
81459,22767.30168568141
104126,29965.979976580707
97303,31937.564158730154
95139,18276.36416789789
93074,34619.17369710076
102368,9440.926688004767
78475,10447.789151705229
80333,24878.536144374753
80144,12369.953730056764
100439,7710.089985446769
108154,20638.900836799115
107137,35733.446028941944
92752,28486.799170644288
89896,12241.625904447554
90485,37018.731093314076
83159,12412.6695747582
76671,17334.601465042648
96849,12216.385271991761
93722,38887.216444444435
107787,7670.397737452405
90164,14746.797670614213
84760,14085.739283532075
90370,8223.64921756108
88117,9636.738951484967
89557,11726.10746291915
98274,2813.0347222222226
97325,8713.774128701638
78887,26959.155430438914
90525,19207.513738395297
86491,23348.45651493457
81617,9236.390549364056
96123,8562.018060118411
79413,14277.0443764632
88016,11783.365678501003
104681,22404.77890033719
83330,8084.085882715328
99163,6639.608983955407
102236,7751.907961233337
78116,17209.846597397154
81077,21324.983380932135
81046,30315.236302485257
93928,27434.294081280732
96436,9753.191825977934
93479,16102.52092081688
92021,28294.788901875083
95143,18468.09911979596
90500,13036.289332648857
78940,17041.206081637974
94861,15696.960727537253
81961,15148.270272486769
87630,9076.56215227537
101224,13801.134574669
103357,7406.415497496125
99521,16156.97645886194
103897,15496.404130450934
76701,9999.9098181027
83560,10035.163706179952
83516,18303.30557152247
76385,14717.817222069601
87311,17919.92999264474
102065,9643.23320565126
81718,22472.88037704408
100025,15380.249926068105
93182,27896.24163821219
79240,21195.830862282597
96331,15447.111629731144
84781,12193.285551928411
100663,3617.247432217651
76390,25615.78938427899
87234,10271.298575061091
85790,18172.709717177797
91278,22613.91722401028
92254,22409.206400142724
99105,6363.4878704267685
101324,12033.64244641158
104734,9928.674612601575
103445,18495.25824742541
103323,9369.201098252574
78055,24145.994178779434
101302,12968.040868737024
103095,10160.72537163414
88134,6814.816981538551
79346,13602.907487132034
81699,16739.95333035131
96464,24395.649114975608
86609,10695.48866176077
96737,26500.863598993874
100080,13803.436767007463
93423,22907.050905961485
79886,23534.308422091104
89452,12838.67791648262
81509,14644.84810068124
83975,20021.42057032315
81360,7433.794750628153
98089,8888.053979551847
104047,28269.461660163804
78711,18850.12521493937
81025,23739.729959212906
79973,17018.035634294225
102117,16542.201248059308
78400,47090.46954282532
87911,11250.79414424751
82806,15725.401138438117
102480,10108.727469857904
94044,19663.71674632334
76824,9012.78711111111
104095,16351.307848356435
98660,11169.23382539682
101444,11479.257453269196
92320,49710.63230208023
105141,15157.580429911372
106950,10823.608171989828
81851,28659.656521703197
100884,11824.362217032507
95196,18666.361131966016
103636,4260.3672499999975
80584,17702.633578372093
92337,17457.4478379117
85513,8039.552737880331
85180,13335.93458059791
103365,11696.4616212208
85796,15972.8422352928
78462,29128.509624758306
87895,9079.161277394347
99262,11217.31720164445
83363,9929.137646187794
103800,12435.582713622889
78822,11139.520192071688
107816,22851.3642791916
90042,10211.0930054587
99022,13254.21697403656
81854,25357.90610423969
102619,12771.18248147197
80425,20395.278972765736
102306,14387.168365753867
99778,15798.943588379494
105957,19274.28912786822
102184,11788.49051902042
105195,9996.514283301283
98841,10246.164107438757
78452,35216.595066899965
98974,11774.28717599869
86430,10791.354388532516
87124,8479.122554971174
105872,20942.48962787903
108077,15878.050046315644
103608,10603.323062951154
89218,11009.671781248773
106418,18463.251089493388
94498,10470.118777777772
89269,17370.161881749173
87283,10191.234484652872
97545,10343.895079473488
85408,16171.78674944891
104594,8762.100106463135
103905,9233.634114793458
95101,24726.837559257016
83226,11473.97865077041
89257,16357.125350776101
79479,11156.206971435977
77652,19622.971709076104
96606,10519.089367760134
95504,3191.3204992464925
84103,9991.308490398247
102843,9041.528683634364
99361,8946.845933734332
91098,18035.84969412337
92937,14742.914644394601
85635,11635.617794668902
105348,12574.685764970085
96427,22199.486397365396
89473,17132.23773618924
79316,19479.697789321795
89157,18623.63778091983
92217,14546.953301226546
99761,22277.331939249427
88748,12749.441608917752
96029,23906.643507799843
92916,28089.05345060189
81210,16168.215273237094
83778,22097.4998456159
89380,11502.588619245053
103398,2122.894651090695
92869,32334.945119047617
105278,21294.354935257452
77054,17456.354454940916
94021,21530.636313597915
85177,11084.366858575213
77904,22385.631119535432
99917,15302.174472416704
77123,27789.578236307898
95195,20821.502412108723
81922,33797.68104100198
84281,18962.654124710487
101289,15224.275387513997
108200,25860.35346103895
90235,11037.821434339403
81150,32695.55484960281
104224,17859.940965369715
90071,12735.080474734503
93187,30138.412182530916
84284,12755.346092315787
97109,9102.862424811874
102231,10065.548994219584
108093,9286.927665011075
108443,38327.85840362811
92992,13977.678395901474
80438,64340.75928018282
104913,12553.270348235186
82772,9827.492510455975
83960,12811.954179766813
83052,16463.795165387066
82939,7739.755721342249
91175,25334.392687976957
80115,24476.410938139747
99384,9343.084486806796
101540,11967.515061736569
76849,35209.92265759256
97226,12981.193561840972
97672,20652.412708861124
97579,8304.773490394004
92361,27578.91204706573
91952,41919.3025
79024,17705.65104445262
98048,15601.766790580119
95481,22967.392614919503
90572,11356.220153476597
91301,19798.570280635722
103209,9911.061239996925
78464,13979.637906120199
91311,25071.48113763806
105722,19215.89565385973
96211,11229.888281023112
105482,8136.504112182537
80750,62046.376702961825
85880,16417.51993725266
106997,19792.036838406006
99866,22463.219090779017
107262,12868.525531821257
98814,3249.324777777778
98650,7547.709844514178
93505,13411.373349555079
103810,15051.541973181034
92931,56654.59185966725
96126,8475.247746738483
104285,5122.232676721493
96503,12946.271064427016
76826,20102.702956073546
102531,10503.336196205933
86939,13488.291638896053
98276,9515.159368997356
89094,6665.107980288095
89376,8356.671624429318
101715,8346.210399159661
98971,8269.958292993335
98359,12301.488309963983
101520,9927.938793416457
86866,10309.409586792013
80468,17707.556952807656
84146,8849.250741234668
82628,10930.745898957806
88012,16871.05916193172
78341,14646.058984126992
104664,9581.124322250858
80753,22971.804977440293
88296,13594.22477230695
100349,10202.101736561075
95307,22688.157926674987
97982,20436.560382427746
99328,20796.980974275193
84689,6678.082337355437
86620,7922.3954960415185
105565,11115.981426479997
94198,43100.7813267196
81959,6572.882222222228
92894,35106.02211724586
95163,20113.76671821402
81774,17240.058557206678
97953,6814.513169283545
83179,11816.347355826714
83316,8890.310242942676
88506,14864.713669789033
83533,9693.836389966247
84069,11004.807306800996
103724,8299.195159701092
76757,19283.043457575022
88222,19028.96305051717
77382,16600.526625077324
86702,17816.212843215846
92511,13211.520998136357
100163,14055.325597775016
78982,22101.82864207926
94043,15376.589729257226
87066,12709.32564397467
79987,27874.365673510645
83428,18493.59394523744
88886,19791.42318043674
79836,16642.759502153633
95090,21253.480715469213
77868,23040.847036417337
81415,22505.727500000008
76542,24845.21779811215
99066,9529.98507788128
98211,13768.41591238607
77789,13085.029912037038
102614,10578.679195096713
100676,7652.2038962254455
95751,16314.399359105611
95684,18947.258690232637
108508,16358.340819286837
82075,16615.24547270874
78948,18178.570751507355
93337,20915.91448042567
86465,16521.356073214596
76163,26162.138243805708
101688,9991.558169419868
97445,19490.662467148377
76672,30369.653038990462
108153,27132.610075396817
92963,26335.04599588801
88441,12185.342612248369
76274,14670.424247252751
107189,9029.504330984322
79393,11263.373880937048
94684,34723.79011073006
77033,6838.190277777779
106413,21760.604765358075
90407,22562.427220068013
86730,10626.535317845992
79417,24374.030408730145
93426,30511.805031937285
86689,6299.36724606613
94562,22459.91076169174
101792,17863.023177489184
99696,12238.012439406732
84181,19894.553488368518
83652,20407.683558630513
87285,8628.264688993499
105860,5638.68616404453
80615,26629.842225178963
100040,7098.288542103609
88919,13196.302795481115
84980,11495.288012011913
83969,13279.582165580196
103616,6108.182153250362
105097,14173.520654628575
81573,27961.78576932745
85124,16303.052634266294
82995,15514.736529876329
106976,10619.98474085964
97250,17951.040986392913
91609,16099.143627015712
92582,29691.148472755478
106719,13670.725197237489
95711,21850.075580746474
81868,28781.916102322866
86650,9834.007504048395
84727,7744.6026066156055
79409,11312.872314607404
90538,16760.485199979015
90346,7180.5315784620725
94050,41234.09489316237
82866,9865.666305668525
93402,14822.947272616519
95803,58544.394515873
88730,18352.411676998505
84023,16168.828133730363
85119,15070.731238321323
80528,28200.29941624837
103284,8509.277686540137
87269,9016.507865589052
80708,15624.584700521851
96853,18991.15943431855
77191,22212.226145566103
89419,14486.682880960325
106060,10876.647180886315
98372,4350.430800489408
102076,9924.161149247233
79960,28436.607333891105
97268,13888.499374771
101849,15374.842294361553
96850,25607.62619663016
99301,6672.738409732518
81672,21106.351922016653
100709,11916.686911366683
104616,9915.114550915217
89965,8623.732671506563
93313,12373.721776963668
104340,12735.615601037956
103783,10485.475470228257
78842,31091.20547754842
87942,10928.497743387341
96790,8341.907141193593
97330,10728.540487161394
90180,10736.372457296024
78934,29534.57967516214
90145,23855.997583276676
78173,20356.000713999023
92455,30350.317513227517
81565,23248.486667936915
78530,27861.536855682836
103732,13931.668296842689
91559,24701.94538888889
100802,10679.51936066469
104472,30134.305687206474
96556,8316.263332354696
85610,9770.908032291774
81512,38832.75103664242
94005,28493.695307560698
88847,11205.353174321077
105272,19430.68117967368
88156,7289.47665808651
102245,10976.744960769694
103740,12557.729946524063
98554,2001.0
82268,11617.394682839733
80472,13414.957850424196
77127,24343.239121338192
94612,12299.299554117284
91124,32272.575484884735
85847,15083.12181742078
95527,24122.3736268169
83373,16757.03192958776
86221,16330.380178113855
83131,16461.682239743903
104639,19935.915517536996
108323,44316.398389759815
95465,19341.68178178342
96905,17142.219044603054
104272,15718.095272163293
90562,19396.312269751223
81396,32810.56923908735
107589,14588.075604744734
78022,15359.863467912339
89141,23359.126348087015
87808,12205.499044648715
92344,15319.050099117638
85181,16457.834848971564
101172,5540.519478334932
107038,13965.006114567423
108214,50767.86955158725
90048,9196.764157056212
92619,21971.411181444975
106279,10745.180665042262
103918,12545.960731400775
96418,28242.46824524201
97891,12321.785652457074
90459,8469.617993434878
90230,16802.548842258253
82589,15718.815883302741
84093,7380.314759779458
84128,17294.281565113477
77775,22686.29792520987
80709,15915.455819310524
87084,17807.33567955965
78358,27030.31738681674
99051,7407.396061107723
81732,12859.457822350572
94316,37900.222505822334
95333,26952.87404250055
84653,8128.91713584571
94200,23930.613210874355
77707,25334.307725336348
78884,8763.63899982912
87384,14521.452803310935
84311,12188.651210430746
106179,6371.390099573028
77959,48824.908077922104
101918,11396.580460036721
82519,13713.126928991322
90216,6746.47137579104
99455,9332.09073686416
78784,30569.624823848215
93016,22741.98428234698
102343,7562.946338839576
91681,24883.70302484655
94868,15599.170963032715
87562,7244.932050911448
96639,17557.126283975962
85312,19422.27951557111
103821,6772.088648068021
101157,13762.951146171232
98644,8615.026769374037
91060,20517.66767051621
87747,12593.160173945347
77903,24405.462987119077
99482,19032.636400656083
76170,17981.5663900057
83750,16405.587665304625
95288,11677.64671672861
83977,18901.53932062601
78300,22972.62897783026
80362,7448.15911179241
101315,10970.501552433569
88661,5701.196531899593
96575,27966.1306671021
87420,16309.463644639518
76175,9509.30829126039
95867,26494.596931157714
80904,32317.88443033897
106939,14312.283839314723
97892,10381.126694638808
102282,15693.664715700841
81764,19069.784225028656
103326,11478.253780737969
94064,25476.9137046622
97529,21364.11495269562
97606,4992.050403167054
89922,21117.434094761527
104023,12588.93033892638
98885,7980.005327800073
83365,12333.290275786454
81828,51258.21920105821
100521,11246.290548381337
76827,7189.72087759377
89850,8986.118989021958
90528,13141.629792062444
80710,24400.333936089282
104646,12994.114516465073
102709,11432.579399170523
93055,16433.544450263762
103701,19684.09651587302
103548,8403.852080214067
96053,8400.354177326022
77609,32392.52731395137
99637,16514.921630246427
99911,17195.387600529102
87622,13242.20125161667
95938,16438.660479942053
93648,17298.950733899554
105208,19561.906688753555
82558,22972.20534127486
89781,22199.8951469148
94210,48108.70545393981
97589,26151.418470460354
96120,14303.981543056047
79277,27602.700134920637
93852,25969.369284067398
106276,13418.1533540337
104292,21024.017914861182
103994,17311.172814240224
83967,13140.479275709986
77971,23595.046408523922
76636,30512.309606499137
105328,13050.774666477735
89518,8570.84088977641
107941,10974.35705882522
79721,25088.982771752137
96770,8604.625720467628
105293,8876.609565469133
81503,43990.25419973072
97932,14108.745349832348
101258,10023.125029547986
83499,7755.158260560939
85447,11827.74665595944
98221,9600.67688244433
105617,22139.959592389823
103224,7682.2379217641665
82749,5291.57640538943
104578,17005.178059177182
77279,30150.697111111116
106045,26227.261547636455
106053,8893.502628001814
99749,15696.546317921724
102786,14604.482784023574
87467,12105.784312976415
97949,8105.89175958452
91680,26270.45882063798
86203,17463.10471752799
102078,6915.287122849682
94020,21831.11011207779
97807,13140.90119046604
86146,11936.930427966987
92130,22702.45114992173
108463,13672.865202158304
79600,25579.808273584902
89904,9085.629504482917
105696,12349.550923661422
105440,11476.541622757375
78666,24745.002709658213
87225,8029.240784026089
92285,30576.933479557483
85762,8144.741835925664
107249,8547.615728967434
86894,8246.05516857524
86790,20741.304175010046
98272,13610.496636343396
95514,15677.881427704642
103863,12500.369005197654
85887,10667.26919045259
92171,17716.16810789387
105828,19597.82878350256
99025,6358.400493644104
77032,7688.521519493869
96993,17214.19794897316
95599,13725.207871743363
77651,38105.295522567714
99249,8607.859458258927
82347,30086.29413811578
83547,14113.764994413237
90793,7152.948030033484
94114,4295.364444444445
98376,16349.394565539906
88356,14223.870772960094
97473,9456.560300964984
84728,15067.516780746995
99765,9372.576910464973
95147,24471.301575818223
93220,25420.451351851865
91907,28905.64815239061
100215,8697.632288942637
93841,24305.859901966796
99392,10349.424849437648
100078,10914.47454065491
98334,28745.76193345607
97491,6939.099899318273
76179,13479.34247893691
96845,19149.996934655173
99295,13494.72127730251
101419,5945.092211182444
88658,16016.752795081424
82883,19434.8168057446
76475,10086.112536001756
99742,21666.285156695383
93385,29523.58106786359
96197,7935.234407313104
103239,13655.534323290407
89746,14799.959771658394
84083,17713.817545150752
90921,41255.59966768416
81029,33620.2024705047
85735,15701.004695109228
100511,7296.451673844794
86938,10276.861109563662
106540,12544.750718134148
95088,19895.11733596565
106791,25973.405847927435
101353,5803.513988159983
90012,8372.772263394167
87810,9956.392174356983
78427,25302.666858512413
105147,21978.201341999178
99572,22616.293178017015
95461,37762.3221089466
91238,24869.333045217703
89040,22962.29146547955
106508,15158.753317130202
84365,11392.482500000004
98635,14400.662270383844
95456,26869.952652651788
82157,25218.399922435477
107710,15183.80796777114
102827,9117.546860192988
79534,23758.513451540708
81865,26495.409767589215
88639,15549.695362547927
106981,28513.47990456379
105063,8858.665511672052
89959,13108.795669575238
76364,20093.667225913938
82709,11207.949381599708
97975,7727.746834591973
81231,28196.594355117897
91395,20596.087258017837
102044,10227.829183653212
78668,13351.887979042132
78000,18420.857204169715
105797,19746.002197774826
97820,18766.146078791193
78541,17424.00189124502
83979,24107.1725296798
92189,27513.722382756125
92421,35791.42589189579
104433,14894.20832360047
94419,22872.461658930268
81249,49627.864084053654
83181,13768.419694383152
101041,4532.395257180399
84544,7507.5609981152475
82304,24636.813254125642
97216,23014.80340609713
106909,22230.452212308817
88158,6671.899167943453
97244,25873.4133888889
85241,18332.783982453228
93235,26700.35873859325
84502,18296.438655472106
100273,10279.660499817952
99220,8799.458991813684
100249,8225.498611428622
98796,11091.987868636968
100226,9628.711876790132
76989,58313.26900727052
101824,14239.000359804264
104347,17963.079053316564
83602,11912.719778792874
105100,31462.41822875241
87507,8566.279446188615
105460,20122.249413664405
106962,17147.422236725724
76968,18882.165444423368
102530,10712.273782120426
80270,31471.131343434343
76134,12602.55237698412
81648,23454.131992017803
82846,10823.939751920583
107094,28285.216282934125
88963,11777.924138844828
85665,14809.00874405285
83962,10602.28461700663
96200,12985.14500639283
89390,8468.896206961834
86778,8077.586033712556
87626,13018.151338646732
76994,14798.477977336823
95430,14296.982123256379
99912,9631.78777192957
79916,33838.95527512629
77558,36788.13513479588
102504,4714.4681335877085
79125,17407.09569353523
90514,16410.43001457268
84199,11094.832439306378
88179,13522.12587994934
93132,28101.679819451354
103105,15738.109355676723
91760,27761.841002891586
102027,15262.48665384454
99456,10366.448844094157
97843,8690.420306265449
98592,24505.427014550565
101912,8715.512564659128
99398,8811.12113278306
78585,16952.160747193662
99870,11804.86672143688
86989,17118.63038893502
86206,9253.690420603662
84406,9403.27124210466
86226,4973.016055555555
86528,13480.81289389567
84765,12378.35084554208
86600,9780.954049793745
97750,32910.26752194285
90475,9059.408229544939
103437,7682.867216732041
106713,16871.479744745608
84811,15994.267236830185
79863,35470.938402456944
79529,18690.828074091707
87367,12919.065139992783
93885,24473.898891217636
107524,11097.140014864442
77240,26079.79371173857
100091,11229.620978087265
77872,19185.879511363633
97015,26008.944073142582
78978,18907.43004737251
95091,20312.634887502583
107650,18129.297541820342
76162,31087.94481040996
102355,12193.543995998467
101524,10157.06054788929
78720,27635.778391534386
108192,31175.002779760423
94404,14453.193978831572
100206,11547.29477962058
94915,28860.27969034958
101631,7318.840743205148
84639,11682.177672003745
108277,19624.950714660015
103453,9971.035768511954
105392,18104.061685875666
82369,8932.188042480817
104666,9555.882085935444
95742,28821.561891046484
96912,12871.473904531018
93541,24214.904755126063
82393,19065.275618098283
81024,12854.143103530634
81284,17960.0157633742
78406,21250.012563492062
99306,11216.764692109682
108130,7628.087255708981
106160,18455.39063515001
102940,15041.693582611832
76742,21349.299104591544
108025,13241.53918707399
77658,25188.90021254375
84295,12671.270830175712
91996,15081.603189685316
103468,11153.32224622384
87336,10090.206064024607
103993,24199.619693954697
90396,7570.1790962768955
97935,9820.836882176263
80399,36066.48819284418
105883,10647.188391834508
92823,25273.04040006824
82238,21022.524360805866
98091,18519.477724203665
87257,11236.479236965048
87937,9357.174797828215
97548,16143.208472202527
105775,17356.852024839707
81363,35858.46733877116
76833,33663.771149395565
91768,19683.27334131147
99627,11422.602324435004
