carID,price
75973,9290.44
75974,21363.67
75975,29966.27
75976,26648.13
75977,15425.5
75978,21888.0
75979,32809.46
75980,25624.56
75981,15758.95
75982,24093.15
75983,35338.93
75984,16561.04
75985,32695.71
75986,49740.63
75987,15430.63
75988,23117.27
75989,15728.11
75990,12823.09
75991,18146.0
75992,23418.63
75993,58999.67
75994,22583.43
75995,12513.98
75996,19753.97
75997,10562.02
75998,14792.61
75999,17962.55
76000,13722.86
76001,12092.49
76002,11988.15
76003,13319.52
76004,19548.06
76005,27984.93
76006,26214.85
76007,15876.31
76008,50581.58
76009,16951.2
76010,26188.54
76011,31170.93
76012,20798.06
76013,24311.82
76014,12233.15
76015,33961.7
76016,28994.92
76017,23453.62
76018,10957.3
76019,11588.77
76020,28213.4
76021,19570.09
76022,16969.89
76023,17085.85
76024,23630.78
76025,21496.01
76026,38669.56
76027,11602.73
76028,23705.6
76029,11894.09
76030,17311.13
76031,9345.19
76032,14460.57
76033,28205.12
76034,9207.54
76035,21842.42
76036,18391.48
76037,35685.67
76038,21817.08
76039,14262.22
76040,16659.42
76041,22184.71
76042,22779.19
76043,18618.18
76044,21663.79
76045,12004.68
76046,14704.22
76047,11677.45
76048,49084.96
76049,22696.6
76050,12754.3
76051,20062.29
76052,23134.4
76053,19063.64
76054,11833.74
76055,17709.81
76056,20262.44
76057,24608.7
76058,19096.31
76059,14691.63
76060,21031.64
76061,20289.85
76062,9817.36
76063,36836.97
76064,48793.62
76065,17201.53
76066,20012.61
76067,19902.93
76068,16002.45
76069,28544.84
76070,21766.1
76071,16352.51
76072,29660.99
76073,19256.88
76074,14540.78
76075,33839.14
76076,27173.21
76077,18514.88
76078,12876.56
76079,20166.31
76080,17622.88
76081,24374.98
76082,13625.42
76083,26645.98
76084,17692.89
76085,18077.78
76086,13799.02
76087,10555.33
76088,19653.14
76089,27177.59
76090,20802.78
76091,22035.46
76092,27441.16
76093,32841.4
76094,13887.97
76095,20819.04
76096,10636.7
76097,18846.06
76098,28902.67
76099,47182.04
76100,16605.7
76101,22808.65
76102,20543.35
76103,22248.63
76104,17424.59
76105,15910.14
76106,28557.94
76107,32226.7
76108,17405.96
76109,9993.59
76110,11447.78
76111,19194.85
76112,30245.42
76113,20786.76
76114,14946.97
76115,20645.4
76116,18326.88
76117,13913.77
76118,25114.11
76119,21151.44
76120,4799.25
76121,18667.87
76122,28632.35
76123,28354.5
76124,19672.2
76125,21951.11
76126,21428.78
76127,17272.73
76128,16423.41
76129,33431.14
76130,14637.77
76131,16370.29
76132,20740.17
76133,17526.29
76134,14129.08
76135,16968.61
76136,21474.96
76137,11421.19
76138,19979.78
76139,17462.03
76140,19811.23
76141,17259.51
76142,29640.91
76143,18102.04
76144,15122.99
76145,26532.64
76146,17320.27
76147,32595.65
76148,26015.83
76149,15222.91
76150,37309.45
76151,15751.43
76152,29178.54
76153,47414.57
76154,31409.58
76155,13211.74
76156,36350.0
76157,11021.49
76158,13646.77
76159,23734.83
76160,31387.71
76161,19038.72
76162,33873.44
76163,26535.54
76164,32979.99
76165,19343.51
76166,13027.75
76167,15188.65
76168,29750.3
76169,13596.46
76170,17568.09
76171,28940.85
76172,42597.47
76173,32373.77
76174,35468.23
76175,9854.86
76176,16053.56
76177,11450.9
76178,22578.93
76179,12197.57
76180,48856.62
76181,25707.18
76182,30827.76
76183,29517.32
76184,4055.98
76185,40085.54
76186,13971.68
76187,29547.09
76188,35749.08
76189,17894.69
76190,11729.05
76191,26808.82
76192,15981.86
76193,17182.49
76194,13373.34
76195,16400.37
76196,10507.22
76197,15654.52
76198,15753.97
76199,19822.08
76200,18213.78
76201,39521.82
76202,15959.35
76203,19431.75
76204,14822.98
76205,30539.55
76206,52363.98
76207,35534.61
76208,13951.01
76209,20078.57
76210,26965.16
76211,33935.52
76212,18431.19
76213,18193.58
76214,22447.14
76215,12760.37
76216,33048.19
76217,15411.88
76218,56180.25
76219,16544.74
76220,11484.01
76221,11743.99
76222,26519.45
76223,28180.85
76224,16493.25
76225,10252.48
76226,22439.87
76227,17620.2
76228,22999.36
76229,17267.24
76230,17913.19
76231,54764.04
76232,12532.75
76233,21264.51
76234,20676.24
76235,47051.3
76236,30808.9
76237,22688.01
76238,40615.11
76239,29941.61
76240,19804.62
76241,13024.19
76242,15120.82
76243,11328.71
76244,32537.6
76245,20460.67
76246,33287.42
76247,31245.46
76248,24620.79
76249,44678.42
76250,32316.63
76251,19200.41
76252,14627.61
76253,22361.44
76254,16207.38
76255,15043.52
76256,29710.57
76257,11461.49
76258,25158.3
76259,19506.08
76260,36493.67
76261,13962.27
76262,32812.05
76263,3550.58
76264,17111.11
76265,26321.84
76266,15882.67
76267,32911.89
76268,29348.32
76269,26159.44
76270,16587.61
76271,11866.63
76272,20658.84
76273,15705.71
76274,15653.21
76275,32305.36
76276,11167.7
76277,23979.51
76278,18116.29
76279,26837.75
76280,32933.23
76281,11064.03
76282,19501.91
76283,19402.74
76284,16464.94
76285,21199.83
76286,19126.87
76287,14458.44
76288,25599.61
76289,32455.97
76290,6186.75
76291,28740.88
76292,20517.12
76293,17848.06
76294,21542.41
76295,28876.39
76296,19556.71
76297,30638.55
76298,12841.08
76299,14948.19
76300,39209.2
76301,14090.45
76302,22265.15
76303,12857.84
76304,26463.63
76305,31410.75
76306,21325.69
76307,14246.14
76308,43572.94
76309,20458.44
76310,34379.2
76311,10815.58
76312,18132.25
76313,9484.98
76314,19522.97
76315,25090.41
76316,18778.55
76317,14321.31
76318,20433.72
76319,17862.86
76320,16274.88
76321,27662.89
76322,58232.17
76323,20374.96
76324,18280.19
76325,33451.78
76326,49565.94
76327,34439.47
76328,47760.45
76329,29618.58
76330,15189.03
76331,16809.46
76332,30643.37
76333,13534.77
76334,22010.75
76335,18028.36
76336,30492.85
76337,56807.9
76338,27987.73
76339,21737.36
76340,19843.73
76341,12652.22
76342,16473.78
76343,15205.18
76344,16102.69
76345,29210.54
76346,11988.49
76347,22641.26
76348,7200.39
76349,54708.73
76350,8661.73
76351,22050.38
76352,17062.16
76353,38753.02
76354,20389.13
76355,22871.87
76356,11065.67
76357,25880.6
76358,13923.33
76359,24834.1
76360,14021.52
76361,19054.99
76362,24239.2
76363,19990.24
76364,20415.82
76365,17121.58
76366,32912.15
76367,7755.14
76368,18240.69
76369,15517.09
76370,14914.24
76371,17989.67
76372,23151.67
76373,20950.67
76374,23561.63
76375,20704.37
76376,14406.56
76377,18200.39
76378,24343.78
76379,21223.46
76380,19729.34
76381,20025.46
76382,18832.12
76383,14197.91
76384,47557.95
76385,14930.49
76386,31098.75
76387,12156.38
76388,22172.69
76389,19189.01
76390,21404.66
76391,43306.61
76392,77351.77
76393,29693.38
76394,21417.84
76395,22344.93
76396,12258.36
76397,21148.75
76398,24978.4
76399,23704.18
76400,28214.77
76401,16759.86
76402,11170.83
76403,16501.49
76404,20534.0
76405,21362.84
76406,22620.24
76407,22096.29
76408,43552.98
76409,21668.11
76410,17812.28
76411,18418.35
76412,45335.21
76413,7984.23
76414,16558.2
76415,20671.9
76416,27310.3
76417,28958.22
76418,21322.62
76419,23419.31
76420,15376.18
76421,16962.17
76422,21224.65
76423,21542.5
76424,3976.91
76425,24728.4
76426,14134.66
76427,23929.61
76428,18332.41
76429,36918.93
76430,22679.63
76431,22815.17
76432,23076.48
76433,16101.24
76434,19347.48
76435,58642.37
76436,13491.47
76437,16344.34
76438,27735.3
76439,34279.51
76440,21294.96
76441,31614.3
76442,31586.28
76443,13081.73
76444,32507.31
76445,47557.95
76446,50496.29
76447,30602.94
76448,23787.17
76449,27167.61
76450,53717.82
76451,35802.62
76452,32183.68
76453,27063.54
76454,22134.29
76455,22166.35
76456,19391.58
76457,19740.4
76458,14671.0
76459,34496.68
76460,11454.91
76461,31398.0
76462,49723.76
76463,26800.52
76464,11643.18
76465,15918.46
76466,21752.68
76467,12518.92
76468,10338.44
76469,5002.42
76470,26668.88
76471,26390.79
76472,11361.42
76473,17321.46
76474,22093.53
76475,11331.45
76476,10782.89
76477,10747.07
76478,19289.81
76479,17918.67
76480,22108.2
76481,12007.02
76482,11796.44
76483,31784.54
76484,18473.41
76485,19574.12
76486,14919.21
76487,10792.48
76488,19348.83
76489,14192.53
76490,27032.11
76491,17404.92
76492,22431.15
76493,16689.67
76494,20216.45
76495,23735.34
76496,14183.67
76497,51240.36
76498,34709.37
76499,15806.04
76500,15255.21
76501,22137.42
76502,33270.51
76503,18291.58
76504,20516.83
76505,14803.27
76506,25194.2
76507,16296.17
76508,22031.99
76509,28578.74
76510,12081.09
76511,20077.78
76512,18786.0
76513,18649.04
76514,20543.38
76515,5337.5
76516,19230.99
76517,14628.66
76518,27492.77
76519,34964.55
76520,16981.01
76521,26822.02
76522,29617.36
76523,21661.81
76524,53914.54
76525,11326.95
76526,26741.23
76527,14021.07
76528,19444.42
76529,20938.22
76530,12163.59
76531,15203.69
76532,16942.69
76533,10106.97
76534,31348.2
76535,11749.42
76536,31679.09
76537,11506.24
76538,21552.5
76539,9829.84
76540,39583.97
76541,10442.2
76542,25389.08
76543,27532.16
76544,55444.47
76545,17478.48
76546,35468.23
76547,48008.3
76548,16792.84
76549,5016.01
76550,19798.27
76551,48862.97
76552,25559.31
76553,17624.9
76554,18001.07
76555,29349.59
76556,19627.08
76557,21668.9
76558,19082.65
76559,20746.36
76560,21711.41
76561,20438.29
76562,30080.3
76563,11955.85
76564,30006.66
76565,32493.62
76566,8486.44
76567,24685.7
76568,19887.75
76569,29089.53
76570,21544.01
76571,21439.32
76572,14575.11
76573,13667.36
76574,16436.33
76575,27791.62
76576,13087.08
76577,25670.53
76578,19538.92
76579,23021.26
76580,12821.43
76581,31367.67
76582,10501.65
76583,12928.18
76584,37329.27
76585,22179.4
76586,50700.89
76587,30333.55
76588,52777.78
76589,12768.94
76590,13848.47
76591,14771.7
76592,18427.9
76593,17005.53
76594,19181.07
76595,15746.46
76596,20483.57
76597,32899.21
76598,20704.9
76599,19460.98
76600,19417.57
76601,28782.85
76602,52693.61
76603,22589.05
76604,13885.3
76605,18066.42
76606,19994.93
76607,27813.96
76608,21107.83
76609,26051.4
76610,31077.6
76611,25169.85
76612,27644.64
76613,30787.43
76614,28954.17
76615,12593.53
76616,27310.3
76617,23764.31
76618,21143.92
76619,22410.55
76620,34211.69
76621,23751.77
76622,27942.24
76623,16553.94
76624,13386.79
76625,27671.74
76626,20864.39
76627,19753.3
76628,26796.48
76629,27686.81
76630,25102.37
76631,22688.01
76632,21916.04
76633,27263.85
76634,36077.71
76635,17318.18
76636,27791.64
76637,16290.59
76638,12518.75
76639,22998.3
76640,11857.96
76641,20310.31
76642,12022.02
76643,15816.51
76644,9382.89
76645,18495.0
76646,27246.58
76647,9555.77
76648,47700.29
76649,12456.5
76650,11615.44
76651,19686.53
76652,18032.86
76653,103327.22
76654,31598.25
76655,45897.63
76656,55433.58
76657,16664.92
76658,48991.02
76659,52233.91
76660,11345.3
76661,19860.65
76662,18729.11
76663,47981.75
76664,29820.02
76665,25290.62
76666,17642.66
76667,37677.67
76668,24445.61
76669,27279.33
76670,17153.16
76671,16584.97
76672,27690.25
76673,16505.33
76674,19819.82
76675,27929.21
76676,26079.27
76677,48417.36
76678,34379.2
76679,31565.73
76680,25964.23
76681,12906.71
76682,21514.86
76683,32083.3
76684,28377.89
76685,11914.63
76686,27905.58
76687,52165.2
76688,15217.58
76689,19523.33
76690,14597.93
76691,11975.72
76692,45238.97
76693,18552.8
76694,12572.95
76695,15303.99
76696,12524.88
76697,20430.65
76698,32052.92
76699,17477.04
76700,29801.0
76701,10071.27
76702,29409.95
76703,21356.97
76704,12788.12
76705,22057.88
76706,19569.59
76707,26590.98
76708,34475.23
76709,9192.26
76710,25065.96
76711,21296.33
76712,16706.71
76713,22677.48
76714,16526.32
76715,24249.15
76716,21498.89
76717,28823.17
76718,20547.8
76719,16686.45
76720,12194.49
76721,15059.87
76722,22260.09
76723,10351.38
76724,17557.51
76725,25234.97
76726,15664.31
76727,30957.23
76728,15901.9
76729,34048.12
76730,11720.13
76731,37479.61
76732,17417.37
76733,17443.75
76734,18119.06
76735,21435.63
76736,26463.93
76737,16521.21
76738,13300.69
76739,19841.8
76740,18963.76
76741,36869.52
76742,21614.02
76743,32992.52
76744,18911.21
76745,15214.52
76746,36528.37
76747,18063.72
76748,15516.65
76749,29404.18
76750,41411.2
76751,12171.87
76752,7576.13
76753,32478.33
76754,20290.5
76755,9674.65
76756,20815.39
76757,16130.57
76758,27092.24
76759,24569.63
76760,16080.2
76761,16202.63
76762,54457.86
76763,20668.16
76764,32253.32
76765,13623.51
76766,32697.12
76767,20435.97
76768,13817.26
76769,33666.82
76770,19473.47
76771,31088.03
76772,27319.02
76773,17390.92
76774,17318.16
76775,27500.59
76776,32777.91
76777,15836.37
76778,13803.15
76779,26659.24
76780,19499.04
76781,15176.19
76782,21811.08
76783,19126.49
76784,3592.87
76785,41929.47
76786,10191.39
76787,22024.96
76788,28518.87
76789,35866.33
76790,10723.27
76791,18195.86
76792,35603.53
76793,31597.14
76794,17223.32
76795,17327.19
76796,30042.72
76797,14058.13
76798,29544.41
76799,15903.57
76800,12706.27
76801,20759.05
76802,32602.71
76803,26534.34
76804,133075.52
76805,10966.63
76806,20660.1
76807,18866.37
76808,27506.33
76809,11054.27
76810,18615.74
76811,21909.65
76812,26163.06
76813,26801.91
76814,14074.73
76815,15371.38
76816,34405.81
76817,24618.57
76818,21465.28
76819,26115.95
76820,30302.77
76821,19728.17
76822,13108.69
76823,10498.97
76824,9249.02
76825,28689.77
76826,18766.14
76827,7963.13
76828,20755.07
76829,17415.03
76830,36605.53
76831,19098.18
76832,19094.64
76833,34314.02
76834,52686.29
76835,37345.19
76836,22530.59
76837,20958.07
76838,120311.98
76839,19181.85
76840,9916.99
76841,20755.42
76842,22757.1
76843,8605.6
76844,13855.0
76845,13835.9
76846,17747.93
76847,11448.9
76848,18020.14
76849,36059.06
76850,26685.34
76851,33604.44
76852,11784.41
76853,32537.06
76854,13820.13
76855,25214.14
76856,29874.34
76857,35090.4
76858,22636.8
76859,12847.06
76860,12340.14
76861,22227.32
76862,30639.56
76863,11641.28
76864,25264.21
76865,12518.07
76866,37627.15
76867,26621.34
76868,30734.55
76869,16974.64
76870,21272.71
76871,17567.42
76872,20295.6
76873,16850.98
76874,14955.83
76875,12491.16
76876,23363.06
76877,13779.63
76878,11454.63
76879,24834.28
76880,23795.14
76881,16389.8
76882,12443.86
76883,17659.27
76884,16249.97
76885,11314.42
76886,15254.22
76887,35678.78
76888,44341.96
76889,17758.99
76890,9121.18
76891,25475.76
76892,16350.72
76893,17434.6
76894,36048.18
76895,29964.54
76896,33665.63
76897,24966.14
76898,14927.85
76899,19973.53
76900,13161.91
76901,22257.12
76902,26544.3
76903,33615.03
76904,20984.19
76905,43858.86
76906,29980.47
76907,19885.64
76908,19997.08
76909,28083.14
76910,16359.95
76911,19248.57
76912,12912.53
76913,44370.74
76914,32099.36
76915,14969.71
76916,31669.41
76917,16186.4
76918,33193.43
76919,39446.53
76920,22031.99
76921,9064.61
76922,30370.16
76923,28573.63
76924,20608.22
76925,24316.59
76926,13927.67
76927,48565.0
76928,23846.75
76929,39818.56
76930,16970.19
76931,33717.68
76932,12012.6
76933,5838.66
76934,33102.5
76935,15933.76
76936,20130.95
76937,19710.51
76938,28904.3
76939,13766.39
76940,16250.2
76941,10596.5
76942,11885.08
76943,19646.03
76944,49192.99
76945,11589.34
76946,36880.88
76947,12450.2
76948,17195.09
76949,11844.72
76950,27653.33
76951,27992.69
76952,33116.52
76953,20789.77
76954,19031.52
76955,16492.76
76956,12997.78
76957,37274.66
76958,13133.63
76959,17128.19
76960,37156.03
76961,32106.87
76962,20201.02
76963,15711.69
76964,18132.25
76965,39578.05
76966,19196.96
76967,26520.82
76968,18544.24
76969,32883.36
76970,20813.26
76971,19888.77
76972,27218.05
76973,11509.81
76974,53344.35
76975,22929.93
76976,9750.89
76977,14218.59
76978,29979.71
76979,18986.33
76980,17966.64
76981,11741.99
76982,16779.61
76983,34700.7
76984,22992.87
76985,23364.63
76986,21569.57
76987,12019.5
76988,25674.53
76989,56807.9
76990,9767.26
76991,49849.93
76992,27660.63
76993,26672.89
76994,14826.45
76995,12958.44
76996,7991.94
76997,13645.16
76998,10905.61
76999,23370.77
77000,28352.33
77001,18417.27
77002,13122.85
77003,19438.3
77004,19349.86
77005,16927.54
77006,15776.11
77007,20952.02
77008,26436.72
77009,18440.92
77010,19767.18
77011,16670.13
77012,36111.68
77013,19069.49
77014,23570.8
77015,15337.98
77016,43976.64
77017,13758.08
77018,12741.91
77019,28380.86
77020,18855.6
77021,53914.54
77022,14773.05
77023,53267.51
77024,12635.45
77025,14810.91
77026,17484.23
77027,24208.88
77028,52783.23
77029,28765.31
77030,16666.43
77031,19708.34
77032,7418.32
77033,6620.36
77034,17147.81
77035,12906.3
77036,13397.35
77037,33194.8
77038,17417.96
77039,23074.35
77040,12953.33
77041,24666.64
77042,13265.18
77043,11261.11
77044,12220.76
77045,28948.73
77046,77946.33
77047,19547.22
77048,18356.91
77049,10767.43
77050,30238.87
77051,31894.85
77052,17464.1
77053,27539.99
77054,17888.11
77055,20960.57
77056,18181.9
77057,23984.48
77058,14976.07
77059,34940.9
77060,19299.89
77061,40385.71
77062,31480.44
77063,28287.19
77064,12407.97
77065,23729.86
77066,8811.6
77067,7379.84
77068,21650.99
77069,18930.64
77070,18635.87
77071,27696.94
77072,19695.41
77073,27287.86
77074,11847.14
77075,18960.15
77076,13819.73
77077,18526.32
77078,9956.1
77079,15290.68
77080,20889.22
77081,27910.94
77082,34370.4
77083,20631.56
77084,11465.33
77085,28992.37
77086,33158.01
77087,14949.16
77088,37155.71
77089,17879.36
77090,18670.97
77091,14149.37
77092,21965.46
77093,10630.44
77094,13577.73
77095,37036.33
77096,15481.65
77097,27134.04
77098,16345.01
77099,31733.19
77100,23630.18
77101,15912.92
77102,21094.49
77103,12770.68
77104,22132.12
77105,20161.33
77106,21334.92
77107,28426.04
77108,12914.99
77109,13348.23
77110,11355.5
77111,21692.87
77112,25782.2
77113,54429.83
77114,15470.25
77115,8097.99
77116,9373.5
77117,43722.42
77118,29870.11
77119,10123.82
77120,48622.41
77121,16442.07
77122,31510.2
77123,25833.51
77124,22737.01
77125,19829.12
77126,10010.76
77127,23278.78
77128,23995.67
77129,11819.14
77130,27674.65
77131,48769.13
77132,30378.26
77133,11996.39
77134,18701.28
77135,22190.03
77136,29618.36
77137,31495.67
77138,65710.86
77139,28476.85
77140,10414.19
77141,18811.4
77142,22646.32
77143,29714.81
77144,27649.47
77145,16291.88
77146,30711.65
77147,18697.28
77148,4971.4
77149,23811.86
77150,11133.96
77151,23532.8
77152,9792.1
77153,50859.97
77154,29016.9
77155,23937.95
77156,10231.64
77157,12097.1
77158,25290.6
77159,45269.05
77160,13726.54
77161,15324.03
77162,17012.63
77163,18237.82
77164,9088.88
77165,21801.67
77166,30008.71
77167,16116.73
77168,50234.36
77169,31107.16
77170,23697.13
77171,18666.21
77172,19136.48
77173,47161.99
77174,10147.04
77175,45734.74
77176,16985.57
77177,32834.21
77178,19960.38
77179,18332.25
77180,29349.59
77181,16705.77
77182,18447.78
77183,20739.85
77184,23108.14
77185,22094.5
77186,26492.27
77187,15347.48
77188,16031.89
77189,23592.04
77190,25682.24
77191,19948.49
77192,10535.52
77193,57725.78
77194,16548.08
77195,76817.5
77196,3955.53
77197,9444.41
77198,11158.15
77199,26626.87
77200,20589.01
77201,10739.24
77202,8150.91
77203,19009.84
77204,16462.44
77205,19784.3
77206,13345.87
77207,32145.48
77208,11700.82
77209,4092.39
77210,21963.5
77211,24286.8
77212,30050.07
77213,20664.4
77214,22785.91
77215,11361.96
77216,27734.95
77217,21645.87
77218,15575.23
77219,16085.16
77220,11572.16
77221,27456.46
77222,10912.45
77223,64788.48
77224,11150.2
77225,18004.65
77226,19589.68
77227,21645.95
77228,15639.39
77229,16099.31
77230,40697.02
77231,43034.88
77232,28278.05
77233,48970.03
77234,47889.12
77235,24202.82
77236,26394.91
77237,34367.25
77238,12548.92
77239,9290.58
77240,25144.28
77241,14175.89
77242,31639.8
77243,45067.97
77244,52540.98
77245,24230.21
77246,34620.97
77247,10954.22
77248,18345.22
77249,17733.32
77250,17171.8
77251,39948.75
77252,47522.74
77253,11017.78
77254,21722.22
77255,10072.61
77256,27906.03
77257,19641.29
77258,34957.82
77259,13462.98
77260,48842.98
77261,54618.63
77262,33119.72
77263,9223.2
77264,21258.59
77265,25828.59
77266,13309.98
77267,24779.02
77268,15594.61
77269,26143.25
77270,18945.68
77271,20316.85
77272,19609.29
77273,21271.47
77274,35060.87
77275,21098.81
77276,17164.61
77277,22768.43
77278,36257.33
77279,25192.53
77280,30478.46
77281,10388.22
77282,19339.31
77283,31534.18
77284,42559.12
77285,32216.53
77286,24753.62
77287,7902.57
77288,25322.66
77289,19380.39
77290,34513.71
77291,28369.84
77292,9449.18
77293,38435.97
77294,14782.55
77295,27666.29
77296,12704.24
77297,20657.27
77298,22841.9
77299,17583.15
77300,54176.0
77301,22216.66
77302,14488.81
77303,11008.55
77304,23572.13
77305,13262.23
77306,14996.53
77307,31532.61
77308,16103.57
77309,15183.83
77310,23598.74
77311,12681.92
77312,16237.01
77313,17261.13
77314,13432.22
77315,11913.2
77316,19816.05
77317,27777.33
77318,26750.81
77319,33668.56
77320,16880.83
77321,17735.76
77322,16386.08
77323,25013.09
77324,14052.48
77325,12136.71
77326,25186.89
77327,32322.81
77328,27519.54
77329,26705.57
77330,53404.59
77331,26579.2
77332,15204.75
77333,9357.83
77334,34629.8
77335,22130.62
77336,12153.68
77337,24437.2
77338,31258.56
77339,14191.66
77340,26039.91
77341,13766.43
77342,31811.54
77343,28174.28
77344,30907.97
77345,14492.99
77346,28198.27
77347,16615.44
77348,27130.82
77349,17548.74
77350,10901.73
77351,11837.17
77352,30182.98
77353,11164.33
77354,29687.43
77355,23943.7
77356,33585.91
77357,18319.24
77358,22139.46
77359,15972.14
77360,26059.69
77361,28090.56
77362,21054.13
77363,29566.59
77364,20133.41
77365,22908.68
77366,32459.32
77367,15898.39
77368,23309.24
77369,34207.39
77370,25266.94
77371,28454.35
77372,30151.78
77373,19030.95
77374,25200.56
77375,12453.92
77376,12118.6
77377,10795.86
77378,20985.92
77379,8114.93
77380,22314.3
77381,15847.28
77382,17798.4
77383,12255.49
77384,37515.79
77385,35126.92
77386,39387.22
77387,14690.73
77388,42817.39
77389,78459.96
77390,23979.67
77391,11002.53
77392,6321.68
77393,28671.17
77394,34765.13
77395,11369.56
77396,17344.21
77397,34777.61
77398,48009.52
77399,17056.14
77400,11261.07
77401,37129.36
77402,19469.15
77403,21587.61
77404,9434.22
77405,50726.61
77406,15035.25
77407,19653.69
77408,13303.78
77409,8505.12
77410,12595.8
77411,24926.62
77412,30018.13
77413,18835.47
77414,59894.08
77415,15724.91
77416,27155.7
77417,16560.88
77418,26675.23
77419,20575.63
77420,15304.3
77421,15253.0
77422,32083.3
77423,23367.32
77424,14947.67
77425,10618.77
77426,11938.39
77427,13190.73
77428,14238.83
77429,26461.54
77430,28862.61
77431,10819.7
77432,27413.59
77433,21140.27
77434,19349.2
77435,15038.34
77436,20048.24
77437,27379.72
77438,21406.52
77439,15243.73
77440,15747.13
77441,13717.44
77442,11119.45
77443,39078.87
77444,16734.53
77445,17996.61
77446,16221.19
77447,9998.81
77448,36555.93
77449,21561.2
77450,22192.17
77451,16426.62
77452,26811.63
77453,24263.76
77454,15093.75
77455,24598.32
77456,31663.64
77457,12578.4
77458,21428.78
77459,24407.28
77460,30478.46
77461,11629.5
77462,11178.63
77463,37449.64
77464,30413.91
77465,20041.75
77466,17919.17
77467,26685.31
77468,19703.71
77469,11080.32
77470,16012.59
77471,32709.35
77472,34495.1
77473,19019.6
77474,20533.29
77475,28361.53
77476,13722.96
77477,49433.79
77478,17531.35
77479,9665.82
77480,11937.17
77481,17220.46
77482,26870.81
77483,20378.02
77484,10117.82
77485,18449.28
77486,35866.9
77487,20316.85
77488,12018.65
77489,27811.18
77490,20211.92
77491,46516.46
77492,23719.05
77493,32029.85
77494,35738.83
77495,17007.54
77496,15755.55
77497,13479.86
77498,26239.15
77499,13060.95
77500,25353.12
77501,15958.34
77502,20821.65
77503,21517.92
77504,12610.78
77505,17893.48
77506,26591.29
77507,41683.48
77508,33266.17
77509,25362.23
77510,9545.33
77511,10942.95
77512,21544.11
77513,22856.66
77514,18194.24
77515,31512.15
77516,8901.46
77517,22228.85
77518,18232.29
77519,20951.28
77520,19163.58
77521,16372.03
77522,27078.22
77523,22437.51
77524,29105.18
77525,21761.11
77526,21077.25
77527,11097.15
77528,18950.54
77529,16475.83
77530,35468.23
77531,11396.66
77532,14491.9
77533,22393.65
77534,10858.95
77535,23583.22
77536,13438.41
77537,11331.61
77538,26484.36
77539,11401.61
77540,13937.19
77541,14974.32
77542,11285.87
77543,20020.79
77544,34411.72
77545,47200.67
77546,33947.88
77547,12075.38
77548,31214.82
77549,31736.74
77550,15165.07
77551,26549.93
77552,27207.72
77553,22333.5
77554,35367.68
77555,17963.45
77556,31122.77
77557,26266.72
77558,35829.19
77559,10496.22
77560,17131.36
77561,16935.83
77562,32947.37
77563,111141.89
77564,17246.07
77565,18825.4
77566,22049.2
77567,48516.06
77568,18008.5
77569,27042.0
77570,55046.4
77571,22450.97
77572,5490.64
77573,21053.91
77574,37995.86
77575,18686.07
77576,13298.34
77577,18637.05
77578,7058.49
77579,32067.54
77580,31856.61
77581,31846.38
77582,29013.73
77583,14159.35
77584,28470.39
77585,22322.83
77586,26321.78
77587,16934.11
77588,25136.14
77589,15054.0
77590,28809.82
77591,21435.63
77592,10932.68
77593,13173.26
77594,13448.86
77595,49215.73
77596,18514.62
77597,16677.89
77598,17837.15
77599,21120.34
77600,16840.44
77601,22311.1
77602,16306.25
77603,16140.45
77604,24289.7
77605,44831.68
77606,27318.11
77607,32350.21
77608,58680.65
77609,29915.25
77610,11388.53
77611,15553.14
77612,12532.47
77613,21324.34
77614,21600.57
77615,15877.51
77616,16494.84
77617,30149.81
77618,28292.03
77619,31460.0
77620,10406.39
77621,35301.97
77622,36846.18
77623,14357.96
77624,19759.54
77625,17606.87
77626,13914.07
77627,25351.89
77628,27991.28
77629,18630.6
77630,18046.93
77631,20559.97
77632,32668.26
77633,11904.38
77634,62277.36
77635,17375.34
77636,7276.4
77637,19460.54
77638,18117.45
77639,39468.51
77640,27464.29
77641,15860.06
77642,16727.86
77643,30712.48
77644,13565.39
77645,28801.22
77646,57916.65
77647,26859.82
77648,14603.66
77649,28561.58
77650,35169.94
77651,38937.6
77652,19608.18
77653,18074.22
77654,14068.95
77655,19001.2
77656,12849.8
77657,45587.39
77658,23687.39
77659,31452.38
77660,27180.84
77661,29769.17
77662,13194.01
77663,25402.01
77664,38883.74
77665,16102.8
77666,17683.07
77667,7457.15
77668,20233.17
77669,18078.79
77670,3483.2
77671,10109.75
77672,51551.2
77673,51056.59
77674,17584.55
77675,9268.09
77676,15685.79
77677,14617.11
77678,31537.53
77679,26588.94
77680,21242.47
77681,15188.33
77682,116947.53
77683,26377.62
77684,13945.11
77685,20837.17
77686,30075.32
77687,11909.75
77688,17504.05
77689,23471.53
77690,11813.78
77691,17983.14
77692,17266.82
77693,21522.39
77694,26550.5
77695,37914.45
77696,33788.6
77697,12024.89
77698,23603.16
77699,10610.16
77700,12421.15
77701,15985.07
77702,51201.01
77703,21492.25
77704,26092.88
77705,17667.31
77706,29396.39
77707,25847.31
77708,26858.58
77709,11208.44
77710,27396.23
77711,19920.21
77712,17603.23
77713,13373.19
77714,22741.85
77715,23813.35
77716,36035.29
77717,4327.59
77718,17833.3
77719,23044.1
77720,28532.5
77721,13373.0
77722,22543.34
77723,38904.73
77724,11695.85
77725,9990.44
77726,16540.22
77727,20420.17
77728,19239.51
77729,27257.93
77730,54694.74
77731,12868.4
77732,17171.56
77733,20498.0
77734,20611.28
77735,27465.09
77736,30057.28
77737,13655.81
77738,21501.55
77739,10039.28
77740,26868.54
77741,16400.44
77742,37467.25
77743,18779.47
77744,12565.7
77745,30901.42
77746,21603.3
77747,23550.99
77748,35130.11
77749,27114.84
77750,31590.05
77751,13384.51
77752,19111.04
77753,12357.38
77754,23324.93
77755,22233.96
77756,13350.24
77757,27246.14
77758,7824.45
77759,23025.41
77760,18232.93
77761,16223.26
77762,17669.69
77763,26123.19
77764,8238.29
77765,18891.6
77766,54165.66
77767,17547.25
77768,33896.01
77769,14354.55
77770,18634.4
77771,20734.73
77772,23059.85
77773,16002.68
77774,30965.82
77775,23259.58
77776,28955.94
77777,22493.86
77778,39863.05
77779,11234.55
77780,24350.27
77781,9100.33
77782,11361.1
77783,15827.47
77784,19729.83
77785,31399.81
77786,20885.53
77787,20872.07
77788,24293.19
77789,16888.58
77790,20232.54
77791,19520.32
77792,34579.43
77793,4660.43
77794,12184.57
77795,14345.12
77796,25262.11
77797,19687.69
77798,34706.3
77799,16211.86
77800,25211.3
77801,17431.16
77802,16685.66
77803,19852.56
77804,17653.22
77805,18560.5
77806,13702.29
77807,11154.41
77808,36894.49
77809,12377.92
77810,14857.35
77811,13903.46
77812,29977.45
77813,9049.99
77814,23321.68
77815,51425.51
77816,14971.97
77817,22145.69
77818,41682.06
77819,33542.3
77820,55199.19
77821,12584.83
77822,19869.74
77823,20689.49
77824,23469.24
77825,52605.86
77826,23578.49
77827,27696.14
77828,17015.83
77829,32228.73
77830,14134.21
77831,42523.71
77832,21534.12
77833,11762.2
77834,44827.74
77835,22554.57
77836,7898.21
77837,19336.31
77838,12218.51
77839,36177.59
77840,15992.77
77841,16112.84
77842,16056.64
77843,9266.53
77844,22973.58
77845,8311.6
77846,17365.47
77847,10361.84
77848,16892.49
77849,16840.25
77850,10973.12
77851,33302.83
77852,18562.79
77853,25884.65
77854,18762.12
77855,20316.85
77856,19295.32
77857,25083.34
77858,24855.55
77859,11472.11
77860,12608.92
77861,12189.46
77862,16504.74
77863,52186.32
77864,28421.37
77865,43947.94
77866,15198.0
77867,12306.32
77868,22451.29
77869,10538.62
77870,11687.0
77871,17299.18
77872,20685.87
77873,16289.6
77874,18983.22
77875,16984.86
77876,19042.04
77877,22464.96
77878,31828.0
77879,12944.26
77880,32697.12
77881,8915.32
77882,27866.08
77883,13927.07
77884,32980.29
77885,58567.96
77886,11427.24
77887,34279.51
77888,31887.93
77889,31815.24
77890,21890.21
77891,8715.25
77892,12421.47
77893,7467.48
77894,46646.07
77895,22291.84
77896,28526.96
77897,11239.66
77898,30055.12
77899,38266.51
77900,21512.65
77901,13685.96
77902,14910.68
77903,23035.85
77904,22504.51
77905,44218.86
77906,26595.14
77907,34219.0
77908,10650.07
77909,26378.81
77910,16482.0
77911,30630.98
77912,23651.89
77913,52642.46
77914,28129.35
77915,28502.11
77916,16781.82
77917,23311.32
77918,30008.86
77919,28912.59
77920,12892.83
77921,15172.95
77922,27021.48
77923,17458.1
77924,22573.45
77925,57214.0
77926,16521.28
77927,47024.84
77928,10589.38
77929,29192.75
77930,15744.13
77931,20329.12
77932,14410.63
77933,12578.51
77934,49853.35
77935,16862.42
77936,29341.01
77937,19803.23
77938,18060.08
77939,34756.56
77940,11706.72
77941,26298.74
77942,26436.72
77943,20147.54
77944,9040.87
77945,10918.58
77946,55882.85
77947,31234.15
77948,11163.94
77949,30902.81
77950,38883.09
77951,17137.54
77952,14337.25
77953,22696.95
77954,23510.35
77955,32782.59
77956,16843.81
77957,11376.21
77958,15117.18
77959,49843.33
77960,18256.95
77961,20711.65
77962,13771.67
77963,17830.02
77964,21957.77
77965,13880.12
77966,12685.49
77967,21486.74
77968,15597.86
77969,8132.95
77970,21340.51
77971,23995.74
77972,11320.77
77973,40430.48
77974,26531.71
77975,17417.94
77976,10549.22
77977,46987.21
77978,25674.1
77979,13957.06
77980,21643.83
77981,10956.44
77982,32623.32
77983,18345.19
77984,19187.48
77985,25413.54
77986,51255.01
77987,10694.62
77988,26947.69
77989,18705.68
77990,12159.97
77991,30611.66
77992,17718.99
77993,32941.64
77994,35077.14
77995,16250.26
77996,29529.32
77997,19077.0
77998,23472.47
77999,23404.43
78000,19076.5
78001,33909.39
78002,12519.4
78003,14946.98
78004,28871.17
78005,21034.16
78006,21973.78
78007,38043.9
78008,35466.29
78009,15537.54
78010,17747.64
78011,39062.98
78012,21051.71
78013,34581.82
78014,28764.12
78015,20817.54
78016,49688.29
78017,24468.57
78018,11448.13
78019,15987.36
78020,11816.62
78021,15991.37
78022,16458.54
78023,15465.32
78024,20999.77
78025,24907.77
78026,35007.84
78027,32488.29
78028,29974.65
78029,51260.68
78030,17110.62
78031,20890.4
78032,12025.52
78033,15304.33
78034,11841.95
78035,28954.1
78036,22644.14
78037,37971.81
78038,12671.84
78039,14999.71
78040,16404.58
78041,22862.11
78042,19376.47
78043,31971.83
78044,24870.67
78045,15688.28
78046,24210.83
78047,27155.45
78048,21599.26
78049,8462.9
78050,21480.56
78051,36216.5
78052,24659.12
78053,38290.4
78054,12689.47
78055,23203.97
78056,30679.87
78057,14542.82
78058,52557.48
78059,8907.13
78060,12187.83
78061,39826.55
78062,15781.74
78063,50527.88
78064,71553.19
78065,20017.43
78066,49433.79
78067,29116.19
78068,20316.85
78069,15320.07
78070,26209.3
78071,27883.81
78072,24977.75
78073,15125.95
78074,33015.53
78075,34111.63
78076,19018.62
78077,25843.84
78078,30049.12
78079,26697.12
78080,27168.45
78081,20553.05
78082,51827.45
78083,27722.12
78084,18363.89
78085,22513.58
78086,18545.55
78087,74331.66
78088,20382.22
78089,46217.26
78090,65132.24
78091,11534.47
78092,26907.52
78093,12339.1
78094,25365.5
78095,23225.4
78096,30802.48
78097,15969.06
78098,9817.36
78099,9294.45
78100,8399.59
78101,13817.13
78102,31014.2
78103,14962.88
78104,16740.14
78105,21187.25
78106,10786.31
78107,21967.8
78108,12847.47
78109,29047.71
78110,9812.72
78111,22213.95
78112,29943.07
78113,20394.2
78114,15813.32
78115,41629.77
78116,19391.91
78117,17883.89
78118,18995.47
78119,18291.75
78120,11409.54
78121,51827.45
78122,23580.89
78123,3774.27
78124,20184.12
78125,20654.4
78126,16972.49
78127,14470.57
78128,19113.12
78129,31858.05
78130,23690.63
78131,16974.99
78132,12162.23
78133,23154.09
78134,18445.74
78135,13376.31
78136,24805.18
78137,11053.24
78138,29752.12
78139,9393.64
78140,14970.71
78141,17880.77
78142,23766.9
78143,31610.86
78144,21428.78
78145,15323.65
78146,24158.35
78147,8307.23
78148,19318.29
78149,36147.69
78150,12248.66
78151,21103.88
78152,22963.7
78153,25847.31
78154,14647.42
78155,20703.81
78156,22094.75
78157,15294.6
78158,21818.46
78159,27550.18
78160,32844.59
78161,28606.89
78162,11423.35
78163,9933.08
78164,10882.08
78165,10904.24
78166,30638.55
78167,21008.41
78168,16935.57
78169,19960.29
78170,37232.12
78171,31245.46
78172,30772.89
78173,19636.59
78174,11976.16
78175,37522.61
78176,20076.85
78177,19518.83
78178,49585.29
78179,30303.37
78180,12486.68
78181,11592.02
78182,32109.33
78183,16830.53
78184,19439.76
78185,15553.54
78186,11441.05
78187,28813.78
78188,48938.01
78189,28673.65
78190,23274.56
78191,28018.05
78192,20114.8
78193,33460.78
78194,11510.18
78195,12363.27
78196,49565.94
78197,11508.84
78198,35576.36
78199,8901.01
78200,28219.55
78201,14695.0
78202,32716.88
78203,13372.67
78204,9641.18
78205,14551.08
78206,27170.81
78207,18760.58
78208,20707.52
78209,20053.63
78210,69212.89
78211,36703.49
78212,19347.88
78213,16088.94
78214,23396.53
78215,20088.35
78216,19339.33
78217,18832.62
78218,24432.51
78219,12959.4
78220,22444.23
78221,20211.0
78222,22010.19
78223,17199.98
78224,17166.59
78225,20639.0
78226,19708.41
78227,32710.45
78228,21577.45
78229,13705.19
78230,22448.7
78231,8874.96
78232,44095.13
78233,12108.8
78234,48497.94
78235,27938.43
78236,31291.2
78237,17586.53
78238,11480.87
78239,16276.8
78240,17743.57
78241,14762.68
78242,20702.58
78243,14542.57
78244,18666.44
78245,37989.55
78246,10285.28
78247,36000.73
78248,14534.14
78249,32533.08
78250,17111.66
78251,23282.15
78252,20591.53
78253,20437.15
78254,15366.25
78255,18234.15
78256,50496.29
78257,32196.86
78258,26798.05
78259,16898.07
78260,21424.05
78261,43789.37
78262,50763.25
78263,11817.77
78264,9636.34
78265,14868.9
78266,17590.84
78267,21429.04
78268,45836.82
78269,53300.75
78270,11327.72
78271,34555.23
78272,14439.98
78273,29829.52
78274,20643.73
78275,30405.93
78276,7456.1
78277,28856.4
78278,27165.56
78279,31359.22
78280,17777.12
78281,9386.32
78282,14617.41
78283,30784.89
78284,11759.51
78285,20225.75
78286,13985.17
78287,24914.07
78288,19324.28
78289,31545.16
78290,18674.6
78291,21577.41
78292,10754.05
78293,31605.98
78294,35128.5
78295,8830.83
78296,9637.84
78297,12697.41
78298,16590.89
78299,18340.02
78300,22159.22
78301,12027.67
78302,22013.91
78303,13180.15
78304,23062.23
78305,50160.33
78306,33525.52
78307,32087.99
78308,22660.44
78309,20108.72
78310,19910.73
78311,30491.1
78312,41786.27
78313,23433.22
78314,15868.36
78315,13397.71
78316,23217.0
78317,32413.54
78318,61443.59
78319,10829.39
78320,18366.99
78321,16924.54
78322,34235.0
78323,15063.3
78324,29233.0
78325,14121.27
78326,10373.85
78327,16938.11
78328,31658.58
78329,11700.21
78330,33597.85
78331,22465.3
78332,24538.5
78333,18715.37
78334,39773.52
78335,15095.44
78336,12346.81
78337,31474.07
78338,21843.27
78339,20975.83
78340,16303.83
78341,16685.11
78342,21360.08
78343,19169.0
78344,29981.82
78345,13999.06
78346,16062.6
78347,21054.4
78348,15219.17
78349,8302.65
78350,27691.06
78351,12387.95
78352,14016.46
78353,28145.14
78354,29814.37
78355,13391.69
78356,29425.53
78357,17574.11
78358,27432.78
78359,20255.73
78360,25092.91
78361,12341.37
78362,17883.07
78363,7899.83
78364,12383.81
78365,30913.98
78366,27071.95
78367,22678.01
78368,26713.08
78369,38997.77
78370,20398.11
78371,18928.36
78372,30439.88
78373,20091.88
78374,25842.99
78375,25678.17
78376,20257.17
78377,22763.16
78378,51551.6
78379,8580.44
78380,13261.71
78381,9510.88
78382,37755.68
78383,24466.02
78384,15942.4
78385,20675.38
78386,21178.55
78387,23919.71
78388,10112.05
78389,26386.37
78390,43173.58
78391,27054.28
78392,22108.52
78393,13172.02
78394,24101.98
78395,19268.32
78396,12206.88
78397,15782.91
78398,20364.11
78399,11804.48
78400,50527.88
78401,10793.02
78402,11292.8
78403,15447.88
78404,22309.2
78405,11831.76
78406,20940.61
78407,21599.77
78408,15370.71
78409,7998.12
78410,31753.43
78411,21535.53
78412,10462.49
78413,9824.54
78414,16066.46
78415,27500.13
78416,17637.59
78417,25680.07
78418,29489.89
78419,23229.38
78420,15294.45
78421,22152.43
78422,17915.47
78423,25417.99
78424,29494.07
78425,20749.34
78426,24282.39
78427,25582.22
78428,29997.52
78429,20370.66
78430,32507.31
78431,12506.93
78432,27251.8
78433,14215.82
78434,17932.6
78435,18016.49
78436,17295.1
78437,13894.68
78438,13722.96
78439,15253.48
78440,32901.99
78441,16791.59
78442,24058.52
78443,15606.2
78444,21069.41
78445,21829.05
78446,10829.94
78447,13353.2
78448,23445.63
78449,44541.89
78450,14744.65
78451,26357.72
78452,35283.62
78453,16183.31
78454,19429.48
78455,22724.25
78456,12522.93
78457,31938.47
78458,27155.28
78459,23698.84
78460,12035.17
78461,21551.07
78462,30610.49
78463,12911.56
78464,13460.36
78465,9172.34
78466,29864.3
78467,19252.64
78468,15135.22
78469,32986.21
78470,23087.05
78471,56088.92
78472,22863.15
78473,15476.62
78474,31392.57
78475,14406.24
78476,35442.49
78477,16397.14
78478,32316.43
78479,9659.34
78480,16974.59
78481,12784.05
78482,12704.18
78483,27768.42
78484,11462.41
78485,16256.28
78486,13587.62
78487,19042.97
78488,25429.3
78489,30050.87
78490,13131.07
78491,18294.67
78492,13473.42
78493,47978.43
78494,15768.41
78495,24604.54
78496,9722.98
78497,22096.29
78498,43670.24
78499,11566.59
78500,27432.78
78501,13590.4
78502,37413.13
78503,22431.45
78504,25322.75
78505,8250.85
78506,37014.7
78507,21382.54
78508,35468.23
78509,31171.3
78510,13395.41
78511,17183.46
78512,45645.31
78513,22938.28
78514,38670.51
78515,20227.85
78516,9555.01
78517,12303.59
78518,22243.89
78519,17469.32
78520,20767.06
78521,9374.51
78522,24818.16
78523,48269.08
78524,27784.51
78525,23387.59
78526,22679.5
78527,22268.52
78528,45216.67
78529,6987.84
78530,27173.21
78531,15437.44
78532,34990.7
78533,30253.04
78534,56412.26
78535,9541.65
78536,18034.02
78537,35625.34
78538,6675.2
78539,20347.5
78540,7667.09
78541,18212.58
78542,16468.58
78543,15396.95
78544,11054.17
78545,23257.16
78546,16138.82
78547,21737.36
78548,29533.3
78549,32595.94
78550,16328.57
78551,43346.52
78552,46603.22
78553,6641.49
78554,28642.61
78555,17761.97
78556,32692.07
78557,13360.61
78558,26296.58
78559,29815.38
78560,33400.74
78561,51545.99
78562,51659.22
78563,20442.29
78564,35188.48
78565,34174.57
78566,22042.19
78567,30801.73
78568,50426.99
78569,27788.99
78570,12390.16
78571,17960.3
78572,14727.66
78573,23609.32
78574,28292.22
78575,13695.96
78576,24899.26
78577,33152.55
78578,19641.94
78579,31519.19
78580,28165.33
78581,13932.92
78582,29615.05
78583,16699.96
78584,24043.54
78585,16965.93
78586,13638.06
78587,32738.78
78588,18932.66
78589,17994.01
78590,12220.09
78591,47462.89
78592,15532.97
78593,26872.04
78594,23143.7
78595,20316.85
78596,17422.8
78597,14149.91
78598,9633.32
78599,7116.52
78600,9355.13
78601,18374.91
78602,24925.1
78603,27426.57
78604,13391.8
78605,12998.12
78606,27800.73
78607,34896.53
78608,14186.7
78609,22479.45
78610,20165.9
78611,38792.22
78612,12497.49
78613,21428.78
78614,42906.54
78615,39075.03
78616,29954.11
78617,21362.73
78618,20006.98
78619,4848.11
78620,22227.81
78621,22853.63
78622,14772.46
78623,11025.57
78624,49939.22
78625,21434.62
78626,20459.52
78627,34019.6
78628,8710.7
78629,14613.17
78630,16036.31
78631,11711.26
78632,13534.59
78633,21171.4
78634,11571.39
78635,15603.08
78636,11048.35
78637,25777.39
78638,11438.11
78639,31147.05
78640,42120.45
78641,34895.49
78642,55882.85
78643,12860.91
78644,11472.88
78645,13924.48
78646,17240.23
78647,29300.57
78648,15056.48
78649,17123.3
78650,32825.57
78651,12338.16
78652,19886.89
78653,15212.13
78654,16689.27
78655,30009.62
78656,26167.29
78657,16099.67
78658,18463.49
78659,28392.03
78660,12460.38
78661,13712.29
78662,6554.5
78663,15086.17
78664,14325.39
78665,32785.69
78666,24055.26
78667,44712.07
78668,15012.78
78669,38236.43
78670,17287.2
78671,4211.11
78672,18373.89
78673,27536.73
78674,13571.66
78675,11765.66
78676,22101.39
78677,16643.01
78678,19039.75
78679,24490.36
78680,21329.0
78681,49579.96
78682,11709.83
78683,15197.75
78684,12327.35
78685,34363.57
78686,37045.73
78687,28213.4
78688,29037.97
78689,14297.68
78690,22765.69
78691,31141.92
78692,30777.75
78693,15615.47
78694,43364.06
78695,33123.16
78696,35290.37
78697,43565.26
78698,19673.29
78699,32074.9
78700,20263.63
78701,27867.64
78702,13073.26
78703,36384.9
78704,35735.28
78705,12076.49
78706,19174.55
78707,22376.02
78708,12989.68
78709,14713.7
78710,16461.41
78711,18321.32
78712,35759.11
78713,31507.82
78714,56707.98
78715,13575.58
78716,20521.57
78717,10213.17
78718,21735.72
78719,30926.8
78720,35023.58
78721,23451.89
78722,18531.09
78723,20468.09
78724,9681.29
78725,9817.16
78726,49412.2
78727,19146.24
78728,25551.54
78729,15708.01
78730,13297.97
78731,12342.88
78732,20157.61
78733,21179.97
78734,22832.07
78735,20732.39
78736,14220.59
78737,20106.1
78738,19111.32
78739,18325.2
78740,29714.81
78741,19322.32
78742,27563.39
78743,37600.03
78744,27351.52
78745,14593.71
78746,22862.88
78747,18716.79
78748,16402.3
78749,69055.51
78750,21596.42
78751,24145.88
78752,22407.59
78753,26350.89
78754,16091.7
78755,18211.56
78756,24050.62
78757,40180.96
78758,14725.45
78759,18147.25
78760,27438.63
78761,19087.87
78762,17108.89
78763,11454.25
78764,16568.83
78765,39259.67
78766,23591.23
78767,27798.13
78768,18485.65
78769,11722.78
78770,27719.57
78771,18384.41
78772,22032.32
78773,8664.43
78774,18290.53
78775,12720.44
78776,31247.6
78777,22124.37
78778,17538.87
78779,11516.73
78780,48976.56
78781,14364.02
78782,28550.42
78783,32438.68
78784,31032.33
78785,15247.64
78786,19693.33
78787,37477.22
78788,26377.87
78789,20043.22
78790,7360.09
78791,19295.38
78792,8108.22
78793,18008.02
78794,20798.25
78795,24152.51
78796,12323.37
78797,29323.65
78798,20012.4
78799,26385.31
78800,19728.46
78801,17552.47
78802,29728.74
78803,17887.14
78804,11943.02
78805,11609.4
78806,28375.18
78807,27071.95
78808,9150.47
78809,32163.09
78810,9503.59
78811,34583.55
78812,12435.96
78813,12689.7
78814,47983.49
78815,29413.33
78816,33896.53
78817,20133.69
78818,9633.36
78819,11626.01
78820,32820.59
78821,16006.78
78822,10179.63
78823,7991.11
78824,18742.19
78825,23562.93
78826,6850.0
78827,34528.78
78828,24516.72
78829,14550.95
78830,16039.78
78831,16240.75
78832,20975.54
78833,13519.39
78834,43730.07
78835,17352.93
78836,11741.42
78837,25818.81
78838,16885.52
78839,12563.25
78840,12497.97
78841,34168.28
78842,31426.48
78843,19557.5
78844,9826.79
78845,12499.72
78846,30677.29
78847,7998.12
78848,16476.73
78849,17253.02
78850,17025.02
78851,44182.28
78852,12212.06
78853,9893.84
78854,57264.47
78855,14860.16
78856,17251.51
78857,22333.08
78858,25033.96
78859,10280.01
78860,20399.54
78861,11219.45
78862,15475.6
78863,32666.67
78864,25821.19
78865,20567.03
78866,19354.05
78867,30730.65
78868,24672.92
78869,21219.32
78870,11061.65
78871,25801.72
78872,8415.04
78873,26483.84
78874,14607.33
78875,13851.9
78876,12176.38
78877,14184.34
78878,13756.02
78879,19278.65
78880,29819.48
78881,22785.91
78882,12063.82
78883,8690.11
78884,9164.84
78885,9267.6
78886,22127.08
78887,26141.78
78888,28040.33
78889,17792.59
78890,18280.0
78891,16686.23
78892,13308.97
78893,44098.43
78894,23684.01
78895,15023.12
78896,35400.68
78897,21334.53
78898,12242.47
78899,19044.41
78900,20763.28
78901,18705.79
78902,20621.23
78903,13133.48
78904,27443.9
78905,17091.9
78906,17553.54
78907,13071.44
78908,11558.41
78909,36986.94
78910,22064.84
78911,22107.9
78912,16194.14
78913,52463.86
78914,19786.43
78915,30892.24
78916,16674.2
78917,14375.05
78918,22854.49
78919,43830.47
78920,30313.41
78921,16788.93
78922,18992.1
78923,29796.6
78924,18331.67
78925,32161.39
78926,35894.12
78927,38767.24
78928,17534.83
78929,24791.06
78930,26134.03
78931,18032.92
78932,17975.81
78933,20026.19
78934,31090.69
78935,13886.99
78936,25529.57
78937,39040.2
78938,14749.21
78939,34608.33
78940,17515.44
78941,32373.47
78942,27385.8
78943,8824.97
78944,32345.68
78945,11532.42
78946,32496.55
78947,45305.33
78948,16387.02
78949,32330.04
78950,21849.83
78951,31489.82
78952,11436.12
78953,21079.01
78954,32407.1
78955,21379.74
78956,15559.07
78957,9920.91
78958,18372.2
78959,23908.01
78960,18945.13
78961,21006.97
78962,20513.17
78963,13839.89
78964,9030.21
78965,14417.88
78966,12168.29
78967,16987.45
78968,20062.21
78969,26331.93
78970,11438.08
78971,27870.18
78972,22411.08
78973,15111.05
78974,14828.56
78975,60159.61
78976,20590.32
78977,33819.7
78978,19724.6
78979,18198.86
78980,29011.12
78981,16819.38
78982,22471.95
78983,30219.32
78984,25379.59
78985,33548.59
78986,11249.2
78987,28961.14
78988,52453.67
78989,22630.49
78990,27951.41
78991,24209.84
78992,17044.45
78993,34756.94
78994,13787.54
78995,19777.67
78996,18959.0
78997,22436.09
78998,16919.69
78999,31811.54
79000,10779.5
79001,10704.86
79002,6011.61
79003,13599.83
79004,16736.62
79005,36537.85
79006,32776.73
79007,15762.63
79008,21159.66
79009,29501.75
79010,18028.18
79011,25222.35
79012,17037.37
79013,50267.15
79014,16474.29
79015,40644.86
79016,14232.7
79017,12003.25
79018,16424.21
79019,11735.96
79020,21409.45
79021,16823.27
79022,15692.68
79023,9323.12
79024,17301.8
79025,23914.66
79026,17114.36
79027,17344.11
79028,40512.82
79029,16859.45
79030,23615.97
79031,18326.99
79032,13553.53
79033,38833.71
79034,32898.97
79035,16966.98
79036,19772.59
79037,16135.11
79038,19019.1
79039,11690.27
79040,25498.8
79041,11913.02
79042,17804.3
79043,18350.33
79044,27918.57
79045,33270.63
79046,10428.0
79047,11493.96
79048,13233.16
79049,41871.66
79050,15039.18
79051,17396.04
79052,18824.12
79053,18942.35
79054,15414.28
79055,25158.49
79056,16427.35
79057,27375.94
79058,23156.31
79059,39996.67
79060,17184.24
79061,24608.65
79062,32602.72
79063,33873.72
79064,13278.58
79065,21867.15
79066,14813.29
79067,22101.72
79068,17255.49
79069,34767.38
79070,11505.85
79071,16451.17
79072,25751.31
79073,21551.07
79074,30257.38
79075,12085.47
79076,15158.4
79077,8573.85
79078,26366.66
79079,33088.96
79080,19105.03
79081,34017.66
79082,27598.53
79083,33270.61
79084,23357.58
79085,15341.37
79086,31890.08
79087,13921.73
79088,16094.4
79089,17235.05
79090,27382.84
79091,21643.59
79092,26157.35
79093,15863.62
79094,18184.51
79095,32252.67
79096,21688.4
79097,16392.1
79098,19716.61
79099,17717.09
79100,11962.08
79101,22959.75
79102,21428.78
79103,23888.44
79104,19485.27
79105,21684.79
79106,13058.58
79107,51977.65
79108,22763.16
79109,13414.05
79110,17171.52
79111,40603.36
79112,17539.52
79113,25111.7
79114,24801.19
79115,51406.79
79116,24605.81
79117,20702.84
79118,22225.32
79119,24923.4
79120,12835.57
79121,19771.59
79122,32449.83
79123,11661.91
79124,16928.02
79125,17913.55
79126,19359.31
79127,12444.02
79128,15430.66
79129,5134.72
79130,29192.38
79131,11470.18
79132,16246.65
79133,27011.12
79134,28558.88
79135,33597.85
79136,11840.59
79137,30858.16
79138,13884.75
79139,10941.17
79140,14520.08
79141,12882.78
79142,22463.97
79143,12099.17
79144,13887.29
79145,35629.7
79146,29611.07
79147,21167.87
79148,20675.15
79149,19075.95
79150,51229.36
79151,11883.43
79152,20909.64
79153,39342.35
79154,26234.03
79155,12665.27
79156,17173.13
79157,8338.89
79158,16682.99
79159,54064.55
79160,20571.92
79161,31325.12
79162,17796.96
79163,18157.82
79164,18281.52
79165,31942.35
79166,20131.61
79167,9446.14
79168,27500.13
79169,21768.45
79170,36276.55
79171,21762.59
79172,26970.64
79173,14085.54
79174,14562.07
79175,13577.73
79176,40227.69
79177,21763.51
79178,16776.31
79179,24897.79
79180,40838.91
79181,31681.02
79182,29825.14
79183,19825.84
79184,10120.9
79185,13842.36
79186,21186.14
79187,30329.94
79188,30461.28
79189,10917.67
79190,14797.56
79191,20311.55
79192,15270.74
79193,18896.57
79194,15360.89
79195,25623.59
79196,11008.95
79197,32314.87
79198,32999.12
79199,24947.38
79200,16581.28
79201,28776.4
79202,27836.49
79203,21862.96
79204,20824.51
79205,33177.0
79206,31991.31
79207,39595.85
79208,33221.0
79209,16386.71
79210,16274.52
79211,11023.71
79212,20233.64
79213,15606.39
79214,18211.36
79215,15516.61
79216,23400.75
79217,14278.65
79218,30374.11
79219,18560.19
79220,18954.8
79221,46081.29
79222,16643.53
79223,30364.13
79224,27749.31
79225,33779.65
79226,14813.25
79227,21976.18
79228,22206.08
79229,8570.39
79230,19492.21
79231,17260.25
79232,22796.07
79233,13215.84
79234,47665.79
79235,14379.39
79236,17931.16
79237,26902.77
79238,30956.73
79239,21936.73
79240,21628.58
79241,33317.69
79242,23716.62
79243,33705.49
79244,20442.74
79245,21575.75
79246,22598.11
79247,16510.03
79248,9421.57
79249,12932.88
79250,22692.45
79251,13463.01
79252,25896.81
79253,18106.07
79254,12857.75
79255,17220.96
79256,33510.13
79257,27132.31
79258,14715.93
79259,11608.22
79260,28549.15
79261,16419.85
79262,29582.87
79263,19374.61
79264,57944.3
79265,28564.62
79266,26621.02
79267,26383.68
79268,19522.03
79269,16121.85
79270,69229.32
79271,15268.99
79272,63515.63
79273,50226.78
79274,36121.44
79275,15019.6
79276,28456.71
79277,29075.44
79278,10403.5
79279,44724.85
79280,21508.0
79281,17405.83
79282,16080.25
79283,15471.45
79284,22044.27
79285,29461.3
79286,29467.46
79287,23316.53
79288,40771.93
79289,36665.9
79290,19505.66
79291,21719.12
79292,19703.08
79293,31600.44
79294,14980.51
79295,22477.03
79296,30542.74
79297,46598.68
79298,8669.16
79299,18058.21
79300,21644.72
79301,14069.7
79302,13337.44
79303,27865.4
79304,18766.92
79305,20380.05
79306,25081.67
79307,21478.43
79308,12930.82
79309,17836.56
79310,21109.13
79311,13474.69
79312,23871.69
79313,16992.26
79314,20141.86
79315,64142.53
79316,19215.69
79317,20750.18
79318,15781.59
79319,20384.47
79320,27469.16
79321,13292.14
79322,29566.04
79323,24245.47
79324,17304.21
79325,37556.89
79326,10908.49
79327,18867.99
79328,19331.93
79329,19232.35
79330,33001.1
79331,18340.35
79332,27529.5
79333,16120.9
79334,19257.17
79335,32710.44
79336,32809.68
79337,25933.66
79338,29527.24
79339,21012.25
79340,34371.0
79341,32278.54
79342,11731.26
79343,25851.91
79344,38436.73
79345,13377.51
79346,13348.56
79347,22059.28
79348,19425.52
79349,15206.49
79350,13845.33
79351,24643.92
79352,10462.88
79353,39479.29
79354,17067.75
79355,32347.09
79356,24231.53
79357,21544.08
79358,9543.09
79359,17549.6
79360,36842.68
79361,14973.24
79362,14763.64
79363,29204.4
79364,14966.16
79365,20822.01
79366,20893.96
79367,58005.1
79368,65089.61
79369,23557.0
79370,13092.36
79371,26112.54
79372,21735.08
79373,35134.85
79374,12245.56
79375,35709.82
79376,15082.25
79377,20532.95
79378,32464.36
79379,20805.64
79380,29818.23
79381,8959.66
79382,20797.51
79383,31784.41
79384,14389.21
79385,33837.1
79386,22806.89
79387,26367.87
79388,26508.32
79389,24590.77
79390,38502.48
79391,21293.8
79392,25612.36
79393,10635.51
79394,11733.07
79395,16633.69
79396,13379.65
79397,40063.55
79398,15414.58
79399,11966.41
79400,22008.68
79401,25042.83
79402,29495.52
79403,22173.12
79404,26566.8
79405,25712.65
79406,33171.0
79407,22687.86
79408,22950.74
79409,11354.04
79410,10646.16
79411,48140.57
79412,27589.54
79413,13985.72
79414,11533.37
79415,12633.18
79416,21162.8
79417,13420.74
79418,7903.53
79419,31278.78
79420,29078.27
79421,14976.39
79422,10817.77
79423,9507.16
79424,21348.69
79425,11018.25
79426,12606.65
79427,8162.41
79428,19070.59
79429,17646.34
79430,20640.55
79431,22321.45
79432,13793.9
79433,29581.12
79434,31025.69
79435,19156.0
79436,13768.6
79437,19105.8
79438,45029.28
79439,57064.82
79440,47073.99
79441,33953.54
79442,22390.24
79443,12446.05
79444,22200.23
79445,24498.32
79446,7574.71
79447,16883.83
79448,21890.84
79449,17600.16
79450,19848.4
79451,14370.82
79452,57361.54
79453,24257.21
79454,16828.95
79455,29702.3
79456,21950.46
79457,32196.01
79458,20413.96
79459,27026.03
79460,21452.08
79461,13700.28
79462,47098.68
79463,14721.81
79464,17499.67
79465,27465.67
79466,20199.08
79467,25500.37
79468,13927.98
79469,12432.5
79470,32662.89
79471,14104.04
79472,13868.34
79473,7481.33
79474,10841.11
79475,26571.03
79476,13424.37
79477,28936.61
79478,23966.45
79479,11742.9
79480,18359.61
79481,19244.85
79482,31473.1
79483,15688.32
79484,20916.67
79485,15267.27
79486,13687.95
79487,13864.02
79488,38069.74
79489,27316.04
79490,21671.16
79491,14268.55
79492,17444.21
79493,11188.43
79494,20746.47
79495,15583.21
79496,20106.79
79497,22231.59
79498,22712.87
79499,12411.57
79500,21793.98
79501,36119.99
79502,13194.54
79503,20260.7
79504,20697.23
79505,12629.88
79506,16205.15
79507,14438.6
79508,16791.77
79509,16492.91
79510,52543.43
79511,50594.64
79512,16363.74
79513,11889.84
79514,18855.52
79515,38538.46
79516,19859.66
79517,43687.2
79518,49959.72
79519,28774.01
79520,27849.58
79521,17577.21
79522,24877.24
79523,22616.63
79524,25653.36
79525,28274.48
79526,20542.82
79527,47261.18
79528,17829.73
79529,17433.67
79530,18996.04
79531,44910.36
79532,27482.59
79533,22228.07
79534,24134.0
79535,27592.81
79536,20872.81
79537,20388.68
79538,29085.28
79539,26372.98
79540,21536.11
79541,12149.22
79542,24827.53
79543,16832.52
79544,18971.9
79545,17747.68
79546,15859.43
79547,49064.64
79548,32356.15
79549,6823.45
79550,9790.55
79551,27998.74
79552,14306.12
79553,13883.59
79554,9069.23
79555,26040.99
79556,38887.98
79557,8132.75
79558,24119.61
79559,8249.36
79560,25615.71
79561,17682.55
79562,48233.27
79563,30365.62
79564,21512.79
79565,57313.19
79566,21149.23
79567,14348.55
79568,19957.69
79569,6261.9
79570,12138.22
79571,39632.25
79572,22622.84
79573,13721.36
79574,13615.89
79575,29606.97
79576,35841.4
79577,19257.06
79578,21461.37
79579,29540.79
79580,24129.28
79581,24419.59
79582,25510.21
79583,30563.82
79584,31762.76
79585,25184.03
79586,42899.11
79587,18692.62
79588,20012.03
79589,5246.28
79590,38385.32
79591,29993.14
79592,14345.81
79593,14361.0
79594,33900.22
79595,21577.08
79596,21075.69
79597,11786.4
79598,13140.76
79599,28176.5
79600,25349.74
79601,12933.23
79602,27521.61
79603,22223.71
79604,16999.47
79605,19265.54
79606,9277.45
79607,15051.63
79608,23985.28
79609,21354.51
79610,24221.89
79611,12739.13
79612,28347.52
79613,30386.23
79614,25675.05
79615,23483.97
79616,27283.33
79617,25223.99
79618,28737.07
79619,11251.62
79620,11950.36
79621,26184.49
79622,8646.96
79623,23996.93
79624,27286.42
79625,27540.47
79626,16610.85
79627,20598.15
79628,14596.72
79629,21658.29
79630,18995.8
79631,25460.02
79632,21881.96
79633,19988.73
79634,6490.69
79635,62051.34
79636,21091.39
79637,17614.86
79638,22289.77
79639,51080.62
79640,11599.17
79641,8698.8
79642,31061.22
79643,48131.31
79644,28222.32
79645,22579.05
79646,31594.5
79647,13900.08
79648,34413.76
79649,52893.75
79650,15619.79
79651,17975.77
79652,11363.32
79653,21493.24
79654,9546.38
79655,30774.81
79656,23030.31
79657,13827.67
79658,25415.1
79659,27028.27
79660,45090.95
79661,27315.26
79662,27543.2
79663,5003.25
79664,21536.31
79665,27410.76
79666,18033.68
79667,18491.44
79668,21958.65
79669,14083.19
79670,16011.69
79671,33477.3
79672,11766.14
79673,30583.13
79674,22369.52
79675,19236.13
79676,17691.2
79677,24006.7
79678,30403.75
79679,15594.0
79680,12934.01
79681,29305.99
79682,13299.73
79683,10409.99
79684,28341.16
79685,28576.99
79686,31822.86
79687,18034.05
79688,14161.79
79689,23515.56
79690,21644.03
79691,34304.01
79692,24936.2
79693,14792.95
79694,13133.09
79695,16996.78
79696,41815.52
79697,12868.59
79698,28641.28
79699,14525.63
79700,16906.16
79701,9730.55
79702,12798.58
79703,13302.31
79704,18704.79
79705,18697.89
79706,22128.46
79707,49979.7
79708,27804.47
79709,17370.36
79710,10730.94
79711,14049.99
79712,24695.5
79713,16211.51
79714,20160.32
79715,21487.09
79716,21101.04
79717,7580.09
79718,11327.96
79719,24952.76
79720,18413.49
79721,26369.28
79722,24562.28
79723,44747.83
79724,33842.04
79725,12205.17
79726,19213.61
79727,22813.11
79728,58762.31
79729,19911.66
79730,22145.62
79731,11466.04
79732,24186.62
79733,12232.83
79734,13267.75
79735,25231.42
79736,12111.03
79737,36009.22
79738,12262.44
79739,26462.07
79740,9316.65
79741,16130.04
79742,10109.28
79743,31477.68
79744,13446.46
79745,17246.32
79746,27122.51
79747,13489.46
79748,28843.09
79749,42614.76
79750,21677.67
79751,19885.32
79752,21495.54
79753,27976.56
79754,26032.66
79755,52097.27
79756,14973.73
79757,24938.6
79758,34632.32
79759,22070.39
79760,50448.64
79761,35011.09
79762,18087.24
79763,30810.6
79764,19167.68
79765,16767.18
79766,17245.46
79767,9133.56
79768,31393.8
79769,18505.01
79770,28933.14
79771,21385.65
79772,30016.25
79773,18762.08
79774,19897.24
79775,15844.01
79776,16942.94
79777,11435.81
79778,14567.43
79779,7791.51
79780,10219.2
79781,12954.76
79782,7869.51
79783,13125.73
79784,15176.71
79785,16212.82
79786,18891.84
79787,30779.31
79788,19826.15
79789,21079.6
79790,26520.49
79791,49264.33
79792,19033.86
79793,18341.89
79794,14876.82
79795,11541.4
79796,18122.32
79797,22686.21
79798,14541.05
79799,23074.94
79800,48466.74
79801,21688.55
79802,20939.78
79803,10986.93
79804,21279.86
79805,28547.92
79806,25428.99
79807,15238.87
79808,13072.19
79809,13725.62
79810,30108.52
79811,21669.9
79812,13591.97
79813,32106.43
79814,21208.77
79815,17736.72
79816,13365.54
79817,18874.9
79818,18746.41
79819,38143.43
79820,24840.29
79821,21659.82
79822,14588.03
79823,17491.74
79824,29729.74
79825,32832.86
79826,10484.09
79827,14874.2
79828,25365.44
79829,27788.51
79830,35304.46
79831,19450.28
79832,30917.1
79833,39229.02
79834,32427.28
79835,19374.44
79836,16886.19
79837,21102.7
79838,18247.16
79839,16253.57
79840,14596.75
79841,16281.16
79842,25445.98
79843,21154.2
79844,17929.99
79845,12881.3
79846,9946.7
79847,10377.07
79848,24912.23
79849,17122.51
79850,31484.49
79851,18673.57
79852,20038.38
79853,28763.57
79854,8099.39
79855,15408.39
79856,29387.73
79857,9365.74
79858,46696.66
79859,14869.28
79860,21504.57
79861,10535.1
79862,22007.96
79863,35019.32
79864,21989.15
79865,39229.37
79866,10775.37
79867,34566.22
79868,16428.97
79869,41568.62
79870,9357.19
79871,17088.04
79872,67506.61
79873,13448.64
79874,28502.91
79875,21469.22
79876,37874.21
79877,13314.49
79878,13983.31
79879,30196.96
79880,37312.5
79881,32499.51
79882,11693.25
79883,24123.36
79884,15638.47
79885,26283.69
79886,30820.54
79887,23501.87
79888,12248.26
79889,18277.75
79890,16710.51
79891,33291.38
79892,17252.96
79893,19104.93
79894,16583.87
79895,12342.28
79896,18136.47
79897,31233.16
79898,20622.7
79899,11786.52
79900,20117.74
79901,27850.48
79902,17814.33
79903,39309.43
79904,25826.61
79905,19199.28
79906,10423.02
79907,23185.54
79908,21557.56
79909,15496.01
79910,17565.57
79911,17574.8
79912,13226.89
79913,11078.61
79914,13393.13
79915,8455.16
79916,34539.37
79917,9821.21
79918,37969.12
79919,28549.15
79920,18289.72
79921,17031.61
79922,18415.65
79923,9687.76
79924,13417.89
79925,14858.93
79926,47746.64
79927,27827.21
79928,27904.84
79929,31504.83
79930,7263.63
79931,19374.75
79932,32927.19
79933,23402.85
79934,16849.34
79935,13149.36
79936,12153.0
79937,55218.5
79938,20188.39
79939,34239.34
79940,19592.25
79941,20105.89
79942,19389.59
79943,14109.72
79944,49602.03
79945,16045.9
79946,23210.78
79947,20521.72
79948,51080.62
79949,21613.55
79950,26385.32
79951,25468.65
79952,14447.37
79953,14537.8
79954,26619.92
79955,8723.32
79956,14591.46
79957,11385.53
79958,28475.01
79959,23532.2
79960,29367.03
79961,42646.4
79962,28377.77
79963,23191.16
79964,24019.99
79965,33059.98
79966,5955.36
79967,29333.13
79968,22181.83
79969,33094.37
79970,21212.34
79971,21349.61
79972,21144.58
79973,17716.06
79974,34155.72
79975,35450.39
79976,19365.77
79977,14871.18
79978,36744.13
79979,26053.42
79980,27980.27
79981,22258.26
79982,10948.95
79983,12137.41
79984,15190.31
79985,12231.14
79986,22827.73
79987,31130.26
79988,17414.84
79989,32096.23
79990,10890.39
79991,12894.04
79992,13815.28
79993,22163.3
79994,35186.97
79995,16106.61
79996,49891.39
79997,21437.51
79998,21444.22
79999,35528.45
80000,20757.92
80001,28468.95
80002,24438.55
80003,22769.83
80004,27282.65
80005,21361.92
80006,28633.63
80007,12809.77
80008,14896.1
80009,12506.08
80010,10730.52
80011,23762.55
80012,26358.55
80013,38274.26
80014,22335.42
80015,15649.56
80016,21287.89
80017,7113.83
80018,47237.56
80019,14417.01
80020,30336.26
80021,49143.49
80022,13703.82
80023,32883.25
80024,14578.6
80025,32960.6
80026,14190.72
80027,16633.25
80028,35301.0
80029,15231.69
80030,34809.33
80031,29485.14
80032,23392.02
80033,7347.52
80034,28828.26
80035,25654.78
80036,35931.13
80037,8334.93
80038,39579.84
80039,27072.68
80040,23831.65
80041,31705.92
80042,22810.02
80043,21128.4
80044,54449.01
80045,22050.29
80046,42345.3
80047,17874.82
80048,41826.35
80049,25117.01
80050,24975.12
80051,3448.33
80052,17448.0
80053,9151.38
80054,24886.47
80055,20697.98
80056,27894.54
80057,30906.94
80058,18864.98
80059,30596.2
80060,28410.95
80061,18354.93
80062,31639.04
80063,24733.81
80064,16160.84
80065,10775.55
80066,16807.43
80067,43596.12
80068,29635.04
80069,37630.08
80070,30229.53
80071,25637.99
80072,19204.95
80073,15716.01
80074,26066.96
80075,34633.47
80076,16838.45
80077,28433.83
80078,15431.59
80079,22164.85
80080,30286.99
80081,13443.21
80082,9183.53
80083,38448.94
80084,30968.97
80085,20946.81
80086,33073.65
80087,6533.03
80088,29929.67
80089,49642.92
80090,23913.46
80091,20188.38
80092,25758.05
80093,26422.04
80094,19467.09
80095,48882.75
80096,16707.98
80097,66451.6
80098,42721.4
80099,28520.1
80100,16673.38
80101,20714.99
80102,14466.21
80103,25501.38
80104,10215.23
80105,20861.81
80106,10488.54
80107,24434.13
80108,23156.36
80109,15212.18
80110,25383.55
80111,11082.84
80112,21496.59
80113,31462.67
80114,17402.97
80115,26622.12
80116,13066.63
80117,19410.79
80118,20090.82
80119,21242.11
80120,31589.5
80121,23430.32
80122,11898.45
80123,25287.21
80124,25796.61
80125,12071.06
80126,44729.7
80127,11318.14
80128,15089.67
80129,15408.62
80130,10492.46
80131,39295.91
80132,48712.27
80133,17795.06
80134,21609.96
80135,26107.52
80136,24494.56
80137,36054.46
80138,20692.89
80139,22419.35
80140,15982.46
80141,28022.1
80142,20926.17
80143,18587.0
80144,12657.45
80145,14611.76
80146,35835.79
80147,14284.46
80148,21497.46
80149,21560.75
80150,21699.71
80151,12762.77
80152,17785.29
80153,38376.15
80154,22604.35
80155,34888.5
80156,25734.75
80157,43205.04
80158,25745.65
80159,9692.19
80160,12376.01
80161,21749.48
80162,25570.06
80163,13949.8
80164,11569.03
80165,35278.98
80166,25548.82
80167,26135.1
80168,34913.11
80169,18287.17
80170,14452.69
80171,27207.04
80172,50444.57
80173,30015.79
80174,13696.05
80175,13909.73
80176,22079.22
80177,24023.42
80178,23839.48
80179,33922.29
80180,21749.81
80181,34312.98
80182,29622.3
80183,28705.47
80184,17476.14
80185,52164.53
80186,20939.13
80187,8961.64
80188,20717.73
80189,34300.16
80190,27331.61
80191,22457.2
80192,17339.57
80193,27646.85
80194,55831.53
80195,16047.71
80196,20538.82
80197,14535.56
80198,16359.89
80199,18290.29
80200,20002.81
80201,24341.67
80202,24917.66
80203,26174.09
80204,25054.56
80205,16607.01
80206,11560.93
80207,14687.78
80208,10770.28
80209,15250.32
80210,24382.59
80211,22758.16
80212,12053.96
80213,24740.12
80214,24459.67
80215,8637.53
80216,22272.3
80217,11329.85
80218,12780.12
80219,11414.56
80220,43554.55
80221,16707.3
80222,12746.46
80223,67621.41
80224,16469.6
80225,45195.92
80226,21074.48
80227,20696.87
80228,11024.89
80229,32899.59
80230,28134.67
80231,22584.82
80232,29039.02
80233,26020.35
80234,10059.18
80235,45308.72
80236,17336.27
80237,20854.69
80238,48991.38
80239,17924.36
80240,35395.39
80241,9869.66
80242,31134.85
80243,21803.84
80244,15164.33
80245,27258.34
80246,22604.31
80247,17591.11
80248,21501.49
80249,15675.55
80250,38696.86
80251,27790.57
80252,12204.31
80253,19530.16
80254,13751.69
80255,10787.6
80256,19220.11
80257,24884.2
80258,7994.17
80259,15379.61
80260,35895.0
80261,14176.87
80262,13541.01
80263,18837.85
80264,9986.29
80265,32764.88
80266,13628.9
80267,26974.83
80268,8378.2
80269,18506.47
80270,30573.66
80271,26523.92
80272,20326.25
80273,13781.0
80274,15867.86
80275,14701.17
80276,26388.61
80277,19956.9
80278,13212.87
80279,23900.42
80280,19469.97
80281,19106.99
80282,19824.8
80283,16922.75
80284,10117.48
80285,39918.6
80286,7406.39
80287,17960.42
80288,20817.54
80289,16498.42
80290,17984.54
80291,44190.26
80292,15214.09
80293,13353.6
80294,12481.43
80295,17426.7
80296,9669.45
80297,17861.85
80298,24163.36
80299,33659.31
80300,11105.67
80301,36998.76
80302,14588.64
80303,15484.61
80304,4098.22
80305,29181.67
80306,10168.63
80307,18815.02
80308,21278.05
80309,13456.55
80310,17762.53
80311,19927.03
80312,33302.34
80313,25522.35
80314,19043.94
80315,17393.58
80316,13782.12
80317,27331.09
80318,23016.59
80319,29072.54
80320,32059.1
80321,24705.71
80322,13858.66
80323,31699.63
80324,47694.8
80325,22343.19
80326,57624.58
80327,8714.83
80328,18237.75
80329,28912.05
80330,32712.79
80331,19669.2
80332,25993.75
80333,25785.49
80334,18328.52
80335,27145.79
80336,22551.21
80337,19942.74
80338,16423.52
80339,24913.69
80340,13813.45
80341,23994.46
80342,21925.1
80343,14033.51
80344,29561.9
80345,21900.0
80346,23204.65
80347,31640.4
80348,18937.6
80349,11856.55
80350,23021.59
80351,12602.43
80352,46897.71
80353,19390.6
80354,18811.47
80355,4408.29
80356,27959.8
80357,32758.88
80358,44509.69
80359,14678.82
80360,38483.45
80361,45882.47
80362,7928.39
80363,19075.5
80364,19557.6
80365,29793.86
80366,49943.18
80367,18394.01
80368,33964.87
80369,14365.59
80370,17326.37
80371,22025.25
80372,28244.79
80373,29361.82
80374,26462.74
80375,11570.72
80376,18330.56
80377,25664.46
80378,29542.56
80379,15704.43
80380,23422.55
80381,29401.7
80382,20566.42
80383,28118.57
80384,12010.05
80385,28103.07
80386,42616.48
80387,30874.85
80388,24383.94
80389,33809.61
80390,19639.88
80391,36461.7
80392,18232.45
80393,14656.03
80394,15406.72
80395,15477.17
80396,34136.52
80397,27118.4
80398,18226.19
80399,34193.36
80400,14128.01
80401,15438.2
80402,25252.6
80403,14146.53
80404,31756.36
80405,31346.88
80406,31661.5
80407,25772.87
80408,39057.39
80409,14084.62
80410,18701.06
80411,18398.82
80412,25619.73
80413,14911.26
80414,26494.48
80415,12348.12
80416,16604.23
80417,18184.55
80418,19129.22
80419,29508.98
80420,17344.95
80421,17735.74
80422,14026.38
80423,23367.78
80424,17996.55
80425,17082.11
80426,7449.19
80427,8322.17
80428,13356.64
80429,38325.36
80430,11448.81
80431,31092.48
80432,8754.63
80433,21735.09
80434,16552.22
80435,13012.66
80436,17928.67
80437,9287.24
80438,65865.11
80439,25786.75
80440,59952.53
80441,15440.77
80442,14594.29
80443,32026.49
80444,30098.03
80445,11097.44
80446,32118.99
80447,10650.24
80448,13816.29
80449,12395.42
80450,15285.02
80451,31743.83
80452,12428.85
80453,17346.68
80454,9425.7
80455,26280.76
80456,20185.53
80457,15775.6
80458,25249.42
80459,20514.89
80460,15766.59
80461,27884.78
80462,24437.36
80463,24592.04
80464,16724.96
80465,5193.13
80466,4246.72
80467,30700.29
80468,17647.82
80469,12429.62
80470,25708.01
80471,17450.1
80472,12862.71
80473,23173.72
80474,14046.93
80475,12691.45
80476,9128.73
80477,23010.44
80478,11019.48
80479,23921.1
80480,16892.62
80481,19163.93
80482,23950.97
80483,12751.92
80484,57255.29
80485,22955.96
80486,18920.27
80487,11989.07
80488,16796.75
80489,9352.95
80490,24673.9
80491,19504.42
80492,22778.63
80493,23359.03
80494,26993.63
80495,29392.34
80496,21462.01
80497,9820.51
80498,18535.37
80499,24451.73
80500,11492.24
80501,20115.85
80502,19523.29
80503,16828.98
80504,28801.85
80505,10598.75
80506,6226.4
80507,18008.04
80508,14483.52
80509,31718.72
80510,18027.26
80511,65789.57
80512,16309.98
80513,53383.16
80514,16021.65
80515,38304.3
80516,15766.44
80517,13322.13
80518,27914.02
80519,31797.15
80520,20294.74
80521,25152.48
80522,18592.71
80523,15916.64
80524,25907.83
80525,29197.56
80526,43700.9
80527,37833.57
80528,27638.54
80529,26939.5
80530,11063.55
80531,19941.72
80532,13326.43
80533,17567.07
80534,13160.49
80535,23412.67
80536,21327.41
80537,27629.73
80538,62769.94
80539,34428.46
80540,17035.08
80541,26286.41
80542,42304.24
80543,24564.13
80544,45111.09
80545,13426.2
80546,28903.51
80547,26943.15
80548,24906.54
80549,14363.56
80550,14879.67
80551,20532.02
80552,30960.24
80553,10503.53
80554,31541.41
80555,28635.27
80556,27878.96
80557,26296.21
80558,11018.47
80559,18403.55
80560,19231.36
80561,34927.23
80562,20239.89
80563,19087.03
80564,32573.8
80565,11520.21
80566,52781.98
80567,13833.23
80568,20436.18
80569,11976.72
80570,33168.28
80571,20509.3
80572,10319.36
80573,15080.21
80574,19118.74
80575,16379.58
80576,25712.74
80577,9046.09
80578,29753.16
80579,11730.34
80580,17014.26
80581,22182.89
80582,13853.87
80583,11832.61
80584,16963.85
80585,27709.83
80586,25979.94
80587,33908.49
80588,18033.11
80589,72796.24
80590,30857.43
80591,54444.09
80592,24519.13
80593,57795.0
80594,15990.35
80595,28246.94
80596,11178.89
80597,27522.75
80598,21580.98
80599,8871.93
80600,65074.95
80601,34289.07
80602,18531.82
80603,11700.59
80604,34029.36
80605,13796.98
80606,16252.97
80607,18119.75
80608,13965.7
80609,28450.77
80610,14353.12
80611,48043.71
80612,21636.29
80613,18141.63
80614,27581.13
80615,31321.97
80616,42846.61
80617,14165.52
80618,34345.08
80619,20102.76
80620,17590.09
80621,23571.93
80622,27775.51
80623,34263.65
80624,14724.34
80625,18004.51
80626,33032.97
80627,13218.04
80628,33181.5
80629,12643.66
80630,19155.44
80631,47215.28
80632,20963.39
80633,29490.07
80634,45883.07
80635,21604.58
80636,12355.72
80637,23052.93
80638,35962.44
80639,11693.48
80640,17821.76
80641,28579.56
80642,21795.25
80643,15883.94
80644,24921.22
80645,63951.96
80646,22604.35
80647,24301.87
80648,32045.09
80649,18569.88
80650,22245.45
80651,15950.69
80652,24371.54
80653,30186.12
80654,28164.07
80655,20475.1
80656,13437.36
80657,26827.71
80658,12734.14
80659,44031.77
80660,14724.89
80661,12990.52
80662,30910.62
80663,34775.98
80664,28129.99
80665,12457.45
80666,18132.2
80667,23949.3
80668,14254.18
80669,19773.43
80670,23266.45
80671,15479.84
80672,29212.95
80673,22173.08
80674,19633.36
80675,13433.26
80676,31243.27
80677,14444.69
80678,27887.11
80679,11401.62
80680,19333.0
80681,28802.28
80682,20895.01
80683,39167.7
80684,28063.4
80685,11916.65
80686,26290.64
80687,25627.62
80688,34946.47
80689,11997.1
80690,19467.13
80691,33807.84
80692,14128.16
80693,18200.4
80694,2806.08
80695,12544.76
80696,11946.24
80697,17067.5
80698,26051.99
80699,21866.91
80700,32373.89
80701,15380.95
80702,12768.47
80703,37698.82
80704,33466.83
80705,23356.16
80706,10404.06
80707,17266.24
80708,14940.03
80709,15379.63
80710,27785.23
80711,21825.26
80712,17933.95
80713,11964.51
80714,28692.52
80715,22069.85
80716,21147.48
80717,16674.64
80718,35027.16
80719,10736.36
80720,14174.97
80721,29040.83
80722,7052.77
80723,20756.43
80724,14821.39
80725,18193.27
80726,31579.63
80727,18079.67
80728,19619.97
80729,8904.59
80730,12245.19
80731,12713.46
80732,21725.49
80733,33884.31
80734,23417.49
80735,30422.89
80736,10396.31
80737,19824.63
80738,32924.84
80739,17391.71
80740,23218.37
80741,30150.11
80742,17686.63
80743,20380.55
80744,36576.36
80745,34186.98
80746,47580.88
80747,25993.59
80748,27350.59
80749,30014.51
80750,56091.85
80751,29978.74
80752,10434.21
80753,27128.14
80754,27844.36
80755,17126.51
80756,16530.62
80757,14374.6
80758,14744.77
80759,32767.89
80760,20133.26
80761,14975.65
80762,26968.95
80763,22142.49
80764,17849.44
80765,17428.98
80766,14693.87
80767,13954.07
80768,11452.03
80769,26936.7
80770,34643.92
80771,5678.17
80772,20481.83
80773,10015.03
80774,28775.39
80775,51230.27
80776,9389.43
80777,34793.24
80778,20706.93
80779,46799.38
80780,27814.29
80781,29141.44
80782,50500.31
80783,17770.66
80784,14253.9
80785,24656.61
80786,25338.68
80787,13755.69
80788,18153.92
80789,49059.03
80790,17061.37
80791,57813.9
80792,11950.76
80793,13105.43
80794,28619.52
80795,13486.58
80796,21814.36
80797,25063.4
80798,13902.66
80799,9813.74
80800,21583.25
80801,17143.16
80802,31482.7
80803,22660.87
80804,14390.32
80805,20559.95
80806,20259.38
80807,24557.62
80808,67012.73
80809,12566.5
80810,34785.16
80811,12237.96
80812,28446.63
80813,17054.87
80814,11331.34
80815,17296.59
80816,38670.07
80817,10863.9
80818,9591.77
80819,6087.26
80820,11788.85
80821,8795.28
80822,21689.93
80823,13566.64
80824,28344.72
80825,19319.12
80826,15296.06
80827,25580.96
80828,29086.06
80829,16587.76
80830,15371.76
80831,21758.36
80832,10354.79
80833,10988.41
80834,14855.9
80835,10995.59
80836,20777.58
80837,24257.1
80838,28930.66
80839,27992.79
80840,24274.43
80841,22913.54
80842,52411.16
80843,15583.35
80844,7186.16
80845,24453.36
80846,17293.66
80847,31094.01
80848,30568.26
80849,30230.04
80850,29263.54
80851,30042.78
80852,25470.78
80853,15082.47
80854,20554.58
80855,32730.86
80856,16991.99
80857,24658.88
80858,9326.98
80859,13474.18
80860,22737.09
80861,15435.37
80862,23630.73
80863,14634.85
80864,17302.41
80865,17731.79
80866,19211.83
80867,33113.07
80868,14709.69
80869,21680.29
80870,18620.86
80871,11695.72
80872,13072.56
80873,15439.46
80874,23566.53
80875,46594.54
80876,21661.63
80877,22498.25
80878,20785.79
80879,28051.49
80880,19631.82
80881,9318.35
80882,20068.43
80883,16030.02
80884,15384.35
80885,35678.22
80886,14059.91
80887,13995.83
80888,11767.44
80889,53626.65
80890,19051.52
80891,25783.2
80892,20591.19
80893,24276.56
80894,49085.26
80895,14071.11
80896,23549.7
80897,28064.32
80898,13014.53
80899,26356.96
80900,10413.73
80901,32378.89
80902,19147.43
80903,31295.21
80904,34273.92
80905,32624.98
80906,9995.61
80907,9878.09
80908,56256.05
80909,21518.7
80910,36910.28
80911,69206.31
80912,24881.79
80913,27410.73
80914,30980.94
80915,10059.71
80916,26069.97
80917,20790.8
80918,25532.83
80919,13491.82
80920,21813.92
80921,27317.99
80922,18676.77
80923,30608.75
80924,29360.92
80925,49104.1
80926,12233.19
80927,26987.64
80928,32333.9
80929,21740.85
80930,14865.5
80931,16861.71
80932,65847.76
80933,13903.62
80934,18970.13
80935,10742.04
80936,15046.04
80937,19530.81
80938,29724.84
80939,23476.7
80940,30368.49
80941,21018.31
80942,10009.9
80943,13590.49
80944,36753.16
80945,28808.78
80946,21054.61
80947,17162.23
80948,14417.63
80949,18421.06
80950,47430.59
80951,32486.78
80952,29641.21
80953,19690.3
80954,11301.09
80955,36858.82
80956,13572.05
80957,27007.69
80958,29543.5
80959,45538.11
80960,14795.17
80961,10781.64
80962,47932.02
80963,21855.45
80964,22292.66
80965,15761.06
80966,12780.64
80967,17022.57
80968,20687.97
80969,16056.56
80970,21694.52
80971,32866.95
80972,19415.38
80973,16741.48
80974,24957.25
80975,20097.1
80976,13674.72
80977,31911.99
80978,27467.05
80979,18282.58
80980,22879.62
80981,49144.07
80982,24074.59
80983,19030.36
80984,13075.58
80985,27190.12
80986,13936.97
80987,16290.94
80988,47220.41
80989,24241.72
80990,11467.69
80991,13875.55
80992,13279.2
80993,27597.6
80994,24230.66
80995,22893.06
80996,49124.16
80997,23316.06
80998,21125.44
80999,6205.26
81000,41168.87
81001,24617.62
81002,16848.14
81003,24974.46
81004,19913.79
81005,58713.42
81006,37183.21
81007,28173.21
81008,13502.44
81009,48493.17
81010,16570.43
81011,12005.52
81012,11704.31
81013,19359.49
81014,37178.87
81015,15922.73
81016,19850.54
81017,14099.07
81018,17218.86
81019,28120.93
81020,30195.39
81021,14192.96
81022,12134.79
81023,29497.48
81024,11911.93
81025,25334.73
81026,9614.32
81027,34764.09
81028,28153.42
81029,39872.98
81030,19632.82
81031,16673.82
81032,18742.78
81033,23724.01
81034,21783.65
81035,51320.54
81036,14771.84
81037,11286.31
81038,34294.23
81039,12173.83
81040,12983.36
81041,13396.45
81042,17697.25
81043,17763.31
81044,17474.23
81045,30031.64
81046,32682.75
81047,35630.63
81048,14754.89
81049,29824.96
81050,27953.42
81051,28219.58
81052,7009.76
81053,38800.24
81054,15780.01
81055,7554.76
81056,11928.89
81057,9296.28
81058,16322.11
81059,35185.56
81060,20750.22
81061,16989.5
81062,14310.89
81063,17832.56
81064,12901.21
81065,16610.85
81066,26529.54
81067,51988.41
81068,39993.12
81069,17319.35
81070,19986.36
81071,48620.26
81072,17631.53
81073,26776.21
81074,64752.91
81075,45564.56
81076,40960.42
81077,22071.97
81078,33786.95
81079,34089.45
81080,51381.74
81081,8523.76
81082,23169.03
81083,29236.22
81084,35473.02
81085,25678.37
81086,23118.37
81087,15900.26
81088,11569.51
81089,30544.82
81090,24757.35
81091,63952.58
81092,18927.81
81093,11930.46
81094,18568.81
81095,17038.05
81096,21506.93
81097,22534.35
81098,21978.92
81099,11274.22
81100,15256.72
81101,14399.51
81102,19992.68
81103,32802.21
81104,17608.37
81105,14430.39
81106,25670.56
81107,24579.89
81108,11119.45
81109,34928.34
81110,18617.23
81111,21319.92
81112,21660.23
81113,24884.42
81114,24957.34
81115,40709.33
81116,14327.52
81117,47347.53
81118,26975.17
81119,23614.22
81120,19258.85
81121,49788.89
81122,18239.71
81123,11505.31
81124,18298.89
81125,16507.54
81126,9234.07
81127,15925.45
81128,15959.67
81129,12753.12
81130,17094.14
81131,21266.03
81132,16730.08
81133,34844.52
81134,41620.0
81135,22640.35
81136,25357.6
81137,32284.77
81138,32660.91
81139,16204.23
81140,10939.97
81141,19726.45
81142,36841.97
81143,17133.36
81144,22796.07
81145,12830.52
81146,17535.19
81147,21160.67
81148,22619.37
81149,29294.78
81150,31851.63
81151,22524.17
81152,15985.86
81153,22552.93
81154,11610.0
81155,27163.82
81156,32853.7
81157,11551.44
81158,16614.91
81159,33250.09
81160,25964.87
81161,24887.9
81162,33133.06
81163,17402.88
81164,13313.9
81165,18764.91
81166,19357.67
81167,14907.87
81168,14972.48
81169,26164.77
81170,10978.37
81171,19211.86
81172,26313.61
81173,55929.46
81174,25683.19
81175,13696.84
81176,31648.75
81177,23592.07
81178,33640.23
81179,11046.08
81180,24411.19
81181,19292.11
81182,28831.06
81183,48654.4
81184,14120.46
81185,28158.34
81186,15085.44
81187,32122.71
81188,14240.71
81189,17080.69
81190,23485.07
81191,29464.13
81192,8955.54
81193,25936.72
81194,25648.91
81195,16330.18
81196,36727.0
81197,13511.31
81198,14014.06
81199,21327.86
81200,15599.14
81201,18306.49
81202,20221.52
81203,14322.24
81204,20379.94
81205,30221.54
81206,18006.75
81207,23225.19
81208,16612.73
81209,19271.95
81210,15659.26
81211,17797.94
81212,26529.04
81213,43299.27
81214,31729.32
81215,23910.64
81216,32051.16
81217,21660.18
81218,22437.05
81219,17419.21
81220,31184.62
81221,35616.04
81222,33782.3
81223,14877.95
81224,19949.53
81225,13937.37
81226,11379.29
81227,18282.37
81228,22168.98
81229,21451.49
81230,13732.45
81231,31164.78
81232,27327.78
81233,5443.75
81234,26630.86
81235,35557.16
81236,26756.01
81237,19011.86
81238,12635.62
81239,17523.32
81240,21964.15
81241,12692.77
81242,15219.73
81243,21644.99
81244,22126.99
81245,25065.79
81246,25355.99
81247,15045.5
81248,19203.9
81249,57078.74
81250,26802.72
81251,10583.82
81252,27207.56
81253,19245.46
81254,46995.93
81255,34043.53
81256,24854.39
81257,15825.96
81258,17852.13
81259,24907.35
81260,25879.58
81261,5101.85
81262,11180.71
81263,14191.17
81264,32152.16
81265,12814.69
81266,20736.91
81267,36461.45
81268,42581.15
81269,30737.76
81270,22729.23
81271,15098.01
81272,16343.36
81273,15841.86
81274,14230.49
81275,28550.26
81276,19687.36
81277,9734.38
81278,9443.41
81279,9877.81
81280,23717.23
81281,11925.82
81282,29055.52
81283,22987.74
81284,21147.48
81285,20056.54
81286,10316.04
81287,10409.5
81288,17621.31
81289,5316.62
81290,20167.03
81291,16239.22
81292,16805.43
81293,17575.79
81294,12218.71
81295,42435.8
81296,14528.68
81297,30766.64
81298,14242.44
81299,34209.7
81300,31725.89
81301,19212.41
81302,29541.24
81303,16895.43
81304,11387.46
81305,30623.72
81306,33434.22
81307,29767.28
81308,17315.08
81309,7961.06
81310,25892.13
81311,35765.12
81312,27397.46
81313,14861.26
81314,57242.16
81315,12361.04
81316,13938.55
81317,14727.16
81318,52967.49
81319,17317.99
81320,22369.28
81321,27790.57
81322,73054.21
81323,21665.03
81324,20808.34
81325,29392.7
81326,13366.14
81327,10908.64
81328,22040.27
81329,49839.53
81330,50229.57
81331,28128.06
81332,46342.77
81333,16275.35
81334,65547.74
81335,21342.16
81336,17161.36
81337,14489.6
81338,22557.64
81339,12998.5
81340,33909.72
81341,57957.27
81342,13541.68
81343,28228.11
81344,16210.58
81345,27574.07
81346,21059.86
81347,25826.97
81348,15808.36
81349,13161.38
81350,14119.86
81351,32853.7
81352,21839.28
81353,18244.56
81354,21302.76
81355,41656.9
81356,27338.74
81357,17610.96
81358,28643.29
81359,15114.41
81360,8621.85
81361,21863.18
81362,15888.49
81363,35291.37
81364,12704.98
81365,24052.41
81366,18190.68
81367,21605.02
81368,15364.31
81369,27751.96
81370,17216.72
81371,14850.77
81372,30534.5
81373,16796.37
81374,21897.2
81375,34936.43
81376,23421.8
81377,16198.41
81378,12214.98
81379,21571.95
81380,13039.57
81381,30567.31
81382,19182.24
81383,16462.82
81384,17740.79
81385,13240.19
81386,22800.32
81387,13386.86
81388,11476.71
81389,26234.78
81390,9430.91
81391,10275.19
81392,26037.78
81393,13367.01
81394,11976.2
81395,15372.76
81396,30976.42
81397,22646.98
81398,17906.79
81399,10641.22
81400,18094.93
81401,14686.5
81402,16973.87
81403,31617.64
81404,20964.6
81405,13380.73
81406,33038.22
81407,18456.89
81408,18605.78
81409,12994.51
81410,15696.17
81411,13652.96
81412,15670.37
81413,14287.95
81414,15219.42
81415,15928.45
81416,48653.74
81417,32216.86
81418,27231.62
81419,20488.29
81420,28913.58
81421,35007.62
81422,17245.54
81423,24906.2
81424,10365.28
81425,19502.09
81426,15128.38
81427,12992.74
81428,9880.95
81429,3319.72
81430,20758.84
81431,15081.82
81432,22533.0
81433,22392.36
81434,21105.79
81435,28207.65
81436,10625.06
81437,14575.24
81438,29396.27
81439,4210.06
81440,21234.47
81441,30961.08
81442,41346.69
81443,16996.31
81444,15281.13
81445,13346.68
81446,12431.69
81447,14040.46
81448,14335.75
81449,13885.82
81450,9778.25
81451,21707.87
81452,11854.92
81453,13633.51
81454,18656.19
81455,19274.62
81456,10487.72
81457,34704.25
81458,12391.65
81459,24104.85
81460,26872.5
81461,26993.63
81462,13637.65
81463,13985.72
81464,14627.41
81465,20959.2
81466,21557.23
81467,16075.1
81468,32520.9
81469,19691.0
81470,38551.45
81471,23524.97
81472,11052.54
81473,21157.15
81474,24443.46
81475,21473.63
81476,13523.48
81477,56580.6
81478,27152.34
81479,26955.58
81480,26274.94
81481,44848.95
81482,11961.13
81483,18390.53
81484,6392.37
81485,21357.3
81486,30156.62
81487,56310.93
81488,47361.55
81489,26653.96
81490,14885.15
81491,14450.87
81492,17323.25
81493,19754.58
81494,10792.82
81495,28698.27
81496,15779.3
81497,29015.08
81498,21113.72
81499,33830.99
81500,35776.85
81501,28915.7
81502,30004.03
81503,42308.84
81504,24689.51
81505,48887.8
81506,33682.76
81507,53962.29
81508,25137.88
81509,15507.13
81510,23231.4
81511,33686.6
81512,36819.71
81513,12131.28
81514,15450.3
81515,19354.48
81516,43262.3
81517,11390.6
81518,13666.44
81519,18311.51
81520,32962.13
81521,22766.86
81522,13778.59
81523,23733.78
81524,20428.33
81525,28469.66
81526,25241.14
81527,25731.49
81528,20556.58
81529,20796.87
81530,9734.83
81531,23967.27
81532,42269.87
81533,39089.51
81534,16533.26
81535,21958.43
81536,28737.84
81537,14044.58
81538,11824.77
81539,17865.39
81540,23167.15
81541,17861.51
81542,26812.81
81543,16471.98
81544,19539.69
81545,14437.93
81546,21053.53
81547,27660.09
81548,14919.81
81549,49660.22
81550,14245.2
81551,31023.97
81552,16201.43
81553,18122.78
81554,48548.28
81555,24922.43
81556,36936.61
81557,26453.92
81558,21069.08
81559,17821.97
81560,30578.53
81561,17145.79
81562,14629.24
81563,36717.37
81564,29259.88
81565,22154.16
81566,23225.95
81567,4653.46
81568,17259.14
81569,15174.11
81570,27611.34
81571,17441.9
81572,38623.7
81573,24265.77
81574,31581.53
81575,44038.44
81576,23017.28
81577,30002.61
81578,22195.74
81579,31090.69
81580,40880.24
81581,27243.79
81582,12800.61
81583,28616.19
81584,14419.98
81585,10719.37
81586,60010.23
81587,9432.05
81588,27266.47
81589,16420.82
81590,26888.19
81591,15932.76
81592,20457.17
81593,11308.32
81594,8894.69
81595,35562.6
81596,22672.19
81597,19951.42
81598,11510.43
81599,33752.56
81600,19360.38
81601,33376.69
81602,9336.93
81603,16906.59
81604,41884.4
81605,20944.96
81606,11090.14
81607,11262.13
81608,19839.85
81609,24685.36
81610,11516.15
81611,3995.1
81612,20650.76
81613,20801.55
81614,27149.68
81615,17632.42
81616,35502.37
81617,11729.68
81618,15377.5
81619,44564.16
81620,16871.0
81621,9385.81
81622,21551.66
81623,29180.63
81624,18997.02
81625,17703.77
81626,12719.45
81627,18267.51
81628,9973.49
81629,58251.81
81630,24318.08
81631,14293.05
81632,50439.7
81633,28532.68
81634,16482.27
81635,37315.51
81636,13378.88
81637,16932.19
81638,40896.39
81639,10501.96
81640,25548.0
81641,29392.3
81642,25093.68
81643,14079.5
81644,21580.99
81645,34005.76
81646,27785.55
81647,36828.86
81648,19857.37
81649,9728.09
81650,31657.93
81651,13290.23
81652,27929.29
81653,3076.42
81654,12539.63
81655,18055.98
81656,19646.98
81657,24593.7
81658,15563.42
81659,33591.21
81660,22593.93
81661,11730.6
81662,35617.9
81663,13479.73
81664,10635.59
81665,21775.47
81666,15053.41
81667,32354.9
81668,28817.18
81669,28290.7
81670,23238.75
81671,14915.25
81672,21135.17
81673,25204.2
81674,18731.35
81675,16920.51
81676,21579.78
81677,54444.09
81678,13107.67
81679,22203.86
81680,27351.13
81681,17107.05
81682,24691.17
81683,6194.91
81684,28063.29
81685,31601.85
81686,19762.41
81687,11639.77
81688,14366.23
81689,9593.37
81690,15826.11
81691,37152.16
81692,12658.2
81693,27358.22
81694,25092.35
81695,29141.59
81696,35475.91
81697,27347.47
81698,38258.95
81699,17013.68
81700,29452.38
81701,16139.36
81702,39032.25
81703,16390.02
81704,27730.69
81705,20347.89
81706,9367.76
81707,18063.17
81708,30926.52
81709,33554.43
81710,16947.03
81711,19385.18
81712,16614.29
81713,24532.29
81714,13019.86
81715,29183.99
81716,13160.43
81717,30697.94
81718,22516.19
81719,9225.95
81720,20774.72
81721,26776.21
81722,14237.21
81723,36146.36
81724,10780.65
81725,32258.37
81726,12409.49
81727,38888.34
81728,15687.37
81729,31342.82
81730,55749.92
81731,23637.37
81732,12205.95
81733,15197.8
81734,43192.58
81735,13985.44
81736,29761.12
81737,16329.77
81738,17325.11
81739,12334.29
81740,17533.35
81741,33474.77
81742,20170.64
81743,31087.4
81744,21942.6
81745,28150.15
81746,16463.14
81747,12409.04
81748,19182.25
81749,27462.57
81750,11074.22
81751,38890.67
81752,15456.05
81753,32775.81
81754,33803.35
81755,21263.62
81756,35413.19
81757,13601.67
81758,18395.83
81759,26177.62
81760,14486.33
81761,52956.73
81762,14900.4
81763,12821.95
81764,18693.71
81765,24881.87
81766,23575.65
81767,26989.42
81768,32478.4
81769,16481.66
81770,17800.86
81771,18704.99
81772,26361.04
81773,30578.53
81774,16183.76
81775,20301.24
81776,23957.97
81777,13866.35
81778,23666.22
81779,21747.33
81780,16276.1
81781,12011.05
81782,28135.2
81783,39075.48
81784,10359.84
81785,15361.21
81786,14550.85
81787,20597.34
81788,8320.44
81789,46118.17
81790,15789.59
81791,28494.77
81792,32321.75
81793,18562.43
81794,19442.41
81795,7951.61
81796,15057.91
81797,13688.14
81798,19205.63
81799,34067.08
81800,19130.66
81801,25038.76
81802,17129.91
81803,66264.67
81804,17329.47
81805,11901.45
81806,15399.65
81807,22604.35
81808,33252.52
81809,30448.89
81810,43712.77
81811,14994.79
81812,38959.44
81813,28332.87
81814,19182.48
81815,17964.99
81816,15631.67
81817,21122.18
81818,29789.67
81819,17678.91
81820,14502.95
81821,17566.85
81822,11192.1
81823,9151.14
81824,18227.59
81825,17394.12
81826,41812.99
81827,16661.03
81828,37503.61
81829,33841.46
81830,35230.93
81831,13120.52
81832,25748.86
81833,14038.44
81834,27938.4
81835,20666.45
81836,29145.99
81837,14052.74
81838,25538.82
81839,12738.07
81840,26387.08
81841,28889.45
81842,17455.75
81843,10306.59
81844,5933.85
81845,21334.55
81846,41152.69
81847,11534.34
81848,35272.73
81849,20734.14
81850,16310.21
81851,30009.44
81852,10599.09
81853,23824.08
81854,27074.74
81855,10346.52
81856,13470.6
81857,40852.31
81858,20017.11
81859,36713.66
81860,22184.73
81861,13664.14
81862,24844.73
81863,47739.79
81864,12312.83
81865,27133.69
81866,50800.03
81867,15125.64
81868,26998.84
81869,31713.35
81870,12636.01
81871,22939.0
81872,26211.62
81873,23572.78
81874,11198.68
81875,13658.9
81876,21154.15
81877,14748.05
81878,9167.8
81879,23579.39
81880,21842.0
81881,23678.26
81882,23032.2
81883,32881.55
81884,20833.06
81885,26841.69
81886,10922.37
81887,22859.52
81888,20826.1
81889,29797.54
81890,29315.34
81891,15379.11
81892,21789.36
81893,31430.21
81894,14362.91
81895,19328.22
81896,15906.11
81897,28207.05
81898,74219.8
81899,18991.75
81900,11817.71
81901,15741.77
81902,70112.38
81903,15874.4
81904,33351.57
81905,14023.86
81906,16804.58
81907,33867.39
81908,12148.72
81909,8133.81
81910,15053.55
81911,17712.04
81912,4233.62
81913,18173.84
81914,7044.32
81915,25916.01
81916,32326.09
81917,28718.41
81918,14362.04
81919,17085.5
81920,12551.11
81921,12831.37
81922,33914.75
81923,13334.95
81924,21855.26
81925,30614.35
81926,20112.04
81927,36151.61
81928,22447.56
81929,26905.31
81930,18333.9
81931,40398.35
81932,11513.96
81933,14546.7
81934,10385.81
81935,36334.08
81936,7140.09
81937,29016.08
81938,23129.78
81939,57595.11
81940,23375.27
81941,26080.48
81942,12228.88
81943,38986.76
81944,15386.79
81945,31809.88
81946,26175.33
81947,11413.56
81948,9277.67
81949,12133.56
81950,16845.4
81951,11776.81
81952,7733.92
81953,9844.29
81954,21761.23
81955,15743.13
81956,12139.69
81957,24778.71
81958,28225.25
81959,9191.72
81960,28613.68
81961,15875.0
81962,14575.28
81963,29898.31
81964,22522.56
81965,29813.17
81966,14622.59
81967,16195.65
81968,18317.57
81969,17697.83
81970,22152.89
81971,19489.7
81972,10042.0
81973,16877.49
81974,27813.87
81975,57092.38
81976,38348.19
81977,6269.13
81978,23376.59
81979,21630.35
81980,16502.85
81981,40534.77
81982,28409.1
81983,11746.95
81984,21380.22
81985,25823.04
81986,26376.11
81987,38020.78
81988,31649.29
81989,20943.65
81990,35359.35
81991,13982.18
81992,28037.94
81993,29086.9
81994,12007.49
81995,16619.81
81996,25902.95
81997,14491.17
81998,14068.25
81999,28204.17
82000,22531.14
82001,24995.51
82002,16371.34
82003,15601.28
82004,28744.82
82005,15028.73
82006,12660.66
82007,19160.79
82008,49712.11
82009,19158.7
82010,16755.54
82011,11306.84
82012,32720.7
82013,20528.36
82014,26170.55
82015,15616.46
82016,12521.69
82017,25112.47
82018,7459.34
82019,54444.09
82020,15145.27
82021,17425.13
82022,35338.49
82023,23715.15
82024,63327.2
82025,17454.68
82026,15776.4
82027,22722.64
82028,22893.06
82029,16512.49
82030,15374.07
82031,23562.54
82032,20798.02
82033,25310.01
82034,19794.49
82035,16954.05
82036,32607.95
82037,12927.83
82038,26835.96
82039,21368.87
82040,21867.91
82041,42671.2
82042,15063.49
82043,23142.92
82044,17045.36
82045,16072.55
82046,49208.74
82047,41252.16
82048,32292.75
82049,32969.75
82050,36232.18
82051,17453.71
82052,21131.69
82053,11176.95
82054,20048.82
82055,9821.19
82056,34131.52
82057,27625.83
82058,7232.03
82059,19640.69
82060,17551.1
82061,25407.48
82062,22888.83
82063,25835.57
82064,16495.28
82065,11260.25
82066,19644.3
82067,47346.81
82068,9881.32
82069,17580.56
82070,13340.35
82071,23161.2
82072,22012.02
82073,14003.89
82074,18881.9
82075,17170.58
82076,26210.18
82077,33155.05
82078,14974.8
82079,18550.6
82080,16258.35
82081,15412.57
82082,17981.72
82083,29492.4
82084,19099.53
82085,15621.59
82086,17273.25
82087,17602.4
82088,35299.38
82089,13760.62
82090,10835.17
82091,20218.69
82092,13301.05
82093,41816.89
82094,13676.54
82095,34045.71
82096,25529.68
82097,48071.77
82098,20301.07
82099,36800.69
82100,31105.62
82101,35499.58
82102,22128.13
82103,14130.24
82104,9645.03
82105,17445.59
82106,31033.89
82107,18030.98
82108,21442.55
82109,23011.99
82110,36298.23
82111,62472.26
82112,23723.01
82113,20846.04
82114,29954.19
82115,12412.32
82116,26179.44
82117,28460.08
82118,19473.2
82119,17418.42
82120,16573.51
82121,16115.2
82122,22893.06
82123,17342.24
82124,33606.25
82125,7658.36
82126,17699.04
82127,28173.71
82128,13853.96
82129,13045.71
82130,14617.58
82131,15797.7
82132,27625.75
82133,42323.92
82134,14684.8
82135,20387.99
82136,18062.56
82137,13221.23
82138,28378.52
82139,16163.18
82140,11257.89
82141,12136.51
82142,23110.71
82143,35062.56
82144,14353.93
82145,19236.63
82146,34120.78
82147,23738.88
82148,64079.36
82149,15546.52
82150,37836.2
82151,15222.37
82152,26858.84
82153,13915.91
82154,24080.1
82155,3330.34
82156,71053.95
82157,21813.54
82158,25382.7
82159,24482.93
82160,50095.03
82161,10481.19
82162,46850.81
82163,12055.31
82164,31042.01
82165,22621.59
82166,13315.2
82167,22187.73
82168,15336.3
82169,17483.56
82170,11051.66
82171,16642.5
82172,32899.59
82173,29040.08
82174,9840.66
82175,14310.42
82176,22741.66
82177,14618.35
82178,17368.2
82179,38992.61
82180,11769.63
82181,32784.18
82182,17107.05
82183,14970.98
82184,31301.75
82185,19235.21
82186,20173.43
82187,26192.84
82188,22760.64
82189,22553.8
82190,28762.72
82191,19586.56
82192,42616.62
82193,19553.78
82194,15289.87
82195,13858.59
82196,13594.66
82197,39863.62
82198,15510.64
82199,25103.56
82200,17778.87
82201,18621.33
82202,23005.49
82203,31773.28
82204,11047.62
82205,12211.83
82206,19660.31
82207,27888.43
82208,8995.83
82209,14605.0
82210,24608.05
82211,39821.25
82212,11944.79
82213,21921.8
82214,44092.9
82215,11435.49
82216,19619.29
82217,35787.48
82218,28709.62
82219,20628.27
82220,13795.26
82221,10432.92
82222,18192.28
82223,27454.58
82224,21062.79
82225,14148.3
82226,10950.42
82227,33922.29
82228,19116.08
82229,32545.23
82230,11758.99
82231,17931.12
82232,3486.13
82233,11471.27
82234,20386.96
82235,42324.03
82236,44465.78
82237,27900.84
82238,20311.37
82239,29364.92
82240,23118.37
82241,71731.22
82242,22329.4
82243,26150.46
82244,16876.22
82245,28061.12
82246,16854.29
82247,19057.68
82248,31806.1
82249,30963.19
82250,15926.64
82251,13852.35
82252,10713.39
82253,70545.97
82254,31336.31
82255,16342.63
82256,72953.29
82257,9985.34
82258,19769.77
82259,29109.12
82260,27202.82
82261,10599.39
82262,7937.11
82263,10773.51
82264,13724.93
82265,15258.52
82266,13433.31
82267,14602.9
82268,12557.24
82269,35942.75
82270,34202.85
82271,17456.02
82272,24903.5
82273,29188.52
82274,22284.99
82275,10408.05
82276,11463.0
82277,38629.48
82278,28429.3
82279,15005.61
82280,11396.66
82281,16291.16
82282,55443.61
82283,19776.07
82284,38191.03
82285,24329.33
82286,21980.23
82287,14094.32
82288,22338.88
82289,38638.21
82290,5351.39
82291,14370.92
82292,20591.69
82293,8093.77
82294,29290.57
82295,22033.08
82296,29467.65
82297,16264.14
82298,9886.03
82299,23513.91
82300,19983.08
82301,16493.94
82302,24357.85
82303,15322.78
82304,25009.63
82305,17707.57
82306,16620.25
82307,27326.4
82308,13337.2
82309,14482.06
82310,11371.45
82311,33326.35
82312,31763.64
82313,52995.24
82314,17551.94
82315,18719.11
82316,20384.6
82317,18824.96
82318,16163.66
82319,21498.95
82320,17373.05
82321,14602.29
82322,15882.14
82323,16847.33
82324,32051.2
82325,9392.49
82326,32685.46
82327,20261.29
82328,14877.75
82329,20830.88
82330,17107.8
82331,14991.99
82332,34784.62
82333,25782.22
82334,21988.91
82335,17518.7
82336,18582.83
82337,24909.93
82338,21185.59
82339,21634.75
82340,30554.93
82341,28048.65
82342,22107.39
82343,25760.97
82344,20077.83
82345,19310.44
82346,9047.35
82347,27577.34
82348,27179.43
82349,18682.84
82350,26819.88
82351,11567.7
82352,14174.91
82353,28510.3
82354,8789.18
82355,30909.69
82356,13099.53
82357,21176.45
82358,24097.48
82359,21111.97
82360,24569.54
82361,27616.56
82362,25463.4
82363,14037.63
82364,8183.15
82365,25956.88
82366,16887.88
82367,13446.01
82368,18390.0
82369,10594.43
82370,19020.91
82371,25013.87
82372,13182.76
82373,23869.94
82374,41257.44
82375,9559.48
82376,16359.75
82377,12350.11
82378,5856.88
82379,27044.56
82380,7287.7
82381,18461.61
82382,32598.72
82383,31322.26
82384,27985.56
82385,34843.14
82386,56598.63
82387,26467.97
82388,13069.72
82389,37550.6
82390,33623.4
82391,18842.38
82392,25558.9
82393,17042.69
82394,38209.0
82395,16865.64
82396,13865.52
82397,22158.94
82398,27899.5
82399,31315.71
82400,23446.76
82401,12145.68
82402,31418.64
82403,74168.28
82404,27642.04
82405,14270.08
82406,34026.41
82407,15381.91
82408,9360.67
82409,17999.29
82410,12989.82
82411,11265.26
82412,16645.14
82413,9671.48
82414,10552.7
82415,12495.74
82416,7465.23
82417,10670.05
82418,9697.35
82419,13766.89
82420,14821.85
82421,13447.97
82422,8432.99
82423,9889.62
82424,10304.21
82425,17327.26
82426,6803.12
82427,6993.51
82428,9282.42
82429,16549.75
82430,13928.02
82431,9997.04
82432,6019.33
82433,7813.16
82434,10434.77
82435,14110.29
82436,11237.57
82437,13968.26
82438,22081.4
82439,7748.75
82440,17352.14
82441,12134.69
82442,7618.19
82443,8705.58
82444,9541.22
82445,10418.24
82446,6734.15
82447,7859.5
82448,13692.88
82449,5812.65
82450,8579.53
82451,14652.33
82452,23110.43
82453,13300.09
82454,10666.09
82455,23995.26
82456,10783.2
82457,16124.62
82458,9960.62
82459,7966.26
82460,18106.36
82461,11092.55
82462,13622.6
82463,9723.27
82464,12095.89
82465,11967.67
82466,13586.1
82467,10789.23
82468,21252.89
82469,12667.59
82470,9145.15
82471,12503.8
82472,14755.01
82473,21176.03
82474,9655.24
82475,18521.21
82476,9059.67
82477,6090.06
82478,8972.85
82479,13241.13
82480,7132.79
82481,8862.89
82482,21829.87
82483,18834.05
82484,13104.54
82485,6735.37
82486,21846.34
82487,11302.42
82488,7240.73
82489,6838.1
82490,9157.0
82491,16730.02
82492,7702.03
82493,10886.72
82494,5088.53
82495,21911.24
82496,10806.17
82497,13615.43
82498,13741.27
82499,10931.69
82500,13693.37
82501,13127.5
82502,6815.04
82503,18142.77
82504,16055.33
82505,18167.56
82506,3995.63
82507,13154.36
82508,8041.35
82509,10163.55
82510,8955.58
82511,9845.8
82512,8241.06
82513,13724.15
82514,8997.27
82515,16698.23
82516,9690.8
82517,5033.91
82518,13850.93
82519,14809.46
82520,11473.78
82521,14628.69
82522,10619.02
82523,11016.74
82524,19937.02
82525,12981.71
82526,13220.46
82527,10871.81
82528,7945.17
82529,9549.07
82530,10319.87
82531,16543.0
82532,14263.02
82533,10233.18
82534,16103.63
82535,10870.16
82536,15329.03
82537,2514.72
82538,10984.17
82539,15201.48
82540,7421.89
82541,17400.59
82542,5333.1
82543,10757.32
82544,9372.87
82545,14485.03
82546,18636.24
82547,6303.96
82548,17368.8
82549,10305.49
82550,9052.33
82551,8763.12
82552,13414.6
82553,7793.09
82554,16512.02
82555,9562.46
82556,12195.99
82557,10052.62
82558,25539.82
82559,16381.83
82560,14453.25
82561,13760.93
82562,17692.67
82563,13385.9
82564,9848.4
82565,5786.64
82566,10643.43
82567,12894.05
82568,26209.98
82569,16377.05
82570,12241.52
82571,12331.55
82572,12416.34
82573,16028.31
82574,6026.99
82575,15894.11
82576,19238.82
82577,12063.68
82578,10105.75
82579,18940.96
82580,7867.77
82581,15443.39
82582,12255.89
82583,8339.11
82584,8139.46
82585,11834.66
82586,10734.05
82587,15405.76
82588,21643.51
82589,13701.34
82590,9390.69
82591,18948.47
82592,15856.31
82593,12240.32
82594,18001.63
82595,19911.53
82596,13629.25
82597,9654.58
82598,10477.57
82599,7772.66
82600,17276.29
82601,7252.83
82602,13645.83
82603,9123.36
82604,12635.11
82605,11034.42
82606,18147.62
82607,9244.4
82608,7773.1
82609,5625.36
82610,7380.95
82611,2680.8
82612,18157.58
82613,15499.33
82614,22650.62
82615,4510.58
82616,14441.42
82617,16372.19
82618,6910.14
82619,14319.21
82620,10536.26
82621,11659.05
82622,7722.66
82623,10600.38
82624,18339.77
82625,16462.67
82626,10496.75
82627,11461.89
82628,10635.55
82629,5465.37
82630,12210.09
82631,13043.0
82632,15366.2
82633,9498.5
82634,6451.68
82635,10734.8
82636,2656.28
82637,10410.08
82638,9777.53
82639,11116.52
82640,7510.33
82641,16407.39
82642,17342.24
82643,7202.04
82644,13682.43
82645,11041.72
82646,10663.94
82647,17085.98
82648,14513.93
82649,9353.77
82650,10381.93
82651,8795.51
82652,9175.14
82653,9282.7
82654,13736.36
82655,10686.38
82656,9173.46
82657,2361.86
82658,6561.53
82659,10037.45
82660,7654.29
82661,9104.42
82662,7669.25
82663,13691.96
82664,19000.99
82665,3656.47
82666,15476.55
82667,10184.38
82668,10249.48
82669,15115.06
82670,17820.51
82671,18258.28
82672,12687.24
82673,10409.61
82674,12979.29
82675,17755.66
82676,7514.32
82677,17252.59
82678,10661.57
82679,12912.59
82680,13066.11
82681,10039.22
82682,11093.86
82683,10178.23
82684,10889.32
82685,9235.91
82686,7869.83
82687,30728.9
82688,9334.48
82689,15815.07
82690,24696.55
82691,12390.27
82692,13281.8
82693,10684.23
82694,10900.82
82695,12763.0
82696,22679.45
82697,16043.32
82698,7416.06
82699,7925.59
82700,13757.64
82701,15943.9
82702,18098.17
82703,11351.86
82704,11297.57
82705,10114.83
82706,7218.5
82707,7351.01
82708,17085.4
82709,11787.17
82710,12810.02
82711,9406.15
82712,9117.3
82713,10336.78
82714,17348.36
82715,12904.88
82716,10865.05
82717,17506.69
82718,6652.35
82719,16585.76
82720,8516.77
82721,19922.62
82722,6408.72
82723,13947.85
82724,11518.19
82725,8983.69
82726,14083.03
82727,18982.27
82728,7504.41
82729,2609.14
82730,17318.01
82731,15865.8
82732,4572.79
82733,10654.1
82734,14536.82
82735,7866.42
82736,5107.26
82737,9553.73
82738,10549.38
82739,13224.01
82740,10455.76
82741,6277.81
82742,5027.29
82743,10958.98
82744,10355.56
82745,8736.48
82746,8016.08
82747,10321.43
82748,16040.31
82749,5125.89
82750,8750.91
82751,15763.5
82752,22996.06
82753,9893.58
82754,6880.92
82755,8001.26
82756,14418.5
82757,11591.94
82758,9436.22
82759,12763.54
82760,15989.32
82761,16529.96
82762,26967.85
82763,16062.46
82764,9599.0
82765,16801.73
82766,17330.34
82767,8932.89
82768,7960.3
82769,8931.37
82770,7495.71
82771,10967.67
82772,10013.96
82773,13315.38
82774,10994.14
82775,11139.56
82776,10719.09
82777,15982.53
82778,9428.32
82779,10047.46
82780,16426.64
82781,14371.06
82782,10583.91
82783,20304.66
82784,11474.16
82785,15570.1
82786,9895.97
82787,19571.47
82788,19579.63
82789,16619.26
82790,13942.25
82791,6982.79
82792,14524.39
82793,6662.57
82794,13833.87
82795,6074.61
82796,10443.7
82797,15311.91
82798,14241.78
82799,5777.27
82800,13784.52
82801,17579.73
82802,11076.2
82803,14692.96
82804,15443.27
82805,16894.63
82806,16106.93
82807,15613.41
82808,17101.23
82809,20391.69
82810,6015.09
82811,11276.65
82812,5959.47
82813,16732.98
82814,15332.95
82815,14619.34
82816,16429.09
82817,11423.25
82818,8941.47
82819,9026.18
82820,18968.79
82821,10080.89
82822,20662.7
82823,8351.72
82824,10130.02
82825,15455.04
82826,7647.08
82827,7000.1
82828,6280.57
82829,10884.4
82830,17309.25
82831,17341.31
82832,17736.98
82833,10448.94
82834,17379.93
82835,16498.61
82836,11404.15
82837,9517.39
82838,7383.65
82839,10554.79
82840,17396.05
82841,10705.04
82842,15637.35
82843,8370.47
82844,8335.51
82845,16145.97
82846,11051.19
82847,20466.91
82848,10795.41
82849,10439.8
82850,10983.75
82851,18988.68
82852,7145.97
82853,15477.26
82854,11293.5
82855,14367.56
82856,5288.02
82857,8284.17
82858,11365.17
82859,10600.89
82860,17525.23
82861,7846.55
82862,16399.61
82863,11311.1
82864,11363.58
82865,16509.94
82866,9302.91
82867,26995.3
82868,14326.17
82869,17622.22
82870,12009.42
82871,20263.21
82872,17376.12
82873,9135.35
82874,9606.13
82875,7968.9
82876,13873.87
82877,14538.8
82878,12349.18
82879,14063.23
82880,10997.24
82881,15995.06
82882,3070.32
82883,20205.9
82884,10184.05
82885,15314.34
82886,19030.54
82887,18666.3
82888,16504.05
82889,8234.84
82890,13249.58
82891,16564.45
82892,19776.36
82893,27533.55
82894,7079.6
82895,7935.47
82896,9440.91
82897,10553.56
82898,16336.08
82899,11200.99
82900,9535.03
82901,11168.95
82902,9877.24
82903,16638.01
82904,18245.78
82905,13547.81
82906,17461.55
82907,8570.59
82908,6854.67
82909,15285.23
82910,21654.59
82911,17759.87
82912,21417.49
82913,20565.19
82914,13468.59
82915,11443.8
82916,17756.69
82917,17649.57
82918,14627.65
82919,20792.28
82920,8313.2
82921,9014.27
82922,10086.26
82923,17933.09
82924,3559.89
82925,15817.92
82926,10300.95
82927,10297.49
82928,7873.85
82929,5770.42
82930,21771.46
82931,8156.84
82932,12460.0
82933,14760.4
82934,11596.31
82935,17342.24
82936,10532.74
82937,13706.44
82938,13522.3
82939,7435.81
82940,5316.47
82941,12965.08
82942,13932.19
82943,7245.3
82944,10567.28
82945,6969.99
82946,11604.68
82947,19991.41
82948,12736.97
82949,11985.33
82950,7921.43
82951,11603.61
82952,15621.43
82953,16509.47
82954,7090.97
82955,7194.96
82956,11287.92
82957,18666.22
82958,13661.11
82959,12895.69
82960,14570.33
82961,3940.34
82962,11245.23
82963,10125.78
82964,18882.26
82965,12024.56
82966,17018.8
82967,11626.38
82968,18880.21
82969,16741.31
82970,16895.45
82971,13377.54
82972,11551.78
82973,10945.77
82974,13778.05
82975,11912.49
82976,17171.57
82977,17389.15
82978,8672.09
82979,19302.12
82980,9299.02
82981,10562.7
82982,11417.05
82983,22741.27
82984,18271.06
82985,9510.03
82986,14197.78
82987,10681.78
82988,22067.26
82989,11108.19
82990,9635.8
82991,17430.55
82992,4202.36
82993,9903.69
82994,8449.19
82995,16367.83
82996,9920.54
82997,18431.11
82998,12991.11
82999,13531.58
83000,10066.62
83001,19879.48
83002,15318.44
83003,10661.68
83004,9338.16
83005,17679.67
83006,10949.12
83007,15583.29
83008,7272.19
83009,7992.2
83010,8832.28
83011,13850.31
83012,3382.14
83013,14593.02
83014,13914.65
83015,9531.56
83016,19342.44
83017,10793.01
83018,7989.94
83019,13296.11
83020,10758.28
83021,9942.72
83022,8122.01
83023,7307.03
83024,16231.83
83025,12686.61
83026,11995.37
83027,16552.41
83028,11270.44
83029,7268.42
83030,2415.82
83031,10247.52
83032,10810.71
83033,20681.86
83034,13173.7
83035,8827.9
83036,7226.52
83037,15477.57
83038,7731.28
83039,16609.96
83040,7784.19
83041,12992.53
83042,11079.54
83043,10904.04
83044,11071.39
83045,8172.05
83046,13992.89
83047,7322.44
83048,16874.09
83049,18425.82
83050,18431.28
83051,12448.92
83052,16305.48
83053,16369.15
83054,7361.98
83055,10040.74
83056,7610.84
83057,7870.85
83058,9868.25
83059,12436.95
83060,17454.32
83061,15369.17
83062,16130.65
83063,7798.65
83064,8063.38
83065,7956.58
83066,10704.43
83067,6362.56
83068,15109.99
83069,20888.99
83070,11480.83
83071,14478.65
83072,8919.11
83073,9209.14
83074,12524.0
83075,16189.98
83076,15486.23
83077,7773.83
83078,8090.77
83079,12836.5
83080,26833.69
83081,9423.55
83082,17785.65
83083,4040.37
83084,10062.43
83085,14006.97
83086,8129.25
83087,7722.32
83088,7156.74
83089,9922.68
83090,8831.53
83091,7637.48
83092,10202.11
83093,11567.92
83094,16383.26
83095,13329.17
83096,7120.18
83097,14385.68
83098,11175.99
83099,13237.58
83100,11018.98
83101,16608.58
83102,8009.24
83103,19360.69
83104,16044.02
83105,12404.9
83106,10337.21
83107,10974.49
83108,7647.27
83109,8407.31
83110,10611.21
83111,17266.36
83112,13077.3
83113,9163.24
83114,10171.25
83115,8380.33
83116,11197.59
83117,19862.82
83118,12693.19
83119,9094.33
83120,9881.69
83121,7850.11
83122,10886.96
83123,8254.16
83124,14226.33
83125,8825.58
83126,9330.43
83127,17340.69
83128,18211.4
83129,23690.71
83130,17851.37
83131,16851.14
83132,16592.42
83133,11023.29
83134,12266.12
83135,11650.77
83136,15824.91
83137,21583.69
83138,8584.57
83139,4698.52
83140,12168.61
83141,18211.99
83142,18205.64
83143,11569.14
83144,9126.28
83145,14902.88
83146,18381.0
83147,15603.28
83148,9192.76
83149,15785.6
83150,17574.38
83151,19785.42
83152,11978.87
83153,29948.03
83154,8780.47
83155,13377.18
83156,19360.7
83157,9088.72
83158,19041.47
83159,11781.21
83160,18615.54
83161,8782.8
83162,11411.44
83163,5784.59
83164,13701.21
83165,19702.41
83166,20119.88
83167,20725.28
83168,11447.54
83169,8126.04
83170,10927.99
83171,6124.65
83172,14721.68
83173,7849.05
83174,20712.0
83175,16410.15
83176,11330.47
83177,15764.5
83178,10004.17
83179,13124.69
83180,11861.85
83181,14236.3
83182,9041.9
83183,10883.15
83184,10318.46
83185,17162.91
83186,11026.97
83187,18443.36
83188,22015.05
83189,13595.68
83190,16311.68
83191,9136.6
83192,17109.56
83193,8210.82
83194,11090.53
83195,19924.29
83196,11373.24
83197,9103.07
83198,10748.52
83199,13927.64
83200,7985.77
83201,16008.97
83202,15848.64
83203,28100.78
83204,9374.06
83205,13141.59
83206,16572.02
83207,8820.64
83208,18621.16
83209,20261.65
83210,13709.07
83211,17779.85
83212,11075.62
83213,11190.19
83214,10424.55
83215,12358.89
83216,10819.3
83217,9947.93
83218,17337.83
83219,16431.07
83220,9925.77
83221,7682.78
83222,17750.5
83223,8508.51
83224,14432.24
83225,12422.12
83226,10931.08
83227,4467.51
83228,15334.81
83229,15880.43
83230,4552.55
83231,12691.33
83232,13783.48
83233,9912.8
83234,15429.75
83235,9495.9
83236,16602.47
83237,10027.58
83238,9939.15
83239,26979.17
83240,18018.28
83241,12325.29
83242,9901.06
83243,8844.54
83244,17806.95
83245,13698.18
83246,14402.0
83247,8473.77
83248,19532.81
83249,13288.47
83250,14845.45
83251,9426.52
83252,17172.55
83253,12457.69
83254,17339.46
83255,15791.4
83256,23604.0
83257,17835.11
83258,16645.07
83259,12806.43
83260,17178.51
83261,9664.67
83262,12152.11
83263,16497.56
83264,16035.12
83265,12037.26
83266,12028.71
83267,14562.04
83268,11035.91
83269,12409.33
83270,10310.5
83271,10038.65
83272,17615.11
83273,3862.09
83274,18895.31
83275,8194.04
83276,9915.4
83277,19117.85
83278,12146.14
83279,12244.7
83280,11534.07
83281,19258.04
83282,12219.64
83283,15867.08
83284,10344.18
83285,9475.21
83286,15208.08
83287,4136.06
83288,10130.91
83289,10011.02
83290,9753.7
83291,2203.62
83292,15046.58
83293,9090.48
83294,15742.94
83295,11211.9
83296,16284.97
83297,20979.97
83298,18389.3
83299,10407.96
83300,9282.85
83301,16402.49
83302,9847.26
83303,6204.07
83304,13383.65
83305,10748.79
83306,11502.18
83307,11065.76
83308,14189.85
83309,12505.64
83310,10592.16
83311,14180.89
83312,14161.63
83313,16968.53
83314,14353.78
83315,2842.09
83316,8862.15
83317,7097.16
83318,15571.55
83319,6420.78
83320,13762.27
83321,14801.84
83322,20583.52
83323,8250.62
83324,9736.32
83325,10137.07
83326,32056.37
83327,15053.44
83328,12391.48
83329,9748.96
83330,8050.12
83331,12994.6
83332,16885.54
83333,10898.03
83334,12633.11
83335,8135.7
83336,13910.7
83337,17959.28
83338,6923.37
83339,14050.78
83340,16623.5
83341,5341.47
83342,16541.28
83343,10006.1
83344,17609.69
83345,20666.07
83346,12115.43
83347,16389.32
83348,13253.31
83349,15220.3
83350,10601.2
83351,16895.45
83352,7384.98
83353,13829.93
83354,14604.14
83355,8877.01
83356,6500.69
83357,19288.84
83358,6703.19
83359,4869.35
83360,16583.47
83361,5278.45
83362,12480.01
83363,10136.79
83364,11860.2
83365,12809.21
83366,13695.46
83367,11907.6
83368,8773.3
83369,8117.94
83370,10366.44
83371,8102.26
83372,18985.84
83373,16753.57
83374,9285.87
83375,13408.53
83376,17789.41
83377,14694.02
83378,15086.82
83379,12963.29
83380,7757.88
83381,16893.62
83382,7409.28
83383,6750.08
83384,9939.03
83385,17514.05
83386,15910.28
83387,7290.17
83388,9457.81
83389,13286.42
83390,9116.46
83391,9958.23
83392,13779.66
83393,7390.66
83394,18871.74
83395,16170.68
83396,2418.67
83397,11452.06
83398,12584.4
83399,13079.57
83400,21866.14
83401,20566.92
83402,10985.22
83403,13593.75
83404,15764.82
83405,15869.12
83406,16605.57
83407,11580.87
83408,7228.37
83409,13283.57
83410,9015.74
83411,17725.49
83412,17220.24
83413,10861.31
83414,14110.29
83415,7803.43
83416,11138.43
83417,14499.75
83418,15189.99
83419,8176.81
83420,12067.17
83421,10333.92
83422,17834.37
83423,7046.0
83424,10956.82
83425,12415.58
83426,18095.7
83427,7157.55
83428,18005.79
83429,9606.89
83430,16875.85
83431,10778.12
83432,14250.97
83433,17630.2
83434,20205.35
83435,9683.19
83436,37647.37
83437,19104.38
83438,13736.56
83439,10874.6
83440,9066.74
83441,8197.6
83442,12945.33
83443,9437.19
83444,7890.11
83445,12366.28
83446,16380.38
83447,18121.25
83448,12063.64
83449,11237.57
83450,8392.16
83451,20917.36
83452,15190.96
83453,16735.66
83454,17176.5
83455,15789.34
83456,13552.26
83457,8764.2
83458,17596.37
83459,8279.51
83460,9310.45
83461,11925.72
83462,10444.84
83463,13279.64
83464,6867.52
83465,8875.12
83466,7865.06
83467,5949.99
83468,10441.78
83469,10057.35
83470,25513.85
83471,15941.99
83472,11652.6
83473,6373.04
83474,6384.46
83475,18350.67
83476,12223.52
83477,11068.32
83478,10324.78
83479,14364.21
83480,18455.85
83481,11168.84
83482,12408.62
83483,6459.77
83484,5885.53
83485,10541.3
83486,13522.3
83487,15749.92
83488,18058.01
83489,15911.15
83490,15983.2
83491,11427.24
83492,14826.58
83493,9050.45
83494,13702.95
83495,8134.96
83496,7437.19
83497,9362.76
83498,19037.57
83499,7712.44
83500,21397.26
83501,17884.01
83502,9806.77
83503,11939.1
83504,13412.93
83505,16889.06
83506,4993.94
83507,17418.36
83508,6231.73
83509,14381.92
83510,6500.84
83511,10802.68
83512,8540.71
83513,19599.46
83514,9005.57
83515,11443.8
83516,18445.78
83517,12191.16
83518,9849.37
83519,3674.1
83520,9817.29
83521,14439.56
83522,10902.79
83523,11724.67
83524,14601.47
83525,10082.97
83526,13139.61
83527,17508.22
83528,15348.46
83529,19854.32
83530,6026.24
83531,6444.58
83532,3888.09
83533,9671.34
83534,7992.92
83535,10632.04
83536,12544.58
83537,10895.05
83538,14327.85
83539,14331.17
83540,7884.3
83541,9793.11
83542,19125.93
83543,6377.87
83544,14275.07
83545,13769.29
83546,16876.97
83547,15397.36
83548,10493.22
83549,10383.65
83550,17476.23
83551,11844.47
83552,17591.1
83553,11712.65
83554,7949.56
83555,10664.57
83556,23260.37
83557,13714.69
83558,15248.24
83559,11625.87
83560,9898.64
83561,18218.78
83562,8987.02
83563,12985.66
83564,9532.56
83565,7233.81
83566,10098.6
83567,11314.0
83568,25031.76
83569,12747.64
83570,3307.33
83571,13147.54
83572,8533.27
83573,18506.2
83574,11026.3
83575,21366.64
83576,12592.1
83577,14104.4
83578,12230.47
83579,19692.16
83580,13455.56
83581,18420.87
83582,16103.69
83583,10041.02
83584,13559.7
83585,7853.8
83586,15288.75
83587,12150.29
83588,3465.35
83589,25540.65
83590,12875.09
83591,9296.36
83592,15334.66
83593,16786.65
83594,9508.37
83595,19517.78
83596,6967.06
83597,17667.78
83598,5863.9
83599,8959.16
83600,7202.01
83601,14530.02
83602,11819.74
83603,16691.42
83604,14485.81
83605,7300.44
83606,14632.87
83607,11436.48
83608,5647.39
83609,16636.44
83610,13238.83
83611,16720.02
83612,16460.01
83613,11913.54
83614,9851.48
83615,22164.97
83616,10790.07
83617,16042.09
83618,18715.15
83619,10881.68
83620,10539.26
83621,17028.68
83622,8788.7
83623,25451.97
83624,16175.21
83625,15081.84
83626,12136.83
83627,14284.47
83628,36725.45
83629,10468.05
83630,11361.66
83631,13816.03
83632,14227.33
83633,10786.42
83634,15216.33
83635,20672.07
83636,10538.3
83637,16748.27
83638,15674.89
83639,19668.24
83640,18088.3
83641,10555.37
83642,13026.25
83643,23876.67
83644,25330.71
83645,9751.54
83646,6930.87
83647,12331.67
83648,18137.72
83649,11505.62
83650,15718.68
83651,11399.37
83652,19421.37
83653,14776.29
83654,18841.28
83655,15174.53
83656,16400.25
83657,14030.45
83658,9437.03
83659,11484.68
83660,13110.19
83661,18519.84
83662,17024.81
83663,6648.99
83664,10274.19
83665,13245.27
83666,9896.42
83667,9580.67
83668,7971.95
83669,6406.48
83670,18019.93
83671,11770.66
83672,8512.77
83673,20732.51
83674,10323.09
83675,10042.34
83676,8826.83
83677,9997.65
83678,16848.59
83679,16234.96
83680,17247.92
83681,12238.45
83682,16036.63
83683,10739.15
83684,10592.32
83685,14241.26
83686,12679.05
83687,10026.01
83688,11093.51
83689,15777.71
83690,11396.93
83691,13213.31
83692,17143.54
83693,11046.62
83694,20997.77
83695,9907.94
83696,11803.11
83697,8402.74
83698,11389.41
83699,10067.47
83700,12116.34
83701,14935.21
83702,10422.63
83703,17355.29
83704,16359.94
83705,17220.09
83706,11676.34
83707,17117.72
83708,19147.34
83709,17268.83
83710,9215.75
83711,20762.26
83712,13218.53
83713,15072.92
83714,11327.36
83715,14365.31
83716,13238.83
83717,8025.19
83718,13568.21
83719,19620.35
83720,17879.06
83721,26255.72
83722,21718.43
83723,22990.01
83724,6353.42
83725,13978.27
83726,10952.02
83727,18011.98
83728,14745.56
83729,10229.09
83730,9612.23
83731,21917.34
83732,12846.53
83733,9251.24
83734,20902.99
83735,10575.94
83736,17218.11
83737,8966.22
83738,9750.32
83739,18417.12
83740,15496.92
83741,16062.82
83742,10169.29
83743,7339.54
83744,5807.16
83745,6661.05
83746,7360.84
83747,17250.01
83748,10321.15
83749,6850.4
83750,17650.48
83751,11542.88
83752,7586.61
83753,10318.08
83754,9123.36
83755,9933.03
83756,6306.64
83757,12659.33
83758,9413.53
83759,11899.76
83760,12353.87
83761,8674.85
83762,16395.28
83763,10159.22
83764,11095.78
83765,13766.73
83766,11367.12
83767,12447.41
83768,21697.49
83769,10793.45
83770,10844.06
83771,9025.53
83772,13188.03
83773,10270.01
83774,8700.56
83775,12391.13
83776,8786.8
83777,19428.72
83778,24013.26
83779,12971.73
83780,16359.35
83781,6179.43
83782,12583.37
83783,15279.2
83784,11279.14
83785,17121.79
83786,16582.77
83787,14455.97
83788,8008.02
83789,16441.65
83790,10710.71
83791,13435.09
83792,14769.26
83793,13093.75
83794,6496.33
83795,10603.73
83796,6088.56
83797,12815.57
83798,12752.23
83799,12570.56
83800,7054.89
83801,13446.43
83802,9991.33
83803,6442.64
83804,13388.23
83805,10408.1
83806,12912.04
83807,15920.91
83808,7494.25
83809,12269.08
83810,16101.08
83811,9323.62
83812,10906.79
83813,17187.2
83814,10813.82
83815,16094.8
83816,17489.61
83817,6635.23
83818,8760.04
83819,17397.0
83820,9010.94
83821,11535.57
83822,8430.03
83823,14778.4
83824,17246.62
83825,10675.34
83826,16070.48
83827,10751.98
83828,9550.75
83829,10550.14
83830,9117.71
83831,10016.7
83832,15463.79
83833,11033.57
83834,18545.06
83835,9318.9
83836,8019.97
83837,10193.09
83838,6332.2
83839,16562.94
83840,10153.47
83841,8648.55
83842,6513.55
83843,9551.87
83844,8558.94
83845,15245.69
83846,7103.65
83847,6143.76
83848,16457.84
83849,6718.33
83850,15757.66
83851,21492.95
83852,14678.41
83853,5547.02
83854,20818.59
83855,20769.51
83856,3503.06
83857,8581.99
83858,11169.41
83859,22424.59
83860,8479.11
83861,5558.86
83862,9653.97
83863,12181.97
83864,7311.13
83865,11018.37
83866,16534.01
83867,17253.96
83868,19032.6
83869,21292.39
83870,10237.33
83871,16037.46
83872,7677.47
83873,10718.46
83874,13126.9
83875,6656.7
83876,20249.34
83877,5322.21
83878,17998.81
83879,7328.75
83880,8433.46
83881,13969.13
83882,8153.46
83883,7380.7
83884,15400.55
83885,21993.82
83886,17254.06
83887,10893.99
83888,11147.31
83889,11245.13
83890,17558.11
83891,12159.3
83892,15882.44
83893,13457.46
83894,9835.0
83895,15899.28
83896,7492.21
83897,10830.21
83898,7192.72
83899,11913.75
83900,4342.43
83901,10272.38
83902,7643.31
83903,11237.9
83904,10660.84
83905,11455.18
83906,13930.06
83907,18123.8
83908,17700.72
83909,15559.1
83910,15966.63
83911,13957.32
83912,17824.13
83913,20389.38
83914,19140.72
83915,9889.53
83916,13812.79
83917,9621.96
83918,11461.89
83919,11528.06
83920,9993.99
83921,12508.08
83922,13709.27
83923,15732.2
83924,11362.98
83925,12585.95
83926,22203.67
83927,11394.89
83928,10502.8
83929,16777.03
83930,9427.52
83931,19095.34
83932,6919.11
83933,16909.02
83934,10834.78
83935,5901.73
83936,5507.74
83937,11854.66
83938,22511.59
83939,10048.71
83940,13038.51
83941,21204.82
83942,9960.75
83943,10501.99
83944,12980.82
83945,15414.03
83946,8799.2
83947,6974.45
83948,32913.83
83949,5526.66
83950,10481.04
83951,14473.15
83952,9139.27
83953,18652.95
83954,14725.92
83955,2504.04
83956,17211.76
83957,18746.69
83958,13660.23
83959,8776.03
83960,13008.64
83961,17636.25
83962,10463.29
83963,14427.5
83964,8172.16
83965,14583.42
83966,12447.75
83967,17166.34
83968,4228.57
83969,14973.62
83970,8318.23
83971,12952.15
83972,17771.39
83973,17801.48
83974,11169.41
83975,19129.7
83976,21290.61
83977,19008.36
83978,6833.25
83979,24990.71
83980,4116.71
83981,14403.23
83982,8580.55
83983,12191.47
83984,14856.39
83985,17929.78
83986,15917.17
83987,14308.06
83988,10538.13
83989,18833.47
83990,15873.09
83991,17909.28
83992,8684.82
83993,8330.69
83994,10991.27
83995,5567.46
83996,7905.95
83997,10847.55
83998,8761.57
83999,5326.98
84000,11048.89
84001,14995.52
84002,7983.93
84003,9630.84
84004,8374.07
84005,8858.34
84006,6084.41
84007,13377.52
84008,7148.58
84009,18158.08
84010,7630.51
84011,11158.56
84012,12395.19
84013,7774.38
84014,8977.99
84015,11514.87
84016,15820.21
84017,15922.0
84018,16373.43
84019,15987.58
84020,11455.95
84021,11443.81
84022,9785.6
84023,16625.98
84024,13560.59
84025,21107.69
84026,8879.89
84027,11672.31
84028,13692.18
84029,10554.85
84030,10613.75
84031,7311.25
84032,20057.57
84033,17161.5
84034,11203.79
84035,11192.25
84036,13478.77
84037,9600.46
84038,12175.78
84039,17054.9
84040,13376.12
84041,13733.67
84042,9059.62
84043,10031.39
84044,12425.58
84045,7808.62
84046,19472.34
84047,17699.41
84048,16056.79
84049,16685.81
84050,8448.85
84051,13380.68
84052,7972.84
84053,9492.22
84054,19045.17
84055,6484.78
84056,8885.93
84057,5751.52
84058,18198.6
84059,12826.29
84060,18011.48
84061,16012.47
84062,10917.94
84063,7662.6
84064,14433.27
84065,18257.39
84066,9394.8
84067,15429.9
84068,5685.87
84069,11380.77
84070,12163.61
84071,11046.62
84072,7041.22
84073,11590.52
84074,6625.25
84075,13564.21
84076,15160.23
84077,9588.95
84078,6836.95
84079,15614.36
84080,17541.22
84081,10637.18
84082,10359.69
84083,17999.43
84084,8476.13
84085,13336.32
84086,16923.36
84087,7292.21
84088,10320.34
84089,11170.66
84090,15259.53
84091,7030.75
84092,10756.28
84093,7195.88
84094,7058.6
84095,16752.07
84096,8110.82
84097,17354.54
84098,10021.37
84099,12192.88
84100,7281.06
84101,11374.79
84102,8215.23
84103,10305.54
84104,16429.02
84105,15125.98
84106,10304.81
84107,9668.64
84108,11227.92
84109,4759.78
84110,11876.06
84111,17301.66
84112,9171.22
84113,11077.96
84114,11999.82
84115,10479.59
84116,11837.48
84117,16585.64
84118,10710.35
84119,14302.16
84120,12801.32
84121,25542.31
84122,11339.41
84123,8884.59
84124,13404.35
84125,13647.42
84126,15840.94
84127,6530.39
84128,17212.6
84129,13625.66
84130,15272.22
84131,18526.7
84132,9976.35
84133,10600.72
84134,10790.42
84135,11956.85
84136,16498.25
84137,6887.57
84138,15737.84
84139,6332.2
84140,18772.0
84141,12749.23
84142,6570.25
84143,13403.13
84144,15252.15
84145,10488.85
84146,9313.17
84147,15164.21
84148,7086.39
84149,9535.88
84150,9722.52
84151,5581.73
84152,8145.23
84153,16347.42
84154,10314.99
84155,17726.56
84156,8342.66
84157,14394.62
84158,5496.82
84159,15382.78
84160,16459.26
84161,10721.81
84162,15950.99
84163,7674.08
84164,14639.35
84165,10970.2
84166,16350.56
84167,11057.14
84168,8290.23
84169,7163.78
84170,10792.55
84171,8890.35
84172,13352.23
84173,16672.04
84174,8507.18
84175,12948.65
84176,11229.04
84177,12405.67
84178,13792.67
84179,14133.39
84180,12423.7
84181,22401.6
84182,12272.54
84183,15926.58
84184,10481.37
84185,25803.3
84186,6226.12
84187,12836.4
84188,11175.08
84189,11160.57
84190,11178.55
84191,7489.18
84192,18792.51
84193,15822.8
84194,9204.82
84195,7808.83
84196,5494.79
84197,10044.13
84198,4214.85
84199,12473.98
84200,9895.81
84201,8467.85
84202,9714.08
84203,17241.61
84204,9777.47
84205,15140.49
84206,7193.65
84207,10159.15
84208,9774.94
84209,19736.33
84210,10632.07
84211,11289.72
84212,3095.31
84213,21632.23
84214,11728.32
84215,13280.33
84216,20441.11
84217,17436.21
84218,6546.96
84219,14204.19
84220,13775.1
84221,12941.41
84222,12585.57
84223,19048.18
84224,18392.06
84225,24209.51
84226,14081.51
84227,17784.22
84228,6681.49
84229,16923.15
84230,8590.22
84231,11980.23
84232,11233.58
84233,9187.55
84234,13285.15
84235,14908.83
84236,8190.37
84237,5545.3
84238,9625.54
84239,20049.0
84240,14942.05
84241,14765.36
84242,11181.72
84243,7966.59
84244,12093.08
84245,17143.32
84246,10510.06
84247,8115.99
84248,20716.63
84249,22650.62
84250,11516.19
84251,11027.12
84252,9695.62
84253,13587.19
84254,11186.38
84255,9350.81
84256,11732.64
84257,13280.9
84258,14368.2
84259,4904.34
84260,15321.93
84261,13573.29
84262,9120.55
84263,10701.63
84264,11180.56
84265,3333.88
84266,10645.91
84267,19240.4
84268,13171.58
84269,12543.91
84270,11902.87
84271,16141.21
84272,19056.52
84273,12439.81
84274,15861.47
84275,12413.61
84276,13760.53
84277,12713.4
84278,9386.66
84279,17877.33
84280,17088.08
84281,19402.98
84282,14331.17
84283,12344.88
84284,11994.1
84285,5417.07
84286,6473.32
84287,18026.49
84288,13585.7
84289,9805.43
84290,10071.23
84291,15459.03
84292,9919.66
84293,15851.1
84294,17618.78
84295,11468.23
84296,14160.8
84297,21795.32
84298,17762.27
84299,11047.31
84300,11296.17
84301,13067.75
84302,11286.61
84303,11596.58
84304,8785.03
84305,10216.01
84306,10015.04
84307,8318.1
84308,20760.91
84309,10982.9
84310,18741.28
84311,11287.02
84312,9994.62
84313,10556.37
84314,11276.85
84315,17756.72
84316,8997.22
84317,17883.68
84318,17944.99
84319,13491.51
84320,11169.41
84321,18646.28
84322,19879.48
84323,10958.93
84324,10045.26
84325,12424.06
84326,19783.13
84327,16118.08
84328,11939.03
84329,6521.57
84330,20514.33
84331,16158.33
84332,22204.91
84333,17066.57
84334,7684.64
84335,10233.49
84336,17184.56
84337,15885.04
84338,23773.68
84339,16094.66
84340,15804.12
84341,12685.92
84342,15805.96
84343,9643.29
84344,11708.74
84345,7240.76
84346,17938.57
84347,10337.83
84348,11461.16
84349,8800.91
84350,12419.73
84351,17320.19
84352,14049.66
84353,15094.36
84354,15215.98
84355,11168.27
84356,17849.01
84357,7284.39
84358,12037.15
84359,7473.39
84360,7882.69
84361,19489.44
84362,9432.31
84363,16036.23
84364,15294.6
84365,10030.34
84366,12387.34
84367,19072.99
84368,18473.33
84369,11592.86
84370,9731.19
84371,11492.89
84372,10891.46
84373,7730.31
84374,9087.57
84375,10066.75
84376,11072.77
84377,11360.44
84378,8183.13
84379,12988.46
84380,12411.4
84381,5671.78
84382,9272.32
84383,11122.96
84384,18857.85
84385,9655.22
84386,15373.78
84387,12135.07
84388,13845.49
84389,7731.55
84390,6239.74
84391,5851.75
84392,16776.4
84393,10433.19
84394,10625.93
84395,16164.49
84396,9672.45
84397,18836.58
84398,10212.4
84399,26693.05
84400,17843.7
84401,11971.42
84402,18005.42
84403,18435.37
84404,11700.11
84405,12799.78
84406,8476.38
84407,7712.62
84408,12999.08
84409,9091.19
84410,15880.63
84411,12609.4
84412,11035.98
84413,13952.9
84414,5510.3
84415,11208.41
84416,10972.97
84417,14295.57
84418,14285.26
84419,10758.87
84420,19609.69
84421,10770.3
84422,9154.9
84423,10962.82
84424,15990.32
84425,10486.77
84426,18421.94
84427,11443.8
84428,5972.53
84429,6290.41
84430,12234.59
84431,15807.0
84432,7901.36
84433,6282.71
84434,18043.32
84435,16253.72
84436,9969.08
84437,4967.78
84438,9502.31
84439,14420.5
84440,10115.68
84441,9470.41
84442,7378.23
84443,20179.21
84444,15943.56
84445,15728.89
84446,7016.91
84447,6946.0
84448,20493.85
84449,4106.12
84450,24403.54
84451,3320.05
84452,17964.31
84453,8158.73
84454,19804.62
84455,21446.07
84456,18407.13
84457,17088.96
84458,13381.96
84459,8780.02
84460,11602.2
84461,16441.99
84462,15829.41
84463,16158.98
84464,14750.5
84465,11793.7
84466,12447.83
84467,13723.22
84468,9443.87
84469,10486.73
84470,11490.07
84471,13383.92
84472,11674.97
84473,14769.49
84474,17429.34
84475,6514.81
84476,12075.1
84477,15978.92
84478,20238.89
84479,12613.59
84480,12451.5
84481,19165.48
84482,31594.61
84483,16807.83
84484,6590.97
84485,8770.93
84486,12954.81
84487,17541.79
84488,11205.52
84489,11930.66
84490,22253.18
84491,10400.15
84492,12552.99
84493,10416.95
84494,11069.73
84495,12245.84
84496,11648.55
84497,20729.23
84498,14003.13
84499,14259.66
84500,13427.51
84501,16235.3
84502,18045.43
84503,6208.71
84504,10739.11
84505,12573.25
84506,19539.65
84507,16868.32
84508,10243.77
84509,16095.24
84510,10026.75
84511,14820.64
84512,16454.95
84513,14124.43
84514,9137.27
84515,19041.34
84516,16327.67
84517,10188.87
84518,14349.33
84519,6319.44
84520,14007.11
84521,8819.94
84522,10301.26
84523,19106.34
84524,13131.62
84525,8434.88
84526,19781.42
84527,8322.77
84528,15258.1
84529,11821.86
84530,6426.67
84531,7955.97
84532,9252.99
84533,7277.63
84534,10122.87
84535,10488.97
84536,8529.02
84537,11541.78
84538,11550.67
84539,17612.76
84540,14242.92
84541,22211.96
84542,11354.86
84543,11283.72
84544,7479.8
84545,27440.55
84546,12512.09
84547,13818.55
84548,3603.05
84549,11383.82
84550,11605.97
84551,18659.76
84552,14125.29
84553,14193.73
84554,8263.38
84555,18117.4
84556,9243.87
84557,11614.3
84558,13327.76
84559,10955.24
84560,7167.34
84561,6941.82
84562,17593.39
84563,9126.76
84564,14653.0
84565,18525.95
84566,10538.27
84567,10903.74
84568,18497.79
84569,9916.32
84570,14308.36
84571,14053.43
84572,10672.69
84573,17187.64
84574,12011.53
84575,6387.23
84576,8174.39
84577,9713.39
84578,9071.12
84579,9423.86
84580,18611.16
84581,16338.75
84582,8039.77
84583,3500.13
84584,8237.05
84585,9810.08
84586,2160.0
84587,13774.5
84588,9686.38
84589,11449.93
84590,11238.32
84591,20303.68
84592,6954.73
84593,11874.41
84594,7145.37
84595,17074.13
84596,11118.97
84597,7804.75
84598,18775.84
84599,7562.16
84600,20673.69
84601,6989.05
84602,6965.34
84603,9279.78
84604,10114.84
84605,7989.6
84606,12702.77
84607,17938.0
84608,17976.21
84609,12084.47
84610,5028.23
84611,12791.91
84612,8597.24
84613,12663.71
84614,14100.69
84615,10773.23
84616,16138.4
84617,8687.31
84618,11728.95
84619,4835.84
84620,12050.92
84621,15918.51
84622,13523.27
84623,17387.86
84624,9759.43
84625,13496.48
84626,14183.82
84627,11848.23
84628,11086.53
84629,10610.99
84630,17721.48
84631,16670.16
84632,7151.29
84633,18226.56
84634,16847.32
84635,10584.86
84636,8216.51
84637,18609.76
84638,6083.33
84639,12112.61
84640,16204.81
84641,12047.51
84642,17272.02
84643,9021.47
84644,7667.76
84645,18711.4
84646,10404.6
84647,19815.59
84648,13255.94
84649,9977.76
84650,9544.62
84651,8415.0
84652,13330.56
84653,8364.84
84654,21960.74
84655,9057.02
84656,10163.86
84657,10306.29
84658,16538.89
84659,18351.78
84660,20292.65
84661,17512.43
84662,11790.31
84663,13771.1
84664,13613.66
84665,7584.59
84666,16975.86
84667,7249.19
84668,14888.18
84669,15275.03
84670,18627.03
84671,16115.75
84672,15567.53
84673,12114.93
84674,17421.29
84675,15711.76
84676,6162.87
84677,13074.96
84678,7803.57
84679,20309.95
84680,6423.44
84681,9743.71
84682,20709.39
84683,9308.81
84684,16617.46
84685,19499.38
84686,6720.09
84687,18340.07
84688,12591.34
84689,6788.3
84690,13682.43
84691,6301.3
84692,16688.9
84693,13441.17
84694,9395.32
84695,7333.95
84696,26758.11
84697,18415.16
84698,10614.3
84699,7967.4
84700,14752.03
84701,10269.54
84702,8632.36
84703,18713.88
84704,6088.35
84705,18987.13
84706,18487.49
84707,6879.32
84708,13980.2
84709,17767.83
84710,7532.9
84711,9666.35
84712,11311.05
84713,3317.11
84714,13040.72
84715,9128.73
84716,11059.73
84717,5604.83
84718,6285.82
84719,15766.97
84720,9560.52
84721,17284.2
84722,15388.18
84723,7173.91
84724,9935.64
84725,11239.33
84726,9561.55
84727,8525.95
84728,14978.58
84729,16106.87
84730,9254.59
84731,20851.71
84732,12190.2
84733,6461.87
84734,15901.56
84735,8799.49
84736,9643.43
84737,9138.91
84738,9058.06
84739,9692.73
84740,13374.12
84741,11901.07
84742,20252.4
84743,18177.57
84744,10447.57
84745,16792.19
84746,10162.35
84747,12044.54
84748,12939.65
84749,11313.07
84750,13520.79
84751,9103.8
84752,9020.76
84753,7773.49
84754,18713.08
84755,13996.52
84756,5558.17
84757,17421.29
84758,11735.87
84759,10055.03
84760,16163.07
84761,5098.16
84762,9766.13
84763,6946.64
84764,6426.67
84765,13760.49
84766,13674.04
84767,9834.25
84768,11632.98
84769,8099.41
84770,13725.07
84771,8842.31
84772,15883.02
84773,9879.52
84774,12111.92
84775,10103.56
84776,8340.93
84777,5896.51
84778,22240.14
84779,9818.18
84780,16516.48
84781,12324.06
84782,9368.38
84783,16663.34
84784,9582.7
84785,9612.11
84786,17205.7
84787,11865.77
84788,19020.45
84789,13856.56
84790,10258.37
84791,9877.79
84792,9346.66
84793,16060.92
84794,6324.84
84795,18695.15
84796,17370.62
84797,15914.17
84798,9537.22
84799,18263.86
84800,8356.07
84801,12057.04
84802,11594.59
84803,9481.37
84804,14220.36
84805,8916.87
84806,10355.89
84807,6619.12
84808,18404.83
84809,16263.57
84810,6050.67
84811,16629.13
84812,17437.55
84813,10509.09
84814,16065.75
84815,12718.81
84816,24729.57
84817,6468.74
84818,17425.48
84819,10183.01
84820,16093.03
84821,18143.32
84822,9440.11
84823,6962.74
84824,10784.64
84825,18255.01
84826,18204.03
84827,12825.01
84828,7457.64
84829,11100.14
84830,9394.43
84831,9432.74
84832,15304.33
84833,14961.77
84834,10151.61
84835,6933.4
84836,9862.08
84837,19323.66
84838,16441.98
84839,12280.33
84840,11644.8
84841,8359.8
84842,12083.44
84843,15286.23
84844,13460.91
84845,13602.86
84846,10015.34
84847,13238.36
84848,11586.93
84849,11181.47
84850,19930.12
84851,12028.28
84852,9624.11
84853,5843.93
84854,5374.08
84855,11462.52
84856,16106.8
84857,7998.78
84858,8331.05
84859,8356.8
84860,10248.35
84861,18316.29
84862,10810.26
84863,12236.78
84864,10717.85
84865,10134.0
84866,3438.78
84867,12159.99
84868,8413.41
84869,19682.17
84870,17969.54
84871,13188.12
84872,16879.93
84873,13739.22
84874,18736.42
84875,16910.83
84876,14378.56
84877,15077.09
84878,18899.55
84879,20416.99
84880,7562.52
84881,7387.78
84882,13932.14
84883,7620.77
84884,13293.8
84885,7561.55
84886,11056.03
84887,13573.18
84888,12213.82
84889,14229.35
84890,9524.29
84891,7446.94
84892,7589.14
84893,13628.84
84894,12838.37
84895,10966.55
84896,13533.96
84897,11035.84
84898,10085.41
84899,7417.98
84900,7468.8
84901,22228.64
84902,11097.55
84903,5274.81
84904,11233.75
84905,11612.43
84906,7313.82
84907,10690.77
84908,11404.99
84909,8309.48
84910,14259.88
84911,1911.66
84912,15865.19
84913,9336.34
84914,13815.92
84915,14082.03
84916,15864.13
84917,12498.15
84918,13926.82
84919,7733.02
84920,11265.26
84921,12832.51
84922,20408.12
84923,16364.46
84924,16443.75
84925,13596.98
84926,9431.62
84927,15961.5
84928,12388.86
84929,11448.95
84930,8993.79
84931,15721.82
84932,9789.27
84933,14180.69
84934,26643.55
84935,16845.58
84936,17742.18
84937,17056.66
84938,9908.65
84939,10498.19
84940,10468.36
84941,14584.39
84942,12229.25
84943,14042.98
84944,14327.84
84945,14449.86
84946,12266.82
84947,12488.4
84948,8892.7
84949,32404.56
84950,8457.31
84951,19375.49
84952,11024.08
84953,6797.38
84954,11218.61
84955,10055.77
84956,14973.52
84957,14980.34
84958,17530.83
84959,18976.21
84960,11087.05
84961,11199.52
84962,11831.15
84963,7874.18
84964,15544.44
84965,9517.32
84966,14806.6
84967,17122.41
84968,16041.86
84969,10355.47
84970,6506.83
84971,9049.09
84972,12141.48
84973,4118.1
84974,16043.85
84975,12128.5
84976,16718.77
84977,8478.04
84978,19328.13
84979,11152.02
84980,11754.8
84981,16056.79
84982,8930.51
84983,19854.84
84984,10736.66
84985,11531.03
84986,7982.37
84987,13129.58
84988,15789.34
84989,16166.34
84990,21836.0
84991,14208.88
84992,11702.64
84993,11838.46
84994,17063.07
84995,14119.24
84996,8271.43
84997,7960.51
84998,10320.96
84999,19008.42
85000,11278.03
85001,16699.16
85002,7762.27
85003,12678.13
85004,12334.74
85005,18324.42
85006,10213.05
85007,12162.79
85008,16177.95
85009,10266.8
85010,17259.07
85011,21416.54
85012,16909.35
85013,8997.27
85014,6201.98
85015,14207.06
85016,7739.92
85017,9006.23
85018,25310.07
85019,14388.96
85020,11299.67
85021,11008.66
85022,10556.26
85023,10429.85
85024,7820.74
85025,18659.52
85026,28338.52
85027,12703.58
85028,10395.93
85029,10543.11
85030,18715.61
85031,11225.6
85032,13126.76
85033,10414.91
85034,13452.58
85035,6679.77
85036,4745.02
85037,13779.9
85038,16325.25
85039,8636.57
85040,17774.87
85041,9119.91
85042,7038.58
85043,9767.84
85044,11508.18
85045,10975.92
85046,7488.28
85047,17975.43
85048,18359.92
85049,13360.92
85050,7839.45
85051,7430.09
85052,11964.66
85053,11101.58
85054,11052.73
85055,9430.11
85056,22657.01
85057,12993.86
85058,9706.19
85059,10217.51
85060,9370.46
85061,12077.23
85062,8167.73
85063,9679.99
85064,20005.51
85065,11535.42
85066,5586.96
85067,16045.64
85068,9273.07
85069,4676.79
85070,22081.4
85071,5116.46
85072,8250.3
85073,11496.35
85074,10496.12
85075,6714.62
85076,10053.94
85077,17099.4
85078,18929.73
85079,9944.23
85080,9283.81
85081,10975.59
85082,16947.97
85083,8198.14
85084,18326.62
85085,10011.91
85086,9084.44
85087,10830.85
85088,9608.9
85089,11376.52
85090,17298.61
85091,19806.73
85092,13806.62
85093,9514.61
85094,7370.61
85095,14846.85
85096,13878.43
85097,8767.07
85098,16442.06
85099,10650.09
85100,16863.05
85101,10908.25
85102,12033.48
85103,11651.74
85104,8689.06
85105,21140.53
85106,17790.96
85107,9784.85
85108,14713.38
85109,17023.67
85110,15432.05
85111,16087.91
85112,18081.09
85113,12107.58
85114,11306.6
85115,9431.64
85116,15274.71
85117,6318.78
85118,18417.84
85119,15498.25
85120,14971.72
85121,10848.67
85122,11630.11
85123,16662.97
85124,16100.12
85125,15372.96
85126,8781.02
85127,30527.38
85128,21697.26
85129,15671.03
85130,9746.19
85131,17889.6
85132,16111.05
85133,12293.21
85134,10690.06
85135,16540.26
85136,8502.18
85137,6467.77
85138,9699.32
85139,15693.96
85140,19412.02
85141,5867.81
85142,9803.52
85143,28443.08
85144,13821.88
85145,18917.77
85146,10361.89
85147,17892.65
85148,16937.31
85149,16131.55
85150,15846.25
85151,15355.74
85152,12483.17
85153,13157.33
85154,14323.68
85155,16065.35
85156,9827.22
85157,10181.65
85158,11516.64
85159,11557.41
85160,12199.43
85161,18246.17
85162,11017.56
85163,16446.81
85164,8752.76
85165,6371.41
85166,14121.25
85167,15974.04
85168,15928.41
85169,31597.17
85170,25911.65
85171,21191.27
85172,8385.55
85173,18656.78
85174,16105.24
85175,12818.12
85176,9186.17
85177,11288.02
85178,10896.1
85179,12362.88
85180,14165.99
85181,15210.86
85182,11251.0
85183,9777.42
85184,18194.78
85185,9924.56
85186,11068.54
85187,9340.68
85188,17507.73
85189,10209.6
85190,13726.78
85191,9141.68
85192,5523.14
85193,13280.84
85194,6827.83
85195,16102.34
85196,13726.62
85197,30750.84
85198,39720.73
85199,9292.73
85200,13310.29
85201,5440.22
85202,19881.0
85203,18383.56
85204,7846.26
85205,12676.5
85206,16711.48
85207,7299.35
85208,11551.7
85209,9909.86
85210,14233.63
85211,13440.13
85212,10947.02
85213,19042.0
85214,20909.18
85215,8776.87
85216,15932.06
85217,9028.9
85218,16602.41
85219,9813.07
85220,14285.49
85221,25664.02
85222,11838.43
85223,8629.59
85224,10871.48
85225,13319.3
85226,15622.94
85227,10019.07
85228,12196.13
85229,16488.84
85230,9146.61
85231,10399.12
85232,16717.98
85233,15469.01
85234,17268.83
85235,18754.18
85236,16709.31
85237,8283.71
85238,7448.81
85239,11525.03
85240,17143.32
85241,18899.14
85242,8063.69
85243,16810.24
85244,15292.8
85245,10849.46
85246,13242.85
85247,11190.86
85248,11646.9
85249,10486.76
85250,9092.22
85251,10555.5
85252,13649.66
85253,11258.42
85254,9044.31
85255,19850.01
85256,12055.95
85257,16143.65
85258,13788.62
85259,14496.61
85260,17530.95
85261,12468.3
85262,10982.98
85263,5522.92
85264,16877.45
85265,12453.4
85266,5962.89
85267,7994.73
85268,8812.24
85269,12942.03
85270,12837.81
85271,21748.84
85272,13346.09
85273,7354.95
85274,14731.92
85275,10815.75
85276,7415.9
85277,9976.12
85278,7313.87
85279,11026.43
85280,16897.17
85281,6613.35
85282,7808.14
85283,7725.79
85284,10692.85
85285,12312.25
85286,11487.54
85287,16645.46
85288,6776.38
85289,8058.34
85290,11597.13
85291,11462.87
85292,8854.11
85293,13064.75
85294,5995.98
85295,16246.44
85296,17279.26
85297,11504.08
85298,7628.02
85299,9061.33
85300,19577.6
85301,8476.19
85302,2796.73
85303,19359.96
85304,11232.62
85305,8323.52
85306,9875.39
85307,18221.71
85308,10002.54
85309,15367.51
85310,17537.74
85311,10931.08
85312,19073.61
85313,14991.66
85314,10183.06
85315,22148.1
85316,12263.33
85317,10299.05
85318,16491.08
85319,11226.38
85320,16415.77
85321,14237.93
85322,13808.16
85323,13940.25
85324,21382.44
85325,10949.86
85326,15788.97
85327,18071.08
85328,18674.78
85329,17859.29
85330,16173.66
85331,17557.64
85332,18424.01
85333,15782.53
85334,14795.14
85335,11818.19
85336,10754.73
85337,9491.5
85338,3482.31
85339,10532.05
85340,16772.86
85341,13163.95
85342,9313.32
85343,15326.09
85344,14348.6
85345,5635.26
85346,13012.61
85347,17397.78
85348,10691.49
85349,15884.84
85350,15810.85
85351,6235.19
85352,7854.2
85353,21606.5
85354,17546.17
85355,9615.97
85356,13761.38
85357,9801.29
85358,8427.72
85359,17200.69
85360,18205.78
85361,9789.7
85362,15797.79
85363,18933.99
85364,17078.54
85365,12090.7
85366,11479.71
85367,10636.49
85368,6285.21
85369,21295.49
85370,16501.34
85371,18193.55
85372,11765.86
85373,9422.64
85374,12876.31
85375,9289.28
85376,8341.16
85377,10083.83
85378,11592.23
85379,8134.76
85380,10290.56
85381,10819.37
85382,7303.18
85383,7524.06
85384,12787.03
85385,25977.56
85386,11136.68
85387,14710.17
85388,16383.48
85389,13037.37
85390,15282.37
85391,10452.54
85392,15559.79
85393,21272.85
85394,16408.33
85395,9311.92
85396,9061.79
85397,21396.96
85398,16635.45
85399,9438.2
85400,8850.42
85401,14331.69
85402,18084.94
85403,15978.89
85404,7317.63
85405,8001.3
85406,9167.35
85407,13288.64
85408,16405.09
85409,15805.69
85410,9235.64
85411,15786.13
85412,17450.86
85413,17503.85
85414,15742.94
85415,9344.21
85416,10074.75
85417,13843.63
85418,6236.07
85419,14983.85
85420,10665.17
85421,8075.9
85422,10564.59
85423,3355.53
85424,18614.57
85425,8965.28
85426,11248.75
85427,12887.44
85428,10434.72
85429,8573.04
85430,10399.99
85431,9572.38
85432,11201.14
85433,11520.85
85434,16005.92
85435,17288.81
85436,12385.92
85437,12602.66
85438,11602.71
85439,12747.97
85440,7679.42
85441,10066.92
85442,20860.52
85443,10480.94
85444,16616.19
85445,18104.2
85446,11331.81
85447,12162.07
85448,8324.35
85449,16622.66
85450,7864.38
85451,16186.92
85452,11679.27
85453,3734.34
85454,10499.5
85455,11011.75
85456,13022.09
85457,11845.73
85458,17874.37
85459,19040.89
85460,15493.07
85461,11192.56
85462,21676.08
85463,15854.17
85464,6271.43
85465,11480.3
85466,8652.51
85467,11314.35
85468,5857.74
85469,7873.82
85470,12021.7
85471,8770.7
85472,7199.38
85473,10997.65
85474,18004.85
85475,25927.57
85476,15570.38
85477,15119.66
85478,11099.57
85479,4240.04
85480,10198.92
85481,8309.49
85482,11054.7
85483,15150.83
85484,9910.6
85485,10768.41
85486,9476.77
85487,18146.98
85488,3499.38
85489,7351.24
85490,26193.52
85491,13633.39
85492,11249.59
85493,7170.46
85494,9278.61
85495,28205.6
85496,10553.62
85497,6459.77
85498,17055.17
85499,8895.88
85500,18296.99
85501,10659.04
85502,10716.25
85503,10130.71
85504,9947.75
85505,21408.61
85506,22091.01
85507,13309.01
85508,13971.87
85509,7846.41
85510,7873.26
85511,18259.57
85512,11176.19
85513,7939.57
85514,9073.02
85515,12093.26
85516,6602.24
85517,13582.08
85518,14438.6
85519,12259.78
85520,11265.26
85521,10447.93
85522,8757.28
85523,7392.08
85524,12422.11
85525,9439.59
85526,17958.82
85527,12355.99
85528,22419.08
85529,12871.63
85530,13190.41
85531,12346.88
85532,16005.98
85533,11149.78
85534,10463.1
85535,15994.8
85536,10585.5
85537,20610.84
85538,15609.17
85539,9564.48
85540,7116.43
85541,2905.81
85542,8442.63
85543,14212.33
85544,10672.14
85545,16045.75
85546,15988.2
85547,8807.3
85548,9681.35
85549,9880.62
85550,21178.85
85551,12041.32
85552,16339.64
85553,9460.87
85554,11736.35
85555,16101.99
85556,9402.28
85557,4804.68
85558,14125.34
85559,11046.62
85560,15266.05
85561,8318.18
85562,12056.65
85563,11607.15
85564,20468.64
85565,12622.97
85566,24711.46
85567,17537.52
85568,11961.69
85569,6636.58
85570,10917.37
85571,4781.35
85572,13239.77
85573,11082.66
85574,17777.49
85575,18582.01
85576,16593.02
85577,21662.71
85578,17743.74
85579,5584.68
85580,16487.45
85581,25415.86
85582,6223.98
85583,13285.86
85584,14648.1
85585,19043.35
85586,6898.06
85587,13163.24
85588,16086.4
85589,8967.06
85590,13730.91
85591,16812.98
85592,11432.07
85593,11776.41
85594,10420.26
85595,18312.89
85596,9762.3
85597,17172.27
85598,8774.52
85599,8307.69
85600,13261.32
85601,19429.36
85602,12590.4
85603,8394.94
85604,7874.52
85605,11606.75
85606,7756.95
85607,6666.21
85608,21563.78
85609,10908.34
85610,9727.22
85611,16042.52
85612,6865.46
85613,19058.09
85614,6750.12
85615,6009.42
85616,8265.51
85617,9728.69
85618,13196.24
85619,10471.6
85620,4207.34
85621,16086.92
85622,10636.42
85623,13232.53
85624,15972.7
85625,18444.46
85626,10887.54
85627,9942.86
85628,17397.63
85629,17055.25
85630,16372.63
85631,8705.89
85632,8845.77
85633,11024.76
85634,10877.87
85635,11742.2
85636,20413.17
85637,6471.59
85638,7278.05
85639,17225.36
85640,13894.6
85641,11417.62
85642,13380.59
85643,11088.58
85644,10026.51
85645,16465.46
85646,9032.92
85647,12659.22
85648,6672.85
85649,8436.98
85650,5699.37
85651,10536.26
85652,25872.47
85653,15719.99
85654,18432.09
85655,15096.57
85656,9110.15
85657,9956.03
85658,8171.63
85659,8671.32
85660,9776.67
85661,16410.72
85662,16574.65
85663,20585.79
85664,14491.37
85665,15771.91
85666,16080.88
85667,9931.88
85668,8002.69
85669,7583.25
85670,13390.86
85671,16987.83
85672,8810.54
85673,10612.68
85674,14451.58
85675,16176.59
85676,8310.34
85677,19415.98
85678,10539.67
85679,7809.96
85680,8897.68
85681,8258.47
85682,11815.67
85683,21647.44
85684,7831.52
85685,11217.37
85686,11062.22
85687,14513.79
85688,19053.62
85689,12707.41
85690,13874.33
85691,12596.74
85692,10434.86
85693,7942.13
85694,11909.68
85695,19578.46
85696,5290.58
85697,11505.62
85698,21687.96
85699,12915.59
85700,6399.69
85701,9467.24
85702,10453.11
85703,14811.11
85704,16690.24
85705,8999.4
85706,17590.88
85707,17720.96
85708,14236.07
85709,15184.16
85710,7551.95
85711,10613.83
85712,16498.52
85713,8069.53
85714,8214.6
85715,7550.83
85716,15471.71
85717,6791.59
85718,7779.6
85719,13053.32
85720,11333.3
85721,11823.24
85722,10627.7
85723,18589.86
85724,8534.53
85725,6224.47
85726,13263.55
85727,10747.34
85728,6637.78
85729,9588.28
85730,9774.68
85731,8939.37
85732,8284.79
85733,8838.88
85734,2269.52
85735,14647.11
85736,13753.45
85737,12252.4
85738,11836.03
85739,15901.56
85740,21633.89
85741,8371.51
85742,9391.86
85743,15802.74
85744,9538.08
85745,18649.91
85746,16104.51
85747,15891.64
85748,8342.1
85749,13676.52
85750,13412.93
85751,14746.64
85752,15755.78
85753,19805.17
85754,12943.69
85755,11278.08
85756,9759.4
85757,8909.77
85758,14563.27
85759,17206.07
85760,10193.69
85761,9473.13
85762,8253.36
85763,8374.01
85764,10181.62
85765,16065.21
85766,8142.83
85767,12009.17
85768,12607.34
85769,17224.97
85770,9329.61
85771,9437.27
85772,20349.96
85773,16056.74
85774,16153.55
85775,13006.95
85776,10185.46
85777,7168.95
85778,6935.22
85779,9029.28
85780,5476.72
85781,15285.33
85782,8168.14
85783,9822.07
85784,11616.03
85785,13772.36
85786,10484.72
85787,23690.35
85788,9909.05
85789,16716.09
85790,18052.94
85791,15436.41
85792,15426.77
85793,10184.32
85794,17162.23
85795,8581.31
85796,15935.23
85797,10954.46
85798,11567.8
85799,7788.92
85800,9514.38
85801,14410.6
85802,21665.05
85803,18870.79
85804,11774.43
85805,12293.4
85806,5807.89
85807,10707.83
85808,10794.5
85809,11923.12
85810,16632.51
85811,11670.32
85812,11724.55
85813,19015.02
85814,11567.77
85815,7815.0
85816,17121.75
85817,9072.61
85818,12382.91
85819,11322.53
85820,15744.62
85821,11106.72
85822,6756.26
85823,10183.06
85824,8848.58
85825,9214.73
85826,17923.47
85827,7931.8
85828,16036.63
85829,9444.48
85830,10381.68
85831,15442.22
85832,16087.98
85833,8313.84
85834,11449.21
85835,8034.07
85836,22008.78
85837,13775.11
85838,10602.14
85839,11901.58
85840,8011.63
85841,10523.56
85842,25403.05
85843,8466.63
85844,12142.95
85845,12841.41
85846,19687.24
85847,15058.67
85848,16082.6
85849,11197.4
85850,12063.23
85851,11776.71
85852,13548.71
85853,15966.47
85854,13180.38
85855,11809.05
85856,12945.01
85857,11106.65
85858,15759.85
85859,16348.77
85860,5326.76
85861,7075.04
85862,17271.45
85863,8437.43
85864,7471.7
85865,13571.95
85866,12491.25
85867,10985.43
85868,10570.3
85869,10694.17
85870,18967.55
85871,21430.59
85872,8029.04
85873,14783.41
85874,14824.64
85875,10948.22
85876,16034.82
85877,10684.18
85878,7987.95
85879,14474.23
85880,16636.44
85881,16845.68
85882,12968.2
85883,9509.26
85884,8717.51
85885,6460.2
85886,12293.08
85887,10664.79
85888,18558.18
85889,21678.13
85890,3101.19
85891,18308.65
85892,23570.37
85893,23555.18
85894,7851.1
85895,9294.48
85896,11608.18
85897,11315.3
85898,8544.54
85899,21970.79
85900,11026.67
85901,11091.0
85902,15223.57
85903,18983.04
85904,13311.44
85905,18830.06
85906,13352.71
85907,10454.95
85908,13878.69
85909,19183.87
85910,10466.16
85911,10523.93
85912,7511.83
85913,11517.98
85914,7771.27
85915,8596.85
85916,8338.66
85917,12593.34
85918,5563.35
85919,13580.62
85920,20948.79
85921,26046.58
85922,18898.65
85923,7572.56
85924,20767.71
85925,18460.16
85926,8500.81
85927,12063.12
85928,9183.16
85929,7886.31
85930,16113.36
85931,11995.79
85932,17804.56
85933,16484.97
85934,19077.21
85935,10225.23
85936,13441.28
85937,16641.51
85938,12154.07
85939,14048.65
85940,11647.62
85941,11232.08
85942,12288.12
85943,15858.82
85944,8995.14
85945,9690.89
85946,17518.83
85947,17586.2
85948,19264.13
85949,8328.97
85950,7782.58
85951,16085.91
85952,16320.2
85953,7905.84
85954,13533.27
85955,10192.79
85956,10186.94
85957,16040.8
85958,8893.94
85959,15655.21
85960,10997.86
85961,9552.29
85962,17000.69
85963,18062.59
85964,9055.04
85965,9227.95
85966,11364.22
85967,13270.37
85968,9222.05
85969,11325.59
85970,9559.28
85971,13802.1
85972,5420.3
85973,11253.64
85974,17448.69
85975,16057.01
85976,8207.94
85977,20535.87
85978,7226.28
85979,17998.75
85980,11465.98
85981,14286.54
85982,24835.22
85983,7913.22
85984,15953.79
85985,16884.45
85986,9903.37
85987,15497.52
85988,9069.44
85989,11196.78
85990,9202.44
85991,9692.74
85992,6933.94
85993,9110.51
85994,15996.35
85995,9838.42
85996,5646.82
85997,8447.47
85998,16165.52
85999,10879.72
86000,10295.93
86001,10309.03
86002,20705.89
86003,13202.74
86004,19764.2
86005,11690.44
86006,9741.77
86007,10178.48
86008,10156.22
86009,22260.56
86010,18198.6
86011,7912.69
86012,13116.94
86013,8656.54
86014,19803.45
86015,16086.58
86016,14742.74
86017,11031.11
86018,16856.17
86019,10262.79
86020,11708.74
86021,9852.28
86022,12775.74
86023,17722.68
86024,18104.52
86025,15442.56
86026,27731.44
86027,16132.01
86028,10790.39
86029,13190.22
86030,10276.82
86031,6931.3
86032,11022.5
86033,9407.95
86034,5851.58
86035,12811.18
86036,5290.01
86037,12724.54
86038,15323.71
86039,19326.69
86040,13050.88
86041,17009.13
86042,16539.89
86043,32335.23
86044,18789.68
86045,11633.45
86046,17035.56
86047,13393.3
86048,16714.35
86049,11838.46
86050,10914.79
86051,9435.34
86052,9930.57
86053,10022.99
86054,9521.82
86055,13176.42
86056,15892.05
86057,18634.88
86058,10854.02
86059,19058.99
86060,13485.41
86061,19442.41
86062,10540.55
86063,3341.62
86064,5369.73
86065,7529.04
86066,12890.51
86067,7731.57
86068,13252.18
86069,11012.34
86070,9663.72
86071,9518.26
86072,17678.36
86073,14534.12
86074,9914.24
86075,13836.55
86076,9554.17
86077,18922.9
86078,10028.64
86079,7245.42
86080,13603.99
86081,8025.02
86082,10728.22
86083,14611.08
86084,2267.75
86085,9592.92
86086,16413.69
86087,19746.63
86088,7491.02
86089,15224.87
86090,18020.64
86091,13282.25
86092,14210.28
86093,11213.27
86094,18052.94
86095,9307.36
86096,8483.18
86097,17232.03
86098,5308.0
86099,16045.93
86100,5517.46
86101,9441.7
86102,9876.91
86103,11294.86
86104,7356.33
86105,9862.75
86106,18448.77
86107,5801.28
86108,12415.41
86109,13899.34
86110,11688.9
86111,6556.08
86112,16382.29
86113,18340.32
86114,10993.21
86115,17924.29
86116,12981.68
86117,8498.78
86118,9970.57
86119,16768.29
86120,10859.33
86121,9764.09
86122,9370.82
86123,20935.95
86124,8953.65
86125,9920.89
86126,20336.62
86127,7605.58
86128,11139.58
86129,7913.85
86130,4038.76
86131,8358.51
86132,11963.55
86133,24624.0
86134,21165.21
86135,6759.79
86136,10517.49
86137,17183.89
86138,19938.4
86139,16459.55
86140,6273.47
86141,17352.7
86142,10823.32
86143,19146.92
86144,13944.51
86145,7659.85
86146,12127.51
86147,10537.27
86148,9283.08
86149,7217.47
86150,9371.28
86151,11674.7
86152,10115.11
86153,6033.86
86154,7331.41
86155,14750.31
86156,16269.08
86157,19874.06
86158,11316.36
86159,9662.46
86160,11048.22
86161,9996.74
86162,10721.85
86163,15674.24
86164,13900.77
86165,12139.57
86166,17972.96
86167,13458.78
86168,19650.53
86169,18312.12
86170,18771.42
86171,25201.71
86172,9034.41
86173,16640.52
86174,3938.81
86175,18947.47
86176,13750.11
86177,2609.35
86178,7355.1
86179,10253.48
86180,12761.4
86181,10636.79
86182,13288.02
86183,10624.36
86184,16476.46
86185,11020.7
86186,9912.97
86187,6142.05
86188,18586.1
86189,12793.4
86190,22434.91
86191,14676.66
86192,18011.48
86193,14420.15
86194,9886.1
86195,13541.66
86196,9983.44
86197,8256.74
86198,12597.32
86199,19287.98
86200,17113.07
86201,8303.23
86202,11178.92
86203,17315.69
86204,19958.68
86205,8825.66
86206,9332.21
86207,9140.12
86208,8025.78
86209,12274.84
86210,9817.67
86211,7145.12
86212,11514.2
86213,13229.34
86214,3960.16
86215,9230.97
86216,14236.07
86217,7325.85
86218,9807.93
86219,16096.34
86220,16718.61
86221,16715.19
86222,16054.47
86223,7856.08
86224,24050.29
86225,11344.36
86226,4771.59
86227,26554.16
86228,10864.17
86229,10366.57
86230,9221.9
86231,11107.9
86232,4585.17
86233,10709.85
86234,10392.53
86235,17475.69
86236,17255.59
86237,10350.38
86238,7434.78
86239,16355.63
86240,16045.43
86241,10506.39
86242,15841.9
86243,14374.44
86244,9319.51
86245,8111.55
86246,12691.48
86247,3030.86
86248,8457.08
86249,13381.63
86250,18461.08
86251,10039.66
86252,13535.02
86253,7003.32
86254,9881.86
86255,12816.97
86256,11220.16
86257,14475.65
86258,9176.9
86259,16217.74
86260,16021.73
86261,5412.93
86262,14036.74
86263,10634.02
86264,9123.46
86265,7278.75
86266,16828.82
86267,13824.4
86268,9696.68
86269,15743.78
86270,28080.05
86271,13170.62
86272,10239.13
86273,17445.98
86274,7092.84
86275,11896.07
86276,11493.17
86277,18206.15
86278,6778.45
86279,10829.79
86280,8847.94
86281,18045.17
86282,7052.67
86283,9390.96
86284,11049.47
86285,16120.17
86286,7286.66
86287,10733.13
86288,10026.35
86289,19370.15
86290,14449.67
86291,10290.07
86292,20879.05
86293,12153.05
86294,11596.46
86295,18112.1
86296,9746.03
86297,12510.31
86298,10806.07
86299,3589.23
86300,17694.08
86301,17970.99
86302,8242.21
86303,20789.05
86304,9497.58
86305,10575.37
86306,11170.57
86307,12842.56
86308,3927.96
86309,9660.73
86310,10824.31
86311,12046.17
86312,9490.11
86313,18749.39
86314,14150.12
86315,15305.61
86316,12609.15
86317,7953.7
86318,4102.68
86319,13267.05
86320,10442.88
86321,11295.25
86322,15225.45
86323,16634.14
86324,10980.98
86325,10701.36
86326,8928.36
86327,8680.44
86328,20885.5
86329,11031.26
86330,10975.62
86331,12331.0
86332,11318.38
86333,6509.75
86334,10001.45
86335,16432.34
86336,16376.07
86337,13913.45
86338,21024.78
86339,16022.36
86340,11173.37
86341,16932.35
86342,16407.81
86343,10948.65
86344,9663.71
86345,20643.02
86346,15603.67
86347,13936.24
86348,11346.48
86349,10609.79
86350,11244.17
86351,15803.95
86352,12444.81
86353,9476.77
86354,9436.88
86355,13237.4
86356,22642.97
86357,8024.18
86358,11199.06
86359,12813.59
86360,9581.47
86361,17337.89
86362,6788.18
86363,11663.66
86364,6735.3
86365,9599.16
86366,16173.84
86367,11541.83
86368,13851.82
86369,16453.7
86370,7699.04
86371,17000.06
86372,10905.01
86373,18679.1
86374,9610.98
86375,10392.62
86376,19925.35
86377,18850.54
86378,17258.88
86379,11406.58
86380,12252.78
86381,16533.11
86382,12209.51
86383,8292.02
86384,11322.44
86385,14202.17
86386,10381.97
86387,16160.7
86388,17755.59
86389,10498.66
86390,10594.3
86391,14668.57
86392,17341.13
86393,11144.58
86394,19193.45
86395,20441.43
86396,10982.01
86397,10376.42
86398,10972.02
86399,10406.96
86400,11792.49
86401,9473.9
86402,11253.49
86403,16123.32
86404,11862.9
86405,7946.37
86406,16737.69
86407,6394.87
86408,11754.34
86409,16393.21
86410,15859.53
86411,13913.97
86412,7448.44
86413,17141.63
86414,13739.62
86415,10150.59
86416,8497.58
86417,17903.07
86418,13936.64
86419,7596.16
86420,9617.51
86421,13718.49
86422,17267.95
86423,17050.45
86424,15935.89
86425,17362.01
86426,11738.84
86427,7629.42
86428,2824.73
86429,6419.23
86430,12775.38
86431,10186.63
86432,13521.99
86433,13539.44
86434,13955.74
86435,12216.13
86436,10468.51
86437,18567.76
86438,7729.6
86439,9068.23
86440,10441.4
86441,16391.29
86442,9925.77
86443,11371.46
86444,15347.56
86445,6495.24
86446,10268.47
86447,15128.65
86448,10554.79
86449,10051.97
86450,20107.26
86451,11762.64
86452,17272.42
86453,6286.96
86454,18086.74
86455,10051.81
86456,10672.68
86457,15327.89
86458,9922.91
86459,13589.73
86460,16926.45
86461,6612.69
86462,10269.52
86463,19097.28
86464,10946.6
86465,17324.18
86466,13677.11
86467,12757.51
86468,18022.31
86469,11047.46
86470,12319.27
86471,12215.92
86472,18917.1
86473,11871.32
86474,25945.45
86475,7848.9
86476,16323.98
86477,10965.52
86478,9089.88
86479,7246.84
86480,17662.69
86481,12351.49
86482,12488.92
86483,20094.25
86484,10363.83
86485,15246.38
86486,9454.01
86487,10456.14
86488,9884.88
86489,10281.86
86490,9833.37
86491,22881.94
86492,11131.88
86493,9260.59
86494,8167.81
86495,10832.37
86496,10502.04
86497,10759.6
86498,16320.8
86499,12057.21
86500,11103.67
86501,4309.9
86502,7170.62
86503,9999.71
86504,12350.01
86505,8366.22
86506,2418.44
86507,8731.93
86508,8398.35
86509,15206.15
86510,10297.17
86511,15438.16
86512,16066.63
86513,9991.91
86514,10853.77
86515,14703.91
86516,7773.52
86517,10785.71
86518,13342.23
86519,10605.09
86520,21869.14
86521,8729.18
86522,9984.72
86523,15948.74
86524,7401.79
86525,13384.62
86526,8501.07
86527,12247.47
86528,12928.17
86529,12815.54
86530,11025.54
86531,10863.48
86532,13249.66
86533,21917.33
86534,7217.48
86535,14746.58
86536,11483.95
86537,9167.25
86538,13589.82
86539,5389.68
86540,13444.42
86541,17942.55
86542,12217.27
86543,14036.76
86544,8237.39
86545,11768.65
86546,9693.81
86547,6088.47
86548,13130.59
86549,8545.44
86550,15758.33
86551,9406.27
86552,6913.07
86553,9668.07
86554,16249.43
86555,9874.08
86556,15850.44
86557,7496.76
86558,13470.53
86559,17452.92
86560,12937.66
86561,10303.9
86562,11482.45
86563,16850.16
86564,11349.91
86565,6404.35
86566,7448.56
86567,9452.88
86568,7916.05
86569,13389.04
86570,8941.77
86571,10353.74
86572,19958.68
86573,9965.82
86574,10633.52
86575,9144.15
86576,14072.11
86577,11385.34
86578,15272.27
86579,13034.31
86580,12286.34
86581,10724.66
86582,12026.95
86583,9843.57
86584,14548.96
86585,9463.52
86586,17687.42
86587,18436.13
86588,15159.94
86589,7795.77
86590,15484.47
86591,6741.96
86592,11191.9
86593,4878.99
86594,18519.24
86595,16293.93
86596,12432.73
86597,11913.56
86598,17096.31
86599,16367.96
86600,9728.92
86601,10539.67
86602,18762.53
86603,15317.84
86604,13417.49
86605,9777.01
86606,10539.23
86607,17733.19
86608,13229.67
86609,10844.4
86610,12661.2
86611,15976.34
86612,14593.87
86613,13282.51
86614,10511.45
86615,10587.97
86616,9656.43
86617,7997.97
86618,14677.45
86619,15261.97
86620,8504.68
86621,18390.53
86622,10618.57
86623,11705.51
86624,7997.76
86625,10237.29
86626,14016.94
86627,8985.09
86628,18430.53
86629,11619.49
86630,15429.73
86631,5637.91
86632,11216.93
86633,13361.34
86634,14171.87
86635,10554.32
86636,11647.21
86637,9069.36
86638,13229.43
86639,10127.14
86640,3650.16
86641,11237.55
86642,9313.02
86643,6323.93
86644,12176.64
86645,17259.11
86646,20200.97
86647,13422.65
86648,18065.92
86649,10229.26
86650,10334.49
86651,9681.82
86652,8813.44
86653,10889.86
86654,11709.07
86655,15153.87
86656,16384.63
86657,15922.93
86658,18800.87
86659,20737.93
86660,11317.41
86661,18987.02
86662,10017.21
86663,7888.79
86664,6369.8
86665,14819.53
86666,16753.72
86667,13361.7
86668,10702.04
86669,15908.28
86670,16660.43
86671,3248.92
86672,12627.48
86673,16805.84
86674,9554.62
86675,14324.12
86676,10074.49
86677,8033.38
86678,15259.21
86679,14235.14
86680,10028.41
86681,7243.88
86682,6414.18
86683,11405.38
86684,9825.38
86685,13685.72
86686,9505.27
86687,7676.34
86688,14588.16
86689,6443.97
86690,13676.69
86691,14098.78
86692,8184.52
86693,18210.79
86694,7002.66
86695,13923.35
86696,18394.0
86697,1532.84
86698,5257.06
86699,9829.5
86700,7910.65
86701,14066.3
86702,16608.06
86703,9745.4
86704,8347.87
86705,12789.45
86706,7590.3
86707,16447.44
86708,12488.16
86709,16039.25
86710,8207.0
86711,13600.56
86712,12938.36
86713,8120.09
86714,9790.36
86715,16021.86
86716,16307.38
86717,7394.74
86718,7623.72
86719,7037.02
86720,9622.12
86721,17604.91
86722,14841.41
86723,27507.49
86724,8129.66
86725,12357.48
86726,7211.04
86727,11751.43
86728,10535.46
86729,9625.67
86730,10840.04
86731,9539.39
86732,13322.84
86733,10615.01
86734,12600.44
86735,16026.06
86736,13098.94
86737,18188.38
86738,11938.38
86739,9344.72
86740,10371.64
86741,20671.51
86742,10243.49
86743,11150.57
86744,12169.65
86745,15762.1
86746,9051.11
86747,13585.87
86748,11187.14
86749,6361.55
86750,9597.06
86751,9947.31
86752,18694.79
86753,9727.57
86754,9889.96
86755,13636.53
86756,6484.88
86757,5874.27
86758,10311.49
86759,2172.45
86760,14125.12
86761,9321.76
86762,7051.55
86763,16792.28
86764,14230.86
86765,17608.08
86766,13804.66
86767,14884.79
86768,12072.13
86769,9616.62
86770,12029.15
86771,16384.74
86772,11086.55
86773,8209.25
86774,20444.32
86775,4625.75
86776,10814.02
86777,11917.23
86778,8076.15
86779,4569.05
86780,15971.49
86781,19756.85
86782,16600.44
86783,10867.0
86784,11392.03
86785,16083.9
86786,7895.04
86787,16738.56
86788,18845.49
86789,8516.18
86790,20702.54
86791,9381.62
86792,19407.26
86793,16099.01
86794,9817.05
86795,16005.88
86796,18967.69
86797,18408.1
86798,13364.34
86799,13242.8
86800,16394.52
86801,10823.07
86802,15794.36
86803,7053.67
86804,13898.81
86805,11767.78
86806,17013.65
86807,9868.01
86808,15817.82
86809,18842.4
86810,7155.14
86811,21163.68
86812,9141.84
86813,11484.26
86814,21854.36
86815,16664.91
86816,10548.59
86817,11383.87
86818,10720.64
86819,13406.45
86820,11930.0
86821,17325.21
86822,9815.9
86823,10161.31
86824,15817.43
86825,16760.37
86826,18912.87
86827,5413.36
86828,10925.07
86829,13114.99
86830,9009.97
86831,12085.22
86832,4305.82
86833,13545.58
86834,14700.98
86835,16323.43
86836,10076.72
86837,5642.22
86838,9945.02
86839,13599.66
86840,8891.9
86841,11863.77
86842,18431.13
86843,12948.25
86844,11363.6
86845,7335.18
86846,9041.15
86847,8685.69
86848,16008.59
86849,8076.8
86850,9064.97
86851,7362.63
86852,10007.52
86853,13840.0
86854,10823.29
86855,16393.2
86856,8970.6
86857,9922.22
86858,10042.94
86859,9275.59
86860,6826.23
86861,7300.34
86862,6088.53
86863,10783.2
86864,15881.42
86865,18335.29
86866,14304.24
86867,4505.93
86868,10217.34
86869,11668.46
86870,11195.17
86871,13851.94
86872,10434.77
86873,13795.35
86874,10032.37
86875,13869.8
86876,11953.62
86877,19795.51
86878,15510.24
86879,12395.55
86880,12650.9
86881,10123.12
86882,19247.74
86883,11853.15
86884,5482.86
86885,7265.17
86886,3604.79
86887,16761.36
86888,16540.77
86889,18645.45
86890,8167.53
86891,17380.85
86892,9815.71
86893,7380.8
86894,8198.91
86895,7425.93
86896,1876.81
86897,9653.97
86898,19423.63
86899,11680.48
86900,11359.05
86901,10021.32
86902,8386.12
86903,16783.62
86904,11960.32
86905,9943.45
86906,11647.1
86907,13317.62
86908,9914.47
86909,9956.44
86910,10529.73
86911,4230.46
86912,11073.33
86913,6881.94
86914,17092.06
86915,13353.3
86916,8982.55
86917,15009.36
86918,5650.09
86919,14523.66
86920,13841.59
86921,16419.03
86922,11123.15
86923,17046.73
86924,8426.74
86925,9740.95
86926,9032.13
86927,16190.46
86928,19520.37
86929,9897.61
86930,8053.36
86931,18510.76
86932,12927.66
86933,11337.58
86934,5791.31
86935,8714.63
86936,14708.32
86937,14764.93
86938,10212.29
86939,14080.79
86940,10613.44
86941,16094.99
86942,11409.48
86943,12173.36
86944,7412.55
86945,10625.93
86946,7599.48
86947,12634.41
86948,11207.66
86949,9871.97
86950,9138.09
86951,8797.44
86952,10707.31
86953,10358.11
86954,12536.06
86955,14020.63
86956,18679.2
86957,8174.61
86958,11761.11
86959,9888.98
86960,17644.66
86961,10243.9
86962,16895.45
86963,9915.0
86964,9238.35
86965,13956.75
86966,6242.15
86967,11405.98
86968,11018.97
86969,2071.06
86970,11608.51
86971,7789.08
86972,15941.99
86973,12489.82
86974,10615.77
86975,16917.72
86976,18793.26
86977,11015.17
86978,8060.91
86979,14717.72
86980,9277.05
86981,8739.78
86982,16851.49
86983,12612.88
86984,13231.77
86985,18874.5
86986,15335.91
86987,9503.69
86988,19651.04
86989,16776.87
86990,18139.66
86991,18516.86
86992,15709.88
86993,12714.51
86994,14959.37
86995,11881.45
86996,16083.48
86997,10008.89
86998,10966.29
86999,25758.39
87000,13883.46
87001,17288.51
87002,16560.65
87003,13976.54
87004,19055.3
87005,13900.1
87006,19260.48
87007,9904.27
87008,16481.2
87009,17481.95
87010,9000.69
87011,10750.62
87012,11567.59
87013,10705.47
87014,18175.23
87015,8886.94
87016,13482.53
87017,13345.19
87018,20410.52
87019,18535.01
87020,11201.95
87021,16480.25
87022,14222.03
87023,16057.21
87024,17788.73
87025,14070.53
87026,13086.28
87027,12171.39
87028,9202.27
87029,14680.25
87030,17253.29
87031,10534.91
87032,21745.58
87033,17792.95
87034,7667.18
87035,13676.93
87036,7022.13
87037,17298.45
87038,11028.06
87039,4264.4
87040,7584.44
87041,9950.81
87042,16562.89
87043,15391.68
87044,16641.0
87045,5585.53
87046,2682.08
87047,16400.25
87048,16188.44
87049,13289.04
87050,21318.88
87051,10676.3
87052,16344.88
87053,15351.1
87054,9234.28
87055,9043.5
87056,14120.52
87057,8873.7
87058,17510.27
87059,16925.63
87060,18382.03
87061,9889.14
87062,19450.4
87063,12223.6
87064,13898.07
87065,10137.71
87066,10320.45
87067,17036.08
87068,11437.97
87069,15514.02
87070,18453.01
87071,19662.86
87072,17907.97
87073,22391.91
87074,17249.91
87075,13288.06
87076,17508.27
87077,7214.89
87078,17401.94
87079,8218.01
87080,10074.88
87081,15351.53
87082,9027.18
87083,15424.4
87084,16060.03
87085,9682.44
87086,14392.97
87087,12099.62
87088,11986.86
87089,14523.95
87090,12294.78
87091,10252.96
87092,7430.53
87093,9550.95
87094,12765.84
87095,10302.95
87096,12103.1
87097,7512.13
87098,6407.89
87099,13748.32
87100,15055.02
87101,20423.0
87102,5186.61
87103,6349.75
87104,36293.19
87105,17122.3
87106,16046.57
87107,18455.06
87108,3220.38
87109,4838.89
87110,4967.78
87111,15960.89
87112,10511.48
87113,22081.59
87114,6908.37
87115,9607.37
87116,9514.38
87117,10403.48
87118,32635.79
87119,12697.93
87120,9195.96
87121,10270.55
87122,14007.57
87123,11014.91
87124,8703.66
87125,7598.32
87126,17803.15
87127,14050.38
87128,13084.19
87129,11728.1
87130,8210.76
87131,8530.3
87132,14711.72
87133,13512.36
87134,16999.72
87135,13652.64
87136,12835.41
87137,17480.22
87138,10602.32
87139,9429.06
87140,15935.79
87141,13716.67
87142,8618.03
87143,16630.96
87144,10865.45
87145,11260.84
87146,11983.98
87147,12188.08
87148,16646.36
87149,16205.46
87150,22820.23
87151,11059.41
87152,10321.0
87153,8439.18
87154,18412.42
87155,17792.85
87156,8126.13
87157,10479.4
87158,10733.03
87159,12731.89
87160,9312.61
87161,13473.73
87162,14119.96
87163,16327.07
87164,17997.04
87165,5636.86
87166,10783.05
87167,13510.23
87168,18465.86
87169,18060.76
87170,21856.34
87171,8002.3
87172,16334.26
87173,11001.95
87174,13274.52
87175,17257.45
87176,18617.29
87177,6996.38
87178,18806.67
87179,8189.23
87180,15672.84
87181,8794.03
87182,8732.09
87183,10695.19
87184,24280.18
87185,17510.2
87186,17885.95
87187,16804.44
87188,15995.72
87189,20004.82
87190,9402.84
87191,26935.34
87192,11318.15
87193,8652.42
87194,18413.7
87195,10080.07
87196,9024.98
87197,16551.02
87198,21773.18
87199,15775.1
87200,17802.27
87201,12828.95
87202,14124.34
87203,13965.73
87204,14906.14
87205,16515.75
87206,10431.01
87207,10040.1
87208,11577.51
87209,8084.38
87210,4626.35
87211,12507.76
87212,10518.32
87213,8874.16
87214,9360.11
87215,13490.6
87216,13759.84
87217,16174.42
87218,15790.82
87219,18714.13
87220,18948.41
87221,19138.02
87222,10082.51
87223,9412.86
87224,10002.07
87225,7005.54
87226,6715.19
87227,11477.55
87228,8437.36
87229,11275.26
87230,17321.59
87231,5398.12
87232,15914.15
87233,4959.34
87234,10000.69
87235,7753.45
87236,9161.95
87237,9133.52
87238,15588.57
87239,16371.07
87240,10534.94
87241,14267.2
87242,11725.29
87243,6376.12
87244,13171.31
87245,15965.16
87246,8666.98
87247,23573.55
87248,8775.41
87249,8497.65
87250,11729.44
87251,12665.46
87252,18677.87
87253,15109.14
87254,9172.71
87255,10565.83
87256,9964.55
87257,11341.54
87258,16104.84
87259,10899.61
87260,10261.14
87261,18228.5
87262,9275.28
87263,18046.46
87264,7554.21
87265,10488.52
87266,25957.3
87267,9943.72
87268,18282.42
87269,8761.9
87270,18007.39
87271,16645.29
87272,21498.98
87273,9413.06
87274,18525.27
87275,11514.29
87276,11447.05
87277,10058.27
87278,15723.78
87279,10865.43
87280,12840.95
87281,10380.28
87282,13326.67
87283,10005.84
87284,7950.27
87285,8491.36
87286,14726.71
87287,9447.79
87288,10160.42
87289,15971.09
87290,8741.38
87291,17343.66
87292,16942.07
87293,9397.53
87294,17943.47
87295,14240.77
87296,16607.14
87297,12494.87
87298,18256.92
87299,10785.96
87300,10381.87
87301,4624.17
87302,11108.48
87303,9444.17
87304,9888.47
87305,11634.76
87306,9023.73
87307,17902.23
87308,11567.36
87309,9296.14
87310,15971.98
87311,18019.97
87312,15016.34
87313,6708.89
87314,19361.55
87315,9134.2
87316,9214.53
87317,8426.46
87318,12175.61
87319,11884.51
87320,14723.61
87321,6637.35
87322,10621.64
87323,10273.74
87324,23973.28
87325,17686.94
87326,10455.24
87327,15620.84
87328,7303.18
87329,10897.83
87330,16181.82
87331,13084.75
87332,6333.95
87333,11292.36
87334,7491.29
87335,18028.28
87336,10634.5
87337,9094.75
87338,10718.31
87339,11451.91
87340,15157.93
87341,15501.96
87342,11480.61
87343,11588.8
87344,14318.43
87345,8618.43
87346,11693.03
87347,9572.73
87348,11189.25
87349,16337.25
87350,5058.11
87351,17450.2
87352,11446.48
87353,16366.99
87354,11162.68
87355,7155.36
87356,6892.44
87357,8676.23
87358,8384.5
87359,12807.96
87360,9088.83
87361,7860.01
87362,11011.32
87363,5359.06
87364,15580.05
87365,8188.83
87366,9274.88
87367,11376.69
87368,13841.6
87369,8063.76
87370,16170.05
87371,15463.55
87372,10993.55
87373,17467.87
87374,15871.93
87375,10887.61
87376,11090.31
87377,10241.83
87378,17275.09
87379,16925.62
87380,7531.21
87381,9353.02
87382,16651.24
87383,7484.15
87384,14127.44
87385,21712.92
87386,11156.71
87387,17242.37
87388,13680.39
87389,7751.37
87390,20112.85
87391,26133.91
87392,13668.46
87393,14835.82
87394,10327.38
87395,17227.7
87396,18324.73
87397,10808.26
87398,8394.25
87399,13719.76
87400,9880.93
87401,15908.41
87402,16310.92
87403,8568.2
87404,13248.22
87405,13607.35
87406,9967.98
87407,15357.81
87408,7451.82
87409,11123.12
87410,12923.75
87411,13644.5
87412,21137.52
87413,18287.33
87414,9293.16
87415,11001.39
87416,13037.79
87417,32823.36
87418,9239.01
87419,16333.05
87420,16448.03
87421,13905.12
87422,11763.57
87423,10942.18
87424,21938.9
87425,9912.8
87426,6548.55
87427,9914.47
87428,11634.49
87429,10541.72
87430,7792.61
87431,17478.28
87432,12344.45
87433,24277.7
87434,12167.54
87435,5529.52
87436,7637.87
87437,8001.07
87438,14585.69
87439,8434.2
87440,11030.99
87441,3180.22
87442,12468.96
87443,8351.68
87444,11880.65
87445,9608.75
87446,12701.66
87447,15152.69
87448,12691.54
87449,22392.72
87450,11884.25
87451,10535.16
87452,12668.39
87453,11586.56
87454,9808.67
87455,18157.78
87456,15535.54
87457,8311.9
87458,15501.84
87459,26007.07
87460,10986.77
87461,12781.17
87462,9938.28
87463,18755.18
87464,11162.63
87465,16387.44
87466,15308.79
87467,10977.64
87468,12412.24
87469,9185.28
87470,10956.99
87471,9102.74
87472,10643.13
87473,11246.91
87474,11687.87
87475,12148.37
87476,9493.1
87477,17601.88
87478,7893.97
87479,13858.23
87480,19354.69
87481,16072.61
87482,7173.61
87483,9911.15
87484,11321.23
87485,11032.01
87486,13959.01
87487,38923.62
87488,18057.74
87489,13434.19
87490,6135.82
87491,22358.68
87492,16092.03
87493,12884.97
87494,9037.92
87495,16816.97
87496,8625.62
87497,11960.83
87498,15795.28
87499,18615.54
87500,8525.82
87501,17791.07
87502,12869.71
87503,9650.93
87504,18641.59
87505,16054.84
87506,12375.02
87507,8651.08
87508,17517.59
87509,11746.23
87510,11125.0
87511,15702.72
87512,15558.6
87513,12900.97
87514,10622.79
87515,12549.83
87516,7733.76
87517,15858.9
87518,14768.68
87519,11869.82
87520,7966.57
87521,7697.52
87522,13513.99
87523,9580.67
87524,9593.02
87525,16245.99
87526,5003.9
87527,7850.13
87528,11344.13
87529,11079.63
87530,9171.9
87531,3170.39
87532,14492.79
87533,11545.4
87534,11103.63
87535,31065.83
87536,9072.54
87537,16571.91
87538,12650.27
87539,11213.02
87540,12070.18
87541,13244.32
87542,9362.08
87543,19971.27
87544,14122.79
87545,9345.14
87546,10908.08
87547,20200.97
87548,18067.06
87549,9636.58
87550,4464.91
87551,7631.52
87552,7509.49
87553,18170.65
87554,7322.32
87555,17613.18
87556,9750.81
87557,8234.81
87558,10617.92
87559,9359.09
87560,19485.07
87561,14645.79
87562,7675.62
87563,10098.32
87564,7990.6
87565,18437.7
87566,10091.98
87567,16622.66
87568,4258.51
87569,17501.32
87570,3412.96
87571,7978.16
87572,23909.09
87573,8198.59
87574,13900.1
87575,14784.19
87576,17894.88
87577,15432.15
87578,10692.71
87579,12756.48
87580,12125.81
87581,11842.13
87582,20491.35
87583,19883.18
87584,18928.63
87585,6894.48
87586,7878.59
87587,8447.17
87588,9831.0
87589,15218.24
87590,11215.29
87591,13999.2
87592,8255.26
87593,14591.12
87594,7466.32
87595,19204.55
87596,7740.57
87597,11082.69
87598,10296.1
87599,17119.88
87600,10158.81
87601,23518.37
87602,15320.07
87603,18924.74
87604,13218.18
87605,14269.17
87606,7151.9
87607,8435.68
87608,9072.25
87609,4410.59
87610,10039.08
87611,9144.6
87612,6343.03
87613,10438.49
87614,13815.58
87615,11159.52
87616,10591.82
87617,17413.31
87618,17148.65
87619,8829.96
87620,16432.6
87621,19537.13
87622,13734.75
87623,10978.28
87624,17291.04
87625,17760.41
87626,14896.52
87627,19801.22
87628,10293.18
87629,6984.12
87630,9279.04
87631,13467.07
87632,16732.15
87633,2789.14
87634,7784.99
87635,18964.14
87636,10615.93
87637,11612.75
87638,8258.85
87639,7711.97
87640,8981.19
87641,15779.45
87642,14189.15
87643,15336.18
87644,17998.56
87645,13189.36
87646,5937.56
87647,16577.84
87648,10233.6
87649,16381.58
87650,9490.57
87651,11215.62
87652,13130.06
87653,8638.45
87654,11738.26
87655,15171.09
87656,10028.15
87657,17724.07
87658,10556.9
87659,18127.94
87660,16378.91
87661,9855.7
87662,10159.57
87663,17998.82
87664,9689.03
87665,10484.71
87666,10461.18
87667,7736.66
87668,17557.38
87669,10432.8
87670,14182.07
87671,16495.12
87672,8761.61
87673,17324.18
87674,11042.92
87675,10958.14
87676,17295.34
87677,2094.02
87678,18943.03
87679,10365.95
87680,6307.76
87681,7334.56
87682,19196.71
87683,12666.19
87684,8093.5
87685,19194.61
87686,14196.62
87687,14991.05
87688,9607.13
87689,18914.26
87690,15313.63
87691,9603.99
87692,12473.97
87693,13196.7
87694,11379.38
87695,10824.83
87696,10740.05
87697,15105.72
87698,12980.41
87699,6263.4
87700,17995.77
87701,18534.52
87702,10909.1
87703,9282.03
87704,8049.19
87705,25640.51
87706,10708.24
87707,5700.33
87708,10737.41
87709,11676.98
87710,16474.82
87711,10435.48
87712,10574.45
87713,16486.63
87714,11001.83
87715,13798.83
87716,8911.93
87717,9852.54
87718,10356.89
87719,10235.01
87720,10103.27
87721,14376.61
87722,11055.39
87723,16148.06
87724,8131.19
87725,13360.27
87726,11139.57
87727,8744.16
87728,23972.44
87729,8768.09
87730,10523.07
87731,9209.68
87732,14085.94
87733,14087.02
87734,18261.16
87735,10119.97
87736,10771.44
87737,11367.01
87738,18017.89
87739,5075.74
87740,16747.58
87741,15588.8
87742,8648.15
87743,2014.12
87744,12615.46
87745,9843.82
87746,15886.21
87747,10138.47
87748,20160.6
87749,22049.88
87750,13275.6
87751,12967.82
87752,11021.42
87753,14822.66
87754,10900.78
87755,2789.98
87756,9481.59
87757,13849.47
87758,17559.84
87759,7819.99
87760,16042.52
87761,10883.3
87762,6303.8
87763,8841.42
87764,10080.87
87765,16415.52
87766,15981.19
87767,15787.22
87768,7218.23
87769,9584.07
87770,11706.31
87771,17079.38
87772,19482.55
87773,4579.52
87774,20855.8
87775,18941.37
87776,8933.43
87777,8195.46
87778,13641.5
87779,10742.65
87780,13223.25
87781,12050.67
87782,16394.87
87783,11344.57
87784,9834.21
87785,11478.23
87786,14938.26
87787,10100.43
87788,16384.16
87789,16026.48
87790,9979.03
87791,7593.61
87792,7899.81
87793,15906.92
87794,13969.56
87795,10656.91
87796,11330.31
87797,14203.26
87798,2337.19
87799,8278.53
87800,18757.31
87801,13948.27
87802,11206.16
87803,14311.01
87804,6642.88
87805,22045.06
87806,10820.28
87807,4963.9
87808,11929.88
87809,17589.27
87810,9914.44
87811,17704.69
87812,17572.92
87813,10578.65
87814,10350.73
87815,10441.6
87816,12448.58
87817,6465.46
87818,4983.58
87819,18370.71
87820,11040.11
87821,21970.79
87822,12713.73
87823,10802.45
87824,10579.04
87825,18734.07
87826,13322.4
87827,9830.3
87828,11533.79
87829,16153.06
87830,17868.34
87831,15683.28
87832,9602.11
87833,12536.32
87834,10453.94
87835,17483.89
87836,8812.62
87837,7357.48
87838,22131.55
87839,13094.23
87840,16370.08
87841,15451.32
87842,14683.74
87843,7572.49
87844,17730.01
87845,9146.19
87846,10782.21
87847,7747.92
87848,11591.84
87849,16431.93
87850,13112.45
87851,13966.97
87852,8384.32
87853,15358.33
87854,3156.04
87855,7951.66
87856,10200.03
87857,17750.41
87858,10756.71
87859,18073.85
87860,9978.37
87861,11099.25
87862,34564.22
87863,10586.59
87864,18222.31
87865,18319.39
87866,18290.3
87867,13891.88
87868,11499.02
87869,13166.33
87870,10303.36
87871,10708.96
87872,9384.27
87873,9372.78
87874,17050.38
87875,11554.61
87876,10334.49
87877,18994.93
87878,10875.57
87879,13089.28
87880,8632.59
87881,11200.08
87882,17408.26
87883,14529.64
87884,13252.48
87885,10758.65
87886,16571.85
87887,10299.63
87888,10093.07
87889,16858.36
87890,11857.66
87891,11936.97
87892,15939.35
87893,17043.91
87894,7896.74
87895,10816.55
87896,17989.01
87897,13247.42
87898,9141.37
87899,19945.62
87900,15122.46
87901,7635.76
87902,11250.41
87903,10871.44
87904,9182.24
87905,11376.75
87906,16534.01
87907,11610.58
87908,17346.14
87909,11474.74
87910,10591.39
87911,11563.87
87912,10949.84
87913,5266.02
87914,11607.13
87915,12012.9
87916,9698.31
87917,8582.74
87918,8955.95
87919,8355.53
87920,13057.16
87921,10578.91
87922,10197.82
87923,10150.3
87924,13064.7
87925,6898.08
87926,18712.51
87927,13968.5
87928,5935.32
87929,9140.93
87930,17932.64
87931,9258.16
87932,8753.99
87933,15680.44
87934,8513.49
87935,14139.54
87936,2579.47
87937,9835.43
87938,11587.65
87939,11800.36
87940,11042.84
87941,11260.89
87942,11037.22
87943,12116.34
87944,10530.23
87945,17031.7
87946,16438.28
87947,19668.88
87948,14275.66
87949,13067.4
87950,13206.93
87951,17312.7
87952,5870.51
87953,11739.46
87954,17024.91
87955,6737.43
87956,11699.84
87957,10016.91
87958,12786.63
87959,22164.97
87960,8305.2
87961,11032.25
87962,13480.13
87963,8313.37
87964,5703.44
87965,20356.86
87966,9878.17
87967,10087.63
87968,8523.99
87969,15805.2
87970,13178.11
87971,11080.96
87972,12081.58
87973,22005.2
87974,19106.8
87975,14906.36
87976,9657.99
87977,8319.85
87978,12444.17
87979,16033.57
87980,10919.67
87981,10814.13
87982,18805.62
87983,19827.11
87984,9608.22
87985,2267.1
87986,5867.96
87987,10704.88
87988,17525.22
87989,5307.72
87990,20051.41
87991,10759.84
87992,14074.93
87993,7882.2
87994,21812.84
87995,8775.48
87996,13153.96
87997,17316.69
87998,9544.28
87999,6612.69
88000,10806.18
88001,13979.74
88002,17208.3
88003,15211.15
88004,10648.21
88005,8292.38
88006,15476.28
88007,16599.91
88008,12272.09
88009,16508.11
88010,7644.18
88011,12005.16
88012,17295.6
88013,9919.57
88014,8314.1
88015,9235.86
88016,13494.82
88017,14335.75
88018,12724.37
88019,15641.21
88020,10637.71
88021,11673.09
88022,17286.35
88023,15472.46
88024,10205.56
88025,7856.04
88026,9846.69
88027,17219.64
88028,8804.95
88029,15803.32
88030,9085.48
88031,13131.62
88032,17277.59
88033,16919.13
88034,11231.89
88035,13670.54
88036,16767.71
88037,10611.45
88038,10856.19
88039,8796.65
88040,37605.34
88041,15843.53
88042,15737.24
88043,10733.02
88044,5398.49
88045,15160.25
88046,6086.54
88047,9469.4
88048,16341.9
88049,5915.03
88050,16036.51
88051,3918.41
88052,17477.43
88053,7991.95
88054,17745.02
88055,16246.77
88056,8402.7
88057,11428.22
88058,9699.92
88059,10587.08
88060,15871.83
88061,12070.74
88062,19873.62
88063,13999.74
88064,14617.14
88065,17235.79
88066,11695.38
88067,13090.17
88068,4541.52
88069,7303.38
88070,7291.69
88071,5503.78
88072,15894.15
88073,16871.41
88074,9775.22
88075,15911.83
88076,7099.07
88077,20961.21
88078,7888.79
88079,16103.96
88080,11521.03
88081,17657.22
88082,8722.09
88083,7642.78
88084,13900.44
88085,10576.61
88086,9878.84
88087,2682.99
88088,11850.33
88089,19030.94
88090,18110.07
88091,7251.17
88092,18293.95
88093,3317.59
88094,10419.04
88095,21764.47
88096,18723.09
88097,24435.29
88098,10644.51
88099,7264.77
88100,8022.64
88101,17933.13
88102,5716.71
88103,8572.78
88104,15910.97
88105,12728.13
88106,11091.07
88107,6907.24
88108,19870.28
88109,13513.78
88110,6258.71
88111,11468.73
88112,10475.2
88113,8699.36
88114,12801.66
88115,10487.92
88116,12684.88
88117,9482.86
88118,19021.56
88119,10528.41
88120,13260.52
88121,16932.7
88122,13956.67
88123,18052.99
88124,16317.59
88125,15521.9
88126,9185.28
88127,18992.18
88128,9777.47
88129,9227.69
88130,15274.3
88131,11591.34
88132,16579.04
88133,12968.32
88134,8599.85
88135,5639.41
88136,12979.79
88137,8533.79
88138,12905.31
88139,8848.88
88140,13078.21
88141,15325.2
88142,14545.75
88143,9938.4
88144,11719.28
88145,16405.09
88146,11382.57
88147,9301.99
88148,14295.57
88149,15599.45
88150,18274.84
88151,14263.71
88152,10763.83
88153,12924.14
88154,13123.31
88155,18361.38
88156,7309.22
88157,11239.51
88158,6409.71
88159,10605.25
88160,9968.74
88161,9853.29
88162,18099.41
88163,17615.66
88164,12095.54
88165,7130.02
88166,17115.43
88167,12092.4
88168,32528.47
88169,12466.32
88170,16129.74
88171,9506.82
88172,9528.17
88173,11569.35
88174,34664.87
88175,7909.89
88176,19207.32
88177,9048.78
88178,15775.1
88179,11657.34
88180,11249.3
88181,7589.4
88182,9965.88
88183,14587.93
88184,11099.35
88185,9097.13
88186,6428.45
88187,9881.66
88188,11142.17
88189,8644.67
88190,9974.99
88191,10268.37
88192,17962.97
88193,13853.5
88194,10232.04
88195,10202.37
88196,13105.43
88197,11186.33
88198,8282.56
88199,14232.94
88200,13582.56
88201,10658.69
88202,10590.75
88203,16410.49
88204,12418.08
88205,15420.46
88206,16968.54
88207,8997.27
88208,21686.54
88209,7859.21
88210,11869.32
88211,6118.85
88212,10632.64
88213,15693.17
88214,10548.49
88215,10455.32
88216,7661.99
88217,18058.17
88218,14700.87
88219,8143.18
88220,20048.92
88221,13166.61
88222,14653.46
88223,18174.42
88224,9911.6
88225,10935.03
88226,9571.1
88227,9723.27
88228,9905.37
88229,10352.45
88230,3079.64
88231,9955.74
88232,14053.82
88233,13829.58
88234,16215.46
88235,15067.53
88236,16120.01
88237,13278.21
88238,17284.8
88239,8640.15
88240,13303.87
88241,10431.25
88242,10986.97
88243,15284.59
88244,8020.47
88245,9708.43
88246,11588.8
88247,9263.51
88248,18605.77
88249,9082.62
88250,10365.93
88251,17431.08
88252,11189.25
88253,27583.55
88254,11496.81
88255,10072.22
88256,16154.68
88257,19178.11
88258,13845.11
88259,8648.76
88260,7758.47
88261,12232.26
88262,18727.05
88263,18624.04
88264,12219.11
88265,11408.94
88266,10274.78
88267,8268.86
88268,14525.7
88269,13952.25
88270,15481.26
88271,10573.05
88272,4912.18
88273,16459.94
88274,12586.61
88275,17425.32
88276,11048.22
88277,13865.14
88278,13747.13
88279,9965.38
88280,13110.15
88281,18611.84
88282,12781.36
88283,8194.53
88284,10579.7
88285,18145.92
88286,16068.11
88287,7474.51
88288,11505.13
88289,9760.75
88290,13748.75
88291,10329.88
88292,13781.34
88293,9725.57
88294,13485.17
88295,9496.33
88296,13720.25
88297,10139.6
88298,9841.81
88299,17842.77
88300,9401.07
88301,11689.65
88302,13291.39
88303,15961.25
88304,7210.08
88305,15245.78
88306,9901.62
88307,10458.75
88308,10587.73
88309,16746.92
88310,11222.08
88311,9559.64
88312,7826.5
88313,12367.99
88314,20643.78
88315,12848.05
88316,16080.88
88317,10229.26
88318,19494.61
88319,19280.42
88320,13615.76
88321,17658.92
88322,10211.6
88323,14609.06
88324,7667.56
88325,14964.37
88326,13724.02
88327,16515.99
88328,10445.29
88329,19367.15
88330,9624.5
88331,10933.67
88332,12824.73
88333,13777.44
88334,4498.71
88335,11016.72
88336,12073.09
88337,20609.05
88338,13231.73
88339,12797.84
88340,13317.06
88341,9935.95
88342,9722.43
88343,17291.52
88344,11725.45
88345,13293.32
88346,10444.6
88347,14313.29
88348,7054.15
88349,6806.06
88350,5018.0
88351,10722.35
88352,14974.74
88353,5877.65
88354,18194.53
88355,8843.17
88356,10372.25
88357,15808.08
88358,15550.64
88359,11508.68
88360,14134.61
88361,12731.87
88362,7984.47
88363,13100.28
88364,7741.68
88365,13613.04
88366,9390.06
88367,20807.7
88368,22726.28
88369,15909.53
88370,11788.51
88371,16090.14
88372,15048.85
88373,6862.31
88374,16367.09
88375,14424.5
88376,11015.98
88377,11284.15
88378,17111.51
88379,20706.04
88380,13581.99
88381,7842.52
88382,22175.25
88383,10572.07
88384,11420.84
88385,10005.83
88386,18326.36
88387,10554.76
88388,9023.31
88389,9484.77
88390,8042.52
88391,8580.49
88392,8071.39
88393,15591.52
88394,16095.87
88395,9071.23
88396,8280.03
88397,17837.0
88398,17018.13
88399,15317.14
88400,12683.92
88401,16873.42
88402,17978.43
88403,18182.37
88404,8687.63
88405,14450.23
88406,10717.71
88407,15979.86
88408,10467.86
88409,14081.51
88410,13206.83
88411,16218.34
88412,20027.94
88413,10133.07
88414,21108.27
88415,3539.18
88416,19411.88
88417,31019.14
88418,13629.04
88419,10433.56
88420,11497.95
88421,9560.24
88422,8560.91
88423,15231.21
88424,18442.14
88425,15757.66
88426,6247.12
88427,12232.28
88428,11307.77
88429,17098.91
88430,15905.61
88431,13028.08
88432,9098.19
88433,17356.34
88434,20043.22
88435,14055.39
88436,7190.71
88437,8126.37
88438,10361.67
88439,9940.31
88440,17173.37
88441,12794.51
88442,6871.45
88443,11523.26
88444,9862.81
88445,12041.32
88446,10980.27
88447,11157.72
88448,16427.77
88449,9231.98
88450,13241.17
88451,15632.83
88452,23213.89
88453,17064.46
88454,9888.09
88455,4354.78
88456,6753.23
88457,11008.99
88458,17848.59
88459,15607.72
88460,10201.79
88461,6187.09
88462,12288.07
88463,9304.54
88464,7502.73
88465,17203.85
88466,16072.81
88467,5692.49
88468,17630.5
88469,3018.42
88470,15627.88
88471,7847.44
88472,14536.63
88473,18159.11
88474,9588.68
88475,18229.31
88476,14017.57
88477,17142.47
88478,17194.77
88479,11160.69
88480,11077.15
88481,12297.18
88482,7240.61
88483,16456.44
88484,6845.25
88485,19660.59
88486,11959.69
88487,7960.59
88488,16428.54
88489,11512.38
88490,9905.67
88491,15975.48
88492,18803.85
88493,9598.7
88494,10841.41
88495,18965.73
88496,6820.18
88497,6310.48
88498,4747.67
88499,8763.2
88500,7852.64
88501,16377.05
88502,13549.4
88503,11236.97
88504,18654.71
88505,15565.39
88506,15142.13
88507,10605.87
88508,18454.54
88509,10435.64
88510,12600.12
88511,11206.89
88512,8227.18
88513,8462.05
88514,16035.92
88515,8047.39
88516,11237.63
88517,4640.92
88518,7751.51
88519,15765.8
88520,9057.89
88521,23803.06
88522,11179.63
88523,13576.77
88524,11563.03
88525,8259.67
88526,12279.58
88527,11465.8
88528,19735.24
88529,7842.66
88530,10304.51
88531,13783.03
88532,17700.96
88533,39685.58
88534,7891.36
88535,8864.66
88536,16566.83
88537,13451.81
88538,18421.17
88539,9682.56
88540,6692.0
88541,7096.95
88542,8419.65
88543,10731.19
88544,9702.4
88545,10301.85
88546,20046.98
88547,10631.88
88548,15686.23
88549,13412.93
88550,12897.86
88551,10615.88
88552,8691.83
88553,14295.97
88554,11326.2
88555,9212.39
88556,11950.62
88557,15951.79
88558,9725.57
88559,10712.72
88560,16203.24
88561,9017.61
88562,6265.88
88563,7917.03
88564,15682.38
88565,19260.64
88566,7784.96
88567,14755.46
88568,16863.21
88569,15599.2
88570,22099.17
88571,18586.48
88572,6110.31
88573,14343.08
88574,15595.69
88575,16444.43
88576,17163.63
88577,15226.76
88578,4715.73
88579,10455.35
88580,20862.16
88581,19125.93
88582,13072.72
88583,10885.96
88584,16804.45
88585,12152.93
88586,10531.62
88587,6739.83
88588,11907.08
88589,8421.46
88590,8069.82
88591,4912.17
88592,7520.45
88593,14081.19
88594,9316.79
88595,12199.09
88596,15801.33
88597,11239.29
88598,13297.84
88599,15007.79
88600,18066.41
88601,8562.61
88602,18994.27
88603,11097.44
88604,17374.38
88605,13726.74
88606,9962.27
88607,7898.69
88608,12848.08
88609,8789.75
88610,6164.19
88611,3499.08
88612,16138.86
88613,9910.84
88614,7989.1
88615,12835.64
88616,2565.73
88617,7732.45
88618,8291.22
88619,10480.19
88620,17856.31
88621,10105.75
88622,8600.65
88623,15959.12
88624,13770.09
88625,14110.29
88626,15397.23
88627,21165.27
88628,20612.33
88629,12386.58
88630,8601.75
88631,9639.96
88632,10786.3
88633,17650.01
88634,11286.61
88635,7212.33
88636,12252.02
88637,15725.04
88638,7499.32
88639,14795.77
88640,14617.24
88641,15992.54
88642,11702.73
88643,7218.72
88644,17959.37
88645,11899.26
88646,9498.5
88647,9212.7
88648,9953.15
88649,16104.34
88650,10386.62
88651,10003.66
88652,11569.26
88653,7640.81
88654,15805.82
88655,9053.91
88656,9198.18
88657,11999.93
88658,15156.63
88659,10294.67
88660,16305.12
88661,5985.53
88662,9378.88
88663,10498.99
88664,12728.44
88665,8080.46
88666,17341.9
88667,12375.03
88668,16722.18
88669,10398.38
88670,12741.29
88671,22190.02
88672,4155.32
88673,9922.46
88674,16098.77
88675,21711.74
88676,8597.11
88677,17348.3
88678,11569.4
88679,16895.44
88680,13538.96
88681,16861.18
88682,8142.03
88683,19406.79
88684,18972.64
88685,13629.59
88686,5431.18
88687,13866.09
88688,8209.2
88689,12897.74
88690,5617.11
88691,9790.81
88692,9597.14
88693,15519.43
88694,16592.7
88695,10395.93
88696,16154.02
88697,8333.02
88698,4491.23
88699,15005.6
88700,17507.25
88701,14241.93
88702,8106.57
88703,10564.47
88704,16473.59
88705,15237.88
88706,7769.71
88707,7933.11
88708,16138.96
88709,12735.62
88710,7946.85
88711,11810.03
88712,12834.28
88713,9904.55
88714,7909.41
88715,15874.84
88716,21355.33
88717,4701.45
88718,11966.38
88719,7709.71
88720,12032.15
88721,17341.67
88722,14241.13
88723,11112.6
88724,20631.31
88725,11110.71
88726,11908.94
88727,16716.07
88728,8441.49
88729,21790.03
88730,18434.88
88731,11290.31
88732,9905.31
88733,11749.82
88734,11520.82
88735,22239.13
88736,9496.38
88737,6040.1
88738,4800.92
88739,22997.64
88740,8809.4
88741,9876.73
88742,11262.63
88743,16017.27
88744,17496.7
88745,15721.45
88746,13519.2
88747,11351.98
88748,13105.43
88749,11672.31
88750,8591.29
88751,12647.54
88752,7285.09
88753,15697.13
88754,5673.16
88755,6357.33
88756,11167.44
88757,12971.79
88758,9916.71
88759,17243.76
88760,9997.05
88761,18225.97
88762,18137.59
88763,33553.9
88764,16301.68
88765,17323.25
88766,2966.14
88767,16669.33
88768,11015.21
88769,10374.51
88770,10235.3
88771,6190.09
88772,11842.13
88773,17045.61
88774,8362.12
88775,7045.92
88776,11038.26
88777,13912.82
88778,19854.32
88779,16714.43
88780,8224.77
88781,11344.8
88782,18092.96
88783,12141.45
88784,11877.69
88785,14050.12
88786,27121.12
88787,15295.14
88788,9454.2
88789,16438.91
88790,15214.04
88791,12918.85
88792,8571.37
88793,12304.27
88794,13225.56
88795,7812.66
88796,13138.38
88797,7473.67
88798,19844.71
88799,9066.89
88800,7149.43
88801,15836.09
88802,11116.19
88803,17479.9
88804,8746.95
88805,17463.73
88806,17435.2
88807,13898.03
88808,11354.83
88809,9840.41
88810,10269.91
88811,16775.57
88812,9352.6
88813,9606.69
88814,7769.71
88815,13582.39
88816,17242.2
88817,17380.91
88818,16397.2
88819,8897.02
88820,11580.54
88821,12805.15
88822,13208.45
88823,16471.85
88824,17710.73
88825,7975.69
88826,15992.36
88827,10593.33
88828,8453.53
88829,19507.21
88830,19106.71
88831,9965.09
88832,7654.29
88833,14561.05
88834,12692.16
88835,13986.73
88836,16512.04
88837,11244.89
88838,13300.47
88839,18444.44
88840,11659.0
88841,22220.42
88842,25331.04
88843,11499.0
88844,9618.04
88845,9848.74
88846,13247.2
88847,11354.43
88848,18677.58
88849,11017.86
88850,9909.98
88851,18985.19
88852,12372.91
88853,14954.4
88854,9397.46
88855,7187.74
88856,14511.46
88857,15891.87
88858,12641.83
88859,3470.42
88860,8845.55
88861,10846.01
88862,11852.42
88863,9002.67
88864,12149.9
88865,12747.2
88866,11863.99
88867,11867.69
88868,20216.15
88869,11183.31
88870,15231.83
88871,15697.37
88872,9835.0
88873,36074.37
88874,11290.34
88875,9668.45
88876,2605.76
88877,18137.72
88878,13379.81
88879,13178.84
88880,16440.29
88881,6271.71
88882,11373.0
88883,12001.69
88884,11078.87
88885,13820.85
88886,19421.11
88887,16231.18
88888,20863.32
88889,14174.77
88890,20539.86
88891,18671.09
88892,13228.29
88893,9915.54
88894,13184.34
88895,10058.28
88896,11531.27
88897,10494.05
88898,16529.52
88899,12300.75
88900,7706.67
88901,10626.68
88902,18145.84
88903,11280.14
88904,18433.08
88905,9088.74
88906,22803.55
88907,6832.18
88908,24766.61
88909,7435.47
88910,13814.27
88911,17948.37
88912,11805.7
88913,11858.41
88914,12491.89
88915,9768.76
88916,13369.73
88917,14515.67
88918,5519.24
88919,12504.45
88920,7990.6
88921,7556.17
88922,26797.28
88923,8776.18
88924,12142.44
88925,8926.8
88926,15254.46
88927,6025.66
88928,7317.51
88929,13287.78
88930,15154.87
88931,22806.53
88932,10624.8
88933,11674.22
88934,11780.47
88935,12930.02
88936,19195.53
88937,14809.06
88938,17820.77
88939,9516.1
88940,3009.52
88941,11362.1
88942,15905.53
88943,17693.1
88944,8843.56
88945,6783.1
88946,12842.58
88947,6632.18
88948,9936.89
88949,19148.17
88950,12031.43
88951,6796.77
88952,12630.52
88953,14716.09
88954,10139.5
88955,12285.69
88956,11957.43
88957,18968.82
88958,12171.7
88959,17708.52
88960,9684.6
88961,12413.22
88962,18583.67
88963,11352.63
88964,11295.32
88965,15272.37
88966,14414.76
88967,16949.89
88968,10092.82
88969,9551.46
88970,17357.37
88971,10240.6
88972,19834.66
88973,14331.17
88974,13045.35
88975,10336.07
88976,18713.88
88977,18773.9
88978,11170.92
88979,14214.87
88980,10961.03
88981,16044.12
88982,9716.5
88983,17154.03
88984,9136.13
88985,14817.05
88986,10519.6
88987,20719.14
88988,11219.99
88989,9894.21
88990,11340.07
88991,15853.45
88992,9286.25
88993,10472.58
88994,16329.67
88995,10637.44
88996,12728.6
88997,20238.86
88998,11416.44
88999,16521.14
89000,11293.9
89001,17209.04
89002,8217.37
89003,11037.58
89004,7149.01
89005,9842.75
89006,16206.86
89007,13469.83
89008,7450.5
89009,11928.67
89010,9447.61
89011,11193.81
89012,5647.6
89013,24544.17
89014,20006.56
89015,8747.13
89016,11112.86
89017,7903.08
89018,16378.6
89019,7131.88
89020,10873.38
89021,20013.17
89022,8900.26
89023,16677.7
89024,19056.8
89025,10313.4
89026,20325.68
89027,10030.45
89028,14215.26
89029,14599.33
89030,11879.93
89031,7294.33
89032,16702.49
89033,10321.98
89034,7819.25
89035,16872.39
89036,16932.7
89037,16201.59
89038,9921.68
89039,14441.22
89040,21031.92
89041,9691.31
89042,15974.04
89043,13756.79
89044,14574.59
89045,8881.08
89046,9506.69
89047,13781.29
89048,10677.36
89049,9943.11
89050,14098.44
89051,22401.29
89052,36099.4
89053,17379.79
89054,16022.14
89055,13709.73
89056,16827.28
89057,16354.75
89058,9606.58
89059,9422.57
89060,7380.22
89061,6426.05
89062,22635.21
89063,10365.02
89064,13514.52
89065,10666.81
89066,11262.35
89067,9267.93
89068,7186.53
89069,15748.81
89070,6219.34
89071,8276.56
89072,7861.96
89073,11000.58
89074,18929.9
89075,9421.27
89076,11495.0
89077,10066.88
89078,7576.46
89079,15988.56
89080,12343.75
89081,19709.9
89082,16787.3
89083,19515.68
89084,17342.7
89085,9820.47
89086,2328.82
89087,26521.94
89088,13047.7
89089,10732.56
89090,11293.75
89091,12149.93
89092,13370.45
89093,14023.09
89094,5386.62
89095,18723.09
89096,16035.12
89097,7056.08
89098,16608.67
89099,25913.08
89100,11169.41
89101,17355.21
89102,4488.4
89103,7779.99
89104,6250.04
89105,2816.95
89106,10487.75
89107,8662.2
89108,19684.19
89109,6739.92
89110,7070.86
89111,19906.44
89112,14187.36
89113,11083.31
89114,13458.83
89115,16469.0
89116,7994.28
89117,15617.36
89118,9795.42
89119,7840.97
89120,10756.81
89121,7186.46
89122,15522.94
89123,11601.13
89124,11265.26
89125,9809.53
89126,9770.04
89127,5749.51
89128,11713.63
89129,11394.92
89130,10301.01
89131,9661.58
89132,5436.11
89133,6625.1
89134,13989.87
89135,14174.23
89136,10649.14
89137,13587.16
89138,11120.98
89139,14408.62
89140,16714.43
89141,24774.37
89142,9568.24
89143,18437.34
89144,13151.72
89145,7686.67
89146,17263.31
89147,11271.62
89148,11380.19
89149,7666.51
89150,16731.95
89151,9519.15
89152,15311.7
89153,20407.56
89154,17848.45
89155,7484.45
89156,13755.04
89157,18087.2
89158,14828.82
89159,20802.2
89160,13410.01
89161,16756.51
89162,16690.14
89163,14899.4
89164,19228.81
89165,7492.29
89166,13609.59
89167,13105.61
89168,18333.45
89169,15824.85
89170,12282.76
89171,21399.8
89172,10756.81
89173,19705.22
89174,13701.74
89175,12761.97
89176,13409.16
89177,9851.38
89178,8391.08
89179,16358.03
89180,14198.35
89181,11377.39
89182,17309.91
89183,12365.61
89184,10817.45
89185,15279.2
89186,16587.44
89187,16383.54
89188,12704.52
89189,16207.47
89190,9381.63
89191,14355.42
89192,21800.59
89193,12728.57
89194,9131.02
89195,11205.64
89196,6565.46
89197,13841.91
89198,16059.27
89199,6554.8
89200,10412.23
89201,13022.76
89202,21357.38
89203,10791.69
89204,8589.89
89205,5434.04
89206,5491.2
89207,13331.2
89208,3745.88
89209,14736.9
89210,9589.2
89211,13072.48
89212,7047.1
89213,15559.66
89214,16180.78
89215,10388.7
89216,7647.83
89217,10892.62
89218,11450.95
89219,6140.48
89220,9593.31
89221,8382.1
89222,14403.55
89223,16755.87
89224,14501.13
89225,14646.0
89226,6564.21
89227,9364.09
89228,13384.23
89229,17413.83
89230,14805.88
89231,16528.74
89232,9782.69
89233,5574.23
89234,17769.64
89235,16661.27
89236,11883.32
89237,15233.93
89238,36239.89
89239,17339.12
89240,8155.94
89241,16690.55
89242,18663.03
89243,7957.69
89244,14084.51
89245,18465.92
89246,20454.96
89247,7668.58
89248,7103.81
89249,11108.06
89250,13803.93
89251,20091.84
89252,14141.64
89253,18582.96
89254,17348.32
89255,13871.56
89256,15501.67
89257,16570.55
89258,11341.71
89259,10403.41
89260,16233.63
89261,10257.97
89262,25227.24
89263,16914.81
89264,12684.8
89265,8561.24
89266,10039.4
89267,5976.69
89268,19406.95
89269,15264.32
89270,15274.71
89271,18671.39
89272,10845.89
89273,9852.39
89274,17593.19
89275,6548.56
89276,7766.02
89277,11812.92
89278,12989.11
89279,9717.45
89280,11107.04
89281,19070.76
89282,21657.6
89283,13125.24
89284,7951.0
89285,15140.82
89286,10538.13
89287,11131.86
89288,21125.85
89289,18628.68
89290,8501.5
89291,7781.45
89292,10775.45
89293,15476.55
89294,9476.4
89295,10562.29
89296,13818.84
89297,20384.6
89298,8678.26
89299,20663.42
89300,20328.09
89301,16097.07
89302,9802.71
89303,16319.39
89304,11493.77
89305,15731.86
89306,14526.87
89307,9404.19
89308,21241.69
89309,19874.06
89310,9723.07
89311,14995.76
89312,6450.26
89313,9865.76
89314,11257.97
89315,14864.33
89316,8910.37
89317,20640.98
89318,9174.31
89319,7500.72
89320,14065.76
89321,9293.78
89322,2560.3
89323,6634.54
89324,5419.78
89325,9840.58
89326,16572.02
89327,16242.72
89328,9648.0
89329,17915.87
89330,10658.95
89331,10028.32
89332,7336.27
89333,7755.3
89334,12697.35
89335,16326.66
89336,11760.54
89337,9908.06
89338,22872.6
89339,17806.24
89340,8428.89
89341,13674.3
89342,10202.52
89343,18494.26
89344,17931.8
89345,12515.14
89346,11444.3
89347,21693.82
89348,8332.52
89349,11997.26
89350,11448.37
89351,12042.0
89352,5021.46
89353,14961.96
89354,13028.34
89355,9878.67
89356,13526.61
89357,9823.98
89358,12020.63
89359,16490.83
89360,7355.7
89361,13222.55
89362,10776.64
89363,8898.57
89364,17571.63
89365,13889.07
89366,14680.97
89367,9265.27
89368,10653.2
89369,8366.93
89370,25318.09
89371,16175.45
89372,10957.05
89373,13791.17
89374,16348.01
89375,11590.98
89376,8164.86
89377,11400.63
89378,10816.27
89379,9473.67
89380,11493.07
89381,6871.89
89382,10644.25
89383,11201.94
89384,17327.26
89385,9859.45
89386,17280.78
89387,8280.28
89388,13878.04
89389,10059.04
89390,7363.66
89391,13244.33
89392,15116.15
89393,7548.19
89394,12911.94
89395,8904.72
89396,16708.39
89397,12100.42
89398,12725.91
89399,9577.28
89400,13902.63
89401,11532.16
89402,13054.03
89403,10742.28
89404,4598.61
89405,9916.61
89406,18123.95
89407,30914.33
89408,9833.78
89409,11996.36
89410,12678.52
89411,7508.54
89412,10786.72
89413,6510.25
89414,24913.17
89415,9050.0
89416,15739.6
89417,13536.72
89418,10959.11
89419,14602.09
89420,13532.35
89421,9983.76
89422,14723.36
89423,11325.94
89424,15122.35
89425,2905.18
89426,13220.57
89427,14355.37
89428,10327.46
89429,13811.21
89430,22078.82
89431,11805.34
89432,17891.46
89433,7147.09
89434,9449.25
89435,21439.51
89436,17922.03
89437,7710.49
89438,17014.88
89439,17104.13
89440,8250.34
89441,8995.02
89442,11001.15
89443,7986.74
89444,21691.4
89445,9312.94
89446,18972.82
89447,16353.65
89448,11486.66
89449,9193.58
89450,9608.72
89451,6477.45
89452,10581.36
89453,13897.7
89454,5734.18
89455,19976.55
89456,14098.67
89457,6423.88
89458,10827.92
89459,14191.74
89460,8018.24
89461,8612.84
89462,5233.98
89463,7464.73
89464,17512.76
89465,14184.31
89466,6617.25
89467,13344.72
89468,11180.75
89469,11181.46
89470,10123.13
89471,11597.73
89472,30223.3
89473,17217.97
89474,7194.97
89475,14471.72
89476,15117.33
89477,14402.08
89478,7832.53
89479,6938.47
89480,34503.58
89481,9646.58
89482,13635.12
89483,8594.26
89484,9279.69
89485,12315.65
89486,7019.83
89487,9635.59
89488,10695.92
89489,7666.58
89490,21342.92
89491,7819.84
89492,7705.5
89493,10750.87
89494,11440.96
89495,7568.76
89496,8334.42
89497,39294.9
89498,18523.49
89499,8244.59
89500,9801.19
89501,8358.76
89502,14763.68
89503,7654.73
89504,20727.68
89505,7676.74
89506,17839.83
89507,21708.01
89508,9305.04
89509,9807.31
89510,6866.04
89511,7855.51
89512,9512.63
89513,10367.3
89514,25202.41
89515,8365.78
89516,14364.79
89517,7299.38
89518,8891.69
89519,16019.51
89520,5357.76
89521,8108.25
89522,6870.89
89523,9857.26
89524,8910.48
89525,7569.07
89526,7794.15
89527,14773.1
89528,16197.59
89529,18763.59
89530,9852.14
89531,17069.33
89532,9333.03
89533,20628.29
89534,10086.25
89535,22436.01
89536,7224.74
89537,13937.7
89538,14485.81
89539,7008.11
89540,15367.53
89541,7912.69
89542,7877.78
89543,18198.55
89544,7576.56
89545,13596.21
89546,15108.56
89547,15736.67
89548,14841.27
89549,15557.23
89550,17487.74
89551,7416.54
89552,13937.34
89553,17823.28
89554,13375.11
89555,24354.39
89556,8557.63
89557,10277.34
89558,14720.48
89559,16862.5
89560,14468.44
89561,14681.95
89562,10606.28
89563,21239.06
89564,12630.91
89565,18112.1
89566,13691.15
89567,2705.57
89568,17516.81
89569,19273.13
89570,7299.38
89571,11109.56
89572,15784.52
89573,7588.75
89574,4630.17
89575,6458.81
89576,8763.52
89577,3042.15
89578,17778.41
89579,15749.87
89580,16642.45
89581,6859.83
89582,4665.38
89583,9302.54
89584,7331.98
89585,16806.39
89586,7944.33
89587,11887.91
89588,7408.36
89589,11051.97
89590,6008.43
89591,19686.78
89592,6393.08
89593,7803.15
89594,17516.02
89595,6065.15
89596,9605.29
89597,13553.38
89598,7029.15
89599,7384.27
89600,18291.99
89601,13525.32
89602,23123.81
89603,19838.01
89604,7335.62
89605,14715.17
89606,15425.17
89607,8408.33
89608,14337.27
89609,17215.21
89610,7066.39
89611,13559.44
89612,7337.72
89613,15769.45
89614,13734.37
89615,5000.48
89616,9296.87
89617,12077.3
89618,15327.2
89619,8494.52
89620,17054.42
89621,8758.32
89622,16386.76
89623,7598.34
89624,8889.96
89625,7612.9
89626,24522.63
89627,11735.71
89628,8433.16
89629,7810.75
89630,20324.97
89631,34382.64
89632,10197.83
89633,9072.23
89634,7160.66
89635,16700.86
89636,8121.9
89637,6004.86
89638,19302.66
89639,9077.95
89640,14714.83
89641,9916.21
89642,16943.29
89643,7803.82
89644,15450.39
89645,7861.62
89646,28983.94
89647,10926.76
89648,9674.17
89649,12194.05
89650,14329.9
89651,17690.08
89652,12985.41
89653,8893.81
89654,16019.05
89655,12803.23
89656,15874.32
89657,15655.72
89658,8583.22
89659,9818.26
89660,8665.36
89661,15944.42
89662,15144.61
89663,11395.96
89664,17994.23
89665,19867.06
89666,7521.91
89667,10504.38
89668,8090.39
89669,7491.74
89670,9416.31
89671,6917.77
89672,6699.28
89673,15391.13
89674,15776.22
89675,9331.43
89676,32858.09
89677,9516.23
89678,17776.29
89679,17050.7
89680,14104.99
89681,9797.38
89682,7386.66
89683,8996.96
89684,8948.32
89685,16097.59
89686,12186.19
89687,34359.06
89688,4394.65
89689,16265.67
89690,8087.17
89691,14937.32
89692,6844.25
89693,7775.92
89694,14159.53
89695,6403.59
89696,24324.02
89697,17664.16
89698,14813.18
89699,7274.58
89700,6993.87
89701,8233.99
89702,6775.32
89703,20550.39
89704,13261.27
89705,13290.6
89706,19990.18
89707,10959.71
89708,18102.69
89709,14034.3
89710,10033.8
89711,8629.21
89712,7841.85
89713,12942.68
89714,12498.58
89715,6638.34
89716,15781.82
89717,6772.35
89718,8883.68
89719,19026.52
89720,16028.07
89721,9362.69
89722,7363.14
89723,15624.97
89724,22495.38
89725,7984.55
89726,9096.99
89727,24518.02
89728,21503.04
89729,9067.37
89730,14306.97
89731,15292.01
89732,3101.19
89733,15961.52
89734,14945.25
89735,12053.62
89736,14986.36
89737,9542.62
89738,7072.83
89739,17637.23
89740,18459.7
89741,7609.27
89742,6167.87
89743,16087.72
89744,18386.42
89745,20587.41
89746,15404.17
89747,14144.22
89748,21837.46
89749,8847.52
89750,8101.7
89751,9956.93
89752,7708.48
89753,11243.0
89754,24098.4
89755,18691.05
89756,8463.04
89757,7493.27
89758,15338.95
89759,8719.32
89760,8518.22
89761,12271.13
89762,7425.99
89763,15195.38
89764,14879.27
89765,14893.18
89766,14709.77
89767,7090.13
89768,8287.3
89769,7943.2
89770,6558.44
89771,15770.43
89772,8725.54
89773,19516.97
89774,19264.2
89775,21041.75
89776,13724.04
89777,13552.3
89778,16072.3
89779,14276.08
89780,34510.24
89781,21015.67
89782,14418.61
89783,9031.9
89784,10146.52
89785,8478.03
89786,16628.56
89787,19458.05
89788,6860.37
89789,15117.32
89790,4589.09
89791,9642.99
89792,5524.43
89793,6972.14
89794,9124.73
89795,25330.77
89796,4387.11
89797,8191.4
89798,7785.15
89799,17532.41
89800,9578.61
89801,6870.41
89802,15524.19
89803,10504.73
89804,12044.63
89805,14260.97
89806,5479.35
89807,9883.33
89808,12157.17
89809,24744.77
89810,8716.8
89811,8473.14
89812,16326.71
89813,5360.84
89814,15872.81
89815,7852.71
89816,7062.26
89817,9564.68
89818,6107.99
89819,20697.36
89820,26371.58
89821,14909.59
89822,18805.48
89823,11024.07
89824,11305.48
89825,9057.13
89826,8368.81
89827,10507.74
89828,10272.06
89829,17394.2
89830,21341.67
89831,13967.22
89832,9895.77
89833,20125.49
89834,7794.15
89835,20637.49
89836,16022.16
89837,8882.49
89838,17942.33
89839,9235.51
89840,8946.14
89841,15224.35
89842,19439.41
89843,10935.47
89844,14277.15
89845,13748.43
89846,8964.24
89847,14434.2
89848,17323.65
89849,9625.36
89850,8972.7
89851,6719.93
89852,5860.91
89853,5397.48
89854,10950.71
89855,11664.95
89856,9365.65
89857,8837.74
89858,13199.89
89859,19385.52
89860,5344.84
89861,8105.69
89862,4738.76
89863,14179.02
89864,14251.6
89865,6055.64
89866,14940.79
89867,14616.51
89868,13741.48
89869,9503.29
89870,7019.83
89871,10256.26
89872,5943.88
89873,7886.48
89874,14002.32
89875,16096.7
89876,10988.32
89877,8146.1
89878,19790.11
89879,6596.32
89880,13073.95
89881,14042.25
89882,15542.39
89883,5231.4
89884,7489.59
89885,6829.42
89886,17514.82
89887,18213.58
89888,8741.65
89889,19915.24
89890,9534.39
89891,6733.3
89892,22010.09
89893,8186.64
89894,24886.36
89895,9119.51
89896,9875.05
89897,18173.34
89898,9292.71
89899,16296.19
89900,15306.39
89901,7551.06
89902,7436.16
89903,11601.19
89904,8976.7
89905,6696.35
89906,17896.77
89907,9295.89
89908,13186.78
89909,16121.66
89910,7142.5
89911,10137.12
89912,9085.43
89913,10507.45
89914,34229.33
89915,9262.19
89916,14728.11
89917,20853.89
89918,6543.41
89919,6838.37
89920,8349.7
89921,7016.82
89922,17920.41
89923,10534.68
89924,7545.09
89925,8643.72
89926,32325.87
89927,9568.15
89928,14808.61
89929,9499.94
89930,13614.82
89931,10005.43
89932,19391.05
89933,18992.01
89934,8316.05
89935,15997.82
89936,7124.31
89937,11092.31
89938,13534.39
89939,12874.15
89940,20926.03
89941,23626.57
89942,24927.61
89943,11879.15
89944,14354.9
89945,9687.94
89946,14205.58
89947,12274.98
89948,15685.03
89949,11735.71
89950,18911.76
89951,6795.3
89952,24518.02
89953,6818.08
89954,12899.76
89955,9524.17
89956,15113.37
89957,10425.77
89958,18100.48
89959,10732.99
89960,8738.17
89961,11953.0
89962,20086.13
89963,14541.7
89964,7005.79
89965,8724.67
89966,15921.35
89967,7759.04
89968,7128.7
89969,10149.96
89970,13448.08
89971,11451.79
89972,15164.06
89973,8217.57
89974,4613.13
89975,7417.63
89976,8600.17
89977,7648.98
89978,8177.88
89979,22952.11
89980,5032.42
89981,6054.71
89982,17045.36
89983,12883.75
89984,6575.51
89985,8205.31
89986,9616.96
89987,10629.62
89988,16296.74
89989,16409.76
89990,19320.43
89991,13978.83
89992,7675.92
89993,10531.45
89994,8569.33
89995,25397.36
89996,15480.99
89997,8570.95
89998,17972.9
89999,6509.1
90000,5978.3
90001,11996.17
90002,15035.01
90003,12283.31
90004,6402.05
90005,21773.97
90006,11760.39
90007,16443.98
90008,22934.67
90009,8119.65
90010,9172.06
90011,5659.94
90012,8001.92
90013,23909.16
90014,17302.24
90015,9057.74
90016,16229.99
90017,6810.34
90018,24411.48
90019,7560.08
90020,15648.31
90021,14536.82
90022,12752.61
90023,7346.45
90024,23151.54
90025,6050.75
90026,7262.76
90027,6349.51
90028,14917.14
90029,8946.02
90030,5334.64
90031,24305.47
90032,6545.47
90033,10143.23
90034,14827.45
90035,12344.65
90036,7079.63
90037,10671.67
90038,8329.49
90039,6994.12
90040,13168.35
90041,14643.81
90042,11738.87
90043,9352.44
90044,8431.89
90045,6545.89
90046,7778.72
90047,13777.77
90048,8739.34
90049,9276.2
90050,9890.51
90051,8286.23
90052,21323.61
90053,15032.45
90054,12437.23
90055,9373.64
90056,16595.73
90057,11268.5
90058,6911.63
90059,25713.47
90060,11711.52
90061,7144.96
90062,12121.34
90063,6498.33
90064,12705.09
90065,4229.24
90066,9770.7
90067,12001.77
90068,14863.81
90069,19495.76
90070,9127.14
90071,13127.75
90072,7138.88
90073,17955.84
90074,8448.5
90075,9574.24
90076,16367.04
90077,9024.71
90078,3053.84
90079,17839.17
90080,6595.82
90081,11247.56
90082,34373.8
90083,7191.42
90084,10678.61
90085,6498.01
90086,8403.98
90087,18694.14
90088,7657.11
90089,23898.46
90090,8909.1
90091,9308.05
90092,25653.48
90093,22186.88
90094,8715.63
90095,16783.12
90096,4508.98
90097,21557.43
90098,19323.23
90099,8024.74
90100,7152.08
90101,14554.88
90102,11485.38
90103,6135.83
90104,9264.74
90105,6220.21
90106,14408.12
90107,10382.83
90108,16465.65
90109,3438.12
90110,6104.46
90111,15952.99
90112,8980.13
90113,9255.42
90114,21694.27
90115,15549.8
90116,10387.35
90117,14390.96
90118,8096.02
90119,9305.41
90120,9102.33
90121,9462.91
90122,13613.12
90123,6230.12
90124,4212.04
90125,34572.31
90126,16302.72
90127,12740.63
90128,13146.38
90129,10914.32
90130,14272.05
90131,9397.83
90132,9069.01
90133,12455.18
90134,13251.38
90135,7009.1
90136,20452.67
90137,8652.02
90138,20065.13
90139,17602.68
90140,5236.14
90141,6390.97
90142,21343.19
90143,14362.19
90144,14395.94
90145,24196.35
90146,6116.26
90147,15755.22
90148,22308.44
90149,21708.01
90150,7334.11
90151,7338.53
90152,13422.16
90153,9332.71
90154,12902.59
90155,5554.82
90156,10205.11
90157,12905.84
90158,14796.24
90159,13751.46
90160,15878.99
90161,13566.57
90162,13193.28
90163,18458.27
90164,14581.85
90165,8189.63
90166,12280.9
90167,13085.4
90168,7474.3
90169,14466.72
90170,7467.33
90171,7585.36
90172,14779.86
90173,20594.18
90174,8330.1
90175,17100.66
90176,34172.48
90177,8696.39
90178,7578.62
90179,14367.1
90180,10099.01
90181,21807.25
90182,15173.17
90183,15890.89
90184,15682.94
90185,8742.72
90186,7135.11
90187,10434.04
90188,6571.83
90189,10766.34
90190,16090.78
90191,11025.74
90192,15325.46
90193,12087.89
90194,19726.56
90195,9498.99
90196,6672.23
90197,8215.62
90198,9499.22
90199,26163.15
90200,6819.38
90201,8669.82
90202,8076.12
90203,16388.76
90204,2756.7
90205,21662.17
90206,14434.72
90207,10774.65
90208,7488.02
90209,12013.22
90210,15202.41
90211,15600.03
90212,5676.73
90213,6329.31
90214,15423.33
90215,5592.8
90216,7620.8
90217,15718.01
90218,10130.39
90219,20759.12
90220,12077.3
90221,15903.79
90222,10214.16
90223,22889.27
90224,11664.92
90225,17285.17
90226,14879.8
90227,14022.57
90228,14564.23
90229,8944.55
90230,16995.79
90231,8375.6
90232,11607.13
90233,8180.58
90234,5790.71
90235,10974.32
90236,8595.03
90237,8083.04
90238,18956.37
90239,7056.54
90240,14137.99
90241,8124.86
90242,16565.07
90243,29948.83
90244,7679.12
90245,15099.17
90246,13213.36
90247,16078.72
90248,24889.09
90249,11298.05
90250,6577.67
90251,7111.4
90252,18333.05
90253,7740.19
90254,4589.2
90255,21475.31
90256,7708.29
90257,7692.86
90258,10551.84
90259,14217.72
90260,15262.68
90261,12751.02
90262,6454.37
90263,13099.73
90264,15266.89
90265,9340.04
90266,6872.15
90267,8187.13
90268,8199.77
90269,8720.79
90270,18396.38
90271,6975.83
90272,18843.05
90273,16151.71
90274,9200.96
90275,7997.98
90276,11614.08
90277,6950.26
90278,14550.97
90279,10445.78
90280,10296.91
90281,13305.93
90282,7005.77
90283,14799.97
90284,14098.54
90285,14654.15
90286,7920.49
90287,22181.1
90288,9377.54
90289,11926.95
90290,14145.58
90291,14336.24
90292,8289.5
90293,4652.24
90294,17778.93
90295,18308.78
90296,7398.05
90297,6725.22
90298,10353.03
90299,21043.35
90300,13449.97
90301,7662.53
90302,21670.98
90303,13635.42
90304,14145.13
90305,7194.13
90306,14468.5
90307,7681.31
90308,7603.2
90309,5492.01
90310,16564.8
90311,9945.74
90312,13104.88
90313,9976.48
90314,5472.38
90315,8625.79
90316,15920.04
90317,12181.9
90318,14729.24
90319,6988.67
90320,8907.48
90321,8478.03
90322,7923.42
90323,5004.6
90324,12089.01
90325,2998.0
90326,19391.05
90327,8132.39
90328,19194.45
90329,8764.73
90330,17251.2
90331,10194.59
90332,13147.62
90333,9302.54
90334,9269.41
90335,15624.37
90336,17649.05
90337,8254.05
90338,11979.35
90339,13704.0
90340,8599.77
90341,17082.62
90342,14742.17
90343,14601.31
90344,11837.21
90345,7055.95
90346,7086.0
90347,5805.87
90348,9720.78
90349,16013.9
90350,24385.4
90351,9220.17
90352,7669.71
90353,4952.57
90354,6860.36
90355,7553.1
90356,12816.16
90357,14970.2
90358,16303.48
90359,14029.25
90360,14385.14
90361,13029.8
90362,16162.23
90363,11148.04
90364,12271.64
90365,13647.6
90366,14870.22
90367,9098.4
90368,10382.83
90369,8098.39
90370,9231.08
90371,6734.58
90372,10706.21
90373,27761.79
90374,24896.27
90375,20962.31
90376,15110.36
90377,8495.21
90378,16249.21
90379,11656.88
90380,10326.79
90381,15549.8
90382,25496.64
90383,7849.97
90384,33947.49
90385,11626.8
90386,9873.02
90387,9311.03
90388,4960.62
90389,7424.46
90390,15436.68
90391,21962.24
90392,7876.12
90393,18463.59
90394,32539.93
90395,12943.54
90396,7771.74
90397,15988.8
90398,16298.67
90399,15390.03
90400,8284.63
90401,15983.97
90402,9196.2
90403,14962.86
90404,18843.05
90405,8675.45
90406,18503.62
90407,22755.43
90408,23866.5
90409,14092.52
90410,21708.01
90411,16660.62
90412,7596.12
90413,10611.7
90414,14807.26
90415,10988.61
90416,18683.84
90417,18507.25
90418,8528.49
90419,12314.64
90420,15124.72
90421,12775.6
90422,15660.8
90423,19549.97
90424,20112.58
90425,17394.2
90426,12494.33
90427,9605.29
90428,7203.24
90429,15292.15
90430,8059.64
90431,15636.44
90432,12046.77
90433,5615.73
90434,6244.76
90435,12990.14
90436,21924.95
90437,7962.41
90438,7613.43
90439,22755.43
90440,15757.49
90441,7609.6
90442,14275.31
90443,14277.67
90444,14114.05
90445,10136.06
90446,4215.92
90447,7105.99
90448,18795.06
90449,14915.62
90450,20897.21
90451,32256.18
90452,13691.84
90453,14425.66
90454,15995.71
90455,13120.86
90456,9516.13
90457,8156.2
90458,27420.97
90459,8229.88
90460,16065.39
90461,9292.89
90462,10490.08
90463,11421.22
90464,6565.86
90465,12149.82
90466,10006.32
90467,16006.23
90468,6952.14
90469,5261.16
90470,17144.93
90471,16502.04
90472,5410.39
90473,7984.82
90474,10996.93
90475,8712.26
90476,8966.89
90477,15396.69
90478,5742.31
90479,9567.49
90480,7106.98
90481,16534.89
90482,14873.85
90483,11443.05
90484,19906.45
90485,36638.54
90486,3517.09
90487,5881.15
90488,16143.54
90489,12736.84
90490,6872.65
90491,12840.95
90492,14466.19
90493,9225.45
90494,8606.59
90495,9055.28
90496,7547.46
90497,15551.74
90498,8023.39
90499,6966.93
90500,13041.8
90501,7912.22
90502,15004.0
90503,10417.07
90504,13492.35
90505,22980.76
90506,7865.84
90507,16123.13
90508,7639.27
90509,5697.94
90510,7308.03
90511,17398.05
90512,9046.13
90513,16217.01
90514,16277.23
90515,7829.91
90516,21409.99
90517,8911.12
90518,13770.27
90519,32233.45
90520,6246.56
90521,14496.36
90522,13488.66
90523,7914.11
90524,19557.35
90525,18173.35
90526,14935.59
90527,16989.17
90528,13786.26
90529,14005.5
90530,11058.52
90531,14309.7
90532,21103.02
90533,10544.8
90534,21859.65
90535,4685.98
90536,11589.92
90537,5932.91
90538,16226.76
90539,14962.88
90540,8737.59
90541,17269.33
90542,16445.9
90543,16117.36
90544,7489.17
90545,13438.29
90546,7178.53
90547,16090.78
90548,14110.09
90549,15137.83
90550,9513.56
90551,18197.65
90552,7830.62
90553,24258.9
90554,7014.26
90555,8789.46
90556,15897.86
90557,7553.75
90558,21326.38
90559,32370.7
90560,16722.57
90561,15426.95
90562,16616.98
90563,13786.93
90564,15010.77
90565,22194.7
90566,11683.83
90567,14190.6
90568,19737.31
90569,14911.73
90570,11262.15
90571,12006.81
90572,8043.3
90573,16095.4
90574,11629.56
90575,7492.89
90576,21610.86
90577,18857.33
90578,8896.57
90579,19553.36
90580,11850.62
90581,12915.3
90582,11053.59
90583,10391.78
90584,8926.95
90585,15278.69
90586,17153.13
90587,7257.43
90588,10531.49
90589,13840.72
90590,14291.07
90591,7841.05
90592,13111.33
90593,13052.95
90594,24734.41
90595,10116.86
90596,14233.52
90597,14536.42
90598,8836.76
90599,8727.8
90600,9303.78
90601,16692.31
90602,8156.78
90603,10425.15
90604,11124.07
90605,13733.57
90606,18204.94
90607,15475.39
90608,10372.2
90609,13235.25
90610,14740.74
90611,12899.76
90612,21124.03
90613,15394.69
90614,13834.08
90615,9177.83
90616,13838.94
90617,8256.16
90618,13933.36
90619,12501.63
90620,5978.36
90621,7389.77
90622,6987.41
90623,11996.17
90624,13392.57
90625,7220.45
90626,18395.71
90627,6840.87
90628,4543.62
90629,15303.66
90630,15809.82
90631,7417.66
90632,7828.63
90633,17217.97
90634,24959.77
90635,16815.74
90636,7129.55
90637,15944.38
90638,6228.79
90639,11093.11
90640,14879.51
90641,9639.35
90642,7618.51
90643,14889.76
90644,5899.46
90645,6877.92
90646,15353.39
90647,33991.82
90648,18264.52
90649,5896.84
90650,21866.66
90651,7810.71
90652,14485.11
90653,6677.17
90654,15790.06
90655,16197.76
90656,19262.28
90657,9338.16
90658,15691.73
90659,17219.83
90660,7568.07
90661,7532.77
90662,18137.32
90663,8065.04
90664,13397.36
90665,6476.04
90666,18057.88
90667,20431.52
90668,7089.54
90669,13176.29
90670,16386.03
90671,10376.15
90672,9852.14
90673,7249.6
90674,13318.49
90675,8135.21
90676,7058.26
90677,22472.39
90678,13706.77
90679,14403.15
90680,16368.51
90681,15109.11
90682,18697.43
90683,13461.71
90684,13810.69
90685,9803.46
90686,8397.82
90687,18451.56
90688,21337.11
90689,7552.3
90690,14115.06
90691,32541.51
90692,6836.67
90693,15872.38
90694,7509.93
90695,11558.28
90696,14046.11
90697,16446.78
90698,12768.58
90699,8412.26
90700,7935.8
90701,32886.4
90702,8284.32
90703,9373.78
90704,22404.92
90705,10832.95
90706,11851.75
90707,12753.97
90708,14153.05
90709,9101.86
90710,6483.68
90711,12334.38
90712,13579.09
90713,21257.41
90714,11216.42
90715,16436.33
90716,16133.64
90717,7339.85
90718,15753.93
90719,14088.24
90720,16248.85
90721,10568.22
90722,9605.29
90723,13455.16
90724,14094.07
90725,16183.24
90726,8091.31
90727,6865.57
90728,8429.39
90729,16473.71
90730,6509.94
90731,16831.64
90732,14066.55
90733,9075.1
90734,14118.09
90735,13601.19
90736,8648.22
90737,6818.64
90738,8453.03
90739,13838.54
90740,8524.67
90741,15323.96
90742,3399.31
90743,9997.67
90744,6183.2
90745,7201.29
90746,14554.26
90747,23888.54
90748,6849.05
90749,24077.53
90750,13129.58
90751,9771.66
90752,14259.65
90753,17236.24
90754,8162.07
90755,13580.05
90756,9618.0
90757,8084.51
90758,15084.96
90759,23939.67
90760,17717.98
90761,15721.76
90762,4818.85
90763,8770.93
90764,7464.36
90765,21449.42
90766,17140.11
90767,5693.22
90768,29691.49
90769,16055.52
90770,24182.69
90771,24898.87
90772,7144.46
90773,12106.06
90774,9350.99
90775,11594.72
90776,7532.92
90777,8551.86
90778,8869.51
90779,8134.08
90780,15717.09
90781,7651.7
90782,8335.61
90783,19280.56
90784,23214.9
90785,10932.91
90786,7230.06
90787,14451.64
90788,19762.24
90789,21783.24
90790,6774.7
90791,17880.23
90792,14235.61
90793,8236.77
90794,17455.23
90795,8845.34
90796,23188.78
90797,5685.55
90798,7594.13
90799,14797.96
90800,7481.56
90801,16701.75
90802,19783.04
90803,16665.38
90804,17842.38
90805,12688.91
90806,9296.6
90807,15246.45
90808,15524.19
90809,7584.65
90810,7468.42
90811,14884.55
90812,6118.67
90813,13851.39
90814,6625.21
90815,9182.21
90816,7541.38
90817,15286.52
90818,32397.1
90819,14064.44
90820,10511.23
90821,15657.35
90822,11958.09
90823,10549.81
90824,8796.92
90825,6094.16
90826,19022.06
90827,9967.27
90828,15922.96
90829,14213.35
90830,2038.4
90831,7613.65
90832,15406.38
90833,6184.22
90834,21851.68
90835,19341.11
90836,9340.58
90837,17682.79
90838,6338.96
90839,6492.56
90840,16414.25
90841,11664.42
90842,21608.25
90843,13387.78
90844,8593.2
90845,10599.81
90846,15291.41
90847,15635.58
90848,10258.81
90849,9206.77
90850,13665.28
90851,6092.94
90852,16193.95
90853,14171.67
90854,10078.75
90855,8822.52
90856,15500.63
90857,12435.15
90858,16181.69
90859,7861.87
90860,15806.44
90861,15384.14
90862,4330.73
90863,11480.05
90864,9120.23
90865,15048.91
90866,18727.78
90867,5497.31
90868,21928.53
90869,22143.15
90870,10440.42
90871,6591.26
90872,31367.58
90873,19159.08
90874,6718.04
90875,25370.58
90876,20944.72
90877,15714.18
90878,23939.67
90879,11059.95
90880,12070.8
90881,15135.5
90882,16382.88
90883,8057.28
90884,8688.58
90885,6870.31
90886,6287.65
90887,15222.02
90888,9605.29
90889,13071.41
90890,14306.45
90891,24699.29
90892,10250.2
90893,18742.24
90894,19001.8
90895,18223.72
90896,30421.63
90897,16723.71
90898,13038.83
90899,20586.86
90900,10459.46
90901,15956.64
90902,51847.91
90903,31243.19
90904,22295.35
90905,22246.74
90906,20104.04
90907,15131.2
90908,23022.36
90909,31730.78
90910,18896.83
90911,25526.96
90912,27446.64
90913,19332.08
90914,23946.28
90915,18731.13
90916,20892.08
90917,31383.23
90918,29649.47
90919,12831.94
90920,13513.24
90921,36681.38
90922,23800.36
90923,28664.6
90924,14280.01
90925,19704.8
90926,16575.39
90927,39376.22
90928,36095.87
90929,18915.99
90930,23274.14
90931,21617.86
90932,39356.51
90933,17840.04
90934,24944.68
90935,29086.22
90936,19345.06
90937,25202.24
90938,29947.48
90939,20469.25
90940,16941.68
90941,40008.81
90942,43773.61
90943,31629.31
90944,32725.01
90945,25104.46
90946,18893.01
90947,13272.48
90948,15744.9
90949,13961.93
90950,22591.93
90951,26634.17
90952,30838.89
90953,26923.92
90954,46346.64
90955,22942.21
90956,22776.21
90957,15865.0
90958,29318.56
90959,17757.42
90960,15131.95
90961,55177.75
90962,30895.13
90963,18358.87
90964,15766.06
90965,41234.9
90966,45694.73
90967,21030.76
90968,14065.81
90969,19736.64
90970,30382.53
90971,27585.49
90972,10090.91
90973,22760.15
90974,19282.54
90975,36989.94
90976,27612.66
90977,18962.98
90978,12474.22
90979,22384.78
90980,24338.28
90981,37811.56
90982,20462.6
90983,18446.47
90984,35718.68
90985,18353.78
90986,23853.88
90987,13896.78
90988,16033.24
90989,32584.96
90990,19332.11
90991,50422.69
90992,45747.21
90993,22282.98
90994,31944.01
90995,14104.62
90996,7003.67
90997,23901.21
90998,11250.34
90999,19769.74
91000,31436.43
91001,25120.39
91002,37425.67
91003,20592.44
91004,19789.93
91005,52265.44
91006,56838.27
91007,24373.27
91008,23851.36
91009,34076.66
91010,21504.57
91011,22389.39
91012,14119.5
91013,42958.35
91014,29386.06
91015,30465.96
91016,16909.15
91017,19936.58
91018,24083.44
91019,15568.68
91020,12543.77
91021,26410.72
91022,44915.44
91023,27085.66
91024,24049.57
91025,25925.43
91026,15519.07
91027,27653.56
91028,22659.17
91029,19880.14
91030,28375.75
91031,28937.28
91032,22436.75
91033,31424.73
91034,10956.87
91035,34463.28
91036,30911.59
91037,16871.36
91038,26092.51
91039,35258.02
91040,18792.33
91041,19909.56
91042,30459.3
91043,24894.23
91044,22443.59
91045,16581.21
91046,16571.01
91047,22088.8
91048,31222.61
91049,44263.71
91050,28994.4
91051,22497.46
91052,16175.12
91053,18473.01
91054,19911.43
91055,17978.3
91056,19839.88
91057,40852.58
91058,15150.1
91059,24341.35
91060,21365.99
91061,22795.61
91062,17311.59
91063,28219.45
91064,26012.2
91065,24788.12
91066,27491.18
91067,18535.39
91068,19891.31
91069,29713.84
91070,38206.84
91071,18690.56
91072,17791.39
91073,19271.25
91074,79475.97
91075,2447.3
91076,13748.44
91077,13279.84
91078,19062.22
91079,33652.1
91080,23165.35
91081,30567.27
91082,7915.49
91083,20997.7
91084,15542.31
91085,17108.72
91086,6229.84
91087,13786.12
91088,26613.07
91089,31505.02
91090,18350.38
91091,13760.88
91092,12499.88
91093,15231.79
91094,20274.03
91095,18080.86
91096,15423.06
91097,25820.38
91098,18445.55
91099,20794.81
91100,28162.78
91101,15908.4
91102,21052.66
91103,22783.28
91104,33801.41
91105,22544.28
91106,21486.1
91107,25981.82
91108,14849.02
91109,11381.94
91110,27290.96
91111,31257.61
91112,19828.77
91113,28403.01
91114,19059.08
91115,52463.71
91116,30569.75
91117,56029.96
91118,19030.22
91119,14930.64
91120,10910.44
91121,17731.93
91122,28640.64
91123,29599.48
91124,32614.4
91125,20510.32
91126,32561.83
91127,17603.2
91128,24927.5
91129,23156.08
91130,45612.43
91131,23470.0
91132,51964.69
91133,23807.57
91134,14996.04
91135,26910.07
91136,25996.63
91137,19800.22
91138,16769.21
91139,28365.52
91140,26301.19
91141,45915.89
91142,18244.98
91143,14055.08
91144,13563.25
91145,25648.54
91146,26709.51
91147,24380.67
91148,17776.68
91149,16495.8
91150,17245.25
91151,27071.82
91152,19465.16
91153,18462.44
91154,28502.48
91155,27688.94
91156,14806.71
91157,26420.01
91158,29251.07
91159,21196.96
91160,29719.64
91161,26622.09
91162,23039.92
91163,28874.33
91164,33945.91
91165,26772.5
91166,19011.65
91167,27816.62
91168,21799.2
91169,29213.95
91170,32739.31
91171,45440.29
91172,30092.76
91173,13719.8
91174,25090.37
91175,25306.85
91176,59065.82
91177,14941.63
91178,18252.56
91179,28216.82
91180,19169.61
91181,17730.94
91182,18030.59
91183,24677.43
91184,12140.76
91185,46261.12
91186,21394.44
91187,29481.32
91188,22171.15
91189,21377.53
91190,30998.49
91191,15993.05
91192,29320.57
91193,66362.1
91194,33348.14
91195,24973.69
91196,15060.86
91197,10844.06
91198,30618.92
91199,17033.37
91200,28264.86
91201,21539.54
91202,22300.98
91203,16993.95
91204,20599.22
91205,28003.37
91206,18464.85
91207,15829.68
91208,69630.12
91209,13125.8
91210,28874.18
91211,17355.94
91212,18362.81
91213,25711.48
91214,28570.65
91215,28842.49
91216,27104.32
91217,39394.52
91218,13826.72
91219,28355.27
91220,28214.43
91221,43071.1
91222,13753.71
91223,18880.33
91224,22434.73
91225,32777.17
91226,14393.27
91227,14330.82
91228,19199.27
91229,27299.56
91230,58589.64
91231,23377.97
91232,21624.35
91233,19467.35
91234,37648.07
91235,14059.48
91236,18367.1
91237,34482.95
91238,24977.18
91239,25622.03
91240,16374.15
91241,23571.76
91242,29655.02
91243,23671.69
91244,16903.63
91245,27986.99
91246,13647.54
91247,28034.21
91248,34933.1
91249,18717.26
91250,18218.65
91251,22671.96
91252,43129.3
91253,20772.22
91254,40106.02
91255,10321.62
91256,12079.02
91257,20832.07
91258,31838.53
91259,25518.92
91260,46722.2
91261,32901.57
91262,24185.72
91263,22171.89
91264,24750.21
91265,23356.87
91266,16381.35
91267,10310.53
91268,29269.9
91269,27186.42
91270,18337.22
91271,29547.89
91272,25258.1
91273,24410.5
91274,19901.99
91275,25510.83
91276,17566.98
91277,20238.85
91278,22089.61
91279,26247.8
91280,34490.37
91281,49346.4
91282,23837.52
91283,20814.95
91284,19557.83
91285,16610.29
91286,7638.2
91287,18413.49
91288,32705.86
91289,14280.7
91290,16950.38
91291,31634.98
91292,22512.25
91293,11277.05
91294,15872.8
91295,30173.4
91296,13748.53
91297,49511.29
91298,35846.49
91299,23936.74
91300,18246.51
91301,20265.05
91302,28281.66
91303,31378.73
91304,27975.52
91305,30581.99
91306,16981.87
91307,19054.64
91308,42642.03
91309,20145.86
91310,16196.34
91311,28126.38
91312,24742.81
91313,46379.87
91314,38799.09
91315,21635.91
91316,20350.05
91317,20176.72
91318,20657.78
91319,14991.66
91320,23116.2
91321,26361.4
91322,34256.44
91323,27516.49
91324,16954.04
91325,19020.3
91326,15422.92
91327,45064.53
91328,31811.6
91329,15769.84
91330,15290.64
91331,14743.83
91332,29667.72
91333,16186.42
91334,15452.9
91335,19405.52
91336,19809.96
91337,17684.1
91338,52811.84
91339,50066.02
91340,14092.51
91341,16569.44
91342,42264.29
91343,18750.9
91344,43516.24
91345,19305.75
91346,45645.75
91347,14427.87
91348,12377.53
91349,29896.98
91350,21205.43
91351,10523.21
91352,26983.38
91353,25912.56
91354,24342.12
91355,45380.63
91356,11658.27
91357,32482.19
91358,18918.56
91359,22965.19
91360,26441.18
91361,20446.99
91362,28343.48
91363,22291.24
91364,21499.4
91365,52179.21
91366,17629.56
91367,30432.81
91368,25831.86
91369,21371.86
91370,25551.13
91371,25342.29
91372,18293.42
91373,20648.27
91374,19324.78
91375,55796.9
91376,23603.28
91377,26410.29
91378,35857.25
91379,16926.41
91380,29527.22
91381,18857.95
91382,22822.46
91383,19459.84
91384,23775.75
91385,18830.2
91386,24792.55
91387,14155.65
91388,32060.28
91389,12969.37
91390,20941.82
91391,19068.03
91392,27848.04
91393,12757.57
91394,24484.89
91395,20623.91
91396,15308.94
91397,16410.98
91398,18663.87
91399,26353.48
91400,34255.01
91401,16643.38
91402,14438.88
91403,21322.96
91404,16565.05
91405,27566.06
91406,18251.06
91407,42921.23
91408,20331.55
91409,15641.91
91410,26913.2
91411,28956.84
91412,32285.46
91413,43560.18
91414,18985.6
91415,22646.03
91416,28256.55
91417,12715.29
91418,18972.96
91419,4133.52
91420,22183.33
91421,15877.27
91422,18515.56
91423,44482.41
91424,21832.24
91425,26763.05
91426,27726.04
91427,14957.48
91428,28348.48
91429,22387.26
91430,39505.48
91431,23758.06
91432,24394.03
91433,24868.35
91434,19010.71
91435,19301.36
91436,30514.06
91437,36871.56
91438,10655.84
91439,13368.72
91440,23790.52
91441,30333.67
91442,17896.66
91443,18006.31
91444,20485.91
91445,53389.06
91446,17629.52
91447,21245.39
91448,37659.5
91449,19497.5
91450,27885.73
91451,35778.69
91452,20493.34
91453,12126.86
91454,10618.79
91455,25007.26
91456,41916.39
91457,10670.99
91458,27200.91
91459,35297.7
91460,31392.99
91461,20100.37
91462,26565.17
91463,28516.06
91464,26129.25
91465,23876.14
91466,12989.62
91467,30320.58
91468,24735.27
91469,18154.41
91470,26900.72
91471,20835.08
91472,7224.61
91473,22517.22
91474,24597.05
91475,24390.68
91476,22627.26
91477,24627.76
91478,21599.19
91479,27746.93
91480,8639.1
91481,30710.04
91482,29490.64
91483,19360.74
91484,15416.69
91485,22491.23
91486,11804.33
91487,20531.04
91488,39331.67
91489,11601.1
91490,18942.41
91491,33007.43
91492,25373.76
91493,15247.51
91494,13021.18
91495,19492.93
91496,14374.61
91497,30059.93
91498,18978.07
91499,51053.51
91500,28923.97
91501,30113.75
91502,15873.06
91503,22939.18
91504,16765.3
91505,35572.31
91506,32710.23
91507,54417.94
91508,31009.1
91509,25072.36
91510,28518.41
91511,27786.4
91512,18817.32
91513,43029.36
91514,21724.04
91515,54787.22
91516,36533.68
91517,2444.42
91518,47824.91
91519,22357.42
91520,17719.72
91521,25512.53
91522,28876.09
91523,30006.9
91524,13542.3
91525,37635.01
91526,17057.53
91527,21460.54
91528,37361.8
91529,25000.58
91530,18119.69
91531,11550.41
91532,47872.62
91533,30579.74
91534,25284.89
91535,12867.36
91536,21182.89
91537,17797.94
91538,19317.87
91539,29344.58
91540,16035.67
91541,24726.06
91542,20747.16
91543,22195.05
91544,16381.01
91545,22786.98
91546,14031.05
91547,14707.94
91548,22022.63
91549,48840.01
91550,22402.44
91551,40499.65
91552,21783.8
91553,14453.87
91554,21131.63
91555,16574.98
91556,17166.27
91557,29234.71
91558,29160.14
91559,25356.86
91560,18648.84
91561,23296.81
91562,11909.27
91563,25036.26
91564,36701.29
91565,47298.5
91566,16414.16
91567,24535.3
91568,28386.04
91569,26899.71
91570,23386.66
91571,22780.7
91572,28006.52
91573,16236.64
91574,20492.72
91575,40392.82
91576,20898.27
91577,17592.68
91578,20586.95
91579,13516.14
91580,52514.28
91581,27751.59
91582,33739.16
91583,9484.57
91584,15944.7
91585,22843.01
91586,25831.86
91587,17181.99
91588,28644.25
91589,17713.49
91590,28274.21
91591,25036.19
91592,30015.98
91593,29377.23
91594,15035.19
91595,29230.58
91596,30671.07
91597,28321.39
91598,29547.42
91599,26093.33
91600,43349.86
91601,37275.77
91602,37141.76
91603,27554.57
91604,24486.47
91605,24197.65
91606,25341.03
91607,29747.68
91608,14539.55
91609,15971.25
91610,21825.48
91611,23627.29
91612,18446.11
91613,25721.34
91614,18279.5
91615,41340.84
91616,15955.93
91617,20037.44
91618,26655.48
91619,19962.6
91620,48279.29
91621,18842.21
91622,16705.72
91623,20190.59
91624,31277.21
91625,21923.9
91626,30565.26
91627,50726.9
91628,17343.17
91629,41677.7
91630,13618.9
91631,10824.92
91632,22539.26
91633,18794.4
91634,19400.65
91635,22702.0
91636,25223.58
91637,30051.52
91638,16794.88
91639,16043.42
91640,10200.76
91641,20329.54
91642,25831.86
91643,41005.9
91644,17367.07
91645,24048.23
91646,12906.68
91647,23582.71
91648,17289.76
91649,17807.79
91650,16926.83
91651,14869.48
91652,19288.3
91653,27898.11
91654,26911.19
91655,24451.91
91656,32293.64
91657,52863.0
91658,21541.52
91659,32281.9
91660,54106.24
91661,26958.34
91662,20911.8
91663,19478.13
91664,32574.85
91665,40947.17
91666,23307.47
91667,20501.09
91668,11172.3
91669,19407.26
91670,27915.87
91671,41129.78
91672,17109.21
91673,31043.56
91674,28087.06
91675,48325.59
91676,34531.73
91677,24849.53
91678,13929.73
91679,30298.06
91680,26145.33
91681,27762.17
91682,15399.04
91683,29747.2
91684,11947.51
91685,15464.5
91686,19734.15
91687,26378.74
91688,19103.38
91689,18210.24
91690,23575.77
91691,29364.27
91692,15242.87
91693,26047.63
91694,22280.1
91695,19408.89
91696,17666.37
91697,29395.34
91698,18463.11
91699,15773.47
91700,16850.7
91701,16053.09
91702,18647.88
91703,18942.14
91704,27108.91
91705,28052.37
91706,9595.79
91707,48867.77
91708,23418.14
91709,22211.98
91710,26909.92
91711,16137.05
91712,19689.84
91713,12874.68
91714,21428.36
91715,29922.59
91716,20890.41
91717,25851.71
91718,29661.04
91719,14111.15
91720,12910.07
91721,13289.77
91722,28114.74
91723,28678.67
91724,20179.52
91725,24870.49
91726,17795.62
91727,30025.92
91728,24920.6
91729,16029.64
91730,13757.66
91731,20835.67
91732,15844.62
91733,18697.32
91734,27097.62
91735,16960.1
91736,28505.34
91737,16001.55
91738,16362.11
91739,29550.32
91740,29458.01
91741,23940.66
91742,4269.98
91743,23298.82
91744,14815.88
91745,14032.52
91746,29733.65
91747,19305.49
91748,25120.27
91749,29466.55
91750,26647.59
91751,20929.7
91752,23417.87
91753,31595.13
91754,28930.4
91755,19047.28
91756,15768.92
91757,36714.03
91758,26253.35
91759,16005.13
91760,26878.5
91761,48235.8
91762,30242.6
91763,19107.11
91764,14869.8
91765,27744.8
91766,39277.43
91767,20580.62
91768,21684.4
91769,22705.59
91770,19578.1
91771,14770.34
91772,28423.1
91773,19774.42
91774,30225.07
91775,34597.51
91776,28358.65
91777,19187.73
91778,22031.71
91779,25988.94
91780,35917.51
91781,32873.16
91782,14921.47
91783,27366.56
91784,20073.57
91785,33966.76
91786,26030.46
91787,18666.78
91788,27233.16
91789,20604.55
91790,32653.56
91791,19206.14
91792,27995.0
91793,23127.23
91794,14810.59
91795,59613.61
91796,27344.86
91797,22883.13
91798,24114.62
91799,6877.22
91800,7943.83
91801,17051.39
91802,26511.73
91803,24753.58
91804,41284.36
91805,41225.62
91806,23122.12
91807,49575.19
91808,15432.87
91809,36431.89
91810,42130.1
91811,30315.73
91812,62103.52
91813,12749.53
91814,18970.71
91815,19423.93
91816,22052.1
91817,30132.74
91818,33209.35
91819,26064.11
91820,11922.87
91821,23848.11
91822,22251.55
91823,18560.58
91824,21624.43
91825,24442.27
91826,33872.68
91827,28816.61
91828,39322.4
91829,17869.63
91830,23833.4
91831,18804.99
91832,17000.58
91833,29052.13
91834,10599.52
91835,14312.34
91836,15319.69
91837,18622.51
91838,21515.65
91839,11507.95
91840,23599.33
91841,22785.89
91842,24555.17
91843,39196.84
91844,24564.02
91845,15843.85
91846,27292.42
91847,58038.88
91848,21629.38
91849,15374.57
91850,39768.24
91851,10744.78
91852,16634.0
91853,20067.51
91854,26131.79
91855,29083.02
91856,25325.55
91857,31223.74
91858,6915.35
91859,46220.37
91860,29279.45
91861,33777.43
91862,25635.59
91863,59838.12
91864,47990.24
91865,17671.48
91866,20702.57
91867,33329.4
91868,24753.58
91869,10570.89
91870,18075.98
91871,16731.42
91872,20888.79
91873,24402.27
91874,15501.16
91875,21614.45
91876,17748.82
91877,30747.79
91878,14046.63
91879,30334.6
91880,21695.87
91881,20024.08
91882,22343.92
91883,15461.1
91884,22514.71
91885,21583.19
91886,22250.87
91887,22603.67
91888,21236.75
91889,14200.37
91890,16501.39
91891,19132.68
91892,12013.47
91893,18528.18
91894,25222.63
91895,54079.14
91896,40956.13
91897,27446.82
91898,25522.93
91899,23287.2
91900,19887.4
91901,24196.66
91902,17671.01
91903,27667.46
91904,22082.84
91905,20733.29
91906,25741.97
91907,28497.14
91908,22787.23
91909,46053.84
91910,61495.61
91911,24557.07
91912,16698.06
91913,11493.7
91914,51611.91
91915,16198.22
91916,27525.92
91917,19996.1
91918,9182.22
91919,18362.63
91920,23448.21
91921,20982.76
91922,19182.58
91923,24053.08
91924,13231.82
91925,29339.41
91926,15595.29
91927,21203.16
91928,30509.5
91929,25483.38
91930,25840.09
91931,33040.15
91932,19824.75
91933,28934.81
91934,26638.03
91935,17213.96
91936,33410.01
91937,30041.52
91938,18622.54
91939,12748.95
91940,9981.28
91941,23804.96
91942,45745.02
91943,28781.2
91944,26295.51
91945,12538.91
91946,13931.19
91947,50459.11
91948,33507.49
91949,46473.62
91950,30163.3
91951,25858.43
91952,41868.4
91953,8943.58
91954,28548.01
91955,9593.66
91956,17538.39
91957,16010.39
91958,58286.54
91959,39901.57
91960,26960.43
91961,27576.06
91962,12146.29
91963,26667.02
91964,26020.57
91965,17512.33
91966,40663.15
91967,47847.66
91968,13669.89
91969,48194.2
91970,20010.13
91971,40261.84
91972,25418.29
91973,27820.87
91974,15726.02
91975,12768.19
91976,29602.77
91977,35904.05
91978,14140.7
91979,12415.12
91980,25018.19
91981,28014.61
91982,19407.1
91983,34245.97
91984,25417.25
91985,13632.9
91986,15491.45
91987,44443.24
91988,10616.82
91989,27574.34
91990,28986.11
91991,18643.22
91992,58026.83
91993,21328.74
91994,17170.58
91995,10161.4
91996,15517.28
91997,22162.11
91998,17322.48
91999,28754.01
92000,29831.35
92001,12817.96
92002,20406.92
92003,21480.55
92004,27472.48
92005,20844.73
92006,5512.63
92007,36603.91
92008,28773.32
92009,37336.25
92010,14325.52
92011,15627.69
92012,31938.11
92013,25252.71
92014,14266.4
92015,15090.71
92016,39373.16
92017,10644.52
92018,25436.95
92019,13320.0
92020,22892.8
92021,37273.77
92022,10349.47
92023,31128.87
92024,54389.76
92025,39953.09
92026,47401.25
92027,44128.09
92028,12887.85
92029,41578.28
92030,41135.86
92031,30757.71
92032,29289.87
92033,22046.61
92034,20345.09
92035,18408.63
92036,24372.93
92037,25385.84
92038,13800.14
92039,42919.16
92040,41283.91
92041,32185.19
92042,10715.95
92043,32496.03
92044,30148.65
92045,16942.33
92046,25448.7
92047,15335.09
92048,31019.44
92049,25472.63
92050,62099.85
92051,35912.32
92052,9831.74
92053,16763.02
92054,18872.18
92055,25519.28
92056,30154.38
92057,26796.2
92058,25878.8
92059,18075.68
92060,17131.73
92061,13228.36
92062,56169.1
92063,23333.63
92064,14313.74
92065,28614.22
92066,34268.21
92067,19549.07
92068,22881.76
92069,24921.42
92070,20209.92
92071,21278.12
92072,16226.31
92073,19537.45
92074,27667.46
92075,33887.86
92076,22795.34
92077,29358.61
92078,31367.04
92079,46339.32
92080,32292.9
92081,20471.52
92082,30704.47
92083,17440.73
92084,14784.23
92085,15155.12
92086,21712.76
92087,22750.83
92088,14872.48
92089,19653.68
92090,27777.05
92091,17166.27
92092,17937.4
92093,18469.28
92094,21898.22
92095,26307.02
92096,12935.92
92097,17090.79
92098,20632.21
92099,12072.98
92100,28054.86
92101,23084.46
92102,31307.5
92103,16981.45
92104,19703.73
92105,28268.23
92106,29404.1
92107,24918.92
92108,10540.41
92109,45564.15
92110,14530.85
92111,21590.81
92112,10916.23
92113,21950.4
92114,23582.71
92115,28383.45
92116,17928.36
92117,30821.94
92118,9420.39
92119,19676.45
92120,14237.43
92121,13763.03
92122,18781.0
92123,29949.96
92124,25285.33
92125,45969.1
92126,30589.41
92127,19613.35
92128,29272.06
92129,44566.42
92130,27008.62
92131,16805.77
92132,18681.67
92133,31601.76
92134,14184.52
92135,17226.98
92136,51562.64
92137,31663.43
92138,21573.55
92139,23345.53
92140,17451.0
92141,37417.29
92142,29370.64
92143,17488.51
92144,15925.21
92145,26025.17
92146,11967.32
92147,22037.1
92148,46395.08
92149,29830.54
92150,27851.17
92151,18124.97
92152,32371.3
92153,20926.16
92154,16103.7
92155,15494.44
92156,23702.22
92157,18929.68
92158,15714.59
92159,21222.24
92160,16997.33
92161,18947.04
92162,11896.84
92163,25113.33
92164,38993.4
92165,38752.56
92166,37061.11
92167,16117.71
92168,21104.71
92169,20212.49
92170,25606.72
92171,18291.25
92172,11887.58
92173,26314.21
92174,22708.06
92175,16238.98
92176,59627.02
92177,36465.25
92178,13214.24
92179,26270.04
92180,24070.23
92181,26431.86
92182,16273.33
92183,25777.05
92184,22326.96
92185,29934.9
92186,24743.31
92187,43449.67
92188,23018.18
92189,20963.79
92190,12738.96
92191,18315.45
92192,29670.68
92193,23479.39
92194,30994.64
92195,43627.86
92196,9913.41
92197,22196.38
92198,38964.6
92199,16035.59
92200,17482.02
92201,28717.09
92202,22120.33
92203,39002.25
92204,27133.08
92205,13750.98
92206,15979.12
92207,11286.08
92208,9469.29
92209,20495.02
92210,20124.45
92211,23592.96
92212,24539.61
92213,16669.17
92214,29941.59
92215,28862.24
92216,15291.0
92217,13337.57
92218,18756.64
92219,26132.58
92220,32492.86
92221,14838.66
92222,25907.26
92223,19714.32
92224,29966.97
92225,29567.87
92226,21487.07
92227,24712.74
92228,31649.6
92229,17128.65
92230,21424.53
92231,42816.69
92232,13972.77
92233,19718.08
92234,16131.02
92235,19911.59
92236,26162.65
92237,31522.23
92238,23934.95
92239,19312.57
92240,19419.36
92241,15294.33
92242,32947.53
92243,36113.24
92244,35963.01
92245,32340.03
92246,26415.73
92247,21935.06
92248,31760.8
92249,30059.52
92250,29187.81
92251,13034.24
92252,18268.86
92253,21678.33
92254,21423.01
92255,10479.99
92256,25456.32
92257,24065.01
92258,21827.29
92259,18081.73
92260,5964.02
92261,12662.29
92262,15521.32
92263,22601.62
92264,16823.95
92265,24052.56
92266,20809.21
92267,28542.95
92268,32094.58
92269,22618.73
92270,31809.92
92271,26366.41
92272,17193.89
92273,20740.95
92274,23114.29
92275,8968.25
92276,25225.69
92277,30968.48
92278,23944.39
92279,20649.71
92280,25581.65
92281,5556.5
92282,16415.46
92283,29954.48
92284,19200.55
92285,31556.81
92286,26324.78
92287,19969.2
92288,12499.88
92289,17909.24
92290,24470.0
92291,29464.74
92292,30219.88
92293,21265.17
92294,14387.22
92295,25333.33
92296,15336.25
92297,105519.07
92298,26390.49
92299,15662.1
92300,30354.62
92301,26431.83
92302,13236.12
92303,24477.73
92304,25375.36
92305,29680.06
92306,15245.01
92307,17263.93
92308,16853.99
92309,16588.98
92310,22629.48
92311,26407.38
92312,16509.75
92313,26949.03
92314,36638.43
92315,11801.41
92316,21075.0
92317,15299.04
92318,27290.11
92319,16467.92
92320,50872.97
92321,15385.34
92322,26761.49
92323,33307.11
92324,29003.52
92325,23745.9
92326,17321.64
92327,19562.83
92328,29704.51
92329,19495.2
92330,19836.43
92331,16577.18
92332,15979.15
92333,28657.65
92334,20792.9
92335,26831.91
92336,25536.19
92337,18178.23
92338,25731.04
92339,19993.48
92340,12601.85
92341,31952.54
92342,23920.93
92343,47556.91
92344,15606.69
92345,23234.21
92346,41284.36
92347,16180.4
92348,19120.61
92349,25715.87
92350,30619.96
92351,20135.52
92352,13433.33
92353,16064.17
92354,46708.71
92355,25816.83
92356,16486.86
92357,26532.17
92358,26394.33
92359,15391.91
92360,20365.14
92361,25509.74
92362,27252.88
92363,22667.25
92364,22968.69
92365,20855.44
92366,30003.85
92367,26924.34
92368,21501.05
92369,12939.54
92370,32243.17
92371,21755.75
92372,30531.14
92373,18508.08
92374,16069.08
92375,20371.96
92376,16157.7
92377,24809.35
92378,49080.3
92379,26435.63
92380,16153.25
92381,12174.17
92382,35310.36
92383,19880.69
92384,23663.44
92385,13608.52
92386,30877.48
92387,29914.01
92388,36519.72
92389,15915.0
92390,10946.1
92391,25948.42
92392,19864.1
92393,16530.14
92394,14853.93
92395,26308.89
92396,31695.57
92397,12394.07
92398,27407.18
92399,28077.63
92400,18690.21
92401,18778.1
92402,20654.3
92403,17301.1
92404,39524.06
92405,15570.11
92406,15318.99
92407,15239.04
92408,16479.41
92409,16217.43
92410,23151.02
92411,23269.57
92412,16110.69
92413,33369.43
92414,28909.75
92415,30791.25
92416,19119.44
92417,19258.15
92418,26511.73
92419,45816.31
92420,20280.61
92421,30166.76
92422,31022.48
92423,20707.0
92424,27585.74
92425,29132.06
92426,16078.28
92427,6602.25
92428,5526.45
92429,21749.28
92430,25033.86
92431,11967.32
92432,19367.85
92433,16702.9
92434,31883.05
92435,19305.65
92436,70412.78
92437,10699.73
92438,28263.63
92439,22992.37
92440,25275.04
92441,24529.03
92442,7895.95
92443,50375.91
92444,20263.96
92445,25909.71
92446,13522.79
92447,23604.64
92448,24964.35
92449,16026.46
92450,18391.32
92451,15964.25
92452,20434.77
92453,28544.6
92454,34118.53
92455,30276.9
92456,22345.19
92457,27566.06
92458,18311.73
92459,21981.23
92460,14687.18
92461,18743.03
92462,53077.81
92463,20490.19
92464,18678.74
92465,21346.41
92466,29408.09
92467,25861.46
92468,28257.01
92469,31494.9
92470,19932.37
92471,28054.57
92472,14757.9
92473,53536.21
92474,21161.43
92475,13931.25
92476,9575.77
92477,25039.25
92478,22024.64
92479,8651.95
92480,19540.13
92481,14294.13
92482,20542.19
92483,31931.71
92484,19828.26
92485,29890.72
92486,23694.08
92487,21496.66
92488,21240.06
92489,20919.1
92490,32769.85
92491,25718.67
92492,17715.3
92493,26511.73
92494,21504.52
92495,28984.91
92496,7602.16
92497,23097.43
92498,18659.83
92499,21135.93
92500,23485.8
92501,12890.06
92502,29385.22
92503,22519.65
92504,20191.24
92505,30481.18
92506,18433.41
92507,20258.24
92508,17811.79
92509,29902.99
92510,15260.74
92511,13607.98
92512,22045.28
92513,21376.24
92514,17516.9
92515,8715.58
92516,13479.56
92517,16518.99
92518,17607.15
92519,27168.78
92520,18300.09
92521,13198.64
92522,28835.21
92523,12854.01
92524,27726.04
92525,31798.75
92526,24407.84
92527,19674.18
92528,25721.76
92529,40733.05
92530,21762.77
92531,38439.99
92532,26360.04
92533,31728.65
92534,36943.59
92535,23029.77
92536,29865.93
92537,14611.4
92538,34475.35
92539,32164.58
92540,18674.18
92541,31735.62
92542,28505.65
92543,47826.78
92544,17294.43
92545,15881.51
92546,18643.84
92547,25379.5
92548,46261.66
92549,35645.3
92550,11787.28
92551,12424.2
92552,24966.81
92553,19815.53
92554,29890.42
92555,17353.58
92556,9090.02
92557,24726.06
92558,11838.44
92559,29366.8
92560,16951.08
92561,18711.07
92562,23422.1
92563,56949.33
92564,21783.55
92565,12120.55
92566,26778.15
92567,10721.54
92568,39177.33
92569,20580.31
92570,20811.57
92571,11639.55
92572,20393.07
92573,26464.05
92574,41219.57
92575,15851.89
92576,25803.1
92577,16109.24
92578,17504.81
92579,26856.15
92580,9507.91
92581,19217.29
92582,31660.96
92583,36798.39
92584,10649.2
92585,16074.12
92586,15770.18
92587,77945.05
92588,14339.22
92589,27991.65
92590,23242.54
92591,37550.18
92592,21864.65
92593,14974.34
92594,11955.47
92595,19506.07
92596,18839.22
92597,29707.23
92598,20735.36
92599,14504.33
92600,25672.77
92601,22620.01
92602,53693.68
92603,30219.07
92604,30343.72
92605,41262.41
92606,22236.68
92607,18143.66
92608,19256.64
92609,22357.42
92610,24038.03
92611,19893.02
92612,29239.96
92613,25278.43
92614,25938.77
92615,25797.34
92616,29309.77
92617,21087.9
92618,22117.8
92619,22659.1
92620,22660.04
92621,24317.93
92622,20923.38
92623,22327.17
92624,20039.74
92625,93494.53
92626,49273.77
92627,23682.69
92628,22780.24
92629,53461.66
92630,23428.56
92631,27114.86
92632,33939.94
92633,36229.34
92634,26044.38
92635,30094.32
92636,19031.33
92637,8414.83
92638,22637.11
92639,28400.88
92640,26651.85
92641,48596.0
92642,19456.92
92643,33688.38
92644,31296.43
92645,22040.54
92646,28735.19
92647,21713.77
92648,22655.84
92649,31537.44
92650,26839.81
92651,45568.14
92652,28311.6
92653,18691.54
92654,9504.34
92655,19545.33
92656,15728.97
92657,16767.06
92658,27827.96
92659,19310.22
92660,30222.08
92661,37525.23
92662,17020.95
92663,13675.34
92664,10319.16
92665,16496.48
92666,28723.49
92667,26361.9
92668,26358.38
92669,13794.0
92670,20950.9
92671,19113.13
92672,26944.56
92673,16783.05
92674,10808.32
92675,5095.39
92676,21731.41
92677,17085.21
92678,18693.75
92679,12160.06
92680,20494.57
92681,13152.99
92682,58971.03
92683,24761.74
92684,27679.25
92685,18681.86
92686,25154.71
92687,34853.35
92688,26058.93
92689,28525.9
92690,26851.61
92691,26608.41
92692,22973.43
92693,27121.04
92694,14469.82
92695,15422.02
92696,21505.13
92697,24915.58
92698,30203.0
92699,20803.88
92700,37797.02
92701,26218.54
92702,34231.74
92703,18233.99
92704,20366.06
92705,27668.77
92706,25873.09
92707,25450.12
92708,2971.37
92709,20814.44
92710,13406.5
92711,18347.99
92712,33514.34
92713,53399.91
92714,20980.5
92715,26352.74
92716,14552.54
92717,42838.61
92718,15937.66
92719,24677.97
92720,18515.2
92721,19167.75
92722,45154.28
92723,24606.11
92724,39153.34
92725,10062.3
92726,24742.24
92727,13859.5
92728,25363.4
92729,19918.74
92730,50692.99
92731,20301.41
92732,30732.19
92733,21371.76
92734,44711.2
92735,17249.71
92736,33729.29
92737,15078.95
92738,21596.84
92739,39863.7
92740,19612.37
92741,11270.83
92742,30684.37
92743,19302.77
92744,15536.73
92745,33616.28
92746,31039.09
92747,26611.43
92748,58145.52
92749,41532.29
92750,24411.14
92751,17822.95
92752,23486.76
92753,39936.38
92754,15867.3
92755,19996.07
92756,24722.65
92757,27694.75
92758,18484.86
92759,15243.29
92760,14740.0
92761,19408.56
92762,22715.46
92763,16452.59
92764,18488.92
92765,22785.99
92766,11892.19
92767,23542.38
92768,23092.38
92769,12618.54
92770,24460.95
92771,16819.11
92772,18260.65
92773,116832.09
92774,39727.95
92775,26155.06
92776,26505.05
92777,38297.47
92778,18149.74
92779,25382.3
92780,20840.93
92781,24012.26
92782,20000.13
92783,27538.0
92784,17087.88
92785,9572.84
92786,11775.94
92787,23839.79
92788,32481.23
92789,57072.28
92790,42255.81
92791,28791.46
92792,30788.61
92793,17948.3
92794,20425.19
92795,29809.06
92796,13042.58
92797,47980.96
92798,16147.52
92799,23178.17
92800,13547.15
92801,22636.08
92802,24287.69
92803,16396.42
92804,16504.19
92805,18448.52
92806,19984.09
92807,25198.92
92808,26898.1
92809,18206.44
92810,52645.88
92811,23444.77
92812,29793.87
92813,31005.01
92814,48525.33
92815,28410.79
92816,15805.04
92817,16243.74
92818,27248.38
92819,41701.84
92820,14282.05
92821,15729.49
92822,15602.7
92823,25503.52
92824,17316.6
92825,27420.09
92826,31130.43
92827,28907.21
92828,16929.8
92829,19763.1
92830,22578.03
92831,13289.32
92832,18795.55
92833,16094.6
92834,15807.22
92835,29383.82
92836,13729.02
92837,16993.26
92838,30833.16
92839,16818.65
92840,10022.09
92841,30590.65
92842,48807.44
92843,13922.41
92844,22559.79
92845,52697.67
92846,20755.02
92847,24383.02
92848,25831.86
92849,25831.86
92850,23130.9
92851,34123.69
92852,27562.51
92853,21501.53
92854,17687.81
92855,15005.78
92856,15737.18
92857,17007.08
92858,15235.52
92859,11185.38
92860,26103.37
92861,29064.69
92862,19594.26
92863,18283.42
92864,12404.3
92865,18964.45
92866,13025.17
92867,42014.69
92868,30655.09
92869,27578.92
92870,33887.86
92871,22848.04
92872,23998.92
92873,22711.15
92874,23523.46
92875,21203.77
92876,19044.72
92877,15806.5
92878,33236.44
92879,22285.6
92880,25099.43
92881,19906.29
92882,18637.46
92883,21991.11
92884,19467.6
92885,14791.12
92886,22509.11
92887,19693.39
92888,60039.66
92889,17278.02
92890,18681.25
92891,12926.6
92892,31049.81
92893,17962.86
92894,40085.3
92895,17059.62
92896,33756.49
92897,15349.41
92898,34657.8
92899,27969.62
92900,24494.1
92901,19923.0
92902,21161.58
92903,6760.26
92904,24348.37
92905,36917.31
92906,30273.61
92907,18889.34
92908,26628.53
92909,25670.8
92910,30559.31
92911,20998.88
92912,18879.8
92913,35207.04
92914,22014.33
92915,18422.85
92916,29047.72
92917,21976.32
92918,19765.38
92919,23492.9
92920,19925.97
92921,12370.9
92922,19038.69
92923,20231.66
92924,26518.46
92925,18932.7
92926,33831.92
92927,20365.99
92928,24582.65
92929,21245.36
92930,19408.27
92931,62962.25
92932,28931.49
92933,22570.77
92934,25984.89
92935,19421.49
92936,20917.82
92937,14867.02
92938,30094.64
92939,15978.64
92940,13951.29
92941,29327.43
92942,20135.58
92943,30902.52
92944,23916.29
92945,21923.46
92946,38644.98
92947,2934.54
92948,28557.94
92949,19911.51
92950,76606.06
92951,9988.28
92952,24053.57
92953,19611.59
92954,20046.7
92955,27122.28
92956,20207.29
92957,23213.71
92958,59661.95
92959,16375.6
92960,35584.55
92961,14445.46
92962,21071.01
92963,24727.97
92964,26328.77
92965,21906.02
92966,16884.41
92967,21363.97
92968,14379.75
92969,22246.24
92970,27005.01
92971,16902.77
92972,23083.78
92973,20987.45
92974,18728.61
92975,25763.75
92976,22188.04
92977,23994.57
92978,25191.49
92979,25241.43
92980,26344.93
92981,35011.91
92982,40995.09
92983,36724.59
92984,24537.0
92985,13581.9
92986,25362.28
92987,17748.23
92988,24275.28
92989,20475.77
92990,17779.25
92991,23248.82
92992,13874.03
92993,22854.61
92994,20771.53
92995,17979.05
92996,22118.79
92997,12098.16
92998,13413.24
92999,18149.11
93000,26644.96
93001,33732.99
93002,29610.14
93003,20023.04
93004,14431.18
93005,12436.64
93006,31138.61
93007,24175.27
93008,14720.18
93009,23918.68
93010,26397.41
93011,17166.86
93012,17356.64
93013,20627.37
93014,16102.04
93015,19234.52
93016,19675.98
93017,18909.96
93018,15100.54
93019,26693.28
93020,11501.82
93021,21419.6
93022,23001.52
93023,15961.07
93024,26555.25
93025,45976.43
93026,19298.36
93027,15497.6
93028,27794.59
93029,20307.9
93030,33474.48
93031,24243.22
93032,18685.55
93033,19043.16
93034,22237.18
93035,24109.79
93036,18910.39
93037,21886.45
93038,20854.87
93039,29411.47
93040,16509.6
93041,24426.53
93042,36897.03
93043,25914.36
93044,12429.43
93045,22678.45
93046,17988.28
93047,15583.15
93048,18424.1
93049,24329.89
93050,16065.39
93051,17635.85
93052,24740.24
93053,30694.02
93054,18479.07
93055,19057.58
93056,23932.99
93057,30909.58
93058,26748.12
93059,40106.02
93060,43981.6
93061,21701.74
93062,47397.23
93063,16300.55
93064,14541.48
93065,39112.16
93066,31289.81
93067,10110.73
93068,38025.84
93069,21968.43
93070,41447.17
93071,15456.96
93072,56940.56
93073,27725.25
93074,36100.04
93075,26017.16
93076,18261.85
93077,20190.5
93078,21283.28
93079,74750.9
93080,19854.09
93081,32161.22
93082,23288.96
93083,17021.52
93084,29666.92
93085,16225.46
93086,12258.11
93087,19737.8
93088,28257.65
93089,35928.71
93090,18536.53
93091,20353.58
93092,19738.98
93093,15386.83
93094,23933.15
93095,19611.25
93096,19332.3
93097,13697.43
93098,28209.02
93099,25893.06
93100,31242.73
93101,22486.32
93102,15882.41
93103,21417.8
93104,25603.21
93105,23616.11
93106,25572.56
93107,19046.28
93108,21281.09
93109,28474.96
93110,17590.69
93111,18163.56
93112,12885.76
93113,25510.83
93114,31680.62
93115,39353.72
93116,18288.79
93117,23461.88
93118,21373.42
93119,15943.95
93120,13196.83
93121,15695.41
93122,16080.7
93123,62152.02
93124,17746.9
93125,30018.2
93126,32913.37
93127,20487.47
93128,25945.75
93129,19554.31
93130,9180.93
93131,16730.8
93132,27396.3
93133,14869.31
93134,24186.35
93135,29374.75
93136,19747.87
93137,17258.93
93138,13155.54
93139,40385.68
93140,22587.51
93141,32163.06
93142,28184.73
93143,57271.51
93144,5126.92
93145,14694.82
93146,20448.72
93147,26323.07
93148,26027.25
93149,29960.87
93150,25420.09
93151,50303.54
93152,12431.21
93153,21288.19
93154,29102.82
93155,18384.97
93156,25031.64
93157,25530.2
93158,17936.58
93159,57769.8
93160,19584.01
93161,26040.88
93162,28355.63
93163,33609.24
93164,16862.66
93165,15549.76
93166,17966.44
93167,25831.86
93168,19918.39
93169,11775.12
93170,17784.48
93171,32181.92
93172,29496.94
93173,34360.93
93174,28735.5
93175,16713.2
93176,32528.65
93177,35172.79
93178,18963.57
93179,28672.5
93180,30044.11
93181,21191.44
93182,28873.92
93183,17078.6
93184,11605.62
93185,19676.07
93186,14120.39
93187,25040.75
93188,24477.36
93189,19705.79
93190,37489.43
93191,15722.69
93192,30191.1
93193,30227.77
93194,21950.76
93195,33735.73
93196,58394.54
93197,18526.36
93198,34355.69
93199,23335.13
93200,24486.63
93201,35559.57
93202,26171.03
93203,32640.16
93204,34269.68
93205,11738.48
93206,29067.71
93207,26569.6
93208,23934.95
93209,23167.14
93210,30825.05
93211,22092.13
93212,15637.43
93213,16614.98
93214,18888.76
93215,17090.38
93216,12488.14
93217,19887.25
93218,15627.65
93219,17345.36
93220,24578.61
93221,14776.46
93222,17959.8
93223,16808.13
93224,26258.3
93225,22302.5
93226,18966.49
93227,47982.18
93228,25782.14
93229,22583.42
93230,18501.26
93231,29582.76
93232,22463.77
93233,32626.09
93234,14729.71
93235,26625.3
93236,21410.88
93237,33779.42
93238,33980.65
93239,13396.0
93240,25952.91
93241,16471.99
93242,28367.38
93243,24369.06
93244,40293.4
93245,20507.71
93246,55697.48
93247,18112.36
93248,22065.8
93249,29283.43
93250,42337.92
93251,13935.46
93252,19105.17
93253,33837.25
93254,30921.62
93255,24111.21
93256,25825.22
93257,20414.63
93258,30579.76
93259,60227.46
93260,46534.81
93261,14495.21
93262,22122.33
93263,33668.59
93264,41299.43
93265,19383.23
93266,29322.2
93267,17825.68
93268,44680.99
93269,47358.6
93270,31906.27
93271,20215.44
93272,13697.04
93273,19235.78
93274,9967.01
93275,31682.53
93276,19556.58
93277,18572.63
93278,58921.53
93279,33313.26
93280,15574.78
93281,19551.52
93282,11885.89
93283,23008.9
93284,20046.95
93285,21758.72
93286,25125.86
93287,31001.72
93288,20506.77
93289,19283.75
93290,15815.13
93291,33050.71
93292,16783.05
93293,38615.2
93294,18746.21
93295,22346.88
93296,16968.58
93297,47328.03
93298,25831.86
93299,19858.52
93300,8800.56
93301,17862.08
93302,28454.01
93303,17195.18
93304,26594.5
93305,19305.99
93306,16557.95
93307,19938.56
93308,33226.15
93309,31017.57
93310,22123.39
93311,15678.78
93312,19260.75
93313,12487.53
93314,20612.0
93315,26230.24
93316,23132.68
93317,26673.91
93318,10267.96
93319,25878.8
93320,22890.31
93321,55091.54
93322,24864.76
93323,28765.82
93324,33520.52
93325,21396.55
93326,15382.15
93327,36145.09
93328,24378.21
93329,15465.49
93330,18407.83
93331,21644.22
93332,21743.82
93333,12152.54
93334,29272.79
93335,16614.51
93336,21025.53
93337,19999.13
93338,36199.6
93339,23243.83
93340,28297.15
93341,15248.92
93342,18198.12
93343,34161.31
93344,11992.21
93345,9144.49
93346,17013.97
93347,19587.64
93348,15692.58
93349,32139.04
93350,16998.88
93351,18630.91
93352,24749.57
93353,19538.91
93354,12819.67
93355,24468.94
93356,24373.27
93357,10539.9
93358,25286.05
93359,16350.54
93360,24359.32
93361,15597.55
93362,15011.17
93363,28505.92
93364,35206.28
93365,28116.94
93366,26488.99
93367,25503.21
93368,21419.74
93369,25831.86
93370,23799.91
93371,12442.15
93372,42795.44
93373,40213.76
93374,22786.19
93375,20154.28
93376,12567.54
93377,26834.37
93378,13822.06
93379,19383.18
93380,15841.65
93381,33977.17
93382,53105.48
93383,21807.88
93384,24865.16
93385,29741.92
93386,24457.26
93387,24988.44
93388,16281.18
93389,16223.83
93390,16651.82
93391,25361.33
93392,33075.33
93393,17550.37
93394,16385.08
93395,16881.34
93396,22902.27
93397,31627.91
93398,19623.15
93399,16805.68
93400,20438.0
93401,26973.46
93402,15114.57
93403,31087.05
93404,36724.59
93405,15373.87
93406,25840.2
93407,20786.57
93408,46270.99
93409,32626.28
93410,13490.53
93411,29167.68
93412,17152.16
93413,15616.52
93414,11556.08
93415,15198.41
93416,19225.63
93417,16769.22
93418,20458.96
93419,27677.28
93420,20882.38
93421,12567.93
93422,19533.82
93423,22923.37
93424,8173.51
93425,24337.23
93426,32882.0
93427,17906.48
93428,30588.63
93429,27785.98
93430,21805.38
93431,24626.22
93432,28784.25
93433,15941.31
93434,44807.07
93435,13758.32
93436,27026.03
93437,40156.33
93438,34915.72
93439,13804.04
93440,31027.67
93441,20685.86
93442,10982.14
93443,27709.89
93444,13720.03
93445,28794.48
93446,14011.76
93447,29027.57
93448,27836.35
93449,21554.26
93450,16602.9
93451,20744.94
93452,9962.09
93453,31727.1
93454,17186.51
93455,79938.58
93456,23871.73
93457,11722.1
93458,38750.49
93459,28813.74
93460,36778.5
93461,22156.98
93462,33981.89
93463,17292.52
93464,20118.16
93465,18404.91
93466,18571.41
93467,32770.97
93468,33149.47
93469,13069.77
93470,21645.01
93471,40191.94
93472,18736.81
93473,15253.21
93474,13772.9
93475,15854.33
93476,34624.77
93477,20259.05
93478,14485.63
93479,17721.82
93480,18012.7
93481,22191.91
93482,58039.95
93483,32953.88
93484,31843.51
93485,18926.57
93486,19312.41
93487,18481.45
93488,32472.68
93489,12772.78
93490,15552.5
93491,16747.14
93492,6412.58
93493,20914.22
93494,27688.94
93495,18915.48
93496,27238.13
93497,23034.77
93498,25595.74
93499,20279.37
93500,16777.23
93501,25327.85
93502,16151.49
93503,21168.06
93504,16748.73
93505,14504.8
93506,26444.44
93507,33522.21
93508,23507.04
93509,20936.19
93510,21834.49
93511,21209.83
93512,14525.05
93513,72102.23
93514,29058.9
93515,27646.33
93516,20176.61
93517,24756.5
93518,13790.22
93519,39428.25
93520,21448.08
93521,29897.78
93522,35155.85
93523,16464.69
93524,31905.99
93525,22242.17
93526,22432.03
93527,14994.54
93528,33008.54
93529,31368.71
93530,40166.34
93531,20680.68
93532,23509.19
93533,20853.81
93534,45344.83
93535,24177.38
93536,13649.27
93537,55541.05
93538,29609.5
93539,16265.78
93540,20584.96
93541,26257.52
93542,19677.83
93543,16111.28
93544,17055.05
93545,20824.99
93546,28023.11
93547,20830.03
93548,32522.1
93549,16338.04
93550,30123.07
93551,73442.72
93552,44201.1
93553,19379.09
93554,13856.43
93555,22910.08
93556,14459.38
93557,24196.78
93558,32133.07
93559,23668.81
93560,20493.27
93561,39854.73
93562,31201.06
93563,30597.66
93564,17831.63
93565,30276.1
93566,29309.9
93567,17010.87
93568,38968.93
93569,19288.24
93570,15320.55
93571,28937.88
93572,10830.73
93573,27016.85
93574,38692.62
93575,10802.68
93576,13647.8
93577,28148.6
93578,21546.4
93579,10996.69
93580,25831.86
93581,25148.3
93582,44634.11
93583,36442.73
93584,15856.35
93585,38882.44
93586,22824.64
93587,30797.67
93588,13559.72
93589,30142.05
93590,15936.55
93591,29485.92
93592,27419.84
93593,8201.0
93594,26853.06
93595,27179.36
93596,18772.63
93597,16274.59
93598,22842.65
93599,18125.3
93600,27565.07
93601,31088.68
93602,28247.91
93603,22597.8
93604,19029.49
93605,32095.27
93606,25178.83
93607,19109.29
93608,17116.39
93609,26261.32
93610,27522.6
93611,31357.49
93612,19753.16
93613,15857.53
93614,21687.69
93615,13669.53
93616,24874.58
93617,25831.86
93618,22439.82
93619,15045.09
93620,19685.18
93621,14888.03
93622,15843.05
93623,26820.7
93624,27032.37
93625,42952.35
93626,36700.59
93627,10418.51
93628,19807.98
93629,19514.34
93630,22157.17
93631,16690.44
93632,13974.75
93633,15678.93
93634,36964.99
93635,48388.62
93636,61512.46
93637,20018.05
93638,23537.45
93639,13284.38
93640,31086.59
93641,22317.59
93642,27498.44
93643,30288.88
93644,9221.91
93645,18518.02
93646,27259.93
93647,30019.22
93648,16481.06
93649,20183.29
93650,20593.09
93651,31735.54
93652,26936.13
93653,17292.91
93654,18686.63
93655,30201.87
93656,58564.35
93657,18038.79
93658,32589.55
93659,21262.4
93660,49344.68
93661,26705.88
93662,27816.55
93663,16273.71
93664,25889.17
93665,29414.77
93666,25745.75
93667,18820.77
93668,19700.34
93669,31744.58
93670,22665.02
93671,17640.17
93672,19593.27
93673,20619.11
93674,27907.52
93675,32003.41
93676,14889.21
93677,21295.67
93678,33600.8
93679,16246.22
93680,34571.72
93681,14943.39
93682,24390.45
93683,30637.08
93684,19143.42
93685,11114.94
93686,19078.54
93687,21030.19
93688,36606.14
93689,14001.97
93690,18666.17
93691,22537.84
93692,29057.2
93693,17168.49
93694,33516.42
93695,12810.19
93696,22869.92
93697,17642.57
93698,47821.49
93699,21030.5
93700,26214.34
93701,39599.02
93702,28107.94
93703,13661.97
93704,16589.3
93705,24586.89
93706,15944.56
93707,38687.33
93708,14232.9
93709,15592.96
93710,58670.79
93711,19744.32
93712,24377.47
93713,27696.17
93714,26002.95
93715,28073.06
93716,57724.96
93717,18708.83
93718,15556.07
93719,40160.79
93720,21889.23
93721,56041.05
93722,34443.55
93723,49861.2
93724,31176.49
93725,18902.85
93726,14171.76
93727,17142.18
93728,19722.12
93729,21478.37
93730,19096.65
93731,21128.54
93732,22553.33
93733,23129.69
93734,12584.8
93735,13122.82
93736,13523.89
93737,24036.0
93738,28605.71
93739,7417.13
93740,41892.3
93741,12581.96
93742,18317.6
93743,16775.37
93744,19553.6
93745,19940.51
93746,15582.37
93747,19044.14
93748,30905.71
93749,20920.45
93750,28514.43
93751,28523.66
93752,13985.35
93753,28240.94
93754,29950.46
93755,27673.14
93756,27950.01
93757,17548.41
93758,21854.0
93759,25038.77
93760,19513.94
93761,18998.3
93762,26616.59
93763,30174.05
93764,19924.94
93765,18513.14
93766,22652.06
93767,15922.29
93768,30381.35
93769,21742.2
93770,14008.53
93771,17661.19
93772,24301.89
93773,28944.21
93774,27102.5
93775,20862.82
93776,28279.58
93777,15885.61
93778,34684.73
93779,24004.22
93780,24124.68
93781,24757.53
93782,43027.16
93783,27620.08
93784,19266.01
93785,11774.98
93786,29200.03
93787,14999.55
93788,33155.07
93789,15394.04
93790,30254.19
93791,23006.13
93792,13908.01
93793,25802.5
93794,13944.52
93795,18296.42
93796,20401.06
93797,16717.52
93798,25898.09
93799,18163.58
93800,18726.52
93801,24253.54
93802,22423.08
93803,10332.77
93804,20094.59
93805,18312.39
93806,23099.7
93807,32672.3
93808,22628.9
93809,29369.66
93810,25414.63
93811,10489.75
93812,35643.33
93813,33260.84
93814,24997.59
93815,7003.28
93816,25905.16
93817,3463.95
93818,28370.8
93819,13730.58
93820,24155.26
93821,33320.34
93822,17026.46
93823,35689.55
93824,29171.21
93825,19328.66
93826,25409.42
93827,19459.36
93828,33581.59
93829,59576.38
93830,25616.57
93831,29474.53
93832,26510.79
93833,22668.75
93834,15595.28
93835,17404.27
93836,41556.08
93837,25552.73
93838,17885.39
93839,22220.79
93840,36627.48
93841,29011.08
93842,50563.46
93843,17451.44
93844,57850.05
93845,18619.78
93846,9672.48
93847,24938.57
93848,23396.51
93849,28292.82
93850,27824.84
93851,17282.24
93852,26023.03
93853,14872.06
93854,20286.03
93855,22321.15
93856,14617.62
93857,35854.15
93858,17234.49
93859,20584.22
93860,18950.47
93861,15930.03
93862,19839.88
93863,22419.9
93864,9232.37
93865,16219.01
93866,13047.76
93867,41529.41
93868,20306.74
93869,18184.14
93870,42131.76
93871,24049.35
93872,11621.99
93873,19898.86
93874,15766.01
93875,17316.3
93876,31668.68
93877,15113.39
93878,25681.38
93879,10284.73
93880,4263.24
93881,44275.88
93882,24849.29
93883,16093.58
93884,15503.12
93885,25900.19
93886,28079.51
93887,24976.87
93888,30262.14
93889,21937.0
93890,13107.97
93891,10196.04
93892,16179.51
93893,13006.35
93894,27045.03
93895,36615.06
93896,23413.01
93897,12079.56
93898,17066.59
93899,14054.03
93900,29307.76
93901,42638.64
93902,18685.13
93903,38830.39
93904,11459.65
93905,25947.06
93906,21104.73
93907,11035.49
93908,26256.6
93909,32626.28
93910,19925.99
93911,20460.91
93912,9552.07
93913,19001.26
93914,27474.27
93915,22140.56
93916,15632.06
93917,29422.63
93918,4803.45
93919,25439.61
93920,25875.94
93921,21582.56
93922,14854.89
93923,29083.86
93924,19406.83
93925,18120.58
93926,29101.79
93927,50090.7
93928,25397.05
93929,28282.25
93930,40106.02
93931,18435.05
93932,18302.93
93933,24858.57
93934,15388.38
93935,21951.38
93936,16190.86
93937,25729.4
93938,28689.63
93939,20154.89
93940,25476.13
93941,23837.79
93942,26398.27
93943,21479.45
93944,17282.66
93945,29870.69
93946,21145.17
93947,26441.64
93948,35656.48
93949,30435.56
93950,28049.47
93951,22865.63
93952,16676.02
93953,67823.53
93954,19429.62
93955,19226.27
93956,17555.61
93957,33406.01
93958,19054.56
93959,24489.56
93960,30006.2
93961,49592.87
93962,30578.47
93963,55872.9
93964,21530.96
93965,17121.33
93966,13311.34
93967,29232.1
93968,23843.94
93969,42747.45
93970,6660.88
93971,19097.5
93972,14529.22
93973,30836.68
93974,26710.86
93975,14596.37
93976,20439.65
93977,19886.87
93978,35400.75
93979,13280.41
93980,14771.39
93981,15263.74
93982,15082.96
93983,30815.21
93984,22584.91
93985,23773.69
93986,23355.7
93987,18331.86
93988,15967.12
93989,60324.02
93990,26805.39
93991,39538.67
93992,15923.21
93993,33387.66
93994,29762.16
93995,21717.64
93996,22013.78
93997,19965.79
93998,18914.45
93999,18934.61
94000,27964.02
94001,11392.11
94002,33478.28
94003,22335.42
94004,26718.43
94005,26774.59
94006,22100.0
94007,29399.37
94008,18576.38
94009,32010.26
94010,26757.52
94011,22357.42
94012,29095.98
94013,20486.14
94014,18753.73
94015,23467.74
94016,45208.86
94017,15794.34
94018,19161.61
94019,56098.47
94020,23024.73
94021,22765.61
94022,12600.76
94023,15741.4
94024,58287.66
94025,11717.77
94026,51723.76
94027,21963.84
94028,17055.35
94029,29632.72
94030,31169.26
94031,25023.81
94032,13304.35
94033,35420.97
94034,25585.8
94035,20833.34
94036,23784.0
94037,31504.47
94038,33164.49
94039,15348.49
94040,29762.26
94041,29802.49
94042,41198.57
94043,15808.5
94044,14863.7
94045,34313.7
94046,16074.2
94047,20932.56
94048,19489.9
94049,20004.63
94050,46616.48
94051,12980.66
94052,14525.07
94053,26526.57
94054,25222.63
94055,29646.85
94056,18941.71
94057,19967.65
94058,79074.28
94059,29907.73
94060,29229.35
94061,24883.26
94062,30824.43
94063,16126.83
94064,23994.58
94065,19711.03
94066,11085.75
94067,26494.89
94068,20168.57
94069,17008.8
94070,26023.03
94071,24336.28
94072,16411.71
94073,20237.5
94074,28911.39
94075,42517.25
94076,19747.03
94077,27347.64
94078,19993.84
94079,15432.38
94080,13841.6
94081,4025.02
94082,33456.71
94083,31500.09
94084,18942.22
94085,17906.2
94086,30567.61
94087,11828.33
94088,21696.01
94089,28061.44
94090,18741.06
94091,18760.45
94092,28177.23
94093,25727.99
94094,17194.73
94095,18770.65
94096,22615.01
94097,21097.66
94098,13980.23
94099,50656.5
94100,17405.88
94101,21947.56
94102,26244.46
94103,18707.73
94104,35542.3
94105,21760.13
94106,31821.24
94107,49594.99
94108,19214.96
94109,30239.4
94110,50201.78
94111,16884.38
94112,15043.09
94113,18461.31
94114,3263.07
94115,31412.6
94116,26160.42
94117,21370.92
94118,21265.39
94119,20767.88
94120,10348.41
94121,12964.67
94122,24652.4
94123,29878.28
94124,10915.13
94125,25208.38
94126,24305.47
94127,6201.48
94128,12658.76
94129,18408.97
94130,26363.43
94131,31355.96
94132,22387.44
94133,20246.44
94134,15933.23
94135,27279.94
94136,29007.04
94137,18922.7
94138,22371.74
94139,39727.95
94140,19223.57
94141,25068.51
94142,18061.13
94143,20321.33
94144,19373.44
94145,26607.2
94146,16900.0
94147,21325.3
94148,26589.02
94149,19449.35
94150,29095.6
94151,11452.32
94152,7086.05
94153,15197.44
94154,16353.31
94155,32125.92
94156,22298.27
94157,25577.45
94158,15702.41
94159,26529.96
94160,23289.91
94161,24722.21
94162,27465.02
94163,11845.9
94164,42869.45
94165,79507.64
94166,34114.36
94167,23934.79
94168,35223.46
94169,21247.78
94170,34364.45
94171,17408.91
94172,37382.75
94173,30277.67
94174,14830.03
94175,17639.85
94176,14913.38
94177,14728.48
94178,15504.79
94179,20035.68
94180,31479.06
94181,25578.39
94182,19674.03
94183,21669.38
94184,44795.06
94185,19405.45
94186,34407.21
94187,25451.61
94188,22195.76
94189,24715.1
94190,18007.51
94191,29522.94
94192,39249.65
94193,29390.77
94194,39077.02
94195,19515.15
94196,20679.85
94197,27062.79
94198,44969.71
94199,31956.7
94200,26489.24
94201,21294.9
94202,14377.28
94203,12767.63
94204,11301.61
94205,27519.42
94206,21496.51
94207,25082.03
94208,21165.7
94209,30993.67
94210,47506.38
94211,9834.05
94212,13078.44
94213,8587.38
94214,25314.7
94215,34338.68
94216,10318.69
94217,13163.66
94218,35389.87
94219,36915.97
94220,39405.54
94221,34147.75
94222,22356.98
94223,16632.15
94224,31966.53
94225,8445.41
94226,17305.17
94227,22146.06
94228,20274.83
94229,26838.42
94230,31089.45
94231,20582.11
94232,28977.03
94233,50057.45
94234,47888.85
94235,38259.34
94236,28608.4
94237,22432.29
94238,20501.99
94239,27781.4
94240,14204.62
94241,25630.86
94242,23272.89
94243,20563.62
94244,20234.15
94245,22431.05
94246,16213.26
94247,19810.37
94248,48372.96
94249,18588.7
94250,18401.39
94251,18550.91
94252,23059.06
94253,24883.42
94254,25084.17
94255,11741.96
94256,27808.96
94257,17311.66
94258,36518.59
94259,24062.01
94260,23072.82
94261,30876.79
94262,21338.24
94263,15464.5
94264,16088.21
94265,25866.93
94266,27087.35
94267,32276.96
94268,29052.86
94269,14274.13
94270,49390.05
94271,13908.06
94272,60769.36
94273,44393.59
94274,25656.51
94275,43266.94
94276,18517.29
94277,12904.29
94278,18618.76
94279,19901.32
94280,12152.92
94281,22482.81
94282,33408.74
94283,12351.58
94284,14404.81
94285,20110.25
94286,11068.0
94287,21109.9
94288,21892.37
94289,25093.32
94290,21808.64
94291,23703.89
94292,24443.3
94293,4867.38
94294,27913.81
94295,30848.8
94296,13735.27
94297,14619.28
94298,19156.12
94299,27279.31
94300,22451.02
94301,26184.04
94302,22864.46
94303,14660.82
94304,16370.87
94305,40223.49
94306,15916.7
94307,22100.37
94308,24070.23
94309,19437.38
94310,19197.49
94311,21403.0
94312,15767.45
94313,27994.65
94314,20014.64
94315,32832.16
94316,29854.12
94317,13810.69
94318,17448.1
94319,37326.41
94320,17697.7
94321,20650.13
94322,23992.37
94323,46451.6
94324,29074.85
94325,55711.58
94326,9408.14
94327,16089.46
94328,17593.53
94329,17902.75
94330,23171.43
94331,16051.42
94332,23414.5
94333,15770.12
94334,13753.63
94335,15237.12
94336,12277.24
94337,17965.73
94338,23653.62
94339,25367.88
94340,17588.26
94341,36928.83
94342,17198.0
94343,21733.29
94344,15274.84
94345,15042.12
94346,12449.59
94347,43064.79
94348,23257.95
94349,16828.83
94350,20630.24
94351,30265.0
94352,19997.55
94353,26439.08
94354,30700.49
94355,24903.92
94356,3532.79
94357,14760.88
94358,15994.68
94359,11880.15
94360,20922.17
94361,44870.0
94362,19013.72
94363,8374.6
94364,16566.44
94365,19371.13
94366,22858.07
94367,24525.18
94368,30147.7
94369,16047.25
94370,18989.02
94371,21863.25
94372,24497.51
94373,20364.27
94374,22986.47
94375,17046.21
94376,12151.24
94377,28680.85
94378,22181.99
94379,26045.9
94380,29176.54
94381,45084.73
94382,19776.13
94383,31800.45
94384,43584.14
94385,19160.69
94386,39206.53
94387,15381.65
94388,31134.35
94389,14934.75
94390,30313.43
94391,34761.37
94392,21021.57
94393,43424.03
94394,15890.77
94395,19929.11
94396,26796.46
94397,21069.81
94398,16276.64
94399,14675.29
94400,17145.38
94401,28144.49
94402,20563.92
94403,20074.77
94404,15205.22
94405,31881.89
94406,60947.02
94407,18652.07
94408,22075.86
94409,21148.2
94410,20948.66
94411,20288.66
94412,30776.39
94413,18300.66
94414,33212.6
94415,14302.07
94416,37968.07
94417,54389.85
94418,21925.78
94419,23286.44
94420,10420.93
94421,21544.76
94422,20921.29
94423,28586.24
94424,20617.15
94425,28509.81
94426,15991.7
94427,23330.39
94428,8968.25
94429,23049.21
94430,15923.42
94431,43258.07
94432,19885.31
94433,25285.33
94434,29392.78
94435,20030.63
94436,18783.38
94437,15113.76
94438,36459.0
94439,25157.91
94440,23414.55
94441,17095.35
94442,15679.68
94443,20357.6
94444,25205.52
94445,29877.58
94446,18221.81
94447,17449.55
94448,25945.16
94449,34290.73
94450,23834.07
94451,19328.48
94452,16302.77
94453,19910.48
94454,35824.21
94455,25679.83
94456,20920.99
94457,13124.69
94458,47010.41
94459,10703.21
94460,18802.41
94461,22336.31
94462,22084.96
94463,15400.49
94464,19155.34
94465,16922.38
94466,27638.34
94467,8586.88
94468,32244.06
94469,27678.93
94470,36479.72
94471,19075.58
94472,21348.73
94473,21672.44
94474,22468.72
94475,18705.01
94476,21915.15
94477,38860.97
94478,23683.52
94479,29412.5
94480,28586.1
94481,13531.11
94482,17756.46
94483,19358.46
94484,14092.09
94485,40947.95
94486,25832.65
94487,22653.97
94488,25758.06
94489,33473.3
94490,34097.5
94491,16076.05
94492,15774.09
94493,33348.56
94494,19301.5
94495,19177.94
94496,18760.71
94497,33765.06
94498,11156.84
94499,29536.53
94500,15742.7
94501,25736.22
94502,41445.28
94503,49146.27
94504,4406.52
94505,31945.3
94506,16648.54
94507,13989.07
94508,8911.58
94509,19983.35
94510,41597.09
94511,28659.72
94512,20057.49
94513,28116.21
94514,42670.24
94515,16254.57
94516,22053.57
94517,19001.34
94518,18572.35
94519,30894.05
94520,16778.75
94521,51153.99
94522,24381.53
94523,26010.35
94524,15811.23
94525,25314.8
94526,26068.75
94527,22350.34
94528,20017.19
94529,25813.63
94530,34571.72
94531,19782.15
94532,27504.88
94533,13798.4
94534,12861.82
94535,14267.57
94536,15306.78
94537,17231.13
94538,9237.99
94539,22627.58
94540,27421.24
94541,49915.57
94542,21703.71
94543,25082.03
94544,30768.36
94545,27866.57
94546,18571.89
94547,14098.57
94548,17328.09
94549,18217.02
94550,21960.58
94551,44778.48
94552,24458.84
94553,10217.91
94554,16215.81
94555,33226.45
94556,44592.01
94557,18581.99
94558,20499.45
94559,38214.7
94560,30839.1
94561,15261.03
94562,21937.43
94563,19974.78
94564,32396.83
94565,16564.35
94566,41967.95
94567,17062.51
94568,19037.42
94569,28862.12
94570,15634.32
94571,30391.32
94572,31006.87
94573,19182.56
94574,15683.04
94575,32016.34
94576,5077.09
94577,27426.22
94578,22459.51
94579,32248.32
94580,11482.75
94581,63957.57
94582,35190.71
94583,17023.92
94584,14483.25
94585,16248.35
94586,27932.87
94587,16997.34
94588,28607.67
94589,35495.25
94590,24203.28
94591,27856.14
94592,37109.61
94593,19154.07
94594,20305.44
94595,20770.91
94596,14955.24
94597,22403.78
94598,38331.53
94599,24964.63
94600,24364.98
94601,23160.71
94602,16838.66
94603,21959.33
94604,30200.49
94605,24509.82
94606,21369.42
94607,24530.77
94608,23713.19
94609,16276.12
94610,19850.97
94611,19535.73
94612,12423.42
94613,20164.87
94614,16132.91
94615,29096.21
94616,16301.53
94617,20029.16
94618,22042.16
94619,44808.98
94620,39758.75
94621,42144.42
94622,37154.2
94623,27506.78
94624,10353.34
94625,22480.21
94626,33565.4
94627,3985.89
94628,22159.14
94629,25215.43
94630,8102.49
94631,21719.76
94632,13841.28
94633,21478.24
94634,16392.26
94635,26777.6
94636,10882.93
94637,27240.11
94638,15319.17
94639,31683.46
94640,14877.56
94641,18780.8
94642,17186.67
94643,30496.19
94644,18951.33
94645,16013.71
94646,29842.14
94647,12428.48
94648,35999.65
94649,11355.59
94650,17037.94
94651,27576.06
94652,28596.91
94653,22357.42
94654,16393.64
94655,29113.74
94656,27629.22
94657,13817.31
94658,25583.4
94659,11984.74
94660,22902.4
94661,19612.04
94662,23285.09
94663,28656.53
94664,23449.01
94665,33658.75
94666,29363.2
94667,31110.95
94668,21138.82
94669,24017.48
94670,12822.86
94671,24562.3
94672,19793.05
94673,47392.84
94674,21702.66
94675,10095.24
94676,26156.74
94677,21074.28
94678,14730.57
94679,16067.42
94680,23794.07
94681,31389.21
94682,43960.16
94683,18050.83
94684,34566.82
94685,28316.56
94686,25988.79
94687,19105.29
94688,22014.49
94689,49246.16
94690,24748.07
94691,14951.4
94692,22116.04
94693,29011.05
94694,24221.8
94695,37846.39
94696,24783.79
94697,24990.64
94698,17505.22
94699,39251.84
94700,17525.82
94701,20922.03
94702,17135.62
94703,26394.01
94704,30628.69
94705,47520.52
94706,21774.49
94707,26206.23
94708,22446.65
94709,22152.56
94710,41443.93
94711,20137.74
94712,26401.69
94713,11860.85
94714,21527.3
94715,20130.24
94716,18779.09
94717,15004.76
94718,74221.05
94719,26331.94
94720,39505.8
94721,29217.86
94722,33945.91
94723,19486.51
94724,51357.97
94725,20965.18
94726,18036.44
94727,3837.62
94728,22791.95
94729,16494.85
94730,18102.39
94731,16473.86
94732,45429.63
94733,19868.9
94734,18601.12
94735,33610.41
94736,45180.52
94737,29154.89
94738,24433.24
94739,12017.04
94740,34233.7
94741,29518.67
94742,31389.62
94743,19080.51
94744,11611.09
94745,35364.59
94746,11665.4
94747,23991.73
94748,20290.69
94749,38176.04
94750,20235.35
94751,14460.92
94752,18118.96
94753,29837.89
94754,22907.75
94755,26641.68
94756,24208.57
94757,21577.14
94758,20914.78
94759,21913.64
94760,21263.22
94761,21514.68
94762,16960.12
94763,24999.61
94764,29279.17
94765,31842.61
94766,24944.18
94767,21070.69
94768,43917.83
94769,44217.43
94770,32190.75
94771,16485.66
94772,23021.0
94773,22977.94
94774,14362.66
94775,29955.65
94776,27139.41
94777,12085.49
94778,25000.47
94779,15173.64
94780,11518.77
94781,21262.74
94782,10286.14
94783,26629.08
94784,16549.46
94785,14660.61
94786,28093.16
94787,39676.74
94788,21179.83
94789,22263.31
94790,36315.49
94791,17756.84
94792,19686.11
94793,22752.63
94794,30683.46
94795,18837.85
94796,16560.55
94797,26479.29
94798,86000.6
94799,26806.98
94800,12790.16
94801,18508.47
94802,29105.28
94803,51775.67
94804,34211.78
94805,26331.21
94806,28661.44
94807,18104.61
94808,18696.83
94809,34521.28
94810,17397.66
94811,19308.24
94812,33292.35
94813,18978.83
94814,27058.54
94815,14799.99
94816,20126.78
94817,23366.65
94818,14243.34
94819,28808.3
94820,22866.85
94821,49915.57
94822,15177.71
94823,33071.23
94824,21216.77
94825,36672.65
94826,32678.11
94827,25629.21
94828,26375.25
94829,24497.43
94830,17983.65
94831,27152.04
94832,4034.51
94833,16211.5
94834,12128.04
94835,22768.04
94836,18313.34
94837,31563.95
94838,13310.22
94839,18006.35
94840,9266.77
94841,25181.77
94842,20307.02
94843,22630.04
94844,28455.28
94845,16242.54
94846,18629.52
94847,13487.5
94848,27388.51
94849,31435.94
94850,14518.82
94851,23872.69
94852,11775.94
94853,18919.94
94854,30677.83
94855,33241.98
94856,24781.82
94857,19204.01
94858,26195.33
94859,29194.13
94860,43980.57
94861,16262.77
94862,22002.42
94863,17462.16
94864,31083.86
94865,16221.7
94866,13028.71
94867,18355.09
94868,15474.81
94869,33817.06
94870,27183.37
94871,19295.64
94872,18454.11
94873,27908.69
94874,19499.26
94875,33410.01
94876,33887.86
94877,18131.4
94878,42666.16
94879,16920.45
94880,22622.89
94881,11336.52
94882,30239.33
94883,18392.69
94884,28353.25
94885,28653.72
94886,20714.6
94887,23160.89
94888,14543.53
94889,21454.14
94890,21235.81
94891,13411.66
94892,28725.72
94893,20778.88
94894,30954.21
94895,14515.03
94896,27743.32
94897,44686.92
94898,19628.36
94899,31226.59
94900,25851.12
94901,18894.41
94902,17149.42
94903,20373.42
94904,12880.78
94905,20094.58
94906,30063.69
94907,23418.04
94908,27071.97
94909,23693.39
94910,28147.83
94911,16794.63
94912,24223.9
94913,19616.64
94914,19660.5
94915,29551.7
94916,28383.45
94917,20064.35
94918,32895.4
94919,25068.51
94920,13723.21
94921,29528.26
94922,35794.93
94923,20607.64
94924,8841.54
94925,18635.36
94926,13001.4
94927,24129.78
94928,20081.64
94929,29398.07
94930,57596.25
94931,14465.15
94932,16812.03
94933,24816.39
94934,16155.86
94935,22265.47
94936,19258.85
94937,13530.26
94938,25733.08
94939,15941.84
94940,22735.96
94941,11193.63
94942,24978.29
94943,20393.21
94944,30034.12
94945,53978.87
94946,26012.26
94947,19748.46
94948,25863.56
94949,22244.64
94950,56237.45
94951,16324.37
94952,51900.21
94953,22369.82
94954,21066.19
94955,24865.12
94956,21350.21
94957,20104.16
94958,22564.48
94959,18024.0
94960,9003.89
94961,29327.06
94962,24195.26
94963,15112.64
94964,18296.67
94965,17297.26
94966,20721.44
94967,15882.05
94968,21245.66
94969,48608.42
94970,28097.57
94971,18539.05
94972,28679.53
94973,17171.31
94974,16816.06
94975,8621.89
94976,15844.51
94977,24501.67
94978,20498.71
94979,20475.84
94980,11260.97
94981,25329.87
94982,25831.86
94983,56466.08
94984,19577.13
94985,11793.53
94986,21999.98
94987,30826.92
94988,24710.99
94989,11270.79
94990,33797.75
94991,19380.36
94992,24958.49
94993,27045.17
94994,12014.83
94995,32106.57
94996,15658.37
94997,26021.83
94998,13585.9
94999,12023.78
95000,25983.45
95001,15894.34
95002,15220.28
95003,12075.86
95004,22515.77
95005,16179.18
95006,50735.51
95007,21883.47
95008,25420.15
95009,42839.53
95010,21075.63
95011,25258.5
95012,49419.6
95013,27097.62
95014,14089.58
95015,57106.71
95016,29778.02
95017,24537.13
95018,22244.68
95019,11892.97
95020,12928.89
95021,23708.36
95022,15085.17
95023,9396.04
95024,23425.48
95025,30509.42
95026,20847.19
95027,29099.93
95028,30502.3
95029,5846.82
95030,27108.86
95031,28233.09
95032,20655.48
95033,27577.24
95034,16439.83
95035,34540.24
95036,15400.32
95037,33775.48
95038,15290.52
95039,24231.04
95040,15208.24
95041,32501.99
95042,17929.96
95043,24608.13
95044,47229.87
95045,22309.44
95046,34081.16
95047,48934.31
95048,25220.99
95049,18468.28
95050,26509.68
95051,16338.47
95052,19467.59
95053,45403.77
95054,16462.2
95055,18067.87
95056,28525.9
95057,19389.54
95058,19334.71
95059,33010.12
95060,31427.19
95061,21761.97
95062,28044.0
95063,29702.69
95064,8923.33
95065,36579.4
95066,23502.13
95067,18038.21
95068,31097.62
95069,23780.47
95070,19421.1
95071,20782.15
95072,19574.31
95073,26318.3
95074,24456.07
95075,12778.11
95076,25625.11
95077,27875.11
95078,21862.82
95079,42783.55
95080,26135.69
95081,10465.45
95082,16604.73
95083,56958.57
95084,11980.75
95085,25189.61
95086,18976.86
95087,28094.85
95088,20384.93
95089,49682.26
95090,20365.41
95091,20429.61
95092,41608.01
95093,25477.22
95094,87111.54
95095,18698.51
95096,16765.09
95097,24416.84
95098,28658.59
95099,29638.22
95100,17436.88
95101,23714.75
95102,36454.63
95103,19087.63
95104,20148.49
95105,17668.61
95106,17568.17
95107,16202.22
95108,24490.56
95109,22618.74
95110,24478.49
95111,19259.99
95112,29688.46
95113,17118.21
95114,23946.23
95115,23802.23
95116,28806.11
95117,34495.07
95118,15266.16
95119,25956.81
95120,29668.74
95121,20574.53
95122,12995.59
95123,12780.51
95124,10914.18
95125,25505.65
95126,41409.7
95127,33333.04
95128,25963.86
95129,27126.57
95130,10245.83
95131,19614.8
95132,25899.16
95133,14359.78
95134,60644.45
95135,10497.55
95136,16809.54
95137,43527.27
95138,19860.41
95139,16281.26
95140,20513.99
95141,22441.49
95142,25332.45
95143,18439.03
95144,13350.4
95145,12448.02
95146,17991.89
95147,27410.6
95148,25869.23
95149,24181.99
95150,31530.75
95151,38951.6
95152,40748.03
95153,19100.33
95154,25682.76
95155,15182.61
95156,16658.5
95157,27177.92
95158,21914.5
95159,29822.97
95160,33978.02
95161,45666.92
95162,17187.32
95163,19084.65
95164,17267.38
95165,15623.21
95166,24977.43
95167,33265.3
95168,41178.73
95169,16252.95
95170,19680.39
95171,20293.94
95172,19159.45
95173,23812.84
95174,3944.23
95175,24772.84
95176,16437.26
95177,39462.55
95178,18516.91
95179,34709.78
95180,51012.34
95181,12953.55
95182,24492.19
95183,18769.96
95184,36483.06
95185,22104.03
95186,19060.0
95187,9874.86
95188,12447.9
95189,26933.65
95190,26934.8
95191,19547.54
95192,12918.09
95193,19973.81
95194,26869.78
95195,20358.55
95196,18703.04
95197,32598.23
95198,18657.77
95199,21306.34
95200,28278.7
95201,12932.1
95202,24399.18
95203,16515.8
95204,17388.53
95205,9484.02
95206,14174.61
95207,11043.85
95208,10724.84
95209,19650.93
95210,21218.48
95211,31250.88
95212,23297.09
95213,14249.48
95214,22908.78
95215,21561.3
95216,40106.02
95217,20268.32
95218,23456.45
95219,15953.62
95220,16172.79
95221,14011.31
95222,20285.52
95223,49442.19
95224,31985.96
95225,15829.07
95226,28217.1
95227,28846.33
95228,3814.4
95229,18861.53
95230,30836.22
95231,31905.08
95232,16338.35
95233,18844.36
95234,22581.41
95235,17644.41
95236,28336.46
95237,15303.04
95238,26962.8
95239,39839.21
95240,20089.13
95241,20305.62
95242,14044.63
95243,52476.11
95244,34558.67
95245,44895.87
95246,28494.94
95247,13966.84
95248,30436.67
95249,22026.95
95250,14204.84
95251,29581.04
95252,20659.47
95253,31058.08
95254,20165.26
95255,37766.15
95256,26656.36
95257,14993.06
95258,26876.35
95259,25227.14
95260,17561.82
95261,29724.67
95262,20359.83
95263,23039.92
95264,28197.37
95265,17669.48
95266,17075.29
95267,31472.66
95268,30713.26
95269,11661.33
95270,14486.0
95271,23373.09
95272,29243.93
95273,21398.02
95274,23604.78
95275,17917.08
95276,38723.17
95277,44751.42
95278,31097.27
95279,48121.8
95280,10790.41
95281,16127.56
95282,16202.66
95283,21121.28
95284,17382.44
95285,23213.52
95286,24632.17
95287,16987.04
95288,13290.34
95289,16099.87
95290,20206.19
95291,30015.47
95292,27968.22
95293,24170.82
95294,31731.25
95295,13198.01
95296,48090.01
95297,21156.37
95298,17404.43
95299,18427.19
95300,13539.82
95301,20121.09
95302,14950.24
95303,14072.53
95304,9344.54
95305,20037.7
95306,31646.98
95307,23504.02
95308,21418.3
95309,20398.09
95310,19523.53
95311,19928.24
95312,19730.48
95313,38602.53
95314,18547.54
95315,22062.84
95316,10799.1
95317,25165.11
95318,12140.26
95319,47570.73
95320,27759.11
95321,23162.07
95322,24195.45
95323,30006.03
95324,36483.06
95325,20396.85
95326,19057.85
95327,28155.31
95328,13140.15
95329,25985.03
95330,33924.08
95331,17825.06
95332,20259.99
95333,25760.54
95334,19835.08
95335,22975.93
95336,26010.47
95337,25068.51
95338,11572.75
95339,40279.2
95340,22122.8
95341,28729.85
95342,16337.31
95343,58742.2
95344,22798.45
95345,14074.52
95346,16729.39
95347,20925.77
95348,13473.29
95349,19026.71
95350,19840.53
95351,25162.45
95352,18161.37
95353,24954.94
95354,58983.89
95355,11197.64
95356,61298.01
95357,14528.9
95358,21458.09
95359,16089.63
95360,31705.94
95361,14693.17
95362,20551.04
95363,16655.97
95364,16889.35
95365,16068.31
95366,13628.6
95367,28890.01
95368,22400.68
95369,17024.13
95370,15367.5
95371,16301.28
95372,14419.93
95373,16782.02
95374,20402.36
95375,20125.21
95376,19230.86
95377,18565.64
95378,31789.93
95379,26769.43
95380,18447.52
95381,39784.81
95382,17406.94
95383,18133.78
95384,2651.72
95385,14404.31
95386,28351.49
95387,17975.14
95388,27478.37
95389,20618.87
95390,26398.39
95391,19820.58
95392,18089.27
95393,19395.93
95394,20330.42
95395,19082.37
95396,19160.82
95397,26079.41
95398,28715.47
95399,93551.11
95400,45565.48
95401,13772.04
95402,14460.45
95403,27162.03
95404,21440.88
95405,17022.41
95406,15153.47
95407,23872.25
95408,19984.11
95409,26289.34
95410,14166.91
95411,31782.14
95412,12173.79
95413,13019.35
95414,31307.5
95415,23431.04
95416,25294.24
95417,26878.5
95418,23520.0
95419,9826.96
95420,19226.26
95421,23600.91
95422,12827.84
95423,28174.62
95424,29351.94
95425,16284.26
95426,53591.24
95427,12888.13
95428,30665.9
95429,18677.99
95430,13971.0
95431,29829.21
95432,21687.72
95433,19594.32
95434,20142.54
95435,14128.05
95436,22443.4
95437,23699.76
95438,18900.23
95439,21497.47
95440,25027.65
95441,15843.83
95442,25590.54
95443,27550.36
95444,24537.23
95445,28358.37
95446,27967.38
95447,22410.96
95448,26467.06
95449,24033.85
95450,15795.79
95451,21618.62
95452,13775.96
95453,49916.67
95454,17692.56
95455,22268.73
95456,26793.4
95457,18693.57
95458,14663.28
95459,25164.5
95460,20554.92
95461,38674.1
95462,15139.43
95463,12775.63
95464,11868.36
95465,18021.52
95466,22858.76
95467,23522.85
95468,36085.34
95469,11449.9
95470,32063.17
95471,10827.43
95472,34245.97
95473,6825.9
95474,24052.25
95475,19087.45
95476,30332.69
95477,24628.24
95478,27654.73
95479,21778.45
95480,30545.33
95481,22060.94
95482,48755.58
95483,14374.46
95484,40170.18
95485,18579.01
95486,20273.47
95487,10996.69
95488,33156.02
95489,27624.32
95490,27805.7
95491,16144.35
95492,26541.5
95493,29912.19
95494,29331.95
95495,15677.07
95496,29176.69
95497,18688.57
95498,17055.25
95499,30614.79
95500,16473.74
95501,20363.27
95502,41136.48
95503,15824.59
95504,3970.15
95505,18128.47
95506,13871.85
95507,17565.4
95508,41136.48
95509,33133.89
95510,14265.82
95511,22890.17
95512,36342.6
95513,28983.75
95514,15703.11
95515,20730.43
95516,15155.38
95517,20354.3
95518,20673.64
95519,13272.31
95520,19248.07
95521,24726.59
95522,14562.86
95523,23656.23
95524,19299.39
95525,20332.08
95526,26114.68
95527,25652.0
95528,18413.5
95529,49706.52
95530,48903.64
95531,34454.21
95532,14435.73
95533,28077.68
95534,17434.83
95535,29842.9
95536,38054.9
95537,19726.67
95538,48001.89
95539,12818.59
95540,15296.16
95541,13816.19
95542,17062.36
95543,16139.8
95544,31266.45
95545,16644.47
95546,41549.8
95547,17837.8
95548,11702.31
95549,19107.5
95550,36225.67
95551,21242.29
95552,16007.72
95553,30334.23
95554,16154.75
95555,23929.23
95556,29727.42
95557,14374.31
95558,18912.02
95559,16584.74
95560,14976.14
95561,20707.74
95562,29671.93
95563,26767.95
95564,24498.43
95565,25158.06
95566,20982.13
95567,45170.43
95568,35200.41
95569,31054.87
95570,30135.65
95571,20973.26
95572,19058.21
95573,26386.12
95574,29659.04
95575,29793.95
95576,26698.52
95577,17008.91
95578,18591.66
95579,16328.65
95580,40365.24
95581,9579.66
95582,22550.66
95583,20451.34
95584,25816.07
95585,22116.85
95586,11931.68
95587,30239.4
95588,20183.66
95589,27334.66
95590,26111.36
95591,19460.1
95592,30866.15
95593,18866.05
95594,28191.07
95595,27491.29
95596,18684.16
95597,43770.3
95598,14783.78
95599,13853.78
95600,16852.24
95601,18339.21
95602,29949.0
95603,16435.73
95604,30060.05
95605,18730.72
95606,15106.19
95607,23776.2
95608,27239.37
95609,33866.85
95610,29474.99
95611,31820.74
95612,23813.96
95613,14507.67
95614,13426.26
95615,24898.52
95616,28544.41
95617,42073.9
95618,19865.28
95619,27990.3
95620,31686.59
95621,16679.21
95622,34425.15
95623,45942.68
95624,16536.33
95625,28733.82
95626,17772.14
95627,39050.93
95628,22545.69
95629,33600.13
95630,23380.2
95631,16476.87
95632,24639.89
95633,17286.3
95634,34301.16
95635,26972.1
95636,32034.29
95637,10532.94
95638,14343.75
95639,15091.42
95640,15925.67
95641,25013.48
95642,30341.87
95643,18397.23
95644,38701.82
95645,21907.69
95646,19195.66
95647,25232.02
95648,34391.52
95649,25640.43
95650,22025.74
95651,19059.97
95652,29170.72
95653,6620.52
95654,28561.66
95655,21490.8
95656,16826.99
95657,28350.93
95658,36181.26
95659,23469.48
95660,42342.65
95661,18008.84
95662,45214.93
95663,20889.34
95664,17851.37
95665,55936.29
95666,31524.99
95667,17089.79
95668,21261.95
95669,29082.01
95670,30584.55
95671,21661.37
95672,28244.47
95673,14337.34
95674,15893.68
95675,27164.9
95676,17818.81
95677,13756.21
95678,18569.57
95679,29073.93
95680,17619.0
95681,13832.86
95682,17415.17
95683,18249.7
95684,21398.07
95685,22083.21
95686,13693.98
95687,17402.64
95688,20954.03
95689,24718.25
95690,32372.58
95691,22741.79
95692,26813.82
95693,18342.5
95694,24923.1
95695,21036.01
95696,30361.42
95697,26373.63
95698,16954.04
95699,25528.27
95700,24180.47
95701,27299.54
95702,33997.1
95703,25662.48
95704,14949.58
95705,26790.08
95706,32949.82
95707,17358.53
95708,19084.42
95709,39661.49
95710,23858.27
95711,22573.06
95712,43900.87
95713,27598.4
95714,9246.36
95715,32782.83
95716,19772.97
95717,9358.03
95718,17947.72
95719,28619.45
95720,32240.44
95721,20184.46
95722,26405.04
95723,12044.94
95724,22600.78
95725,26182.87
95726,25995.74
95727,44844.15
95728,13467.12
95729,30197.33
95730,22453.05
95731,16794.84
95732,11479.54
95733,24836.52
95734,21703.71
95735,30311.62
95736,16450.44
95737,18875.67
95738,31109.54
95739,16410.16
95740,23443.42
95741,45264.8
95742,27866.24
95743,26285.17
95744,19744.49
95745,25660.68
95746,24950.48
95747,13537.93
95748,18620.51
95749,24852.79
95750,11166.17
95751,15990.82
95752,32071.03
95753,29880.04
95754,32274.49
95755,45080.55
95756,19906.57
95757,18929.65
95758,16413.78
95759,35322.0
95760,17113.17
95761,19489.63
95762,11885.35
95763,14308.97
95764,23759.43
95765,25831.86
95766,23224.09
95767,10440.97
95768,40188.1
95769,28613.61
95770,22987.48
95771,16501.25
95772,26921.67
95773,18034.89
95774,43816.04
95775,14413.54
95776,52566.87
95777,14666.78
95778,21910.48
95779,15767.77
95780,28934.87
95781,19449.76
95782,25385.9
95783,14257.69
95784,23505.82
95785,23690.74
95786,23653.83
95787,20178.0
95788,17515.0
95789,15716.44
95790,12466.88
95791,34774.24
95792,41627.96
95793,32475.37
95794,26601.35
95795,12528.76
95796,17372.85
95797,20601.03
95798,29916.96
95799,24683.46
95800,12781.23
95801,28855.48
95802,11731.5
95803,58764.69
95804,36578.78
95805,18683.43
95806,29047.47
95807,28816.61
95808,26110.59
95809,23669.35
95810,12819.23
95811,21192.96
95812,24334.5
95813,16335.38
95814,16189.6
95815,43905.41
95816,18770.66
95817,35257.12
95818,27168.26
95819,47264.58
95820,37968.11
95821,36039.83
95822,19176.0
95823,16012.57
95824,17278.57
95825,15870.89
95826,43938.43
95827,26649.56
95828,12011.66
95829,10847.24
95830,22706.67
95831,27101.79
95832,13991.42
95833,22449.76
95834,19318.41
95835,18751.16
95836,16825.81
95837,26117.11
95838,39680.37
95839,29438.61
95840,13371.72
95841,15852.28
95842,20413.67
95843,29537.59
95844,19593.0
95845,28096.95
95846,36941.87
95847,26783.0
95848,22050.27
95849,44895.82
95850,13332.98
95851,11025.77
95852,39489.25
95853,31245.15
95854,21045.22
95855,40502.83
95856,24743.46
95857,23437.12
95858,19395.6
95859,26527.8
95860,16717.59
95861,17551.41
95862,23100.32
95863,23686.02
95864,25726.88
95865,33729.01
95866,53489.73
95867,28636.98
95868,6846.93
95869,29058.03
95870,20743.94
95871,33467.83
95872,23742.16
95873,24134.24
95874,25644.28
95875,14444.97
95876,30866.16
95877,14407.72
95878,42592.08
95879,16595.63
95880,39943.62
95881,19271.7
95882,20205.67
95883,10814.88
95884,24130.93
95885,29310.89
95886,19956.5
95887,21680.54
95888,19338.34
95889,29350.82
95890,18375.6
95891,24907.89
95892,15879.52
95893,27552.42
95894,20834.93
95895,22932.55
95896,16249.2
95897,27861.06
95898,25147.85
95899,28356.27
95900,20701.19
95901,33241.98
95902,24018.78
95903,28984.96
95904,23125.82
95905,13614.43
95906,25290.61
95907,48511.1
95908,29986.78
95909,19745.12
95910,41177.99
95911,26591.91
95912,31951.19
95913,41783.39
95914,19363.94
95915,29159.99
95916,35252.27
95917,32420.11
95918,34097.5
95919,17517.61
95920,21553.71
95921,20016.8
95922,39369.95
95923,19622.22
95924,32110.97
95925,18030.45
95926,21739.06
95927,19725.99
95928,18014.55
95929,15015.76
95930,19899.78
95931,32297.93
95932,30703.18
95933,19353.74
95934,25208.07
95935,17605.24
95936,32777.06
95937,26969.61
95938,16288.1
95939,19420.68
95940,15972.93
95941,16217.72
95942,21954.4
95943,42598.54
95944,18571.02
95945,16583.3
95946,18752.17
95947,41121.74
95948,21586.96
95949,19771.34
95950,20400.2
95951,21857.58
95952,36378.56
95953,19270.52
95954,16694.29
95955,20920.99
95956,21045.33
95957,18029.03
95958,10243.5
95959,22524.43
95960,30920.03
95961,25390.35
95962,28783.14
95963,17981.4
95964,15337.97
95965,31976.9
95966,17354.76
95967,20468.37
95968,15692.16
95969,35738.74
95970,22303.35
95971,26815.66
95972,44602.91
95973,25831.86
95974,23910.33
95975,17440.84
95976,32633.13
95977,17856.23
95978,15359.91
95979,23273.62
95980,16723.89
95981,25300.86
95982,18455.86
95983,41392.1
95984,30965.24
95985,15922.29
95986,15466.9
95987,10261.78
95988,14514.78
95989,25424.67
95990,52617.83
95991,19410.52
95992,27760.67
95993,21269.82
95994,23580.31
95995,19474.04
95996,26126.17
95997,23084.06
95998,23807.46
95999,10961.12
96000,18307.47
96001,15804.87
96002,24106.43
96003,10239.4
96004,13839.35
96005,10767.5
96006,10166.17
96007,11950.82
96008,9137.25
96009,14457.21
96010,20675.98
96011,9399.62
96012,12909.77
96013,9372.71
96014,10186.9
96015,26138.69
96016,19322.53
96017,24919.33
96018,9335.83
96019,19451.88
96020,16218.36
96021,18883.12
96022,19862.39
96023,9369.65
96024,22330.6
96025,21868.67
96026,6590.45
96027,10509.23
96028,20383.35
96029,24046.53
96030,22723.33
96031,24552.25
96032,20508.01
96033,18872.0
96034,19022.06
96035,11214.64
96036,17216.67
96037,19068.98
96038,17625.5
96039,9833.99
96040,7922.18
96041,23563.38
96042,15295.62
96043,7719.41
96044,20248.9
96045,19975.78
96046,15819.46
96047,12312.58
96048,10658.39
96049,6205.97
96050,18873.24
96051,13804.42
96052,5055.65
96053,8414.76
96054,12279.46
96055,7803.48
96056,22094.11
96057,10467.0
96058,15298.2
96059,10144.68
96060,7837.95
96061,11472.77
96062,10635.76
96063,25743.31
96064,11047.83
96065,25729.02
96066,9117.91
96067,9861.33
96068,12677.02
96069,9064.14
96070,24049.35
96071,12172.05
96072,7423.59
96073,9494.38
96074,26566.84
96075,15309.54
96076,4837.19
96077,13731.77
96078,18573.53
96079,29962.34
96080,10890.6
96081,7367.65
96082,8176.37
96083,9279.54
96084,7600.09
96085,7645.59
96086,15252.73
96087,6454.33
96088,6455.73
96089,12809.59
96090,17321.21
96091,10466.01
96092,14375.24
96093,10666.89
96094,5132.73
96095,20397.58
96096,13656.96
96097,27034.04
96098,22245.56
96099,17674.76
96100,10396.45
96101,12700.28
96102,18353.55
96103,28073.3
96104,29053.34
96105,13431.87
96106,8998.19
96107,11115.98
96108,12609.94
96109,9562.64
96110,8980.3
96111,13097.91
96112,19574.98
96113,12900.04
96114,6668.05
96115,8881.17
96116,12698.75
96117,22101.77
96118,10941.26
96119,13545.09
96120,14882.02
96121,19555.38
96122,24496.2
96123,8243.62
96124,8303.39
96125,15236.75
96126,9064.42
96127,18509.82
96128,15932.05
96129,16038.21
96130,14703.7
96131,11009.17
96132,17989.92
96133,17575.81
96134,9703.68
96135,10264.54
96136,9269.2
96137,12719.12
96138,19093.7
96139,18695.9
96140,26532.54
96141,12150.55
96142,30468.07
96143,18891.51
96144,8595.13
96145,9235.98
96146,17743.89
96147,16318.69
96148,12423.76
96149,22117.56
96150,25410.58
96151,17096.65
96152,27633.66
96153,17417.84
96154,17562.28
96155,16140.59
96156,14977.53
96157,12942.12
96158,11177.52
96159,8105.84
96160,9016.5
96161,10081.34
96162,7598.42
96163,24242.52
96164,20134.55
96165,9358.95
96166,13658.26
96167,14691.49
96168,21591.52
96169,9909.69
96170,10612.28
96171,13028.5
96172,7045.03
96173,15140.82
96174,24859.44
96175,17901.21
96176,13801.91
96177,9071.48
96178,12706.8
96179,10449.22
96180,12549.48
96181,17444.3
96182,24853.14
96183,14769.34
96184,9267.61
96185,11297.61
96186,10056.99
96187,22422.08
96188,8989.18
96189,13031.57
96190,20316.81
96191,9545.17
96192,8912.03
96193,12463.35
96194,22841.98
96195,11446.04
96196,6223.47
96197,7868.99
96198,9714.23
96199,20084.43
96200,13191.15
96201,13355.18
96202,14191.7
96203,9755.39
96204,26850.96
96205,7218.48
96206,19617.05
96207,16714.33
96208,18272.56
96209,8184.16
96210,16473.67
96211,10760.08
96212,20865.56
96213,21217.24
96214,33360.7
96215,16677.13
96216,13190.84
96217,15443.66
96218,30201.69
96219,19440.92
96220,10406.07
96221,7891.22
96222,15853.69
96223,10798.98
96224,14026.24
96225,20165.5
96226,11048.19
96227,27220.59
96228,13856.99
96229,16958.07
96230,17860.37
96231,9563.22
96232,9504.08
96233,10533.39
96234,13815.25
96235,16023.4
96236,9369.65
96237,13467.0
96238,18478.64
96239,10145.42
96240,17630.0
96241,17806.94
96242,12672.91
96243,14462.57
96244,12819.84
96245,16221.63
96246,24084.11
96247,20316.1
96248,7838.04
96249,18640.38
96250,18331.03
96251,11614.03
96252,18140.03
96253,13347.35
96254,23734.06
96255,8991.07
96256,14602.82
96257,15074.75
96258,15579.62
96259,11929.92
96260,7183.23
96261,20727.43
96262,14393.55
96263,13372.51
96264,17780.23
96265,24099.91
96266,22674.83
96267,21458.39
96268,26616.32
96269,7431.17
96270,11980.84
96271,7683.54
96272,7973.27
96273,9287.31
96274,18072.67
96275,11964.07
96276,8286.02
96277,17893.62
96278,17306.27
96279,10263.7
96280,18123.93
96281,9255.56
96282,4652.3
96283,10344.21
96284,8189.49
96285,9654.47
96286,27572.33
96287,19334.09
96288,23296.25
96289,25870.76
96290,13829.37
96291,15195.62
96292,13471.33
96293,15361.81
96294,26803.48
96295,23804.96
96296,14820.96
96297,13894.68
96298,20441.42
96299,8972.69
96300,31833.02
96301,5055.65
96302,13546.92
96303,11982.09
96304,10498.04
96305,14945.92
96306,23679.88
96307,10706.06
96308,12414.26
96309,9770.59
96310,20887.39
96311,19890.6
96312,10118.05
96313,16556.58
96314,15340.37
96315,15663.24
96316,13381.2
96317,14250.04
96318,9246.99
96319,10328.84
96320,29631.65
96321,8287.32
96322,6900.68
96323,8054.36
96324,9589.34
96325,12017.95
96326,20612.01
96327,7536.59
96328,21880.89
96329,26606.99
96330,18739.2
96331,14574.67
96332,11582.9
96333,8005.0
96334,13340.39
96335,22112.1
96336,8707.23
96337,8169.48
96338,8795.63
96339,6891.15
96340,13416.48
96341,7615.35
96342,27892.39
96343,9396.53
96344,20203.46
96345,20253.23
96346,19697.95
96347,10634.7
96348,20979.44
96349,13827.4
96350,18360.63
96351,7749.11
96352,13392.72
96353,27684.13
96354,9139.36
96355,11102.02
96356,16466.69
96357,9059.21
96358,6475.6
96359,12385.38
96360,11719.53
96361,11878.35
96362,30348.14
96363,9690.07
96364,13528.32
96365,13571.66
96366,18381.99
96367,29968.35
96368,21305.82
96369,15151.97
96370,14074.22
96371,14339.98
96372,7319.16
96373,11036.37
96374,3496.71
96375,7528.02
96376,2905.27
96377,8599.4
96378,8734.15
96379,13568.0
96380,13574.22
96381,19917.89
96382,13608.92
96383,8637.67
96384,21545.06
96385,12882.18
96386,7776.52
96387,11113.29
96388,13402.98
96389,23146.67
96390,7748.48
96391,16893.69
96392,15502.35
96393,23343.03
96394,10049.35
96395,10529.96
96396,6658.88
96397,19591.74
96398,22689.06
96399,19847.91
96400,15373.64
96401,15169.12
96402,14636.78
96403,19145.31
96404,11907.55
96405,10361.72
96406,8644.4
96407,11973.81
96408,26477.63
96409,13251.72
96410,20690.35
96411,13531.96
96412,25733.11
96413,12527.26
96414,12474.93
96415,13280.67
96416,17617.65
96417,23228.02
96418,27802.44
96419,25097.56
96420,10968.22
96421,10595.93
96422,13408.16
96423,6316.56
96424,12807.18
96425,13112.18
96426,15478.6
96427,20917.82
96428,31310.77
96429,11948.35
96430,24009.89
96431,8424.27
96432,30054.99
96433,10833.42
96434,7975.75
96435,6439.83
96436,9681.92
96437,22616.43
96438,18249.67
96439,17638.64
96440,22157.84
96441,9521.11
96442,19448.79
96443,9676.01
96444,6086.27
96445,22376.41
96446,20347.59
96447,20252.44
96448,12781.77
96449,10394.75
96450,10587.96
96451,9589.73
96452,6390.91
96453,13311.28
96454,10248.71
96455,18205.27
96456,12489.32
96457,11823.42
96458,16702.74
96459,9354.92
96460,10154.11
96461,22990.54
96462,19543.05
96463,27851.6
96464,23016.23
96465,11619.44
96466,26713.2
96467,9703.97
96468,12022.47
96469,8950.52
96470,10150.96
96471,14180.47
96472,25912.41
96473,13101.61
96474,30561.72
96475,14631.5
96476,12655.6
96477,30159.13
96478,12350.79
96479,20630.11
96480,11095.24
96481,22166.59
96482,22156.56
96483,12489.7
96484,12734.65
96485,24254.31
96486,31005.91
96487,10561.24
96488,8343.02
96489,8879.37
96490,10173.72
96491,30727.23
96492,5455.08
96493,12197.2
96494,10856.89
96495,12251.55
96496,11360.47
96497,10573.76
96498,33745.26
96499,13662.19
96500,8133.42
96501,20723.19
96502,6892.04
96503,14782.86
96504,16398.97
96505,17884.49
96506,12826.49
96507,11101.29
96508,9255.56
96509,28196.78
96510,14040.37
96511,11471.38
96512,18752.22
96513,11630.27
96514,10916.11
96515,10073.51
96516,5889.64
96517,13085.7
96518,12396.77
96519,17135.03
96520,8883.66
96521,26972.34
96522,30680.44
96523,12986.45
96524,18635.59
96525,16949.73
96526,20865.56
96527,15836.79
96528,13276.72
96529,13717.65
96530,19447.15
96531,10230.99
96532,14190.33
96533,23249.33
96534,13537.07
96535,17532.78
96536,11707.83
96537,9498.25
96538,10925.22
96539,7937.07
96540,13946.52
96541,11375.0
96542,11559.88
96543,16571.48
96544,8086.74
96545,17670.85
96546,14050.24
96547,10822.07
96548,31854.37
96549,10837.59
96550,16127.22
96551,9015.09
96552,6136.09
96553,18409.99
96554,9419.05
96555,12448.26
96556,9694.45
96557,22149.43
96558,13375.58
96559,12209.81
96560,14793.75
96561,13234.49
96562,7956.19
96563,8365.56
96564,12982.59
96565,11961.92
96566,12774.56
96567,10548.14
96568,9474.38
96569,19515.47
96570,3266.23
96571,25148.26
96572,9477.7
96573,20837.33
96574,7494.91
96575,27461.95
96576,7536.06
96577,9574.66
96578,10286.53
96579,12902.22
96580,24723.14
96581,12658.54
96582,12145.52
96583,17203.96
96584,14363.93
96585,8976.03
96586,6881.91
96587,11462.46
96588,23708.94
96589,9170.88
96590,11551.38
96591,7852.1
96592,16409.56
96593,10608.28
96594,7762.88
96595,17305.63
96596,13006.73
96597,30848.13
96598,11679.33
96599,9229.73
96600,9615.54
96601,13054.65
96602,6893.34
96603,8948.69
96604,15032.43
96605,24238.1
96606,9899.41
96607,10002.95
96608,9263.95
96609,13405.87
96610,10769.23
96611,12174.94
96612,17677.86
96613,12390.74
96614,8608.77
96615,13541.7
96616,14651.87
96617,13527.05
96618,31077.58
96619,6229.94
96620,22518.22
96621,11654.52
96622,23705.13
96623,11282.92
96624,13240.07
96625,26061.43
96626,17868.43
96627,11561.73
96628,14668.25
96629,13831.94
96630,16058.41
96631,13947.04
96632,9750.99
96633,15458.01
96634,9124.71
96635,28557.03
96636,11282.68
96637,11335.74
96638,18715.31
96639,17409.46
96640,8040.97
96641,9320.83
96642,14862.05
96643,9791.77
96644,12858.61
96645,15799.38
96646,8889.91
96647,7360.88
96648,5456.43
96649,15392.17
96650,13110.14
96651,10140.66
96652,19356.05
96653,12449.92
96654,31606.35
96655,11573.55
96656,10791.18
96657,16278.99
96658,12785.7
96659,6615.46
96660,20130.04
96661,12984.69
96662,16388.6
96663,11129.89
96664,13195.49
96665,5897.18
96666,7785.25
96667,15523.52
96668,13060.38
96669,24503.29
96670,8925.77
96671,11786.92
96672,22683.82
96673,9074.01
96674,11067.82
96675,22513.47
96676,6864.96
96677,5790.35
96678,10567.23
96679,12269.5
96680,9428.45
96681,12543.86
96682,26477.63
96683,16266.48
96684,5875.77
96685,27736.02
96686,21989.38
96687,13459.59
96688,8720.72
96689,22030.7
96690,16520.28
96691,6762.31
96692,13250.47
96693,10353.25
96694,13832.82
96695,6729.27
96696,10731.73
96697,8981.57
96698,6983.36
96699,13298.59
96700,17327.12
96701,12005.59
96702,19750.2
96703,27053.02
96704,8719.66
96705,11863.62
96706,8658.87
96707,9212.54
96708,15243.86
96709,11196.99
96710,6203.86
96711,15920.03
96712,16711.87
96713,16152.68
96714,12412.55
96715,13229.64
96716,17923.6
96717,9899.02
96718,27334.53
96719,17912.39
96720,19139.71
96721,20657.42
96722,18897.13
96723,18408.52
96724,12251.04
96725,9859.47
96726,7359.36
96727,8450.88
96728,21434.29
96729,8915.74
96730,12020.89
96731,7936.03
96732,11761.74
96733,9388.72
96734,6386.29
96735,11870.01
96736,9649.49
96737,23232.98
96738,13605.67
96739,15640.19
96740,14399.85
96741,10242.36
96742,7377.6
96743,13475.3
96744,12727.41
96745,8358.22
96746,8052.48
96747,14627.43
96748,4864.38
96749,6926.34
96750,5180.44
96751,11073.01
96752,8378.73
96753,14793.75
96754,22104.65
96755,6426.38
96756,20749.68
96757,10209.05
96758,16415.24
96759,15701.13
96760,32882.33
96761,9474.03
96762,10670.52
96763,8513.58
96764,18351.15
96765,11530.33
96766,19383.65
96767,25002.85
96768,17407.67
96769,11767.43
96770,9842.72
96771,13055.52
96772,15557.78
96773,18211.84
96774,22009.62
96775,14215.27
96776,23003.44
96777,10732.83
96778,13526.12
96779,24130.77
96780,25472.38
96781,31932.55
96782,20017.02
96783,30315.25
96784,8546.28
96785,18331.32
96786,8762.28
96787,13964.2
96788,7597.61
96789,10323.51
96790,6621.04
96791,15248.45
96792,8502.9
96793,9805.64
96794,14239.94
96795,10803.79
96796,23441.07
96797,4910.67
96798,30346.76
96799,12103.82
96800,10527.87
96801,13225.98
96802,15176.3
96803,22548.84
96804,13229.84
96805,13161.71
96806,26297.6
96807,17750.46
96808,18439.08
96809,12230.43
96810,2073.45
96811,33395.75
96812,12321.72
96813,13899.85
96814,23330.44
96815,9603.02
96816,12917.51
96817,11237.07
96818,12669.31
96819,30072.24
96820,9723.08
96821,21650.64
96822,12510.74
96823,26201.66
96824,5976.34
96825,5910.94
96826,14196.51
96827,20562.37
96828,11495.02
96829,12083.76
96830,13587.04
96831,7162.24
96832,15937.37
96833,17555.25
96834,13789.16
96835,20467.28
96836,15055.52
96837,5906.05
96838,24878.72
96839,15149.89
96840,10589.4
96841,6332.08
96842,12506.63
96843,6020.86
96844,10645.58
96845,19575.21
96846,22795.86
96847,12518.81
96848,4800.34
96849,13720.81
96850,19727.04
96851,8480.09
96852,6945.64
96853,27164.12
96854,12102.65
96855,11062.45
96856,9834.25
96857,9046.89
96858,7875.96
96859,7443.2
96860,25004.81
96861,16879.88
96862,8775.72
96863,8968.68
96864,9244.98
96865,12858.95
96866,25619.57
96867,7875.16
96868,20056.68
96869,7559.08
96870,10031.79
96871,16878.5
96872,13119.27
96873,13150.64
96874,5346.42
96875,13816.81
96876,24528.85
96877,9833.87
96878,19928.08
96879,20440.28
96880,19752.15
96881,7315.46
96882,9796.9
96883,22159.86
96884,17915.86
96885,17314.26
96886,13580.4
96887,15242.54
96888,9793.33
96889,17842.87
96890,4056.35
96891,15122.62
96892,30068.06
96893,10872.33
96894,8581.29
96895,12371.26
96896,12217.28
96897,10120.25
96898,30836.09
96899,7979.08
96900,15160.54
96901,25856.78
96902,20620.89
96903,17543.78
96904,5355.44
96905,17915.47
96906,12865.79
96907,12593.31
96908,12628.47
96909,13936.07
96910,14019.37
96911,29735.6
96912,12239.41
96913,17741.88
96914,7253.85
96915,28490.08
96916,13281.78
96917,11072.94
96918,18621.9
96919,8386.33
96920,19309.73
96921,7717.96
96922,14159.94
96923,11013.91
96924,28011.95
96925,14441.17
96926,33346.91
96927,8949.88
96928,23143.29
96929,12725.83
96930,13990.7
96931,17476.03
96932,31013.3
96933,9566.96
96934,8033.77
96935,21168.05
96936,25126.53
96937,12008.87
96938,15844.88
96939,20546.84
96940,9273.51
96941,8108.39
96942,18282.06
96943,10585.37
96944,12516.6
96945,10650.28
96946,15793.14
96947,8937.36
96948,10594.09
96949,18956.21
96950,12170.88
96951,19061.51
96952,6662.56
96953,20838.96
96954,25298.44
96955,13341.16
96956,10193.67
96957,21976.99
96958,13616.75
96959,13102.32
96960,24046.54
96961,21796.86
96962,11510.7
96963,11073.54
96964,6375.91
96965,8669.09
96966,6301.54
96967,13021.26
96968,14845.42
96969,9158.93
96970,9039.1
96971,14942.01
96972,9245.6
96973,16344.42
96974,9318.93
96975,12840.47
96976,17331.07
96977,20407.16
96978,8909.5
96979,18729.31
96980,8414.82
96981,9150.39
96982,17692.57
96983,18747.78
96984,17871.41
96985,13626.52
96986,11803.78
96987,8161.17
96988,6819.06
96989,13238.15
96990,21849.13
96991,9503.66
96992,11046.47
96993,17436.87
96994,3883.17
96995,13378.82
96996,18696.34
96997,23159.34
96998,13365.64
96999,8544.38
97000,19505.5
97001,9060.99
97002,18406.1
97003,7430.7
97004,13042.41
97005,18471.53
97006,11760.02
97007,20226.64
97008,12667.75
97009,22103.04
97010,14653.9
97011,12542.73
97012,11254.2
97013,7933.36
97014,5317.62
97015,25601.71
97016,11142.57
97017,6431.85
97018,13274.95
97019,21997.77
97020,12717.91
97021,25554.58
97022,22225.4
97023,15207.01
97024,17677.81
97025,12914.57
97026,12305.8
97027,10348.61
97028,9533.92
97029,12860.19
97030,8031.47
97031,9761.09
97032,5574.44
97033,8747.82
97034,11758.41
97035,8187.29
97036,9218.93
97037,13800.53
97038,13229.06
97039,19858.6
97040,8444.62
97041,11050.85
97042,9822.43
97043,14088.18
97044,9941.61
97045,4508.11
97046,17137.99
97047,11195.61
97048,8676.46
97049,6422.4
97050,11276.06
97051,7546.91
97052,11925.89
97053,15292.26
97054,11715.61
97055,19442.02
97056,21717.98
97057,10415.31
97058,23282.49
97059,13050.7
97060,15321.08
97061,3057.59
97062,15951.46
97063,18498.55
97064,7180.47
97065,6836.05
97066,13261.85
97067,27445.26
97068,19155.7
97069,25665.77
97070,14391.53
97071,8081.19
97072,13281.36
97073,9923.22
97074,18722.12
97075,20024.31
97076,18302.85
97077,11148.33
97078,16651.85
97079,12702.87
97080,24236.36
97081,11991.36
97082,29377.45
97083,12155.53
97084,9630.16
97085,4727.33
97086,13585.82
97087,13113.96
97088,16561.12
97089,15964.76
97090,14951.84
97091,10663.23
97092,8880.52
97093,25529.23
97094,16129.79
97095,20638.87
97096,12581.71
97097,7496.23
97098,17982.41
97099,6846.01
97100,9683.99
97101,31490.13
97102,14132.31
97103,32685.13
97104,9097.03
97105,13097.97
97106,16053.48
97107,21194.4
97108,17459.18
97109,8118.8
97110,16232.13
97111,9924.17
97112,14546.6
97113,14349.54
97114,22883.46
97115,6494.75
97116,6786.85
97117,15852.92
97118,15518.5
97119,17757.09
97120,13317.47
97121,16866.51
97122,12410.47
97123,11378.38
97124,8510.17
97125,6909.21
97126,11438.05
97127,4399.87
97128,7177.86
97129,12324.24
97130,19407.76
97131,12593.78
97132,5855.71
97133,10815.44
97134,27500.44
97135,12741.48
97136,10793.93
97137,7778.94
97138,11014.32
97139,12211.66
97140,13310.2
97141,20104.37
97142,20960.83
97143,26742.68
97144,13895.31
97145,5824.99
97146,15897.93
97147,28222.57
97148,22441.08
97149,10547.64
97150,12777.67
97151,19872.12
97152,21946.73
97153,9420.89
97154,15028.12
97155,8916.44
97156,6984.28
97157,14651.19
97158,12120.78
97159,17427.57
97160,29351.79
97161,20401.68
97162,6658.28
97163,11208.16
97164,20208.62
97165,4680.98
97166,13715.53
97167,13153.81
97168,10566.87
97169,6922.11
97170,7858.58
97171,21690.94
97172,12659.49
97173,12108.44
97174,11356.0
97175,13463.41
97176,20318.15
97177,8580.6
97178,9017.18
97179,14277.84
97180,33140.2
97181,10432.12
97182,11556.31
97183,18681.95
97184,7089.48
97185,14886.39
97186,9909.65
97187,8340.55
97188,21384.0
97189,10212.76
97190,11773.37
97191,17476.2
97192,10216.93
97193,9391.58
97194,12220.0
97195,22388.59
97196,13678.23
97197,14068.73
97198,11580.32
97199,12305.53
97200,8452.92
97201,10568.13
97202,24986.65
97203,12986.22
97204,28447.17
97205,5527.58
97206,6589.36
97207,11380.39
97208,12838.31
97209,6916.06
97210,19026.4
97211,19963.73
97212,21123.03
97213,26223.13
97214,14466.55
97215,20211.21
97216,23436.62
97217,18650.39
97218,8902.05
97219,10036.02
97220,15886.77
97221,9490.11
97222,17771.13
97223,12723.41
97224,14865.56
97225,17771.85
97226,12860.75
97227,15842.59
97228,11239.85
97229,11924.5
97230,17380.72
97231,6354.11
97232,9769.15
97233,23812.47
97234,13314.1
97235,12088.78
97236,6901.24
97237,8331.33
97238,4967.89
97239,20793.62
97240,11626.22
97241,7624.52
97242,10549.63
97243,11021.32
97244,31603.8
97245,28876.48
97246,13011.58
97247,12922.16
97248,11658.12
97249,8646.75
97250,16343.8
97251,15740.63
97252,14006.81
97253,8542.21
97254,20776.12
97255,12220.52
97256,13435.41
97257,24645.94
97258,17453.33
97259,15251.52
97260,12722.2
97261,10885.76
97262,9190.36
97263,10780.58
97264,7055.12
97265,20146.73
97266,10702.6
97267,21746.54
97268,13453.22
97269,10170.17
97270,6527.52
97271,6545.22
97272,28166.32
97273,30400.89
97274,13552.15
97275,10100.9
97276,7024.57
97277,20349.58
97278,7523.38
97279,13310.61
97280,14419.45
97281,9002.28
97282,18975.44
97283,23351.11
97284,2689.27
97285,10303.95
97286,28580.9
97287,8545.27
97288,15311.12
97289,13527.99
97290,28748.77
97291,9601.55
97292,11961.72
97293,10027.32
97294,8253.61
97295,8456.33
97296,5711.07
97297,25666.04
97298,12189.95
97299,15366.19
97300,8115.91
97301,12991.72
97302,6494.76
97303,31606.15
97304,18724.71
97305,12629.79
97306,10473.69
97307,10970.26
97308,10138.73
97309,8141.71
97310,7571.68
97311,10265.88
97312,12751.15
97313,17309.71
97314,10129.42
97315,16519.88
97316,8305.77
97317,8896.14
97318,8127.69
97319,11072.94
97320,11932.81
97321,22189.53
97322,8826.28
97323,22495.83
97324,4649.47
97325,9288.14
97326,8311.22
97327,12417.84
97328,12664.89
97329,6232.81
97330,11218.48
97331,15823.15
97332,15887.1
97333,17874.37
97334,9262.54
97335,20675.98
97336,9590.81
97337,11099.31
97338,6786.55
97339,32233.32
97340,6895.02
97341,14601.15
97342,11693.28
97343,25754.2
97344,5654.3
97345,26433.64
97346,9198.89
97347,14195.87
97348,11140.15
97349,6543.53
97350,23653.16
97351,11747.93
97352,12130.53
97353,10784.58
97354,8213.81
97355,16237.57
97356,9178.2
97357,6982.43
97358,8264.41
97359,8665.72
97360,11187.22
97361,7740.84
97362,14613.67
97363,10771.94
97364,12692.54
97365,15145.7
97366,14159.14
97367,10573.46
97368,9481.19
97369,25789.45
97370,19527.99
97371,12929.73
97372,13078.49
97373,20476.67
97374,14248.36
97375,10746.67
97376,7483.45
97377,15680.49
97378,22471.58
97379,23878.46
97380,16040.35
97381,13062.17
97382,13985.08
97383,13507.39
97384,11870.01
97385,9743.71
97386,17057.81
97387,10025.01
97388,11098.04
97389,33096.39
97390,28476.64
97391,16008.46
97392,25790.58
97393,7792.05
97394,12976.28
97395,13380.64
97396,6510.08
97397,9785.13
97398,11466.75
97399,12592.46
97400,11120.35
97401,7779.76
97402,9563.41
97403,13533.5
97404,13687.31
97405,10765.87
97406,5885.36
97407,10776.46
97408,22600.72
97409,10085.31
97410,10856.96
97411,6944.22
97412,10260.57
97413,10724.69
97414,28120.82
97415,11386.09
97416,16067.83
97417,17223.65
97418,23921.81
97419,7439.64
97420,14367.4
97421,13184.54
97422,13600.2
97423,14524.8
97424,20313.61
97425,13268.9
97426,7348.91
97427,18343.44
97428,17267.62
97429,9349.15
97430,13261.14
97431,20266.03
97432,13655.31
97433,10123.49
97434,21738.2
97435,8383.38
97436,5253.9
97437,13066.82
97438,11308.16
97439,14506.35
97440,12743.56
97441,29926.48
97442,6237.95
97443,24844.27
97444,8593.88
97445,17894.08
97446,24610.25
97447,29801.12
97448,9084.06
97449,13036.74
97450,7972.27
97451,8886.22
97452,7875.66
97453,14372.54
97454,15749.66
97455,11557.49
97456,26513.05
97457,20510.18
97458,16341.66
97459,7881.51
97460,9798.68
97461,14428.57
97462,17811.89
97463,9833.99
97464,11650.97
97465,12602.97
97466,10640.1
97467,25197.13
97468,25443.9
97469,17615.43
97470,15289.07
97471,19476.94
97472,6460.95
97473,9363.17
97474,15295.42
97475,12303.15
97476,21934.93
97477,13707.14
97478,12589.39
97479,26436.72
97480,29517.99
97481,9366.38
97482,6384.21
97483,6487.66
97484,13823.37
97485,30178.46
97486,13093.61
97487,24921.64
97488,20382.9
97489,10360.33
97490,7384.02
97491,10178.25
97492,19662.03
97493,18005.09
97494,17488.38
97495,12658.03
97496,12914.33
97497,6391.2
97498,10650.99
97499,8683.25
97500,25432.01
97501,9461.67
97502,9477.2
97503,16729.53
97504,19483.62
97505,14855.47
97506,8945.57
97507,7837.32
97508,9030.56
97509,20432.95
97510,18079.36
97511,11811.49
97512,17374.89
97513,17651.94
97514,12826.49
97515,15981.69
97516,8273.72
97517,24184.75
97518,13352.02
97519,20208.99
97520,21175.17
97521,6859.01
97522,12785.86
97523,19444.05
97524,6808.94
97525,7330.46
97526,18632.38
97527,4909.87
97528,8360.24
97529,20947.89
97530,8403.17
97531,29477.93
97532,10140.34
97533,25609.89
97534,7504.57
97535,31725.25
97536,15191.85
97537,14106.1
97538,16952.04
97539,9427.68
97540,12788.77
97541,9142.97
97542,11571.29
97543,10338.73
97544,12287.23
97545,11132.58
97546,13351.74
97547,9039.54
97548,15308.73
97549,18157.64
97550,10585.86
97551,20507.37
97552,9190.1
97553,18905.69
97554,4686.46
97555,12421.21
97556,14351.77
97557,11142.45
97558,18680.42
97559,14617.81
97560,6206.5
97561,19444.96
97562,12682.72
97563,20104.38
97564,15037.55
97565,24916.32
97566,8217.25
97567,7675.22
97568,14370.41
97569,14087.03
97570,8479.27
97571,25277.87
97572,10007.14
97573,12220.25
97574,8013.29
97575,9771.6
97576,11329.7
97577,7589.78
97578,10658.99
97579,8943.01
97580,26252.97
97581,21546.64
97582,24028.79
97583,8194.16
97584,15513.43
97585,25706.09
97586,19321.77
97587,10413.8
97588,8910.54
97589,26192.14
97590,13438.53
97591,18662.83
97592,20918.19
97593,22012.46
97594,12284.6
97595,7955.39
97596,23523.87
97597,9610.43
97598,22372.72
97599,8545.32
97600,19158.4
97601,10346.05
97602,21884.65
97603,14083.28
97604,10476.23
97605,21559.88
97606,8838.85
97607,18631.27
97608,10598.5
97609,6216.19
97610,28963.65
97611,16983.63
97612,10965.44
97613,12853.54
97614,8273.57
97615,13296.97
97616,13505.08
97617,13025.79
97618,8741.73
97619,30576.88
97620,7539.68
97621,20936.64
97622,19219.57
97623,8719.25
97624,12398.23
97625,10966.33
97626,6310.69
97627,21037.66
97628,19147.67
97629,25269.45
97630,19253.05
97631,13806.6
97632,10625.44
97633,11427.56
97634,12986.57
97635,26633.36
97636,13973.58
97637,11076.67
97638,7986.64
97639,12021.8
97640,32714.62
97641,6014.36
97642,17771.93
97643,7881.44
97644,6707.3
97645,12413.9
97646,17347.79
97647,7988.61
97648,7462.02
97649,11322.96
97650,17844.74
97651,8228.78
97652,18586.93
97653,14135.97
97654,6401.32
97655,15823.27
97656,15574.8
97657,29944.2
97658,11415.04
97659,7103.73
97660,9078.91
97661,11648.08
97662,8639.73
97663,17904.67
97664,29000.63
97665,7982.95
97666,12710.59
97667,11574.82
97668,19275.69
97669,22497.81
97670,20314.39
97671,13150.25
97672,23851.76
97673,9075.17
97674,9292.68
97675,8647.76
97676,7406.51
97677,14667.37
97678,7694.28
97679,13403.11
97680,12553.64
97681,6336.2
97682,22445.02
97683,13612.24
97684,11405.62
97685,7589.76
97686,13810.96
97687,11002.6
97688,6528.24
97689,8416.75
97690,17983.98
97691,17809.12
97692,19401.19
97693,15358.86
97694,12588.59
97695,10866.03
97696,9070.79
97697,13247.19
97698,6750.4
97699,6285.89
97700,22910.65
97701,17163.46
97702,7446.07
97703,12828.29
97704,7828.54
97705,24962.83
97706,17383.86
97707,6310.67
97708,13404.74
97709,9579.27
97710,17858.83
97711,9468.27
97712,14964.21
97713,14205.63
97714,15927.32
97715,8078.25
97716,15942.0
97717,22330.96
97718,9493.51
97719,25570.47
97720,7734.48
97721,16574.95
97722,19273.7
97723,6680.1
97724,10965.11
97725,26916.67
97726,3325.22
97727,8568.46
97728,13547.75
97729,13021.65
97730,11100.65
97731,20655.97
97732,13395.87
97733,20092.84
97734,12046.19
97735,14134.55
97736,8416.26
97737,18516.15
97738,6819.06
97739,11025.4
97740,26720.72
97741,17339.89
97742,8828.68
97743,12900.22
97744,17377.78
97745,18719.85
97746,7886.54
97747,5656.9
97748,12737.07
97749,12739.61
97750,31595.37
97751,7258.36
97752,6989.3
97753,10214.07
97754,17173.79
97755,12644.77
97756,11237.63
97757,15393.68
97758,10377.95
97759,18994.67
97760,16813.77
97761,19332.93
97762,9233.81
97763,7119.82
97764,13083.44
97765,10657.5
97766,20724.7
97767,26525.85
97768,18342.07
97769,10314.22
97770,9097.88
97771,8911.86
97772,16368.62
97773,26826.98
97774,22215.0
97775,10856.48
97776,12845.76
97777,22599.31
97778,10463.61
97779,8795.89
97780,27300.09
97781,10672.76
97782,20646.88
97783,6772.15
97784,20618.91
97785,8075.04
97786,16784.75
97787,19896.05
97788,9978.45
97789,11651.81
97790,13079.36
97791,13322.37
97792,18103.37
97793,13277.52
97794,5156.67
97795,14331.63
97796,10648.75
97797,13109.17
97798,8558.48
97799,14001.5
97800,10140.24
97801,8661.37
97802,10671.48
97803,6944.23
97804,18470.56
97805,6859.69
97806,20262.03
97807,12598.08
97808,9068.85
97809,9328.17
97810,10124.21
97811,26756.5
97812,30573.21
97813,13050.13
97814,15656.37
97815,7331.06
97816,15968.7
97817,23571.65
97818,13089.93
97819,4336.93
97820,18587.95
97821,14473.14
97822,10064.48
97823,18940.02
97824,9269.05
97825,17192.82
97826,31391.03
97827,17111.39
97828,13464.03
97829,23504.66
97830,12936.89
97831,15142.53
97832,14815.92
97833,21960.08
97834,10058.72
97835,12429.97
97836,4527.65
97837,11746.45
97838,13632.22
97839,26999.18
97840,12017.95
97841,15157.3
97842,6302.0
97843,8779.59
97844,20355.74
97845,9320.38
97846,24488.11
97847,22338.18
97848,15355.59
97849,8241.86
97850,14527.33
97851,12116.1
97852,10122.24
97853,7760.3
97854,27962.76
97855,27450.86
97856,11504.15
97857,9734.3
97858,15181.71
97859,13003.46
97860,9005.21
97861,6904.13
97862,8966.95
97863,9121.12
97864,13091.47
97865,14416.78
97866,26191.27
97867,17820.45
97868,26321.8
97869,13531.63
97870,9398.62
97871,6645.06
97872,7760.33
97873,12727.45
97874,13034.89
97875,22050.61
97876,11045.7
97877,13687.26
97878,13392.72
97879,15800.59
97880,23191.32
97881,3860.45
97882,11823.52
97883,10325.61
97884,9948.13
97885,10814.98
97886,11363.04
97887,12668.49
97888,20718.63
97889,11269.94
97890,12116.1
97891,12112.92
97892,10144.1
97893,14755.09
97894,7852.9
97895,13720.11
97896,14650.91
97897,13394.98
97898,11824.27
97899,8987.96
97900,7530.11
97901,7915.18
97902,20535.47
97903,11688.91
97904,17461.31
97905,9356.75
97906,18407.45
97907,7183.33
97908,11966.62
97909,18416.27
97910,7291.54
97911,11911.04
97912,5588.99
97913,19966.22
97914,10571.13
97915,16622.89
97916,6087.3
97917,11994.95
97918,23998.08
97919,7964.26
97920,8855.78
97921,13922.23
97922,13050.3
97923,12821.25
97924,11970.32
97925,3671.33
97926,10143.75
97927,6537.18
97928,7047.36
97929,19369.06
97930,6920.02
97931,11407.15
97932,12251.06
97933,24397.14
97934,20452.84
97935,9717.3
97936,13856.39
97937,8884.63
97938,6620.13
97939,16495.27
97940,10060.79
97941,10267.65
97942,25254.91
97943,24316.36
97944,22358.14
97945,9248.44
97946,20305.33
97947,10739.06
97948,8605.14
97949,8363.0
97950,18219.67
97951,16873.05
97952,13152.44
97953,7187.58
97954,6030.47
97955,12134.51
97956,8339.49
97957,10809.51
97958,20347.65
97959,18499.52
97960,7154.85
97961,12827.86
97962,8832.26
97963,6217.52
97964,12227.62
97965,13448.76
97966,13316.49
97967,15377.76
97968,6820.98
97969,24278.24
97970,6997.94
97971,52483.17
97972,9186.99
97973,8597.22
97974,7425.24
97975,7832.33
97976,11954.6
97977,11443.93
97978,9960.4
97979,11949.73
97980,20623.39
97981,9231.34
97982,13970.47
97983,10907.58
97984,27518.64
97985,6156.1
97986,17340.69
97987,11944.73
97988,10525.88
97989,17851.51
97990,7237.84
97991,9058.22
97992,7163.12
97993,8735.88
97994,9215.02
97995,13758.65
97996,24485.61
97997,14669.41
97998,9149.96
97999,10633.72
98000,11547.74
98001,18916.88
98002,9426.75
98003,21395.18
98004,23467.54
98005,13143.57
98006,8018.23
98007,14386.48
98008,14035.71
98009,11952.24
98010,7660.38
98011,8927.2
98012,9327.58
98013,6567.7
98014,6402.4
98015,7846.0
98016,14249.38
98017,20963.98
98018,6709.34
98019,9680.33
98020,19405.04
98021,24303.68
98022,20927.04
98023,34306.75
98024,9529.63
98025,16661.27
98026,10074.36
98027,2090.0
98028,9633.79
98029,8132.1
98030,22486.6
98031,12392.62
98032,7795.64
98033,6151.56
98034,14738.54
98035,10541.72
98036,12372.45
98037,21148.38
98038,24109.04
98039,13661.7
98040,9133.2
98041,6134.34
98042,18317.92
98043,14602.36
98044,8434.97
98045,18802.63
98046,15281.79
98047,11951.5
98048,14984.6
98049,12577.73
98050,13022.19
98051,15337.14
98052,6671.16
98053,11953.1
98054,9094.49
98055,11758.01
98056,26577.72
98057,17521.12
98058,6733.83
98059,9683.13
98060,11549.64
98061,8367.18
98062,12946.53
98063,11628.77
98064,7896.84
98065,9064.59
98066,5249.07
98067,5221.29
98068,14239.95
98069,22558.67
98070,8625.05
98071,24556.18
98072,7623.41
98073,10419.79
98074,19837.47
98075,21035.06
98076,6572.83
98077,11213.74
98078,29442.45
98079,13739.59
98080,7596.89
98081,11952.86
98082,9121.32
98083,22416.64
98084,13833.01
98085,10014.99
98086,11671.85
98087,6720.65
98088,26911.33
98089,9118.33
98090,2876.95
98091,18560.7
98092,9112.64
98093,13785.58
98094,21856.28
98095,6689.71
98096,7239.49
98097,9601.8
98098,11754.94
98099,10144.6
98100,19813.39
98101,19025.43
98102,10583.73
98103,7409.12
98104,12181.19
98105,12890.75
98106,6833.35
98107,8898.65
98108,12698.77
98109,24408.74
98110,10645.45
98111,7649.67
98112,10810.93
98113,9108.24
98114,10671.18
98115,10858.51
98116,8104.91
98117,21464.55
98118,9082.91
98119,13972.03
98120,9855.58
98121,8745.31
98122,13901.48
98123,13665.72
98124,6951.94
98125,6358.89
98126,19677.56
98127,10012.27
98128,25666.05
98129,11958.33
98130,14939.29
98131,11948.15
98132,12206.68
98133,13818.44
98134,11061.9
98135,11857.85
98136,12852.62
98137,10535.32
98138,10768.59
98139,21512.81
98140,10168.14
98141,13862.04
98142,4262.28
98143,10637.55
98144,17850.58
98145,15848.86
98146,9532.68
98147,9063.36
98148,12744.54
98149,2908.66
98150,7731.5
98151,6779.19
98152,11892.22
98153,7217.26
98154,8519.12
98155,6751.08
98156,12687.62
98157,13340.39
98158,14996.89
98159,6733.21
98160,18003.34
98161,8533.72
98162,7286.16
98163,8369.92
98164,5130.66
98165,10234.0
98166,19867.83
98167,15509.53
98168,18710.07
98169,15631.98
98170,7459.96
98171,18435.99
98172,7562.72
98173,15956.3
98174,13398.19
98175,13385.79
98176,5623.87
98177,8095.31
98178,7860.35
98179,20860.58
98180,13391.64
98181,11949.73
98182,2991.34
98183,5375.04
98184,6187.04
98185,10542.39
98186,5688.49
98187,11953.1
98188,12545.25
98189,9089.02
98190,6568.15
98191,12992.79
98192,12161.84
98193,47286.19
98194,11257.74
98195,6823.88
98196,9013.02
98197,18906.04
98198,10119.7
98199,7593.75
98200,9820.51
98201,35074.51
98202,10670.76
98203,8441.6
98204,9407.96
98205,5527.13
98206,11949.73
98207,9002.41
98208,16141.26
98209,13026.18
98210,14135.75
98211,10687.88
98212,6722.58
98213,17834.15
98214,10828.43
98215,10671.79
98216,11328.75
98217,14590.42
98218,16155.05
98219,11862.49
98220,21928.15
98221,9546.21
98222,6500.09
98223,4904.89
98224,20549.58
98225,9007.73
98226,11932.3
98227,16877.85
98228,7494.24
98229,11670.71
98230,11943.19
98231,24407.37
98232,9548.04
98233,9655.9
98234,14927.89
98235,22344.49
98236,20958.76
98237,8526.91
98238,9557.05
98239,9085.46
98240,7543.77
98241,13119.04
98242,15230.61
98243,16470.23
98244,6768.13
98245,23723.39
98246,7193.83
98247,9555.03
98248,7294.2
98249,15942.38
98250,13877.76
98251,16764.8
98252,9063.59
98253,9864.34
98254,7396.75
98255,10527.9
98256,12985.11
98257,8997.27
98258,5962.25
98259,11499.9
98260,9877.52
98261,22476.48
98262,21778.42
98263,20689.18
98264,11568.79
98265,5771.65
98266,11247.46
98267,19926.45
98268,9627.63
98269,9091.22
98270,10543.04
98271,7516.71
98272,13378.66
98273,9563.01
98274,2089.33
98275,9367.89
98276,9647.07
98277,3531.11
98278,11352.89
98279,20524.3
98280,9017.45
98281,20370.29
98282,10542.47
98283,6530.01
98284,20920.21
98285,20547.98
98286,6649.79
98287,10025.71
98288,12593.7
98289,26953.09
98290,12621.19
98291,11713.13
98292,7315.65
98293,9051.34
98294,8578.2
98295,12939.77
98296,9545.32
98297,9556.2
98298,11928.78
98299,33438.82
98300,17294.03
98301,23812.31
98302,7314.96
98303,21527.64
98304,19379.58
98305,14168.97
98306,8641.3
98307,6840.1
98308,17853.27
98309,8913.28
98310,18179.26
98311,10826.24
98312,6694.32
98313,7609.47
98314,10946.92
98315,5163.41
98316,9206.93
98317,20738.2
98318,10631.28
98319,12429.81
98320,14828.26
98321,8954.02
98322,28607.69
98323,11668.15
98324,7725.08
98325,7014.63
98326,50731.7
98327,10919.28
98328,9075.8
98329,6046.59
98330,6580.39
98331,7155.22
98332,8371.69
98333,12307.54
98334,39763.05
98335,9229.11
98336,9034.88
98337,9428.87
98338,7723.66
98339,7688.65
98340,12788.38
98341,10295.3
98342,16206.68
98343,12810.77
98344,3165.43
98345,7130.58
98346,10129.0
98347,6947.24
98348,14758.84
98349,11584.26
98350,12218.16
98351,8721.17
98352,10529.45
98353,14736.23
98354,13201.04
98355,6094.26
98356,9141.81
98357,9726.04
98358,5872.08
98359,11936.27
98360,7141.23
98361,12869.86
98362,3794.77
98363,10670.02
98364,10178.39
98365,9276.63
98366,9976.43
98367,16017.79
98368,6619.55
98369,8994.06
98370,17718.09
98371,13620.34
98372,3831.39
98373,8893.27
98374,22835.31
98375,20197.02
98376,16117.98
98377,10378.46
98378,8074.48
98379,6693.03
98380,10684.65
98381,19420.36
98382,10169.5
98383,52302.9
98384,8537.88
98385,14668.39
98386,16808.5
98387,20479.78
98388,15278.41
98389,6089.84
98390,14934.24
98391,6381.57
98392,9284.46
98393,7562.21
98394,19575.29
98395,22550.31
98396,7514.33
98397,20512.19
98398,7231.63
98399,22737.52
98400,9736.24
98401,8411.78
98402,7042.14
98403,8967.65
98404,10209.8
98405,14112.24
98406,18197.91
98407,3809.59
98408,4097.84
98409,7700.71
98410,17935.14
98411,8088.39
98412,9002.49
98413,17695.63
98414,7804.3
98415,12331.63
98416,8233.08
98417,8016.92
98418,6612.04
98419,6475.84
98420,8753.91
98421,15351.79
98422,7511.73
98423,13015.66
98424,9029.43
98425,14445.35
98426,8881.67
98427,9553.45
98428,18360.06
98429,13900.96
98430,11833.67
98431,9091.49
98432,12652.32
98433,20355.95
98434,11919.03
98435,13887.62
98436,21793.96
98437,9814.33
98438,7633.96
98439,9067.45
98440,15196.37
98441,12661.25
98442,22191.44
98443,19037.26
98444,22437.98
98445,11659.53
98446,9283.35
98447,7226.64
98448,19674.28
98449,13547.31
98450,9787.19
98451,8982.57
98452,26363.75
98453,8575.79
98454,9828.8
98455,12434.27
98456,24401.6
98457,11210.92
98458,12564.93
98459,10411.06
98460,8896.78
98461,24201.63
98462,11607.27
98463,21932.32
98464,13824.23
98465,6820.71
98466,15110.0
98467,7725.08
98468,9460.83
98469,20048.24
98470,10773.75
98471,19008.56
98472,10728.07
98473,12283.84
98474,6444.94
98475,6991.59
98476,8311.73
98477,10477.17
98478,9270.61
98479,6733.9
98480,10644.86
98481,6142.84
98482,9632.09
98483,23272.31
98484,24393.67
98485,9654.3
98486,9313.9
98487,13520.36
98488,10007.63
98489,11680.81
98490,9641.1
98491,21514.05
98492,6109.06
98493,13528.19
98494,9594.42
98495,11672.27
98496,8556.89
98497,15197.03
98498,7853.08
98499,9655.43
98500,8028.89
98501,9054.36
98502,5924.27
98503,7706.89
98504,22344.49
98505,22812.35
98506,7458.81
98507,8275.65
98508,10631.3
98509,6480.9
98510,10828.91
98511,17281.79
98512,6860.03
98513,15328.09
98514,11889.61
98515,22429.15
98516,15106.1
98517,21223.04
98518,14672.94
98519,7237.17
98520,13400.3
98521,11214.1
98522,10294.06
98523,25380.09
98524,8872.73
98525,6731.59
98526,13661.7
98527,9546.49
98528,8605.42
98529,21139.86
98530,9085.47
98531,13119.46
98532,14148.99
98533,14046.77
98534,10057.45
98535,4536.26
98536,7198.04
98537,18177.26
98538,8651.21
98539,17991.2
98540,6659.78
98541,28657.73
98542,9173.51
98543,14921.64
98544,11350.96
98545,10313.24
98546,7964.45
98547,18956.66
98548,3077.79
98549,4716.85
98550,12226.37
98551,25983.15
98552,13800.98
98553,10350.78
98554,2893.81
98555,19213.95
98556,12345.69
98557,9402.85
98558,9651.14
98559,9253.09
98560,1866.77
98561,19952.25
98562,9460.99
98563,13705.24
98564,7592.49
98565,10375.4
98566,19533.75
98567,8149.44
98568,7512.7
98569,19302.43
98570,14136.65
98571,10216.11
98572,30970.02
98573,7480.89
98574,26658.4
98575,10738.39
98576,9030.6
98577,9235.85
98578,13151.34
98579,8187.68
98580,6035.41
98581,9232.77
98582,7747.63
98583,13424.0
98584,21411.39
98585,7334.96
98586,11925.42
98587,6142.2
98588,7376.45
98589,20560.52
98590,12824.99
98591,9626.66
98592,23167.06
98593,10294.06
98594,10238.79
98595,13614.47
98596,8089.8
98597,6111.6
98598,20204.91
98599,22428.09
98600,6316.81
98601,11002.8
98602,13365.25
98603,14733.1
98604,9087.17
98605,26553.05
98606,14953.95
98607,7909.65
98608,7324.52
98609,14954.13
98610,9576.98
98611,4679.83
98612,11931.23
98613,6151.96
98614,8995.55
98615,9958.67
98616,8100.61
98617,11435.17
98618,16165.58
98619,15814.58
98620,7849.1
98621,8337.65
98622,11576.3
98623,10548.55
98624,6015.96
98625,6988.2
98626,8508.95
98627,18772.43
98628,11176.3
98629,14676.18
98630,6155.8
98631,15321.8
98632,24694.0
98633,8570.44
98634,9049.02
98635,13435.74
98636,10751.63
98637,10741.71
98638,9542.49
98639,7439.62
98640,9594.05
98641,20583.51
98642,15103.52
98643,13519.61
98644,8965.38
98645,23739.58
98646,13179.73
98647,8795.43
98648,9157.77
98649,9508.33
98650,6170.62
98651,7000.32
98652,13896.71
98653,7234.09
98654,7704.06
98655,11442.25
98656,15782.93
98657,9264.17
98658,7219.1
98659,7600.28
98660,10694.29
98661,9161.37
98662,12432.65
98663,10349.25
98664,21465.08
98665,10683.61
98666,9132.54
98667,10781.01
98668,18763.28
98669,9449.12
98670,14450.64
98671,16356.84
98672,5772.24
98673,9425.89
98674,13037.27
98675,22385.76
98676,11920.83
98677,26691.93
98678,9651.45
98679,7516.81
98680,52654.27
98681,10713.93
98682,10573.52
98683,11955.08
98684,21215.08
98685,10696.29
98686,24883.05
98687,8009.86
98688,9097.23
98689,11953.07
98690,9290.28
98691,7866.29
98692,20523.26
98693,8308.55
98694,14566.35
98695,16245.68
98696,13769.92
98697,16010.95
98698,11949.06
98699,12558.19
98700,17488.8
98701,19118.19
98702,9333.43
98703,9025.12
98704,22521.31
98705,9413.63
98706,18278.7
98707,24405.36
98708,12093.3
98709,9391.37
98710,8316.69
98711,14856.86
98712,21145.22
98713,9431.54
98714,10690.27
98715,7633.96
98716,10970.22
98717,17936.01
98718,16052.72
98719,10432.28
98720,8869.64
98721,19559.1
98722,4442.84
98723,9439.55
98724,15163.67
98725,25484.12
98726,13915.37
98727,10704.6
98728,10670.34
98729,21479.68
98730,13340.04
98731,8034.99
98732,14590.94
98733,14955.69
98734,6820.38
98735,12583.33
98736,14509.1
98737,22225.23
98738,12520.75
98739,7516.17
98740,7073.16
98741,22429.15
98742,12478.49
98743,10759.96
98744,13443.08
98745,19942.56
98746,11668.38
98747,10243.97
98748,21382.2
98749,14599.93
98750,10011.16
98751,24985.89
98752,25396.88
98753,7124.09
98754,25001.15
98755,8383.33
98756,9992.8
98757,18782.03
98758,14141.64
98759,8966.46
98760,13040.11
98761,2846.95
98762,6821.68
98763,4747.73
98764,9521.52
98765,5267.2
98766,16983.11
98767,8873.43
98768,4085.14
98769,12705.94
98770,25131.53
98771,21432.68
98772,10144.33
98773,5967.19
98774,11940.7
98775,8067.9
98776,7434.61
98777,15485.85
98778,18890.92
98779,15275.24
98780,24987.92
98781,24410.91
98782,9238.05
98783,11993.29
98784,9148.75
98785,7531.39
98786,2956.09
98787,9877.62
98788,14529.86
98789,13720.18
98790,13993.99
98791,11956.49
98792,12326.79
98793,8465.17
98794,8873.43
98795,14183.53
98796,12167.39
98797,7205.08
98798,16867.5
98799,3286.1
98800,15826.55
98801,15278.01
98802,20630.06
98803,11215.65
98804,13378.58
98805,9316.53
98806,6802.91
98807,9732.25
98808,22755.5
98809,15349.07
98810,22749.57
98811,28826.26
98812,12240.88
98813,10480.65
98814,2591.32
98815,11002.32
98816,6851.15
98817,13838.16
98818,24937.2
98819,16004.46
98820,13439.9
98821,11384.46
98822,10816.29
98823,15220.25
98824,7232.06
98825,5951.37
98826,9512.34
98827,11932.76
98828,22433.26
98829,14177.73
98830,30392.47
98831,7531.54
98832,19023.83
98833,7316.02
98834,23782.1
98835,24580.25
98836,10081.59
98837,6354.2
98838,2615.9
98839,21782.72
98840,21421.23
98841,10895.88
98842,10146.88
98843,10878.83
98844,7751.69
98845,18244.85
98846,24569.88
98847,10596.23
98848,11949.54
98849,8612.4
98850,14461.9
98851,18420.42
98852,23070.35
98853,24013.52
98854,50119.78
98855,10028.27
98856,15682.83
98857,26673.58
98858,9997.25
98859,22319.38
98860,11933.9
98861,20087.84
98862,7175.34
98863,9312.1
98864,11939.71
98865,24563.41
98866,11955.08
98867,8017.1
98868,6099.13
98869,12837.08
98870,6716.44
98871,10168.8
98872,12835.65
98873,8250.66
98874,5908.82
98875,27473.83
98876,4685.22
98877,21695.53
98878,12419.12
98879,12282.99
98880,8749.73
98881,8909.19
98882,22386.2
98883,8102.27
98884,9083.46
98885,8045.81
98886,21909.78
98887,7058.1
98888,10542.19
98889,8553.33
98890,17591.99
98891,20970.64
98892,14481.41
98893,9198.91
98894,7376.71
98895,3023.57
98896,5907.33
98897,8125.18
98898,6886.17
98899,14402.72
98900,20565.16
98901,10184.24
98902,12271.55
98903,9794.56
98904,10342.72
98905,13069.71
98906,6818.15
98907,23529.73
98908,9017.52
98909,21055.2
98910,7726.15
98911,52140.59
98912,18923.56
98913,6819.45
98914,9233.16
98915,12544.0
98916,8479.24
98917,24827.43
98918,17558.94
98919,11921.26
98920,10632.29
98921,14731.74
98922,6815.72
98923,9547.73
98924,6701.8
98925,14724.43
98926,10026.05
98927,8609.77
98928,21690.99
98929,9302.09
98930,7664.76
98931,6932.3
98932,24585.74
98933,10986.66
98934,15578.4
98935,17835.23
98936,9487.27
98937,4395.22
98938,13108.88
98939,19523.83
98940,9565.96
98941,14361.7
98942,21584.68
98943,11148.9
98944,11416.49
98945,5722.62
98946,11924.34
98947,19100.48
98948,19103.02
98949,12588.25
98950,7483.1
98951,24901.42
98952,9711.46
98953,6748.31
98954,9088.74
98955,16332.53
98956,20371.82
98957,6937.18
98958,7713.32
98959,6834.53
98960,11580.61
98961,9264.44
98962,5266.45
98963,2009.92
98964,6869.82
98965,9352.26
98966,10664.38
98967,9039.1
98968,17558.94
98969,7583.34
98970,10543.15
98971,8140.2
98972,20292.45
98973,17319.09
98974,11597.23
98975,23243.84
98976,10898.12
98977,32210.91
98978,13925.52
98979,13431.05
98980,21147.56
98981,20424.7
98982,11682.94
98983,9721.04
98984,25120.17
98985,18537.93
98986,9394.49
98987,19901.9
98988,16998.99
98989,7133.93
98990,9654.56
98991,10135.9
98992,8058.13
98993,20099.54
98994,9433.39
98995,23625.6
98996,9212.54
98997,16839.17
98998,7798.46
98999,9169.46
99000,13465.05
99001,10012.27
99002,10995.3
99003,7797.94
99004,11962.23
99005,13472.24
99006,27509.49
99007,23651.77
99008,7702.05
99009,32165.1
99010,8848.65
99011,12790.61
99012,13653.33
99013,8963.85
99014,30432.41
99015,21168.91
99016,14593.35
99017,5909.23
99018,10964.61
99019,8839.32
99020,6939.12
99021,26353.82
99022,11863.74
99023,24272.43
99024,8585.27
99025,6149.44
99026,15934.68
99027,16129.67
99028,9652.21
99029,16776.54
99030,8898.65
99031,25181.92
99032,6252.57
99033,9652.21
99034,8730.52
99035,11949.88
99036,25474.77
99037,8782.15
99038,21897.4
99039,10540.0
99040,17031.79
99041,7813.07
99042,10144.1
99043,18418.2
99044,15200.9
99045,24441.56
99046,7516.67
99047,10700.15
99048,8741.72
99049,9652.21
99050,9504.12
99051,7161.15
99052,9454.09
99053,9683.05
99054,21699.72
99055,8751.42
99056,8996.89
99057,12863.61
99058,26975.76
99059,9090.01
99060,12749.46
99061,12478.08
99062,5947.04
99063,9049.77
99064,24436.71
99065,9963.39
99066,10175.53
99067,20096.68
99068,12550.24
99069,7315.16
99070,8709.56
99071,10898.9
99072,15393.51
99073,13917.82
99074,8188.27
99075,15132.05
99076,25243.63
99077,10636.93
99078,25506.14
99079,13717.18
99080,7199.12
99081,9470.42
99082,13709.24
99083,13203.63
99084,12904.62
99085,7087.84
99086,8465.47
99087,7723.13
99088,10384.64
99089,12141.55
99090,6979.41
99091,15723.66
99092,20545.27
99093,9522.37
99094,25096.93
99095,10631.3
99096,11924.96
99097,11695.83
99098,20733.43
99099,9999.16
99100,6143.81
99101,9091.85
99102,10540.0
99103,6499.94
99104,12931.5
99105,6351.77
99106,20452.84
99107,11936.46
99108,14414.76
99109,12345.57
99110,19608.89
99111,7558.73
99112,12219.38
99113,13350.42
99114,6185.49
99115,10168.14
99116,7921.24
99117,4079.59
99118,22441.01
99119,10413.15
99120,6335.79
99121,12327.24
99122,9436.23
99123,8949.29
99124,7897.66
99125,12557.51
99126,7841.86
99127,4485.73
99128,9003.72
99129,2992.75
99130,10097.46
99131,19153.47
99132,7662.77
99133,7475.83
99134,22740.88
99135,18123.4
99136,10798.42
99137,6132.27
99138,20592.28
99139,12665.98
99140,8896.4
99141,16127.25
99142,10809.79
99143,7218.98
99144,9629.54
99145,27056.89
99146,19368.33
99147,10974.14
99148,9912.63
99149,8597.03
99150,43520.44
99151,10696.32
99152,8105.85
99153,17314.88
99154,7149.17
99155,11424.39
99156,8650.28
99157,10233.01
99158,17829.26
99159,20460.78
99160,4839.42
99161,12643.83
99162,11715.87
99163,6704.62
99164,15434.39
99165,11370.99
99166,7846.83
99167,7795.39
99168,9324.91
99169,14630.68
99170,6041.91
99171,13503.39
99172,9705.81
99173,10131.27
99174,12877.51
99175,7812.85
99176,12113.7
99177,7239.89
99178,10168.37
99179,9593.28
99180,11245.83
99181,7170.82
99182,17992.69
99183,5104.61
99184,12093.45
99185,7080.0
99186,11450.62
99187,8512.2
99188,4559.57
99189,14954.44
99190,9902.44
99191,15327.88
99192,21526.62
99193,13822.1
99194,13682.42
99195,2079.11
99196,7325.65
99197,8062.93
99198,22232.85
99199,26735.01
99200,10129.0
99201,29442.45
99202,12887.44
99203,9705.29
99204,14580.38
99205,20305.93
99206,11547.97
99207,11329.03
99208,10292.77
99209,19687.69
99210,7217.57
99211,8338.21
99212,23602.35
99213,8613.43
99214,11267.19
99215,11568.82
99216,10382.61
99217,11131.49
99218,8598.76
99219,12406.32
99220,8725.79
99221,9596.84
99222,12915.45
99223,9142.45
99224,7525.27
99225,10543.49
99226,9004.94
99227,9064.84
99228,11910.66
99229,11943.12
99230,20474.6
99231,17989.46
99232,12075.59
99233,6506.97
99234,20849.15
99235,26771.26
99236,9048.13
99237,7058.69
99238,11970.03
99239,12139.36
99240,20476.27
99241,4974.92
99242,8170.52
99243,18809.86
99244,9729.26
99245,17720.35
99246,13646.77
99247,8407.1
99248,9058.31
99249,6119.27
99250,9460.96
99251,12995.71
99252,20498.08
99253,9875.05
99254,23249.94
99255,17407.98
99256,20679.84
99257,8914.46
99258,15968.62
99259,7977.12
99260,16169.35
99261,12434.13
99262,11465.31
99263,6762.68
99264,18816.59
99265,12028.44
99266,10227.2
99267,19943.01
99268,10611.59
99269,9049.56
99270,9091.85
99271,7724.29
99272,13577.83
99273,22199.82
99274,6981.4
99275,14682.86
99276,11381.9
99277,9316.27
99278,10722.81
99279,7423.39
99280,22353.67
99281,18996.54
99282,10327.04
99283,2504.61
99284,8350.11
99285,24468.45
99286,7558.7
99287,11570.44
99288,20403.82
99289,16485.2
99290,7938.78
99291,6083.96
99292,18362.51
99293,11112.41
99294,22154.27
99295,13755.85
99296,14980.75
99297,6060.69
99298,7172.0
99299,9433.32
99300,35075.95
99301,6939.31
99302,7896.78
99303,13587.77
99304,10511.0
99305,6151.6
99306,9376.74
99307,12925.32
99308,11581.12
99309,12721.63
99310,6205.8
99311,19273.66
99312,7738.18
99313,7629.79
99314,20927.2
99315,9209.48
99316,13233.58
99317,20938.92
99318,10818.24
99319,14788.42
99320,7414.56
99321,10444.28
99322,20686.35
99323,6738.41
99324,7946.98
99325,12233.72
99326,7323.7
99327,3837.14
99328,20539.64
99329,7892.41
99330,6588.61
99331,8239.9
99332,9631.48
99333,13095.54
99334,12914.87
99335,13498.58
99336,7425.37
99337,25009.13
99338,9087.91
99339,7876.36
99340,6190.89
99341,9631.18
99342,24937.16
99343,12076.65
99344,7254.01
99345,13926.32
99346,14035.71
99347,9580.36
99348,24451.64
99349,22569.2
99350,16423.24
99351,13296.84
99352,9220.15
99353,14752.28
99354,8104.03
99355,9060.03
99356,8456.8
99357,12104.66
99358,6129.78
99359,7343.8
99360,15059.67
99361,9049.93
99362,12099.33
99363,10548.41
99364,12288.29
99365,12084.04
99366,9036.56
99367,15761.56
99368,16017.51
99369,10969.91
99370,25403.23
99371,14257.36
99372,13358.68
99373,6831.33
99374,10625.1
99375,12425.65
99376,22444.68
99377,10708.91
99378,7146.41
99379,24590.7
99380,5816.23
99381,4183.43
99382,21030.53
99383,9763.61
99384,8277.4
99385,25077.79
99386,12858.0
99387,28707.28
99388,11520.41
99389,23010.23
99390,28319.3
99391,10999.93
99392,10378.46
99393,10689.9
99394,9776.4
99395,7171.84
99396,12606.28
99397,10632.97
99398,8961.15
99399,8860.84
99400,8539.33
99401,25332.96
99402,3009.35
99403,27113.68
99404,13238.26
99405,13035.13
99406,10612.7
99407,18479.01
99408,12992.23
99409,8821.44
99410,6725.4
99411,7143.09
99412,13882.86
99413,7150.1
99414,20315.7
99415,10046.33
99416,11633.63
99417,10435.01
99418,10955.41
99419,14603.95
99420,3502.55
99421,12282.73
99422,20655.3
99423,21077.92
99424,7010.05
99425,14540.58
99426,10298.66
99427,7569.88
99428,5715.63
99429,7521.87
99430,10634.53
99431,9070.32
99432,10019.92
99433,7177.59
99434,14663.11
99435,16725.05
99436,9672.62
99437,12157.66
99438,8733.83
99439,17975.97
99440,21170.69
99441,14068.34
99442,7256.97
99443,15881.94
99444,5915.84
99445,11911.96
99446,17681.0
99447,9076.81
99448,11654.17
99449,6446.69
99450,6701.87
99451,7809.66
99452,22411.68
99453,23398.56
99454,20859.12
99455,9441.2
99456,10034.98
99457,10363.82
99458,8379.28
99459,13731.8
99460,6965.45
99461,9680.74
99462,10010.61
99463,15133.87
99464,11949.54
99465,13922.69
99466,9626.14
99467,7177.59
99468,3937.05
99469,16188.21
99470,9428.24
99471,7180.08
99472,6014.57
99473,10470.41
99474,11529.27
99475,3515.98
99476,9630.47
99477,10232.34
99478,11869.67
99479,6100.11
99480,7511.16
99481,28541.03
99482,18758.33
99483,7226.08
99484,4395.55
99485,8147.66
99486,9084.11
99487,28173.26
99488,9134.49
99489,7197.81
99490,7699.71
99491,20483.3
99492,20907.7
99493,10276.32
99494,6805.16
99495,7040.21
99496,9737.76
99497,11205.59
99498,9624.83
99499,6346.49
99500,6467.53
99501,9135.26
99502,6032.19
99503,12106.18
99504,9695.48
99505,18501.36
99506,8958.41
99507,18837.82
99508,8188.01
99509,24400.46
99510,10985.1
99511,9600.98
99512,17488.8
99513,13891.84
99514,9679.44
99515,10697.52
99516,9392.63
99517,8898.3
99518,11396.35
99519,6643.63
99520,8611.64
99521,16896.42
99522,11426.89
99523,10819.47
99524,22679.96
99525,10624.98
99526,12257.07
99527,13677.91
99528,15652.5
99529,11671.85
99530,7255.19
99531,11481.56
99532,6704.74
99533,9853.49
99534,6648.49
99535,7873.36
99536,18659.33
99537,11444.71
99538,14556.71
99539,6868.66
99540,11662.6
99541,10462.05
99542,13144.2
99543,8734.04
99544,21286.25
99545,20347.8
99546,12539.06
99547,26822.46
99548,21433.19
99549,10863.96
99550,9765.71
99551,5939.02
99552,25274.15
99553,11915.71
99554,7287.51
99555,22359.44
99556,8744.65
99557,9507.63
99558,7196.44
99559,9763.1
99560,7605.74
99561,9643.9
99562,7714.16
99563,9439.59
99564,15705.31
99565,13006.27
99566,9821.74
99567,11849.42
99568,7119.96
99569,27475.53
99570,8595.76
99571,10592.74
99572,21332.08
99573,9489.99
99574,5779.77
99575,10759.36
99576,6625.86
99577,17893.88
99578,12466.32
99579,19373.19
99580,10738.22
99581,7986.76
99582,14693.54
99583,9242.7
99584,11814.81
99585,18092.1
99586,11962.43
99587,10736.0
99588,9063.63
99589,6829.4
99590,12240.14
99591,12982.59
99592,8357.9
99593,10462.59
99594,13180.03
99595,28788.75
99596,20292.95
99597,10686.33
99598,10310.7
99599,15387.52
99600,10218.82
99601,23717.01
99602,22459.01
99603,9717.3
99604,6723.73
99605,14594.95
99606,18968.61
99607,9458.9
99608,11944.73
99609,7557.47
99610,11399.14
99611,7850.44
99612,9714.63
99613,23502.13
99614,12981.62
99615,6149.21
99616,9197.08
99617,8036.08
99618,15278.41
99619,7606.38
99620,12104.51
99621,3115.79
99622,6685.91
99623,12880.28
99624,20877.29
99625,11161.76
99626,24578.71
99627,10539.93
99628,14399.61
99629,7680.12
99630,9679.3
99631,20700.67
99632,18602.62
99633,14599.93
99634,11550.75
99635,10430.51
99636,7486.94
99637,19149.95
99638,14217.96
99639,8891.48
99640,14591.54
99641,7054.09
99642,14096.45
99643,16625.07
99644,10110.89
99645,11724.11
99646,4223.0
99647,31204.42
99648,17488.8
99649,15932.46
99650,8996.69
99651,27828.17
99652,17782.95
99653,8520.61
99654,13579.35
99655,7918.73
99656,7890.96
99657,12526.81
99658,24651.44
99659,8056.98
99660,12870.37
99661,9440.0
99662,11703.76
99663,6828.93
99664,20354.99
99665,22569.44
99666,12462.74
99667,6501.17
99668,20466.52
99669,21045.08
99670,7368.37
99671,10494.88
99672,7855.16
99673,19608.09
99674,5623.9
99675,6737.57
99676,11713.13
99677,6118.0
99678,6951.86
99679,7819.1
99680,8812.66
99681,10121.11
99682,6924.25
99683,14391.83
99684,7235.69
99685,14189.04
99686,14079.24
99687,9421.65
99688,14970.2
99689,11213.82
99690,11880.36
99691,11638.57
99692,19957.5
99693,7704.73
99694,15868.84
99695,7751.41
99696,8245.85
99697,8871.97
99698,11543.27
99699,11047.08
99700,14107.84
99701,9126.85
99702,7730.07
99703,20461.51
99704,15429.96
99705,7930.97
99706,21710.26
99707,12889.42
99708,18531.94
99709,11323.18
99710,14146.63
99711,8728.67
99712,13876.6
99713,17430.73
99714,15812.55
99715,11984.83
99716,9231.34
99717,14317.17
99718,21013.99
99719,8794.15
99720,10541.83
99721,6083.91
99722,10810.38
99723,10070.92
99724,10019.81
99725,11695.69
99726,8873.32
99727,12652.83
99728,43508.86
99729,13224.36
99730,11992.98
99731,12780.45
99732,11934.0
99733,9832.19
99734,11890.62
99735,13398.15
99736,27564.89
99737,22757.25
99738,12826.23
99739,9405.71
99740,20990.21
99741,17018.5
99742,19692.4
99743,6446.49
99744,7734.3
99745,9049.78
99746,11292.09
99747,8924.23
99748,5023.46
99749,14886.31
99750,18425.11
99751,12914.71
99752,7498.78
99753,7228.29
99754,13164.79
99755,11399.44
99756,6998.97
99757,12887.12
99758,7856.09
99759,6764.09
99760,9532.39
99761,15345.44
99762,8781.72
99763,9586.82
99764,7223.39
99765,9800.04
99766,9515.45
99767,8315.89
99768,15071.57
99769,11346.65
99770,15331.93
99771,8977.39
99772,15968.32
99773,9669.16
99774,23669.03
99775,11917.39
99776,6900.36
99777,6600.58
99778,14062.21
99779,12634.13
99780,20188.95
99781,4310.66
99782,4491.11
99783,10718.19
99784,11960.9
99785,9464.94
99786,12555.61
99787,20068.21
99788,11120.44
99789,8266.62
99790,12618.97
99791,22923.03
99792,7050.13
99793,12604.53
99794,5966.89
99795,8320.16
99796,15372.2
99797,6561.7
99798,6142.49
99799,6280.52
99800,8982.11
99801,11009.65
99802,9224.53
99803,24553.56
99804,7956.54
99805,11355.32
99806,21441.87
99807,15482.34
99808,21042.11
99809,18659.33
99810,16790.88
99811,19956.22
99812,11175.19
99813,9043.56
99814,11775.78
99815,11951.34
99816,19022.46
99817,21331.56
99818,34202.99
99819,21247.04
99820,6978.95
99821,16119.72
99822,7167.32
99823,9075.21
99824,8064.05
99825,8304.42
99826,13565.31
99827,13722.53
99828,12833.15
99829,6464.38
99830,9655.66
99831,11673.68
99832,11982.96
99833,12833.1
99834,8872.81
99835,16990.65
99836,12988.94
99837,22029.95
99838,11130.84
99839,9328.68
99840,6350.44
99841,11144.14
99842,7007.71
99843,7553.31
99844,9083.9
99845,18061.03
99846,7665.67
99847,9418.57
99848,14512.21
99849,6623.29
99850,13066.2
99851,20440.74
99852,8672.89
99853,10740.99
99854,12142.64
99855,9420.12
99856,20929.16
99857,7794.91
99858,12298.27
99859,20448.8
99860,2563.59
99861,14328.99
99862,6876.53
99863,12759.99
99864,13191.33
99865,9545.82
99866,22524.94
99867,13495.23
99868,4763.39
99869,17480.49
99870,15064.75
99871,14359.64
99872,7551.51
99873,10640.11
99874,11475.34
99875,50719.37
99876,19105.53
99877,9022.62
99878,12969.85
99879,10686.34
99880,7223.39
99881,9544.94
99882,18808.57
99883,22877.33
99884,8154.66
99885,12403.57
99886,10581.39
99887,6811.37
99888,20735.01
99889,12419.36
99890,8002.65
99891,13547.2
99892,8365.99
99893,8558.33
99894,26008.39
99895,6704.07
99896,9882.72
99897,6825.8
99898,11931.62
99899,7876.62
99900,11788.76
99901,11635.28
99902,11891.1
99903,10052.62
99904,9564.79
99905,10635.13
99906,14885.62
99907,11597.82
99908,4999.66
99909,14383.71
99910,9440.12
99911,16130.08
99912,9664.55
99913,17780.12
99914,7454.28
99915,11429.7
99916,13088.23
99917,15430.39
99918,2703.81
99919,7748.8
99920,14283.44
99921,4004.32
99922,16057.73
99923,11568.16
99924,10188.25
99925,8755.27
99926,10031.25
99927,5997.09
99928,7577.47
99929,13657.71
99930,14525.69
99931,15298.2
99932,15819.6
99933,3309.09
99934,6733.43
99935,8106.7
99936,8826.65
99937,13805.53
99938,9724.64
99939,10224.44
99940,9476.38
99941,9990.04
99942,12689.58
99943,14838.29
99944,9902.21
99945,11990.24
99946,7550.27
99947,13355.57
99948,7788.98
99949,10739.16
99950,7412.65
99951,12739.67
99952,9167.9
99953,12769.71
99954,10314.89
99955,8000.02
99956,12147.89
99957,15618.7
99958,12932.49
99959,10837.23
99960,8222.18
99961,13500.69
99962,20732.14
99963,11436.21
99964,7195.57
99965,10558.0
99966,5592.54
99967,4991.97
99968,6873.3
99969,7140.68
99970,9015.58
99971,6145.71
99972,12986.11
99973,6900.51
99974,9746.72
99975,7119.08
99976,21020.03
99977,13315.6
99978,14278.65
99979,12747.92
99980,8033.07
99981,9785.27
99982,11690.61
99983,6327.98
99984,14712.17
99985,14540.38
99986,16031.05
99987,8243.87
99988,7678.47
99989,10699.26
99990,14394.54
99991,15186.09
99992,17738.68
99993,13598.62
99994,8134.95
99995,9985.55
99996,15085.87
99997,6837.48
99998,11156.45
99999,8309.55
100000,15570.58
100001,6905.58
100002,12873.2
100003,6949.85
100004,10203.92
100005,7685.72
100006,11055.99
100007,10762.65
100008,15430.39
100009,10751.34
100010,12811.16
100011,11090.51
100012,8073.93
100013,12386.72
100014,14644.7
100015,9664.98
100016,7248.17
100017,9150.65
100018,16576.61
100019,8696.41
100020,8047.32
100021,5246.31
100022,9080.51
100023,7732.79
100024,8939.44
100025,10209.93
100026,9806.61
100027,8713.77
100028,8634.69
100029,17341.94
100030,11858.16
100031,8130.64
100032,15734.79
100033,10858.67
100034,17996.44
100035,4676.3
100036,8296.63
100037,6393.42
100038,9453.63
100039,10265.18
100040,7141.94
100041,9206.84
100042,7807.32
100043,9976.5
100044,7734.31
100045,10912.93
100046,5838.65
100047,10608.96
100048,13138.21
100049,9522.7
100050,13816.86
100051,9079.58
100052,10558.0
100053,12610.35
100054,11082.86
100055,8906.16
100056,10300.75
100057,12842.64
100058,6321.52
100059,6943.52
100060,8492.48
100061,10698.27
100062,9435.63
100063,7689.85
100064,10997.12
100065,11638.49
100066,10299.42
100067,6023.45
100068,6781.22
100069,15176.56
100070,6501.43
100071,9647.57
100072,9197.27
100073,14456.26
100074,8842.29
100075,6422.44
100076,13914.27
100077,6380.87
100078,10265.57
100079,18991.55
100080,13419.39
100081,8033.06
100082,9959.46
100083,12996.48
100084,12242.18
100085,10952.43
100086,5091.03
100087,6249.64
100088,6155.85
100089,6071.01
100090,16123.48
100091,11486.94
100092,15914.12
100093,8989.19
100094,15430.39
100095,17280.46
100096,11917.56
100097,10297.04
100098,10558.0
100099,11485.4
100100,17561.4
100101,9727.96
100102,7244.5
100103,16031.05
100104,11026.09
100105,10574.8
100106,11956.65
100107,17183.9
100108,11156.45
100109,9512.33
100110,7768.37
100111,14660.71
100112,11125.05
100113,10737.65
100114,12390.64
100115,15725.28
100116,8515.82
100117,11934.82
100118,13384.59
100119,10360.5
100120,10835.02
100121,13688.34
100122,6136.75
100123,10558.0
100124,12073.28
100125,6512.07
100126,8231.63
100127,12919.86
100128,8898.74
100129,7679.61
100130,10846.83
100131,11781.36
100132,12075.02
100133,9730.86
100134,7741.85
100135,10021.2
100136,11100.53
100137,20920.4
100138,11617.54
100139,11643.1
100140,10108.57
100141,11272.02
100142,11661.39
100143,15430.39
100144,7094.47
100145,15546.73
100146,9773.46
100147,5932.33
100148,7981.25
100149,17509.88
100150,7208.21
100151,12915.22
100152,8973.79
100153,8707.69
100154,7496.32
100155,15510.35
100156,8302.24
100157,13229.97
100158,11166.82
100159,9796.05
100160,10196.8
100161,12630.27
100162,13261.48
100163,14311.65
100164,15430.39
100165,7504.34
100166,15603.38
100167,14687.83
100168,7339.46
100169,10558.0
100170,13973.1
100171,5375.53
100172,8469.49
100173,7767.84
100174,16901.57
100175,13849.13
100176,15174.65
100177,7338.42
100178,9541.91
100179,12808.92
100180,10102.63
100181,11479.76
100182,13887.9
100183,13746.2
100184,15928.1
100185,6679.56
100186,9360.53
100187,9106.41
100188,11214.16
100189,15760.49
100190,15476.07
100191,6333.47
100192,8289.88
100193,8971.54
100194,2726.46
100195,7178.29
100196,18849.79
100197,14614.67
100198,8960.86
100199,10782.74
100200,8153.39
100201,8246.12
100202,13429.96
100203,6315.49
100204,9646.63
100205,6940.65
100206,11595.87
100207,14408.41
100208,14742.51
100209,15909.94
100210,15863.21
100211,11347.4
100212,6786.18
100213,9201.05
100214,5182.78
100215,8483.65
100216,9183.67
100217,5505.71
100218,13191.98
100219,8610.71
100220,5846.63
100221,12090.71
100222,7640.15
100223,5380.73
100224,12239.01
100225,15069.84
100226,9669.32
100227,1700.89
100228,7722.54
100229,6246.7
100230,9993.26
100231,11474.66
100232,10910.99
100233,8128.0
100234,6784.72
100235,9808.12
100236,10028.84
100237,10965.15
100238,10236.75
100239,11939.48
100240,10099.94
100241,11060.69
100242,15959.69
100243,7942.98
100244,9266.96
100245,15946.18
100246,3279.69
100247,7904.3
100248,13200.63
100249,7892.87
100250,15498.82
100251,14697.91
100252,8309.32
100253,10583.29
100254,11136.61
100255,7628.34
100256,17182.76
100257,6708.43
100258,9635.27
100259,10993.62
100260,17958.38
100261,9606.23
100262,4808.66
100263,10087.89
100264,10423.66
100265,12301.25
100266,13549.38
100267,11550.16
100268,3135.94
100269,6973.11
100270,10921.11
100271,11865.23
100272,8198.17
100273,9755.83
100274,9248.33
100275,10026.23
100276,11097.35
100277,9562.65
100278,15591.0
100279,8731.58
100280,8149.27
100281,8026.64
100282,8401.13
100283,11484.58
100284,7694.35
100285,20130.75
100286,7283.04
100287,6968.68
100288,10746.07
100289,14572.37
100290,4181.64
100291,7885.0
100292,13968.42
100293,9607.99
100294,15125.02
100295,8546.14
100296,8888.8
100297,6913.66
100298,11945.79
100299,9729.53
100300,7372.9
100301,8655.58
100302,14378.99
100303,12736.59
100304,13695.58
100305,10837.05
100306,10921.66
100307,11671.16
100308,7334.72
100309,16014.84
100310,15081.39
100311,12551.82
100312,17101.86
100313,9289.04
100314,10112.89
100315,21058.01
100316,9939.8
100317,6849.19
100318,14499.18
100319,10038.95
100320,16994.67
100321,7871.52
100322,11891.79
100323,10558.0
100324,5947.78
100325,9635.27
100326,10667.82
100327,13813.2
100328,14410.1
100329,13990.72
100330,10949.34
100331,12742.83
100332,11428.38
100333,6301.94
100334,9338.6
100335,15846.83
100336,17396.29
100337,7365.33
100338,7323.72
100339,6075.5
100340,14150.43
100341,10517.47
100342,6273.76
100343,9170.06
100344,14596.72
100345,11460.46
100346,8431.43
100347,13948.45
100348,16151.99
100349,10505.18
100350,6576.1
100351,10202.75
100352,15975.76
100353,14215.91
100354,8810.63
100355,13660.67
100356,7200.36
100357,8601.53
100358,11713.44
100359,7363.17
100360,9882.34
100361,9849.4
100362,8053.87
100363,10512.44
100364,12798.91
100365,11112.1
100366,10581.41
100367,6747.11
100368,15819.28
100369,10263.29
100370,9713.84
100371,13089.51
100372,6645.2
100373,9899.24
100374,10011.45
100375,2460.13
100376,10562.82
100377,7672.17
100378,11617.29
100379,11386.78
100380,13340.37
100381,15034.99
100382,10070.06
100383,12382.13
100384,10565.31
100385,11827.67
100386,10203.65
100387,13654.15
100388,10584.7
100389,11203.25
100390,7830.83
100391,6767.33
100392,7533.22
100393,15316.24
100394,7844.76
100395,9559.36
100396,11986.99
100397,11030.94
100398,10711.97
100399,10255.19
100400,9985.45
100401,11360.29
100402,9595.92
100403,9521.8
100404,13512.81
100405,12516.68
100406,13470.31
100407,5381.54
100408,6658.68
100409,9561.54
100410,20808.86
100411,7115.52
100412,11317.02
100413,11671.77
100414,4471.76
100415,11678.29
100416,10462.5
100417,9179.49
100418,3656.1
100419,15003.12
100420,8310.62
100421,10547.78
100422,7794.34
100423,11264.45
100424,9201.26
100425,9137.17
100426,14397.02
100427,10734.91
100428,14119.46
100429,12434.75
100430,7696.34
100431,15430.39
100432,11026.5
100433,10063.82
100434,10590.39
100435,4815.74
100436,10696.03
100437,10874.47
100438,12876.42
100439,7643.42
100440,11082.29
100441,5782.59
100442,11146.27
100443,11985.69
100444,12029.65
100445,5559.53
100446,12070.67
100447,8840.3
100448,11156.45
100449,11141.77
100450,12204.34
100451,11060.97
100452,10558.0
100453,9602.4
100454,7293.28
100455,10377.02
100456,7355.32
100457,11204.34
100458,8708.78
100459,7335.3
100460,14284.26
100461,16992.5
100462,10170.28
100463,9975.77
100464,6383.0
100465,11570.79
100466,11084.73
100467,11630.69
100468,5920.19
100469,12175.46
100470,5905.22
100471,12148.2
100472,15857.71
100473,10043.06
100474,10646.95
100475,6918.48
100476,9019.84
100477,9731.31
100478,16087.79
100479,12225.39
100480,7809.04
100481,7322.01
100482,8233.34
100483,6519.51
100484,10624.76
100485,8639.32
100486,7394.8
100487,18665.21
100488,7873.22
100489,8036.69
100490,14348.2
100491,6929.41
100492,11441.25
100493,13429.9
100494,7894.63
100495,7898.57
100496,10534.51
100497,12793.04
100498,6204.8
100499,7210.16
100500,7042.79
100501,15107.55
100502,4152.88
100503,6997.45
100504,9942.53
100505,11224.18
100506,12028.91
100507,12886.69
100508,10305.79
100509,14943.88
100510,16259.31
100511,7293.62
100512,7744.3
100513,9504.05
100514,7634.85
100515,8810.65
100516,6077.78
100517,14995.75
100518,9839.4
100519,8655.96
100520,14083.22
100521,10945.68
100522,11910.92
100523,6343.71
100524,10364.05
100525,9789.25
100526,17010.46
100527,4825.35
100528,7726.41
100529,5806.83
100530,18782.76
100531,10072.94
100532,12981.13
100533,10580.18
100534,11593.21
100535,6212.87
100536,9003.55
100537,13821.37
100538,10743.44
100539,12999.75
100540,7702.56
100541,17068.76
100542,15041.27
100543,8860.94
100544,14111.67
100545,12856.76
100546,6371.74
100547,7268.39
100548,15034.99
100549,18536.29
100550,9783.64
100551,10183.23
100552,12019.76
100553,10603.56
100554,15323.99
100555,9398.99
100556,4742.67
100557,14883.21
100558,7194.08
100559,7513.72
100560,11811.38
100561,13269.22
100562,7206.82
100563,6631.14
100564,7531.42
100565,13534.18
100566,10519.65
100567,3372.98
100568,6956.85
100569,14735.87
100570,8043.78
100571,5625.45
100572,11951.16
100573,7685.33
100574,9428.47
100575,6893.25
100576,14103.36
100577,16209.01
100578,11343.3
100579,3082.29
100580,8989.47
100581,7109.88
100582,10775.26
100583,10385.36
100584,5608.67
100585,5549.85
100586,17364.96
100587,2292.34
100588,10813.54
100589,13531.06
100590,9019.28
100591,6922.47
100592,10065.07
100593,10702.25
100594,15681.79
100595,10708.9
100596,17146.56
100597,17192.38
100598,8580.86
100599,11538.04
100600,15768.55
100601,11795.45
100602,12389.6
100603,8951.29
100604,6451.43
100605,8345.99
100606,8859.04
100607,15312.36
100608,13261.68
100609,8960.53
100610,6937.1
100611,15444.69
100612,13191.26
100613,15715.63
100614,9425.44
100615,10316.59
100616,12319.84
100617,10667.15
100618,13926.9
100619,4008.92
100620,14676.07
100621,9533.37
100622,8067.18
100623,8198.75
100624,7967.65
100625,10998.0
100626,18798.56
100627,8784.59
100628,9446.66
100629,6799.81
100630,5667.97
100631,11437.66
100632,11860.81
100633,9766.11
100634,9151.56
100635,12829.56
100636,11044.54
100637,15134.24
100638,11692.44
100639,11317.13
100640,15200.38
100641,7743.55
100642,15430.39
100643,11673.77
100644,14319.17
100645,12133.25
100646,7197.38
100647,2340.78
100648,14116.29
100649,5470.11
100650,8459.97
100651,14416.64
100652,10607.54
100653,10244.55
100654,13548.29
100655,9099.19
100656,7843.16
100657,5376.84
100658,13517.74
100659,12823.9
100660,10318.53
100661,10542.79
100662,9703.24
100663,3716.19
100664,21025.11
100665,10646.95
100666,12194.23
100667,15898.3
100668,7269.49
100669,9585.47
100670,7639.51
100671,9041.48
100672,9663.72
100673,11367.6
100674,17335.2
100675,12599.0
100676,8492.42
100677,3242.67
100678,6225.78
100679,7075.03
100680,14359.28
100681,19976.51
100682,10726.8
100683,10964.15
100684,7963.11
100685,8505.34
100686,7371.93
100687,9139.37
100688,9284.46
100689,7119.08
100690,9048.61
100691,12050.59
100692,8134.65
100693,11792.91
100694,15691.73
100695,12502.68
100696,4349.1
100697,8165.14
100698,13380.07
100699,6052.96
100700,9129.99
100701,13250.93
100702,7798.72
100703,15226.63
100704,20268.67
100705,6032.3
100706,5328.36
100707,10435.87
100708,11576.98
100709,12544.54
100710,13889.99
100711,6040.81
100712,17029.45
100713,8326.1
100714,7586.61
100715,8634.46
100716,8690.07
100717,11038.56
100718,13525.67
100719,9439.35
100720,15891.9
100721,12746.05
100722,9189.93
100723,9339.56
100724,11174.51
100725,10562.22
100726,10569.16
100727,14205.64
100728,9885.46
100729,9848.33
100730,7510.48
100731,9427.15
100732,8336.06
100733,10350.47
100734,7978.69
100735,9492.29
100736,15430.39
100737,7772.45
100738,11115.21
100739,9339.4
100740,11065.84
100741,12356.99
100742,12163.45
100743,9673.12
100744,7145.77
100745,15017.36
100746,13248.65
100747,7065.93
100748,17718.57
100749,15891.9
100750,18287.94
100751,10292.05
100752,7762.91
100753,13951.25
100754,8831.28
100755,8844.75
100756,17292.34
100757,7044.87
100758,13283.03
100759,10535.37
100760,10247.57
100761,9908.71
100762,5707.3
100763,8714.87
100764,8365.94
100765,12738.28
100766,7912.18
100767,10847.23
100768,17366.04
100769,11027.59
100770,8581.64
100771,13459.24
100772,6239.25
100773,9974.05
100774,12974.43
100775,6756.52
100776,14238.74
100777,9156.61
100778,17269.87
100779,13230.6
100780,7551.87
100781,14506.95
100782,16108.88
100783,6345.68
100784,8025.21
100785,7888.41
100786,12245.57
100787,8864.25
100788,15852.01
100789,17137.58
100790,13570.62
100791,11952.95
100792,7720.22
100793,6775.66
100794,13984.8
100795,9294.36
100796,15307.65
100797,15430.39
100798,8497.15
100799,7532.2
100800,13395.72
100801,10658.34
100802,11024.36
100803,11900.85
100804,8950.92
100805,8327.33
100806,10910.6
100807,15569.32
100808,20900.39
100809,11959.27
100810,8105.11
100811,13477.59
100812,12141.33
100813,12071.73
100814,11227.66
100815,7203.0
100816,12750.52
100817,8198.17
100818,12293.03
100819,7523.72
100820,7109.39
100821,10255.36
100822,11425.83
100823,6228.06
100824,11276.07
100825,8812.08
100826,14690.95
100827,12330.87
100828,10046.19
100829,7627.76
100830,7549.09
100831,6338.6
100832,14138.47
100833,14936.84
100834,15067.69
100835,7179.57
100836,10379.05
100837,6720.69
100838,3992.35
100839,5291.79
100840,9167.71
100841,8614.21
100842,7892.59
100843,7418.7
100844,6270.07
100845,11746.81
100846,13956.06
100847,9808.85
100848,11402.07
100849,11747.76
100850,8634.7
100851,10988.46
100852,6587.16
100853,10611.87
100854,13169.57
100855,3337.32
100856,10623.5
100857,8059.22
100858,9792.36
100859,9907.56
100860,10671.91
100861,11217.89
100862,5964.65
100863,10559.42
100864,9046.24
100865,12775.29
100866,6881.4
100867,15041.0
100868,8014.97
100869,10307.54
100870,14888.99
100871,14976.28
100872,9073.9
100873,4693.4
100874,8022.79
100875,8505.4
100876,13653.62
100877,13546.55
100878,5203.09
100879,5825.28
100880,13670.24
100881,8833.15
100882,12214.05
100883,2706.57
100884,11124.94
100885,7971.45
100886,11486.3
100887,17214.97
100888,10675.36
100889,10120.57
100890,14683.91
100891,12143.32
100892,6442.43
100893,15430.39
100894,12448.38
100895,10030.32
100896,7753.08
100897,10317.58
100898,9991.96
100899,5104.43
100900,9381.5
100901,9299.54
100902,12461.23
100903,7742.7
100904,15142.9
100905,9023.39
100906,10774.44
100907,6667.09
100908,4125.92
100909,6023.97
100910,7112.14
100911,11912.9
100912,15569.32
100913,6361.22
100914,8174.39
100915,8628.65
100916,9960.72
100917,10592.26
100918,10096.89
100919,13044.6
100920,7524.72
100921,10287.98
100922,7166.12
100923,10571.63
100924,14004.69
100925,5608.65
100926,14184.34
100927,7229.52
100928,14167.01
100929,7206.82
100930,16123.48
100931,13579.1
100932,6942.2
100933,10979.6
100934,6309.88
100935,10443.63
100936,4655.13
100937,10786.09
100938,16102.04
100939,10590.05
100940,11994.11
100941,8598.94
100942,13213.01
100943,10965.28
100944,9100.07
100945,9979.02
100946,5993.48
100947,9950.89
100948,19430.94
100949,7634.35
100950,7892.55
100951,13290.82
100952,11318.65
100953,7833.68
100954,6867.79
100955,12099.18
100956,15368.43
100957,12138.48
100958,6659.22
100959,9739.0
100960,15696.74
100961,10284.01
100962,13303.99
100963,11028.6
100964,10776.62
100965,2979.76
100966,8038.72
100967,5460.05
100968,10195.3
100969,6285.65
100970,13863.96
100971,10775.98
100972,6865.44
100973,11685.88
100974,12425.54
100975,6203.51
100976,15891.9
100977,10434.11
100978,9461.41
100979,12748.39
100980,7554.73
100981,6095.73
100982,14231.32
100983,11922.47
100984,12430.05
100985,11515.07
100986,14669.81
100987,10208.0
100988,13290.06
100989,10741.78
100990,12179.09
100991,12827.79
100992,13254.27
100993,9535.28
100994,12133.48
100995,9291.62
100996,9915.95
100997,14575.02
100998,7986.91
100999,7756.91
101000,8176.58
101001,13565.91
101002,10260.43
101003,14482.33
101004,9764.07
101005,14977.71
101006,14060.74
101007,4315.67
101008,10303.76
101009,7346.51
101010,10566.81
101011,16635.78
101012,16152.25
101013,12473.7
101014,7257.31
101015,13389.62
101016,15430.39
101017,9975.76
101018,8310.95
101019,13634.82
101020,9635.47
101021,8507.29
101022,10256.37
101023,9778.93
101024,7719.96
101025,13559.34
101026,13979.94
101027,15164.48
101028,9996.31
101029,13177.92
101030,7962.94
101031,5624.12
101032,16123.48
101033,8392.14
101034,10340.47
101035,15352.08
101036,12579.66
101037,9521.36
101038,9360.25
101039,10469.44
101040,12820.34
101041,4459.95
101042,12887.29
101043,8968.68
101044,5437.58
101045,12932.43
101046,7028.48
101047,13246.17
101048,8420.83
101049,13129.68
101050,4546.76
101051,12942.49
101052,14122.42
101053,9618.43
101054,14739.56
101055,12061.46
101056,7626.85
101057,9302.09
101058,16207.69
101059,9064.39
101060,7637.04
101061,13325.77
101062,10410.93
101063,12653.1
101064,13311.98
101065,15071.17
101066,11380.27
101067,5079.5
101068,13469.22
101069,9412.23
101070,12796.27
101071,15304.47
101072,3816.6
101073,13125.91
101074,7786.44
101075,12192.36
101076,7857.21
101077,12812.17
101078,12564.2
101079,15000.61
101080,7124.48
101081,7782.17
101082,6672.19
101083,8763.07
101084,9771.63
101085,5686.29
101086,13300.9
101087,14313.48
101088,8565.4
101089,7907.03
101090,12778.46
101091,9730.05
101092,19382.47
101093,6910.49
101094,11122.96
101095,13546.6
101096,6856.12
101097,9859.03
101098,10671.55
101099,15385.16
101100,7899.99
101101,9020.57
101102,9391.4
101103,7828.65
101104,11385.27
101105,9177.56
101106,16850.99
101107,16408.86
101108,7451.08
101109,11054.41
101110,17283.23
101111,14086.48
101112,7990.53
101113,10189.6
101114,7589.55
101115,15710.36
101116,8044.81
101117,9960.57
101118,13087.49
101119,6878.21
101120,8153.81
101121,16098.84
101122,13730.11
101123,9769.4
101124,5396.63
101125,10354.38
101126,8802.18
101127,10682.03
101128,12847.76
101129,8700.05
101130,9570.04
101131,10768.66
101132,6690.12
101133,15430.39
101134,10106.31
101135,9713.6
101136,9634.76
101137,12981.63
101138,10994.57
101139,6949.89
101140,6674.06
101141,10810.08
101142,15689.15
101143,8457.15
101144,7772.65
101145,7763.71
101146,10168.59
101147,14091.65
101148,10608.1
101149,7469.88
101150,9912.83
101151,13168.13
101152,7955.52
101153,10129.0
101154,8221.2
101155,8823.05
101156,7734.35
101157,14855.4
101158,7703.6
101159,7018.49
101160,10584.39
101161,11623.64
101162,11401.7
101163,8646.59
101164,11286.28
101165,13587.58
101166,6908.25
101167,10982.16
101168,8891.48
101169,14071.29
101170,4195.04
101171,7764.6
101172,5852.36
101173,7250.64
101174,8541.49
101175,7319.81
101176,11922.47
101177,11665.4
101178,6553.31
101179,10877.07
101180,13845.5
101181,5697.39
101182,8017.97
101183,7991.94
101184,12664.22
101185,5568.37
101186,8338.88
101187,7113.56
101188,14926.21
101189,8103.56
101190,7360.51
101191,9405.21
101192,14784.56
101193,6848.92
101194,15527.33
101195,10344.43
101196,12016.55
101197,5225.25
101198,6906.15
101199,10558.0
101200,12867.62
101201,16070.02
101202,10000.44
101203,10291.65
101204,6814.43
101205,10558.0
101206,7340.35
101207,14279.5
101208,11469.47
101209,6187.48
101210,7948.86
101211,10110.93
101212,10952.15
101213,7166.01
101214,7565.94
101215,10060.72
101216,12810.47
101217,8178.19
101218,9896.63
101219,17094.74
101220,12016.55
101221,8507.29
101222,13794.1
101223,7186.73
101224,14199.33
101225,12147.23
101226,6865.1
101227,8000.36
101228,9313.3
101229,9220.73
101230,11019.53
101231,11341.11
101232,10233.18
101233,10949.2
101234,14770.03
101235,10136.56
101236,7573.89
101237,14749.19
101238,9954.15
101239,14200.62
101240,7801.72
101241,14772.98
101242,13599.96
101243,4388.89
101244,9457.03
101245,17056.9
101246,8010.32
101247,9431.49
101248,7926.24
101249,16720.73
101250,7825.71
101251,8294.24
101252,9436.16
101253,8995.52
101254,13087.6
101255,6907.19
101256,8423.16
101257,16645.38
101258,9732.51
101259,10323.86
101260,10691.89
101261,9419.41
101262,9782.33
101263,12873.57
101264,7691.07
101265,16123.48
101266,12593.62
101267,9470.32
101268,6307.4
101269,10257.5
101270,9878.53
101271,9054.49
101272,19509.16
101273,8692.64
101274,11617.57
101275,7548.35
101276,9504.35
101277,6685.7
101278,8661.48
101279,10522.77
101280,7753.85
101281,12071.55
101282,14116.71
101283,8014.31
101284,10822.78
101285,13579.46
101286,15601.24
101287,15005.7
101288,6895.28
101289,14598.06
101290,8480.32
101291,11800.85
101292,9856.99
101293,3537.69
101294,8009.93
101295,10258.33
101296,9026.95
101297,8309.17
101298,16841.97
101299,11655.59
101300,11431.01
101301,15378.07
101302,13320.74
101303,6356.73
101304,11678.72
101305,10791.38
101306,12188.12
101307,9275.8
101308,6118.35
101309,8553.93
101310,8831.72
101311,9206.3
101312,14831.26
101313,8936.63
101314,12211.7
101315,12466.69
101316,8385.46
101317,11407.16
101318,13386.46
101319,7366.84
101320,10063.05
101321,5906.7
101322,10917.07
101323,13951.25
101324,12082.27
101325,15423.67
101326,7243.64
101327,9917.25
101328,11528.05
101329,13583.33
101330,8336.89
101331,6908.59
101332,16587.93
101333,11530.04
101334,7022.99
101335,15766.37
101336,9940.96
101337,20651.84
101338,11916.69
101339,10545.62
101340,5747.79
101341,6862.96
101342,12292.49
101343,14964.29
101344,7562.73
101345,11021.11
101346,7995.52
101347,10288.96
101348,10906.84
101349,4567.62
101350,16315.72
101351,10491.32
101352,7136.99
101353,5871.54
101354,7899.48
101355,10625.12
101356,15382.61
101357,13579.1
101358,8934.23
101359,12125.81
101360,15386.21
101361,12940.78
101362,16123.48
101363,11203.45
101364,4073.04
101365,6731.78
101366,6934.39
101367,10592.38
101368,10120.48
101369,5799.56
101370,10713.52
101371,17612.76
101372,9018.65
101373,11514.5
101374,7492.5
101375,13188.09
101376,14916.17
101377,10327.09
101378,10781.22
101379,8660.03
101380,9616.97
101381,9393.56
101382,8089.59
101383,10681.77
101384,10589.43
101385,12209.33
101386,9862.19
101387,13807.62
101388,11555.72
101389,11060.8
101390,5788.47
101391,10712.45
101392,12065.48
101393,9238.82
101394,12944.15
101395,14294.13
101396,16031.05
101397,9861.47
101398,6657.33
101399,10105.88
101400,14486.22
101401,8480.65
101402,6259.36
101403,7868.83
101404,8277.17
101405,13161.84
101406,12984.84
101407,8588.98
101408,7312.5
101409,19153.93
101410,5829.37
101411,11936.69
101412,9926.61
101413,6590.62
101414,14360.78
101415,8764.1
101416,11006.72
101417,18105.52
101418,7140.68
101419,6041.74
101420,10040.79
101421,10279.49
101422,14822.87
101423,10345.57
101424,10576.23
101425,7266.4
101426,10504.62
101427,12776.93
101428,6276.88
101429,10026.28
101430,7245.06
101431,9960.02
101432,10185.69
101433,11573.32
101434,15430.39
101435,14267.11
101436,17070.02
101437,6717.5
101438,16994.67
101439,8132.66
101440,11281.4
101441,11480.47
101442,12319.52
101443,9633.87
101444,10264.11
101445,9320.08
101446,14196.04
101447,11341.44
101448,6978.47
101449,14559.34
101450,9300.96
101451,13581.82
101452,13953.3
101453,7754.37
101454,10308.58
101455,9657.97
101456,14697.29
101457,10676.29
101458,18651.2
101459,10238.12
101460,5500.17
101461,8063.05
101462,7091.68
101463,11945.79
101464,11649.33
101465,13919.49
101466,15352.11
101467,10560.17
101468,13502.34
101469,6160.09
101470,10689.8
101471,9745.91
101472,5951.33
101473,13552.53
101474,10355.77
101475,11077.9
101476,10484.94
101477,10053.88
101478,7314.14
101479,10774.45
101480,5213.32
101481,10103.47
101482,11268.78
101483,8024.5
101484,6754.34
101485,9318.28
101486,14807.86
101487,12315.14
101488,14068.69
101489,6720.11
101490,5114.79
101491,12629.86
101492,10977.57
101493,16211.08
101494,9937.76
101495,9120.82
101496,5693.35
101497,6911.04
101498,12452.75
101499,6172.56
101500,9538.76
101501,21138.13
101502,12437.48
101503,10017.61
101504,9930.25
101505,14395.95
101506,10850.25
101507,12582.6
101508,17846.69
101509,17265.57
101510,14992.93
101511,7511.26
101512,6552.97
101513,7006.46
101514,8911.14
101515,8109.46
101516,6924.29
101517,9686.03
101518,10493.56
101519,17833.66
101520,10636.77
101521,11574.72
101522,15430.39
101523,11683.5
101524,10233.66
101525,13021.43
101526,12787.67
101527,8999.49
101528,5849.68
101529,7913.36
101530,13046.93
101531,14839.77
101532,6739.19
101533,4668.99
101534,12937.38
101535,5377.79
101536,10191.83
101537,7291.8
101538,8762.46
101539,14441.85
101540,11203.45
101541,9196.82
101542,13294.98
101543,14136.76
101544,3649.79
101545,11707.29
101546,6363.99
101547,15959.69
101548,12735.06
101549,10702.25
101550,9997.5
101551,9406.34
101552,7878.26
101553,10507.87
101554,8626.14
101555,3749.74
101556,11682.55
101557,13002.18
101558,12688.89
101559,8279.66
101560,7297.89
101561,10114.77
101562,9666.04
101563,17773.33
101564,9222.1
101565,10154.68
101566,12543.01
101567,6835.48
101568,14093.05
101569,13957.45
101570,8434.11
101571,12028.23
101572,6585.12
101573,6058.84
101574,12767.19
101575,10122.14
101576,13971.88
101577,10672.94
101578,16999.14
101579,10297.16
101580,8672.78
101581,6496.99
101582,6029.02
101583,7895.61
101584,9554.59
101585,11001.71
101586,6931.78
101587,13175.41
101588,6875.48
101589,9872.9
101590,8888.4
101591,12605.59
101592,12852.5
101593,11196.87
101594,11992.78
101595,13961.27
101596,11999.72
101597,10383.84
101598,20810.56
101599,10558.0
101600,14126.93
101601,10289.78
101602,6604.27
101603,10319.14
101604,10842.44
101605,13126.04
101606,12087.55
101607,9900.73
101608,6490.62
101609,14055.51
101610,11491.7
101611,5714.16
101612,7336.01
101613,7610.62
101614,7135.86
101615,15959.69
101616,5533.75
101617,8685.51
101618,6066.31
101619,9455.43
101620,12251.01
101621,7273.62
101622,9590.84
101623,14558.0
101624,8113.74
101625,15430.39
101626,9930.41
101627,9711.05
101628,14914.94
101629,10743.33
101630,4759.14
101631,7309.59
101632,7819.43
101633,17230.44
101634,10501.11
101635,20615.29
101636,7340.35
101637,8544.16
101638,8543.16
101639,3466.16
101640,9695.7
101641,12547.43
101642,9453.47
101643,5086.32
101644,7704.47
101645,11156.15
101646,11492.32
101647,7754.98
101648,12032.73
101649,9694.32
101650,12776.97
101651,14586.12
101652,15779.2
101653,17762.64
101654,7363.51
101655,12226.09
101656,7497.54
101657,13571.29
101658,17276.12
101659,9350.07
101660,10558.0
101661,10380.75
101662,7240.13
101663,7685.78
101664,11954.03
101665,9044.04
101666,8605.22
101667,12016.88
101668,8832.32
101669,9806.6
101670,14119.94
101671,7971.17
101672,11572.2
101673,7163.63
101674,9239.46
101675,11501.39
101676,8792.6
101677,14719.06
101678,10415.12
101679,7798.63
101680,10676.46
101681,14094.54
101682,6984.64
101683,10909.52
101684,11131.04
101685,7580.28
101686,11449.07
101687,5898.51
101688,9727.96
101689,10399.77
101690,9626.83
101691,11697.85
101692,8077.09
101693,4912.04
101694,12491.93
101695,5777.57
101696,8958.47
101697,13756.51
101698,9492.65
101699,8720.39
101700,10266.5
101701,11649.04
101702,12453.34
101703,10288.18
101704,12607.75
101705,12232.2
101706,9373.99
101707,14094.27
101708,11071.47
101709,9146.36
101710,7557.46
101711,6151.41
101712,9572.26
101713,10966.39
101714,10469.62
101715,7544.63
101716,10112.14
101717,5643.39
101718,12371.66
101719,7148.28
101720,8637.03
101721,7046.98
101722,7676.07
101723,14473.33
101724,10025.56
101725,13515.0
101726,4808.01
101727,15909.94
101728,12245.02
101729,10665.21
101730,13974.46
101731,13560.44
101732,11846.96
101733,6077.25
101734,10068.14
101735,9023.9
101736,14297.78
101737,12522.8
101738,13192.85
101739,11304.48
101740,11602.24
101741,14597.87
101742,8330.31
101743,7075.04
101744,9359.51
101745,11743.49
101746,14727.12
101747,15595.0
101748,9703.58
101749,6513.64
101750,10159.52
101751,15430.39
101752,13571.72
101753,8723.21
101754,6897.91
101755,9661.54
101756,7876.3
101757,6037.28
101758,12351.43
101759,14225.35
101760,16123.48
101761,15924.79
101762,12939.14
101763,6825.55
101764,8662.71
101765,6515.58
101766,11242.41
101767,15959.87
101768,17561.4
101769,5968.55
101770,2586.8
101771,7451.78
101772,7779.74
101773,4465.91
101774,6320.04
101775,7616.18
101776,12268.88
101777,18324.87
101778,17634.21
101779,11400.5
101780,8690.3
101781,15114.12
101782,13836.35
101783,10972.11
101784,11407.5
101785,10375.03
101786,13788.67
101787,5987.68
101788,10368.19
101789,4787.14
101790,9271.59
101791,11647.71
101792,17944.97
101793,10321.13
101794,9599.02
101795,8166.54
101796,15577.1
101797,3277.21
101798,13602.54
101799,10052.81
101800,11275.89
101801,11629.07
101802,9780.2
101803,7298.45
101804,11073.68
101805,10500.0
101806,9521.96
101807,15797.59
101808,5566.11
101809,8607.72
101810,7891.19
101811,10223.98
101812,9151.22
101813,14111.67
101814,8706.99
101815,13740.02
101816,9936.23
101817,9428.81
101818,4430.69
101819,8261.44
101820,5873.52
101821,11518.97
101822,10792.1
101823,15959.69
101824,14019.99
101825,15257.42
101826,10299.79
101827,12876.42
101828,7922.46
101829,12701.03
101830,9806.61
101831,12900.17
101832,6686.97
101833,12733.41
101834,17641.54
101835,7966.24
101836,9477.26
101837,3972.36
101838,6271.12
101839,16605.29
101840,7738.71
101841,5949.57
101842,15108.49
101843,8567.01
101844,10462.11
101845,4899.13
101846,9061.45
101847,11652.47
101848,8663.99
101849,25241.54
101850,14988.44
101851,9304.88
101852,19395.99
101853,6636.7
101854,11049.19
101855,11910.8
101856,8152.75
101857,10558.0
101858,9304.93
101859,7317.37
101860,14657.99
101861,9116.28
101862,15617.52
101863,10385.65
101864,7187.96
101865,10015.51
101866,16087.79
101867,10345.48
101868,7808.27
101869,11507.95
101870,16898.89
101871,7305.39
101872,10484.82
101873,14034.43
101874,13014.5
101875,12386.54
101876,12052.5
101877,15986.7
101878,7893.82
101879,10500.46
101880,7225.95
101881,9642.09
101882,8292.35
101883,8371.18
101884,9429.83
101885,8565.83
101886,7204.28
101887,13220.15
101888,5831.08
101889,7325.79
101890,13540.03
101891,14780.6
101892,15070.26
101893,12595.25
101894,9034.56
101895,12612.67
101896,6012.68
101897,4553.0
101898,12619.46
101899,11062.22
101900,12802.66
101901,13819.05
101902,17130.46
101903,7232.63
101904,8689.21
101905,14796.68
101906,6600.03
101907,16474.7
101908,13546.97
101909,9768.42
101910,14109.77
101911,20226.2
101912,8310.84
101913,9056.77
101914,12092.68
101915,11101.31
101916,8373.77
101917,10347.04
101918,11924.68
101919,11141.1
101920,10560.9
101921,6969.09
101922,13031.85
101923,5125.38
101924,14682.22
101925,6545.12
101926,19775.5
101927,13184.2
101928,7255.92
101929,19612.01
101930,7986.74
101931,9864.0
101932,9747.59
101933,12305.01
101934,12710.98
101935,11490.72
101936,12803.82
101937,13616.44
101938,5870.74
101939,8563.23
101940,9313.69
101941,6660.62
101942,21442.06
101943,15656.73
101944,8071.6
101945,9805.54
101946,10671.33
101947,13356.14
101948,7172.95
101949,6641.18
101950,12442.38
101951,8795.13
101952,7660.11
101953,11080.21
101954,14630.37
101955,13626.54
101956,8396.45
101957,13590.57
101958,9448.03
101959,10600.42
101960,13459.24
101961,6487.7
101962,8489.97
101963,6846.31
101964,13951.5
101965,14400.53
101966,10601.93
101967,7089.83
101968,9905.5
101969,6562.84
101970,5597.88
101971,6976.53
101972,7537.75
101973,2611.16
101974,6098.46
101975,7742.95
101976,8115.82
101977,11963.27
101978,13851.37
101979,9243.82
101980,9029.81
101981,6717.2
101982,7217.28
101983,7518.08
101984,10885.28
101985,5728.8
101986,7519.52
101987,9108.53
101988,15498.4
101989,7429.02
101990,10251.94
101991,12318.48
101992,9162.07
101993,10164.96
101994,10749.59
101995,8747.48
101996,14169.8
101997,8246.34
101998,9966.11
101999,8855.42
102000,7362.65
102001,11096.86
102002,9622.16
102003,7293.28
102004,15276.74
102005,7595.28
102006,8582.09
102007,12217.73
102008,10530.34
102009,8956.32
102010,12996.29
102011,13724.79
102012,10458.7
102013,9499.01
102014,8848.42
102015,9447.7
102016,7079.68
102017,11106.5
102018,2793.96
102019,10558.0
102020,8974.84
102021,7915.75
102022,10645.14
102023,13509.6
102024,12533.69
102025,9615.83
102026,9406.01
102027,15879.73
102028,8276.08
102029,12765.3
102030,6538.61
102031,5814.91
102032,12431.39
102033,4606.45
102034,17660.62
102035,8932.24
102036,6445.56
102037,18330.43
102038,11223.55
102039,7022.87
102040,11339.23
102041,11326.02
102042,9914.54
102043,10717.84
102044,10422.36
102045,7491.09
102046,10299.42
102047,10600.57
102048,9063.53
102049,12615.17
102050,10185.52
102051,7723.33
102052,8382.31
102053,6951.22
102054,18792.75
102055,8859.55
102056,14011.2
102057,7083.57
102058,8804.78
102059,20062.93
102060,10180.05
102061,9244.31
102062,10067.29
102063,8960.28
102064,8107.97
102065,10596.37
102066,11066.6
102067,6562.77
102068,15959.69
102069,11084.69
102070,14683.83
102071,17382.87
102072,12983.81
102073,10014.76
102074,14931.17
102075,7003.23
102076,9744.93
102077,10807.04
102078,6984.2
102079,12052.08
102080,7481.72
102081,8064.29
102082,11083.89
102083,7025.26
102084,13481.73
102085,15156.56
102086,16087.79
102087,17055.37
102088,10123.84
102089,10224.51
102090,9419.1
102091,12307.0
102092,11919.17
102093,15239.26
102094,11167.01
102095,7580.17
102096,15465.39
102097,10558.0
102098,10263.32
102099,15199.15
102100,10193.64
102101,8323.23
102102,5673.3
102103,9300.27
102104,9068.26
102105,10851.68
102106,6562.86
102107,7205.34
102108,7902.4
102109,9930.71
102110,8021.37
102111,9927.27
102112,15041.27
102113,15909.94
102114,15444.69
102115,9730.0
102116,14686.41
102117,16031.05
102118,10574.5
102119,11186.09
102120,13363.08
102121,8597.72
102122,11101.05
102123,12384.73
102124,9520.64
102125,14145.14
102126,5980.81
102127,10014.8
102128,7361.0
102129,10292.04
102130,10003.05
102131,11373.54
102132,3614.62
102133,10282.23
102134,15430.39
102135,6253.51
102136,8522.27
102137,11666.45
102138,12120.84
102139,11758.7
102140,8079.49
102141,12594.22
102142,11585.47
102143,11046.95
102144,5094.55
102145,7816.98
102146,10735.1
102147,8693.88
102148,7789.06
102149,15554.88
102150,8515.91
102151,6454.26
102152,10248.75
102153,7676.2
102154,11213.54
102155,6199.04
102156,7529.85
102157,10436.43
102158,9897.47
102159,8260.3
102160,9450.2
102161,16123.48
102162,12872.89
102163,9297.21
102164,7884.02
102165,11115.63
102166,7346.82
102167,7220.12
102168,6656.6
102169,9457.14
102170,8372.57
102171,12892.78
102172,14014.83
102173,13468.34
102174,17335.21
102175,20638.02
102176,5433.55
102177,11935.3
102178,7619.66
102179,9205.94
102180,7003.61
102181,5578.77
102182,10264.58
102183,11304.92
102184,11691.57
102185,16496.81
102186,14167.94
102187,8328.47
102188,14218.25
102189,19538.17
102190,15523.72
102191,15519.95
102192,11336.19
102193,6889.43
102194,7198.71
102195,7852.15
102196,8071.09
102197,6617.57
102198,7103.15
102199,18531.04
102200,9190.27
102201,5461.09
102202,10499.12
102203,7670.04
102204,8060.53
102205,11193.02
102206,9715.29
102207,15041.72
102208,10547.78
102209,8342.83
102210,12505.56
102211,19185.0
102212,14209.74
102213,14663.9
102214,6194.4
102215,12067.09
102216,8703.6
102217,7778.89
102218,14144.95
102219,7475.59
102220,13464.02
102221,7439.65
102222,9711.05
102223,15193.7
102224,15202.42
102225,14034.14
102226,7771.43
102227,6410.54
102228,10250.12
102229,13194.44
102230,12503.55
102231,10613.03
102232,10003.05
102233,6270.78
102234,10358.61
102235,7274.98
102236,7812.19
102237,8499.07
102238,16885.36
102239,13412.97
102240,9645.03
102241,7857.74
102242,10266.33
102243,6499.36
102244,9852.63
102245,11842.39
102246,9727.18
102247,9862.58
102248,11962.26
102249,10209.2
102250,7657.22
102251,16304.63
102252,6669.85
102253,9702.58
102254,9696.48
102255,6914.27
102256,9710.0
102257,9633.5
102258,15200.9
102259,4205.62
102260,10322.99
102261,6920.8
102262,13595.24
102263,16123.48
102264,11682.21
102265,15430.39
102266,7442.92
102267,7798.2
102268,13887.46
102269,8224.63
102270,9268.32
102271,8866.95
102272,10362.11
102273,2539.11
102274,6159.48
102275,10178.74
102276,10322.99
102277,5571.61
102278,8913.49
102279,10286.22
102280,10747.93
102281,7313.91
102282,16087.79
102283,8700.11
102284,5766.06
102285,9801.6
102286,9897.3
102287,9877.53
102288,7844.81
102289,9403.26
102290,11130.55
102291,8299.75
102292,16955.39
102293,16087.79
102294,15430.39
102295,9705.69
102296,15760.49
102297,10027.74
102298,4053.71
102299,12062.06
102300,17518.35
102301,9704.68
102302,12594.51
102303,9535.9
102304,13352.34
102305,7174.87
102306,14504.17
102307,8239.56
102308,9690.42
102309,10977.39
102310,6532.0
102311,7974.64
102312,10565.98
102313,5853.59
102314,8174.12
102315,8010.71
102316,7445.79
102317,7907.29
102318,13103.81
102319,14478.04
102320,9546.39
102321,15760.49
102322,7794.69
102323,7673.52
102324,14392.68
102325,8139.28
102326,10092.79
102327,17956.91
102328,10450.32
102329,9523.03
102330,9099.03
102331,12984.23
102332,10022.08
102333,8306.25
102334,8648.79
102335,10999.91
102336,13655.54
102337,10392.77
102338,7827.58
102339,13404.93
102340,9814.18
102341,7451.2
102342,8068.04
102343,7162.58
102344,17561.4
102345,5833.51
102346,13004.77
102347,13249.93
102348,6526.08
102349,10932.12
102350,19797.62
102351,8750.17
102352,7651.9
102353,8384.13
102354,13381.2
102355,13283.08
102356,8931.61
102357,2613.56
102358,6538.39
102359,10139.07
102360,7491.27
102361,9843.13
102362,10710.47
102363,7559.32
102364,8301.83
102365,9370.71
102366,9444.38
102367,10597.65
102368,10016.85
102369,13470.26
102370,8209.71
102371,8255.65
102372,7859.52
102373,3997.42
102374,4512.42
102375,10723.28
102376,13293.83
102377,15108.78
102378,11514.77
102379,3783.01
102380,11306.53
102381,9507.83
102382,10987.14
102383,12860.28
102384,9509.8
102385,16145.04
102386,12803.99
102387,15825.39
102388,10417.01
102389,12812.07
102390,8816.38
102391,11577.55
102392,10597.6
102393,10630.91
102394,4483.74
102395,7887.09
102396,9647.9
102397,13043.72
102398,11302.02
102399,7144.19
102400,4633.62
102401,9558.68
102402,15085.65
102403,11743.59
102404,11655.98
102405,10259.17
102406,4731.02
102407,9153.41
102408,6080.61
102409,11841.62
102410,7305.44
102411,18994.77
102412,13434.32
102413,9893.59
102414,14592.78
102415,12895.94
102416,13379.62
102417,15701.88
102418,7742.78
102419,12342.59
102420,6285.13
102421,12318.45
102422,10966.95
102423,6646.21
102424,10230.46
102425,11351.45
102426,10363.3
102427,8922.6
102428,8726.9
102429,5175.17
102430,6391.69
102431,6549.55
102432,9682.01
102433,10726.69
102434,18651.2
102435,7312.91
102436,10189.62
102437,11482.74
102438,11108.49
102439,6582.07
102440,8014.03
102441,13477.34
102442,10256.61
102443,8921.3
102444,8320.31
102445,6500.69
102446,11550.73
102447,4142.38
102448,9806.01
102449,10043.4
102450,15579.68
102451,7366.59
102452,12075.57
102453,7624.39
102454,14518.3
102455,16507.08
102456,5716.69
102457,7304.46
102458,9916.27
102459,7256.36
102460,14383.91
102461,14879.48
102462,13321.25
102463,8344.75
102464,7310.01
102465,6262.47
102466,6145.77
102467,9151.96
102468,11860.98
102469,7236.15
102470,12318.86
102471,14906.87
102472,15737.77
102473,13724.79
102474,10454.46
102475,13218.66
102476,9875.66
102477,7813.94
102478,8089.7
102479,15430.39
102480,10229.43
102481,11156.45
102482,12124.97
102483,15430.39
102484,13261.74
102485,12952.93
102486,14883.45
102487,8021.47
102488,6981.06
102489,5771.43
102490,9731.26
102491,11515.55
102492,6277.31
102493,7008.36
102494,8134.42
102495,13902.91
102496,7634.95
102497,8546.49
102498,8215.82
102499,12777.0
102500,14057.19
102501,10217.92
102502,7294.44
102503,10290.25
102504,4481.76
102505,11402.61
102506,6730.29
102507,8063.72
102508,6533.17
102509,10616.13
102510,6156.56
102511,8249.95
102512,9881.77
102513,17564.98
102514,11455.98
102515,8723.08
102516,13653.85
102517,12659.33
102518,11478.1
102519,2289.09
102520,12845.92
102521,8907.08
102522,7854.67
102523,5553.05
102524,8932.84
102525,7811.18
102526,6117.07
102527,8515.82
102528,7098.98
102529,7086.86
102530,11324.78
102531,10301.95
102532,9885.66
102533,7224.85
102534,8558.75
102535,15909.94
102536,5313.14
102537,12700.87
102538,7274.5
102539,6173.21
102540,11283.41
102541,13550.69
102542,10803.44
102543,13393.04
102544,14477.33
102545,14325.75
102546,8151.76
102547,7560.29
102548,15369.18
102549,10733.27
102550,14940.71
102551,13357.44
102552,8412.11
102553,10460.55
102554,12058.17
102555,10775.26
102556,6236.57
102557,10317.98
102558,14444.25
102559,10390.01
102560,17480.95
102561,14081.9
102562,4830.3
102563,7240.16
102564,8644.58
102565,12099.11
102566,10809.67
102567,14720.72
102568,8422.54
102569,11020.85
102570,8241.02
102571,5019.93
102572,3570.22
102573,14365.87
102574,9361.07
102575,19469.09
102576,8961.08
102577,10860.48
102578,12785.83
102579,14237.2
102580,4201.72
102581,11457.06
102582,12335.51
102583,10768.07
102584,7601.49
102585,10950.01
102586,9416.18
102587,12619.54
102588,10690.61
102589,13974.28
102590,9533.37
102591,10950.59
102592,17165.78
102593,11179.07
102594,8510.71
102595,10068.74
102596,6756.43
102597,8103.72
102598,9676.08
102599,14829.67
102600,14868.18
102601,9261.6
102602,16087.79
102603,10509.95
102604,3442.86
102605,11038.42
102606,15582.57
102607,7497.1
102608,9275.8
102609,7304.46
102610,8193.08
102611,14928.44
102612,12211.32
102613,10300.74
102614,10094.98
102615,7214.97
102616,12468.22
102617,6984.64
102618,14507.64
102619,12934.09
102620,9842.9
102621,2825.58
102622,8356.02
102623,14953.25
102624,11910.64
102625,14310.83
102626,7455.65
102627,7220.06
102628,5111.1
102629,14610.75
102630,15622.14
102631,16735.62
102632,7658.03
102633,21601.75
102634,8726.35
102635,16910.98
102636,2339.88
102637,16083.23
102638,6864.48
102639,9093.32
102640,16087.79
102641,14210.97
102642,12017.41
102643,9997.97
102644,15521.68
102645,9378.86
102646,8041.51
102647,17745.67
102648,8236.08
102649,12773.7
102650,10434.11
102651,11550.7
102652,14424.07
102653,7730.78
102654,7020.79
102655,8262.04
102656,10237.79
102657,21068.42
102658,8061.43
102659,7551.68
102660,7323.38
102661,10409.23
102662,7526.81
102663,11735.23
102664,6605.83
102665,9730.86
102666,11622.48
102667,14490.12
102668,12003.22
102669,3104.71
102670,9941.79
102671,11751.55
102672,16742.56
102673,10157.28
102674,12628.41
102675,6542.49
102676,11626.13
102677,6739.68
102678,9951.32
102679,11400.5
102680,9292.96
102681,9656.95
102682,12313.14
102683,5359.18
102684,6890.66
102685,9726.77
102686,11034.83
102687,13374.36
102688,15034.99
102689,18054.44
102690,9298.05
102691,6127.73
102692,11877.04
102693,9974.58
102694,7719.54
102695,9384.63
102696,10418.93
102697,11687.51
102698,12766.93
102699,4399.12
102700,10727.51
102701,10945.02
102702,14578.19
102703,10813.11
102704,8836.14
102705,8287.02
102706,10832.22
102707,12863.78
102708,8956.88
102709,10840.09
102710,14878.93
102711,10677.32
102712,11145.81
102713,4364.53
102714,10558.0
102715,11610.25
102716,10178.77
102717,10057.97
102718,6862.93
102719,14998.83
102720,8089.04
102721,6947.64
102722,13578.32
102723,8622.19
102724,5760.1
102725,8075.86
102726,10086.22
102727,8519.48
102728,11570.35
102729,9473.0
102730,5508.55
102731,3710.55
102732,17887.91
102733,13981.81
102734,17518.35
102735,15206.47
102736,8917.56
102737,9785.83
102738,12841.42
102739,10473.32
102740,7327.43
102741,14830.22
102742,13951.25
102743,18237.22
102744,14605.91
102745,7425.0
102746,10522.12
102747,10137.2
102748,7646.36
102749,10414.48
102750,14943.99
102751,7610.12
102752,13294.84
102753,11570.17
102754,9828.74
102755,13119.57
102756,6502.48
102757,5674.93
102758,6309.57
102759,4804.93
102760,11206.89
102761,10487.56
102762,11701.64
102763,8578.1
102764,8552.16
102765,7005.26
102766,11950.85
102767,14401.83
102768,9575.97
102769,8604.99
102770,9880.2
102771,12839.21
102772,11875.05
102773,15430.39
102774,12104.23
102775,13471.98
102776,13351.9
102777,9709.67
102778,8538.64
102779,15959.69
102780,12734.85
102781,17206.19
102782,11128.58
102783,13075.34
102784,10037.19
102785,7802.68
102786,15055.2
102787,22395.42
102788,14176.32
102789,9306.0
102790,10210.19
102791,7089.13
102792,14920.26
102793,9775.04
102794,10074.65
102795,10558.0
102796,10110.38
102797,6863.95
102798,9636.27
102799,12924.89
102800,17709.81
102801,13823.36
102802,9473.68
102803,10205.84
102804,7950.84
102805,7400.19
102806,8428.85
102807,9984.19
102808,7287.72
102809,6016.17
102810,7189.83
102811,3655.89
102812,6386.22
102813,8188.15
102814,9209.18
102815,6808.55
102816,9099.73
102817,12581.17
102818,10203.85
102819,19903.27
102820,11332.9
102821,12349.37
102822,12056.35
102823,14104.37
102824,10728.68
102825,8134.63
102826,10016.73
102827,9109.6
102828,10239.88
102829,8292.67
102830,12116.22
102831,7501.33
102832,10259.48
102833,8135.67
102834,7064.93
102835,6532.46
102836,6492.24
102837,10489.59
102838,13014.26
102839,10004.32
102840,6819.2
102841,4615.28
102842,11953.89
102843,8809.99
102844,15342.86
102845,14149.72
102846,10381.95
102847,12029.18
102848,8303.53
102849,5859.49
102850,15889.04
102851,12079.2
102852,14610.01
102853,13980.07
102854,11794.02
102855,12370.57
102856,8346.92
102857,5863.06
102858,10493.45
102859,19494.18
102860,5579.04
102861,14077.24
102862,11176.01
102863,11595.73
102864,10243.34
102865,13918.22
102866,10623.81
102867,7893.35
102868,10558.33
102869,16785.06
102870,11224.49
102871,16805.36
102872,10541.8
102873,8940.59
102874,10778.14
102875,20755.39
102876,10525.18
102877,14441.3
102878,13345.38
102879,12138.67
102880,8946.53
102881,14009.82
102882,13476.67
102883,8811.81
102884,9746.18
102885,7883.71
102886,8422.54
102887,9910.15
102888,12335.58
102889,12768.7
102890,8735.54
102891,10558.0
102892,9804.34
102893,6698.31
102894,7491.91
102895,5390.9
102896,11607.0
102897,10558.53
102898,11386.69
102899,4619.09
102900,8564.01
102901,13459.24
102902,8177.94
102903,10530.07
102904,11501.88
102905,11436.73
102906,12197.85
102907,11632.22
102908,11594.85
102909,10998.37
102910,8268.91
102911,15552.08
102912,11588.1
102913,10418.25
102914,2331.59
102915,12365.8
102916,10485.85
102917,6700.19
102918,8011.04
102919,5910.48
102920,9335.14
102921,8559.0
102922,7761.46
102923,12754.22
102924,8330.65
102925,7567.09
102926,13283.93
102927,13083.76
102928,11180.48
102929,6971.19
102930,13352.92
102931,9386.4
102932,9662.17
102933,7744.14
102934,9470.2
102935,7049.97
102936,9672.27
102937,10744.43
102938,13794.1
102939,10558.33
102940,15416.54
102941,12876.04
102942,8719.49
102943,13204.62
102944,7180.55
102945,10204.55
102946,13271.8
102947,11143.95
102948,9634.05
102949,10323.45
102950,10935.47
102951,12216.1
102952,10598.43
102953,9170.59
102954,9178.16
102955,10727.58
102956,10939.23
102957,13378.41
102958,14980.16
102959,8334.0
102960,7297.05
102961,3966.95
102962,12130.3
102963,11625.66
102964,10622.97
102965,10187.29
102966,13855.85
102967,15500.47
102968,14774.02
102969,11367.78
102970,12863.74
102971,7865.45
102972,10423.55
102973,9062.63
102974,12656.21
102975,10366.64
102976,8211.75
102977,8144.1
102978,5397.94
102979,5795.36
102980,9624.62
102981,4773.85
102982,10290.37
102983,17261.18
102984,12984.06
102985,11093.23
102986,19611.78
102987,7296.88
102988,12283.79
102989,10270.3
102990,3923.31
102991,12095.3
102992,5799.92
102993,11905.4
102994,6446.93
102995,6558.22
102996,9663.65
102997,9390.86
102998,11495.79
102999,5157.54
103000,13167.79
103001,6963.99
103002,17612.76
103003,14262.56
103004,11480.67
103005,10076.09
103006,14632.43
103007,10359.93
103008,11476.08
103009,7317.11
103010,4468.35
103011,4235.64
103012,15365.8
103013,7242.77
103014,9452.02
103015,6646.14
103016,10066.18
103017,4371.31
103018,15430.39
103019,6647.78
103020,9472.43
103021,14430.81
103022,13548.42
103023,6077.57
103024,10331.41
103025,9709.58
103026,11675.1
103027,14678.62
103028,11487.92
103029,13956.87
103030,7356.84
103031,10218.71
103032,10467.11
103033,6917.7
103034,8054.54
103035,11039.14
103036,8055.23
103037,25008.55
103038,15430.39
103039,12467.73
103040,6783.41
103041,11404.86
103042,14990.96
103043,10080.9
103044,7866.37
103045,15562.75
103046,12643.65
103047,5738.43
103048,8338.55
103049,15314.27
103050,18523.27
103051,5489.12
103052,16014.84
103053,8606.54
103054,10935.93
103055,9935.2
103056,11578.66
103057,13216.85
103058,13049.23
103059,8306.28
103060,4292.55
103061,17561.4
103062,7274.93
103063,8303.13
103064,4841.6
103065,9868.61
103066,9856.68
103067,15622.63
103068,6498.47
103069,6582.71
103070,6985.82
103071,8672.52
103072,19797.68
103073,7177.4
103074,10814.27
103075,8393.92
103076,12006.84
103077,4517.97
103078,15909.94
103079,17777.21
103080,7971.83
103081,5284.17
103082,7520.41
103083,7266.57
103084,10552.67
103085,11499.81
103086,7406.07
103087,5313.02
103088,13628.87
103089,6026.59
103090,9938.91
103091,6909.54
103092,11066.52
103093,13699.1
103094,8641.85
103095,10088.25
103096,7711.43
103097,9033.15
103098,8139.25
103099,9738.02
103100,9379.43
103101,13119.13
103102,8554.76
103103,14111.67
103104,7245.47
103105,15572.16
103106,14587.47
103107,12833.52
103108,18378.19
103109,7191.95
103110,12663.05
103111,8902.58
103112,9287.63
103113,4841.37
103114,7773.0
103115,6785.46
103116,5125.34
103117,9339.01
103118,3834.44
103119,7878.19
103120,8078.47
103121,6942.61
103122,6863.62
103123,10331.15
103124,13654.21
103125,12089.82
103126,7480.28
103127,14342.69
103128,11202.21
103129,8071.51
103130,9907.45
103131,9989.33
103132,15397.8
103133,10514.11
103134,11170.86
103135,14283.44
103136,8837.02
103137,8222.5
103138,11371.03
103139,8049.69
103140,5266.33
103141,9537.98
103142,10595.96
103143,7129.8
103144,7959.44
103145,10977.95
103146,8483.05
103147,7197.89
103148,13843.4
103149,15430.39
103150,12014.38
103151,12332.78
103152,6834.13
103153,9597.79
103154,10301.54
103155,7441.77
103156,8290.11
103157,18097.63
103158,8329.11
103159,15566.9
103160,14958.67
103161,13540.03
103162,8809.13
103163,9636.27
103164,9019.98
103165,7503.02
103166,5956.85
103167,16491.75
103168,11657.54
103169,10558.0
103170,12457.66
103171,8346.2
103172,11064.35
103173,13345.0
103174,9497.43
103175,10602.79
103176,11907.32
103177,10965.75
103178,8361.53
103179,8034.49
103180,3413.85
103181,10590.31
103182,15169.69
103183,8188.01
103184,10461.39
103185,9263.81
103186,10098.88
103187,10104.9
103188,7538.9
103189,8184.98
103190,11810.54
103191,7241.53
103192,14093.89
103193,9643.09
103194,12701.92
103195,11985.73
103196,10682.02
103197,8604.55
103198,6740.5
103199,6662.57
103200,10860.63
103201,11456.78
103202,7235.72
103203,9598.89
103204,6540.36
103205,16644.51
103206,15483.49
103207,12348.35
103208,6149.84
103209,9998.76
103210,7580.17
103211,5448.32
103212,9778.93
103213,12833.82
103214,9755.79
103215,12458.24
103216,7304.67
103217,8366.33
103218,12358.97
103219,18633.24
103220,10822.64
103221,12271.32
103222,8205.67
103223,11838.2
103224,7456.02
103225,7271.0
103226,14553.49
103227,3901.15
103228,11183.67
103229,15660.84
103230,6920.94
103231,11316.74
103232,9928.11
103233,14772.79
103234,7503.93
103235,3619.66
103236,15430.39
103237,13747.2
103238,10248.25
103239,13688.39
103240,7663.06
103241,9451.81
103242,10611.4
103243,7085.06
103244,16170.68
103245,7548.58
103246,10173.36
103247,13487.69
103248,6923.05
103249,10108.12
103250,8330.67
103251,13594.31
103252,9585.92
103253,6475.06
103254,11225.47
103255,9704.57
103256,11620.78
103257,7203.65
103258,13188.98
103259,8623.37
103260,8029.4
103261,9878.08
103262,13673.39
103263,8448.49
103264,15430.39
103265,9916.59
103266,17078.37
103267,6173.07
103268,10063.15
103269,16749.65
103270,12351.51
103271,5705.75
103272,7458.3
103273,9938.01
103274,7119.74
103275,11089.1
103276,8949.79
103277,11974.35
103278,5106.53
103279,12281.22
103280,8324.83
103281,8377.71
103282,10965.74
103283,11156.45
103284,8714.76
103285,11201.01
103286,10995.52
103287,6736.4
103288,7817.74
103289,12079.39
103290,11267.08
103291,10298.6
103292,9906.06
103293,13577.77
103294,18713.17
103295,10558.0
103296,2933.36
103297,6095.08
103298,7941.73
103299,10305.4
103300,7686.42
103301,9688.06
103302,12079.22
103303,17289.22
103304,8430.98
103305,8224.93
103306,15430.39
103307,4887.27
103308,6908.78
103309,10081.68
103310,15131.48
103311,4704.75
103312,6777.72
103313,10513.17
103314,9942.2
103315,5509.32
103316,11219.46
103317,9933.45
103318,9597.53
103319,14075.54
103320,6148.92
103321,15318.41
103322,10891.83
103323,8999.07
103324,9547.96
103325,7148.96
103326,12089.26
103327,7798.38
103328,8480.2
103329,10649.78
103330,11108.87
103331,13022.15
103332,11800.81
103333,13531.26
103334,12679.0
103335,13071.74
103336,11208.23
103337,8507.15
103338,8726.49
103339,6201.82
103340,15930.55
103341,6283.78
103342,9614.88
103343,9699.16
103344,9594.7
103345,10622.98
103346,10946.09
103347,14689.41
103348,13823.47
103349,10015.15
103350,7149.72
103351,10283.91
103352,8568.33
103353,5632.92
103354,10021.2
103355,7530.82
103356,10098.33
103357,7312.81
103358,13505.58
103359,9756.98
103360,4238.57
103361,12889.19
103362,6931.11
103363,10276.69
103364,11582.46
103365,11670.85
103366,14262.54
103367,15703.02
103368,15241.34
103369,9155.41
103370,12387.51
103371,10131.2
103372,12066.78
103373,17612.76
103374,16994.67
103375,7422.0
103376,6045.05
103377,7994.32
103378,8417.68
103379,9516.47
103380,7119.08
103381,8884.24
103382,9920.24
103383,7923.35
103384,11193.17
103385,17757.58
103386,7311.13
103387,15735.94
103388,10040.45
103389,9248.23
103390,12441.25
103391,9184.57
103392,9228.37
103393,13070.07
103394,14336.12
103395,11128.85
103396,10150.06
103397,9673.31
103398,2115.49
103399,9810.22
103400,6908.25
103401,14129.74
103402,9373.62
103403,8130.32
103404,7842.2
103405,13240.4
103406,10563.89
103407,14914.94
103408,6294.53
103409,10647.77
103410,10712.29
103411,7424.76
103412,11492.87
103413,7822.79
103414,12969.83
103415,7637.42
103416,12119.04
103417,5849.23
103418,10374.84
103419,7321.56
103420,9056.81
103421,10816.6
103422,7916.48
103423,15499.54
103424,14470.63
103425,8330.31
103426,4796.45
103427,7629.88
103428,7661.85
103429,15430.39
103430,13302.38
103431,9755.42
103432,9123.27
103433,10406.29
103434,6469.82
103435,8500.38
103436,6160.14
103437,7867.27
103438,11515.07
103439,14100.41
103440,10006.99
103441,12088.61
103442,7022.99
103443,10203.47
103444,7439.96
103445,17456.9
103446,10907.34
103447,7996.09
103448,13363.16
103449,4662.12
103450,10539.98
103451,14463.23
103452,10677.3
103453,10708.38
103454,16014.84
103455,9484.12
103456,9344.51
103457,18268.65
103458,8242.93
103459,9951.63
103460,7327.18
103461,13005.75
103462,6902.72
103463,10558.0
103464,10747.13
103465,9522.77
103466,13938.12
103467,13788.9
103468,11209.1
103469,10446.66
103470,11583.63
103471,10769.95
103472,7800.42
103473,7286.75
103474,8762.32
103475,12657.24
103476,12730.53
103477,13579.1
103478,15242.25
103479,18997.35
103480,18748.69
103481,8784.59
103482,9724.64
103483,10688.68
103484,8957.18
103485,8968.57
103486,7638.03
103487,14483.35
103488,10028.22
103489,6592.6
103490,12756.13
103491,9893.21
103492,17247.4
103493,13457.87
103494,14839.17
103495,15511.11
103496,10745.84
103497,11023.57
103498,14471.44
103499,11231.51
103500,10732.6
103501,15492.08
103502,8264.2
103503,13022.51
103504,15626.37
103505,4189.98
103506,7586.24
103507,11846.55
103508,15510.35
103509,12393.54
103510,10330.37
103511,13492.0
103512,5619.83
103513,8445.75
103514,9880.79
103515,11629.58
103516,18464.79
103517,7277.77
103518,8678.2
103519,7752.28
103520,5595.59
103521,15161.42
103522,17525.04
103523,14553.18
103524,8367.51
103525,5849.05
103526,6606.07
103527,10579.87
103528,4617.25
103529,10098.88
103530,13529.48
103531,10288.96
103532,11714.99
103533,7617.79
103534,11434.97
103535,7363.95
103536,11360.9
103537,14306.24
103538,12539.43
103539,14441.22
103540,6879.24
103541,7559.44
103542,10270.5
103543,15006.58
103544,7292.71
103545,12226.09
103546,13692.76
103547,15569.28
103548,8643.99
103549,7110.69
103550,12219.96
103551,12015.09
103552,11155.02
103553,17841.09
103554,8095.67
103555,10867.93
103556,10477.25
103557,12699.97
103558,8207.04
103559,7503.58
103560,6381.72
103561,10600.79
103562,16240.64
103563,12811.61
103564,12733.21
103565,3860.83
103566,3071.14
103567,14005.17
103568,13504.37
103569,14681.93
103570,7832.1
103571,8249.16
103572,6670.16
103573,9786.05
103574,14059.73
103575,5592.67
103576,16031.05
103577,12700.07
103578,4669.1
103579,5845.32
103580,14735.62
103581,11138.72
103582,9952.95
103583,17334.68
103584,10132.86
103585,8023.18
103586,15332.26
103587,8613.92
103588,7803.92
103589,10618.41
103590,10514.11
103591,7149.82
103592,6040.5
103593,10246.17
103594,10671.55
103595,4259.31
103596,13419.42
103597,10300.36
103598,13405.31
103599,9373.06
103600,15594.15
103601,4663.31
103602,11691.02
103603,15388.78
103604,6510.42
103605,6188.26
103606,12674.85
103607,7038.64
103608,9997.83
103609,12526.27
103610,11929.92
103611,13555.51
103612,2772.01
103613,12820.34
103614,10963.87
103615,10017.14
103616,6122.69
103617,11156.45
103618,13973.35
103619,15171.29
103620,13284.05
103621,9287.12
103622,9671.51
103623,10259.25
103624,7933.45
103625,14496.08
103626,10851.23
103627,10714.56
103628,15064.54
103629,21647.83
103630,7608.9
103631,3210.58
103632,14064.31
103633,8882.03
103634,9657.66
103635,10570.5
103636,3062.79
103637,15430.39
103638,9683.51
103639,17384.4
103640,5475.8
103641,12056.72
103642,8309.03
103643,9771.76
103644,10192.56
103645,11204.75
103646,7257.82
103647,9945.69
103648,9238.69
103649,11760.87
103650,11843.02
103651,18235.17
103652,9321.27
103653,11757.51
103654,18040.44
103655,9556.17
103656,10633.86
103657,11718.71
103658,5853.74
103659,11608.07
103660,9959.78
103661,13340.37
103662,11477.95
103663,6995.65
103664,11514.06
103665,13560.33
103666,7824.61
103667,7496.87
103668,6062.37
103669,14645.4
103670,15691.33
103671,6913.55
103672,10518.95
103673,8444.6
103674,7330.84
103675,15398.41
103676,8960.1
103677,7228.44
103678,5559.82
103679,8909.75
103680,7936.33
103681,13340.71
103682,10547.78
103683,11744.0
103684,11627.57
103685,8303.48
103686,7854.26
103687,7553.23
103688,19765.71
103689,14968.95
103690,8214.96
103691,6622.21
103692,6606.98
103693,9041.76
103694,15959.69
103695,12405.54
103696,11660.89
103697,7383.04
103698,6909.53
103699,12132.77
103700,16873.8
103701,15473.64
103702,7004.69
103703,13505.58
103704,14731.38
103705,17311.94
103706,4240.99
103707,8520.7
103708,10129.95
103709,12650.87
103710,9983.52
103711,9312.02
103712,13468.3
103713,8984.64
103714,11023.15
103715,10479.63
103716,15228.95
103717,16084.86
103718,14011.05
103719,11394.07
103720,10225.12
103721,9859.86
103722,12670.99
103723,10059.53
103724,8160.16
103725,14990.47
103726,9634.76
103727,9746.18
103728,10109.08
103729,15705.45
103730,11139.3
103731,13462.15
103732,14718.31
103733,10225.22
103734,6662.19
103735,17112.59
103736,8788.85
103737,12819.15
103738,13912.01
103739,16831.88
103740,6245.32
103741,11322.62
103742,7560.88
103743,5091.01
103744,9996.16
103745,11023.42
103746,6008.83
103747,4975.59
103748,16241.6
103749,7773.84
103750,11231.51
103751,12183.88
103752,16855.61
103753,7548.83
103754,11473.1
103755,9978.36
103756,7893.26
103757,15629.8
103758,8929.55
103759,6755.42
103760,10013.0
103761,7438.52
103762,7288.67
103763,11035.47
103764,16019.24
103765,10258.73
103766,8244.4
103767,12811.37
103768,13776.91
103769,10909.24
103770,8024.26
103771,13114.03
103772,12626.37
103773,7501.04
103774,15214.98
103775,7302.74
103776,8155.99
103777,13979.94
103778,6896.1
103779,6935.07
103780,20798.6
103781,7409.56
103782,8258.79
103783,10318.76
103784,11893.94
103785,5332.56
103786,11156.45
103787,7203.02
103788,11625.52
103789,10487.32
103790,7911.76
103791,10003.23
103792,17168.63
103793,10920.35
103794,14423.24
103795,9636.36
103796,12740.15
103797,2614.83
103798,12070.72
103799,6301.94
103800,13572.34
103801,10558.0
103802,9910.63
103803,10728.74
103804,8524.47
103805,7220.43
103806,10317.62
103807,12011.85
103808,8594.65
103809,12879.91
103810,14717.7
103811,10507.55
103812,5610.37
103813,5512.29
103814,12106.63
103815,8711.34
103816,7681.44
103817,10879.58
103818,2742.25
103819,4521.76
103820,5807.37
103821,6800.23
103822,13803.0
103823,7277.92
103824,11700.36
103825,9000.01
103826,6329.42
103827,11652.84
103828,8505.78
103829,19186.92
103830,11632.56
103831,11244.05
103832,12077.31
103833,6485.61
103834,10816.6
103835,9205.98
103836,14179.48
103837,20798.6
103838,10045.06
103839,9483.51
103840,11519.15
103841,7639.87
103842,13581.1
103843,8434.44
103844,9722.34
103845,15268.18
103846,11303.29
103847,10261.37
103848,10377.23
103849,10437.67
103850,13134.78
103851,8343.04
103852,8459.56
103853,5781.44
103854,14803.15
103855,13264.54
103856,8033.53
103857,9037.31
103858,12080.28
103859,5204.52
103860,9968.0
103861,14940.71
103862,12112.06
103863,12754.78
103864,8866.66
103865,10517.73
103866,6575.24
103867,10558.0
103868,6890.38
103869,8072.42
103870,10366.32
103871,7173.69
103872,7969.59
103873,6960.09
103874,6192.21
103875,10558.0
103876,15031.83
103877,13773.21
103878,9008.21
103879,9601.81
103880,9886.29
103881,15086.1
103882,7968.86
103883,12118.87
103884,10586.62
103885,11500.54
103886,9723.59
103887,10643.72
103888,8105.11
103889,10537.95
103890,13531.26
103891,11285.48
103892,16867.3
103893,5112.9
103894,12067.58
103895,8675.32
103896,3325.48
103897,16113.34
103898,12172.56
103899,9985.55
103900,7109.0
103901,13863.96
103902,10764.6
103903,10721.56
103904,11323.56
103905,9491.77
103906,6786.04
103907,10966.24
103908,8212.69
103909,14492.18
103910,11492.08
103911,8615.86
103912,16062.45
103913,19793.38
103914,10989.18
103915,8009.43
103916,15217.23
103917,6552.47
103918,12430.99
103919,10593.7
103920,7442.43
103921,7767.75
103922,16346.15
103923,4932.84
103924,10380.32
103925,10225.62
103926,6037.52
103927,11219.46
103928,9661.27
103929,10276.77
103930,7017.52
103931,10866.01
103932,8061.86
103933,7682.39
103934,10623.55
103935,11131.42
103936,11251.68
103937,2531.72
103938,11674.3
103939,7797.42
103940,11108.36
103941,17243.07
103942,11903.11
103943,7833.68
103944,7825.98
103945,6570.94
103946,8195.38
103947,15970.79
103948,11097.32
103949,11331.5
103950,7725.88
103951,7800.1
103952,13724.79
103953,12066.0
103954,9373.99
103955,8508.21
103956,12318.18
103957,7505.56
103958,10172.18
103959,7701.94
103960,11366.83
103961,11891.32
103962,11299.44
103963,13274.29
103964,8965.8
103965,6041.66
103966,15985.66
103967,8293.39
103968,10581.61
103969,9828.45
103970,6101.71
103971,11396.5
103972,9498.17
103973,6544.69
103974,6650.24
103975,10473.85
103976,10601.1
103977,13912.02
103978,11433.41
103979,13572.15
103980,13302.35
103981,9654.21
103982,8727.63
103983,14838.43
103984,6857.29
103985,8516.31
103986,13149.17
103987,2628.93
103988,5187.78
103989,9017.58
103990,10571.32
103991,7837.34
103992,13871.01
103993,23680.95
103994,13389.7
103995,9580.28
103996,19416.53
103997,24823.56
103998,30144.67
103999,22073.26
104000,10574.22
104001,20101.16
104002,27781.74
104003,9349.23
104004,10330.41
104005,19563.22
104006,14045.79
104007,20330.08
104008,20446.05
104009,9325.26
104010,10103.59
104011,14261.94
104012,20474.41
104013,20399.97
104014,19800.01
104015,13889.42
104016,9912.35
104017,28497.26
104018,45032.82
104019,11524.49
104020,22215.47
104021,27927.06
104022,22555.07
104023,12598.29
104024,31668.57
104025,7940.4
104026,9705.46
104027,20478.65
104028,24029.8
104029,17703.33
104030,15336.03
104031,19161.79
104032,19194.03
104033,14361.38
104034,27921.01
104035,20028.14
104036,12308.44
104037,15265.92
104038,8024.49
104039,5730.56
104040,10460.33
104041,11833.66
104042,23087.09
104043,15027.3
104044,18865.39
104045,20546.16
104046,22270.2
104047,28643.05
104048,13461.46
104049,18651.93
104050,8742.44
104051,8884.2
104052,16817.73
104053,8716.15
104054,31462.72
104055,13792.26
104056,17667.58
104057,9776.03
104058,21004.56
104059,12380.11
104060,38398.89
104061,13789.64
104062,9476.17
104063,9056.22
104064,23095.0
104065,25901.45
104066,20649.28
104067,12119.4
104068,13375.52
104069,10621.67
104070,8403.29
104071,21375.29
104072,22234.83
104073,11284.1
104074,17680.07
104075,13926.62
104076,18714.74
104077,7005.13
104078,17341.63
104079,15002.35
104080,4530.54
104081,9914.3
104082,7710.89
104083,28046.38
104084,17643.39
104085,12947.66
104086,18480.88
104087,9589.13
104088,14096.66
104089,21416.55
104090,15494.54
104091,10960.87
104092,31559.05
104093,19696.08
104094,6551.17
104095,16855.83
104096,15709.74
104097,13826.99
104098,8500.14
104099,20483.4
104100,20079.33
104101,13276.94
104102,10224.92
104103,23145.22
104104,29123.05
104105,8961.79
104106,28400.1
104107,13036.63
104108,10433.69
104109,5752.41
104110,15984.95
104111,19514.19
104112,14931.21
104113,12907.04
104114,17445.09
104115,9721.88
104116,21004.56
104117,11273.86
104118,16941.28
104119,12133.11
104120,9913.53
104121,15335.25
104122,5709.53
104123,25350.82
104124,11414.54
104125,12090.45
104126,29971.75
104127,17141.11
104128,20448.59
104129,9577.1
104130,9934.12
104131,9931.01
104132,15833.44
104133,24349.8
104134,10411.23
104135,10174.72
104136,20081.26
104137,6398.26
104138,20689.38
104139,10376.85
104140,8766.73
104141,17659.71
104142,26373.6
104143,22964.05
104144,31247.24
104145,11537.06
104146,14812.77
104147,32145.15
104148,15864.18
104149,12942.79
104150,19187.08
104151,9820.27
104152,17752.98
104153,10213.9
104154,4374.56
104155,13377.3
104156,10484.49
104157,44079.01
104158,9944.47
104159,9233.53
104160,11388.85
104161,23875.88
104162,8814.6
104163,10079.45
104164,9118.4
104165,17076.15
104166,20615.18
104167,13915.13
104168,28322.64
104169,30056.72
104170,9140.34
104171,10307.99
104172,21961.87
104173,16282.67
104174,24710.03
104175,28697.97
104176,11006.63
104177,8122.14
104178,14614.09
104179,17290.18
104180,31033.83
104181,20865.16
104182,45102.87
104183,13678.88
104184,23897.64
104185,12768.49
104186,15492.19
104187,21235.82
104188,9773.92
104189,14989.63
104190,29393.88
104191,18393.74
104192,9641.16
104193,9453.04
104194,24260.62
104195,7703.33
104196,12601.93
104197,9413.64
104198,7949.73
104199,10621.99
104200,31673.53
104201,12011.98
104202,22160.7
104203,16316.1
104204,18402.22
104205,8770.98
104206,24667.36
104207,14792.72
104208,17655.52
104209,18318.33
104210,17648.93
104211,16614.94
104212,19499.36
104213,10859.1
104214,20565.36
104215,24764.34
104216,14902.16
104217,15634.96
104218,16065.01
104219,12938.28
104220,8903.62
104221,9993.58
104222,20396.53
104223,11188.23
104224,15412.23
104225,27942.31
104226,6692.18
104227,24327.15
104228,13419.08
104229,27709.5
104230,24913.96
104231,11328.87
104232,26057.89
104233,19940.05
104234,7948.82
104235,22847.03
104236,9165.19
104237,30043.08
104238,9051.0
104239,8850.88
104240,17746.59
104241,33559.18
104242,7241.56
104243,19645.36
104244,12246.63
104245,23715.86
104246,17849.5
104247,23295.01
104248,20283.06
104249,16649.79
104250,14439.31
104251,21822.61
104252,11964.19
104253,47223.51
104254,21946.79
104255,21566.88
104256,20814.79
104257,14792.72
104258,6114.48
104259,17802.62
104260,9210.0
104261,10394.31
104262,26676.18
104263,3375.66
104264,16194.93
104265,16298.26
104266,19661.29
104267,13145.0
104268,9953.01
104269,19780.15
104270,17031.57
104271,9242.48
104272,16295.23
104273,10327.42
104274,9376.28
104275,19805.64
104276,11999.01
104277,12933.6
104278,10935.72
104279,19317.24
104280,20945.62
104281,8852.94
104282,9585.45
104283,21063.29
104284,18134.9
104285,7951.33
104286,45054.39
104287,11694.7
104288,21166.46
104289,20443.45
104290,17890.67
104291,22425.83
104292,21092.19
104293,21158.77
104294,29375.17
104295,8908.99
104296,22273.98
104297,17357.74
104298,17076.55
104299,19318.1
104300,12797.52
104301,11331.32
104302,10029.17
104303,31525.77
104304,10615.13
104305,20519.25
104306,10410.9
104307,28172.91
104308,25805.26
104309,16683.44
104310,7240.38
104311,27680.94
104312,9065.32
104313,11509.8
104314,12516.44
104315,23246.77
104316,7986.22
104317,13156.4
104318,9216.25
104319,15415.83
104320,12205.53
104321,56308.08
104322,17146.43
104323,15875.38
104324,16670.66
104325,13489.48
104326,27065.79
104327,19563.11
104328,29100.63
104329,7776.74
104330,10617.33
104331,21585.52
104332,22413.01
104333,4334.05
104334,16835.13
104335,13089.14
104336,13126.39
104337,12179.45
104338,17159.02
104339,23434.71
104340,13047.71
104341,16581.96
104342,13946.19
104343,8924.46
104344,31342.96
104345,20819.3
104346,11174.18
104347,17581.94
104348,13496.03
104349,14391.41
104350,20152.58
104351,23395.45
104352,8636.28
104353,26531.31
104354,6908.47
104355,20258.39
104356,12318.35
104357,14350.05
104358,27093.85
104359,19788.86
104360,15991.11
104361,44697.44
104362,26340.78
104363,9654.21
104364,7749.91
104365,21983.38
104366,20540.59
104367,12370.24
104368,23913.5
104369,19791.77
104370,8391.51
104371,20203.05
104372,7699.4
104373,12113.02
104374,9300.79
104375,28585.59
104376,18936.62
104377,16445.52
104378,17523.72
104379,25703.37
104380,9887.32
104381,21040.8
104382,19391.92
104383,19784.1
104384,23896.82
104385,8781.1
104386,29675.85
104387,18389.79
104388,10664.69
104389,14675.65
104390,12994.55
104391,16108.44
104392,9977.15
104393,14581.31
104394,24011.81
104395,14889.72
104396,22307.45
104397,21370.28
104398,50770.38
104399,17933.26
104400,30333.61
104401,7360.37
104402,18625.28
104403,16577.56
104404,20686.0
104405,22189.33
104406,14925.75
104407,20169.93
104408,13124.9
104409,23617.91
104410,19971.88
104411,17927.93
104412,4824.1
104413,11002.95
104414,23566.12
104415,16825.04
104416,17056.07
104417,11621.14
104418,14752.02
104419,19830.37
104420,29035.11
104421,4562.1
104422,21106.75
104423,15976.99
104424,27480.7
104425,15865.13
104426,19067.77
104427,13758.55
104428,23145.93
104429,14085.26
104430,18503.1
104431,21881.87
104432,23450.51
104433,14792.38
104434,18211.01
104435,10254.71
104436,9831.2
104437,13551.96
104438,13073.74
104439,15282.56
104440,12511.67
104441,7718.19
104442,11902.71
104443,12451.34
104444,14514.21
104445,9546.99
104446,31884.44
104447,20419.12
104448,5500.37
104449,17308.24
104450,27265.29
104451,32362.51
104452,25033.01
104453,18600.07
104454,13553.72
104455,12776.7
104456,8558.79
104457,11925.06
104458,7987.05
104459,14902.16
104460,17289.06
104461,20657.84
104462,5653.64
104463,12408.2
104464,12699.77
104465,12004.21
104466,12405.67
104467,11656.79
104468,28105.79
104469,13314.83
104470,9920.36
104471,10699.68
104472,29174.57
104473,26501.69
104474,30543.98
104475,16977.76
104476,12841.52
104477,27858.54
104478,7682.53
104479,7422.13
104480,10065.72
104481,6569.46
104482,19472.65
104483,21465.24
104484,12763.54
104485,19843.38
104486,25543.22
104487,27466.79
104488,17629.54
104489,11658.59
104490,8993.87
104491,21865.14
104492,11874.96
104493,20611.25
104494,31256.56
104495,10661.06
104496,18956.29
104497,24796.4
104498,22944.42
104499,31351.27
104500,14225.36
104501,25482.38
104502,11984.48
104503,28603.53
104504,11186.77
104505,29147.84
104506,20844.69
104507,23221.84
104508,9235.05
104509,14235.75
104510,9484.53
104511,20353.16
104512,14346.96
104513,12532.83
104514,18766.74
104515,10925.25
104516,12745.02
104517,8298.53
104518,13488.98
104519,13890.22
104520,9566.92
104521,10009.85
104522,17218.8
104523,11316.26
104524,12266.24
104525,7288.8
104526,17948.05
104527,22232.52
104528,6842.17
104529,19920.34
104530,15898.76
104531,12362.09
104532,9704.95
104533,11662.07
104534,10492.11
104535,8359.96
104536,19681.44
104537,10620.52
104538,9155.03
104539,18740.96
104540,13600.44
104541,10587.76
104542,15051.4
104543,21448.5
104544,13489.22
104545,9319.11
104546,24223.68
104547,9797.6
104548,6307.05
104549,14315.57
104550,12176.07
104551,18247.27
104552,6673.93
104553,20960.02
104554,12286.31
104555,14796.93
104556,14377.56
104557,9613.25
104558,20414.84
104559,32337.38
104560,22474.64
104561,7927.46
104562,14690.39
104563,10881.62
104564,13052.56
104565,7626.04
104566,8407.77
104567,20922.19
104568,18808.03
104569,6077.51
104570,12201.92
104571,9114.71
104572,5377.47
104573,10627.8
104574,15826.05
104575,15076.79
104576,13087.64
104577,9329.02
104578,17271.93
104579,9560.58
104580,5698.23
104581,9628.03
104582,10020.32
104583,19537.45
104584,12181.16
104585,24137.07
104586,16944.41
104587,15525.53
104588,14792.38
104589,30757.08
104590,23221.62
104591,5622.55
104592,12419.48
104593,19395.87
104594,8834.14
104595,10988.59
104596,14477.5
104597,30493.2
104598,8678.21
104599,12053.74
104600,17857.22
104601,9276.01
104602,12911.48
104603,13182.37
104604,24611.19
104605,18806.18
104606,20013.39
104607,12540.72
104608,16562.17
104609,9625.16
104610,19657.45
104611,13123.5
104612,22994.35
104613,15504.96
104614,14827.02
104615,26265.89
104616,10585.28
104617,7038.9
104618,22809.75
104619,13974.48
104620,33685.5
104621,19532.7
104622,7114.92
104623,16018.26
104624,19776.54
104625,13665.79
104626,9877.26
104627,25615.44
104628,14715.18
104629,19740.88
104630,12974.24
104631,13314.19
104632,24421.69
104633,19584.37
104634,25775.89
104635,20383.08
104636,14486.01
104637,17188.04
104638,10161.41
104639,19932.06
104640,7516.98
104641,9417.7
104642,31947.03
104643,12664.27
104644,25955.36
104645,21270.0
104646,13198.67
104647,16578.46
104648,16275.56
104649,7006.04
104650,8875.36
104651,9640.73
104652,7164.98
104653,20434.52
104654,24595.25
104655,20833.29
104656,31995.32
104657,16658.88
104658,20797.97
104659,19663.72
104660,12261.55
104661,13463.21
104662,18234.71
104663,14308.31
104664,9417.9
104665,17559.61
104666,9641.42
104667,20078.43
104668,26014.66
104669,19345.2
104670,25678.94
104671,15881.71
104672,13315.65
104673,18291.94
104674,25228.56
104675,12836.46
104676,15113.99
104677,18186.87
104678,12073.36
104679,8622.01
104680,6003.89
104681,21106.75
104682,20651.37
104683,14141.85
104684,22428.89
104685,17139.7
104686,12041.26
104687,20524.21
104688,8766.33
104689,27924.73
104690,12291.36
104691,23195.27
104692,25483.43
104693,30705.83
104694,9443.73
104695,15344.83
104696,11791.55
104697,10930.59
104698,12358.72
104699,21093.45
104700,26157.88
104701,16865.53
104702,22612.04
104703,14790.41
104704,26538.72
104705,17705.97
104706,16228.64
104707,26782.28
104708,11407.2
104709,24038.37
104710,24940.02
104711,12923.32
104712,11834.46
104713,20430.72
104714,9585.52
104715,27671.45
104716,25656.59
104717,18842.75
104718,22010.03
104719,10499.66
104720,14191.15
104721,9886.23
104722,19710.32
104723,14526.03
104724,7423.88
104725,25760.75
104726,11259.06
104727,25100.56
104728,15825.27
104729,12952.04
104730,15940.07
104731,20504.65
104732,15373.2
104733,11085.24
104734,9904.7
104735,12102.74
104736,14565.18
104737,18982.65
104738,15728.55
104739,13762.45
104740,14496.15
104741,7335.46
104742,22292.41
104743,8007.93
104744,15008.72
104745,9604.72
104746,24094.46
104747,15166.14
104748,10940.6
104749,8213.53
104750,10541.91
104751,14410.83
104752,18615.26
104753,25905.58
104754,11246.94
104755,14132.67
104756,10348.84
104757,12706.11
104758,6524.34
104759,12347.17
104760,6973.23
104761,10493.16
104762,30132.81
104763,10510.13
104764,16354.0
104765,12103.59
104766,16740.9
104767,10735.04
104768,10752.52
104769,11696.69
104770,28639.66
104771,8798.88
104772,25689.68
104773,19027.58
104774,7735.8
104775,13362.16
104776,8795.52
104777,9248.93
104778,4081.68
104779,11265.76
104780,18038.94
104781,30610.42
104782,9904.05
104783,7458.04
104784,24174.96
104785,12798.55
104786,28704.43
104787,9844.48
104788,20258.39
104789,21946.0
104790,10487.66
104791,21454.38
104792,9667.01
104793,36581.97
104794,17693.1
104795,14820.24
104796,11682.49
104797,6492.62
104798,19577.02
104799,9104.18
104800,14334.76
104801,21975.89
104802,24340.36
104803,22907.18
104804,9706.28
104805,24240.39
104806,11519.73
104807,16191.36
104808,11529.08
104809,9852.7
104810,36668.76
104811,27295.26
104812,10555.46
104813,23133.49
104814,17103.08
104815,16804.26
104816,21158.13
104817,9058.8
104818,23894.63
104819,32386.08
104820,8305.0
104821,11180.9
104822,27362.69
104823,23550.1
104824,7516.76
104825,9219.4
104826,13168.59
104827,22032.68
104828,15142.08
104829,28044.21
104830,13980.28
104831,29456.22
104832,7146.09
104833,18815.34
104834,11274.06
104835,3930.73
104836,26555.3
104837,12654.49
104838,7835.07
104839,28081.55
104840,18908.85
104841,7538.45
104842,25763.03
104843,9576.17
104844,18874.98
104845,11318.57
104846,8536.66
104847,19264.56
104848,20224.76
104849,19706.65
104850,16075.65
104851,25714.33
104852,22363.81
104853,6802.72
104854,10120.28
104855,5660.92
104856,16032.45
104857,13597.82
104858,12507.13
104859,10807.46
104860,18947.99
104861,17895.38
104862,11831.46
104863,18155.45
104864,11728.5
104865,11672.62
104866,17837.15
104867,13975.82
104868,20087.96
104869,13795.27
104870,11850.18
104871,21106.75
104872,14856.82
104873,20768.49
104874,10554.16
104875,21596.85
104876,18077.77
104877,10272.67
104878,11047.29
104879,21020.34
104880,16456.2
104881,21004.46
104882,6082.51
104883,16312.88
104884,31778.54
104885,13007.48
104886,23419.73
104887,9120.03
104888,20202.23
104889,7250.46
104890,25096.43
104891,25921.2
104892,9241.28
104893,9977.15
104894,12631.52
104895,14068.91
104896,23723.85
104897,7241.72
104898,16345.38
104899,23261.31
104900,9336.55
104901,16582.31
104902,43031.39
104903,14826.39
104904,12280.85
104905,20895.74
104906,16755.52
104907,10821.34
104908,25447.69
104909,19845.36
104910,12650.02
104911,19625.68
104912,18124.37
104913,11946.51
104914,15797.59
104915,18655.58
104916,10780.99
104917,8058.36
104918,10229.22
104919,3041.76
104920,22576.28
104921,14940.76
104922,23469.9
104923,9501.09
104924,22554.81
104925,8169.75
104926,8851.01
104927,10372.96
104928,6715.48
104929,16442.21
104930,19246.04
104931,18410.98
104932,6907.21
104933,15900.76
104934,16285.95
104935,7137.27
104936,7519.5
104937,7439.98
104938,18289.55
104939,7692.93
104940,20993.38
104941,10468.33
104942,11528.02
104943,20176.02
104944,23533.69
104945,21427.49
104946,13100.66
104947,10350.83
104948,17851.98
104949,22220.78
104950,8295.45
104951,13533.75
104952,12027.18
104953,13237.26
104954,9397.02
104955,11532.53
104956,23134.99
104957,41253.44
104958,16047.57
104959,16837.24
104960,10404.64
104961,13294.79
104962,27179.39
104963,15162.08
104964,4125.14
104965,17008.78
104966,19428.83
104967,16256.71
104968,18040.29
104969,20127.67
104970,20014.75
104971,9909.88
104972,15393.39
104973,19491.15
104974,14299.78
104975,26796.86
104976,15453.35
104977,21212.71
104978,2912.24
104979,9263.65
104980,22530.38
104981,43974.49
104982,19171.04
104983,13325.12
104984,7286.8
104985,10614.58
104986,13751.66
104987,14514.49
104988,13498.53
104989,12262.03
104990,20625.21
104991,9440.15
104992,22372.24
104993,20903.45
104994,14526.5
104995,14532.28
104996,14289.7
104997,14579.4
104998,44584.98
104999,25457.22
105000,8579.08
105001,7022.62
105002,9457.45
105003,29086.23
105004,24801.91
105005,17468.92
105006,8825.07
105007,11667.04
105008,10799.12
105009,19732.66
105010,17318.63
105011,8381.46
105012,10283.86
105013,9091.71
105014,22313.66
105015,23669.49
105016,17727.93
105017,9909.16
105018,9331.7
105019,20841.59
105020,18675.55
105021,21390.62
105022,19487.44
105023,15733.93
105024,21379.73
105025,15668.72
105026,23045.8
105027,19852.23
105028,13373.69
105029,17722.15
105030,15768.26
105031,22201.81
105032,18249.19
105033,7484.95
105034,20413.59
105035,5906.79
105036,13481.4
105037,20985.7
105038,21136.54
105039,19567.32
105040,9218.08
105041,11556.39
105042,20511.07
105043,9324.38
105044,9528.52
105045,10027.45
105046,12689.75
105047,21486.29
105048,6422.35
105049,10223.61
105050,23134.63
105051,20006.77
105052,18412.74
105053,28766.6
105054,23589.8
105055,21494.16
105056,30285.8
105057,13415.71
105058,8628.69
105059,15897.01
105060,20080.02
105061,43589.1
105062,16748.67
105063,8963.36
105064,10402.27
105065,13076.26
105066,8927.87
105067,21145.47
105068,10181.33
105069,21534.17
105070,10260.86
105071,23095.66
105072,29082.91
105073,15351.53
105074,18556.98
105075,17479.65
105076,11878.31
105077,14667.6
105078,16716.55
105079,7792.84
105080,7208.95
105081,10312.13
105082,11947.56
105083,14812.36
105084,23649.47
105085,24270.59
105086,11374.99
105087,21204.6
105088,8078.51
105089,16449.48
105090,9242.14
105091,20420.0
105092,4805.7
105093,7792.0
105094,16678.61
105095,15134.15
105096,29065.0
105097,13684.64
105098,28662.87
105099,8622.94
105100,32523.45
105101,44952.05
105102,29298.55
105103,17972.65
105104,7763.14
105105,23567.76
105106,9441.21
105107,21555.88
105108,11620.84
105109,30877.13
105110,19166.46
105111,25231.86
105112,10897.34
105113,13341.94
105114,10544.19
105115,30732.27
105116,8993.24
105117,11418.49
105118,10281.81
105119,19264.56
105120,30717.7
105121,9391.86
105122,10010.58
105123,12833.19
105124,9833.66
105125,23732.08
105126,8136.0
105127,18874.54
105128,16266.42
105129,16474.48
105130,15807.01
105131,18622.95
105132,31515.5
105133,10823.85
105134,12301.03
105135,20745.88
105136,56189.66
105137,2967.65
105138,16089.32
105139,24726.11
105140,30067.37
105141,15274.49
105142,11301.16
105143,14460.36
105144,29386.36
105145,18073.3
105146,11156.44
105147,22712.43
105148,5579.27
105149,13583.05
105150,13484.16
105151,19100.04
105152,19878.87
105153,10453.33
105154,13335.27
105155,17236.48
105156,20218.63
105157,19590.44
105158,8780.87
105159,21059.61
105160,30365.11
105161,21071.73
105162,17117.92
105163,14109.99
105164,31865.01
105165,17348.4
105166,9797.54
105167,11468.14
105168,13078.7
105169,13101.24
105170,26263.77
105171,8273.9
105172,10222.39
105173,13295.48
105174,14322.39
105175,23238.11
105176,13497.79
105177,27733.73
105178,19431.67
105179,24386.78
105180,14291.48
105181,9007.64
105182,8218.6
105183,12962.61
105184,26407.26
105185,8476.24
105186,10445.89
105187,32376.21
105188,16542.21
105189,3004.03
105190,8772.16
105191,13769.93
105192,19575.36
105193,19275.61
105194,20223.79
105195,9755.84
105196,10079.14
105197,42030.88
105198,16410.78
105199,24560.19
105200,6934.74
105201,13900.32
105202,8641.15
105203,23764.99
105204,10521.65
105205,24000.79
105206,19380.03
105207,25276.18
105208,19961.9
105209,12200.75
105210,12120.5
105211,8942.23
105212,19981.26
105213,9743.69
105214,12985.35
105215,12341.33
105216,9555.55
105217,32970.6
105218,24589.15
105219,18207.33
105220,12601.16
105221,11894.8
105222,4499.0
105223,10246.29
105224,8779.12
105225,21075.31
105226,15835.53
105227,19279.94
105228,21948.37
105229,21757.59
105230,23794.76
105231,14723.11
105232,8416.95
105233,12595.96
105234,22617.88
105235,14910.9
105236,8273.42
105237,12961.46
105238,23235.42
105239,12399.54
105240,17169.5
105241,16581.83
105242,28054.43
105243,18036.96
105244,21952.92
105245,9541.94
105246,9785.94
105247,17151.42
105248,13131.24
105249,19533.04
105250,20038.94
105251,22083.09
105252,11663.49
105253,21180.98
105254,12549.89
105255,9693.63
105256,18843.81
105257,10529.31
105258,7934.93
105259,7061.1
105260,9507.82
105261,22326.31
105262,18522.49
105263,10031.91
105264,11908.69
105265,14241.8
105266,14166.74
105267,28983.07
105268,17009.53
105269,28720.74
105270,20649.47
105271,5833.87
105272,20200.38
105273,14166.87
105274,5019.99
105275,10896.76
105276,19984.71
105277,9060.97
105278,21330.76
105279,19270.36
105280,9957.33
105281,30067.72
105282,15339.16
105283,14395.75
105284,10207.91
105285,23728.82
105286,13498.4
105287,16038.75
105288,10111.62
105289,26572.71
105290,10649.23
105291,42632.06
105292,17407.88
105293,9067.85
105294,26186.99
105295,26780.27
105296,24088.55
105297,20866.21
105298,13824.64
105299,10109.34
105300,17041.22
105301,11003.33
105302,17172.15
105303,8230.94
105304,6749.22
105305,35022.74
105306,12638.92
105307,11930.03
105308,19009.91
105309,20019.63
105310,15504.57
105311,8924.25
105312,16938.01
105313,19297.52
105314,26755.18
105315,31676.97
105316,29879.49
105317,16815.92
105318,20006.44
105319,14084.34
105320,15764.52
105321,10741.18
105322,19127.17
105323,11192.81
105324,19826.58
105325,9223.67
105326,29598.1
105327,25763.46
105328,12526.89
105329,7339.11
105330,20281.42
105331,20317.31
105332,17592.65
105333,13752.71
105334,15749.83
105335,22551.46
105336,29407.07
105337,12568.73
105338,21084.45
105339,10229.46
105340,20716.41
105341,7109.02
105342,28196.62
105343,11265.26
105344,11761.57
105345,14472.1
105346,23364.53
105347,17749.06
105348,12188.35
105349,10361.8
105350,17720.3
105351,14667.45
105352,10562.56
105353,24939.56
105354,12850.79
105355,6291.75
105356,18774.89
105357,11514.42
105358,13915.31
105359,8652.16
105360,6608.62
105361,9643.41
105362,31261.57
105363,10301.23
105364,19149.79
105365,25125.44
105366,18500.66
105367,10460.33
105368,23390.84
105369,18714.38
105370,15025.71
105371,12609.92
105372,10203.59
105373,25482.38
105374,9210.86
105375,13031.49
105376,17217.65
105377,10304.65
105378,19637.58
105379,6554.7
105380,8878.39
105381,20532.6
105382,13082.14
105383,21154.52
105384,6126.82
105385,15394.77
105386,9450.69
105387,13047.89
105388,14790.68
105389,21818.86
105390,11882.2
105391,19365.66
105392,20146.12
105393,11606.04
105394,23578.18
105395,19003.03
105396,20820.73
105397,12009.68
105398,22547.45
105399,13866.81
105400,10215.95
105401,8153.0
105402,9618.81
105403,13997.0
105404,19868.96
105405,19475.45
105406,13376.24
105407,14569.83
105408,19268.95
105409,10528.76
105410,21895.98
105411,9067.93
105412,10548.76
105413,15995.61
105414,12260.71
105415,26522.95
105416,10544.82
105417,19996.11
105418,9690.63
105419,9998.81
105420,14309.95
105421,17462.18
105422,31566.54
105423,11432.35
105424,17185.06
105425,10135.13
105426,21991.96
105427,12477.01
105428,12679.17
105429,38678.6
105430,8164.93
105431,14075.37
105432,20386.5
105433,16983.61
105434,10282.45
105435,12106.77
105436,7608.75
105437,24244.63
105438,28240.28
105439,17609.71
105440,14557.28
105441,11658.48
105442,17907.2
105443,32126.13
105444,18655.73
105445,15730.21
105446,15855.67
105447,9672.07
105448,24944.76
105449,15980.44
105450,19812.79
105451,12432.64
105452,14409.09
105453,15386.89
105454,21675.54
105455,11981.76
105456,12916.27
105457,12291.22
105458,5920.29
105459,7318.87
105460,22050.47
105461,19940.68
105462,29862.01
105463,20765.5
105464,18819.14
105465,20562.19
105466,22486.35
105467,19300.13
105468,25353.25
105469,8004.15
105470,8500.63
105471,12821.56
105472,27833.33
105473,9758.06
105474,8752.5
105475,13451.08
105476,9766.45
105477,14010.45
105478,22410.9
105479,18891.23
105480,18956.41
105481,10189.12
105482,10765.97
105483,10980.2
105484,12515.45
105485,10050.96
105486,13854.87
105487,17800.55
105488,16762.06
105489,18110.6
105490,11853.92
105491,22595.54
105492,14692.82
105493,9016.09
105494,12903.2
105495,16132.18
105496,12338.95
105497,24795.3
105498,14099.19
105499,7725.82
105500,11601.8
105501,12990.85
105502,22837.44
105503,15528.84
105504,9113.89
105505,8115.14
105506,14299.4
105507,20528.76
105508,15500.51
105509,7365.99
105510,9977.33
105511,19811.44
105512,13203.38
105513,9464.61
105514,15600.51
105515,40521.49
105516,9534.44
105517,13173.59
105518,9918.48
105519,10495.22
105520,30029.19
105521,23045.33
105522,17246.09
105523,6522.74
105524,28017.84
105525,22335.88
105526,20682.33
105527,12650.9
105528,9896.07
105529,26845.63
105530,20407.13
105531,14721.68
105532,24662.75
105533,31386.98
105534,8530.09
105535,8284.53
105536,8286.39
105537,12809.1
105538,15452.73
105539,11937.38
105540,17743.95
105541,16171.89
105542,15670.1
105543,12180.2
105544,22158.26
105545,9141.92
105546,16863.41
105547,13409.15
105548,19407.96
105549,20158.45
105550,20051.84
105551,11296.15
105552,12097.21
105553,9801.36
105554,11391.43
105555,31740.07
105556,29807.04
105557,10307.87
105558,17745.31
105559,47195.09
105560,9242.02
105561,21296.45
105562,16953.41
105563,17697.89
105564,9229.41
105565,11694.28
105566,13346.74
105567,17104.89
105568,20390.76
105569,15213.55
105570,9214.4
105571,12598.52
105572,10250.25
105573,32087.49
105574,23111.42
105575,13772.61
105576,9289.41
105577,24514.37
105578,8430.47
105579,28218.07
105580,13384.34
105581,7956.23
105582,16835.79
105583,9422.87
105584,11204.09
105585,20236.5
105586,8031.27
105587,15183.14
105588,11328.18
105589,20866.03
105590,18973.63
105591,24759.79
105592,12533.13
105593,17264.24
105594,20117.59
105595,21307.88
105596,16605.88
105597,10430.25
105598,17319.71
105599,11009.05
105600,18358.94
105601,10703.75
105602,16028.7
105603,15028.16
105604,12123.74
105605,9554.58
105606,19804.08
105607,19102.18
105608,18575.21
105609,7392.03
105610,20904.21
105611,10620.07
105612,7503.89
105613,20644.08
105614,18268.49
105615,17952.72
105616,12711.8
105617,24079.75
105618,35011.62
105619,9361.5
105620,9335.57
105621,23319.68
105622,11524.94
105623,13044.76
105624,25375.93
105625,43917.99
105626,16856.8
105627,21248.04
105628,22770.77
105629,26387.2
105630,18219.08
105631,10454.76
105632,22489.15
105633,20194.71
105634,8911.46
105635,8296.31
105636,24322.49
105637,21585.52
105638,9512.92
105639,14890.5
105640,15090.99
105641,9912.11
105642,21020.09
105643,37607.35
105644,13792.95
105645,9355.24
105646,13416.47
105647,17888.7
105648,6579.87
105649,11002.33
105650,13004.83
105651,18726.59
105652,14240.06
105653,19591.07
105654,19040.34
105655,24674.52
105656,20043.73
105657,26725.96
105658,9510.46
105659,11734.21
105660,17630.31
105661,12716.9
105662,14026.35
105663,19380.71
105664,22161.43
105665,23334.88
105666,9739.79
105667,20409.25
105668,12683.5
105669,14924.98
105670,26342.91
105671,9751.98
105672,10177.97
105673,13993.96
105674,9574.09
105675,23149.6
105676,16427.59
105677,7547.01
105678,2701.75
105679,7688.86
105680,8218.17
105681,24792.24
105682,28180.63
105683,13871.04
105684,20780.13
105685,24172.37
105686,9596.9
105687,17704.34
105688,26709.71
105689,26598.48
105690,25258.74
105691,18233.66
105692,29095.72
105693,9552.6
105694,31249.49
105695,7776.44
105696,12212.73
105697,14321.84
105698,14988.12
105699,9628.54
105700,7682.87
105701,26624.21
105702,20353.97
105703,12623.88
105704,17096.06
105705,12837.38
105706,32544.27
105707,14330.39
105708,28723.46
105709,17174.69
105710,6524.34
105711,16080.53
105712,29147.33
105713,7907.93
105714,4788.14
105715,9510.43
105716,14144.2
105717,16765.24
105718,8400.14
105719,18820.45
105720,12603.23
105721,22677.83
105722,20091.72
105723,12705.53
105724,22135.6
105725,10904.89
105726,9959.43
105727,34965.7
105728,16518.43
105729,7961.68
105730,12572.52
105731,22080.22
105732,26206.48
105733,13877.4
105734,15723.43
105735,14466.52
105736,14658.74
105737,14409.54
105738,13486.01
105739,13282.93
105740,10569.59
105741,19812.77
105742,16219.55
105743,12099.07
105744,7398.46
105745,16672.51
105746,10402.27
105747,17945.91
105748,13520.27
105749,21778.23
105750,11240.63
105751,11588.96
105752,17406.36
105753,26079.25
105754,8931.22
105755,18031.69
105756,25166.29
105757,21716.99
105758,9984.42
105759,12840.36
105760,10415.63
105761,17159.51
105762,16893.89
105763,14465.16
105764,16216.45
105765,14782.34
105766,12374.42
105767,13319.9
105768,8257.14
105769,7711.45
105770,11183.24
105771,21152.23
105772,9081.99
105773,26351.08
105774,12059.62
105775,17759.77
105776,18188.47
105777,15029.88
105778,21419.27
105779,13756.18
105780,24708.03
105781,16862.28
105782,11551.16
105783,12723.24
105784,23413.96
105785,43932.47
105786,15694.53
105787,12327.46
105788,15654.12
105789,26643.06
105790,17541.02
105791,19938.18
105792,26483.99
105793,22529.33
105794,10289.25
105795,6341.64
105796,16193.72
105797,20615.67
105798,11491.62
105799,13919.27
105800,10606.15
105801,13021.75
105802,9806.5
105803,9174.59
105804,15008.23
105805,20235.7
105806,10017.93
105807,21339.35
105808,10505.51
105809,9302.18
105810,12103.12
105811,10132.13
105812,20759.78
105813,13325.68
105814,21942.15
105815,30714.39
105816,21038.87
105817,12052.27
105818,7149.87
105819,14857.91
105820,15651.64
105821,19781.5
105822,10891.51
105823,7316.55
105824,13408.16
105825,9961.15
105826,12145.63
105827,19413.92
105828,19892.81
105829,17238.39
105830,22176.46
105831,17254.94
105832,18470.45
105833,10404.66
105834,10896.7
105835,14923.54
105836,20234.43
105837,21166.46
105838,6942.94
105839,22709.61
105840,20355.08
105841,31302.36
105842,22936.1
105843,25870.4
105844,17184.62
105845,7686.2
105846,28071.38
105847,13031.42
105848,8958.69
105849,22199.37
105850,12675.94
105851,21639.84
105852,21412.1
105853,7055.79
105854,13337.56
105855,16652.92
105856,16762.4
105857,20526.77
105858,12021.72
105859,21378.19
105860,5498.87
105861,14356.02
105862,2464.14
105863,7928.83
105864,22709.36
105865,22440.33
105866,39942.27
105867,19426.73
105868,15648.8
105869,13280.92
105870,23827.88
105871,15933.61
105872,20829.62
105873,19177.13
105874,11439.54
105875,6955.32
105876,8945.22
105877,10073.38
105878,12831.33
105879,10753.4
105880,32098.98
105881,18544.98
105882,9794.9
105883,10779.14
105884,22905.47
105885,21322.37
105886,23648.8
105887,23538.51
105888,22366.65
105889,13221.31
105890,10192.42
105891,25099.28
105892,11311.68
105893,20505.69
105894,15913.91
105895,30253.63
105896,17045.27
105897,11171.97
105898,11057.21
105899,14400.3
105900,15120.42
105901,20523.74
105902,4981.31
105903,12725.75
105904,20018.14
105905,11061.44
105906,8630.51
105907,15313.9
105908,22632.31
105909,28264.83
105910,11156.74
105911,9252.59
105912,7737.48
105913,39092.39
105914,26467.11
105915,8878.78
105916,10489.12
105917,10188.14
105918,29522.21
105919,32070.18
105920,17986.75
105921,15346.42
105922,26859.29
105923,7664.14
105924,13847.21
105925,28474.79
105926,6307.83
105927,4446.43
105928,16038.3
105929,11530.86
105930,11966.61
105931,21167.76
105932,14386.25
105933,17115.72
105934,9424.51
105935,19396.11
105936,15219.6
105937,11662.27
105938,10771.65
105939,17372.8
105940,9475.23
105941,10974.59
105942,12308.02
105943,10319.92
105944,13704.34
105945,7731.14
105946,22488.78
105947,23378.85
105948,9032.03
105949,12123.24
105950,9725.56
105951,10306.87
105952,12361.58
105953,12100.98
105954,16330.11
105955,10043.56
105956,10699.68
105957,22479.79
105958,20242.09
105959,6158.95
105960,20899.57
105961,21767.55
105962,12762.7
105963,11887.09
105964,16324.78
105965,10266.32
105966,13514.55
105967,7829.72
105968,12872.22
105969,26773.21
105970,55408.41
105971,18281.68
105972,10418.48
105973,8608.19
105974,18855.22
105975,14516.94
105976,20328.31
105977,15507.73
105978,9802.15
105979,10725.23
105980,9882.31
105981,10570.77
105982,18541.21
105983,16558.91
105984,14630.5
105985,20383.08
105986,14498.92
105987,20469.81
105988,9407.55
105989,18791.69
105990,23053.87
105991,7471.97
105992,13704.51
105993,22492.37
105994,24244.55
105995,26084.28
105996,10182.24
105997,12206.15
105998,16810.1
105999,8574.61
106000,25252.36
106001,22676.67
106002,13820.3
106003,12845.14
106004,18919.57
106005,28709.47
106006,27565.86
106007,28037.03
106008,14300.94
106009,14227.18
106010,22491.36
106011,27608.84
106012,21208.44
106013,12397.73
106014,14647.24
106015,9375.13
106016,22357.59
106017,27602.1
106018,8090.04
106019,25092.36
106020,12257.39
106021,34513.05
106022,10908.63
106023,11707.09
106024,25216.89
106025,15162.08
106026,15318.04
106027,13424.61
106028,21897.65
106029,16528.56
106030,25575.77
106031,15820.62
106032,16550.68
106033,21104.41
106034,6817.04
106035,9440.75
106036,19091.23
106037,11198.94
106038,18738.58
106039,13281.91
106040,16071.21
106041,31864.41
106042,19849.81
106043,9044.25
106044,12263.42
106045,24786.08
106046,13792.1
106047,18112.44
106048,27954.33
106049,22125.66
106050,14349.04
106051,11977.27
106052,21485.93
106053,8772.07
106054,12369.72
106055,9084.56
106056,5487.76
106057,5226.54
106058,30064.26
106059,21953.66
106060,10894.09
106061,42085.78
106062,8476.15
106063,15703.07
106064,7528.7
106065,33358.16
106066,29350.27
106067,19291.03
106068,15167.32
106069,22125.57
106070,8905.23
106071,10952.36
106072,14460.53
106073,14133.29
106074,16840.72
106075,22814.99
106076,14545.93
106077,19536.28
106078,18916.18
106079,42085.48
106080,6443.83
106081,17526.42
106082,11147.08
106083,30287.18
106084,7785.19
106085,8477.2
106086,19168.67
106087,17099.16
106088,22969.28
106089,7919.6
106090,15844.39
106091,12036.35
106092,9607.39
106093,17802.66
106094,18796.48
106095,11607.74
106096,9832.36
106097,21403.25
106098,12076.66
106099,25532.93
106100,21879.31
106101,19183.54
106102,8979.1
106103,19970.66
106104,32064.12
106105,12219.03
106106,15479.87
106107,21064.39
106108,8684.45
106109,11807.8
106110,18254.75
106111,17802.68
106112,33465.36
106113,30172.68
106114,28381.76
106115,22841.76
106116,10346.26
106117,8975.92
106118,25475.62
106119,16369.12
106120,15328.46
106121,6421.67
106122,23066.04
106123,18753.82
106124,8096.72
106125,17156.41
106126,18463.75
106127,16248.79
106128,30020.4
106129,12674.96
106130,17605.85
106131,18743.05
106132,8943.65
106133,28900.35
106134,25773.24
106135,10112.16
106136,20156.96
106137,20141.98
106138,16595.5
106139,18154.67
106140,11303.46
106141,9201.0
106142,19601.57
106143,11960.09
106144,8648.14
106145,10008.95
106146,27966.4
106147,10840.68
106148,18013.53
106149,13557.83
106150,15424.74
106151,18944.62
106152,17436.33
106153,13244.48
106154,10045.52
106155,13880.26
106156,28774.5
106157,13672.41
106158,16763.26
106159,18583.51
106160,19227.1
106161,10087.14
106162,22851.05
106163,15737.18
106164,22254.35
106165,6192.68
106166,20400.7
106167,25980.43
106168,20480.85
106169,11664.66
106170,10061.08
106171,31692.36
106172,22450.99
106173,6768.79
106174,23653.13
106175,10868.68
106176,21111.46
106177,27509.44
106178,14035.37
106179,6877.65
106180,20835.86
106181,14301.76
106182,13016.22
106183,25928.91
106184,10702.55
106185,24346.99
106186,19097.55
106187,10621.01
106188,23021.75
106189,14011.06
106190,19228.58
106191,11193.63
106192,9197.7
106193,10601.91
106194,43002.38
106195,10202.78
106196,3238.6
106197,17515.43
106198,8187.49
106199,10151.97
106200,5874.19
106201,22824.67
106202,14496.24
106203,30178.22
106204,21879.3
106205,8139.18
106206,26147.59
106207,10650.94
106208,22501.0
106209,18194.16
106210,29936.65
106211,18967.95
106212,25643.41
106213,19869.73
106214,29857.34
106215,22426.47
106216,9076.7
106217,21294.1
106218,10829.18
106219,13842.97
106220,9675.54
106221,20854.15
106222,6384.75
106223,14032.35
106224,19155.33
106225,14556.04
106226,9937.86
106227,22778.77
106228,13695.35
106229,9155.6
106230,15778.99
106231,21152.75
106232,14902.16
106233,15177.95
106234,18602.2
106235,22770.91
106236,16131.21
106237,9048.54
106238,32604.87
106239,11125.06
106240,9784.46
106241,17730.98
106242,18591.98
106243,9506.59
106244,30071.73
106245,15573.03
106246,5932.13
106247,11734.64
106248,9802.44
106249,13719.12
106250,9190.42
106251,20509.19
106252,9108.49
106253,17857.91
106254,22002.89
106255,11769.63
106256,12938.73
106257,30096.63
106258,20051.32
106259,34541.95
106260,16912.47
106261,14176.55
106262,16835.15
106263,7600.35
106264,9249.55
106265,3180.79
106266,13390.05
106267,13533.47
106268,33577.04
106269,9056.83
106270,16825.89
106271,6092.21
106272,30050.87
106273,22646.2
106274,10526.95
106275,11708.27
106276,13912.76
106277,13289.82
106278,24576.52
106279,13486.41
106280,19976.79
106281,20558.66
106282,9767.97
106283,45170.79
106284,13537.12
106285,11609.8
106286,17133.32
106287,10569.53
106288,16099.5
106289,11491.49
106290,12505.71
106291,27513.04
106292,26076.51
106293,24951.85
106294,26739.68
106295,25467.15
106296,15367.46
106297,19967.53
106298,12416.07
106299,9525.04
106300,27962.55
106301,12685.25
106302,25281.65
106303,9348.79
106304,11127.59
106305,19941.38
106306,12612.35
106307,11462.58
106308,14633.18
106309,9237.0
106310,17061.17
106311,26048.5
106312,24012.99
106313,20840.41
106314,21942.42
106315,10588.05
106316,7935.34
106317,10306.87
106318,14784.74
106319,46013.15
106320,5744.71
106321,28240.64
106322,28904.65
106323,11636.61
106324,21436.48
106325,21160.14
106326,11426.6
106327,9011.03
106328,47465.17
106329,13202.18
106330,9367.9
106331,30123.05
106332,21501.12
106333,22152.63
106334,9702.52
106335,5919.82
106336,26142.86
106337,20904.15
106338,11519.56
106339,11564.52
106340,17595.47
106341,12307.87
106342,11211.96
106343,29095.72
106344,9312.45
106345,9877.17
106346,11995.81
106347,13385.13
106348,21224.57
106349,10247.19
106350,28022.8
106351,20202.23
106352,21384.07
106353,15533.15
106354,23796.23
106355,21610.93
106356,9777.55
106357,10257.99
106358,12853.31
106359,20960.04
106360,30717.28
106361,27125.17
106362,14958.3
106363,8232.44
106364,9693.7
106365,34931.23
106366,19426.39
106367,17889.76
106368,11434.47
106369,21292.85
106370,10639.52
106371,10510.31
106372,12590.01
106373,20344.01
106374,45587.2
106375,19564.13
106376,7664.95
106377,13893.45
106378,14446.41
106379,21215.49
106380,13076.39
106381,8981.4
106382,8496.73
106383,21219.78
106384,4130.98
106385,12016.34
106386,25731.52
106387,27732.46
106388,24814.09
106389,18791.94
106390,10971.29
106391,10291.38
106392,19359.59
106393,21860.81
106394,20314.06
106395,29944.31
106396,20317.01
106397,5635.47
106398,24379.82
106399,12370.6
106400,29759.5
106401,19791.1
106402,12169.94
106403,24465.9
106404,10527.71
106405,12377.97
106406,18164.1
106407,19164.61
106408,12347.51
106409,23148.38
106410,10056.07
106411,15348.04
106412,18438.3
106413,19421.66
106414,25039.76
106415,7778.35
106416,20612.8
106417,10699.68
106418,18899.66
106419,21973.86
106420,8766.72
106421,10825.18
106422,9457.9
106423,7914.92
106424,16465.07
106425,12514.78
106426,34181.39
106427,12540.37
106428,11995.65
106429,8822.44
106430,14803.66
106431,14948.27
106432,26551.34
106433,8440.53
106434,34794.02
106435,16654.53
106436,19280.91
106437,14222.13
106438,21392.59
106439,17512.43
106440,19329.59
106441,12248.09
106442,20588.5
106443,20022.33
106444,17172.04
106445,18548.06
106446,23358.56
106447,19833.37
106448,17632.77
106449,21751.77
106450,42846.21
106451,10019.16
106452,9235.0
106453,20630.19
106454,26338.5
106455,24094.28
106456,8370.2
106457,11962.21
106458,10370.42
106459,22487.11
106460,26179.24
106461,12540.63
106462,23139.14
106463,10345.09
106464,10465.33
106465,44733.5
106466,11553.38
106467,7976.28
106468,9686.46
106469,16665.32
106470,10491.71
106471,10308.06
106472,13086.14
106473,11469.62
106474,14505.94
106475,26237.91
106476,23407.43
106477,9027.9
106478,14761.5
106479,19975.6
106480,15188.42
106481,9427.77
106482,27171.82
106483,8520.55
106484,13594.48
106485,12199.19
106486,18896.91
106487,24677.41
106488,13157.2
106489,9156.95
106490,24441.1
106491,20743.36
106492,10764.82
106493,32350.56
106494,12461.34
106495,12017.09
106496,4812.47
106497,9996.74
106498,13850.86
106499,15880.93
106500,31472.77
106501,10066.17
106502,21538.53
106503,13469.15
106504,27233.34
106505,19758.53
106506,10005.64
106507,9425.87
106508,15029.16
106509,27002.47
106510,28573.82
106511,17662.31
106512,20774.3
106513,10284.69
106514,28694.62
106515,13377.3
106516,14863.29
106517,17577.47
106518,32870.07
106519,12126.71
106520,8841.87
106521,22901.63
106522,22911.52
106523,16118.33
106524,6925.03
106525,9675.24
106526,10807.96
106527,17111.87
106528,9610.63
106529,12312.65
106530,19394.45
106531,11774.45
106532,10664.64
106533,13603.86
106534,8371.93
106535,17450.48
106536,17569.67
106537,19933.61
106538,14943.07
106539,29265.26
106540,12415.03
106541,11894.65
106542,21883.07
106543,17161.19
106544,7298.6
106545,31285.37
106546,20091.37
106547,32585.2
106548,9354.49
106549,11071.82
106550,14902.16
106551,12102.15
106552,17631.93
106553,8741.26
106554,12197.31
106555,12442.12
106556,22467.52
106557,18389.19
106558,8060.75
106559,17434.58
106560,26814.59
106561,17954.69
106562,8458.11
106563,7424.01
106564,20608.6
106565,12070.96
106566,45570.24
106567,8689.65
106568,14545.86
106569,11806.78
106570,44182.51
106571,17275.57
106572,20331.8
106573,39267.74
106574,17382.37
106575,9267.84
106576,22768.31
106577,24959.47
106578,11839.87
106579,16168.58
106580,13200.75
106581,21897.08
106582,12266.79
106583,25773.24
106584,22091.9
106585,23349.12
106586,10228.33
106587,30247.78
106588,9250.02
106589,24323.54
106590,15133.67
106591,30659.79
106592,7140.92
106593,16278.37
106594,5712.63
106595,18837.05
106596,12788.24
106597,7525.23
106598,11353.33
106599,8687.17
106600,8169.27
106601,17061.58
106602,34337.65
106603,31858.91
106604,25623.95
106605,17328.42
106606,9566.38
106607,17739.12
106608,7020.95
106609,11347.59
106610,19164.61
106611,33719.78
106612,24365.78
106613,10477.79
106614,8518.65
106615,12960.91
106616,10980.47
106617,7792.34
106618,11396.02
106619,9538.68
106620,9422.64
106621,16407.44
106622,20506.01
106623,22554.88
106624,18950.91
106625,25061.57
106626,10704.93
106627,41811.81
106628,22426.26
106629,13323.5
106630,21046.28
106631,26875.83
106632,12263.23
106633,13086.16
106634,12919.08
106635,21130.7
106636,17453.11
106637,45226.45
106638,15178.51
106639,18290.91
106640,7167.86
106641,18268.89
106642,13610.58
106643,17346.71
106644,17269.17
106645,21962.44
106646,15728.73
106647,11072.18
106648,17073.24
106649,13381.56
106650,9702.38
106651,12537.69
106652,17417.3
106653,9307.52
106654,19183.11
106655,7752.15
106656,13811.35
106657,24642.37
106658,23980.36
106659,12216.42
106660,33075.0
106661,12721.59
106662,21252.03
106663,10160.11
106664,18966.67
106665,14369.23
106666,7142.49
106667,13494.59
106668,29550.24
106669,22777.82
106670,14398.78
106671,40682.76
106672,24379.72
106673,5604.23
106674,18312.77
106675,21302.82
106676,17954.88
106677,14485.41
106678,14779.47
106679,19659.81
106680,15647.71
106681,12949.45
106682,18818.88
106683,7978.02
106684,18114.95
106685,11420.36
106686,9905.44
106687,17391.67
106688,11150.06
106689,20168.0
106690,13259.84
106691,21930.11
106692,9539.31
106693,23382.79
106694,31055.46
106695,12202.91
106696,13172.13
106697,25022.93
106698,22319.7
106699,14774.37
106700,15709.72
106701,12775.75
106702,6270.98
106703,8644.18
106704,22229.5
106705,13549.02
106706,9320.65
106707,16058.58
106708,12193.25
106709,14167.87
106710,23064.26
106711,22900.94
106712,10251.69
106713,17372.77
106714,20656.61
106715,17722.56
106716,15033.21
106717,9536.74
106718,11860.28
106719,12536.91
106720,10191.74
106721,8609.0
106722,9775.68
106723,6389.22
106724,12007.62
106725,10414.82
106726,13543.46
106727,5649.37
106728,13095.93
106729,11667.63
106730,17390.25
106731,20359.39
106732,19957.38
106733,20633.61
106734,22270.61
106735,9928.85
106736,20164.68
106737,21926.04
106738,9212.36
106739,20279.02
106740,11125.19
106741,18860.87
106742,18754.76
106743,26049.64
106744,19252.84
106745,8762.01
106746,24696.3
106747,25372.89
106748,19809.51
106749,15628.31
106750,10081.95
106751,23162.39
106752,23607.15
106753,17122.79
106754,39944.29
106755,30439.63
106756,9056.9
106757,33182.23
106758,2976.49
106759,10208.16
106760,30355.84
106761,5826.4
106762,2496.04
106763,26212.53
106764,27128.0
106765,19398.07
106766,10833.11
106767,19118.01
106768,8860.11
106769,14954.66
106770,21558.06
106771,19166.7
106772,32120.01
106773,15152.9
106774,18247.27
106775,9196.12
106776,16854.7
106777,22096.37
106778,14164.44
106779,10483.8
106780,18510.78
106781,11920.1
106782,21338.41
106783,12267.42
106784,10561.82
106785,16038.71
106786,10079.45
106787,31476.6
106788,21031.38
106789,16578.01
106790,30755.34
106791,23852.08
106792,15694.75
106793,13040.76
106794,18771.06
106795,12111.6
106796,18382.5
106797,31476.91
106798,12495.94
106799,15956.04
106800,10335.63
106801,16424.33
106802,20129.65
106803,25497.1
106804,11250.3
106805,14447.76
106806,13464.2
106807,5467.71
106808,14615.09
106809,7051.32
106810,9805.33
106811,11916.31
106812,33898.58
106813,9691.84
106814,12161.06
106815,22508.81
106816,26626.91
106817,8682.12
106818,8552.17
106819,9977.31
106820,9474.58
106821,14991.36
106822,13628.23
106823,9893.44
106824,19261.79
106825,16889.14
106826,31704.05
106827,12714.2
106828,18303.95
106829,10741.45
106830,12890.55
106831,15981.01
106832,10630.44
106833,8996.0
106834,8386.52
106835,7064.26
106836,21240.46
106837,13148.78
106838,29961.15
106839,12069.07
106840,22889.01
106841,17344.72
106842,4623.07
106843,6217.24
106844,13933.67
106845,13994.79
106846,22564.98
106847,14361.36
106848,26386.49
106849,18495.86
106850,12085.36
106851,11839.97
106852,9706.8
106853,28240.94
106854,10770.39
106855,14989.7
106856,12966.41
106857,10493.16
106858,16941.33
106859,11633.28
106860,14844.43
106861,21961.87
106862,26052.37
106863,25114.89
106864,18902.22
106865,17473.49
106866,8973.19
106867,12126.71
106868,9741.14
106869,9289.41
106870,9953.71
106871,15490.11
106872,25622.51
106873,17184.14
106874,21158.81
106875,12140.6
106876,20054.8
106877,5534.59
106878,7158.26
106879,16583.03
106880,18378.46
106881,9439.81
106882,19461.49
106883,20070.73
106884,6824.86
106885,9246.74
106886,24423.86
106887,10441.24
106888,9482.5
106889,6369.61
106890,32747.2
106891,9123.91
106892,20544.02
106893,17398.09
106894,6140.95
106895,22378.57
106896,22309.37
106897,17254.16
106898,9791.0
106899,19624.11
106900,17167.12
106901,19056.32
106902,9971.97
106903,5445.76
106904,12234.21
106905,20699.19
106906,9590.74
106907,18188.66
106908,10101.82
106909,24723.95
106910,19356.7
106911,11018.28
106912,14803.67
106913,28639.64
106914,14581.58
106915,14823.51
106916,31068.21
106917,14723.71
106918,19135.91
106919,26293.9
106920,12667.95
106921,30050.87
106922,9119.65
106923,14718.84
106924,28306.7
106925,21489.66
106926,9418.34
106927,6580.58
106928,11971.63
106929,9329.0
106930,20567.23
106931,10152.0
106932,11223.65
106933,23675.41
106934,7094.54
106935,12968.18
106936,15582.95
106937,19271.16
106938,23729.03
106939,14229.28
106940,17005.56
106941,18237.61
106942,9366.01
106943,10337.47
106944,19070.04
106945,17293.61
106946,11855.65
106947,22894.42
106948,11062.44
106949,20584.61
106950,10787.08
106951,18453.47
106952,12479.65
106953,16594.27
106954,20624.96
106955,11257.08
106956,23860.42
106957,13542.94
106958,32461.46
106959,9491.32
106960,6672.31
106961,24843.07
106962,15537.42
106963,10258.46
106964,15141.71
106965,12450.36
106966,44083.02
106967,20532.06
106968,20695.71
106969,15664.4
106970,10283.86
106971,10004.82
106972,18837.97
106973,10456.27
106974,20815.77
106975,10072.0
106976,9646.31
106977,12571.04
106978,29340.43
106979,5758.9
106980,7559.38
106981,29947.85
106982,8053.0
106983,16395.25
106984,22710.12
106985,20939.14
106986,15581.36
106987,24736.3
106988,10139.61
106989,10543.11
106990,9108.96
106991,17114.1
106992,27924.71
106993,15969.48
106994,6852.61
106995,45154.88
106996,11963.56
106997,19474.27
106998,11220.51
106999,12345.41
107000,14671.27
107001,29143.06
107002,6567.86
107003,38758.01
107004,14014.31
107005,9024.71
107006,11585.22
107007,12530.74
107008,11952.58
107009,9602.25
107010,50209.87
107011,8910.7
107012,10335.08
107013,9091.15
107014,9863.18
107015,17270.57
107016,13270.09
107017,9265.01
107018,32708.38
107019,16670.4
107020,9925.47
107021,9615.36
107022,7302.95
107023,7417.17
107024,18525.73
107025,8558.68
107026,44272.02
107027,11938.85
107028,20442.33
107029,17706.77
107030,16260.53
107031,13925.07
107032,25699.73
107033,17287.65
107034,11973.48
107035,29032.66
107036,17587.43
107037,42086.07
107038,13650.62
107039,11446.8
107040,27968.09
107041,17787.02
107042,21357.82
107043,14928.44
107044,11875.92
107045,7274.38
107046,14183.89
107047,26671.7
107048,26486.26
107049,8396.62
107050,20770.64
107051,18553.47
107052,29222.14
107053,3854.88
107054,19765.0
107055,22612.44
107056,24890.87
107057,15203.83
107058,17558.99
107059,13751.39
107060,9558.21
107061,10868.35
107062,8607.38
107063,16708.56
107064,19998.32
107065,25161.02
107066,30017.17
107067,29284.24
107068,20504.61
107069,9822.55
107070,24786.86
107071,13757.58
107072,9187.52
107073,11161.82
107074,39839.45
107075,21546.21
107076,22125.66
107077,9497.47
107078,25773.24
107079,26855.45
107080,9843.8
107081,7078.96
107082,25915.08
107083,12424.96
107084,20291.6
107085,16971.41
107086,13301.47
107087,10889.4
107088,15048.96
107089,29973.32
107090,30014.01
107091,20264.82
107092,16398.33
107093,20545.57
107094,28820.18
107095,23404.65
107096,10175.19
107097,12362.55
107098,16008.21
107099,24188.61
107100,18978.4
107101,12276.53
107102,10278.41
107103,14116.52
107104,13372.9
107105,13517.71
107106,20192.76
107107,8483.02
107108,30244.52
107109,27185.24
107110,12326.75
107111,22742.63
107112,13579.18
107113,10435.32
107114,17778.55
107115,30265.17
107116,16709.27
107117,23307.17
107118,27062.45
107119,9794.42
107120,14132.57
107121,27859.86
107122,12089.62
107123,15780.35
107124,16887.64
107125,11958.67
107126,17361.27
107127,12261.34
107128,19625.7
107129,11178.69
107130,13615.04
107131,22809.85
107132,9917.99
107133,18103.68
107134,9791.89
107135,8811.58
107136,10547.02
107137,26045.5
107138,31579.01
107139,20528.53
107140,14983.17
107141,7305.36
107142,6213.73
107143,17891.55
107144,21299.47
107145,15124.15
107146,20488.12
107147,13619.69
107148,20899.49
107149,20606.37
107150,18868.2
107151,13447.91
107152,13692.73
107153,30612.27
107154,21686.3
107155,21650.55
107156,19366.35
107157,10403.07
107158,22266.94
107159,13672.41
107160,11604.82
107161,3809.04
107162,13232.61
107163,15133.5
107164,8493.34
107165,23156.24
107166,32415.47
107167,9995.12
107168,50964.91
107169,17428.11
107170,25112.02
107171,19830.44
107172,9927.34
107173,20809.45
107174,6608.51
107175,23903.22
107176,12304.17
107177,17449.84
107178,9200.24
107179,17593.42
107180,28493.4
107181,30622.11
107182,44029.85
107183,16841.23
107184,16841.08
107185,13977.89
107186,16801.13
107187,21788.39
107188,9031.99
107189,9069.82
107190,23331.96
107191,9234.32
107192,11278.26
107193,8291.03
107194,22666.51
107195,37534.32
107196,22843.66
107197,23920.21
107198,10106.22
107199,9535.53
107200,32270.35
107201,8302.59
107202,8665.49
107203,17252.52
107204,19345.56
107205,30127.77
107206,12496.93
107207,21494.76
107208,21098.95
107209,18706.39
107210,16162.24
107211,15089.79
107212,22308.74
107213,10532.11
107214,17851.62
107215,19920.3
107216,20827.98
107217,21285.15
107218,12191.36
107219,24128.81
107220,9726.37
107221,11308.35
107222,10701.97
107223,20549.19
107224,19254.49
107225,16126.62
107226,15017.93
107227,13606.23
107228,27131.22
107229,6596.43
107230,10378.63
107231,10308.02
107232,14450.01
107233,14643.24
107234,13450.83
107235,19260.7
107236,9816.26
107237,17608.34
107238,7848.09
107239,13161.84
107240,21458.0
107241,17152.03
107242,16225.86
107243,22121.64
107244,6577.24
107245,13706.93
107246,6218.77
107247,26813.76
107248,17590.68
107249,7645.0
107250,22113.76
107251,7350.13
107252,13863.2
107253,9727.67
107254,12560.94
107255,18033.34
107256,25231.66
107257,6579.81
107258,16909.65
107259,19826.22
107260,25946.28
107261,9519.1
107262,12645.6
107263,15391.56
107264,22169.75
107265,8002.16
107266,13751.25
107267,14720.14
107268,25322.1
107269,18743.94
107270,8219.01
107271,11220.22
107272,14080.53
107273,17813.95
107274,9643.63
107275,11354.73
107276,21359.21
107277,17044.48
107278,10679.75
107279,11000.22
107280,11952.07
107281,17634.41
107282,9921.01
107283,10360.24
107284,18282.08
107285,18511.1
107286,16986.09
107287,11613.81
107288,11206.57
107289,21314.95
107290,17406.11
107291,10600.96
107292,25523.44
107293,9479.05
107294,23022.82
107295,13415.91
107296,12352.86
107297,10378.23
107298,15046.13
107299,27221.07
107300,21837.05
107301,25352.6
107302,21688.58
107303,20209.39
107304,19761.97
107305,27693.39
107306,12938.28
107307,15477.2
107308,9230.96
107309,12572.69
107310,38747.57
107311,18569.41
107312,14658.67
107313,14457.11
107314,25812.44
107315,17094.34
107316,17577.47
107317,9220.87
107318,23156.24
107319,16679.86
107320,16534.34
107321,23647.3
107322,29874.52
107323,17012.4
107324,20347.45
107325,13935.09
107326,10917.9
107327,7045.39
107328,2806.08
107329,23643.56
107330,14844.12
107331,16839.02
107332,10561.26
107333,10248.28
107334,11591.01
107335,18275.41
107336,11857.41
107337,15108.38
107338,8307.05
107339,10425.13
107340,12191.69
107341,13119.84
107342,8920.08
107343,20538.97
107344,33847.45
107345,19985.31
107346,12670.85
107347,21494.76
107348,13239.94
107349,14760.86
107350,19717.76
107351,15251.71
107352,24890.46
107353,35872.19
107354,8486.9
107355,30325.09
107356,9874.57
107357,13138.49
107358,14602.27
107359,20074.46
107360,19620.13
107361,23689.88
107362,9363.6
107363,29891.56
107364,7274.95
107365,12276.53
107366,11659.72
107367,25109.55
107368,9066.88
107369,8929.29
107370,9834.92
107371,44786.32
107372,17677.63
107373,15889.41
107374,6429.25
107375,19777.95
107376,21932.66
107377,15006.84
107378,17310.67
107379,30504.01
107380,8909.81
107381,19426.39
107382,7181.27
107383,13048.97
107384,17230.23
107385,18931.49
107386,11499.41
107387,22595.87
107388,12719.66
107389,6602.19
107390,24283.82
107391,12422.7
107392,8490.18
107393,11003.12
107394,9408.85
107395,13150.5
107396,7626.06
107397,24825.45
107398,31901.66
107399,16101.97
107400,29261.51
107401,26828.52
107402,25156.59
107403,19824.56
107404,17678.64
107405,18637.01
107406,10528.96
107407,24373.9
107408,20347.42
107409,36492.65
107410,21185.12
107411,10587.14
107412,26334.6
107413,21860.63
107414,9279.93
107415,17069.58
107416,13226.02
107417,10165.91
107418,13415.23
107419,45428.43
107420,10408.36
107421,12673.83
107422,10426.36
107423,14503.15
107424,24045.25
107425,27247.44
107426,11881.25
107427,11011.04
107428,14917.67
107429,8985.15
107430,23969.16
107431,10004.97
107432,10023.28
107433,18486.88
107434,24476.33
107435,9746.62
107436,10454.17
107437,25157.77
107438,15238.44
107439,13696.63
107440,10154.95
107441,19156.07
107442,9074.52
107443,10757.97
107444,17560.89
107445,24442.8
107446,9626.62
107447,17546.99
107448,8484.95
107449,13157.85
107450,17235.72
107451,8389.41
107452,14902.16
107453,18367.5
107454,17988.51
107455,12873.02
107456,22351.66
107457,29298.55
107458,13143.37
107459,9669.19
107460,20320.73
107461,28024.76
107462,8439.02
107463,25113.18
107464,12839.76
107465,28918.57
107466,30681.33
107467,22124.98
107468,5851.37
107469,17780.79
107470,19502.28
107471,13238.45
107472,9542.85
107473,8921.89
107474,13057.8
107475,11808.07
107476,24865.1
107477,15255.06
107478,18201.56
107479,17860.07
107480,18466.63
107481,17267.91
107482,14143.42
107483,19351.82
107484,20847.05
107485,13681.47
107486,20403.35
107487,23966.57
107488,24018.96
107489,45269.32
107490,12512.92
107491,17733.05
107492,9745.76
107493,8591.36
107494,9075.19
107495,21740.84
107496,17595.01
107497,8266.56
107498,18727.27
107499,20712.95
107500,30996.66
107501,14918.62
107502,20098.22
107503,20001.9
107504,12204.92
107505,22272.79
107506,25950.87
107507,10126.92
107508,24733.95
107509,19840.67
107510,8792.75
107511,28827.15
107512,10903.92
107513,20140.08
107514,14880.76
107515,17470.92
107516,20114.75
107517,17666.21
107518,22930.13
107519,9918.67
107520,41922.29
107521,17142.87
107522,17513.98
107523,12249.78
107524,12675.92
107525,15876.95
107526,11309.52
107527,16832.34
107528,9665.4
107529,14502.64
107530,22156.77
107531,20038.8
107532,9743.69
107533,16678.61
107534,11535.88
107535,17037.42
107536,12063.12
107537,11526.64
107538,9106.35
107539,10993.46
107540,20474.6
107541,17358.11
107542,9305.39
107543,13825.89
107544,11856.29
107545,30685.0
107546,8497.05
107547,27012.97
107548,20380.39
107549,20443.95
107550,14122.26
107551,18642.52
107552,22055.39
107553,15484.41
107554,23180.27
107555,19711.59
107556,15140.08
107557,5198.67
107558,11605.46
107559,11448.79
107560,26307.66
107561,20911.64
107562,13434.71
107563,19596.33
107564,6386.17
107565,10607.34
107566,11952.28
107567,21902.74
107568,22006.99
107569,11634.84
107570,15861.11
107571,9366.2
107572,17477.65
107573,12594.23
107574,24528.05
107575,10882.1
107576,10505.31
107577,22847.64
107578,20255.48
107579,14607.19
107580,19118.24
107581,12334.75
107582,10023.28
107583,11000.48
107584,17045.58
107585,18664.49
107586,23677.54
107587,31727.25
107588,27600.76
107589,16380.67
107590,13549.5
107591,19791.17
107592,17687.45
107593,9819.15
107594,41790.47
107595,24236.41
107596,21793.84
107597,11191.13
107598,15303.13
107599,18234.91
107600,10456.43
107601,23252.05
107602,10008.95
107603,13122.81
107604,9601.3
107605,27538.12
107606,13834.19
107607,25977.76
107608,29849.92
107609,10442.01
107610,15114.03
107611,17886.28
107612,17194.04
107613,15767.88
107614,10078.83
107615,13377.3
107616,20649.47
107617,11188.74
107618,20185.23
107619,9322.62
107620,19986.43
107621,8973.19
107622,9425.87
107623,9615.88
107624,24479.57
107625,3194.26
107626,17541.76
107627,14228.1
107628,18479.42
107629,25178.98
107630,10167.45
107631,21773.83
107632,18979.3
107633,18830.97
107634,12594.52
107635,14940.13
107636,14201.95
107637,9930.74
107638,13384.97
107639,15244.96
107640,12365.9
107641,23903.22
107642,13577.56
107643,37982.64
107644,20038.66
107645,10035.36
107646,4204.01
107647,20853.38
107648,40295.28
107649,16509.88
107650,18362.3
107651,6427.63
107652,7730.36
107653,28484.68
107654,18925.2
107655,9639.27
107656,24169.59
107657,10028.27
107658,10581.07
107659,35448.84
107660,20227.39
107661,18782.17
107662,20938.9
107663,26682.22
107664,21051.61
107665,13117.53
107666,22874.8
107667,18681.68
107668,17048.75
107669,20323.16
107670,19497.83
107671,19300.11
107672,26349.13
107673,10196.32
107674,28037.82
107675,15665.16
107676,12934.99
107677,22181.5
107678,10788.95
107679,7584.6
107680,21388.69
107681,11573.84
107682,22364.39
107683,20467.24
107684,7309.17
107685,27645.46
107686,5967.21
107687,17714.18
107688,11485.64
107689,10173.88
107690,17248.0
107691,45117.31
107692,30612.23
107693,9287.81
107694,24662.88
107695,9156.42
107696,28264.83
107697,26769.54
107698,11261.36
107699,20656.41
107700,9456.05
107701,14822.01
107702,25682.65
107703,14744.59
107704,9288.1
107705,22733.79
107706,14981.26
107707,46748.4
107708,24383.23
107709,10208.68
107710,13700.9
107711,14137.48
107712,14684.96
107713,8566.6
107714,15555.56
107715,10173.88
107716,14493.47
107717,14301.04
107718,25001.4
107719,22945.24
107720,14076.24
107721,14871.1
107722,14846.93
107723,11236.05
107724,23635.64
107725,19019.51
107726,14107.6
107727,10057.27
107728,7495.38
107729,10474.31
107730,18190.86
107731,16403.93
107732,20435.78
107733,21494.56
107734,13632.35
107735,13791.2
107736,14203.36
107737,14790.44
107738,10161.41
107739,22988.1
107740,20304.88
107741,3686.22
107742,10665.3
107743,11236.86
107744,17146.84
107745,22542.53
107746,19592.96
107747,11236.05
107748,12059.7
107749,24649.32
107750,20497.95
107751,39628.48
107752,17643.21
107753,18653.62
107754,26668.18
107755,10039.73
107756,10362.34
107757,9566.27
107758,9606.32
107759,15569.43
107760,14321.4
107761,44981.93
107762,17393.78
107763,16171.02
107764,10734.26
107765,31355.38
107766,7471.86
107767,17920.07
107768,11506.75
107769,21210.17
107770,41838.74
107771,16522.76
107772,16163.45
107773,9226.72
107774,9873.32
107775,16577.45
107776,14065.26
107777,27547.81
107778,15146.3
107779,18679.27
107780,29650.23
107781,21155.13
107782,9445.88
107783,22341.06
107784,21477.66
107785,19280.4
107786,12932.76
107787,7691.08
107788,31053.89
107789,15786.0
107790,17248.9
107791,11714.2
107792,55811.26
107793,16494.46
107794,11513.56
107795,9515.74
107796,20191.07
107797,18536.76
107798,38933.08
107799,14471.95
107800,13875.27
107801,13969.38
107802,21623.93
107803,26315.3
107804,15260.04
107805,19777.13
107806,15431.1
107807,4876.58
107808,19775.7
107809,22681.82
107810,22957.84
107811,22574.67
107812,12918.95
107813,28354.61
107814,13740.19
107815,15981.01
107816,23313.84
107817,7550.56
107818,23151.54
107819,33207.97
107820,11303.15
107821,24344.39
107822,14446.56
107823,15809.58
107824,14029.6
107825,5427.68
107826,21229.83
107827,15704.96
107828,22391.74
107829,19995.56
107830,14816.45
107831,8644.4
107832,27929.18
107833,15428.2
107834,13868.08
107835,16921.18
107836,14460.81
107837,9989.88
107838,16545.83
107839,22691.77
107840,10605.63
107841,9204.77
107842,10408.35
107843,10284.39
107844,16053.15
107845,8264.41
107846,12246.78
107847,12335.7
107848,11857.51
107849,20530.45
107850,29990.62
107851,8742.82
107852,13740.3
107853,12931.71
107854,9977.38
107855,13158.21
107856,14958.45
107857,18264.98
107858,13726.21
107859,15405.6
107860,11914.73
107861,18719.26
107862,13477.56
107863,12459.42
107864,17526.31
107865,19737.19
107866,19126.2
107867,9293.59
107868,22612.3
107869,19527.31
107870,9014.64
107871,19963.75
107872,14485.5
107873,21487.36
107874,21711.36
107875,7809.97
107876,27888.84
107877,16726.69
107878,24468.23
107879,9084.03
107880,9097.74
107881,40317.44
107882,10325.51
107883,12296.56
107884,24787.35
107885,24299.12
107886,12531.97
107887,25336.26
107888,12864.08
107889,20017.85
107890,10808.47
107891,9559.2
107892,13775.17
107893,17334.31
107894,9340.32
107895,18973.53
107896,23970.99
107897,6587.2
107898,9859.49
107899,8756.3
107900,36581.97
107901,13198.74
107902,10858.15
107903,12359.18
107904,16755.44
107905,42829.39
107906,22666.18
107907,19829.88
107908,20480.18
107909,15076.12
107910,10444.96
107911,11303.56
107912,22174.21
107913,16238.56
107914,11812.55
107915,26607.08
107916,23317.18
107917,12292.48
107918,10197.64
107919,17698.64
107920,4588.49
107921,6346.48
107922,15997.21
107923,13517.42
107924,9951.23
107925,19865.79
107926,7549.73
107927,25959.73
107928,21232.34
107929,14478.2
107930,14432.18
107931,30892.31
107932,13875.23
107933,11841.04
107934,5879.32
107935,7521.86
107936,13153.36
107937,11251.21
107938,11373.28
107939,20888.62
107940,8706.47
107941,10949.39
107942,12720.93
107943,10877.42
107944,12200.75
107945,13736.34
107946,11109.48
107947,27379.21
107948,11886.37
107949,11105.41
107950,30507.6
107951,9094.58
107952,10299.51
107953,31509.15
107954,11092.69
107955,8062.78
107956,9698.47
107957,27119.98
107958,25527.57
107959,20541.92
107960,21481.74
107961,14743.71
107962,19108.02
107963,26790.78
107964,22323.06
107965,14108.73
107966,22663.44
107967,9171.25
107968,17104.81
107969,11027.9
107970,23212.85
107971,9812.77
107972,10291.24
107973,9766.97
107974,8840.64
107975,18152.78
107976,17870.69
107977,13846.15
107978,26786.92
107979,10113.81
107980,29593.78
107981,17448.59
107982,8678.27
107983,23422.18
107984,22271.33
107985,27165.06
107986,35915.6
107987,14932.08
107988,17670.08
107989,14823.13
107990,15159.32
107991,5581.52
107992,10730.46
107993,14140.41
107994,18060.7
107995,17193.56
107996,19786.06
107997,18691.47
107998,26272.3
107999,9138.42
108000,19023.8
108001,13046.43
108002,10273.44
108003,25872.05
108004,31954.98
108005,10148.29
108006,13666.43
108007,10262.53
108008,20299.81
108009,4839.29
108010,5177.39
108011,11243.95
108012,11978.86
108013,28936.39
108014,13148.24
108015,18129.46
108016,26792.21
108017,11373.28
108018,8612.1
108019,6612.19
108020,5542.94
108021,6769.81
108022,22934.28
108023,22638.58
108024,29469.52
108025,13497.79
108026,6940.48
108027,19504.0
108028,26443.64
108029,14577.14
108030,23168.07
108031,7444.24
108032,7665.72
108033,26498.84
108034,28478.57
108035,20845.58
108036,6007.67
108037,11496.51
108038,21861.41
108039,10108.97
108040,8113.55
108041,11221.1
108042,14831.81
108043,14336.14
108044,8764.65
108045,29294.1
108046,22409.53
108047,29632.19
108048,14779.16
108049,10058.95
108050,47701.65
108051,25054.25
108052,19642.53
108053,26183.12
108054,12866.22
108055,19866.18
108056,13725.17
108057,9777.73
108058,17084.24
108059,14184.72
108060,6845.4
108061,27454.63
108062,10000.94
108063,14921.48
108064,24726.14
108065,29146.18
108066,21449.64
108067,20549.72
108068,8554.07
108069,16880.59
108070,16874.18
108071,12757.72
108072,16798.3
108073,24634.28
108074,10019.94
108075,8254.77
108076,31405.18
108077,16539.67
108078,10680.51
108079,13848.1
108080,14812.47
108081,13908.04
108082,13779.53
108083,14625.02
108084,22551.46
108085,15433.33
108086,10453.91
108087,10346.3
108088,18064.36
108089,10269.96
108090,20103.08
108091,10570.77
108092,21735.48
108093,9287.0
108094,14914.24
108095,22309.37
108096,24708.34
108097,12239.23
108098,19738.28
108099,25846.17
108100,34971.31
108101,23018.71
108102,13464.38
108103,17781.49
108104,25606.12
108105,10503.03
108106,22441.86
108107,7436.42
108108,7499.95
108109,12225.62
108110,4845.79
108111,34631.59
108112,20837.17
108113,16902.48
108114,15753.89
108115,12013.47
108116,38754.66
108117,20126.81
108118,23745.25
108119,13746.01
108120,22403.56
108121,13337.0
108122,5343.76
108123,10450.01
108124,7349.85
108125,18152.41
108126,21039.49
108127,12346.81
108128,11772.21
108129,10161.41
108130,7623.23
108131,44741.68
108132,10120.55
108133,7995.38
108134,8818.67
108135,40362.52
108136,18330.3
108137,12470.4
108138,21868.63
108139,15387.05
108140,32359.64
108141,10153.47
108142,20752.36
108143,31592.13
108144,17164.47
108145,14142.47
108146,9524.91
108147,13322.29
108148,12513.42
108149,9589.1
108150,6532.16
108151,12847.17
108152,10196.6
108153,26436.14
108154,20690.74
108155,22651.61
108156,6503.87
108157,30417.34
108158,10355.52
108159,39750.82
108160,12174.05
108161,23004.44
108162,8867.77
108163,14156.07
108164,11176.61
108165,7526.44
108166,24834.83
108167,16918.84
108168,19050.72
108169,11145.07
108170,17071.58
108171,14902.16
108172,10444.96
108173,10255.55
108174,9364.52
108175,15596.86
108176,11252.68
108177,17550.62
108178,10161.41
108179,25283.18
108180,21240.46
108181,20889.88
108182,19697.97
108183,15798.28
108184,15863.71
108185,9957.12
108186,12819.14
108187,17281.5
108188,14044.87
108189,11561.87
108190,9984.96
108191,15659.79
108192,31167.38
108193,17673.77
108194,22725.62
108195,6750.65
108196,13587.5
108197,10929.47
108198,6704.0
108199,4823.58
108200,25096.64
108201,42688.46
108202,4230.19
108203,15415.83
108204,22116.38
108205,20045.41
108206,7402.31
108207,6637.59
108208,11026.39
108209,12336.01
108210,6972.05
108211,19275.53
108212,11132.82
108213,14923.37
108214,49834.11
108215,25745.19
108216,19530.32
108217,24701.75
108218,13362.03
108219,22572.64
108220,10062.82
108221,45370.95
108222,9219.91
108223,13472.12
108224,12979.53
108225,32286.66
108226,9171.31
108227,9877.11
108228,10144.41
108229,21106.75
108230,9733.32
108231,23622.9
108232,29203.13
108233,9199.15
108234,22263.89
108235,11019.4
108236,27305.48
108237,12969.69
108238,10617.05
108239,9608.95
108240,19727.64
108241,14788.73
108242,16678.61
108243,30999.7
108244,10047.36
108245,13322.23
108246,11490.99
108247,24698.97
108248,9153.29
108249,17068.23
108250,18716.33
108251,12257.36
108252,19847.67
108253,9678.13
108254,7880.94
108255,20481.76
108256,16563.27
108257,25182.4
108258,19097.59
108259,20482.79
108260,12656.35
108261,20936.92
108262,14645.82
108263,22717.17
108264,7755.52
108265,10023.28
108266,16580.16
108267,7581.19
108268,14303.94
108269,19240.91
108270,10256.17
108271,10208.04
108272,10915.54
108273,18539.44
108274,25726.52
108275,24555.96
108276,13421.41
108277,23394.51
108278,26642.31
108279,24098.83
108280,11642.23
108281,5975.83
108282,10506.97
108283,25800.29
108284,24177.8
108285,26153.22
108286,10430.84
108287,22305.66
108288,26103.94
108289,25188.84
108290,13381.48
108291,9503.58
108292,16841.22
108293,10639.89
108294,6342.29
108295,13905.23
108296,25497.1
108297,10171.56
108298,14410.28
108299,10172.98
108300,12354.92
108301,9590.28
108302,12318.0
108303,15827.64
108304,27430.96
108305,14937.35
108306,19118.89
108307,19392.89
108308,23472.95
108309,17397.92
108310,15490.41
108311,16411.61
108312,18670.96
108313,12002.95
108314,13285.06
108315,14915.02
108316,23858.78
108317,11823.79
108318,16521.45
108319,25171.09
108320,13729.91
108321,15754.79
108322,17043.38
108323,45842.85
108324,19240.29
108325,14277.25
108326,12633.92
108327,17645.67
108328,11839.58
108329,11004.89
108330,12530.42
108331,8435.47
108332,16141.01
108333,10805.63
108334,10863.63
108335,46084.54
108336,7855.93
108337,11241.47
108338,22121.44
108339,20693.57
108340,9996.96
108341,15354.09
108342,20714.75
108343,29888.33
108344,11573.27
108345,10653.93
108346,32370.24
108347,9975.74
108348,19809.47
108349,8486.46
108350,18988.05
108351,21414.27
108352,20183.29
108353,11428.17
108354,10023.28
108355,5989.88
108356,27467.66
108357,17045.05
108358,10873.11
108359,17346.6
108360,11050.3
108361,16230.06
108362,12191.36
108363,7836.39
108364,12563.45
108365,9699.08
108366,18371.41
108367,10263.85
108368,19053.78
108369,22757.58
108370,24718.43
108371,17004.88
108372,25890.44
108373,20421.55
108374,30273.21
108375,10704.83
108376,12882.27
108377,20126.16
108378,10804.17
108379,13332.61
108380,19952.94
108381,13925.93
108382,12314.46
108383,20346.07
108384,5593.88
108385,40037.97
108386,23608.45
108387,22460.57
108388,13954.38
108389,11921.54
108390,13885.83
108391,8777.92
108392,17593.96
108393,22275.15
108394,19622.08
108395,24530.36
108396,20867.6
108397,27761.2
108398,11897.64
108399,13717.07
108400,3161.64
108401,9953.29
108402,13147.79
108403,16657.03
108404,9728.42
108405,7177.07
108406,9748.86
108407,9388.7
108408,9900.31
108409,13709.68
108410,23443.09
108411,15808.45
108412,24034.75
108413,17610.72
108414,12123.69
108415,9056.02
108416,29638.8
108417,7424.02
108418,28097.68
108419,15785.38
108420,29641.26
108421,22386.86
108422,10881.69
108423,13565.11
108424,11376.68
108425,19395.34
108426,2743.57
108427,11717.22
108428,16575.34
108429,22017.35
108430,33471.18
108431,33624.36
108432,15091.29
108433,16820.21
108434,5124.12
108435,13976.5
108436,14363.34
108437,41655.43
108438,18769.6
108439,18572.38
108440,9965.12
108441,43121.38
108442,10783.22
108443,37789.05
108444,13362.76
108445,8806.71
108446,12416.81
108447,8752.28
108448,10321.44
108449,16750.8
108450,9409.75
108451,17391.94
108452,50416.62
108453,18624.11
108454,20669.23
108455,19771.39
108456,28845.65
108457,16449.02
108458,11005.84
108459,14152.48
108460,13167.29
108461,14428.31
108462,15799.98
108463,13603.9
108464,22603.37
108465,23329.65
108466,18527.68
108467,22220.54
108468,15569.27
108469,24700.39
108470,12812.16
108471,14379.31
108472,20675.22
108473,19773.31
108474,25042.34
108475,20373.34
108476,9367.22
108477,14491.0
108478,16681.77
108479,16759.52
108480,18870.78
108481,10822.7
108482,14957.96
108483,18448.43
108484,26314.74
108485,8752.5
108486,12841.6
108487,18060.66
108488,25127.97
108489,8791.89
108490,10384.9
108491,7235.3
108492,19550.48
108493,29099.7
108494,21998.89
108495,10299.73
108496,31277.97
108497,21961.87
108498,13612.86
108499,13095.87
108500,25225.27
108501,23220.51
108502,10601.18
108503,17685.45
108504,18081.53
108505,15040.23
108506,18407.72
108507,26560.93
108508,18511.99
108509,12925.79
108510,13985.47
108511,15245.83
108512,12904.77
108513,31554.38
108514,22109.92
108515,21020.4
108516,11142.73
108517,13251.34
108518,48652.88
108519,25062.81
108520,9668.29
108521,13615.04
108522,19910.66
108523,26325.63
108524,22057.34
108525,13007.55
108526,16702.66
108527,8906.6
108528,15975.8
108529,19984.71
108530,24545.04
108531,16075.72
108532,18022.31
108533,19769.67
108534,11999.84
108535,12518.01
108536,9589.29
108537,18289.31
108538,14480.37
108539,8386.74
