carID,price
89856,17642.972173614904
106581,22468.100392558008
80886,13487.26622252593
100174,16965.891697962626
81376,24590.23637783461
85391,10285.619723910684
82175,13871.350751939435
95250,14962.030309691498
85071,4705.863728333937
96210,17471.04080962392
80317,27596.95311256391
92731,19198.41351463939
107704,12222.799066322194
98302,7373.34258600762
107055,23153.032266934577
94621,43746.36967619173
91709,19647.31969211563
98193,45003.81280821361
76189,18289.76586667614
86871,14084.733117159583
102917,6692.814481367652
90923,28737.36446296704
101603,11089.38801443964
94196,20964.99166844188
85174,16318.489575291473
103370,12984.7079789235
107877,16024.278123164951
79567,14633.235074945109
90091,9093.842806087374
76169,14361.127535160074
98708,12516.043692987443
107347,21902.578310006
89583,9759.7675583913
101591,12558.187829013346
92160,17371.894217122204
99676,11522.452491392163
85354,17598.53957417838
81900,11825.261457260684
80345,22188.016130595533
78509,31605.54295690274
100872,8694.07867383781
95087,28283.76261668987
86027,16349.951193983015
89135,14464.39805003972
80557,26408.42389840409
108092,19776.44126586266
102672,16689.08184640985
83022,7906.055832202214
78398,20282.98043237102
95889,27304.509077659262
81117,49774.54258925176
93730,18751.95292052125
101380,9969.474721540406
81772,26872.782824873422
85304,12195.631090141607
86107,5915.358233264111
88696,17183.21935881546
104350,20689.48676231824
87331,12897.235950452472
85206,15662.136319656547
107445,22502.989951273048
106539,28311.247447762777
98712,22200.744916068452
96875,12171.519002726009
108464,21202.073116103747
99890,7513.818918899116
87771,17120.456027003915
79442,21059.44701552111
84170,10792.777571724924
103045,15327.617602467606
101544,3746.1956471801054
77350,10782.26123333603
89225,13791.259516061778
79565,55709.26466407705
82849,10930.162878902838
94360,24599.54348525025
103040,6638.901991036264
105101,46167.25166709306
97077,11747.87874722733
98674,12886.5294534329
93447,29719.241004862557
84951,26726.394603018765
91953,11129.033806215151
102101,8111.729803612785
92604,30523.58548746133
89010,9423.041903967136
102729,9685.491283920292
88024,12132.550080346104
104367,11721.100855860645
101230,11178.639012602456
82524,20286.7348987819
95279,46455.232633254695
106098,12036.23350676645
89749,8857.884049301323
101277,6513.854821865694
108016,27955.225410756106
81259,24775.53020473737
97434,21352.694772465034
105289,26002.840711721077
103379,10013.663972011744
78317,31336.282264384063
104166,19210.14929554428
106660,31673.719397915906
107490,12565.457126506648
90684,13884.7582770613
90032,6851.489896989891
79481,19813.62431975972
102524,9175.98075059504
100778,17400.408904828695
77810,14677.634056936786
98979,13232.154557690395
76558,18649.01777313309
94550,21596.57116810649
107246,6027.7824413527815
77429,26393.42702572635
106105,12860.657912403798
105213,9703.07287984039
102747,9708.141260526658
104958,16019.328412061046
96036,16238.240517199123
92310,22432.59189707551
100837,6541.850939709962
82858,11869.152439367164
90119,11267.987875299445
77304,23325.068381475263
89011,11031.512376542749
84623,17926.292710997976
99665,21218.58145813385
100592,10299.595346537624
82623,10623.149933555538
92035,18196.12192606395
84305,10236.15944093692
92903,7093.806121433801
93398,20164.84500372525
108067,17993.199043767072
85062,8430.52573077094
81727,37220.07231559718
95637,10226.77244324045
89690,8304.074575575642
83240,18009.52626298257
89711,8517.523170806691
96945,10979.719204770432
104924,22814.70022859764
79633,20194.79449344473
89582,4784.534183426276
98080,7128.798520582913
85992,6430.427215248517
86712,12820.648296725743
105767,12813.912475110094
100590,9340.884609181005
104574,14712.459401500855
97246,12154.625692573702
78141,17078.793199365948
91590,27947.66905654455
80767,13389.933862194604
100344,15038.987838350991
88987,20592.70834659349
96479,20300.920166716867
90598,8619.938712064024
83880,8337.782658126813
86802,16429.5268009398
103078,16280.885284067585
84736,9451.021978987395
84196,2721.6276705152923
102062,10243.234511690804
90110,5626.338480916887
102907,11620.912213715072
81776,24214.85265266669
102431,6389.54599083782
80442,14725.405016769197
78656,29557.947957515127
78537,35915.76455967818
102511,7127.176592092115
93612,19943.18437175243
99284,7742.931564743682
96315,15673.925991958442
94305,37642.36358802126
100636,10694.654951474304
81816,15115.570220124677
100352,16022.290119015235
101476,10683.665376037374
93392,31827.24984420253
93995,21280.900473922156
94261,31527.896911277174
89117,14289.649362628865
86506,2248.175674373469
88456,6289.97674229754
84134,11033.95136192362
81088,11618.386631782352
103960,12006.503938982662
84925,13263.04104253475
97306,10120.09915525832
83752,7301.556933369966
100696,4171.32355197426
76472,12030.778556897658
101128,11578.424773870176
105932,15103.34032576534
86416,9582.354483114465
79616,28371.016643996554
83395,14029.98038925189
88734,12098.143872126866
106676,17302.41753427581
102442,10257.075791366278
88761,17345.87307271926
79708,26913.54167141113
96808,18728.388707214293
103755,10301.516931896256
86273,20938.143543388083
97635,26938.387330023703
80797,24946.2772823152
108000,18259.790551121503
95126,40923.46944053588
105187,30390.11438295749
81613,19569.6913115149
103906,6888.540652746495
105729,8268.46995025848
100637,15594.379784858656
82861,7789.084435189213
107823,14322.890047278855
85274,14362.50871989132
88926,15690.49963386781
87871,10507.623519504812
97970,6637.722267684722
98044,8312.603336693246
90277,9068.119364586288
85647,13209.823999598231
107447,18229.464736092
79418,7932.270274147557
80383,27700.94957905097
79894,17989.172795447786
105875,6817.649219750701
86032,11432.573732440029
104423,15655.194968096745
78437,14039.218445607174
79480,18824.312069219573
89973,7563.360534708415
94007,29087.99248256944
93952,16319.48109331449
84548,3138.161008899695
97885,11360.355359845307
86571,10102.021161451828
77839,36128.29325729635
102201,5934.036135381425
98731,7689.543483220497
82395,20393.297437314584
76816,32787.63016390403
97956,7883.110315360531
86012,12926.21508032156
106393,21278.407564152312
81832,30780.681200195148
82787,20590.444358062115
103974,6669.972910437541
100725,9891.400969001012
86552,6917.905914232037
80174,13693.07817399976
99189,14558.177551313664
102543,13185.04477177862
98518,14723.428393299657
100334,9412.48223152524
92673,19811.684890760396
88008,11786.120898305287
105207,24449.00103251686
106462,22705.64744939439
106106,14522.021787647363
79705,19348.839096367803
108193,17158.00152317289
89668,8156.993413293196
86435,13149.88807103486
101281,11733.83497513005
104753,24828.620649412183
79004,18317.988440299003
89732,3124.8240412110927
89201,12880.125665001946
87282,14223.62463635788
101589,10076.212070784231
87352,11500.702412645924
103388,10252.729125696998
93619,17208.906483992214
101941,6646.843483574586
106533,13664.936742551905
90018,24593.213694999213
101265,16076.777517538028
104255,23101.510240564123
80093,27060.77562049629
82433,7974.803482960744
77254,16896.49658683568
106400,31238.791765862643
79847,10455.107597990833
95735,30977.623485489406
106733,20040.165399116828
76318,21314.01995848952
95966,13896.742059030832
101690,10214.475204898456
82845,15805.650168824512
96266,22268.17470359273
104175,29370.800215579344
97347,13691.932803921456
92730,46940.26206376423
84738,8820.585358507897
102596,6157.517234016882
78356,27336.50070040819
94062,31267.90247256829
101662,6951.736969929727
81715,29376.909224807736
103046,11605.050263677014
108133,7490.006400431622
96302,12467.741397883665
83859,22772.11121452473
104815,16703.858644346077
95903,33291.690716796635
79683,11161.139148748822
88888,22498.274506142327
80529,24527.12150790626
81898,72400.87047479868
83435,9913.928493235742
80448,13903.17700250525
79241,33476.93447277136
76056,19689.94854282305
76342,17291.950645881887
98238,9378.271057052236
85878,8410.134248345319
102846,7994.0745766936
90215,5148.06287782789
79635,60370.21243852726
77561,15485.97806832632
101151,13244.42204693149
93594,26341.913167192404
78703,38397.112619534535
87596,7482.426502833798
92572,19441.994181931692
90757,10537.666009054778
95881,19150.881106066976
98008,13013.727347992652
84805,9112.144259031233
100888,10341.751368317233
82504,16019.56217291406
82177,14988.312592837829
89472,25893.950820843267
82301,16575.72402414649
106483,8716.543106660934
79808,13324.830857413015
83412,17538.68652770125
89386,17800.449431268207
89889,19922.461607870537
108249,16587.969815888388
98252,9084.58405396296
83525,9643.34710858006
102595,9673.74140251706
94255,11625.29409059264
91259,26381.222447536373
99539,6466.210383742666
97379,26053.575780242805
104452,25225.350388934137
88479,11283.215855579238
95424,27189.753240307797
94732,43386.81325933911
89025,10209.287404992308
89497,39292.47365394266
92405,16222.91999990789
95346,19519.215250410733
91337,18663.269327165865
97739,11317.538012683348
81087,16458.06742245218
80661,11062.130893996007
105537,12275.771368295587
81073,27397.89844408747
102770,9939.825164953556
99299,9945.387355745272
77528,18884.41068231641
95278,30840.6331760869
106536,17320.77149759998
79421,14413.42711025455
105026,24346.06896771
97887,11778.590269024626
106163,16028.443434878016
103242,10325.931630687428
103098,8139.565669359182
76195,15393.11927970537
103418,10855.10161579181
102091,12229.97864173102
102341,7677.067566592652
100315,20176.249865550635
100377,7770.265240121247
78857,21716.07053522477
93748,28464.191710564715
107891,9717.02704210149
77063,35360.07178290056
86916,8733.658045582388
108347,10142.619896691223
94475,18441.936518794373
100383,11585.022980964672
80618,38573.90068119473
98926,10048.210144938595
77228,15672.149007488537
106915,16277.95238210672
92594,12332.52000605744
80745,34087.11978764569
78361,10364.018888840492
95725,26815.563726449247
105171,8294.970644006877
87007,9936.654587114916
104121,15546.279051217827
92877,19513.45524547713
108335,43812.55605730102
101357,13817.916092909394
89325,9803.569141255184
103144,7729.2918613511165
101413,6477.116571807143
85182,10905.26560847758
84097,17498.396884586637
101970,5617.627311407531
98315,5307.085652555153
89048,10798.830141286582
106141,8378.056830505167
87105,16849.014173495292
88472,14487.958372619163
93361,16623.989484268197
87040,8166.951815356007
99831,11908.831685088837
95677,14550.62509852046
89770,6649.694565987909
77371,28900.7453139944
107143,18740.46386609897
100271,11329.949926584442
83905,11508.182135725392
101531,14116.666478164076
90617,8196.023644937957
83895,19089.389212368
89453,14061.457022828548
106012,21311.182976065676
76381,20893.9663733944
106986,16094.266587648734
84143,13618.92817388332
91665,44404.35000094731
81350,14150.756291626803
80422,14140.874975299756
84794,6161.994822319655
81156,33094.784908627065
77082,35178.41585725236
97356,8566.699741964141
82730,17795.282134270397
99244,10199.828208369165
85538,15555.744231224851
101585,11181.92186487819
90288,9172.705244691326
98799,2721.784538587278
93547,21440.092477770428
85142,10263.261489790177
82012,33040.63200150343
89654,16006.382282555742
102304,13349.35730974552
79288,40657.08661603088
77400,11823.787724729593
98597,6288.424116753397
103156,8469.568531764333
95446,27786.398044359583
97036,9550.149796221229
101401,8705.166459772587
80817,10685.822932318071
84078,6832.7217530974
95390,32348.14361665808
79883,24106.443500677236
104059,12975.26197042572
103041,11370.466143413429
81651,13699.27055919769
100432,10746.07556121175
84933,14447.54905404968
81600,18804.75330809534
78379,8034.303584020776
90816,7653.164576527556
107414,9456.945539699072
105633,19797.46109736699
99508,7184.206970673334
100874,8207.822731760516
104208,17340.684732443464
84774,12253.610722249978
96518,12605.356706761762
91543,21025.254937918093
107146,20326.69735335384
94426,16284.874859224596
99059,9412.930262283158
96640,8381.06587733676
81277,9706.574046465914
102409,11365.70626696582
104800,11740.686903498112
107498,18937.555340518666
90942,43464.10172489432
80202,22036.59807830206
76794,17110.179492307878
88973,14112.34432797311
91958,70532.02353047769
80562,20317.726862118907
103486,7270.439849367634
95237,15772.469525146673
105569,15215.017479348351
106560,26138.52525480636
107977,13253.798343672654
90076,16576.768918691945
93050,15785.343947853826
80609,28451.742411299583
88557,15627.376732450472
90894,23811.18350235744
83669,7747.128712178323
78849,19137.74079173642
101275,7404.729789650253
91858,7788.48707784061
96243,14496.111022959962
106227,25476.78357355109
105300,16808.038118183467
93065,41551.96488979022
78002,12176.898143059349
82500,13775.413209860682
78204,9130.82256307262
107851,8436.183869676648
86217,7324.110936356159
82662,7652.573634568772
93324,34158.54777008834
79680,13023.741103258566
104920,21805.79983353505
96735,12346.131919946733
89992,7582.166043932983
106961,26022.516704241025
80078,14055.847409517888
101429,9921.183794863578
95551,19756.579556822595
79937,53866.18123115404
80680,19826.24792885277
99448,12388.875857465317
93909,32257.272770396357
96888,9494.91457924501
104584,12002.893587215023
107289,21077.108107739565
84126,16331.04326524376
101282,13823.77806277273
92474,25698.19254404342
88871,15645.680140614471
107177,16879.07015799174
106026,14058.839195860102
96937,12033.505696771688
83543,6510.627292398034
81094,19175.484526210625
77503,21577.632449890843
85351,6109.480999226415
96000,18721.35804566353
87374,15025.116599366576
86394,19949.299600141843
108364,13091.76628269518
91441,31310.74929941704
97039,19112.55721611113
106685,12109.55784205578
95631,17115.37175586506
101883,8059.598358953475
78238,11445.72631858224
97508,8913.938916911009
98441,12077.424007811149
80066,19256.73977566749
79095,63452.979124326725
80007,13739.531456103186
100219,9095.225944468868
82511,10018.142411054254
89270,15198.988902872858
88713,9745.086033983813
100353,11083.12703917731
102841,4413.123139820795
90117,14032.555053888897
81549,49353.51132627772
82350,25713.823537150227
76546,34276.36514228805
81013,18927.731082813487
91240,16732.913388396184
91542,21696.492589437963
104518,13291.50523152504
93537,54809.30536157591
94372,27009.90104015088
104419,20101.173767457127
97636,13464.844482492295
96288,23479.80639968298
78717,9918.60737683732
105610,20685.67652501613
97754,18914.06513810425
81458,12711.049995664407
86931,18175.0522811244
90713,22862.142173023945
90909,32166.60098581174
77251,48254.154617205655
95081,11020.888256183727
95560,14557.596415247855
93288,26524.872403621903
105036,13300.322140534648
108490,10457.50119577068
96935,21125.64808710233
89373,15213.25293830414
98010,8304.363694027197
104699,20411.587242457103
86692,8115.896969724003
85024,7931.680927333536
79086,32719.532811948862
89939,12937.8142513121
79098,19480.906576096368
86141,17833.9223393487
105462,29716.24324830901
92870,38709.47650675874
92163,27076.159909098977
87481,16336.867474192124
83276,10059.517433283045
79356,25815.470534384254
103602,11477.50929695815
88460,9962.168782735003
100934,7896.566984704084
96659,6319.181821303651
83204,9854.780844974475
104621,21430.24843826004
84110,11753.745765320766
99265,12720.901468922702
79574,14031.773328820396
78186,11375.104193090168
87005,15643.09092111225
104043,15079.846477596073
81574,31474.8988192048
104091,10859.72130789503
77759,22309.592366201017
78181,11674.124034433502
96169,9368.036093268858
98267,19290.19760900245
97837,12619.548382212755
80133,17975.7535702316
98571,9999.978893784855
88628,20258.81200608716
78622,15598.002411175934
88678,12635.405849253151
87278,15610.886139954178
86963,9889.235713360606
100350,8402.640503622813
78771,18870.381971963598
95935,18072.40755362728
107590,13511.161506431055
84458,13357.985279007848
85656,9779.209604551894
81611,3954.6485826171593
92638,20850.61746009488
87478,7737.320272750774
98407,3495.949951210654
95581,11171.1252432989
100645,12001.796834717416
97184,7654.964473844595
84473,14646.665777787126
88951,6671.434173743387
100836,10298.84148273472
91338,56396.13250200544
94112,14572.467990197636
89882,15957.842944180657
97097,7453.872852924935
99151,11072.258983525571
99607,10051.66171678328
78931,18283.96695515224
97805,6816.396366514511
97477,12852.401496141149
87819,18541.16484859535
76361,20467.21846570447
99201,29733.52203932589
103410,11222.352920912788
108436,14494.036287875915
105558,19145.68100329686
88025,7763.156257237299
101944,8278.80331763059
80786,17972.885818512455
84001,14767.041927201077
78304,22686.50135966685
100501,15122.677128445384
99693,7415.442360858227
94557,18947.35350116729
82152,23817.765962942216
92039,28170.64539114388
83177,16004.953824374616
90726,8349.259231135486
82879,14153.095821227123
87378,16310.831810497231
91699,15438.194083923749
85500,18561.514755955894
97050,10718.601519991918
88754,6815.236924030471
79069,35057.74428879563
89329,18480.15861729065
102605,10517.887959856498
93090,19008.105787312004
108403,17106.498397717183
91391,19197.15554981116
80964,20865.716934034408
89444,17159.01010395826
84092,12177.52069938249
100617,10391.1788302067
107962,20168.73811910877
106640,7147.685803946701
95123,13221.568794649847
99114,6032.096939785997
94461,26142.56940756569
88654,15928.245748480944
80421,22365.23491781396
78113,19988.99542580164
100558,7183.951157698016
78873,26007.02024651738
85480,10649.551925148482
103902,11033.80432483753
104816,21169.650715326705
89039,14344.408713318684
95169,16088.983021964175
93971,19050.689529792857
84450,19554.86623197585
80824,28625.340972012196
92545,16071.221765815066
89226,6364.017351631212
93873,19885.645554102863
85871,16636.086689405354
86343,10864.95397770164
93634,35246.37433898388
106942,8950.179968147253
82535,11690.51482024733
92259,21054.704464968447
88794,12738.968919361583
77385,34949.82432575169
76996,7139.59066161665
102708,6973.127909304102
81359,14846.3529794656
90486,3470.4802280413164
100200,7964.420707060639
87970,13531.778687915796
107512,10430.21803680963
79078,27154.88941403176
108477,14486.795630614824
80312,32593.027002628856
82208,9238.58952133494
100695,12787.886693860732
99506,9239.02928785432
85773,16121.92579237934
101887,12959.075119702557
90129,10593.867637562133
84730,9953.890269529831
107601,23974.59335145617
89592,6328.831594781026
84844,13314.689730401986
96938,15299.77570654657
84981,15939.38873992788
100698,12566.209353616316
103306,15619.410397943851
107175,25195.047990950006
95411,31334.61741300801
101169,14113.08149530452
99407,17590.37793403574
78248,15157.061462464912
79031,17429.659854812533
91040,20252.930186518603
76464,12583.632436924428
102813,7746.709418473837
86811,20298.636762296777
81191,30601.333186187658
78202,34257.12522916611
82471,12610.550149427045
103920,7334.68992248483
79904,26059.890879648705
95670,30303.57536815273
89931,10027.57945730882
92605,36330.23435590755
85695,18677.81373629287
98750,9127.5854700893
101284,11715.41205904538
91932,29049.95576855013
98623,10346.47042262259
82499,10849.228982451838
93193,34085.51921087291
106110,18937.619116225105
78500,28299.132653792734
89447,16293.805767212169
103373,18440.14901541461
87872,9505.618556822232
99425,16400.097324312203
96552,6466.989188252562
105787,11067.725677480365
82567,15068.191043595343
102894,7488.218187587489
77641,17015.361269135024
100827,12483.873806938833
97712,15264.322115171071
95197,31378.238216010934
102993,11815.683712959844
94855,29469.92081779663
81534,16494.688479338045
95133,17811.203703257714
107468,5983.964164223626
86402,13160.284494413976
102666,11678.551444414865
92984,24871.40150480652
93891,10197.948247966684
94312,15745.824010077313
91959,40584.179404272
91802,26969.91938126508
108175,16080.433407096012
78293,31903.562092870623
104991,8688.212012617447
104302,9965.767496869488
79807,14841.668054504884
87167,14432.424562814316
78620,22139.018167671515
81174,25178.98047094145
83125,8595.780466423554
103123,10357.220227155662
94065,19848.380845389693
78480,16976.8124874008
98280,8445.562152498504
83415,7604.784574758025
92297,116944.1201780108
100221,10371.22078091714
78829,15721.689965147609
93418,19156.896531438226
83424,11001.157442241116
101749,6490.991392141168
103456,9463.46949399174
88503,11174.439104559237
84931,15832.567402603963
107552,21661.91478506531
108037,11711.187589967818
94539,25314.3008678696
83697,8311.847603608847
87455,18878.553425948227
103044,7863.359294127696
104852,22519.843558509507
93437,38530.5912850493
92885,15954.927084878316
80922,19114.23439459664
102886,7965.823138645762
104586,17198.819945781353
81164,12759.134554419898
106074,17108.733720795684
87617,17508.847493273788
84513,13982.73429894192
96743,13034.788726948036
81209,20415.153352996294
95463,13176.14688245709
95457,18376.64126709399
101606,12276.905932604275
97485,30164.83116597357
91916,30137.9620807172
91629,41807.362089811584
84215,12990.924678066109
108190,10513.211745520275
88314,20921.15334933412
104526,17574.8154647295
82467,10625.899966493089
91827,37911.81260268492
77885,55119.27974122079
83459,8402.526004094958
98375,21062.692753474763
101233,11300.534083193725
97186,9891.382586637612
95520,19253.98740759972
95216,40143.81548206702
100878,5182.120972927629
80031,29375.12310207822
106134,26181.713783731167
103526,6345.140300207853
104018,43081.45353379288
83920,10580.22555275967
88245,9829.544783836724
86248,8342.278019716266
86315,15757.764084333325
108157,28784.169402922307
102814,9106.9195492729
84371,13547.903413282089
95270,14787.299745261764
107670,19455.16778347802
78745,15318.418785324837
88772,12729.21479568144
82335,20541.90518544809
100049,9480.228330768536
84953,6825.367742750878
98948,17859.636446593024
95952,35750.90841631235
93638,23491.89523732565
91164,37367.131898292384
87627,18471.959962483823
89209,14717.583513380903
94140,27050.09390878541
86567,9180.677014372892
81451,22094.7918206193
94658,27094.910833104062
103969,9524.317980572449
90158,14857.656867766183
107712,14824.271771782836
102518,11323.693770384982
91367,30195.937672025942
78764,16050.889197211276
87411,14008.881383148904
80790,23764.206785710445
97848,15372.227634788667
97985,6151.886944243981
99323,7332.799466567425
96854,12728.530865686063
103917,7097.841329937093
86223,7668.299576260933
101812,8786.319008997809
102098,9974.80848152115
93414,11682.211469739474
86794,10393.358139090513
81508,29063.796893850667
105781,15746.301522079884
103758,8620.259146815915
100877,13404.013750967366
83075,16069.744953107687
100303,12808.817448920649
85269,13421.593524244952
95693,20980.145254099647
85891,18820.095196976727
85991,9628.410768775504
89378,10785.04787956496
79718,11512.934452223984
96415,14002.11016807806
87510,10465.58492750863
95579,14792.043993043404
96453,13228.621505454415
80182,29230.313805952825
103363,9557.12628403878
76430,22594.6209949156
86302,8327.940236718765
78876,10568.911069032936
106740,11579.539515126093
101855,12344.425904814736
78987,27699.608068139805
100155,15313.804383818126
76069,29360.17152295378
79889,18859.51227262451
104035,19413.736666824385
102533,7165.469131363654
85374,13187.520751889451
82210,25155.75796294415
81145,12662.561148892484
99738,13557.029193429837
98201,35091.10629438725
88630,8595.49021772264
94084,19141.59949432465
79771,21730.89362200368
91057,40161.42159635918
92492,17266.72147893256
103600,15358.983620031104
105315,29422.698093270003
106151,19620.74471791476
87426,6595.88944619808
85249,10733.754266953987
77379,7971.7160170744355
76190,12334.096062494373
89820,20833.053898761475
92650,27987.12242543365
82906,17649.61068985045
104766,15606.655353594786
104673,18440.34774633983
103734,6518.138047810719
87652,15690.312870336791
107399,16434.12013722959
97222,17718.72849302775
100614,9502.09867655529
95807,38188.61595745752
88084,14067.36004551044
97997,14526.544308652878
83321,14772.241036289048
83002,15445.46614011496
103995,9619.875101345686
102305,6952.59417220596
97774,21192.93383131555
87737,12523.934219085711
102191,15388.764603156958
78470,22304.00446074784
81787,21577.13292242195
90975,35324.774515768615
76598,20271.754453295354
88308,11066.60941848584
105997,10900.612166146935
97095,20648.83821105576
100555,9497.769120363317
106628,20478.46615575862
84638,5491.953526177855
106752,23562.36477310048
88072,15898.527176551066
86734,12863.646794820228
105842,23430.382382994263
102037,17325.562691420288
96623,11812.940674898504
80943,15123.034643892028
107882,10717.680483392049
96069,9095.791538629785
86796,18387.94119743874
83234,15930.062334804525
85044,11474.644362169804
76183,30256.565017980367
102124,9440.1394520752
105963,12227.418367093527
108127,12831.060497424023
76435,53838.07943897712
89809,23659.46140227396
98129,11843.634694986737
95632,24538.458381083376
77264,24060.19599018636
102849,5510.182738936121
106860,15072.76519811944
90177,8732.949705986084
104336,11849.176462804153
91068,19990.43322308668
85416,10454.008868801448
92720,18383.28003566412
105257,10719.615138732872
94524,15671.524478865242
87069,15327.669093789364
79026,15542.41292977389
100533,10699.84136870594
107396,7341.594717185981
77220,11744.931121412565
76863,11543.838215389856
89441,9372.049597543422
86301,18499.910760339124
82808,16769.548475394527
106681,13207.857805776615
100673,11343.943970907612
87115,9989.925746193789
84819,10205.485676883638
99889,12396.467001046898
100435,5875.70915838276
91329,15974.042348087914
105897,11054.395103053124
94788,20818.380200162544
96403,18147.710362070167
105780,24758.39543229378
81290,20507.58374193076
91689,17582.70247310558
93660,48084.52718700708
84018,17792.72743535879
79166,21150.47430086925
99850,13407.697869050831
89900,14935.55976347938
76628,26331.30513122089
99136,12040.505484940102
89388,13622.452997478294
86441,15641.95742025418
100362,7748.900766942771
99493,10174.66714494584
108082,13743.23802885232
94759,23164.79376066452
91954,26562.166564901287
90378,15764.68957156787
86126,19657.21306485236
92990,17819.73696428113
80507,18617.44954403311
105394,20384.321913317766
80679,10863.961981590808
94014,27746.4361258675
78092,27378.87978229879
92725,10241.561546775936
104609,5776.292691918036
89940,20621.684094298304
84337,15694.499007209602
80392,17984.201432253823
90992,46712.231245529416
88342,9617.23145091744
83193,8253.60889108502
83080,26937.810960469964
87197,16647.685082215823
106043,9143.550981470053
81316,13955.249074327676
105197,44011.71729029149
86103,11044.685145445746
107819,32692.808051971067
94911,20812.845539254853
76597,33577.362688626185
96614,8539.600032914834
102197,5005.280456274992
104617,7391.417128807755
101445,9408.414562267506
94521,51783.40487515324
107290,17022.16381280859
93099,27313.980804465216
82179,39368.77282433998
96268,28251.871505428084
83202,16622.722661100128
101568,13710.957598189092
89145,7567.030582479936
82718,7045.241511434093
84595,16718.87969611627
86633,13533.738425357176
91925,30284.85464245671
100357,7949.941492726057
93684,18920.417543148116
106465,42869.59641099135
84631,14630.76203166996
97796,10640.693307740676
82836,10931.780049015604
81314,56875.06036409378
96868,19119.91196696237
94329,19045.007869103218
85728,5983.371148622933
78259,14117.116066416418
107084,20175.56415705805
96134,8904.555524218998
81583,26959.885932987167
104264,16677.083010662303
86202,11068.382870290552
102867,7965.027591280481
83461,12196.319081865046
77589,15642.44441411945
94394,16290.396826962464
87588,9567.742026220378
98769,12765.27967978412
76735,21573.31565911921
105592,12376.461970849952
95260,17004.598644473874
82699,8041.710253724224
95827,34067.39901626951
89294,9203.394172699696
90853,14154.8679583124
86522,11064.666043547108
80958,29375.91893765944
94038,34093.04137413045
88512,8280.949560183366
80219,10486.05511978383
86063,2911.240717573661
87724,7815.401040767929
88835,13484.3669976428
105687,16755.05352057858
83567,11506.630161530778
106584,22009.323850935496
98492,7691.540334886853
94494,20032.704152198745
89061,6508.30737453811
103125,12168.744082967896
103883,12080.204025679444
80430,11333.902942694853
95544,30139.01160536475
105136,57001.81320363822
105560,8290.175396553837
108397,28119.2047992926
82236,42425.6580663529
89477,14706.548228435666
98106,7020.312700024925
85996,5643.858112618438
103439,14125.669806169364
90831,7698.149391801629
100746,13427.073029122092
81518,13785.11896060452
98610,9464.764728195889
100644,15112.360478355036
105486,13790.15501417789
79765,16810.94218520695
107609,10298.467547498974
85407,14378.6290475458
81527,25106.94007130524
80955,37864.29050215894
79400,21621.847760010314
101238,9364.308583736718
87024,21749.115217547565
88662,9359.996811117611
107983,24686.709564719185
93662,29071.727230962177
81557,23784.99639267896
94520,18486.353833062043
97010,14448.028931098595
77628,25812.10930932578
89561,14879.567662240672
104218,16291.295900351312
99839,8563.864439068797
87279,11030.115932000344
93760,18637.91725317185
89551,7585.898479374369
82714,16790.4813454571
98166,19212.4051796053
83812,12152.420110647805
102617,7166.279930823063
76869,17518.946826691157
103735,16987.469425312895
94201,21916.023461628887
107893,17868.704938021467
78651,12379.980886360669
85246,11957.227466198432
81194,27214.985547503034
81133,34186.70361508064
95611,32036.84102706573
93004,15236.574115688658
81826,43229.74278083543
100157,13353.98388296406
103768,15724.081069896443
93350,17364.354093538735
76901,22295.17386920483
88742,11165.560152431235
102866,10379.667199645852
76438,28733.579755882256
86105,9618.645542015152
107506,27546.96128637289
108520,9232.20512140465
106613,10573.516541701683
94164,41826.6422062166
100964,10450.255016914452
92769,12285.270895970223
82221,10862.318579406492
98686,24966.47452417099
79762,18241.5123180646
84645,18933.53509851107
107656,19790.19997831378
97538,16425.875780044116
99552,23648.87844284788
102157,10414.476263790702
80935,10530.641287681688
100578,11026.019675259606
94686,24475.829806795336
93268,49107.02538568587
91842,30669.70679081538
95609,35141.16078262632
91576,22701.13160557886
93139,37484.24736203501
101030,7918.192323339575
80172,39117.45427428222
106262,16428.761666731705
101562,9507.90026599676
102273,2410.4060919884346
87102,4787.521510498605
78491,18259.785352275863
90631,7707.568528003647
94672,21591.834743004227
77261,55504.4114390002
80434,17217.13097069114
86840,9025.400917210483
95011,25232.174603273987
90870,10647.516949827994
97999,10352.359625235338
77016,44211.16985954731
96931,17295.75564459285
85215,8530.181217981582
105268,16671.84826150615
99519,6679.325895461962
104056,18789.1979089376
91117,53980.68281876753
107099,22953.52264646795
80475,11736.171365272068
76216,35008.04823764933
93207,27884.900553720283
105166,9947.214107225343
107209,18422.93849292198
100109,9572.37302130763
87232,13412.18973066423
102624,11709.065010766551
81948,10052.807841666552
93625,40575.1345826514
90334,9623.407863124812
79878,12781.081624416223
105653,18908.638211876227
108014,12973.829216173024
105491,23352.66134696953
87064,13724.596530640123
106773,16848.73925366453
93489,11866.722840541664
89490,21895.51354872813
100771,13651.530469212415
100803,12030.036242172951
92144,20031.308870053064
88632,10726.872381258392
78778,17787.4199062596
99308,10996.948735903065
77161,15464.955163840004
97501,10486.078825384013
100933,10472.047355675892
77489,27032.665527195684
84309,11167.699677922728
108040,7259.650027794039
97159,18264.489739936573
95779,15742.67664751953
89650,14040.14274893585
80999,6273.0406047746565
91887,23081.600369441272
79753,27260.458045542957
84669,15186.695332093344
76401,16141.130902706249
90299,20913.836294798984
80820,12015.528774611405
80744,36906.37243117675
96151,17225.40509529925
101368,10253.545743127575
106886,24686.398405028
90590,14422.337223383016
102988,10883.887455090571
96155,10788.281245706285
98069,22224.556032891327
99349,22393.01740619393
105341,7188.035543979899
97054,12111.30581002288
80210,24443.78388403173
105334,15931.011133433169
88495,19036.13026543252
101578,16497.45493190607
103240,7610.597959119589
84979,11851.277719278274
88799,10920.289004538488
83073,8947.692967791007
107288,10990.362424956342
102097,10738.532777450017
99042,9557.0875216177
87242,11533.012851071142
77310,23787.52210713307
87982,19217.71145243071
95506,13991.167143475384
106574,18221.24606996781
80962,48492.68233460652
102168,6376.798979361375
102528,7522.648023684416
99307,13242.966411013742
89354,12746.675018835482
96717,8777.999726885455
99267,19110.17136348968
84588,9602.07092115518
88920,7958.288729190115
101122,13304.949229185038
100916,10005.490146727983
90206,13877.098883968334
100314,10470.386233753314
91528,36625.33374566314
82508,7722.593879357505
77095,49731.810128504985
105943,10468.341145090037
92610,23891.115379229843
76706,18402.69050867949
101753,8627.713515463365
97020,11841.705570077209
103582,9927.251810368798
89559,15822.270895740676
91293,10556.56392120056
76698,34083.502098008765
105365,24105.656811067747
102755,13017.620414205536
82363,15582.155395264295
94314,21029.83335116755
92463,19268.772881988407
107566,11482.195991152024
99251,13325.561171957452
108140,32450.000515743224
99394,10542.647622398474
107849,21042.20854288899
85021,11077.153485570085
98878,11287.719269045414
80258,7836.704063148849
85751,14915.326732164298
77932,14626.181741149729
92120,15476.27483333585
84462,15365.828649000265
104744,14323.50886245145
78174,12677.117873202713
76239,30186.402654769227
99098,20906.56260804509
78068,19811.51807546918
80129,15864.425926236025
92276,25326.352283606408
84297,21250.245735253757
99082,13500.597531433898
103218,12360.043224855764
100512,7637.277443463789
100481,7337.609819458165
77761,15308.89116157602
90764,8390.787906762554
103431,10281.177532579908
96133,17893.505639593444
80377,26055.18109401859
93811,12355.928807293356
99125,12376.161051420177
92377,24789.54306298755
84221,13454.81961120981
87280,12950.872230748904
91188,22230.189524559057
83645,12153.488522764712
105967,8364.977031380497
89389,10260.392881530855
78866,19541.171337034582
82761,16381.5795214077
95049,21656.766045737902
80729,7334.881640794758
76702,29234.466349273887
93554,13386.466118673838
98932,24138.58090331877
91264,25346.60577268022
86993,14267.460809244632
102784,10126.523950754172
79105,22149.52405325236
102943,13249.905098416755
77065,24028.37732373296
104740,14765.841935662009
95500,16267.920844763998
95345,13868.073401010332
103581,10537.489676057394
86417,17142.535474657285
87299,10881.704884067352
101375,13412.128206100868
97640,31924.364570356884
99560,7084.579725105552
105849,22270.675778406145
95701,26475.875398194075
89124,11904.499715766871
78589,19175.88440456857
86742,10281.7433656636
84620,11712.087178786596
91165,28450.493967979608
88463,9157.88251042007
87571,8013.388073866517
104773,18060.25392904293
83370,10287.351449082287
105599,10818.59520293009
104275,19196.414638472976
87908,17797.927058346577
92637,8294.490779901254
101747,17838.09109339216
99271,7285.5666638102575
77493,31725.953452716167
100122,6601.785196901865
96424,12228.740300643518
103113,4965.047184387778
107985,27719.18761595973
103634,9784.418099249082
93302,28206.702728000564
93877,18507.97804428325
98121,8775.316963371071
91191,15726.807950019767
99106,20172.84564350133
83151,15541.85649093054
87913,5725.00958449144
105517,13589.82977806822
99452,24309.611923674747
95017,25314.95857900522
98803,10531.494411620552
95625,28702.25983511775
76846,18295.86955059048
101791,11603.6026834838
79911,17903.474179569075
98545,11285.8274931256
106811,10653.87585337489
78007,37693.48071776184
97259,15192.232240067431
96999,8172.361474884343
101969,6924.520645175109
107018,32738.663407693843
76246,30648.97077360242
77303,10755.143257902371
103674,6906.59049686525
100794,12254.63369138791
84367,20053.416825824926
101652,16258.739679821028
95111,20240.365618320364
96965,7711.695072636428
76396,13709.017265773376
80269,19937.048635580693
87328,6725.776630000691
85984,16457.62952708806
80193,27014.07797808874
98525,6632.0906446817735
77460,30962.153920379125
85424,18274.27817644302
77271,19876.29416507132
104786,27824.34806785996
103727,9572.20309279648
91819,30371.7662251568
107028,20509.269485624085
94966,21167.07530071356
78126,17197.82927001697
86200,17192.031383918864
100317,6590.084656313769
88403,18034.26185524874
102036,6653.984789650652
78858,25409.92847551193
85122,11881.471822660636
107516,22027.39837341264
103432,9126.82960194888
97354,7984.811367644696
100218,12501.623777659774
92759,15011.265673426897
107648,41092.45663597211
97107,20726.818858921062
90871,7118.0475043428905
78611,37436.44574574141
107537,11732.05507358117
84840,11333.240997906229
79802,19943.354973400048
96763,4622.408542658856
93033,19267.645205415152
76969,32406.6758087798
106154,10088.895718078194
105965,10253.478098760115
83644,25960.820085523013
83889,13282.23263532744
88026,9038.000282838077
81652,28272.63437464088
77312,16670.708202319096
102749,10746.890956450272
84444,17010.505172233585
81496,16635.20753787978
107471,12124.351774930292
84265,3057.0002370528705
92346,39018.13918973415
87248,8779.74409132088
94931,14408.960530703487
93712,25297.410431719283
80162,25151.70911547393
79351,23481.849964972345
85734,1840.137222587749
106372,12134.192432299602
96106,8590.319138847915
96702,21495.07981647284
76823,11043.35310069408
102214,6226.001313386454
81128,18389.41580238592
88320,13997.141456572272
83531,6406.744701127921
104506,21452.524036633265
84074,6393.999129953353
104709,25559.90679442729
85626,11822.233072908664
98427,9515.113374736093
78699,32388.71626783437
94756,23801.031598295773
101283,8101.178189671042
82397,22935.77175934793
77954,25564.58273666473
81630,23709.87613592238
87025,13575.606455157198
81189,16740.385821714503
107048,22088.99450355478
99510,7860.7997099836575
85462,21553.098280158298
99442,7446.381377609342
85541,2534.955137596271
81635,35995.43343663546
83983,11963.625001377011
96161,10482.585668524003
90359,13742.986048033075
86597,9868.2189896031
77633,12518.602165260269
80552,28152.266937029453
87749,21239.175412901845
88246,12240.2261183741
100434,9894.243263638336
102049,10147.703865256044
84649,9706.479489702682
80783,17315.57031094413
102021,7341.907294309471
107760,15094.479668154068
98095,6368.864842736621
103474,8557.325472283985
101486,14992.843842019913
78334,39180.89805765761
97026,12500.21538643027
87049,14081.615893052478
94207,24895.08593268425
90080,6444.08399767986
82025,18351.10447738437
94478,27731.26308873955
90501,7745.140831919477
86699,10097.321774131462
91557,28914.1162851394
105343,9451.401834796869
80034,29031.833808669744
84220,15724.539525175198
79498,21771.54991943216
96294,25554.56302113284
107974,7493.776030172384
80316,13284.495878051855
99928,7614.767476168816
91851,10494.936018077213
87827,10108.637808458025
98130,14459.288904361594
96139,19156.046439319693
93176,36111.14366756089
90903,31182.153899283687
77200,20484.05895749396
95858,19531.35718765773
77764,6458.121678235166
93978,34593.1264752087
78852,12698.411204149354
82121,15856.078447688516
91653,28363.213872011955
88882,12004.475217670646
107327,6765.548610430817
86583,11148.990420873117
90101,14757.397849007975
90893,19496.43605953774
93813,33447.76798700055
79215,16846.00058126817
96480,12025.05809174072
78841,33766.15803697845
101519,17973.424486767028
77704,27641.453938966228
95308,21716.171283911437
106617,7312.050528783724
92279,22774.599492212645
77974,31465.367202870737
96897,9703.65250262733
84841,8458.607084648876
80966,12943.798745291631
81646,29311.8461295326
83773,10175.552947996932
80357,27917.64057240216
93576,14044.597091381933
76332,30361.21034416885
100522,12033.109327262828
95723,12315.965003780757
97599,10695.030033211568
83267,15149.017752556869
107086,13577.482056755389
80173,29899.76893604489
90902,51638.41208115037
85442,21159.946630751874
82924,4085.836492137049
106669,22699.24049408105
77358,21257.33247042945
86661,19013.49410751084
101073,13035.7338163533
83897,11278.675814324371
92465,27508.48881795052
105110,19458.84210402751
79370,12870.422191417903
106568,13389.469004890268
106121,6091.712087170236
97194,12432.65607599161
89289,19023.58474079329
77301,22158.64668893083
89051,24999.14881750071
90207,12119.322429502525
95193,19674.248099355875
98653,6778.991322236383
98934,15007.245580188406
102897,8155.121150201901
90845,8630.793216604576
101868,7737.630126658155
95210,21056.238998792607
106341,11834.45700516153
101091,9844.692691624929
98060,11298.3415529725
90026,7658.611254053354
88157,11234.241179002236
97383,13580.81056088414
87451,10351.2012368677
103381,7844.312373868537
93512,14980.883004822645
77414,59024.78002284944
79553,13817.98777645197
96377,8973.759880679867
105001,6701.029507682801
106183,25886.378431233967
95745,25612.05480165332
107011,9163.482668561885
78953,19691.889703554378
85187,8584.974028183136
87941,12194.22219222046
77483,21045.979321310595
101372,9283.894852287543
83730,10008.29733788588
106166,20621.962733880988
83753,10755.927150084304
106514,28503.74752038693
101583,6922.241496478504
105137,2575.896496011426
105295,27936.23527812305
77657,45587.02682268625
88515,7783.8969775543155
93729,20883.68078423478
88280,13086.860419639772
102832,10277.889730536768
97873,12680.040203589517
101671,7676.75118312582
85210,13866.690022072567
80735,24561.585632048664
87811,17615.05481476704
97684,12035.984037112852
99915,11755.93971194049
97502,9199.611596729606
93678,32280.812286851484
78821,16767.873752077903
93898,20082.473461982558
100832,14373.343715209434
104921,14125.029956283834
83890,17195.44256232272
85696,4944.823959619329
89485,12124.838469971566
87460,10705.80707938886
81080,50571.03459325606
87235,7901.908546640104
87587,8520.881439892786
96329,25397.19246076567
108174,9780.907464984666
106700,12509.29695866456
98539,18131.39393218096
105234,23256.264035657783
104708,11922.594002045727
79081,27703.79814949887
90270,19496.92884780274
106057,5535.0827451621335
80928,31309.529503845755
94218,28620.81936625401
107429,8385.450278939048
107776,14540.484299492167
105303,8961.921113557291
107166,32304.588472624597
94379,24830.553116773885
94832,3665.1058675295553
83043,12794.382767269277
84114,10993.663625132152
84283,12382.21631577823
107679,7227.342431902351
89280,11235.367656879462
89840,9331.508895026363
89927,9847.017319842234
92218,22779.998818595806
97100,8239.663347592112
79443,11656.274938486978
96551,8695.11692310763
101305,10972.557120940966
102576,8908.666387769008
84060,17523.811966668534
92280,25680.17314376297
105210,12350.635150882652
104496,19225.952092073538
104267,12461.06650784956
91491,33798.64738751293
78595,19890.33368080337
100913,6226.230082988423
103028,11339.607385888075
77788,24519.3075316692
89629,7678.151283328774
93781,23752.651902170044
76551,48286.76651531464
84917,12453.94011963718
106009,13600.530033655294
96109,7356.504461131664
78933,19989.056765767116
80386,43850.03624677438
105590,19144.02827771392
87670,13942.0848382941
84443,19932.438446082502
95776,65494.46575989018
96400,15588.46609824201
90834,21986.75055671213
88360,14072.23113146079
106848,25969.66955028877
91981,29020.78977403261
89126,9464.980506235192
104879,20270.60888622552
90449,15207.93341800089
90667,20297.999496381828
78986,11248.400944946612
84945,15313.088335675468
104356,9718.76099448698
105159,21160.46492041539
87755,2454.134923222632
80978,26577.559288660643
87272,17649.44841954167
77291,29364.991800506363
84904,11376.923001049889
99446,17303.941362204907
78688,27758.443391899826
86155,15849.81154645464
79551,27495.71608556977
78281,9541.2163285084
94551,53068.27561604942
103232,9004.980845773462
104767,12455.561686826915
88566,7691.361429454388
77896,31994.855705560123
96885,16994.47479586011
95778,21010.53419518453
86874,10173.437862000072
91080,22930.15837439992
107737,15342.913087296218
104851,23169.34887079341
85070,22595.975777063068
87362,12102.443901514578
92302,13208.704666343136
93294,18981.96153487945
83422,17495.70422466223
84862,11200.035191636887
84415,11664.429719621154
78737,21345.36796297276
84686,6632.395487106586
95112,30222.8309367532
86518,13221.500489900602
84839,12716.175877963047
81172,26919.93614318443
89932,19860.891165470457
87300,8786.186698176474
105568,14835.82138818488
76252,15556.384831909534
80951,29074.57972593397
83509,14984.435175883737
108493,29109.14608095613
89976,8118.186918419184
102525,6918.237983492834
88102,5708.895564475197
89605,14759.805768085653
92381,12535.738875711257
81987,37026.37651744314
91951,25580.876184896064
108167,17574.08188765795
89798,7816.079124975473
97312,12993.289451439725
106458,11015.289116161905
80611,45234.4510150325
83390,9484.264264953332
84346,17853.44014367517
88061,14660.273499375886
91266,16384.43997446402
99611,7585.453321636596
106366,19241.223601698694
91936,32311.77206473973
82520,12180.181795201612
84865,9190.31514139621
80141,21599.5983938432
91890,16684.827122749033
76251,19583.425703658097
84247,8219.75130822779
91298,34262.189502226254
88015,9919.991644564292
92776,29063.587887969174
76709,10064.67351807108
105728,15300.456748189295
103796,12932.013803984652
81171,19622.69181186137
88413,10063.946242012164
102155,5696.644889537703
81200,15407.80926695168
95674,15176.674084513448
96157,12722.222211260334
79020,21501.739643086024
103587,6321.8920571631625
104190,31443.132329407978
80486,17838.951808177055
91177,14636.298003897677
76909,27327.310418882247
97278,7979.513957051498
77170,21521.30054428333
78840,13064.087334077323
107987,14101.141551681736
104444,14223.10205307087
98408,4631.719534546114
90629,14456.459144122598
85268,8429.798925697069
98419,8323.04895645388
90747,12486.569610270417
105907,15395.437120208682
88335,10960.946108039718
104161,23400.36415563251
101427,12846.777431342209
87176,18662.02889239807
94012,29160.6580725438
106937,18760.68027697773
106573,42732.30781348726
96877,9702.900075163954
102568,8118.299721860803
93510,22636.96353164552
78820,32370.178907787595
76763,19834.2058083711
106884,7044.183120259548
81041,13417.76924063633
93827,20184.051251360805
100321,8321.44663890902
81450,10124.111843064264
95107,21403.447778372672
93670,26792.160408146017
103551,12006.229918336006
106715,17352.548079296474
100863,11777.731175559811
79259,11308.049642592714
105336,27203.5077524292
88906,23353.09588897665
93039,30835.784976767936
85639,17211.853226241645
98378,8058.603397310226
93639,15965.09789933074
83518,10086.700119760715
79592,14175.393208694835
95678,18315.523539187147
87400,9845.006742166364
98813,11633.524192171715
79157,8516.337127674782
76223,23330.12793230793
95406,19135.497844043784
83724,6652.739239703951
89739,15221.534523294711
94933,24182.282442914537
82605,10625.942224334569
91566,16894.118241169792
76873,16224.25152977401
96884,13273.371970359944
85901,10944.5164029611
106449,23210.72887498564
90672,10175.752615382877
78513,22725.901825159846
86464,12181.032982387846
82921,8952.57914090816
93886,27447.852899703423
76303,13457.320135830763
98243,16101.927287015258
103497,11172.726911165511
87786,15573.585500892988
87780,14409.744969092
99339,7136.757739392957
95351,25444.461541624656
106965,12493.328603487029
87540,11293.60070560304
99854,11809.643209310503
102357,2342.11354780005
90737,6374.145470801703
85392,15312.903073267307
96882,9074.39259680502
88268,14916.914403930006
106075,17999.978661131827
88674,16152.602370867178
77623,14684.594786334836
80394,15616.589733142797
94942,26155.661045042907
101237,15228.5397517895
86351,15401.028334945382
87055,8999.376882073448
94851,24103.20758489828
79816,14185.455769106851
97214,14274.364992107863
88900,8218.249439093373
97464,12266.254138749637
76403,16749.197929948477
79786,18612.109845724597
83858,11034.84730367326
83658,9542.133407926203
96456,13480.16304095629
106217,13195.682584831797
88111,12711.048840845437
86581,10900.690781299552
98218,16230.524264048796
93801,25260.542347211936
87206,10736.126391894624
88569,15127.711590714329
104348,13405.89499255491
76478,19693.700617705294
101509,16871.18129111491
100915,8477.742932284757
79676,18342.47253160047
102673,10072.959966707003
98151,7114.301717761208
77583,14621.688430023669
106602,32190.448400536094
90134,13111.795753077671
84228,5314.00260868612
100131,11832.638076377378
92807,24855.9377438736
95025,30458.19197254123
79779,7153.8168811484975
77216,26418.98810451509
83476,12487.41359104084
88942,16079.091656597162
87565,18478.52988394632
97055,17425.01206930109
97212,21797.09342092229
97321,17015.96503920066
102240,9544.852102905365
91253,19114.90004768173
90284,14295.241408709342
83582,16108.20146582813
81255,34324.7002109068
93903,38899.76955665988
96241,17646.953437729997
99117,3739.7434688998665
79874,28326.59636792599
105193,19385.267373260827
98186,5723.617981796351
103313,10669.9053886258
107714,15979.35562336602
101081,7799.162804435353
79663,5172.526552997642
81108,10487.65725016976
86643,6468.250111987392
90931,22812.354734196477
107518,23640.14173419798
84511,18949.580031100217
80689,11604.084353705157
86547,6283.403600920571
79670,15212.12952676592
82281,16690.882466537572
102274,5846.995871209725
107948,11737.093568592769
97149,8977.8829360245
95980,16517.999885569727
108047,30400.364239071063
94763,25760.86436912016
106148,18578.97617748329
84164,13635.645092686418
93448,32609.020879942203
103837,21344.124636042205
91861,20058.441365408416
87914,12843.14645947703
85944,8683.856607619742
83795,10607.753195148978
97374,14319.538771487809
80569,12232.484311122464
106331,35410.113439454806
93177,33466.08550087866
85257,15901.607611986969
80094,17251.108401883597
98473,12104.144826106967
98021,16606.31830078665
91714,21536.53664379866
82569,15762.819137310533
96451,9539.33009952506
86310,11018.44737389867
89702,7125.780876460103
87577,14048.294011059075
85221,25967.42310227846
100454,7363.291022059197
96748,4136.723892611793
91472,6873.649580153751
88350,6358.008099270135
84386,16328.473083894474
107993,14183.932533003112
101496,5789.705447504877
96805,12752.087565564512
82084,18963.026823014163
94643,31427.8780134231
83871,15970.943888179232
82327,20109.65392316492
90332,12904.584169657655
84949,34385.82692588518
83111,17853.55747611694
92067,20715.776614810413
106714,20497.499629585487
85531,12335.232908013108
97311,9762.10992023975
78102,30084.67917606324
98348,13961.768844638143
76715,23635.302331461226
77091,14382.289830504356
105854,13062.330327544089
85983,7947.682024853928
80823,13539.883774174084
102612,11827.89784385121
104209,18095.395596162933
97643,7823.287742119033
95340,21543.42761463378
81183,49018.07201257584
87928,6015.764629993314
89448,11491.393068412272
98522,10250.710465834083
94213,10614.8149931344
91583,8611.97801312295
90280,10575.409552652036
93287,30914.28147131525
84510,9754.611836724373
98179,20951.45300267196
88162,18737.43618445332
78449,44385.44700041422
94548,17458.394606139187
95056,29655.894026596336
106725,9519.76449671321
97968,6627.467001935524
104923,10382.833595172036
97276,7141.775868983172
97080,23404.06226533161
90691,32665.85630594305
88033,16280.44225306482
90160,16271.743580150309
81661,11361.113314115144
101260,11167.600618551149
79520,28481.627871773097
78213,14863.68201493543
76187,29074.37955615477
85752,16041.011009028289
90729,16696.122273344903
77637,18827.545929366777
101847,11100.095444775983
86787,16176.097944425288
105758,10824.109073982512
79389,24736.321737244143
98312,6445.843760445906
100222,7474.938280765726
87873,9801.955540044626
92965,22593.95249939878
89168,21871.186879922723
82368,19145.89705713408
76505,15484.120062420025
100946,6381.619222527685
85815,7617.034044602302
87705,29182.81783762012
106931,9792.918124149866
95571,22582.233592490527
80308,18643.26915074618
91824,26767.631220379604
106743,25894.01868458077
101866,16404.860698204415
95817,35444.43153168945
108505,14962.24597013112
88722,15671.83351177735
104371,20379.453600743745
93879,11468.87294098181
96038,15947.44095480358
104690,12094.883630910655
93199,22658.18008093644
85967,13148.201014854369
88714,7450.811199608033
99467,7184.185997652836
85701,9364.421120517463
103450,9969.280009109294
96943,10353.251451871289
88526,14337.44278736928
79326,11103.462994673078
92314,35723.42729760242
106373,20842.897490086576
76953,21339.56530469095
89741,7516.173660898661
100458,9036.999629112515
91895,55847.36766030018
92356,18368.82890864228
80632,20918.43812109325
106959,9736.731831871686
96251,12566.6984933301
97996,24468.25190221912
90021,14670.84408606408
94899,31095.70357681575
93093,18323.1608094992
100175,13535.62745679075
89968,7092.270243059534
102132,3978.677276060631
99121,12163.048659588872
92662,17922.628512902505
96612,14099.289836938562
77399,17320.651801799926
86443,8903.204885621102
93198,33707.94217016066
98001,18075.464740857984
97764,13584.564404072496
94983,102419.72749269116
82703,11465.184898491456
94794,29879.01378070117
79793,17935.654146351884
93376,13265.675083619535
76374,23215.10812051122
84045,8036.104771173441
106780,15324.408371404348
93213,15786.831801462547
97870,9175.687355885188
97748,12447.805669909829
97255,10484.445820950965
102668,11727.696920804974
105898,12740.393852945384
101786,14643.118190269935
87690,14518.110817331668
86329,11707.298600764248
77696,31749.63512610126
104321,58319.006130202695
86782,17253.41553383184
97134,29659.113594600614
86684,9889.246147310896
95509,31389.69187662435
82314,17766.465129969343
84124,10299.55141268202
87597,11754.762239804615
81357,18831.6698198475
95055,17624.577450515404
100244,9377.499610055824
79271,15422.575814862385
82043,22726.80850237361
96348,22282.823712652436
76594,18920.082040765705
79552,14577.449694438455
97181,12602.899002792075
99147,10993.26092224072
90786,7408.068221745754
96203,9311.794793985411
100288,10638.62955307496
81529,20479.82449020568
84229,16238.263186345102
94332,28258.32877220473
92714,21336.16195418776
107716,14740.768953224488
107685,27098.704996333778
97836,4706.126144926353
98284,20850.741083529465
83128,20574.98453916722
105500,11353.930563176784
97781,10688.869721359652
99341,10037.13297972066
91793,35097.944061590526
76224,16010.866906242329
80840,23407.986083829142
94587,17083.860693322564
98667,11108.59246651391
78973,13615.620539586707
85175,12286.65853117535
107489,44950.04969370502
95790,12675.560720815924
108044,8325.751497846228
80652,23880.52698131679
76007,17983.029261612173
96039,9051.373529133984
102618,15778.383844556463
80863,14612.822744442145
95695,20528.12571610469
78815,28483.65759465543
98063,12485.643406663336
83732,12232.17290790197
83190,15006.236752249042
99504,9754.344921244514
82372,13547.736933667584
77977,49948.08053851145
81688,14303.173745187552
80154,22561.10897044622
108106,22125.425376245454
80724,14831.324314572475
89190,9224.304800225247
102321,15748.348537532427
97375,11059.892055693948
99379,23704.91896986973
84767,10004.640519139071
89470,10045.09767772232
85592,11355.57749956018
80381,26762.101523587666
92149,33586.72883052315
96044,23150.337900262355
79041,12545.75370306519
103108,18418.3388243313
91118,18738.62703447726
96434,8778.435598384563
86875,13608.012723405693
100326,10439.152650202232
106416,21955.43477771016
88074,9315.339381921376
91579,12597.902653873918
96819,30704.192316827477
80373,30263.272103087416
82681,9484.80603569128
88450,10686.962793312436
95040,15584.078343071296
76720,12161.303644487762
94576,5650.578315312614
82502,6688.011879003065
101100,7842.237964149534
104522,17940.923874376545
108039,10311.409619511604
77894,46080.87744862677
80888,11590.225130266024
80366,47633.37986777508
87653,9221.020009193233
98083,21858.741968600956
89042,15913.12308315127
102520,10678.026676560472
101620,11148.856113695856
108340,10006.01600635746
98465,8368.263562606433
82307,24541.22618361304
107499,21178.56781899092
101440,11118.069304573391
82392,27130.373849976084
79371,25766.74506071032
103916,14731.89249946512
81192,8582.110791893123
108185,8570.117433119729
81811,14959.073403164244
97993,9418.33046830364
80214,24602.943361419097
79896,18072.83812300837
86793,16755.728491731985
100548,15077.042066518216
98986,9349.194703176374
82411,11418.535519237848
98467,7331.826621854738
98645,26839.914630669773
84530,6545.207651779785
86479,7156.29222769305
90655,16420.227105199498
97319,11204.696036089408
107749,24791.94341369316
77199,27770.781869323328
79255,16874.251049940907
85072,7955.665682356297
99421,12298.460803102753
95187,10599.76284481177
103262,13510.277554532708
94589,33453.82962337195
77608,60618.872088157375
89729,6081.4460526963685
99171,13570.723088713545
90914,23948.884152619536
83250,14822.311068601786
83275,8615.127642337326
91269,30802.502145320243
83003,11247.114401331755
98988,17469.239321221525
105748,13039.039310684107
77688,16476.478644171133
91090,17739.106085343607
100544,14054.463888604769
96608,8874.48583838019
98784,9118.6739341447
85655,14528.815765657191
104236,8922.753530704154
97437,12674.693609692396
100150,6317.903842786591
96911,30432.22892346736
87126,16997.457389134226
88544,9947.087800390298
97889,11183.5086184248
76768,14159.587048728394
101722,7809.941319388508
96407,12663.048993362998
80640,17231.371882089003
88000,14445.291138502163
103451,14764.973774707249
80542,43237.28947195016
82212,13037.0726854805
102407,8593.911048269203
79895,11678.224332869157
95909,19873.29668925373
79646,31595.547595715187
77051,31840.80049388397
79375,35629.77880635905
92023,27929.11204517205
87608,8900.562313381497
77731,12360.994082992504
94671,24638.720643161247
107804,15667.321660367588
106359,19683.71582946057
102758,5989.37739201711
76944,34309.45962375049
92103,17047.790977643195
81188,14211.584557274917
84157,13881.547984599238
77509,26289.945218182133
87332,5895.169216377426
101597,10149.721775624395
84021,12027.02138136445
79820,24777.9241530175
102505,11765.672307627265
82887,19357.45704108312
98676,11993.648015550138
89288,20408.581037731627
89410,12980.593450441896
76489,14279.17046502569
85587,13211.227624940477
93752,13617.45758516175
104857,15276.531701873066
91582,31178.06062248144
100760,10257.207987229916
95388,25951.4799592313
105606,19066.73424195529
93352,25661.01516499185
102452,12000.701568159442
88997,20269.205277682333
107478,18258.147427481115
82604,13335.654705020028
87188,16022.060314405757
97769,8520.270101084605
77941,25360.61312581449
91489,11877.244818290006
84501,16226.85516538028
97428,16143.78054299152
107961,16023.6610204375
106520,8938.008406469733
82860,16606.341423962636
93232,24350.85866989593
106592,6851.058096525934
81719,9208.325605056005
81658,17946.811241225427
92676,23143.01273168645
102253,9767.979992918132
105237,12647.488681721255
78527,22467.175326944976
97452,8086.238321240713
106530,19120.69162981018
84118,13157.505989108346
84314,11243.764168348884
92313,31017.21511466504
91271,29669.880690077232
86067,7714.956601119494
100751,10316.32696836031
99647,30244.930016270635
79872,68505.82549292472
89703,17086.891500657555
82985,9418.073385533158
86719,7056.742574537488
78249,32846.3368361731
94826,29378.302232664908
80867,30913.73569054034
88405,14386.54709758847
92596,21320.18982413288
90699,8612.19265787865
97504,20282.86132629901
88236,16119.901335499486
90859,7588.897336754769
84327,15805.949872298705
86926,9092.055532300812
98478,8712.439856323792
82435,14743.00943088407
105477,13575.747525365829
91685,19111.0943293068
77406,16047.864092816291
79806,25020.883313697523
95728,14074.606760143346
79181,31692.16652196233
89777,13586.56461059101
104090,12319.060643594374
106849,20961.89554122534
80612,21048.15795751143
78114,16407.88157670423
93850,28395.8556857302
91913,11840.069525898913
104359,19393.92226756279
103818,2250.229669392619
78505,8980.798704478524
78147,5152.761845080073
98618,21280.409045502685
80947,17619.622071673024
104926,9182.813796120545
87266,26520.32920629057
100085,10865.717410435336
99550,9536.763853064673
100618,14281.3873375101
88609,8402.356988792473
95379,25672.27771359287
97130,14674.553968588938
98078,29629.022799746155
81543,16199.452473664762
94442,14002.171440899365
88513,7866.591851282619
104084,17996.134390908872
77862,17196.447603604858
83231,12781.363953670125
80020,29740.28548334947
88533,40636.086965936345
89260,16677.78932155727
82264,17290.918561298706
84569,9898.180029576051
94361,38680.57651193399
76511,19919.730512164428
79088,15950.709955200517
85645,17438.422795530165
80492,20419.27243372304
82092,13205.683889320357
80792,11905.368306996446
79022,16835.8408592364
92175,17040.76824696057
87149,17867.79053829215
94676,26429.25289066229
82453,13912.196448574508
88623,16221.873719361887
93157,25766.2289852396
91767,24496.4797782119
82525,12846.7107659852
83387,7172.207338293293
104711,13151.62929840148
82040,22228.434761797856
90973,23335.41419320934
85628,17943.77493193392
96701,11532.981672632774
95441,15859.53604676206
104513,12436.749955571497
91247,28070.79836314954
88940,2490.6817639993915
77571,23090.63002602437
104299,19358.55559468124
92609,22380.092029418283
85134,11502.682338189705
81305,31918.782505647985
77683,26578.022729486787
89313,5811.361183418258
85999,11464.673280791194
100266,13405.762891890776
97102,13603.004117306806
101321,5860.885862346738
108299,10861.304757177906
85057,12450.479972467096
84995,14079.826827999705
84612,8901.948972771512
94300,30581.23890538646
93656,108025.47145185436
89647,10919.209311333074
84389,7672.591891388883
90197,8292.51268779767
80844,6216.934431952488
105331,20771.621145864843
98831,7182.549634888272
89697,17867.79940301527
103351,10197.178414159707
99969,7104.272646516811
99325,12171.71456608347
89198,16640.51701535541
78239,16058.590497825142
82481,9027.751735737793
83655,15284.19205966319
83006,11234.067667058353
81067,49173.41736413053
82451,15294.00745836677
107390,25530.317247212595
101406,13308.630167623303
91715,28771.4105628501
99989,10308.55538723998
93206,29911.387486744978
85902,14831.755875843097
85195,18406.511533375942
78130,24851.166174981023
76552,26170.918884342616
89420,13145.61468454968
89566,13767.274435585125
94682,43203.12925348017
87373,17899.804833380014
83481,11005.60061632048
84348,12028.936073585372
88809,10242.07415369772
107886,11024.2983879464
84976,16488.36656308626
106340,17182.910442424683
87849,15932.205038386235
78363,8101.404374865867
86657,15809.541869547009
89773,20241.468683665786
94449,33693.65612914079
90861,15370.710817435174
91749,29695.139992350283
87090,12565.922860910552
80200,19526.950307538675
79369,22691.47126219527
101679,7879.686264874368
88080,11074.272731751807
103400,6767.423059188037
100960,16703.55859810363
106116,11755.438958233128
76678,34697.21946986418
86832,4390.676880456092
80278,14779.583776085346
92718,18251.96435943536
80121,23559.736791151685
84360,7816.383026023626
98000,11254.455512208748
86852,10138.64051372527
84665,6264.486303009478
104032,19121.25626242142
88348,7034.93990136814
85919,13538.35713613302
102408,6065.997716719863
91678,13637.654407096916
86965,14051.98797405147
99748,2171.024883752028
79192,15214.344992658713
100469,11878.38649439634
102772,11172.346558922029
89526,8251.054114262348
96191,8313.142445652931
99222,12958.057384335238
77086,33257.14954027468
84447,7419.059869729996
99981,9933.609336361003
106052,22420.664385317406
79612,29451.833220496486
106792,13082.58059839431
99124,7708.710942639999
79678,29360.952137690663
101632,7727.330346981804
77692,17224.667096396184
84345,7354.912837721828
95000,26521.27163058026
83015,9005.460798344955
99423,19069.576647926748
107480,16658.54493815806
93765,18796.212473133157
105419,9873.534537141824
94052,14305.948095559572
97432,12972.301328106025
79133,26798.7441563068
93225,21721.69256086609
82956,11434.131350718895
101231,11484.855417762246
78727,19669.935575557607
92150,27068.28153362016
103869,7966.031980979499
98266,10991.595443691283
85017,8948.863715359264
76853,33051.42534616638
93027,15173.597312059435
88493,10090.757954162733
104829,28641.06540607597
87800,14477.435476271146
94723,21730.144598754465
77219,12250.082517737656
94891,12647.07267735358
81656,19152.475478190216
97239,20983.74332436048
83620,10870.86428246582
93312,22681.78728664152
83441,8226.599297715808
83959,8757.420790143855
83653,14659.813015770666
103364,11700.64703994594
81279,10438.217668433042
94483,20183.911376089152
78683,13490.71629005004
80423,24543.69036177297
104442,11634.590481973471
102026,9350.732826352132
105992,14548.542060273165
108007,10232.102357195105
81476,13000.583818828223
82770,7474.820049691918
97979,11755.11239415948
103866,6484.506541086527
83147,21220.78740539568
102902,8054.295428212107
105918,29297.16783601529
100265,12610.64126498154
86165,12348.602280756317
107697,24211.580680985862
94497,30954.22896578972
83540,7914.961948800629
76617,24125.678158538285
88133,12864.249504639074
92181,25935.42136124092
90065,4194.543086213241
94177,18316.406001195097
86942,11322.140208687257
82629,4835.846767325268
92087,22413.49853826221
94508,20504.564777856765
81678,12789.40430800876
88106,13748.864505202944
82869,17619.829703845357
81744,22814.706356031915
89208,3707.327901276485
93035,29442.83622455322
94656,29061.296522342276
105571,12385.701523153237
86332,11225.780017425886
76711,20696.20658597378
87423,10655.251485484583
97343,24874.57411680235
89591,22125.36276448386
83291,2094.823194039644
76146,17055.348614934104
86683,11003.840769222012
100726,9947.480057304483
102328,10425.711432302858
100991,12770.095645719288
98049,12508.598959650764
104948,17976.92824382246
103129,8257.722403140939
87892,16386.09072885711
90770,23823.658245314466
97113,14492.750333263826
102422,11151.574400011554
82462,14161.737313260368
99700,11693.066423453767
103799,5833.512365076
96959,13221.526718948411
97715,8166.452266640976
90880,12165.108390522655
106632,12833.714135292124
102656,10734.312943861263
106686,10984.790130921636
97346,8163.118218005435
88283,8037.498512187263
102248,12436.944974622227
89091,11011.830825659648
100474,10838.613309755709
103428,8111.742811393232
82698,7171.867627861282
107510,8910.769644678005
99122,9465.12766292465
93152,12424.925664459304
78084,18253.135410335846
103130,9650.678818508764
95826,45691.85093786099
94977,24976.858875197235
90104,9399.019592323286
89105,1548.3716668068123
95397,25844.72671913984
77476,13910.828968930618
80208,10936.7774403138
96744,12141.467981504027
81310,24566.99914577325
88688,8220.78700961387
100514,7739.709195670575
79490,20933.30230992887
89236,12019.00198636918
106677,13360.042908707695
90882,14352.045505424438
105048,6597.258015147143
92458,18422.068391059256
91682,14598.99416450885
104659,19454.6885918864
99559,9672.994749381694
82608,7732.808849562512
98793,8335.672685287347
101083,8824.29211064231
86469,11669.507169673703
106304,9979.236987003109
100515,8756.744171951545
97006,11765.10322325895
87531,2888.0532884599734
88873,35567.17766429661
91700,15646.800097281088
90471,16418.736374173957
88077,20663.906015283108
95546,40497.46898048744
77965,14361.87844963672
91548,21783.840100209567
101360,15628.664018991196
89845,12562.979111796556
95934,25346.326928539245
103745,10392.334054715142
85862,17523.064386362603
98424,9126.311143409825
81736,29752.415774718356
93391,25200.537385692864
76523,21696.59705994965
83573,18451.15809523536
103118,3700.419043110085
84399,27230.83764574497
84864,10918.24835847062
104282,9385.621756966808
95389,24393.286401923757
108097,11582.740800941494
94999,12447.596083241104
99345,14290.627498571464
92946,42033.055711825335
104048,13489.2916323049
76817,21814.39804715152
90448,19545.650659192557
107837,10104.396496961825
91182,18693.96959974059
102654,6918.726649020648
95298,17296.191574074583
93659,21542.898266103013
87866,18595.99437368751
99990,14271.33018777772
102469,7964.787123476195
107351,15114.125359701282
82490,8583.798128688944
80756,16535.53044844368
82365,26531.16547551129
92332,15872.64175923749
77456,32020.5056034651
81007,27986.807612074223
82391,18867.39412971865
84647,19077.93371946645
76296,19957.50785428185
100192,8585.180999322834
84547,14239.696609922108
88877,23059.3809520544
84254,10825.41962951227
87836,8888.365633036878
85970,9822.946231741646
94834,16990.640716255268
107159,13166.035339665696
106800,10379.660922656947
101989,7352.815359560367
95604,35923.02865592127
103637,15503.550203269027
104301,11748.909437803462
83799,12085.205339892276
107855,13494.621953682516
101506,11404.380014914
86644,12767.045219650516
81902,71581.83380750308
90490,7002.524857309794
76314,18635.519783641
95360,35640.22740060826
96272,8040.441168099584
103911,8909.579849075852
106553,8750.851255881487
106063,15283.768327018584
84179,12176.089974625516
106912,14026.57753702175
103819,4220.660086578135
94009,33287.727323021245
98285,20519.223368550018
81101,14619.847212734694
76806,21786.730785077325
79127,13570.338416431514
107416,12394.712579848108
93786,30353.82204592124
101542,13340.810082721971
101640,9557.029782025002
98800,16365.036398942411
91451,36468.4517870806
104033,14806.118803577583
105550,20375.250106377563
88203,16628.373743110653
77481,17038.690856261604
83704,17986.57546930909
94474,24716.0272126226
101924,15608.906497768216
93203,33189.6521048444
104628,15136.675546980154
93308,33637.99747571241
81984,21362.736992111408
93228,29530.885277068017
94247,20079.092466272672
85162,10558.32726223587
104670,26065.03117141227
80875,47511.95755198905
80850,24581.539254036616
79475,24574.293115181543
87229,11982.015872829088
79162,16898.749803128536
107652,7502.199267330353
89835,20338.68959526212
77430,29010.66322223665
97568,14280.882844074124
78947,45202.30774211296
106692,9073.926163733886
97127,4452.856657520059
80876,22401.432472311597
100152,8129.641810223169
88949,19751.107141087607
95804,42476.725744982745
106833,9043.89242797473
89283,12820.77425670878
78115,50457.34791705544
86941,16223.435357257706
104794,17455.565950976335
103892,17812.672933406444
90746,14391.87397822562
92996,19290.158133904588
88679,18874.751038277464
101007,9166.93813362429
97824,9819.050296604486
85138,9857.160711542978
87869,12886.899288894903
84266,11134.662964903177
88682,8156.894521426184
84543,11576.73205792356
88967,17401.923797064526
78831,16962.18511017214
80227,19992.85162400736
88995,10819.551329713138
95761,20533.2876133794
82060,17435.889701659755
78253,20713.01492999769
81193,25929.745608993268
97309,8230.325137554253
93654,19090.54648992948
91399,25680.009479071647
107195,37196.50488587277
82137,13130.145874208809
108006,13716.538332229078
78534,57400.14742209772
75979,37810.279532555694
78847,8264.77284088014
94746,11864.15864050776
76591,14458.371331577397
97366,13089.917093264428
88756,11923.759054298122
105074,18150.004475875005
107641,25001.00263414014
103717,16333.279968890109
92559,28985.48310575234
85453,3454.4455416641645
91736,29702.456019547066
100632,11917.36881336159
93314,21274.633789952662
82593,12517.099053197348
105791,20003.072576463517
104431,22325.68935080849
77967,21224.05409828692
91373,21371.16999885632
86095,9385.65615429776
90950,23462.376762849515
105410,21355.78141349638
86516,7552.63136410712
79221,45489.19461377618
86603,15222.48453147382
84058,21456.266485710206
101017,8799.74088000806
103065,9912.79366090442
102817,12490.306017186029
106443,20164.974698140093
96455,17601.025099692244
103514,9850.541259704163
88407,15388.989735023522
104658,20947.0510546438
83823,14518.048208226304
106801,19988.22070971358
100859,9711.855512187622
97156,8389.966640761724
99816,9731.41039247828
87726,11506.550514830844
88783,12414.50783410332
107654,21351.151350445616
102420,6307.167649917259
104147,33694.60617269522
76019,11474.47432110084
86158,12622.31784772488
82852,7471.336869468675
100871,14522.98311117616
92537,14107.197252051956
92028,13450.034982560604
78319,10750.765544701688
77111,22217.138272563738
81426,15339.313827537404
108336,6359.192103141832
106048,23688.586216710257
108482,14348.396533249886
91336,24755.38230983398
101242,13425.306632971102
108309,18125.71501645524
106397,4366.465670014646
82413,9845.345748631054
79355,46845.24519036227
92826,34834.618748321576
102020,8808.15978840617
93857,34621.342839092424
88875,11441.37578801482
81926,19687.93920555644
79236,18702.73229195852
101106,17211.734875812974
99069,7782.409848982286
90017,7597.336000336704
101706,9322.4695960722
89701,8314.30009812941
96760,31734.378956257184
103901,13669.190989149243
96780,27023.82681839748
78905,16337.371293753788
101894,8682.605371921909
94657,15070.03610793779
93703,10884.781723451491
98690,8989.450715755354
90597,15076.556442934792
80138,20658.51992699304
97044,10581.56892311134
84258,14451.99226852684
98543,15612.10785099185
99833,12589.67395768784
99848,15142.556215153636
89178,8420.175199383742
105598,17343.33898656596
95971,34729.88317283052
94875,32170.27507831076
96048,10841.77420707698
82606,18264.838687212912
104545,9569.1663900762
85571,4543.615861998394
103757,16200.132381849522
80192,16818.78636817858
100422,7945.408993491123
88065,17812.9422921975
83544,14345.48694932774
76851,29906.44772996098
90464,6554.521664735055
106501,9578.5074713738
85011,22292.299370473585
102308,9633.041860069305
82241,71427.97503229174
100655,7842.472755434263
86477,10995.880660372288
90830,2008.079338733632
83274,18999.161595115016
83251,9200.286258531762
82122,23798.16165766919
105600,18426.65976736732
87514,10654.309570151672
82184,31050.00497178653
84829,11491.218805747036
90704,24094.530035671283
86306,11200.640364393095
105655,24869.61960084741
98964,6856.708041119184
87189,18666.129761355776
80116,13573.613182713114
78366,27221.30853224172
103668,6243.665748304448
95799,29852.843343314307
97496,13228.935359006322
107112,17087.463585418656
79698,27014.89899192802
78946,31303.583539844625
82843,8628.378160978793
108537,18169.851577143167
93675,35063.33588878031
93629,18953.47843989631
103134,10958.220838596882
76458,14439.421043309349
79219,18277.755892927973
93401,22453.847304366114
87666,10271.919437945957
97697,12440.87597835907
77945,11248.722199472926
76173,32323.664098093028
94835,18475.119620700058
86700,6996.5121935135085
105682,29761.630558925604
88546,20156.310001568512
100486,7709.518235996585
98187,11773.750794477266
81395,15173.734304920996
104408,12998.625027159853
79922,16560.769443025292
102955,11277.172969862817
85515,12298.422873794463
100490,14205.792784945865
91070,42224.49626230973
81321,26220.13550000597
90925,19319.712651327547
91291,27030.41907518184
83986,16072.220225824669
91729,13456.567181608263
95830,22761.48796154409
103720,10290.600628058375
97023,15233.476161399994
84892,7569.240545711777
86618,15024.47306116742
93094,22848.911769571387
102487,7713.730662269453
76952,32820.70148300351
90121,9406.109313546118
89687,35140.46551438316
82663,13770.53453207788
80253,19349.40716470702
96004,13945.269474334887
102267,7780.716343970691
77777,28485.80299099258
85135,16051.804892651828
103806,10876.457068462052
88031,13228.101857309512
84252,9291.724816245583
80246,22445.267579750165
83445,13414.114777553768
107528,9626.887262053924
95161,53194.449337818776
105132,31343.10605285637
107504,12251.96403295296
96720,18712.34066363689
86060,9235.06258821956
76370,15947.418466806526
102092,12141.516033492377
93523,16594.29207241016
87963,8448.921900165773
94183,22848.697153021876
77548,30484.558364337987
91116,31778.054445336336
100013,12595.204800202311
105525,20330.718752985093
104210,16531.69751003124
91137,19558.48302434304
101960,13413.012335856456
80662,29267.389797028867
84914,13527.842626104451
107857,18972.962593266424
94916,31885.843367786707
102858,10354.765933099006
88182,10243.005249001526
85339,10869.882386540974
98692,20255.752863334725
98460,8465.039156250705
101787,6291.713829771617
105924,14179.491979418162
81440,22075.80610294056
107043,15257.982076522716
98747,10571.835400664984
76065,17560.9544723336
103452,10385.348554955606
87162,13318.116467104956
85972,5269.651436581013
95159,26978.721056717943
81106,28285.67959962481
106324,20665.664536909742
86957,7771.762936624192
76900,12842.79685589884
99319,14838.557582866631
105884,21516.461137573297
82889,8036.05956491827
82253,68856.69236926571
80818,9720.65786328574
97074,18223.83836109954
103269,16803.047324971798
78298,16779.56522554901
87216,14088.9079855261
104853,7106.420957305203
96298,21126.37821343844
86803,7292.719522060444
91326,15447.345018649725
90948,16613.758715714474
102795,10813.952964151653
77163,18715.51947215222
93519,37741.74322302834
94980,11107.4373544597
106455,23810.867800339165
88860,7683.032928355135
76536,31574.851968761755
106556,21922.80144092295
103002,18172.80191646001
104193,9434.860018003756
98247,9475.595993385485
82529,9057.806006545514
90499,7122.28116416723
89400,14058.859533495051
94595,30470.12196466869
85870,24101.45594544709
88424,30420.416260591814
82715,15584.327729913057
76324,20519.582382210167
102259,4082.863679352908
99192,20928.89035648965
81437,13933.038525204956
97208,12674.606920987912
76420,15866.35832258211
107557,5523.534822664602
104202,22128.789472756263
83400,19839.35611809601
99664,19859.707078215117
87781,12008.93613169519
105706,34245.400577250155
86320,10461.730551159058
81907,32934.153836276426
84881,7780.455406450666
78575,14428.300308045164
101857,10559.20306682928
104378,14212.605164904307
80281,19558.131593819227
88208,21904.07949990236
85864,7469.240671749534
86973,12819.94514447305
101072,3486.128033164134
102664,6309.642714577178
107949,11086.476799748649
88832,7653.674694644698
87046,2303.51612414234
98930,7318.292507913812
98721,19160.223259609917
103249,10318.846218545925
88230,3321.210755552712
103604,6248.339173068734
90645,8219.178603860097
94246,14982.756283438295
93604,19238.13563026573
99287,11535.928749059443
106684,17545.989532099888
89506,17289.42842439731
98726,13039.08574198022
77060,18956.817256072907
107323,16753.550416546914
100559,7571.369357964337
94511,28605.56863577373
81367,21523.932415354408
107185,13249.386573805416
87243,6511.372499462288
93241,17264.217954155945
90899,23328.331666145416
92791,31440.66784889446
97429,9124.515849040976
81883,32058.796381369502
82428,9866.890895657802
85224,10928.717523112504
90818,31762.824631925665
107186,16716.786216445085
104489,10894.149508160475
77026,18120.76518337093
103119,7973.378932051164
79360,36400.5035704933
97763,7268.517818782151
81434,21523.98950498852
102270,9077.03746383752
86171,26840.87421112684
102255,6848.277355951164
91018,29020.11407725679
93219,16147.72245297742
107667,19457.30515119072
89301,15597.81102986425
106869,9588.39326852342
101867,10337.79795502002
92922,21771.3418964798
80057,32407.433175447462
93951,23321.905771690068
89450,9607.597511248176
99681,14294.478580548404
85661,15996.642262013693
76072,28818.74368021947
81693,26430.06903681973
77375,12844.294976916255
77649,29597.81570937331
105904,19437.05095176049
81679,22099.357350847204
105555,29802.149500545733
78762,16149.594835222151
78590,16528.12433522328
92784,20271.282002209336
88497,5922.854336635006
108413,16296.396767051809
88994,16397.256954365304
103426,4886.707600085136
104394,21550.255783234352
88703,9966.194407135328
97376,7800.415682655329
97470,14988.906259665602
88681,16656.606855732298
76599,20384.19227983128
104274,8842.11827029496
89590,6376.129684871364
79749,43688.80895002383
107386,12506.712628649
94829,24566.45271398838
105123,12057.739499127008
97602,21023.10831633747
93900,33378.76210804099
85986,9351.413491634908
78014,26784.03428158042
90073,17181.308622488945
91815,19850.136945242557
88067,13189.591583254623
79079,34286.92551582218
97590,13635.731799493224
84491,10458.937511674889
81997,14694.094255608708
90875,22013.69752051971
88805,16885.957539225958
84708,16690.927206596047
108010,5243.132910019236
96549,11006.843146836876
79023,9443.565211279483
80493,24126.3992025832
98860,12168.165997015189
99938,9482.92099992849
91154,28252.305449769978
102202,10488.8992666606
76479,17694.483339544502
102548,15747.002868732106
107979,9953.691479892925
80905,31037.22685152805
82630,12897.755520763738
81130,17182.98331842596
105382,12866.517354892698
101905,14458.24721210932
103353,5884.953052551357
88275,20773.49170913585
88052,17280.206753765404
85537,20309.219744168997
82742,3958.448457873944
105960,20547.330029223296
95151,37648.34212972346
102555,10711.04543708702
87742,8896.94541857101
107219,20578.13316737861
106170,10438.875402635156
103341,6413.735868461665
98947,18733.839821584887
90933,18277.943707671177
107651,6473.749786385109
107937,11190.665020896307
92742,31130.872301151958
91138,17034.96937182628
100134,8093.813359370082
83718,14077.554866772867
86977,12155.600178910016
102165,10226.201736064451
91372,20024.05191370722
95812,23891.265188369354
98911,51702.90412345968
86966,6588.924453672647
107280,11944.978965494996
89020,10749.38690707126
85167,15684.920442509734
100394,7652.716001380653
93450,19594.929529056957
86838,9685.888272733511
107563,19065.22508014105
99692,19878.67471721121
103946,8425.816089893018
89586,8354.742791775401
90733,9212.629579928383
91071,18459.142907291105
89142,9263.12568390305
79359,18119.15719081964
94435,19688.688907502736
86980,9127.641594736066
92661,36567.51485141554
84734,16114.498686269291
92829,19968.45168433656
78925,31232.16715578123
88863,8975.768920342449
100507,13235.383975945351
97469,18222.0065725679
106358,12013.059966912882
94446,19194.150231449883
100068,6722.524962848867
80005,21180.387971032866
106548,8697.546547424292
85323,13852.971016074534
92629,58553.18168423469
78057,14346.982657450462
99591,12583.089924161965
85307,18602.1438367657
92660,33220.7160662689
89525,7479.147160740354
90953,27834.147383769985
103312,9108.427441106896
107912,21593.30514838337
93292,20093.990728269346
81638,39148.59965076129
105433,16816.221206794573
94804,35741.394048395785
85666,15930.254617946865
87338,10728.9260226013
98818,23481.270584801787
91960,24334.02175852968
95612,23902.87225966008
93399,19199.803675620715
86492,10982.013664927626
106169,10837.554221247745
106699,14189.396980052956
102175,24120.924064817475
83555,11081.258676549063
80941,21456.70098447749
91366,17114.103418758834
98045,17892.55519473288
86988,20506.646560044846
89139,15454.836442902444
106277,13194.214020667989
76317,14654.501122031896
101300,11376.57215712517
93086,12598.852274663115
76936,20451.19652772
80711,22102.87959268389
106659,11962.549711610429
78296,9594.05459868934
97527,4611.759638643172
104494,33213.10934750718
77982,31860.64791528881
86456,10943.589454614848
85161,19009.138354634757
100583,10420.293834668462
93063,15622.374146264763
85331,16617.296563248405
101731,13520.036706673893
97389,31085.428765358683
79902,18101.31129118788
89643,8583.896926009449
93175,17624.18890056108
98389,4727.266857112201
91334,18203.50443319445
98514,11900.901847095767
95382,18364.265172716798
77018,12819.364013627172
76437,18716.21285032908
98250,13832.476992619677
77104,22077.762807328152
103059,8660.138640315785
83308,14982.903407660411
95106,17512.15737502616
88684,19691.87301661752
100870,13594.366969967228
103498,14724.511690873427
105342,28082.256627554627
81398,16804.44558779817
91833,33260.18603519091
95311,21526.45101994065
77369,33705.1524097797
86011,7965.790416339396
84952,10917.891716877348
94056,20084.72309394598
104796,12217.574735097996
101571,12363.64512687895
77188,15593.050072051308
94304,16661.506083149416
106008,14217.634911156396
79849,17024.03654931961
106099,26184.55410485813
105086,10923.835563702489
85658,8134.935525970794
102040,11225.93965997841
84343,10895.899727210275
104882,5969.438794717064
88582,13063.876300503158
90328,18966.656197926397
90536,11662.237372218504
90805,11681.031839716608
106058,30176.08390262681
78871,27802.652403347343
95489,28523.6563573545
76637,17130.248787289092
87818,4999.09738087472
84478,20836.228389772277
108394,19173.038476000867
91676,33930.54918711288
104964,2481.481405253833
78506,36739.636577852405
92557,24233.1706652866
90715,16271.545357256437
101721,6982.627257819159
80715,22590.18988427392
81705,22275.80436831276
94219,30973.90319775443
85893,16353.510104560954
80550,14297.704504962468
86662,12469.20753987946
85271,22388.29787011007
107075,22520.202264672876
100992,13715.687637910523
97396,6704.978064265166
103943,7953.003169405044
78916,16929.983710388977
94516,20340.31276984089
105411,9323.03612222489
78377,22796.404937748608
103977,13772.23517261691
106716,13920.8467204842
88465,17215.671865973156
77421,13798.654496126845
88866,11922.032152026028
97787,19960.09550428641
85063,10226.736976207463
92555,16832.924891527535
83695,10004.078136734515
81797,14004.247253752616
104241,31579.626116105574
94730,16546.944421506272
105191,14213.07273040631
84112,8984.04567318274
90379,12336.873430813648
88992,9440.106745844536
77423,22307.15881534868
85126,8639.86515449269
78691,37369.56866465641
80320,31092.502230450587
96309,9103.033114002592
92577,16687.389711453325
78891,16207.991880724603
86056,15791.24882602118
82129,13763.308633082905
102436,10063.28990748312
101469,6216.63971831858
95885,29855.837842532805
92879,19871.810138995857
81484,5643.400715429669
95550,53176.12661955452
102726,10017.05583579006
95252,24669.170048061067
90695,11647.4158522457
95863,26599.88700307135
108338,20706.97194260933
105327,24849.434490005828
91616,22214.26878096808
83077,7665.815256836685
105582,17647.865273776228
84382,9490.01809034479
99666,19247.00925144801
84818,16873.12303201801
78498,47705.26650859503
78378,56108.34032207049
82799,5725.341140714843
81429,2363.079268310981
107572,17227.106510856574
91279,26030.81490158086
100475,7132.508462838887
86325,11237.757195821374
76825,30110.52669411964
107657,10087.077475342274
82346,8919.493680993055
86687,7722.978472147972
103471,11145.274173674614
78209,20320.58042871869
95328,12843.43705173509
100363,11475.141685426795
87672,9238.904025368762
98994,9401.022746631394
83549,11116.775954098746
96370,12958.278914111776
87842,15860.589321969555
86297,12514.950606831531
96716,18747.107027477097
97492,19849.489947256647
92786,11917.063497092444
78254,15540.77477074504
79291,22769.59368911244
96050,18388.609607660008
82240,22744.744587940357
107938,11319.350537700697
85258,12059.968834833244
92512,22338.15354038413
79919,28233.66645302687
101410,5932.892295600084
88700,17538.04825451829
91847,59704.259156886255
101835,7819.129168986765
99878,12271.40551599838
96318,9031.622237138425
96245,16189.54978039725
96194,21311.93931778341
97973,8424.896765048776
76985,24630.809035437785
100002,12991.163858744016
91364,21007.39611504693
106980,7351.25948544935
76285,19247.57189673226
101396,15682.751000146523
83368,8854.381494160478
92820,19304.806094143583
92264,14973.32906212769
84052,8101.739406789798
83928,10154.208122860597
105324,18691.496284002555
98502,5553.431778954186
94457,20843.083789524677
79073,20981.80540013726
92738,22750.836799720408
91008,25003.4031938606
76447,29581.785301991196
81627,17749.932490425035
97016,12124.826018904034
83182,8807.381020327692
95791,34697.36552588993
87449,22442.55558562063
90013,23548.073966541822
107223,15205.62251710999
96785,17977.350176930704
81473,22799.18499270468
85403,15968.404851282196
106473,11447.45288528434
81568,18868.18269638741
76748,15655.567784353463
77020,19266.228041467155
93210,34934.049869446935
103955,8532.360241092376
86509,15160.003007163848
78291,26838.43892218155
88895,10231.31702608503
98026,10189.14667256191
108410,24673.80639368741
88039,8889.664466413364
91193,102885.77788631096
88087,1846.0909676413053
88708,16305.75961022769
98485,9634.637381189175
89847,14723.196242421487
81318,51954.61688248572
103971,11868.349844108378
85649,8329.384670469619
96137,12422.68651807932
81112,22877.066442859847
87825,18372.41124842272
103890,13208.731637312509
92845,61925.699600249405
95649,30476.793124178934
79000,10695.85397161592
91668,11204.767866935495
94544,30920.57820194839
107024,19460.743513912872
79725,12013.61781185967
107343,20889.809952145624
107612,16403.399026984574
76647,10530.674698669014
100922,6893.381658682652
88583,11746.897051453068
90425,16313.422410739777
86258,9000.896176304916
81973,18073.68597249301
85370,17580.132497947394
107854,10654.72024807545
78195,13313.834250873177
82124,33810.39603508765
79050,17065.170161795937
78880,30368.404100766704
88596,15127.899963922868
89033,11197.60383697222
78792,11431.533861922078
98664,21442.267065398737
78544,11118.14434097408
89184,10902.063160494738
83109,8308.311680797207
101759,15373.189733092991
87164,18539.130417269247
104156,10094.976885804115
107607,27190.0570732648
99705,7565.285963534134
79398,15474.919854143454
98401,8391.212726286263
91911,24940.181413660892
88175,8433.29865857372
77275,22947.60921452223
88946,15387.11720549078
98293,8830.084494465653
95991,19075.328036951403
82196,13351.449721856976
78514,36588.51118539792
102853,14145.161751547606
93984,24196.850826531125
104689,28515.049939243887
98534,9836.43735440164
98744,13670.943652290654
100456,7243.953527026718
83468,9926.631806192949
104432,23065.089787940567
86752,18504.055516215056
89762,7117.781550637343
82788,19415.55763616022
105604,12635.789146813342
105490,11337.24826649237
79447,16303.60840097032
107405,18505.148168086173
102782,11234.74496019223
82786,10029.59919902582
100557,15278.704356319417
77711,19748.27345251248
104935,6829.366057396015
90750,11871.37034739498
94396,27719.326118646204
99628,15051.37266743782
87360,9863.263478986322
103238,10261.38707182995
84883,7398.028873646146
91450,30017.843129368932
96221,7597.410062999688
82400,23821.363296781547
91940,10090.829593196406
101320,10212.02249094056
88653,7664.055014686217
79446,7614.241697510626
92672,33383.86962142336
85552,16360.643547758857
89858,13573.903900452922
96610,10958.779732951956
90447,6944.501662764294
90357,14627.18451144762
83266,12230.341493975931
106259,31926.65901101016
84489,11881.926061090548
87875,13718.211996215668
78430,31032.946122275654
77249,17003.93163761425
84094,5070.789102099523
102218,14192.755388971496
97151,18514.652563478827
102064,8308.069833305217
97655,15183.139488223846
97387,8788.593777049991
97118,14554.93007527999
101804,11467.09446115616
81888,21139.38033533016
77455,24731.04303587005
99638,14036.181291461293
76845,14719.916140579428
85493,7289.33910798228
99781,4222.378573683041
79322,27522.466665105458
96766,19886.751094377207
80513,53099.2096757221
83907,18225.46227845055
93217,19875.36304995992
77426,11890.254234645608
105044,9732.761523854057
86573,9880.374996410032
95251,31685.196729154268
86098,3492.3694633228
93674,29306.384655882317
104392,10135.635276523832
82340,25014.688825577003
85899,22883.73626612409
85579,5498.217826890641
86725,12561.81084668934
104810,33088.628314825764
94570,17075.83029420189
89607,8735.33600147902
108478,17378.361315716502
91464,32051.099888291057
77613,21460.413846855903
83067,5908.872698996611
104585,23078.029280739305
94473,22089.602535838752
98756,10109.425997687518
81199,20998.139967022464
83741,16125.780233905778
84972,11988.012945753677
87486,13798.906823330191
92290,25739.4959317692
97049,6917.669840797213
81960,29732.32174911
85765,16148.33947349234
81319,21042.591439346103
84335,10157.43402665529
98897,7768.364546982917
83649,11523.386860483211
89567,2472.581936211498
101958,9355.333600479818
108211,19439.729421957512
88326,14028.604898377143
106424,16450.18669253504
90848,10365.746340618722
104944,24304.8230397176
81300,31529.7133824359
76804,128612.7178151996
93569,17771.41560989784
76839,18434.570180573035
92611,27339.30300369012
76006,25183.288628718845
86953,9559.210728556396
107767,17743.626768709924
87949,13361.817481983042
95782,27149.330959948267
94414,32056.44415816921
98483,23653.61953583897
95988,13831.274176865529
98640,9917.880365790748
102899,4401.333745585251
79367,58377.62396250306
88430,18586.869978681945
79428,20799.383244995777
76247,31645.43332234772
90955,23696.609966138796
100711,5950.963940335514
83720,18265.613364449026
93618,21547.13780601402
94754,22520.738583110644
78740,30825.86150722069
106522,23031.066493784405
90165,8804.803566579023
99615,6121.438209674188
88112,10129.86397865869
90759,23879.37986239959
91835,13679.651996610948
91563,31503.832422312924
92736,34710.95228205826
96939,19781.289156085568
100301,8921.203263213847
80143,20471.32064418294
108141,10574.942529558744
99743,6612.940034020274
98627,18897.706332854013
86233,11226.035947875986
104568,17422.14015157801
96489,8579.991499188867
79018,16827.415725970342
92173,25131.927153726712
81198,14457.98660258645
102450,11709.103183014704
105038,20891.674357003285
93284,24756.213489720256
85848,17885.238290732203
89587,11875.86027908774
91457,10841.107791048162
88804,9049.611957970104
97228,11452.230040339244
105841,26744.716579331165
107331,16716.33574595792
81008,13412.913420986486
81853,22899.970386664783
103283,10606.414018716869
79036,20854.93976828577
90376,15300.315698982897
97271,6846.803281365974
82967,11124.418010897669
83663,6960.063781936848
81640,18370.919360053023
99076,26132.356810502028
107790,17205.446307716218
96460,8290.087774337766
88286,16176.90075320939
86545,12587.47256207923
97634,12888.685287563118
94452,17091.945999862404
94409,20957.8052456456
104877,10535.900226111246
102952,10970.362111224247
91502,16018.636795260183
105695,8016.366400007768
78608,14029.485140211207
77384,37553.03334126681
82188,22205.378661829414
81054,15904.706942480278
92709,21622.417455060266
98260,9664.894984074272
78996,19849.638397243863
103868,6672.632477894906
81809,30083.846972106017
84251,11219.474306899016
103762,7371.74496615044
101479,9688.766672781789
90533,10432.880477211347
84636,8338.079834012846
103208,6234.980620365306
90274,8688.328097856682
87517,15988.58306975241
79671,32582.867534801477
81486,30564.59025007101
89338,22946.642221808623
76912,12934.242191619547
89675,9241.233317979228
101294,8184.915622943816
98316,9389.341621934738
82457,15434.38241645912
78558,21812.569437022023
107933,12164.099425155026
87555,17776.1877559067
80873,15098.0180496866
94717,24113.13329934146
78922,15813.104503314416
87376,10806.793597389347
79203,21566.96835182253
83801,13053.168813310744
80314,19135.831436272947
96011,9751.313119555638
106585,20873.79779343552
94122,23320.22524647335
101723,15209.234112924383
95561,18035.613250266902
82751,15624.770133308017
107424,24374.84962987386
108316,22272.46178447707
79229,8838.542284642834
104835,4439.824497043664
106289,10887.429519484298
89876,11427.88764123772
96917,10784.877748604093
85982,26444.916885294864
105023,16148.359738550193
76749,29757.18023181863
76453,26075.04990745185
98954,9415.074063808725
101783,11035.89151913886
96734,6313.711074133635
76884,16503.262823332218
84277,12697.749323682883
104756,10391.728480875332
89268,19596.37963839511
78955,20998.67444386021
99279,6554.596177807647
77361,26633.13468606915
97823,19151.913242149047
84313,10575.763480070318
80520,19173.105109807133
105472,28198.324576587227
77671,9064.630243432752
93098,26982.82487867224
86559,18103.431181633558
86582,12479.299648983262
79414,11512.429193919364
97179,12883.682680967167
94617,21034.74155657004
85780,5374.258119080518
90904,31049.41246614925
103178,8076.439518491548
105752,18128.31489029041
82636,1484.184216318405
81069,16987.718989832796
76784,3207.2646504184268
105061,42026.67086675453
100732,8714.662447089822
106562,8208.815325828273
102833,8056.504877343805
79029,17673.64179716265
91944,28289.79049532339
99849,6602.379970025538
85213,23588.763896606077
92653,22355.11935740907
90824,8826.546737295626
102752,13549.28994249792
106732,19531.258912310077
77076,14456.290088922418
101825,14035.880161748752
78920,30694.64692734117
107404,18421.58620817244
80053,9007.393095201234
108062,10513.042508169612
88256,16087.834027847686
93809,35531.971879836026
97342,11580.090822646554
101308,6628.6453855460695
94366,30492.689976959064
88228,10120.584290636927
91471,23550.45627860152
92294,14639.698153063076
92018,27578.384041299065
77448,36041.289473627054
91091,13723.04966720386
90892,10310.45816495053
93754,35664.618440624385
103644,10425.303272839736
101170,4375.916075082523
87238,16461.561674337194
103651,16669.177980101747
108015,18939.423877791687
96704,9312.286979866612
87938,11634.415922292645
82456,12575.516893446083
94735,32033.082046049443
79831,17781.33599761544
99435,16013.17377386856
77407,20107.239630601496
105163,13005.812127271402
90450,20698.98012943772
101144,7261.876999440947
85101,10773.64444846492
102152,9847.0199412768
96445,21881.070707324696
93062,46031.27181990644
100172,8789.649844453119
91519,22380.092029418283
77563,112853.43628144762
106245,15138.985234888602
78606,31695.81123731639
94171,16989.72904829564
82263,10574.086649516656
104528,6838.737476874383
90918,27704.824640961317
85512,11203.389971876528
88317,10226.73330437027
77807,10956.141431637876
96992,11081.986795010062
93802,23593.31205557246
108022,22546.99177462366
97029,12903.763892409428
92027,41623.64875458299
88331,12098.413983372571
81387,13125.56206894845
78465,9180.771738846046
104119,12217.921316762791
86438,7914.467797195692
78315,13974.090531683702
102212,14074.126734599133
83625,16049.832760137351
99983,6180.354253871508
93838,17714.242157340563
86485,15088.557347819811
99164,14693.589553206064
100640,15442.255937530794
91693,25845.828750785426
90195,6865.417835960578
85076,9584.006421961443
83090,8198.317408016166
84161,10784.621961357589
85985,15453.72667174322
84759,10598.240896375815
105838,6589.140472822533
94748,22137.79135079899
108188,14586.000693869975
94465,17054.518249772907
81856,12764.340987640951
102715,11693.80081454677
106448,17892.245721396306
103923,4689.493374329805
79482,31076.725758639343
86062,10451.89047879104
95217,20302.177944807583
95712,43307.97580047402
98498,7475.291950292623
79175,14023.574446463896
82244,17142.894695471365
91792,26763.97894798713
81626,12729.775122420377
83185,19979.36649630233
83134,12202.084588358375
97667,11894.634967385282
90780,15803.775537624051
79383,29721.29247991045
78440,34716.81868046938
93657,18779.095370086543
98771,21513.556863084577
103569,14938.249420253014
84696,20728.725880799964
104235,24760.719787068338
89916,14580.96179277413
108238,11274.167613546157
97737,18878.71684803229
95184,33543.58776591361
77985,26006.130561882037
100680,14235.097206614317
105919,32185.8825080649
102177,10145.828893056532
99133,6304.927442420194
85097,9339.510735644417
102464,7162.763687586808
83036,7291.147018369342
82142,23286.007915535512
92118,9615.153280232054
79734,13343.11634814187
107861,19398.38498959203
98253,9845.232929442462
103183,8220.369138964139
98112,10621.750661957882
82339,21820.896076774865
84875,16493.518824266655
99774,22745.87976845466
101808,5362.889512362182
88731,11222.85214765825
84055,6175.190543781245
87777,9327.845191340974
93362,15309.812379394623
96195,10746.916715482974
87650,9420.66778685285
105329,6707.03061436616
84167,11611.284439837653
79667,18779.26339583364
85111,15727.103741537743
79561,17884.142131941157
81753,32162.530692620683
99584,12371.45454853723
107389,6464.490593872604
77634,58381.59004854219
97353,10716.687463513055
88362,7759.59121401599
78923,28763.71576338152
78687,29048.84647655932
79611,12885.328446859136
97264,7861.175470144077
104372,10396.537767210555
88340,9238.006740866022
81409,13448.656874421664
102716,10001.242383855028
100489,7997.7089773299
86616,9462.282435949928
96450,10090.797498812968
103898,10941.777267392545
78965,14534.23043469643
77910,13208.005525035238
85534,10123.135866824843
81814,19248.31106950644
88537,13272.97446858612
97930,6765.5242433591175
98346,10152.809811972487
96397,17357.370078510423
106812,33820.46753591711
88599,14899.150049971242
102760,10357.616071778742
94884,30107.4113219842
77319,34245.97097262898
77255,10072.4286569202
79483,16925.716639643575
93869,23806.55719210326
78283,31185.91207332428
79491,13689.19035858852
79679,16630.32066879954
104817,8538.992914226104
81355,33642.12962408597
102513,17005.27446650732
102311,7968.174546571505
94639,32975.14185369015
92057,27473.72519273348
108057,9582.629989714438
78415,26936.50676414121
91755,20716.68551422935
94507,15438.883794707535
77368,25070.09729077445
88838,15867.63812301421
86482,12563.192297725953
103032,10520.265984142765
101482,11255.91012229129
95744,19941.32471160728
76424,3459.9147100734035
98537,14948.852369413256
100039,10180.799286015634
76025,20074.34416626465
82426,6598.995796429983
88387,9894.762320943622
100785,7564.318751072316
84030,10668.071797021425
107046,13911.496450057
80159,9821.583004840582
81743,31106.13414251343
85348,10692.174064084888
79901,27468.3945987983
108373,21280.43413053353
79436,13525.933093570922
83626,12500.423735895842
84211,11196.050047719067
107879,7778.954874297596
107245,13868.631904560796
102868,10839.798558784772
98034,14693.023251289014
101634,10170.727908417684
78902,20640.88880534325
104908,26312.83490940283
108265,10306.507331062116
89613,16673.53989160896
100852,6202.740695431241
101045,13219.003305880971
98194,10990.196255939789
87876,10628.143097697866
88436,7047.0346039952965
103563,12878.90968502621
92679,12582.305913966406
97639,12729.995592404626
101310,8838.011253729639
107398,25832.34253968132
98740,6929.293186763209
103081,5559.635264896838
93701,39279.03581292645
88341,10144.348134474172
91276,16969.42520771954
78877,15571.704782985857
100579,1372.9489848859705
76474,22146.015536455678
100963,10800.376912317875
98672,5426.026377110862
94737,19507.33536102868
106382,8666.896642443175
90771,24876.87399906797
82118,19273.859371347546
104839,29655.09807706332
88881,6444.007483501093
91400,34051.66151404309
89615,4653.041658313881
95916,31500.490965378565
99952,9159.019844813967
95605,20326.93984749372
108251,12916.54982260164
88507,10735.679510671072
97142,18521.981269963784
97129,13748.38872165271
106320,5040.0808905883205
104569,9279.615751984791
86018,19628.59950671085
98054,9017.17135658168
85925,18573.54542435317
82859,10647.514864586596
107329,22856.77655271649
90943,32816.19657326876
83393,7350.643273760461
108091,10474.588505338714
81571,18382.24914298433
102704,9039.89250079674
89511,8254.2859611764
86361,16928.588002134253
86449,9844.166461217152
91048,31352.253792596275
88932,11000.605880853973
97096,11474.990812192917
92493,27108.29123090688
106005,29599.044224542267
92101,24636.338033913093
85618,15513.597191944293
92275,8093.898829106045
104354,7469.130805274766
100165,7458.492519641218
102137,11639.735998092492
92251,13326.370697209655
102299,15190.987009489134
93358,24758.8360820592
91807,48275.58390280771
108402,14051.89691795258
77155,23683.117825500696
79195,24473.95083060239
96974,9594.137892777817
105848,8927.938345820288
105425,10128.24437701094
103620,13412.94339292491
79238,31124.177298070656
82292,20730.394249943
84451,3815.908046180536
93942,27002.62143490848
104577,9660.255215193469
105690,24469.234204255397
93421,12731.542823382551
94411,21183.656262037457
103746,5966.250103382086
104927,10399.95651921361
105798,11225.610951980663
88601,8441.957038006838
87898,8883.185456405543
87580,13732.260009751515
106294,25845.802379066023
83194,10947.744992362652
76073,19788.9098181729
98161,8162.840847927337
99152,8805.313157320266
78180,12489.353425488396
102662,7966.172253569688
98915,10176.432524188423
103302,11599.800666571791
107764,11388.93143244436
79227,23557.15300045596
96799,14286.586320319886
106081,17772.145536686396
107508,26455.32396380184
97995,13864.51791604444
97586,20222.48222964358
87104,27703.18574811448
92790,42631.38426503217
101900,13383.00112638453
107104,13534.078524181454
93384,24623.934501627195
100649,5207.564337285944
94525,24700.16616564061
103004,11323.2347570787
81477,57779.03158888922
94774,19215.578925723727
86403,15387.195762491814
95958,9187.641907763207
85977,17223.584254153207
106000,24186.00242339316
80189,33479.57766611129
105330,20483.16476220652
98119,13021.37817884056
108242,16725.102147720525
86122,9189.923720041104
90847,16048.949387328155
78649,18178.459710301388
78043,32033.83222721974
83454,16030.429244941304
98842,9530.43396122998
80378,32860.529206373576
100525,8596.90688992944
101979,9387.2495980516
93192,30163.174728731945
96062,10086.07316235725
96319,11123.52660249487
81121,50493.07651195924
96527,16319.969848585431
76762,54349.43278986895
89658,9195.31937391048
97136,11418.540133833383
91941,23899.102760961192
107113,9829.287845341358
86846,9319.415630818216
102674,12828.204571220223
85905,24772.72616023621
78034,11673.041336057411
96919,7523.253566742379
81474,23926.08807084011
92121,16251.39977084344
108308,22992.547510260734
105113,14672.375925379793
77939,34733.713928486395
76253,21760.780017708792
86272,13453.30101983483
103786,10754.299253408171
77663,25523.99627916564
90143,12218.38642324472
83487,15646.068321071874
99629,7341.206476290224
78016,50918.980054093954
97062,15321.402328738552
87499,20270.03713024148
104580,4993.1137571954805
92086,19108.052185706427
81704,26884.439305531785
85458,17669.828072754517
94697,24441.1535859262
95730,20476.06522844217
95533,27277.550798581437
76852,12750.388707034072
83813,17187.014014359967
91465,25963.1470633758
98380,10784.75377916898
86923,16611.071957179123
81159,33771.44107880985
99462,9645.343376108758
86553,9755.301930460417
96547,11108.850789377802
77542,11661.513216296877
91704,27137.145341442658
103567,14549.966344807344
98508,10437.120885114113
94989,11125.383404991826
96305,13004.927149959423
103772,12193.935534299411
89923,10772.376047314909
84616,16024.73711498978
99970,9117.76301515938
100286,6589.029638088454
95785,25040.35013960411
77239,9530.144034679535
103828,9164.859591776038
86204,20221.162357625788
96855,11103.341476498066
90132,9272.154719511698
83949,5986.612327800394
97042,9440.773032865987
81439,3464.4481560708173
78200,24209.02307170123
96583,16945.27265851874
77935,17078.077545751265
91759,18540.684653711243
104912,18593.31910538746
95613,13558.230458501735
105447,9685.240036044695
89828,10518.138684645546
97297,26059.54537523889
107599,17454.88724987545
103109,7048.467610251932
76094,13890.288171784685
104324,18722.881578086424
82877,14739.370984837156
88953,14409.878550257798
106644,17141.54794770149
100086,5463.929704489774
103949,11401.480099268128
87447,15138.395689449404
103384,11345.686796425767
108506,17747.929291742697
82045,16028.823961532553
86346,25570.637650781253
92643,33239.07439696952
106532,7724.064976542853
100209,16271.201048390183
78371,19598.1990997838
79815,18039.716365705182
99946,7551.113827328623
85965,10017.77632467097
79558,23850.770698709748
108318,16207.247873229631
100907,6714.012739773735
85301,8187.161047925707
86214,3431.2098931534933
76307,15284.499395044635
89487,9572.472253129396
90272,18215.95760185812
92470,20701.2517491776
89056,16575.9679812333
108376,12030.4099039578
90393,16030.16522683664
90202,8275.209973167057
95164,17288.08937018356
80501,19549.73579025747
80614,26335.015939311583
86354,9564.394655641454
103851,7741.271124135186
91517,2880.4440340416872
80179,35079.87783164623
97710,12420.43275174984
94083,27617.70950937721
83733,7910.895830252106
105032,18692.52588605479
91064,27496.92514682343
94799,27283.166086360827
105548,19679.413026420785
94248,50098.79043818054
91984,26222.58290367199
105390,11840.108144216398
84137,6955.563467635346
84643,9085.932399943378
94173,30506.972494984944
89789,15083.895169866471
99329,7091.383038428608
107125,11053.141280670745
81011,11851.59772374528
92062,56924.83329766064
76630,24025.45083477901
89022,8594.395370096025
91463,27753.896629360053
101563,17624.716505630477
104307,27618.475627933447
95572,20297.218684092
91019,15518.813621295078
76966,19211.994479803605
76916,32413.26620116024
82319,22099.142225536245
93863,24720.949355075376
96798,30074.68639957719
87072,17891.001792209805
92771,16074.048997082791
105915,8733.075186279795
106830,11995.173407393264
88798,19762.835046833003
81750,10995.218033844129
90415,10721.195852112209
91110,26380.124122170306
82187,25751.422467179866
102386,12971.802625711796
103517,7236.9142244614895
86270,30701.702387228557
83526,13770.056247444849
83728,14310.77396038076
76878,12228.222228476296
99712,14150.142352375766
92556,8719.326007973961
89879,6121.402252362175
85276,7257.6807811191
85272,14638.2114598623
82645,11892.198707004663
81445,14831.122783284987
97841,14561.698206917708
97088,16193.722945156656
87735,9696.873709571844
100748,18404.72706961832
94315,32464.2634563912
105218,23023.370752555304
79295,21682.83663267932
85482,10945.83442439026
105112,11136.279085654634
98458,12422.504633321458
98177,7755.231367480326
92392,20643.327633403795
106885,8960.545143426674
94239,26558.63864316209
98355,6233.322575198853
81111,21971.516005332374
101464,11750.480285021556
92070,26021.53800493112
98707,23765.099052241218
91095,18088.818887374226
84486,13102.165235670494
82898,15797.814667257866
108233,9590.467177389151
80001,28057.489660947536
83538,13999.713931393286
88563,7438.023057498156
98871,9659.607777482994
80645,61333.60269915141
82054,19847.77920952041
86397,10466.22324507705
97865,14460.042936732609
81700,28643.128850987297
100417,9084.105519225428
91017,20454.824510564635
95218,22904.337619129783
105519,10573.995156505296
98097,9467.953635624794
89232,9633.112493672968
104997,13711.12204037338
94952,52774.57169793944
87017,13309.168192871544
94876,36183.88563126654
87741,15316.356604970812
82776,10634.977308879024
106221,20101.820765098862
100602,12316.354572747668
105337,11860.414257207634
94476,21688.153353953712
82899,11919.578747530326
79145,35203.067829173684
90481,16792.58635552984
92396,33558.60069637751
94605,25413.47301039888
101668,8840.252604041258
79742,9935.11124219343
84465,16163.50441330488
86828,10896.921368124633
84944,14917.511589058651
93680,36677.06982801295
85778,6924.2107710235
82841,11042.064075347302
96597,30744.10711931873
106852,9765.744355068431
88003,13981.012759118685
90461,9365.381558730664
91184,11947.08207231341
88055,16853.132531513427
99180,11136.615774333504
87766,20337.465372149687
86691,14337.59977793815
107751,38727.51528617155
94882,30695.35531614408
78637,35344.854436380425
100601,13495.789845405914
106271,6651.165327986801
94355,24988.99816682473
103261,10328.3376236143
84449,4024.061575570265
79799,23405.526432301864
78481,12550.64860329677
76569,29479.972708693123
90516,20209.22352046389
91054,30091.766742992357
97435,8884.01885240549
91203,16183.704330667832
86130,4219.585570247933
93768,28764.952206095404
95494,27966.654377059716
94319,36661.32931825531
83638,17471.71358908874
82289,37448.50487983576
107990,15557.981126063682
76261,14138.410167529975
103466,13470.53337819458
91403,22413.509706844387
106025,14427.69815027901
79465,28956.322659792568
102871,16752.290225462013
108446,11976.536857612087
107305,21953.257015768773
80190,27947.667895332947
81649,9402.829714889172
104611,13512.153745114276
79821,22946.29938804641
106756,9503.989182436368
94209,36103.70552051495
81524,21092.784429044717
102947,11075.627168877289
87868,11472.73034511166
95933,19931.521804444557
86850,9259.333032642808
108381,15187.147367285756
88771,6090.294884045782
83105,12999.953995624
93264,42126.17730624807
93240,28183.68693783141
94060,29866.7575335368
95003,11893.84121154468
105812,20462.075746826427
76675,27774.0175698936
91421,15027.896847818129
102047,10136.20459509666
76316,19280.341812880928
108385,41324.981091593305
80043,21419.5690531918
80122,11728.37393121102
76885,12282.72145119823
100765,12948.169235906062
90748,6975.319629784138
90799,15003.067588812146
98792,12739.145521565491
90085,6858.80565775506
96967,13220.829241762382
77008,26800.795715222564
100132,11953.837362043343
90720,16174.516845197955
105966,13300.14606191232
75981,16237.21367993972
83312,14519.961990705917
106478,15363.888724315428
107800,13968.439826603057
103769,10844.256855027774
91814,23772.17903974309
92683,24364.08991064025
93319,25941.29214062568
90670,16095.50223439385
105982,18795.592715145587
96565,12544.580928685871
89299,21445.169596244217
87406,9650.807144975508
93260,49398.15266367332
101201,15920.878040267811
85414,15755.67005657398
87273,9544.067114880649
77653,17984.211052589293
94848,35586.17237230493
81983,12231.510146086326
98927,8639.765693773705
105078,15394.225244660463
102825,7880.607129050949
91211,17035.137443619016
83862,9852.681465097496
76624,14159.3977947599
96502,7120.556972416636
93149,30457.854997810595
105761,17075.86006900642
81327,10213.407723081034
76688,12669.394401105026
99302,7698.68021239158
89052,35639.69069061107
106892,21145.10350730887
97157,14252.999574158452
87715,15171.389067903912
104669,19434.468919177125
108522,20169.233756778725
104725,25017.239810841893
86473,11499.719946344154
107402,24124.290999673445
99376,21640.78323658529
105473,9791.67903615974
101761,15892.583962900862
100229,5993.075598976597
104122,5324.476308413678
103433,10700.354457441106
95259,27625.433665496043
76691,11660.268103547474
81526,29769.40682394641
90817,15325.346244052522
106577,26087.694182789448
105900,15627.11988864405
86342,17706.766799528617
100902,11371.985630533449
84715,8553.909843371886
90605,13635.52227218461
80255,11173.38215101404
84484,6447.390744863907
82894,7068.820844484982
86148,9471.48368997112
100981,6068.331362583074
104559,29459.25203896072
96603,8978.99474824697
79461,14525.916054270345
83864,7463.16278453165
99364,12044.618588121324
98182,2852.9269655027383
85145,19156.01316181775
102591,10674.500189665268
91416,28721.49012671203
89032,20257.11327539201
98530,9070.927186478722
98214,10651.512622958677
87931,8953.542569672398
90835,20788.84630256381
82398,28280.41669471613
104749,7679.288342903022
90735,13854.613783974995
105444,19056.822143756
90324,13336.402941962388
102500,14356.520865771949
106702,6554.263689580313
90727,6705.918758879941
97427,17734.130704722706
99844,9028.01553146853
94541,49864.47660012855
84483,16761.660701192668
100773,9880.86261073952
97910,7602.110500234988
97461,14124.75781655779
104846,8869.181859095019
83951,15759.608204258728
90276,11661.06859554445
85508,14228.287614779932
90153,10071.435036110412
89830,21615.83865422645
89708,19093.515216492942
98504,22252.73698646429
80397,27105.772821632272
76172,44139.16179344113
85446,11643.637765944237
96732,11993.561586543328
90781,7661.3572510889635
86208,8006.558387496838
87814,12236.507014825333
90938,29945.22379287973
91231,24923.74679304338
80979,18846.140907692105
85098,16349.878148393022
82160,50300.955831808096
82809,21722.711045006166
86468,14320.369203260112
104758,5807.966325361933
79772,30767.771335892845
94343,21861.791970269485
91304,29237.10135483009
88751,13082.25093574317
108437,42624.80913650755
94059,35761.66648418432
101856,7812.438828308411
76319,17607.470009523793
77918,30493.45840355377
81976,43398.35240924115
108377,20447.02446345729
95984,35277.1896305637
102208,10229.609013658355
84420,21588.36045726952
103716,14826.10764066982
106428,11209.606247912943
94602,17567.586880041843
101119,6675.59932395921
77387,14607.237640424726
107227,14416.858791901144
86164,14843.902385786763
85096,15189.113052232637
108198,6881.925724083972
86401,9806.132053325711
86386,10250.667325868955
82726,14324.885776485444
91977,35748.5311442962
87805,22144.47364813868
92810,68499.13140692834
92387,31566.816490545167
76117,14294.144888698673
103862,12315.801360900165
86962,15592.285924986954
77023,53760.57713273725
102863,11725.93058251576
85375,10138.149459998607
84363,16480.410186169305
77485,17754.04745951296
99266,9962.415926790894
100253,10513.131832125338
79037,16491.852244851794
92228,29270.504506167963
84144,15084.15930275608
96577,9846.146339467714
81837,13343.933519343987
77791,21150.358539732828
80717,15823.12235525811
88865,13763.474551466295
103611,13616.25239350018
96150,27019.060472840123
98071,23686.729935023697
90964,16389.76087410058
108523,25065.536646544373
89431,12098.272693090345
107595,23273.894231230093
94778,25832.04317651208
91385,18712.56315937725
99288,20744.01071752684
82885,16406.08679991466
100437,11072.40348558821
88938,20605.4737129698
98801,14723.65625582451
107023,7628.124967480842
88675,33792.753041012154
90159,13863.843099228863
85804,10706.867124758057
80088,31043.4824756889
94929,29654.161676667605
100421,10335.278948202047
90603,10249.35599324322
101899,11003.162251817312
83201,15999.258117757674
96023,9650.080474339378
102019,10485.649026179874
106863,21307.916878742293
108263,23139.82044089105
100605,8097.8144130850815
100998,7437.140864775518
105544,22333.400809508807
104343,8267.486690256352
89692,6828.590976921939
106309,9657.701562831688
86065,7216.838521846626
86436,11153.23564979056
103991,7955.066065649396
92712,34632.04259255375
89709,14894.087913649357
95415,23463.451068270024
84959,19760.88201450501
89069,14890.761207730284
85580,16225.279025428208
100728,11022.822597600249
80638,36986.84053711417
105713,8003.575863976306
98494,8454.638560589712
94819,35118.6244969242
83800,7635.140334291556
91085,20771.85750879671
102276,10396.31607935054
96111,12805.628845857598
90891,24733.04032764388
80010,10168.66539907706
99501,9018.785724824344
105431,14341.761181658923
82161,9707.269386295306
97426,7288.878946706366
100242,16099.926425017951
102470,12417.741235533767
94769,46918.17982684082
83472,10855.154756231736
81138,30109.22109449749
82719,16262.238817328138
97305,12585.521680672517
77744,13160.554476079771
83536,12543.400224693249
85355,9367.500072723751
84273,12861.802660200225
100061,10648.31121115296
78109,29316.47913589241
86119,17014.313733050083
100274,9580.575861953072
90390,15671.650962068868
93338,35544.98276056566
97460,9936.273396119734
87833,13816.253505453016
107064,20552.93867972684
80942,10177.555001057592
87473,11073.318776370976
105869,13057.707710084174
91776,26822.02663583019
85853,16229.994042451814
94909,22677.80027340111
82407,15367.95386339042
97633,11965.023121148082
80176,22708.93041896972
88572,6101.396710188048
97971,49447.14762225512
88633,18486.366419687627
76234,20629.850500598743
98579,7917.08219527421
90034,15388.452945987066
80857,24393.019086915912
85633,11780.960984287043
97760,17711.82597143892
88831,9663.719902768997
101303,6927.933302774048
104373,12375.669463877755
83512,8347.576067684453
102692,11907.06458716379
87092,7531.957614037554
104305,20375.269294075457
95344,30584.80154978467
76629,28524.430150732893
83699,8666.665329191437
99290,9120.84925467425
93528,31944.73939940927
107251,7527.669822464653
103980,13326.205786505396
94469,28154.14938820605
96448,12605.918977429948
93511,20178.798950752556
101249,17504.410009825588
90543,15695.912496515442
94928,28761.20688679509
102623,14987.589408299227
79505,12582.31645791979
90175,16751.397838973244
77417,15776.746309885602
80974,24707.975521604458
78874,14763.19608879572
103376,6067.772113931875
106490,24576.11546983247
103267,6276.686499886366
92434,28578.870029048216
94016,45889.34519006558
107217,22506.158060264766
100783,6325.271883863966
104306,9388.931842250347
107691,45066.287146230345
79101,23013.299547939816
79607,16454.09411729659
96910,13974.81908583918
104648,16847.34312344979
97752,7168.772982210232
91917,18094.130229630155
78307,32475.25425260303
77462,11214.684529550515
92958,91548.68612505116
92148,44805.9235862392
93317,30806.12905762671
77824,22219.128919036804
81043,18063.66116781232
77339,13907.047748430075
95942,22761.724805662783
106865,18275.979609583068
100781,14239.775404038388
82907,9027.27496129163
98541,29202.91312245368
99032,6344.911501879306
94935,24699.339342728374
88567,15035.19587387053
103765,10071.471021382484
82436,10944.019717589266
87940,10386.531279374494
83542,19167.553047462425
80229,32331.13515854491
99988,7651.960927703766
83379,14688.170287175675
100404,13706.49253938908
76340,19941.7079114967
104105,9098.769037728744
107460,20565.154141844483
83058,9504.53332077866
87987,11088.571342686775
105926,6411.104800890915
92263,22361.85091303555
76100,16642.733440745124
98059,11541.814248748691
97622,18718.304658960667
100124,12557.055748301227
85132,17366.31961230896
90849,8954.493083999598
89461,8032.987492627948
104144,31705.08246373289
76429,37565.58561713806
95660,40459.2195146512
93649,21926.691393322188
86295,19414.84528387214
91313,54474.32778642977
77778,40243.65635822691
76003,14100.509447117009
96131,10781.265093237083
80441,14903.392531747815
107065,24262.98144069031
87237,9294.357584165267
79135,34259.51587697776
79471,14654.088271674971
88444,9846.02371381196
80954,12931.032826980503
87030,20880.898367196354
82803,13925.005348634772
92307,21109.28805336678
103846,11294.848398242835
81505,50135.30700145813
96454,10225.530557197771
92723,29215.853736307312
85406,8322.909062095026
94692,20878.909543631573
96459,9935.51843092783
97045,4174.962244980651
88125,17390.098555345536
107173,21346.53546034725
86708,12384.351436713663
104799,9719.761448135385
99726,9127.208840298186
83300,9360.751642452577
87117,10482.374796771555
100398,10349.362842325234
82731,16204.883616040552
106322,27290.92982195224
83937,11089.209365609364
76509,23799.164016962044
85158,12139.022209509476
90411,15772.73574415476
79751,18768.031822296645
103864,9831.299818345546
85183,9617.569517360658
83429,10073.781910287946
104401,7479.930262021962
102908,11376.499918569074
82107,17278.89444121486
83546,16099.16129183173
101326,7304.20967145249
83489,15821.715487508283
95464,12301.381061395408
95312,19708.7109095017
76958,13077.874292042565
87284,7547.724048148241
93565,30083.411329794217
91521,24998.81044466814
103751,12224.946788752575
102806,7893.414148792106
83404,15703.348667415848
78539,20947.168496337683
106376,7601.468022431724
84742,19437.589847193565
80991,13996.455338333082
99185,7001.061977449285
81160,26044.489764378257
101309,7763.793955734691
96620,22905.580450432
85514,8754.801662825654
104504,10737.112360302808
90442,13877.255588911625
78824,18097.96748688303
93907,10333.95567577785
92574,39310.85607690158
87966,9562.46011271291
84013,7379.630661969396
76192,15815.97516560454
101039,10868.301776572876
93377,30130.73089184004
89911,10222.664115024363
82649,8735.463320614726
92244,36729.74455521453
79456,23803.364907987085
84577,9002.681128520591
101829,12187.818708144188
82454,10172.577609267915
90738,8643.977339569896
78614,42466.50122218294
105723,13182.196140031072
92281,6474.741138938082
83361,5076.585634018647
87484,11745.208070971874
94268,30631.42960800667
102791,6504.814750071924
80098,40791.0441018361
91058,18716.06412739433
94029,35886.04369910798
88543,10912.930392431042
81670,22079.95105257713
101579,10404.598497262345
78436,17025.069154716413
106875,12727.134601874684
87655,14852.85304375361
91929,27512.48334858766
91251,22546.094547227
89471,10820.84668261498
97578,10995.55189037922
82672,12955.80832987958
78444,21218.200653915417
100808,11865.658748657344
88869,11227.161931187406
85357,10827.284397876218
89167,12972.917754919334
106862,25876.741759785007
91281,48768.8056837944
87788,16977.76659231843
95287,17156.15589332353
85680,9142.663368948335
94781,25890.478924438496
84268,13362.51471127966
91867,30577.98983055949
77714,22428.4950121854
103499,10966.723277828183
83996,9301.682853751576
84187,14749.951151587182
94237,22575.712965814462
86917,15195.539393505604
99891,15585.35445485268
100901,9277.94632567925
78556,32587.29102116679
98139,21530.89153574856
83447,18322.227083465717
80732,21513.00592783164
81168,15276.24295024292
101789,4724.859527719853
96183,14619.569436668033
104888,20932.503363656862
79944,57841.299034346
84752,9052.845372150374
99274,5910.5576446041705
101601,10329.861509586222
100509,14685.473320860558
83579,19662.32559769261
78657,16086.355946522472
97894,7551.052552243489
98305,14028.684082204076
81298,13860.193395802084
98132,13215.201785669577
83681,12666.924119199606
103875,10672.546159480453
96447,20105.99176337429
105060,20208.35858488307
79150,50545.934198067946
105628,22673.98770407657
84027,12178.122542639008
98984,25408.72201564872
103343,9529.574647425252
87304,9915.217356671095
92483,32803.44469626152
78555,18524.164571742265
78697,49731.20175639329
102830,12189.788893255438
105192,20743.262097691128
88749,12541.561833240112
97670,20911.50945890903
89034,7691.047290337256
101691,11595.05476070124
79307,21166.663206146884
92856,14493.962188054304
85540,7216.372705604981
86841,12010.84459161211
78144,21533.65749896357
106175,8848.13896569764
101199,10563.745055117057
106284,13544.711706307282
107920,3747.815477338564
85677,19539.78414708302
80672,31623.648057033657
87751,12099.056221828108
81660,26904.480875310597
104608,16368.728208985784
90356,11778.854182979863
96037,17988.140772439092
85376,8296.543203291229
94596,15186.604086672043
88457,11286.063784415812
92475,14764.331433359352
81195,16606.693701992805
92529,35341.77623618106
96471,13170.768332171228
107840,9926.578668929398
84210,10374.87330743198
103192,14130.243766091518
101468,13692.437241827958
105529,27935.287526322507
97367,10700.808061048056
86100,8412.532226585625
106778,14292.494611563628
81881,22928.996059600693
89597,12572.895654916296
95589,27516.125115928364
78552,46393.00720574084
105240,17372.160199421345
83448,12067.43746114333
83290,9701.81020127835
93867,35318.54011896888
104187,22555.410041419025
90760,17426.820849779182
89599,7489.524996882563
94415,14049.533596876314
105080,7019.851696543548
100371,13282.710529758631
80360,27047.021980850983
101046,7031.140444701015
76264,17493.245380354318
93041,24931.95770793385
104160,11843.65918611064
78058,49313.03887898677
93770,13443.30453277299
101223,6931.943047816319
101983,7660.303294446641
98730,13421.598462403046
89800,9508.681025401344
88196,13806.921348566088
97641,6310.342366776366
103870,10053.990795155149
84704,5973.646172166647
77526,21358.9706942526
77738,21178.159795173066
90078,3087.800134076488
94292,26495.01891902831
78838,18158.343559887704
81836,27851.403829991577
80276,25668.527852579777
108312,18900.63921601992
107467,20925.75546346924
79713,27327.409484640837
93468,40687.10065543975
97220,15538.714928065674
98297,9285.226985617026
91141,45181.49577588658
105107,17258.932104179457
89334,12424.697916334786
80077,28565.4814606662
85326,16067.305428827462
88677,17060.42697797666
86517,12687.306724057984
78770,28406.512490823046
82840,18402.011968802944
84256,10857.029194020004
92318,29524.1474254586
92119,19551.61626478161
94970,29407.271157036503
76714,16567.34234284968
89170,11876.233549163944
90548,14167.638625722991
92194,33345.91835357903
78522,24410.93313343005
83527,17657.87807787713
104239,8954.703526612699
98128,26696.49203385368
80712,19134.52514728824
80259,16341.510084528138
78469,33184.90596026056
101923,5626.330569363158
103655,9384.974547550511
101481,9957.251253093324
86550,15695.465096611946
90289,11240.091609299228
86255,14441.403761846612
80411,18498.92212354739
97263,11137.40667671642
91086,7064.471407821109
80675,12895.213554992668
77800,25433.66301597329
76613,30883.080242010423
87002,16559.661377877845
104952,12494.457216608189
94790,34333.97064501245
89888,9080.844645096142
106268,32657.1261091448
76926,13808.00553094894
90503,11267.489700939404
89083,19830.356435483267
92741,11029.28684292945
102911,15324.00396175928
84601,7086.596647899818
84846,9996.97426398984
87884,15023.768910454914
88305,15975.40480306828
85335,13147.521090361754
89396,16736.29646152468
101992,9037.979428055936
90693,15234.30256249749
83262,12077.477694596802
81620,17084.890835241076
88435,14740.199561832138
80013,39676.400231040185
79539,26508.186933135657
85226,16067.734768925067
93522,41773.33430702764
77175,54043.28858589298
104947,10393.294372197464
100869,10313.492159592322
91575,41822.36448868208
105880,31137.1497352852
106564,20755.10297126232
100585,5466.63896908298
107332,10669.20577218677
77295,29485.60037936743
90575,6658.174931164838
102261,7151.479363064284
108080,14293.365004242953
80364,20108.09794671551
92476,10363.89105588118
104078,17454.653587795165
79184,10333.227714183464
107575,10652.074890074842
79281,17556.94374309566
88560,16022.74790283174
84166,16380.448202750042
78054,13383.388961813058
97324,4722.135585142852
85558,14108.290853429244
95710,24287.02990522708
98600,4618.984213589474
89622,16858.973563417847
81838,28562.14743378575
90646,15579.72559353164
88110,6218.516795822814
104085,13111.414628702214
98242,13242.785601623891
106226,10020.835593788745
87500,8629.40883806433
104807,16097.047566899577
100160,9845.182497480517
105379,6976.262029878544
96754,23160.07557419603
84863,11581.216743121093
100130,10536.61885221478
93462,37075.01502874424
91640,11463.349131505
95922,39651.14390299593
81137,33446.84033595114
78194,11584.801717289662
87308,12599.170343009831
106775,11377.922699708524
86629,11281.056259311836
87659,18295.61790082101
76404,20587.86707122795
87258,16004.416098294989
100560,11975.443435629044
78660,12625.632946453034
76485,20195.649441129062
99545,19993.848664707857
103074,10627.52236126654
77874,18836.83604024881
97514,12270.155350050523
103308,7015.844548618858
94753,31834.237553864787
80045,22882.119781817422
107089,30711.82291647781
101236,7584.365847959058
103264,15561.5550946384
94387,15192.450863016857
91926,16379.759557884729
99972,13262.057609340402
98651,7057.109578388044
94873,30361.7488041084
80722,6447.062215388219
95907,52042.972231645865
87746,16164.622771720857
90574,11398.784502544902
85387,13214.332125848052
84204,9645.408822568692
80453,20913.536589565967
95244,34522.10189896458
79952,20219.34628623862
105770,10809.253434021864
100419,14483.14119310083
84200,10011.777510706466
88059,11716.979575861067
85615,5849.272266268114
90795,7001.81513841208
97219,9562.233639981789
81380,13122.77329912479
78928,17387.503702710535
85613,19219.227929832883
90529,14206.558862046157
89825,10110.646211767344
107431,10332.32251790906
97707,7553.420969593635
76203,19338.03450752229
107808,18105.55323908341
106497,9792.370561647083
101925,6426.140753594546
95434,20314.671143008392
103718,14221.108044014263
103544,7333.416329373624
78735,19576.81179656762
101803,7355.871836431829
106491,21716.23294359461
85594,10768.496209928877
99930,14732.373810608378
100927,7303.979224326391
76097,18799.487788322946
89406,18527.84233329105
103773,7513.080992725088
107843,10324.743115764584
83507,18228.552895887737
89693,7794.834804236124
101441,11497.144126656276
91438,11207.650420230952
82189,21753.018106801683
94224,30209.072350331437
105046,13116.746564775713
105441,10975.69855721444
97014,5782.472859391595
89955,9495.28381344432
85532,16324.73371848449
99916,13060.704496641818
103336,11474.626987431224
102567,14409.44943637391
77309,13314.769031982518
95074,26127.625040858824
105279,18822.954431665785
77443,39601.95622843938
100797,15681.513779339017
97954,5826.429664227169
104854,10324.796120321183
77615,12675.49889281776
99982,11890.189056158872
91956,17305.123299655254
79467,25673.235534549665
80293,13216.4382087122
78335,13815.57527071801
96252,18249.05511412532
94301,28959.089539662597
97832,14171.309958316351
103557,12853.646206457226
86997,9849.092757018054
78106,11165.792906435325
107176,11994.081383756517
102079,12215.529515741118
87624,16436.144714917096
108178,10072.722422626846
82226,11174.421473732653
85709,14767.61450224489
78061,39397.69657009063
98092,9265.937870708847
77846,17386.347000900598
91751,21083.03447496778
89344,18226.23669427065
78458,27762.9654635144
90444,14545.312967310669
100411,7333.595075382575
76272,20970.947114426614
83891,11625.5234137632
87391,25705.798678417494
83460,9071.41068147556
98018,7348.624642813424
99334,13286.74425807841
97352,12554.460116277747
85704,16776.867212372817
80151,13402.091084480177
83044,11087.8199002296
98476,8170.105036595696
82495,20941.913069373517
100766,7392.680402709875
87429,10396.07607368236
80457,16673.198516969445
97923,12905.566317650751
84002,7759.6461425715215
100461,16924.25588556294
101414,14181.506876271043
86834,14140.807453810015
79455,30452.66434911993
89913,8180.401319556066
88592,7608.646144891294
90339,14100.599709350949
94894,32224.190978068666
76725,25186.97729062036
95859,25622.409511980997
92694,24675.49567014083
85619,14211.416292293548
107634,12483.768133053009
101014,7229.036253074999
91174,27660.197241749986
79521,17203.75490175867
97334,9501.853313518894
80761,15730.967460405687
81867,12498.12285133859
96925,14151.951640555912
89478,7827.600423461277
104606,19957.865647079067
77120,50556.214445164114
94436,18897.445090706387
96562,8690.217201699095
100076,13486.687983753343
100900,9688.976818936346
87706,10840.590767656176
84868,8352.291894815822
77447,9705.462491629773
99633,14388.157487618537
107182,43984.0796878296
103805,7139.892111314548
79968,22604.983860349093
106861,22416.729629199843
81356,27456.492471185866
90962,39560.15283652913
102794,10432.826124345218
102702,14829.65832135479
101649,9761.561451463593
92766,11850.374920912283
95750,12654.254526460603
102296,15645.271855253435
106629,13623.173561721782
98746,11328.6413588389
95417,36080.045318553806
91178,18272.63483399281
103915,8192.361226237794
94148,27762.82456864404
92159,26102.28457205175
89562,10527.407617982142
84575,6672.494488770097
98654,7574.837022157553
96212,21718.46580338904
102653,7825.70088351652
88269,13247.49097045249
79684,27813.174162376163
83922,12804.619254310104
91288,32312.324438554897
97422,12978.475616941389
85223,7317.98423619696
101422,13261.19296055429
80295,17412.44348848665
88778,20191.235037956605
102400,3895.833953946893
106858,17249.532222510676
91510,29292.55138829765
79257,27052.31631758126
106694,30267.07480040617
86646,21996.84160356185
100380,13460.722272153162
79631,37592.44243684096
83337,18100.16912661344
92866,13910.630506875012
93764,24933.33254603996
100701,13809.243216729272
85085,11383.368917439537
102731,4205.314800726972
107928,20908.630391042665
95668,24454.69299875642
86229,10676.2302772288
102872,10528.57100103796
95063,30139.097856521767
86474,29698.17900989544
80950,48795.892798360976
84432,7881.045002912721
78964,9248.85638293032
86914,17722.86394943411
97272,23297.023014136936
99757,11679.25649881684
92235,18530.982902938093
87764,10066.62893937408
81233,5483.179601931408
91506,35697.33287489773
77920,12726.681051535335
104487,26951.87884417342
102823,13767.003778558872
96590,11961.628499056063
101069,9560.250280277349
82549,10172.531861293932
77585,22469.23532624462
98854,50605.5283131853
82501,12848.581326333917
101386,8322.138334900474
86959,8570.101741893946
105135,20870.27437501605
100304,13478.782244688144
76999,22889.247406553277
93936,15294.050842877888
96755,6640.041376601708
102115,8874.98023986379
81953,9753.732825100136
80238,48397.868754921976
84324,10738.823949601789
105850,12849.716000170614
86327,8462.601554393297
87989,4985.309358599641
93530,51818.7701186912
99610,11394.460318039017
102129,10305.79956906157
100985,11468.90086200077
76008,52342.566576
77703,21523.33453999973
94691,16444.56049081378
103293,13609.133685985824
84439,14825.21821777843
77444,17531.15080280903
85455,10653.448036258913
93989,76456.44915284446
85336,10744.133720814025
100517,15283.879764671805
108179,27300.56602839336
77395,12086.51994325309
98462,11722.401902554348
84943,9991.57972302039
78028,29855.40165830373
81596,26091.823779256247
95852,39004.80457425784
88816,17495.044069961077
94448,26330.384770547967
86470,13943.026056507688
102503,11379.181876818631
105474,8361.175532797872
88119,10516.0338499124
96141,12528.996103467438
85763,8482.203464567765
105011,8467.044917016407
99747,7883.11811275529
108392,17473.296884250005
90949,14501.032434825684
105446,16369.404479827836
95792,29135.32092395585
94956,21176.055183656063
102277,5439.159335119795
77366,32123.428521258174
91112,19471.568150327657
76355,22744.4636980379
79142,22654.21797064367
103859,5498.471680093943
82352,13369.282927909808
86826,18499.37453153069
86754,9849.88915529493
104363,9514.663235259262
93154,27608.26879298346
90930,27046.27882023476
107269,17881.84852875293
104109,5612.357825622756
100487,17912.07862981419
106527,16919.182410101697
96225,20327.77557013033
89925,8533.620381509687
76775,27780.148368919872
83082,15813.335989476043
105115,30717.545935132992
103481,8709.16192421344
105642,20541.49392781601
92703,18274.734014396025
90864,8442.762339775489
96072,7838.356422387563
98628,10951.906425291529
102378,11384.645775765564
85185,9895.446601295334
93707,35714.55759454772
98795,13580.836058193428
97577,7400.494992859396
79804,21322.08330924554
95541,13740.83469891922
78568,56175.98251475881
79608,24892.223296807373
103860,9816.804802216731
98449,13774.781205731855
91377,25982.90795095776
103436,6032.367713954836
102582,12828.342382801786
78381,9585.948845303674
90999,19025.53256953636
89764,16102.102226706536
99515,10683.329006905731
89133,6606.948409232944
81859,36012.495753248506
108005,10247.954524696026
103733,10218.21732082418
105155,17893.452995886808
100185,6243.966463754732
102347,13380.68581818829
107943,11827.250341007602
104445,8773.770106450382
90149,21124.67676027644
106593,15715.308560545303
94733,21439.16287948301
91481,29594.99164404643
100201,8118.795086607093
94149,19735.21333845235
101639,2719.358976434444
81577,29587.717287121843
80120,30982.96165056205
85995,9385.26027453882
85199,10421.471717318916
85909,22290.173231356486
78676,22003.31079721352
91948,33185.82705163369
88041,15443.774736875352
92848,25520.510232509187
87598,10257.80393907466
83613,13726.753275873536
85054,11056.57441550404
96903,16987.250846264174
78725,10560.927419149168
94869,34012.100118056325
89121,8311.494334365905
79858,60893.21649202735
89079,20275.28087760361
77639,39846.9397515316
84498,13597.585937833232
90431,15739.543578296038
80553,10754.487088305736
90257,7703.544842406572
91607,29270.064465660224
82794,13582.346205313444
79243,32821.45792558328
93687,21182.852788709344
91774,39546.2116530101
104622,7001.672808106325
94152,7306.627278499549
107441,19499.65172154382
96359,12482.88079739099
105873,19056.44382190087
82415,12917.384951258136
106807,7305.672238513142
82732,4636.817016638746
105350,17639.638452080064
107206,12792.469011470865
82693,10866.399924606278
101998,9928.589625433237
107032,27658.672636277257
88200,13311.664586716312
105801,12339.483832497208
86649,10906.468643760314
104334,17096.262048191875
101972,7331.606718122392
99530,7203.687199188787
96201,12708.630057487144
105972,9818.917139505334
100425,9027.13519674996
106763,25912.502367822555
90434,6451.331086718192
88690,5250.757317317466
88747,10941.481283354826
92158,15040.367297110775
104298,18065.10034139621
91527,23065.98422845549
91731,20037.98709435225
89575,6518.995018177833
107525,15407.521746297489
80805,19819.43007852963
87001,17127.633211459637
76256,29783.542206023565
106726,14465.39974746728
100912,15907.05635725447
78223,21317.192109638225
78232,44337.9115507015
79424,23139.474289003523
83551,14236.877660009435
98945,5662.021905209176
101673,7699.667388140574
108525,13380.76757101068
92543,46356.7138938389
92373,18474.30562426728
96994,5063.9050604550575
80957,26768.916793703134
104185,12980.06908471386
107318,22531.20262395015
89348,7933.632592998737
108046,22336.020021937315
107385,19115.697164685967
104247,24503.329941299628
79675,19350.681797659698
95374,24211.49074148381
108422,10121.04565201945
76584,42351.69500951676
94645,19726.579648188243
87779,10857.81878913373
76043,19596.419475870018
101605,13262.075012027191
83501,24254.3341242034
95444,23600.94024774952
92724,42791.56732348849
101099,15260.29631963334
105469,7707.934885103165
78289,31297.45885900872
90064,13211.985270460336
93527,14011.28695306077
102951,12145.664459374062
95138,22412.557928656344
90436,18475.99774398508
86900,11891.540582574553
107779,18324.244954707647
98096,7275.959079409498
89305,16098.568272577451
81735,14181.923671105043
91537,17008.409912039922
79302,12929.904970190955
106769,15382.501412941248
105306,11723.632311616118
106670,14694.460093917904
80113,32083.458483599807
87168,20750.89465433364
90710,6333.0223628082
90995,15082.595638198189
96388,13083.2338645349
88029,14796.324596469176
92389,15345.556911817865
102649,12795.83375401574
97530,8476.101016548153
88501,15801.655190159214
80998,21940.69625514796
89624,7830.033158721047
83063,8175.982135797711
90128,13450.9945555058
104897,7824.327900705437
85490,28848.022090218303
99453,23053.147106175755
107743,11959.627899048446
105662,14855.96661776851
89186,18658.397186065788
93355,22838.27586719766
100497,12483.675477662446
104389,14978.221550934
104476,12241.642615166951
94822,16084.847005953712
102639,8770.228321469405
86493,9163.383252633934
95602,29855.06875947831
86924,8412.3029306386
81852,10953.401376281214
102319,14558.01036254222
107863,11947.30403791165
82938,14048.668034143318
89666,7640.849854176934
92812,32999.168020263736
97393,8035.275467092452
92386,30506.406967659408
77152,9232.01077503723
107259,20406.42679253971
90094,8464.209904531665
103704,15543.213643630166
107194,23295.04229919713
86326,9119.184123733048
84993,11906.898254342135
83853,5608.235932717635
98484,23524.290567633718
91880,22804.149879277607
89715,6590.219878441283
101393,9428.426861852306
87375,11044.265080655408
81722,14054.921970454894
91249,17869.87500960856
103603,15190.991455428262
96576,8479.191712797998
77094,13369.010323761377
97706,16731.472737793803
76932,11959.187791412289
86648,18160.66312084197
95671,29119.04320519812
87831,15204.94245309439
82577,12827.00105178951
87475,12393.932481885902
99557,9470.024440662572
82882,3023.2467104495727
97798,9279.738287590728
99009,31470.870406294824
98120,9412.750190688404
86637,9217.653025348156
91310,16628.65942328096
101677,14532.594995337
105146,10928.851994071649
99727,12674.874633923122
84169,6969.030098293829
91121,17940.990185031704
87151,11430.701289779863
107732,20367.40416757967
77136,28328.11788227289
77148,5046.014875699765
104946,12727.301869171197
88249,9291.645580608742
105127,20339.742233893397
89504,20679.176090256085
81927,37050.55941494867
86452,16935.018098861387
78250,13770.070373587703
85921,29815.928403294776
81378,12365.769589066054
106286,16674.241012046426
82085,20729.773708751665
100957,12184.083438615366
98903,10599.373839724763
93994,29701.576109175723
95727,43616.80700969854
102483,15814.33248326628
85566,25861.48585370341
97406,5810.025446469823
76120,4511.9647535984
101642,10088.825856573943
86245,7918.977957324351
82830,16690.267142676472
85386,11142.744753596948
102072,13065.460290390516
81015,15409.286493749065
76016,27913.3466384714
103157,18155.235366491677
85980,12807.40814646614
107548,19799.022006691
83411,18421.281716596503
99745,8793.184665772505
103338,8822.05721510017
100366,10517.741141094531
107718,21925.735739425625
91888,20579.161296418
106559,14006.915213308186
102293,16507.600774651226
88007,19171.387417260423
100545,13491.771010728804
81498,19556.30981985161
81632,61028.73564665481
102626,7344.08170664449
91621,23467.276447315344
88591,4276.255188371508
87743,1608.8699965624935
79289,36884.98498849524
79813,31657.410319855047
93561,48447.196924825614
99218,8500.11461990419
83575,22465.46372188901
86909,10397.840315554293
81952,8052.454888798663
82101,34867.10340822433
79912,12558.231674084103
106129,12900.254447072148
103614,10770.716346979056
108271,10466.919394232316
88813,10055.4054564383
105533,28784.57244491022
97693,14766.051105593288
106423,9388.487395592458
88858,12517.68641671972
79568,19398.749598800336
78667,41897.31257362189
106744,19810.14429022837
79183,40807.8893160942
92329,24243.16449376443
93551,73980.07946569262
84807,6470.684943673889
106251,20550.789258963967
86816,10587.711492763105
85547,9564.274121871971
101577,10736.99450178728
103281,7348.144816581909
101919,11219.97972734648
97281,10194.175302292251
85353,23883.693315791497
99143,7315.274895717737
89606,15707.457541360163
108144,16629.967855784445
94628,25549.631229444924
78418,29760.78757688505
90238,19502.462012541037
97412,11544.20718065391
95368,26913.001738528925
80945,29713.29444662721
101657,13565.805247253393
92454,35140.91755974124
79075,12623.552995041304
81257,15763.17396990399
99019,7676.845382058787
91946,18131.07726690376
100356,7697.816334768293
88464,7579.326206537886
82081,15555.322292660134
97199,12287.146435215878
99762,8645.58461232879
101497,7178.724818139439
83716,13853.686880694364
99067,19865.031109266023
107895,19199.706971924345
84198,4186.720772791034
106770,22572.895147722866
87767,15692.463569556625
102945,10625.048186444528
95956,21432.647764468613
81644,21304.88931808
86278,6550.146422130495
79399,12010.84111513511
80474,14371.827062267252
94588,27793.817173352
108471,14129.9187383496
93417,17058.463132474353
104702,19049.48809737611
84151,5484.230312515872
76589,13046.309143196104
104490,9332.485910481708
86365,9191.405326662256
90620,5919.26948134753
81071,48914.0056985396
92311,24305.67245222067
103019,6699.576279541652
100231,11474.36980515264
83298,19094.42836755858
97958,21027.09013436949
95436,24872.34623738818
85413,17586.667238634356
104619,14472.668875012749
84835,7048.115100229634
86314,13698.78777933593
91780,34975.09924905217
88338,13146.176583353275
98012,9818.78066093804
91161,25605.995288691352
108156,6245.827696384884
80607,17544.356162215277
105607,18773.84576684161
106586,10238.20914335399
93442,11413.049974838026
101779,11307.594299182843
86324,11070.08869184723
101056,8426.218817642028
89524,9081.978334998135
96619,6277.606289442891
102914,2153.7173213845
105085,25059.658044776617
88414,20162.676285038506
94174,14996.53706139493
77296,14142.006768268984
93567,18049.149870537974
90823,11388.495711137466
83440,9043.477720160165
91053,18314.762339772467
87349,16277.346543660233
93853,17180.776585702224
88334,4772.629786115339
97251,15846.034744792863
108429,27230.19133547092
90331,10731.681507752535
86234,10709.162733356276
102632,7678.379308717263
82553,7662.997487193876
105227,18743.430024052643
76476,11086.982299131849
99277,9000.965578750564
107214,19764.796256665635
101622,9716.123845764523
91446,17540.25929547714
102009,8746.720254209766
87852,8417.493630909645
93868,20504.360729676737
106100,21735.568017236248
84477,15887.007283936911
90371,6744.591614928374
101643,4852.03719400083
92270,32350.086707588544
91036,31236.41945884149
93120,12748.51391042128
96986,11996.804504064912
88712,12850.372071099904
107673,9985.391201766535
94689,47572.53032384497
91664,34419.088009519444
101139,6919.601402823265
100211,11717.751284429753
84843,14328.849842344478
99077,13334.432126487269
86601,10451.240551792098
82207,29075.87146104679
83457,10398.37682665302
78306,34953.50613224582
102397,12194.179747319868
103423,15775.919818090026
105818,6947.112154154696
97146,15156.868714604776
95680,17995.48234317651
102459,7130.530681038961
107092,15989.858922936844
92734,44377.14596726272
95647,24439.820951496164
77576,13924.160863072968
101530,13478.189279233478
87264,7279.363135716414
88978,11386.97787477128
86197,8166.035308974644
107810,22831.640300231666
81681,16610.283277546663
105951,10292.75555664906
103476,12159.46148876983
100268,2856.692083728104
92647,21364.10637968081
80498,19028.56629805472
90634,25015.49653478431
86670,16939.163991329322
108110,4802.569210774469
83881,16188.508597422122
77006,15219.705274483484
83528,15632.301593007098
86178,7201.01434684306
105430,8222.35063662764
84321,18577.56465262884
90491,14919.380709264571
86339,17506.008692961383
92286,29268.71855827759
101926,20794.484053836
106776,16959.564376417573
82619,14449.342379589714
79817,16756.393106181175
79626,15977.87086383806
87043,15231.823744989975
106571,16159.143685616482
87059,16240.228860235988
97729,12384.102767524402
100298,11395.312228054734
98256,12863.818570341162
97907,7101.1902111380805
95953,18933.70314014345
91657,69594.46639693328
101343,14763.508227523918
82111,61825.2582793809
108388,14028.562817755086
88818,16277.831386341386
77029,30118.27971509317
104074,19240.314961215467
86201,8006.793248337659
81545,13790.485220519087
87713,16168.120963100104
92371,23035.36217223169
77156,10924.20418828942
76880,24165.31176240392
88282,12689.523002777678
96654,30596.39893349917
97866,26835.22325721612
90293,4776.688457399769
91292,24714.50663293539
77320,16613.967739719243
90383,8104.277963908071
100241,10763.868179772826
107973,9727.483312875089
79074,30822.8584255597
92862,19870.428892522763
96379,11744.85295704522
100683,10972.189207470678
76236,28579.88029719576
99113,13303.026287887882
100305,12126.117475035991
86570,8712.07913123609
93251,13869.670645712598
95890,20457.59021462353
104632,24528.404209286426
84213,24250.88383584643
107818,23518.898144500745
101521,11647.250696693543
83053,20083.374778647543
92890,19065.78981815505
107449,12709.84782687976
84022,9590.256626252329
90915,18659.447309650277
80324,50326.32276064732
81352,22302.470786220685
94642,17316.10702744119
76123,28614.014148306043
79202,27380.525794896363
104174,24581.564333835096
91030,30450.02802147158
107033,17916.09905059779
102759,4279.835380750079
102192,11543.345347255092
101885,8686.010265450572
97716,15276.1837981092
81631,14176.371248354291
81759,26791.905956608865
98702,9784.11607324587
105784,23199.90864527737
81817,21302.616060929067
86529,12365.67896953845
97857,8841.45324242445
82820,22821.54364293654
79072,25922.185718915112
92301,26337.820378012384
80309,12882.006120905113
102835,6429.781778853374
93599,17655.278970038547
90253,7929.087566956618
92875,22795.19470150408
83698,11415.449803858704
104398,47598.60654937413
96860,24242.383476022624
105925,31025.94802395595
97861,6925.948653780999
80226,23260.275362100656
92699,20997.013847640155
85949,7928.53919082808
92215,29608.979618834004
84214,11886.405195350422
106157,13140.087065620372
87047,15839.497133751793
102413,9068.701047640045
97955,11795.710854668963
81441,31850.53509364566
101029,13359.457225577991
91634,20687.92893980084
84859,8571.271247182038
93328,23347.98196127216
97318,7900.48461257304
108048,15115.260735406308
97815,7857.171143198783
101921,7135.867702617139
96260,6748.068143755561
93491,16995.654861168077
95257,18100.15381103136
83326,32079.050333969288
82475,18437.80498904837
107393,10382.522812510324
94132,22730.76147984417
103233,14539.557817025508
88140,9600.991199131324
88395,9062.116131545368
95094,92524.06701116818
95939,21816.675888616333
108234,18808.603242523084
78788,26660.35087511609
93021,20679.11430483648
98301,23849.128742997207
104221,9903.157295089875
92384,23561.717969986705
76288,26175.066344895546
99805,15805.66789759577
90900,10700.024515818564
77888,32066.9246741897
100126,8351.420632254498
82197,42256.09703388592
90987,15090.50907723847
105383,21655.20507542552
100476,8877.443071227184
104238,9005.343789010843
89211,13558.517217984408
97794,5135.183228596143
105692,29396.78755468175
98699,13227.29062763306
104212,19348.891818375738
107544,11177.264741894744
107748,12064.282456967998
103427,7526.475796669003
84063,7740.231802492395
98384,8484.94131100603
91209,12899.67686643316
101379,8743.740922831086
78090,63201.09526360165
88321,17811.109641554045
78786,18851.205815860714
90751,8706.779111239906
85706,21107.52650100405
100853,10437.922673072988
106131,18940.85460037165
89397,14604.841239372216
76263,3199.2604420669068
108441,29109.933783912067
88221,13493.381252904272
92526,25878.80777779165
81169,28997.37923140633
99853,10780.40903117003
105516,9572.343510444578
85227,14389.661839311306
101567,5749.63399490189
84331,16042.51214549057
78187,25397.297333006733
94441,19337.000802506336
100067,5539.511400498466
84660,16446.55957499801
98951,24779.00353251565
93815,8069.552072952903
76848,18345.03115580289
83378,13753.574201460691
79966,4341.417448869819
98219,12001.807939891349
89076,10916.033098005191
86619,15027.33013430826
106225,15257.262156382942
76793,33025.71681594367
88351,10743.390656252324
107927,26445.205112964984
93374,24166.135852135703
84067,15363.300904395786
100355,14773.239383083495
82099,35420.24515857897
96457,11149.01338793408
103061,18224.7639178376
89169,16757.77452423299
97340,6995.866363624687
82912,19433.07457904599
82266,13689.583655574534
78561,56910.06297351512
100839,5710.068110796935
85302,3021.15265652522
99375,11843.069970300834
99881,7899.854533155524
88083,7033.955132792592
86412,7258.850607013099
84852,9611.711106017696
89087,15351.11549463055
77702,63017.577277193166
94308,24170.39353615483
100896,7508.413225296727
88225,11240.615841561434
89796,4727.256356446593
101985,5479.134177302937
77360,25380.025513525696
92220,28854.85651399913
83866,16477.788385543
103140,5949.57719311578
78348,15286.056587011388
95353,30293.34254342672
81413,14900.265089028086
77106,22163.15861198707
103700,17531.947420569435
88524,11368.306569935252
87461,12584.270152335766
78565,34915.54367277143
82507,13673.873540898
95578,21295.728686541217
91998,18446.49534445824
98342,13238.518620860708
96413,12098.06045432221
78273,29748.20370198145
105735,13836.053450762707
83640,18251.692413464203
100599,11313.642514106265
108024,27521.92005376912
85550,20178.96921211201
82875,8806.841579928816
93272,11911.488798488692
87870,10200.80236764444
83279,12442.425981836232
105742,16915.465442781548
96152,28003.50676040297
97215,19297.368030035585
76322,59910.70101492906
104938,18325.44210093376
81197,13902.52815497068
94638,15044.59740534
78474,31372.41160356569
78282,14438.690927423904
83765,14073.387889044883
81798,18917.16329884915
84877,15076.402278592688
107924,8752.175517383623
107870,8637.063948533934
86640,3576.6993503631893
90317,12702.49856912811
90787,14444.480735326064
102045,7328.962805742133
95893,28151.41375620023
104067,10865.814903495311
83702,12237.424745949364
88581,19218.97276217752
76140,20073.832663807672
87782,15193.156498143802
96924,27126.695630474245
81993,29883.833993181423
92440,24929.888431327745
97803,7185.724680923344
90468,7030.805713236037
77617,28625.00397611596
108325,14853.501742741912
78387,23516.761909878856
93953,113391.01214003848
87120,9569.955799595744
103344,9526.42114207102
86899,10981.486902564968
79585,25159.298383488294
86908,9349.287320725334
101362,15704.224753274866
89150,15989.93982631619
92083,17361.666019342003
81913,16777.81207557273
86370,7560.685979395123
78733,21064.690607579083
92552,24540.711434206325
89154,18067.67147922213
97775,9824.01460566922
94930,57342.10738623686
79476,13652.296213414267
76220,12159.969150906622
98869,13301.859397103111
97474,12799.764189557984
99008,6992.213803140642
107702,25888.3446492526
102495,13865.266776227543
76423,20885.04909447169
76460,11670.8366566736
83918,12593.17078652474
90937,25343.60768204088
98893,8835.134806335805
95015,60257.79695041352
94231,24651.10319986676
107866,19294.21561122673
91935,17241.654027922104
94141,25354.888715381345
84712,11682.045195003288
85125,15112.88566533876
102606,15339.00830903652
82305,17626.26719699265
83086,8550.580955164121
87329,10778.46893508244
100213,9451.5685685035
93661,26400.18152079137
95973,25632.98230860511
103243,6974.1278682090215
77036,13841.548069054728
82262,7943.677062320425
103648,9389.488871930773
91920,23192.129385186952
85960,11840.134646458628
92632,32773.141302633514
97381,12462.818257144389
100466,10007.281908512676
77087,14411.185698738043
89734,14802.480717961524
83766,11197.378029888076
91812,68348.51756192988
93927,51522.523209507526
93439,15457.436671758223
98318,10079.299373588306
86863,10716.52119575089
95233,17675.254163414433
78974,14902.506063812643
89793,11850.665934187482
92799,23420.0113211923
91635,23642.585325499647
78414,13339.37140461006
90596,12067.202165886609
80519,34167.89778110375
89515,8511.196954232522
86481,12237.136026233278
92047,15363.410156434533
77635,17657.56335381322
98546,7868.517562499263
93556,14279.068692758086
76764,29454.15754540401
104600,17382.226931528014
107170,24776.0736154374
104809,10528.904883696532
104957,40563.88324396996
100565,13521.690012494751
82733,10503.898205795182
90487,6088.310517445325
104778,4263.230909416465
106916,32016.83120278781
85771,9415.96826505408
99896,10017.026856962631
94796,16315.830420430348
105856,17070.76471677712
85845,12729.25831211488
102590,9703.38192762427
95913,52737.74880847794
104395,14735.578006217707
96422,13663.45177449245
101279,10067.539236670407
98041,5953.989272109526
90702,9022.502983650213
104988,13409.24374657082
99996,15362.800056268205
103713,9426.458050284476
79170,36521.49871259177
80452,11752.480535358394
105657,25616.97003140099
94986,22061.401292046416
106339,11246.52375127802
98568,7081.5428335483775
88304,7325.593606407408
87628,10674.306067091968
92003,24577.980093036804
97111,12531.65535506645
98892,13746.996420983129
97778,10641.053246898417
95960,29683.963228724133
80575,15976.137995297311
94709,26584.333849184564
103647,9580.42314624412
87784,9950.66444933471
77344,31607.93455746035
104068,13345.26643207706
94747,23958.12467506361
82797,15108.214620652185
77079,15507.380985072565
99217,11618.17482581985
84624,9684.01547962685
79999,33498.194441410604
107791,10612.828959263235
86274,7421.470723513204
92407,15036.300892628004
98109,23433.404807017785
104428,23941.367835118734
76693,18627.377120120385
96321,7920.683994444064
107222,10584.783133805602
80693,19542.504901838896
87795,11398.060180641132
83814,12028.016670074232
85548,9978.78346607657
103252,9687.558368834898
104453,19129.59792689116
80578,30127.562772629284
103826,6109.28567518351
103199,6607.165453973556
97338,8031.75141491838
107287,11389.30643185808
77059,34836.86533957365
93965,17973.536467003338
89513,8651.210604645568
83064,7899.405421612337
103490,10367.170495409624
99116,6748.106069232947
99690,11657.946386080375
96405,9225.508242418971
96969,8277.304977648402
84317,19498.615392166037
86480,17323.387597556193
78305,51571.74159053007
96458,17412.183756692204
96847,12450.94239205872
87888,10008.917120445638
92753,50432.38297837074
84191,7346.570793282604
84830,9145.186970376692
100910,7530.216786103203
94969,45957.52304482415
89103,7853.47867347299
93092,18632.16468839528
106511,17323.19506652053
100549,19052.871794446342
90741,15171.699904061024
78118,18815.27851523101
94087,11895.900593002243
87584,20898.73367609177
107254,12642.39487091002
105985,20829.86082125295
88323,14647.637698101284
105221,12002.509362830671
101901,13886.1127778166
90944,33235.39214085465
98634,8801.462949240806
94057,19080.797477129345
77391,11409.580271719984
77284,38199.81536762355
95838,39449.98033020305
105720,12327.360989629537
97257,23613.79084316337
96339,7055.74616553188
81848,33001.902951868804
79581,26584.460395566384
97762,10098.408358629436
101710,7365.700512871183
104892,9183.270166045411
98689,11997.659210967511
102340,9835.624581551145
103335,11193.801469205388
80348,18745.019680117097
101717,5668.249197509322
84797,15296.573145929093
80101,20331.73933602632
83224,14514.076100178969
93736,17038.166555980148
78612,15788.941570301053
80009,12792.946341774346
90246,13240.415705893223
83348,14081.868420076138
102263,15893.097447737417
84153,16567.96499820731
90556,15000.645435976065
83726,10797.38339409802
86153,6067.279913464641
99219,11831.210906742148
79008,21241.223503890466
76574,18085.01203008448
93345,9654.013103311316
89271,18849.435422130697
84424,15907.079754412018
104788,20297.072272099464
96178,13030.99795346567
90344,12451.657248783198
105532,24717.41312891747
83994,11056.198008567248
91151,27490.091570744844
77889,33115.429325072015
76382,18726.771222159507
97738,6653.246417713663
86371,16558.96288616472
79800,49320.04208388608
79323,29046.733177374463
88652,10474.85065625694
94397,31997.81975480239
80125,11520.886511845558
103621,9060.177607141508
103073,7465.973248215573
104977,21823.921093444827
101232,10301.519991647448
92921,12009.490265949593
96524,18825.86354589946
108206,6706.368727641872
98011,8732.77140972185
82282,54553.33566564196
92162,11498.839582191957
91162,23280.593964433287
98222,6391.450551805152
106388,25715.6255110006
76194,13298.9238117343
93165,15375.59825350545
77080,20673.29724254662
88188,10729.515326022793
95987,12205.09089769796
82919,22079.871479198508
106334,9538.283580068595
92868,28950.59191347185
83314,14560.451129000412
83498,17754.182799203238
99081,8867.899315570394
101875,10196.757469326663
76353,38578.76366952318
97969,24196.552081264646
86292,22840.72822799062
76622,29878.476605429016
103480,18830.755338333125
85818,11839.792519237051
83971,11547.496722917467
97382,13735.380474663158
101439,8357.72051873302
96661,12447.87262951058
77795,12944.124872479277
105731,22225.915964265558
91696,16179.333450956685
93939,20061.363586277563
97415,12123.992056321373
103354,10070.232061950242
98909,22020.962493702093
78125,19879.86222149062
106866,9075.893904009912
98910,7945.15316473689
106208,22682.91606327347
89885,7059.299258988429
76580,12428.876058061156
95892,17952.304810095644
91957,19161.19871626494
99645,11423.030909694711
79562,48581.34663445276
82838,7579.677545042767
101076,8000.846145308574
81361,20701.43921129704
108419,15548.24428459434
93085,16091.141485363638
104426,18992.85669602701
88313,14204.249826254105
104866,17851.954346423947
101788,10449.351184731922
103172,11015.878951840088
98374,23828.85738519179
107111,21427.124536207488
93480,17636.485750765834
94099,47708.0060436783
100358,11794.455210965229
82106,30724.363305100745
92783,36380.49734757797
95978,15164.083068838465
79394,11985.262585934368
81521,22778.73919057516
88260,7518.075397962926
98649,9344.236897497634
81422,16432.31920657443
86500,10799.380185423057
92997,12375.014775833108
107940,9990.650883766648
80225,43647.31647184673
94805,25905.192153911677
88709,12268.589019800453
106470,10326.98490415216
78835,16492.484556653828
90721,11072.324788493348
105429,40721.51223969775
107998,27055.35572415012
89287,10711.940869368533
77311,13227.83905126178
87200,17598.006206640348
95348,13203.594417702012
83148,9877.760353181517
100616,11928.440934449738
81487,58741.322397305776
85031,11421.721987919083
86761,10032.502397894206
108219,22252.431453151214
106290,12497.221284055144
81428,10078.743157535107
94572,32053.90887293801
99173,13597.03009866559
85760,10369.509170758483
89013,25103.297622004968
85726,13051.4028557975
98647,8860.384137855672
76300,38437.51522210144
76204,14495.0930039923
99199,25297.2638623828
81833,13629.677562280374
79245,22964.386482948397
83196,11711.737933994038
85013,9397.89220297846
99200,10148.061047512369
96238,18446.977140242598
96548,31747.735595905386
104251,20246.771489047
91169,28900.883835191657
91530,18103.453116029134
103143,6958.804382651234
106804,11068.900094264724
108066,21621.392338662183
76048,48169.31293125592
75977,16081.362665760947
96347,10407.571147820974
90190,16247.47927162702
77081,29476.393132325586
83861,5129.697305440039
100546,6285.875046880171
78182,31947.45919434048
89589,11379.163257559754
85606,7666.378540431207
78359,18118.47981155177
97559,14846.198656808405
76721,15691.003844407433
88097,20666.10571323003
87435,5448.310270439179
80798,14201.204008200868
90537,7002.930992272295
100528,7686.558171470128
106401,21002.38905020005
81910,14547.778048725724
92691,26726.22867613135
100615,9606.336956422596
77234,50434.241055863626
78332,24920.827079788756
77572,6566.075300235005
90150,7307.292737677463
105917,10273.378690136213
76449,26775.1362562067
93412,20891.23368481767
86269,15409.327616455645
87995,8767.819173009048
100075,7357.823361755662
80021,50417.35868102149
90343,14770.21092795262
106349,10233.345165856008
87255,10707.208748682746
85507,17533.338783167033
76232,12320.206314517382
106308,15033.77621457434
92289,18181.857010803215
104499,31259.92865131468
81788,8593.12251501488
100405,12561.639541125818
106380,12806.718032400508
81018,17815.662168681163
83259,12581.837802764068
94489,39091.4370103044
92430,25129.240519525865
82401,13384.003829765774
79510,54553.28002787194
84456,18360.798403732635
98445,12020.423924076593
88466,15974.766823469485
94340,17779.964167151527
104411,17419.987826558758
85378,12420.226739946913
93363,30006.82229383317
108217,26097.158450924147
84003,9817.663716861243
78674,13704.042801922333
83754,9025.827569439649
107659,32955.599998015314
104134,10303.826190832086
80428,13483.547280057945
107034,11317.98500192486
105024,21569.47134247361
105501,13712.876153974745
100183,13643.932234958866
96262,14004.824009698104
102419,11942.287629706436
76520,17445.909702303252
87564,7881.045965062023
95034,17005.784154903304
102071,17998.9106302411
92236,28442.013369748176
108245,12579.70189442643
90472,6032.047716642417
91733,24297.30450181051
86418,13800.041823911584
91544,16718.572750752144
108294,6475.798184160689
103067,15402.297809855922
87683,13126.81752059046
99427,6961.354259324771
78592,16065.20867733629
79477,30848.00499168074
100575,6816.565253007948
103629,20860.00132012033
86341,17650.07526332737
87901,7660.650311348969
100467,11508.019953172688
77769,14110.672838710909
90466,10160.744314078003
105120,27560.36527470222
94434,28831.91696906837
90333,9685.48676185155
100483,6553.280800437029
91083,20923.169927180512
86536,11404.571467258513
108361,13952.635502548608
102652,14575.323366322798
84120,12859.972965005833
99541,10045.32465324678
80658,12541.802016556278
96028,21745.07593286113
82478,9077.956962867636
99296,14799.605456481131
92923,24080.50610808632
84564,16281.224432316074
83515,13011.315090789763
80070,30802.92777842952
104027,21591.58602661429
79391,16835.513981411088
108108,6939.524868285347
99156,8709.150496766988
94668,20939.81424648248
107534,11619.8411334327
88509,11611.557058859144
78713,30609.21383818851
95033,28693.960053304087
105878,13213.762569609222
84590,11349.88100787609
104297,19833.352239729727
93140,24176.480251416404
95943,41749.992329001616
87298,18879.080556180623
105774,11684.719627284478
98658,6799.415551831631
87070,19123.96310503984
99465,12772.051421412523
105845,8105.561052405737
85369,21659.19929119205
83600,7283.834491312782
93030,38069.74848849172
82159,23814.32147517491
88527,10960.30025625194
94866,12938.846365209853
81680,26779.68738723357
85293,12962.728335796844
83020,11084.062252676324
92112,11049.449565661578
97809,8155.70662069526
83970,7628.142428195069
86745,16046.648265553562
100652,10422.021727185442
78837,36489.526962221214
96354,8417.999259428907
90084,10370.534067087823
84838,15996.522174491958
90416,18117.874529086494
82908,7235.093435062303
81469,20171.56220363408
97939,15717.389326581257
84109,4784.905724746714
94042,41044.89532209984
78843,19351.059570253627
94386,36018.35371789089
79961,39372.933389596445
98556,12149.561983819578
78323,16920.284872582124
98349,11779.761373077774
104599,11724.255791955162
92804,16100.2179419061
81485,21085.85336413791
86984,13022.472829375629
84902,10511.135798218324
87230,17485.627521598333
101698,9471.202218102895
81187,27235.15597876856
91728,25298.24449162912
90136,20335.48085229654
96483,10373.84414290633
103424,16164.276225868392
85712,15733.699616619208
85509,8027.2200711086225
79976,21419.8549773849
93406,21027.70795472228
84108,12111.82921889796
82598,10311.103054928317
88086,9990.281967248087
78975,58829.69843832443
78989,19452.300473513773
93597,16123.794738756971
76707,31195.46637818419
99370,21737.877629418555
90372,11847.450834894127
97227,15403.215950201144
93053,30430.22753298441
99724,9802.233511974153
101261,10799.92374295829
85273,7473.837114807518
105019,20488.550637551347
107234,12981.754216353353
80816,35122.53833326714
101175,7592.816729891676
105866,42109.60019559869
96858,8552.398201726906
96226,9403.846527651296
97454,16117.945988243411
94540,32176.599757781594
99937,13541.898323936626
96637,12114.221656964011
82607,8904.077847312732
107708,25474.57629773317
104404,21953.05441377953
80758,16410.849814588506
99346,13525.431620512183
100310,15671.432729520022
91670,27910.860233216605
91353,24290.268220786296
96061,10576.446231677768
88206,17019.481241692996
101814,8750.112813615708
82298,9866.231175059173
94958,21427.168332122303
80444,29624.05596990842
93957,29894.342174440248
100830,7318.979012524177
82523,10960.63882386188
96073,9041.669010000667
87933,15369.902252072035
100553,10804.02148904352
86623,12252.004917941436
87445,9608.322571460796
87890,11481.913439771735
103149,15815.880774119534
102862,11507.153220616785
77553,22261.095733715654
104728,14887.081333605707
77884,32478.66865979824
85105,20970.05470236937
76064,47118.58045629953
86071,9639.9869802178
97148,21546.95691259892
76161,18644.456908215663
82950,7887.782689607609
87334,7697.958733839233
104120,7255.434285992731
104591,5859.987219112411
106665,11775.321248146862
103766,7986.059480558409
104087,9722.899229002467
95947,41255.55342406129
87165,5761.536253617066
76294,22239.944665795505
108455,20192.72179665205
85399,9661.551729596353
84698,10629.822988760345
80713,11812.468450719203
85799,7583.085281502738
100254,10800.690310206954
80264,10751.68847198126
94211,10327.855243752114
98839,22022.589668551565
99631,20877.249888072874
81506,31348.826251136157
76167,15378.911927022227
91308,47468.34713320276
78803,17391.18803049838
92010,14478.558990416976
99424,6710.152441119841
82042,16035.41231861789
89760,8404.825473789897
78489,34412.910213806594
102712,11273.0599319925
90935,30635.66369982798
102912,12246.33208809112
99041,7955.53519455802
79903,42408.06282702678
96670,8592.434195596263
76729,34582.82570543936
91107,24902.9114381489
87286,14341.748367903496
102303,9623.153503624944
106623,22643.96549431484
86955,14666.971134109675
90173,20200.309898643594
99829,6503.735906628409
106155,14353.652099409455
95426,54851.66404096718
82218,22417.301199471243
97534,7215.887705614663
104186,16203.768311627398
94450,25262.66321495156
77720,35268.44002479781
83278,12489.888276198024
90401,16167.15167476665
95842,22804.461105179464
77025,14363.077907680728
88288,11758.431819758982
83552,18550.64433002585
91467,30961.79710382576
78417,25578.14780697549
81312,27123.467018205905
106656,13774.629888423056
93396,24318.468813058807
89063,10056.426329373127
94830,17375.263553308447
98183,5497.545528753521
101338,11731.054046771154
86784,9322.632440242203
99315,8975.711637175082
100058,6108.708568446121
89181,12302.485969880228
92271,25620.200763141474
97562,12808.086520105277
79601,13823.366843000147
95361,15423.952697449398
82021,17310.913638452017
80766,14264.901497136128
107591,20231.762545594444
97689,9005.569497170161
77322,17756.433544622192
83942,9998.205217469029
80703,36507.11632192421
84304,8740.331783784026
92976,22363.76744268523
104652,7096.197137335059
81684,28617.573857523377
90189,12283.966615858686
92960,35418.399531289906
91335,18907.09910853381
105310,14924.6604234631
97940,9916.354228552362
79726,19982.76190576841
97677,14203.448690933792
76868,26904.188977891325
82008,58583.57654507851
96078,18205.056514195643
87835,17341.62437383298
79247,16464.95320127368
77781,12141.789031021024
83214,14230.383976690162
108215,27082.084277054422
93824,29145.630776879923
80787,13180.460871392272
91615,28585.55023987183
80389,33524.68763359027
103596,13844.828117748744
105821,20496.74893442138
82476,9171.790547656714
95265,16865.593587857373
98399,21911.433176983744
76238,30450.984772186268
99100,6161.538308157208
104714,9506.965103748822
90919,13109.362851921323
83623,28971.1430560241
104865,11423.432012205089
82002,16130.48836238842
78910,22214.712161735595
95502,42206.55114156917
103857,9623.520568677994
97624,11987.939748521689
85720,11427.210169541431
96531,10873.564103089348
83085,15582.817789376411
107580,19194.287563185924
100283,11253.303512116085
82635,10345.326472075194
83319,6402.884819007615
82752,20766.878600638152
89036,14486.104412324576
83309,13448.445211294398
91103,24458.07291229501
78064,99789.16422275743
93250,42919.89585529095
104512,14737.381446856503
79857,9501.583158826012
105526,20761.31287322376
95901,28336.24878542638
88558,10551.872104435648
106352,20518.134664963563
77802,16929.966930686962
87315,8597.372551543112
78742,27314.261635922678
102737,9488.099474024622
102515,8599.140446236232
89811,6865.291372869682
83376,18117.121030242102
81478,26411.98183352206
90640,14120.08243274988
77782,11624.53099708373
95954,16844.808256478274
102593,11121.74970306586
103795,9766.9869690979
90806,9494.303030505142
89657,16828.841793835418
86003,16079.1299948838
95380,19106.264881507057
105152,21007.619228833748
89783,9403.536172711256
94941,12292.028458838491
97059,12714.351754400292
94104,33221.65495939457
108398,11401.825775029363
84930,8706.162396246307
107156,19719.474849083927
95687,18152.49727810314
97033,8952.11012485737
103036,7685.831952904142
85849,11318.598846268103
103638,10187.7780852992
76938,29869.60433980804
86884,5016.077548729857
88711,11974.886362713878
105179,25264.3115716241
103858,12744.637360277118
105362,29442.02790991788
77038,17517.413202540316
98935,17412.3767676702
83763,11037.29417233249
106254,21826.78137974941
96326,21538.0517096222
91225,33137.29624169605
90336,17564.707145515556
99070,8030.88810013066
88213,15358.420799686482
80925,50007.46915600237
99202,13186.198630070996
98190,7115.758880321771
93632,13873.126620649367
103377,8857.825934180066
106788,21345.681253132763
104266,20600.68503457011
97957,11102.390852564118
79055,25122.321302547025
99963,11745.93163000768
104883,14667.952564318944
77565,19478.3832782335
104641,9059.017839269827
92456,24368.676150458326
90989,45474.4656299082
96336,8067.524548283417
75990,12819.079455474612
81685,31582.49003256779
93610,27314.97016817156
92156,24472.19663654174
98823,14743.73966672902
92141,38392.25736063923
87756,9727.759861049686
87211,12989.876716050754
93983,30858.127638717444
87098,6471.892023380493
88453,17076.791244046777
78408,15776.349270909184
82661,9116.24759565801
105658,9658.130113069028
82377,12056.919168613516
86738,12165.98411388827
90498,8411.591118132443
96128,14569.213662370934
81136,23194.957426545807
96840,9674.760109931532
104970,19952.2957015918
102228,10076.893391704349
77466,17387.168263676795
77981,10563.6274526423
94406,61618.11623028279
107110,11872.378954479627
106442,20144.744091996377
90593,13083.218702758795
85731,8899.679972519822
91243,23591.806471386877
88327,15959.713460351788
101596,11699.245101616849
91216,26551.029821043918
82093,47150.079165703006
106882,19952.887621643386
89713,13103.781975374364
93144,5628.634758220238
88299,17062.916317091844
78242,20706.053552099947
93200,22451.90355686989
97874,13003.384169078094
93836,41674.83949304756
77774,31399.54876329284
94322,24847.07076675965
98230,11794.024230528745
96006,10292.398980948432
85959,15335.30613748085
88398,16580.24440760726
99305,6179.9867522494005
86936,14848.036983876464
107147,13475.988300528688
89432,18179.625113646984
104475,16150.596493775864
93164,16338.380409611222
77276,17153.629114655894
107454,17521.203589894532
89979,22991.15881179917
105360,6537.116788237405
88586,10258.811557904228
84105,15095.916840165506
104625,12824.234720818871
78707,23543.520455609247
98962,5253.341609682753
105679,7723.770879597374
107418,11655.474606475142
93072,59846.79819671335
78519,22562.16832615104
98281,20687.297924698607
99872,7216.422256800297
99188,4274.054104224555
102719,15123.782320145545
107129,11646.493583897676
86785,16286.2918325817
80533,17262.263757777037
78168,17166.233599292143
96300,31743.564314308467
85605,11359.587838658996
77676,16997.2343585718
86360,9875.729638257211
95177,40736.561612002406
77263,9451.542204485842
83488,23935.02999997969
106949,20318.068457504614
86400,11605.90737208999
103763,10968.973267490028
98495,10936.563826589158
94363,7625.466548055032
101940,9691.774525650826
81366,18230.347301576832
99546,12766.277288724175
80651,16715.85531426245
101196,12160.84098898358
102050,10604.127154778384
99804,7863.087565638176
87153,8389.670722258674
81225,13565.066873437296
76181,25895.626628686565
98469,19751.06996277543
93979,14547.761871207122
87480,18367.461846008333
76369,16094.904008397454
88375,15309.503550762074
79983,12056.049793175427
87393,15377.521213108615
88732,10099.563328230255
85383,7509.457643235295
101126,9017.706260745344
95928,18215.56283051843
103011,2336.378308392528
80083,37594.26201348885
96118,10977.88374014727
85674,14643.53737156098
82917,17404.254354129887
91143,14378.052117171686
101645,10703.456565920796
92817,16187.874165354122
97402,10468.71140963852
83885,20487.25525611733
101758,12245.807422276
98594,10097.829026575217
102018,1506.7515022975151
77568,16093.209646937048
92202,22707.256759804823
83954,14260.113211858952
92567,10832.594253579871
99006,28522.114374585613
90732,14402.713577507642
81955,14241.362449432909
82585,12083.810571395985
106285,10916.329189417316
93620,20716.014207743727
90725,16347.845379386104
92088,14678.59083831136
107174,5864.560430433283
90304,14643.796000102657
104127,17124.222160093726
98880,8468.919647286062
83303,6310.834003006272
94770,31951.993790963526
89074,18232.257239221504
107549,21556.49167413811
99624,20929.448694571343
105181,8810.468313392947
88189,8216.23985366568
76455,21636.77459039607
101020,9478.003082489702
76745,15470.733975521356
89568,16782.605014376124
83478,11230.733876077064
85747,16024.709147554882
106272,27983.099147090117
82872,16841.19623241056
107532,9650.236165007724
90049,9185.735877488569
81364,12673.36699267456
98040,9077.83555826626
102958,14665.117501388371
79260,28270.22638965086
92243,37838.48046947199
88478,17167.39415773146
86621,18560.60635920213
104072,22602.291047952367
90813,14932.146145272356
107620,19935.227342456517
85958,8994.029557819558
91758,26514.66120866797
92388,36685.44637664005
95940,15344.18892160502
95423,34301.47659700366
78205,13622.057579609322
92781,21751.441496624884
76964,17778.43710877785
91309,21620.208843992616
87312,16126.95157365294
99960,7721.423038587163
105615,18920.930943358053
81777,13796.8937997414
90088,7838.137576426869
101916,8653.282007053533
102032,12625.162539851925
78757,45505.48923159087
85089,10905.718182096056
107536,12590.137896759314
79554,9313.80031930068
100053,12421.111918093127
102087,16856.68603424731
79180,47953.07073514063
78292,10740.06394061749
87547,22974.86854447599
96714,12915.868617238835
101388,11801.083760321795
98889,8124.011524607205
90037,10428.31541622377
95831,26377.957084518217
101678,10424.33643085058
77780,24594.3806974738
104014,14465.986804310098
105304,6845.262391464019
77837,18104.348687980106
88541,7155.94097251369
89143,18466.23285967768
90294,18108.104290625422
94097,31910.253365186112
99108,13733.422067314905
107044,12435.044870645272
108467,21013.54450747581
88739,20702.884907902662
102441,13338.357222191104
86183,10120.708171864617
106346,12285.551131791854
84130,15982.074956899378
107757,9123.24240670452
84412,12141.256181709768
96522,30410.99568298275
79372,21927.984606857597
106945,17711.171672746445
88312,7880.188046353156
97814,15728.937908820124
94724,51107.08690217776
79892,17335.486038691142
94500,19060.30982133937
102161,16307.050765441674
85073,12199.70234634876
103316,11121.288564081458
81537,13837.459709352052
79187,29722.977190325004
93646,27281.448469659437
84942,12973.025150183284
105305,31730.76700167032
102440,8271.250784399386
99694,14876.337824929731
97189,10649.209770552454
89680,14711.582571790845
104471,10487.03318950397
98066,5224.290708296074
104541,10441.38991372269
90039,7091.745644940785
99640,14522.256624712263
85034,13971.29192054837
105699,9776.393798729416
103097,8870.725106189526
79154,25270.587413814705
79730,21547.599107455306
93954,19692.560074349767
106821,16223.685641631031
108129,10079.690824684414
81433,35768.88502753251
106810,10095.467774926075
89340,8142.362733393949
92137,32044.664947634305
89457,5785.78760951643
91797,23887.081789891454
92334,27794.86760200637
99141,15723.334204280382
104901,16815.31572538571
98189,8970.68086095323
95071,21566.85839960707
85149,15938.023692229795
83164,13936.67463798216
79589,4139.433431512405
96533,24779.93026642899
79514,20530.141333197036
97024,18980.32951830837
84010,7604.767152746619
77716,33678.65918696074
99999,7760.027172987448
91937,26962.85506671836
83222,17569.672330363108
83874,13872.473351251372
85379,7781.940355011146
80923,30556.18964229488
87263,18418.529904770483
77648,14836.858482436835
90784,21974.486254792915
76092,27913.139640980728
85877,10463.522200492738
108297,10153.684406098915
81020,30342.915191673303
80092,26483.731183987635
94008,23184.123681062072
101425,7002.928114150306
81218,23066.723918777563
102599,15159.97433813702
79959,22534.627331122367
88223,18895.07072032913
97792,17331.306762891807
98438,7270.359772406975
107986,34670.30683143975
83947,7898.354179434764
105867,19716.665903807057
107403,19192.809041578028
88885,15643.521831812606
98450,9981.807308763731
83554,7659.905640426004
92398,27577.381406570166
97238,4785.085475236487
79115,51274.85480926855
92394,14485.76764109576
86813,11428.792847995192
106364,9578.632745486606
93974,25807.203151695077
96921,7848.441263070713
76493,17474.434067089074
76358,14331.328396250085
89895,9134.459277966533
91354,30350.07285781321
105589,20095.104270493703
96412,27141.556208383663
98970,10669.17927139101
103020,9404.147858680211
87261,20941.034372590788
76112,29531.37868153345
96166,13865.259827222011
90696,13959.001355655051
94089,30674.67587730572
78422,17126.777378450784
106298,11489.209592371477
105489,18101.076806262496
108304,26765.88314869896
102353,7337.620053374278
76411,17801.452218650156
84847,12882.221528408389
91646,12978.98536961707
76141,17028.49800494688
90730,6413.04678844465
100429,13077.246281699076
85989,9486.546674242963
105539,12604.568163091788
79951,38810.50068785167
96676,6882.739284333987
100762,5594.817451520467
92509,27958.816677030045
79582,26982.812309982557
108529,20471.573035835285
86542,11472.166222573924
80669,19360.629862615857
99953,12863.010482065503
93023,16546.644822661478
102223,15098.4182683227
102167,7196.565713522718
84525,8642.549390755084
76654,31566.88875150343
96998,13345.442344069414
94337,17274.481445169447
105106,10177.001077515846
77494,26336.169572989304
91245,25081.561104581226
98303,20884.063119089733
96838,25431.235316145263
82064,16327.551072673505
101129,8746.822375248166
78108,12744.518403148268
95497,23072.69236367206
81175,11942.71430286736
89631,33762.88375770518
93976,19718.685950064893
86199,19333.296993639902
106842,4250.701901054596
78263,12291.896905976468
89187,16469.144871260814
104396,22519.90909427144
87198,21661.532347169366
78994,13959.7186037127
82655,10902.712398280792
76432,21626.655571464813
95404,21348.00963545229
83767,12711.291907464629
87719,10318.313615221634
105980,9939.21533234534
99851,19850.27186227643
80432,8487.235935306546
80344,31079.10918756529
83694,21470.086779019388
96247,21263.48153420841
86395,19062.364985850225
103276,8245.275994937803
80262,12842.38058040124
88698,4616.332188472416
101575,10108.44992592476
101293,3365.664986771229
76732,17294.307253862753
108287,22555.63996809824
100140,10057.504338154018
85239,12505.921575173605
85252,14587.986607691106
77174,11004.39343668284
86250,18244.98150734269
101740,12934.416999678577
108134,8843.306934643759
82406,32144.801108996784
88667,12786.554049366096
96978,8937.267801058668
78635,15233.051720066958
96572,9285.795129845284
87841,11991.879933438297
77951,19677.76528920688
77253,11160.520286889903
99102,10664.2948012374
105959,5997.225581389479
91687,29923.5202267793
83483,6683.596169290165
80361,46211.30372490664
94647,12653.39564650979
100857,8021.093427508224
82465,12272.51290520144
100672,9788.301038680056
88369,17126.32782993945
89345,13006.321989201542
89610,7274.364252101132
108452,46754.246303039705
77913,54288.237050445576
94990,33961.61249862807
78501,14945.57892688508
78393,13330.759945550852
101975,7461.1774555303155
93585,37775.56797136476
80079,22610.69745092285
92292,33568.95726842137
88595,12331.046856556371
107865,19454.994477781165
106687,17592.731751032123
101741,14021.35188909352
93999,17524.853568977756
107722,15405.88917608191
80167,26412.02378274464
81844,4901.633281376649
77048,18542.58307765054
107873,22072.439324057337
84939,10730.220042762698
106486,19755.327268116496
84683,11951.70684052838
83721,23353.750426946368
95371,16357.133561957397
77370,25161.957276713227
81285,19814.160536985568
92306,15505.04588777458
107739,23707.042549207163
89483,8773.782930647922
78832,20770.43338621668
95190,27464.362912650744
100747,7101.276935249856
106957,13019.49224510615
101143,8186.02044891524
92745,33887.42839225798
96890,3887.09557912535
76809,11771.238079692976
101202,9405.149790066418
98845,17413.902972144737
106599,9695.059887015632
102195,7686.207297008344
92630,24791.06677819491
94558,23973.72365718659
93959,23390.09375323505
77993,32732.659303341297
105814,21677.20369896459
90144,14411.305799915652
102474,10899.432796857467
93582,42371.38220674085
95183,19141.085166616587
102451,7193.655915947475
90109,3466.007808208776
78889,18613.630022818583
94338,21887.806237751705
88104,15683.839259568716
99955,8586.144040755305
91274,17132.319216407457
82254,32989.08195599039
94279,19565.99014089739
84677,12376.93513466487
86814,18863.59576310628
107316,17781.61652059453
108497,22735.63387410252
97403,14170.653304222003
104859,15335.940643025064
76106,29197.528805075
77307,31112.346329411277
105083,15505.5710148225
101644,7386.817645943111
75980,27421.916863657305
80678,28078.684447953285
96987,7247.701718204479
84261,13752.967212074924
103391,9482.820150430198
84290,9481.686097137535
103179,7981.53755117909
92887,20787.66320779048
88486,12724.784067321356
95325,20661.6312383373
108122,5358.136629869669
85364,18346.51925444189
80688,35012.99761457846
84356,17461.086091256966
82717,18037.60761087904
95166,24133.014090285047
81154,11780.469399828147
105294,24596.20342836171
101409,18789.28524929443
90808,15472.697678213715
91000,30819.804536922875
107931,32315.08590043233
80058,18799.544373857658
90511,17255.27428707235
92525,33983.32669323114
90057,10900.6562588115
80266,13073.425684434776
84467,13891.36696764328
90576,18504.03121921813
82575,15953.514561412589
91601,32535.54128200288
80196,20322.099705508022
83418,15598.699169884108
97121,16448.128499630457
102024,12254.266742260166
85225,13123.63520526067
107001,25529.39232320879
82592,15584.777597081791
96681,11917.46325370246
87462,9992.739805849646
96787,13435.939092479994
98868,5955.705449500916
86472,19745.77951022251
91250,20260.54355455736
84328,12194.501706611034
101840,7803.251001753282
78225,20682.96248031366
81026,9835.113824313828
82325,10553.078128980886
106596,13157.639980358876
99810,17210.151842079926
88054,18001.281843662284
80041,35868.60126810813
102577,10948.096385439016
95870,20464.094113616346
76937,25778.36094347784
108359,16826.534789116206
102482,11885.383887279526
105228,22318.35191549768
94110,48776.376273825445
91022,41259.1817369725
84243,7964.905174226731
88868,17904.440291433624
86994,15514.08791133782
103924,10240.91896110374
102415,12791.158030531144
89954,13673.020568316586
98212,6935.802805237554
101117,10393.494287866648
103865,10385.482529856885
81944,15353.316285129604
87371,15346.787741358374
103778,6969.880965296231
84310,19098.897933594024
78146,24160.03031769638
83910,15254.395253644576
96498,31760.87379986188
103937,2593.822461680649
97439,14667.506200071664
85156,9965.751897266811
93197,18902.917499635267
98573,7557.175062989876
96816,12565.531183035386
94610,19882.058941654133
102536,5171.154475197198
81021,14210.533114604825
105037,19104.701938490914
82891,18780.38886871493
83601,17400.756196733422
93413,16337.678410600698
84517,10344.903674259993
98296,9400.850614594929
83442,13567.299278839257
83641,11002.334190892598
106454,22667.28144510156
88540,6523.553696849033
101350,17282.033918365443
86741,21912.48905275362
79411,48184.46580833376
81400,17194.728970281263
92460,15534.962500622762
76076,28244.292895500683
85593,11978.593228746411
99476,9863.740812590368
99991,15247.18672584164
80184,17882.172872423944
91365,68466.6652572534
87967,10293.114160176096
97960,7506.640082643576
106216,8479.074981478447
94470,38906.80918181434
105054,20523.12679103561
76801,18274.38047301749
84376,15155.711671740331
95818,33647.47968348737
101354,8232.065319454581
81184,13972.827488020948
95386,28494.800858839943
94813,21915.1031384934
100188,11138.53801760524
97816,16320.13275405954
101948,7147.725681943053
108229,21894.55312634673
77604,23974.52944054752
103052,15895.972106157707
83998,8309.394645181497
103163,9880.052788895911
78407,27230.298050857356
106267,13541.27317670212
84808,18424.112972208302
102176,4854.656798982461
103807,12032.444227798169
102936,9739.362080993047
77803,19869.383298886627
91153,16445.777599623434
96806,25795.90711102345
107797,19089.22550298429
92654,10112.062349057962
82110,37988.049281001535
92570,21174.668438662207
84350,13008.06558128594
82022,36455.2411615464
101036,12604.77483527409
93012,16947.34787646078
104053,10017.156774035808
79339,21782.69372452497
79767,11042.578564817744
97252,14049.748804763003
95098,29455.940402433487
99791,24761.276888498094
95121,22156.93296758761
100598,8501.259876833661
88806,17180.09963172216
93433,15672.179880090627
85064,18837.555069066533
103820,5437.749278026196
86190,22659.58850792509
96438,17383.58623153641
106282,9826.3868861655
93667,18189.261109520645
93191,16403.4479213519
103899,9932.86602117484
93568,38707.79363500159
104546,24298.638338141274
80852,26346.64130735514
91782,18634.67463401424
100867,18128.62602005331
96727,8632.087546371988
88787,15279.392497464789
80175,14155.047965099076
106215,21609.020754674857
82884,10419.954806986578
99701,8988.10872386019
96972,9434.574874295196
102844,15605.53358653084
85912,7434.300722430346
105580,13336.201034006906
92949,21105.035563694644
95794,28108.760241395237
81410,16408.362174388443
103413,8050.56680303407
94880,21473.70583698025
87634,7782.698682461998
94036,23652.892663052964
82130,14940.403244352758
97256,13441.197011912049
103817,10953.234774196557
104456,9911.72721971366
78003,13417.990086304186
104097,13800.592165879782
98797,7090.439463433007
107315,17615.38255744586
106755,27699.257456274518
81147,20482.35408065312
105271,5377.312053964921
89017,7978.92257678463
90194,20502.39840305184
106608,7015.742587689549
106146,27020.875669310863
105471,15201.939957465856
104538,9380.385043216174
78198,36291.42102816148
104720,13731.27042139408
94900,26517.53802914511
94045,32266.09649523409
100816,12713.164915909152
85400,8664.474926085612
96876,26423.65483189489
93515,30403.73183071686
94077,29154.88029788372
87247,23004.133544587745
105067,21821.59978413911
95538,46345.38002230661
79301,13498.383180933475
89679,17429.742424272103
90677,22385.86204925645
100348,13833.98139109364
82373,23220.49265852824
104030,15608.34790664708
91200,30077.24385508488
108132,10089.234258819186
96587,12173.865229095496
92498,18187.22351488332
103409,10537.99831442512
91232,22793.73561950749
80016,19963.549085705657
98705,9434.21459487552
94058,93724.98706255676
107248,17627.661683977552
85165,6508.226456673017
87202,13740.8650896432
84291,12284.213069770023
96682,25939.49234474177
76451,35291.95952943937
91004,20484.8129391306
87541,13267.663055869363
84735,8708.881189252552
86029,12936.84888403232
87675,10894.232551392932
79434,31253.336385251496
104691,23544.38627051961
95401,13872.573930333208
103975,10431.699806251903
106441,12964.146162845229
105335,22175.900109957314
86453,6271.896929465311
84490,22338.82974033534
96908,12459.161142837032
87472,11346.891063294644
99908,4412.730339833379
84898,10137.806291931884
87539,10899.585034528493
100666,11967.617714800885
82231,18422.33478221461
92648,30643.83068723194
84694,9593.18766205704
81594,9230.281822344285
82685,10433.685875175834
76620,34299.61389697126
76943,19792.43276095189
80231,22816.41143779908
94782,10407.658112301897
83815,15326.192284975525
101713,11007.792521685658
86358,11017.956958171177
98701,19057.694062567207
106421,11921.015302508416
97920,9384.894846539046
108072,16983.369743322983
91315,23075.81302357056
98550,11880.613003639568
99263,6977.838551829499
95373,21219.73182812643
80445,11962.80799114648
76982,16769.532654988
85544,10739.135684159988
101977,11962.149562871213
80279,22061.902913304984
102808,7211.614469771202
107325,13953.41040157096
79988,20151.251418779862
83473,6721.014736657591
80074,27994.64290454494
87094,15308.668644296216
80523,15882.20686862374
84129,16056.58412033453
100159,9809.613360855732
94256,27663.003049166327
79199,23644.94140957032
106674,19327.63175124137
76299,16308.76595009056
82217,35479.72355163371
87294,15952.755955976148
87361,7793.856290899836
105782,11324.77946072167
99109,12210.78940598408
97733,20156.669155544387
80963,19221.640237994347
105129,16802.173432827447
103322,10832.07554080042
90068,14896.504932977645
93845,19349.08040573758
104956,23746.9972516383
103473,7381.883709092539
78167,20898.3301131148
80718,34686.547860033825
85621,16195.309404729029
88490,9759.164196535392
105456,11947.41659746886
98490,9581.017892375898
86488,10154.730341504244
107303,21913.181047841263
106463,10318.112238006055
100403,9482.596125756923
86991,18945.1861742386
95381,41399.358835883904
85219,9542.894382187766
104635,20785.203562150866
99004,12084.636950992955
80747,26266.069874043467
97854,29284.960486780223
102646,7900.95152921079
93364,35836.57518537332
101209,8090.897105842335
89140,16152.46244053098
96244,10036.313076434992
93727,26123.504511906605
82138,24953.763949100547
97759,19399.30918441156
86015,16065.203925962656
81090,24341.751048064645
106085,8097.901235928013
101600,13754.658993451463
94831,27637.668810716008
96566,12875.360150015704
82361,27517.99974248158
80479,23813.19165970166
82068,10561.382156844487
104750,10421.150527701771
93539,17232.3035904025
98127,9419.455736480824
96971,14276.658775921813
94105,21484.474081220847
95326,18580.615895293133
107438,14672.02277675744
100536,8729.16029820053
92659,25623.887245362966
94809,33894.19303448139
84186,6049.108518038918
85631,8850.644605245727
86381,18984.271587387026
78721,22300.411776993256
91773,19896.115391867555
90453,14737.47919885498
107225,15833.26185371501
89949,12086.440970411815
104531,11906.690231571689
76979,17796.118525248145
104743,7751.927731977515
87731,9421.052144946209
79915,8347.277974713172
105072,28795.579635583563
99332,9458.11500988455
88800,7246.997333071655
89522,6766.397098744134
105361,9389.485709490513
96528,13688.11328596792
101546,6265.655706796697
78680,21031.02328045536
87029,14376.743386463757
80591,54148.3216937985
79887,23672.673522453748
76107,34178.523785387166
78272,14937.917217099828
88116,11232.378222774185
99644,10955.164782287611
87595,19583.6347977372
79324,17306.412354753324
76408,45640.82851364036
79173,15117.641510150705
95084,12283.26735873702
95455,23710.970389657065
83809,12260.152622828722
107320,15152.918463554812
78828,24243.75651003385
76284,16029.215979160374
105622,10930.727038935638
99344,7650.056367903333
79395,17025.977055477302
86906,11461.912627848604
107576,10647.011732181743
99418,10966.329206003453
89050,14593.025938547393
83758,9765.493345941071
76289,32959.43096963156
95798,29925.55801141573
76119,23632.06542186779
87583,19308.516486594235
93110,17619.2006435839
92911,20808.8122804696
99758,7541.053485718536
91697,28872.950482898086
85260,18236.86906496657
108475,20372.01037731026
84184,10901.099945576289
95737,19332.54594241112
105286,12840.853199820998
105354,11668.926706532857
101587,13036.348341897796
99526,12159.944757873396
82328,15284.614040781533
91052,16695.87783158612
81332,47245.96298156777
84562,19118.40389987683
86175,18949.054621127438
94828,26909.10692872502
76792,37064.06184267208
80436,21144.654795903716
88143,10040.849111910213
102644,15784.098967868556
79459,26820.19515310992
82225,13941.721066347514
83772,17004.493973945802
82109,22461.611672705512
102803,10692.51455518818
91947,47455.10895021724
88498,4412.757530369241
104204,18438.87161690088
103303,17009.01888202757
95989,22183.5162443622
90917,32001.4254075
104994,15199.520353428596
91408,29862.111669520826
79084,23482.40190153211
94840,11470.31158162688
103127,14255.477841419492
93504,17340.53916577309
88642,11724.158254327507
95535,32240.838980631303
82775,9562.94300572398
96490,10209.875194686743
77545,47107.98463709092
104939,7363.125606324333
97679,12522.851317279932
95462,15274.68809979126
82601,7710.416689912548
91541,24221.93200932174
82997,18303.71003457651
86757,5733.931602067702
86498,15712.4787327318
78468,15743.989502891647
98262,22173.221626356404
108488,21476.29683143906
84813,10298.167951631282
84965,9926.200663336262
78478,31588.450057196053
98819,16358.517917694937
101543,14247.302672419548
82061,21636.741071482167
101359,12454.396877298675
107203,13901.77056339547
98811,28273.958261578715
102982,10108.377824444013
89603,21187.310854002284
95083,56564.231010299714
102426,10897.506067795426
88264,13565.09914330314
87119,13274.097887223175
86554,16225.250689419674
103454,15691.359986697817
99382,20949.091586970422
84255,9064.12864802593
101580,8587.190823560839
82690,25538.620221188525
103650,11420.627305200658
92587,83361.74151764733
92831,13736.774327585226
104410,19947.78210936144
89264,12513.50281292364
82865,16547.697353679014
76984,21531.75902816011
94265,30132.040303798924
76786,10275.050858416276
86379,11267.217069246231
89735,12292.700793268512
97066,12656.362150143585
77007,20227.27634247033
89137,16365.89261646445
78243,15071.95994579476
76669,27781.49440876897
89281,18720.638098052616
105621,23022.182007102736
84020,11384.73515267526
90142,21257.63226144324
79677,25093.49389468113
101025,13809.170723047731
101821,11452.26835440372
77424,15580.29039942868
80188,20582.874679487693
94655,26173.635672823064
85282,7888.383067883422
78763,11502.403437118051
85774,16118.041855088231
79278,10490.638522956506
84460,12993.167787066748
81489,26704.74231140928
90788,21783.08788758271
90191,10857.478282064383
106772,32097.587545289756
108112,20892.76200146706
84380,12264.14713615486
93636,67461.50836050093
103749,6857.638483734005
93435,13950.15761195234
81394,11706.699836525268
82146,34021.36619486268
98362,3621.762256799465
88250,11745.31356452936
107041,16826.576093608557
103478,18463.605003586745
89273,10022.418485252878
93583,35489.585602052466
92107,28286.59321255873
79557,7978.674216692387
77861,11453.057186909587
84591,19099.39645363935
102756,6908.25954136771
91798,23064.2081549345
100309,15980.155655430664
94987,30047.140358623423
89991,14679.385683743974
81523,22588.592952042916
82815,14899.434877981754
84366,9857.13365621127
105609,7082.731257514368
89695,6846.355519180753
86242,15864.771922447144
82477,6276.253780503484
83774,8826.347461763427
103676,8954.048232325988
85371,21955.53202410504
77386,37803.20360776194
93572,11165.799390217837
77535,23263.852248083866
97174,11261.120889247606
78330,34738.22779683364
94032,13483.972827449506
97537,14691.42573949484
93975,15014.565115506426
80657,26198.457062691545
85971,14195.169007078992
77536,13217.258070266154
81757,14319.348998159054
81232,27413.315873186468
88606,9766.303131130837
107709,9595.296240090116
79596,21070.44355438693
85671,16994.12298009124
93617,25658.19200456848
104211,15725.141743237658
98843,11582.94658720671
76153,48179.51996481879
105258,6872.185364033936
94812,29627.455465026196
82892,17428.26070304247
87816,15208.917731189318
90058,6917.123996326505
95471,11628.766597412665
90419,12652.48829713427
88777,14715.095371989944
101559,8505.34054081799
86808,14783.174666098565
93637,20776.07845682488
81562,13283.424784766034
76442,30168.26651454201
79967,28685.44897452876
88683,19049.13168397695
78139,9816.360560271718
86530,11688.999400147048
77000,28885.120355727508
101915,10960.512154340524
90706,11974.13387169435
77396,17752.22362702457
83475,18911.615009016565
104217,15229.068220264287
101461,8301.928566792543
82676,8131.29535378067
104438,13864.548413467744
94757,22455.121068553293
84916,16361.754429957626
85934,21295.31140316896
93051,18095.038111638583
85136,8673.651290251246
86448,10497.575035914851
102828,10319.095121727112
101564,9171.057573432234
85740,22322.918543397274
107725,18567.484806178603
77165,21253.078728402343
107859,14529.249363351357
83065,8054.445496563726
83470,30200.87285738274
82147,24099.820926349763
103691,5788.890366666175
84024,14300.3186800138
99630,9454.317977871397
105243,17782.813732200273
103804,9175.894816263715
80130,10659.909770304132
97317,7868.335916270879
78532,35440.29615538484
98989,7496.965842714602
87716,9141.247587537588
103640,5444.9700932316055
100541,16869.29255401797
101428,6114.645927555397
100899,4671.979826676975
91739,28022.590575012564
94502,41199.443697826966
93919,25131.73040029061
79707,50604.120848092
91516,35213.68109115023
93156,27217.37763625124
93340,32890.44100191815
86892,9678.536293748302
80420,17373.088755404326
91660,53923.08777600342
104006,13381.917047493233
79833,39872.44273283873
101663,7623.702330556829
102471,14875.701123428458
105380,8720.067225110573
107076,20872.520038118186
97009,21765.087001713106
78577,34522.72509805144
100281,8423.380762984621
81075,29544.66117270258
105712,29372.56343126705
90807,14632.092676172058
84240,15091.387549080184
96951,18320.10592374378
77270,18498.473175851253
81760,13584.413118146964
92040,39994.25928435269
89339,17720.679236926488
95256,24860.98747627928
84788,18594.673152737018
83686,12822.296908738546
98633,7850.4264463707
76608,20813.186283884555
98918,18396.454958701022
100264,10644.49569144155
93998,18894.640846328803
90051,7875.48804621411
100506,13575.536134487127
95747,14317.116937476294
91393,12334.922531321028
101051,13151.531988811525
107844,15036.315651768484
105479,19881.39526161553
102468,11868.24012944964
106785,15904.034738900711
91577,17291.54491178642
80832,11075.269445805823
88616,2357.8967966334585
78897,22063.92521780379
83228,16351.350566157098
90389,7611.954626115535
90154,12600.10484836643
107664,21506.96144801895
84602,7026.183001916206
103155,7315.384420727355
94290,23949.922899249064
84292,9653.079377209016
82455,27479.364198838422
84453,8165.226876247661
89161,16396.45322806666
104207,14751.289741955065
85660,9973.102075670498
80032,32874.71073146543
75996,20317.652667744245
83712,11308.01965720588
89784,10369.052649554294
101364,3876.4070551080968
79099,21543.70085978874
101423,10336.097429524254
89977,9191.915182710778
87688,11487.616197705967
87401,15549.30461991667
90723,13885.397966494802
85875,10255.057298938971
106387,28846.05347727862
76002,12356.923210387338
99436,9450.483709172046
107239,13584.518420847367
80251,25658.965186794758
85127,31120.299710079205
90351,9223.84352151919
95526,31161.914734834
79335,30736.664710234443
104754,11180.847132553408
91081,31594.0219555563
82005,15150.792682907682
89414,24483.43186187119
102366,9306.688212289706
107017,9410.014959802633
88810,9722.49723810054
86694,7218.102822617126
79641,8687.78850481861
104863,18918.807281944573
100526,17526.994986742982
80318,22365.96652708277
100931,13523.507408925394
102375,11408.252201035346
78617,21748.566527013256
103552,10587.66726519078
108268,16208.058594403548
77842,16465.271925686426
88774,8270.65871467202
82323,17525.38683685752
94125,24499.56696097965
98661,10466.668375979702
100997,14026.189421830724
76933,5546.558686273815
76957,37074.73799226267
84347,10084.504641410322
102000,7456.280584458515
84626,15397.736864376213
82214,44146.19555343819
105909,29216.16803133248
107442,9338.3972382073
102342,8135.555730013777
104461,20462.40717526045
80095,49352.379770814936
83558,15237.761998489905
104376,19809.86141144368
105494,14433.522216200352
81702,38016.25622743679
108056,13556.107758387723
84131,17779.95404464187
94242,25175.16128735202
102987,7311.818365577828
99643,16045.34304674722
78954,31902.686171106827
85511,18318.763397558
85380,10416.662783970994
77232,28190.98207895799
86585,10573.049563535998
99729,13238.91759127809
94946,25303.313085641665
97768,17052.830956790433
83855,20124.109122648515
92397,11823.651320575666
90311,13462.356299776
99324,7788.045639329669
81167,14807.236741276214
80030,36213.53119031219
103679,9160.869332262766
80164,11682.897432215896
103198,6788.321558277687
87658,9892.538286210887
102090,8812.820700265383
92710,13476.163610750697
88551,10243.140370676609
91001,23737.26262223576
100653,10265.578339052743
106050,14367.166885140574
92084,15406.29120071785
77402,19972.635826526104
101296,9198.16423891131
107242,15852.52284865588
95646,19046.593721220463
99126,7536.316208947574
90982,21018.512987548736
94896,30490.784728637525
93011,16714.701538904956
84607,20464.246017133195
83352,7368.894484124146
86097,17645.368115600482
99312,7379.06346193555
77584,28916.00575766458
97372,13146.619132856587
107179,17747.187174506296
105835,15128.80038725497
92924,24358.973253337925
90798,7571.431619157465
77487,19880.10800183371
87523,9789.965911303683
104328,29798.249290214662
91404,15580.683988513983
105702,20549.01629151548
86051,8484.79616015261
98136,12045.483626609874
91149,20979.23437588657
84015,12185.16592609962
78227,32408.567066786905
91810,42668.571963036535
92345,23737.88919169398
102647,17384.52739313089
106549,10273.270390700236
97007,19689.44839360452
86887,16340.80081347799
103983,15237.870517107116
89554,13596.90781857811
88066,11789.472292785524
98778,17552.89550348922
91459,33615.16270675062
79659,27674.15508053645
83978,6880.077230207926
88036,16430.635797385316
80483,16001.498427138888
101770,2634.6891301415603
98220,22759.33190762403
84427,12590.689238413504
94491,16296.566948328991
83782,13180.708573898097
101945,9986.263042198594
96613,11978.711506239812
80126,46010.63115887198
83381,16272.535104386958
100263,10192.975482040909
94953,21112.257427406126
84413,13910.942075342948
94816,32163.31061364897
78578,20777.19952364934
89766,16773.478347010652
78560,32825.15539067585
106444,17152.264256003695
100883,2863.290039412165
102769,7740.507706390326
106426,33084.098150207006
92404,34123.90131699921
84800,8151.680340216501
90714,10969.345538637488
96274,18892.871396307397
88259,8653.35520369191
90683,13350.7093229161
78878,14036.678785496884
78675,12214.070986950965
102189,18932.89339755388
97959,16285.427824782531
78324,22599.46892716651
100397,10705.715721212246
89808,12345.376215025251
102920,9555.020029934154
77724,11949.914143682938
97183,14712.073021074582
102360,7199.51695480077
81748,19018.922264889967
100225,7083.860217316094
101411,11949.475937110405
93887,26751.237364068023
94437,15798.069064493357
102317,7840.672219592609
100939,10431.946067439572
102016,6943.210037907829
88651,9394.655881870409
99340,7331.735272440212
107078,26107.584331192254
100937,11011.450714297156
86922,11778.294103018394
77864,28965.01061786217
105180,14060.436409431735
85599,8070.453882787757
94556,48693.04058756589
88368,24801.95208100369
81005,62527.62996644758
79083,32868.539964798125
95200,28504.833530212814
94374,23638.05865036626
94160,27997.923738967624
104549,14042.59945345167
85933,16550.685177228934
104848,20697.97860385425
104424,26557.887925467017
78183,16267.639291217129
99280,22260.329083577708
97928,7195.31526463204
93122,18336.427103331345
107991,5725.447491821404
92468,28402.622502281243
97451,9062.45637900738
94463,14964.734493267944
77629,18119.184168468757
86008,12896.645260614776
106210,28807.31066168417
106181,14994.374698264328
87485,11777.477931773805
107645,10375.195345306642
100084,12490.943348570469
88201,10360.427242102029
86236,17490.54080109186
97090,14707.450547021226
83909,14052.305458899347
77686,30055.77289944156
85505,21806.56869541612
92046,29716.976350438017
76681,12958.983449098254
102648,8486.368699058545
104998,43693.25560121168
86349,10579.941038821064
77229,16854.355378834858
93379,24628.512502357506
84973,3819.427187172916
80681,28482.567425963334
97876,10910.551587336278
89330,10937.49095477411
106836,20664.04347171049
96449,11210.9661075822
88765,17523.921351083143
85710,7632.229998356064
104002,26982.28026329982
99224,6964.672814561063
96767,25656.626483644468
91035,34224.09598233705
91531,13005.563083804613
95857,23278.73398220702
81338,22931.784725804784
97921,14041.867984204797
94040,26255.44187806207
88240,11864.142649255917
104643,12231.684894725193
84702,8393.260839488807
79809,14049.704114640032
82171,15529.205688265312
102481,10861.872838412157
99514,9710.582646391162
76656,41972.566721012
86176,13909.766614801756
85784,11132.22215167358
91529,24936.15152357884
96184,8479.990811201927
94982,25457.405069536017
89887,18543.12054167695
91306,25479.53382390278
94801,18032.721501606185
84873,14173.592339698393
105262,18281.5981678974
78755,18200.567829514457
105378,21392.73327599208
107314,26806.94753687773
88401,20630.933119532237
104523,10912.814522591148
95968,15630.209004577422
106940,16723.67203769179
85854,13447.835384849384
100090,15995.174013345317
94299,29160.575203745226
95815,44567.96134934062
83336,14089.509358102892
93357,9998.94745447928
83671,11858.19345567895
95352,19334.217789782317
81447,12742.086950348305
82530,10141.114520517938
84072,6912.899646441452
79590,37874.58298905762
81072,18674.15227941268
100894,12582.879899016303
94501,26102.850586840137
98410,17497.96811007989
77356,33829.883888763856
89008,7561.319150532034
79270,70206.19702785018
102768,9776.073752026792
104671,15349.660793184805
91482,28553.146146587856
93496,26535.047948176027
89699,7072.590096682052
93711,20117.406555362628
92768,23988.302727270275
102118,10529.385124113844
99410,6531.0934793280485
101552,7659.745239218809
105876,8961.842206302748
106386,26029.697842935355
94563,24675.26295908321
95860,16686.98183859947
83636,10991.25691476994
98837,5992.0464325931625
78724,9604.457946389964
92579,25595.94664025894
82223,27738.653126760568
84289,10457.1245969821
77579,28647.586493214265
83896,7612.105659627728
87389,8678.151768062537
88139,8675.108419611963
106790,32597.44851731792
82260,29391.319050013284
101627,10951.024425714724
81876,21103.27171995424
91029,22508.04073982173
84583,3489.672396028532
108158,9949.298262448152
108203,15131.816850710802
98582,8808.887663512483
107003,42607.03301627095
107777,27236.394042236338
90308,6990.737025409053
76799,15707.629213809683
101387,14140.741585010474
79964,20996.26579413226
91606,26884.904598889298
103952,13770.310675573974
88622,8464.401924589061
94559,28097.638833311976
76143,17722.729926818232
94903,21703.69147237175
104486,23537.63683301241
87551,7543.479727452922
78063,55214.34984387798
102556,6172.554179533871
100052,10738.532777450017
107074,27582.58805625988
92069,23729.39305615824
107850,29399.935444567927
104540,13709.51157246469
96846,21760.08798370172
92391,32104.873901728824
84659,18845.85659014001
84117,16610.908700623633
79120,12345.367421376555
91389,15730.456552425045
84349,8599.810504239857
90954,45187.57148481539
92695,15276.97258351021
107811,20174.53437549911
81971,19587.915855914725
83450,9484.096389096798
75976,24676.75224845467
102965,10018.906136745853
90287,21872.424419501906
77605,45554.06937503507
91214,28574.479114875165
108303,14855.595205016532
94860,45658.361561968566
79366,20398.817524204787
106091,11040.604641282418
76439,35326.62205087554
87417,33460.81162280057
93478,14358.55201438714
107216,19980.997282841483
103764,16036.99547157758
86879,13525.386741715076
103625,14198.583500756606
76402,11608.81592188468
80311,19565.487060006915
80391,36979.22730110238
100880,12219.360731966615
83171,5975.081879503454
88078,7887.012181735918
84318,17445.670282115498
93526,26592.487661323576
94190,16606.73738764456
97052,11904.0126040816
86101,9097.947942336605
87543,19882.917053648944
85029,10620.551066549308
83740,15421.708498240136
100089,6004.149109356513
98227,16906.04933669079
98248,7206.121807481496
107138,31453.24748400153
86854,13179.063741135662
102785,7826.382962783275
87839,12654.93819698959
93906,21758.452152354505
84661,17978.775179389348
87432,10712.055670079197
85654,19008.21392241888
90678,15155.312606333056
95299,18417.09293761399
95236,29237.614870878053
107608,31043.65940757207
87004,25599.781584563847
100566,10806.621447233656
80665,12636.693339106812
88010,7450.352106656515
102663,12360.865277440464
85485,11530.792181708286
101269,9860.858294779651
104674,24003.448929250557
89263,16088.625711250046
95420,20235.381729457014
102691,6251.638191447903
86663,7738.631611583358
106138,16057.121080126446
91571,22688.3354471747
93819,17884.706353034824
78571,17852.988613774884
94985,11751.325959784182
93301,17580.22666713704
106718,14014.92391642731
86771,16640.86694569559
87704,7707.12777337959
79666,15056.08855651449
107584,17532.030333616094
84895,11760.431397355434
108408,9803.548052248072
98171,17586.053941276437
83310,10539.58906111668
86673,16586.664956242905
82853,15697.530166060798
105650,13035.03124683231
98670,14244.171163259572
85066,5271.549543809136
83794,6156.396710109551
80583,12105.63233494473
88130,17590.43534577314
98999,9307.218600015502
101330,7078.527911714778
94984,26137.628336663467
97990,7344.008054506466
86985,19919.997435531517
105865,21455.594056667687
108519,23980.424669328637
85264,18817.18994688444
99920,14201.073492560214
79757,24590.05817230548
102991,12187.369984785122
82734,14962.28783224761
93798,29198.555205305427
78739,19610.19694334089
94102,26825.116815228863
107720,13100.241121182778
104818,23733.659249100343
105035,5563.273603909059
78882,13837.872901741392
106768,8682.700728597192
104488,18000.38020069217
83401,20230.23181135833
96513,12126.37679655068
103742,7464.282939142298
85746,16105.710674545824
89503,7998.373303721268
86162,11306.763585408253
90081,11192.002672883333
87809,18529.937905068084
105903,13146.08738393996
91476,22807.67329620465
77323,26010.144437172024
79344,43434.7666855052
86967,12990.834553051202
87631,13765.04660921789
91478,21763.637357973195
87477,17766.492439170728
97456,25484.449333277007
91210,29966.48858733849
88841,22919.80806088571
86262,14210.603682103892
98038,17919.41403130978
108461,18882.364954354845
95645,22270.224936564664
91233,19716.57511053721
81480,27449.606145883907
82671,18179.864194755053
105275,10900.304195221825
77852,23273.007984858952
90565,22288.16533456592
89172,11217.820903502308
102384,9606.22924573478
88944,9025.115837095593
80531,19450.865519903677
101795,7929.3489200769745
90744,5785.544794191413
78179,29961.447031897434
94388,26699.6049130144
92546,27152.326802858493
84282,14284.073129705388
87078,16855.12325472495
93190,36231.79286436539
92014,14106.206151963455
104501,23082.520848187916
79523,21517.241135810145
81096,20430.12839655632
78193,35078.503427736
94720,39297.40536228945
97242,10647.830498683332
103784,11904.99106306066
100186,8137.0387910942045
91494,13629.44436077542
98765,5379.547519231121
97370,19865.689944560407
76295,29190.39175649416
105840,19629.86250120328
100641,7898.163557525137
97160,29989.136625222865
96440,22160.32716313985
84853,6115.153729558945
105223,9959.781418584957
105879,10725.009472285994
80347,31584.61321512923
84534,10083.163492888729
85045,10926.452092450294
99348,23964.849942696263
105487,18807.82339989976
101906,6113.398503782743
84905,12554.476235474798
105810,11710.964713806374
76346,12224.337261545084
104163,9883.46706594283
91997,21344.550520774992
94182,22149.37005773578
98583,13164.651200023862
78048,21463.042728019165
91650,16122.000322170925
99045,22221.302345429285
90167,13248.345575995914
81936,6753.754318861009
97322,8625.699827213979
79506,15957.71435742516
101689,10430.599930953951
99677,6099.076266686239
104364,7838.220257699971
104493,20687.92939617804
85811,11535.816724428869
76088,19264.11734206784
107014,10265.507304568851
85517,13465.149389847902
100065,11742.397686250468
100700,9086.437260382332
100178,9477.193237776672
86072,20483.892427629457
89071,8495.384615093366
76027,11931.495922907508
84394,11417.22327243293
97989,17277.393372990602
77527,11504.180760428078
89342,10809.12309359419
94118,21627.61367976435
94468,33035.0338670811
76061,20310.82173345206
85744,9608.516641931445
105185,8329.20190681091
79043,19221.66735682778
103948,11584.277176775811
98325,6806.211931124395
77056,18761.638116173795
85262,10689.984345379951
94885,27908.06609339565
92436,63658.46524183014
105339,10075.63737023864
85288,7847.931354106925
92944,21583.23126171449
83145,15020.837394194865
87905,11988.52100452656
89188,12613.910619980794
90245,15742.134898653308
80370,17551.000972306323
92165,39173.8427173557
91638,18364.97356581201
103657,12415.716670864707
81016,19881.70280962468
103792,16938.452438609493
94815,14742.303728113004
78957,10396.10166479391
83141,9178.800180747712
107365,12141.516997189903
95563,24210.242904776576
76918,30586.166258903955
87215,12695.747009863102
108328,11358.506044043612
108027,19431.557202169
79325,37162.900996971526
89545,13908.559586035948
103967,8566.73412989147
77530,34400.073156714694
95330,38094.10490323948
78671,3543.0598493643306
102103,9533.83172666936
80024,15050.399919365293
89481,9393.010640147844
89138,12163.97769119687
98762,6941.947978806863
86166,17675.461747237827
91396,14929.01404888116
94749,41987.26002581716
95788,18074.18247080652
99730,12445.73342575227
102801,13906.140073110822
87208,12785.620762115292
83098,11295.592381761018
96015,25918.601111953627
107970,23496.199066664616
77471,33085.590790983275
85822,6359.044744544726
100518,10516.519034649738
97282,19375.60439936139
107193,8189.488244071545
104825,8889.27879976948
82687,31190.9493266468
83026,12193.98761882004
77470,16129.50790069448
79254,12714.447592383289
108020,5002.961452261176
99103,6527.956033928779
78665,48808.14364497356
86932,12925.853067215998
79269,15744.34766237818
92024,53246.909444843
95652,30751.12707140888
96170,10220.322241268255
83586,15394.770544371298
100804,9549.772964759692
100758,13733.05498602334
107628,18883.55141285097
108337,11138.07906218317
83175,15693.075528898164
90838,6522.107149184454
102741,14894.193221912095
81263,14683.131603209018
97071,7532.521848841987
95004,17349.987711622634
107019,16675.365818811988
95503,16811.43661940517
86249,13604.065259352152
106921,28842.74561220772
89972,15378.356525246185
77660,26809.7576604024
77328,27750.063342216003
98264,11401.27853092148
86800,16056.515535055449
76661,19635.65391278645
81734,35087.41485069627
84741,11667.803679238064
89926,31416.581059586875
79502,13403.70484917255
96963,11237.496797188503
97855,28234.938815475794
86877,19403.825500282677
96814,21836.8727454454
94648,37015.82691564559
103104,7150.73658727356
77999,22222.594691252747
77500,25882.586796389944
108189,11692.37733579214
107124,19053.118357565603
105320,16407.124599244893
84589,12292.57326266663
100502,3682.2573706109392
84272,21450.661595887177
90146,6274.843135568753
89016,11474.749201060386
92360,25218.212818150816
97341,14602.763558516415
99635,10151.164535089463
93758,21475.56023328974
104345,21228.34175272216
104346,11172.762366135648
103219,17655.90173231227
94240,14474.282633796503
100510,16470.749375084626
97788,10490.84738036089
87877,21087.62037098471
83993,8315.57151487179
95268,33305.74532925069
90857,11534.396083941128
89897,16504.93440988186
103642,8211.72020376702
79712,23350.056262479884
84733,6481.332012956027
103510,10411.382068169532
82151,15370.244110674152
89275,6594.643275691635
97022,24557.47417069034
89964,6851.117395606531
103169,10563.745055117057
98586,11703.483937857174
78199,12732.705517223318
78507,20773.57442922752
88856,14916.076356019115
79309,17625.06804513208
85685,12605.063540900974
76527,13866.84568203728
81636,16439.633888099106
86638,13794.890170831264
106517,17869.636567379177
102023,13677.408437319744
91620,47830.40776132705
101886,6863.2313276074
84887,14459.275321908037
84751,9045.16352527372
92613,28106.04384503647
91825,26251.15672770886
101895,12515.067346174235
90560,17313.770000601984
105545,9112.857982325617
78700,20179.312237846298
82886,19428.77344698976
105649,10741.24767200839
77577,26560.70136270833
98003,20861.22775036992
80537,28184.446783883483
87387,14069.814886074848
97626,6638.779387615282
92948,28485.205492222427
104000,10969.2590263584
78385,22106.420552721727
103301,9872.49191763486
100102,7111.627736036591
91401,16215.989957844657
105726,10140.467283925514
108002,10103.093843123326
96055,7928.873255506031
86533,21197.968835676053
84966,15839.151801805056
82750,8612.271260542422
84780,18593.725012173185
99760,9413.500259096714
96353,26233.48346521202
90252,19088.6652973472
92114,25768.57429640668
85641,11754.563986700176
78846,31605.565331528247
97479,26699.949967192195
100657,4996.743021350785
92553,20613.627536085125
87684,8248.246708031418
76579,21569.29769884672
104441,7538.472585314314
102915,12243.617744611622
98255,10583.344561852806
84716,10880.6746169712
85426,11492.164928985772
76829,17348.713204601332
77899,36012.50454542376
93875,18100.728173967487
94170,35574.87356643957
96206,18897.182707869164
82777,17079.743712447646
99399,7900.280819005937
76017,23483.550381431854
78785,15632.68217350921
104195,7517.097487165315
100767,11367.594921050628
93500,18385.78979370094
103248,6658.123356781197
101828,7965.520918399087
93209,25093.71185894071
96665,8336.633623118896
94208,20687.004154132574
81789,46069.10836382384
92578,17700.49845209965
84750,13940.457082054128
107543,15070.812473227492
83294,15690.554720441649
82408,9512.591625453091
104836,27441.517789182995
87366,9386.561826958698
100488,7834.237951937694
87296,16241.570747483158
99820,7722.706821955843
103856,6467.944754799552
80536,22669.423718615544
95407,25276.23583118941
78024,20785.41538971157
88166,18889.407161626565
79046,13576.424539358362
100829,7727.138999763628
99250,9880.629155265497
107164,8218.708221054607
83857,8221.968604774878
90031,22735.163826599102
97531,29003.44290848566
78237,17070.208667376817
77205,19673.55153396177
84796,17586.532659437602
79769,18894.30239774037
79899,11364.017746170695
81570,27455.58397491734
96209,8406.512960025499
108012,11095.140532103893
83784,11667.40324115517
95293,38357.125801941525
107894,9627.71185134144
90118,8614.168337894298
81548,15244.518454216057
91246,20975.774845200955
106066,29770.404783058817
76349,55615.90760085635
84792,11814.882862115695
94792,19565.54262205845
98772,9558.554836441012
81023,29411.68080594012
92760,14954.22865552678
81049,30577.80805953921
103697,7168.119499294738
82248,31795.837373188704
85475,30043.77583750596
80927,26625.770261867077
93520,21784.906710068408
103034,8000.903492606749
88006,15671.739846443275
80697,16927.366525138023
89565,18008.450825305204
106983,15872.952024521186
76042,21563.96689779136
95214,29459.54543369477
77712,21756.27537453043
102226,7779.290664919845
106128,28594.569951493235
94347,42726.96079128517
84176,11378.407041619888
92633,35047.51350800032
89147,11172.692978141946
76200,17402.267597275306
91972,27642.990347958323
95624,21684.392245475283
88237,13017.646905705966
90626,18441.03187096642
79402,28475.125680839963
92751,17279.577551809518
93494,28620.029834143505
77785,29409.99233330893
108502,10868.168161567692
76356,11309.411247406237
90256,7839.045094127448
76286,18695.77234958101
98835,23607.711666897136
78799,25676.175765810836
99864,12999.439577673413
89317,20239.6106697266
81235,34874.97052060978
82980,9391.136801095465
79032,12138.510357627189
94549,17603.204137177498
86872,10726.839546373914
101730,14690.664375106338
82684,11482.123313407208
99516,10892.78409712234
80017,6890.674781441989
99863,12912.203638225328
92792,42852.01766106577
100593,10590.833962512086
86135,6617.332870523987
78870,11250.39627253946
107586,21595.920049817996
83757,15478.814078383128
92765,22874.9903591032
84890,9659.573949797526
108290,13696.74617904867
82893,27524.0913252481
89660,8533.805961172886
105543,12682.315619601077
106368,12970.292603114123
81799,33429.676296482656
102757,5784.554183120321
87520,8290.876374521991
85172,8774.690270954356
76593,19374.12325186051
99431,8799.649529643388
104403,16549.8038201859
102932,9955.745919859784
81998,14172.75326075268
81391,9661.985803437658
108151,13137.425894741544
100164,15726.578445480622
77950,36306.30934820323
100416,10843.565668823923
108237,12932.49944013197
93464,19695.55765513023
83899,12514.43064518558
107184,15808.168113231852
78001,33032.42856202005
98816,7309.638648247412
98737,22110.20247514065
105432,20633.13175441384
99160,5292.50055828354
99195,2316.3461788092973
90337,8111.759588524624
85546,15994.62378092001
107128,19953.48264235427
93327,33781.66475423514
81501,29736.12454910953
78485,16162.41026912695
98491,21413.860615391044
91265,22679.31687088465
97185,15232.42640084265
95708,19862.76913700086
92269,21009.44713190292
90122,13841.60828092786
84219,11267.020496674875
95920,21478.399661126063
82679,12949.499063394593
105174,15129.617512719606
90879,10734.029019239137
77507,42493.43003210289
88757,12565.89379806272
101256,8142.89439311354
83426,19401.74647461465
76075,32662.82883277289
76871,17483.41031084834
77695,37406.353321212
103555,10505.412857579911
94893,23056.948216626584
95836,16376.141274835512
92061,13804.888995665931
79710,10853.760523942396
93899,14357.531789657096
83299,9568.588814549454
95620,34932.46343006223
104279,18685.81611384512
83705,16913.15517167266
95472,33266.25746991377
106260,16491.665399298836
76886,15622.63804996166
97248,11935.012782873817
80660,15857.33608950488
101333,11407.33590377126
89360,7426.942841433162
85450,6858.436800588112
88836,16033.335785862952
77416,27745.518009924694
79577,26280.84378514033
98503,6952.380003896024
76778,14158.898295756111
93681,18303.475248183324
98418,6477.353845900148
98615,9618.209852560483
91857,30142.39025420225
85059,10823.467071037516
84064,14739.399204018126
83511,10269.949393653354
87961,11267.527815568734
89756,9050.114758085856
106904,12880.508429891714
78218,23926.40281863328
91503,21944.81111324683
77126,10138.957044208262
97801,8651.446505761629
87474,12675.890204263857
77057,22936.725404194836
79478,23657.36020183496
90041,15955.647800281637
83374,20250.207378935265
102094,11088.31587662263
103780,21045.9372080321
105079,7665.327627899031
80462,25758.64232658228
101705,12060.957011871218
105756,25139.796944329493
88993,10596.687037706575
89593,7811.493908281041
86338,18143.628583895355
77853,24644.07852845423
92077,29623.274620029377
102494,8788.150556215289
92534,36023.35962380994
78971,27822.45937285236
84687,18436.39681476526
88376,11254.86712365432
105707,14807.184410345368
80939,24473.792551184
82258,20350.7308511724
104917,7811.488812228685
95086,22466.902445051062
79275,14986.334788299398
104721,9930.289053741277
107939,19850.348289490743
106703,8702.399835477876
107820,10863.88865297117
79947,20028.90272303167
89961,10742.45361646068
106451,10407.257629298652
98821,11911.266454528446
77748,34557.15322538844
104802,24246.076840699818
81481,45000.64093866822
93544,17131.478495659623
89611,14023.14084286371
79850,30838.976295340275
81466,31401.821656746462
90668,7042.935900941669
89743,15636.920834532297
106672,24216.10965295689
76030,17185.656683324556
97231,6373.415867885575
93484,35817.1713694099
81393,11700.704649112422
94369,17708.283342904513
93507,34367.05057564134
100752,7842.054579194173
95565,25339.44762520476
98749,14247.479965770606
99634,11761.849220217322
86127,8240.751378998135
101842,14826.810581301084
108481,10716.491947280072
82863,10831.463683782633
90043,9986.526947591074
76857,30800.14103496741
83241,12158.384789853264
103197,8023.054328367503
95458,15229.97323128902
76515,19833.865187041985
84987,12463.065391579654
80199,18906.60536389368
77835,22930.15812632321
80809,12698.977254997666
77245,25068.412534212785
104828,14529.822597747703
107338,8099.092317483334
78811,34621.55928245364
76708,34755.14602225031
88559,9324.56508112863
99380,5574.0942609605245
89411,7426.591896295144
94532,30551.81978866219
88046,5780.874563705191
99155,11317.924139572984
80986,13889.622692758156
96122,26152.769246439675
78618,19713.41432074796
98205,5748.385324085562
98995,26277.55225317492
102432,9664.145501755573
78709,11835.731163303251
93586,22693.206922723257
98147,8980.282166898425
95468,35314.972516150185
95425,16335.29146259442
89106,10527.851315938162
85764,9873.311784847316
87674,10898.209150711997
106365,34622.90348934526
106263,7495.965557873435
97423,13789.753414579463
86855,17294.013354389484
101637,8346.250666527561
100129,7569.607704858278
89346,10671.293989605756
80037,8201.525412011968
87439,8361.783423121706
76329,55649.53525081123
101234,14984.059709692823
93715,28911.70695176156
96728,21255.43069947593
88023,15091.892945900016
100289,14204.662264622004
93685,13364.920950050608
97301,12648.931867758834
100588,10599.184941445052
78240,17611.870809823726
91194,33108.523908418494
78088,20208.34540144768
103811,10381.415853619968
79852,20365.480652911232
77718,19058.83174384015
99968,6774.149167846641
82937,13780.20627920859
106774,18721.19266162355
85107,9564.880018766808
77329,26342.98195848603
106498,13818.582035414842
80946,21317.61773966632
89630,19945.179161727727
105995,27855.209113640856
79926,49164.0500074516
93982,14235.539150091325
95152,42114.24669320704
102460,16279.154762097907
86797,18392.512957899417
98696,13746.59741806422
87491,20891.82773504681
93185,20486.91654889268
90910,19253.04333633547
102510,6080.894287031494
99707,12897.702987549128
106468,9296.728624514828
97505,14450.723373755163
85240,20729.21479676784
89795,21518.78290760732
78677,16629.221848111585
94311,20939.067639238885
79406,30675.77249899193
85528,23143.3370315626
95656,16169.373681133016
102783,13159.36376045429
76191,26253.3953640118
96193,12679.65552923628
108352,20612.330607087184
94226,26202.4957764128
94472,22083.377658856887
78628,9015.841240702968
96861,17288.396348249404
89698,15530.487742693786
89021,18370.72856870061
98919,11784.665419395771
107511,28043.65432102779
104317,13536.08224634335
105587,15434.923730111424
89244,14220.001655348344
108221,43810.21366058507
104558,21099.717855906856
99691,10888.093697154814
81153,21711.855221688704
83019,13622.934590040077
84699,8256.390355012067
92354,44949.14824756372
77258,34854.912965813746
81991,13905.296820620166
99191,15738.163829769364
80072,18924.286609517785
97195,20814.927458285805
83104,15876.372523754762
104712,11190.618461735736
100443,9676.758962807307
93443,33200.86613508475
85543,25869.05733019688
82977,17720.209609590183
92597,33626.781412783654
89182,16939.009328615943
89737,9460.108021115257
103093,14027.444943943474
103417,5630.901671945608
78550,12710.519002544595
93081,31342.357594287816
80992,13053.745726446205
83725,12003.49578459776
90755,14081.775052349483
89727,24317.25956797055
82723,13458.507503296729
85046,7542.918873108711
105507,20567.257898751785
102497,7081.090173415736
86897,9800.506610719716
81522,14638.332681869471
106201,21888.41451942808
87615,11807.189084327849
84646,10397.014222247108
104296,24333.384123471937
84433,6322.528842635102
101470,12427.74902726697
76641,22099.523832710853
88265,9226.51318551117
101728,11938.215130148164
83541,9675.645020304337
93807,31848.32064990099
83873,10787.724606925103
76785,39434.34700736769
83629,11530.523905399634
87576,17769.072692369104
93395,17398.56565094174
95537,30429.79741628229
89598,6928.182947170305
78074,32412.602134208923
102980,9723.693711742204
104929,16219.754002271546
97395,13125.032149097502
106751,23674.455394090408
101628,14789.990250979015
103613,11548.02420709898
103641,11755.555802674164
95834,19164.401565040054
101797,1397.1447544330751
80042,23702.55960476114
81608,19945.141696400016
86535,14815.057977805276
98235,22217.161714149574
94784,16481.488756370643
79342,11860.19811714565
97906,18241.314667283597
84622,13861.80734655476
85948,25396.76482464529
88274,12870.377394833004
92480,22595.74083771148
86378,16848.947965544256
107558,12486.832636699164
88531,13437.827311158126
103681,13490.72854478571
103559,7370.564790425044
102821,12324.379339739777
77372,29533.94842895023
108078,10471.719276181037
96014,10526.495464178695
91072,17251.15113148473
78981,17173.93945508827
85860,4739.644782274652
91538,19155.65024137593
100904,15051.651371954482
83903,13865.404205404384
89075,9845.56181383227
87210,4597.790064304239
95405,17144.548181666538
101957,13218.05535307163
91384,23433.43659498943
91816,22230.538056703816
93271,22804.065625750187
106951,18728.302108212687
77457,18329.425154853947
99216,10908.510801900622
106683,8253.511548179325
79593,13794.939546294328
92575,16272.149196250915
106332,21610.29558488945
99751,12723.21242074986
97844,20907.084328763685
90776,8062.898097766785
107788,30607.139447947266
97552,9033.369330207388
85396,9039.050011747102
90072,7493.631111607825
104380,9961.82872259719
108171,14632.56587560994
82534,16215.507829622093
77917,25629.516750982355
76212,19179.484195464247
77975,18188.341252926315
96718,26739.17301717808
101250,7873.551377136429
102875,20208.45559248917
97385,9853.34860539727
93943,21896.61269825164
76389,14828.485137158126
104653,20547.29252981657
85000,11703.603250012471
100844,6322.769392578994
94384,48355.172748018085
91625,24066.906681001696
92124,24574.038068055357
100983,11848.455380972184
97669,23106.14311628828
76674,18971.20355624541
104012,21003.48774946565
100742,12315.431324347795
97937,8643.28795959632
99509,24440.6534773154
99834,8890.717113351722
104037,15092.455105023
96369,15798.200346803587
86125,9898.955602808715
102999,5322.023850129959
85473,10599.867066974157
90508,8197.233892375221
105281,28071.12153975264
90368,10551.229772159078
84029,10881.006359729305
88603,10929.44358064146
102423,6484.736694114847
105253,20725.835120750668
76230,18100.406655033992
100316,10576.059847672044
102553,11162.281224824568
76308,45376.07646117481
101348,10878.30121592406
105689,25947.82349194817
78347,31284.653064047397
88127,17933.05138590838
97320,12366.37535976753
98421,13391.247402170387
87422,11468.26030207465
90886,8066.611477556206
82580,7560.525153493791
106420,9086.95782968208
80218,12307.54216888027
77197,9735.882871277896
81116,14560.668039883303
103847,10152.739518209391
76611,25943.964219841822
80677,14805.031379180711
91546,14348.363506583157
83706,9658.20790821687
83288,10363.792994838925
83664,9994.71065595013
81103,29729.110366150984
104136,21442.785328574857
79754,25542.09263276584
80794,27822.85749807545
90027,6447.502641673793
99186,11346.451685008127
79957,11356.095287014428
83420,12442.865958955985
106971,11416.97260759058
88929,13193.219151412126
79354,17002.01874307217
104624,20209.12248209481
103631,2698.729268316109
106329,13106.71912321607
94466,26524.249337563364
79495,16296.243103658537
92262,15720.214058795482
103626,10412.901025898054
102620,9940.765800015824
103026,11693.752461430908
95440,25528.97473564817
90675,8184.399216209107
92169,20327.71256414688
85598,9151.093442677631
93980,17366.876793362902
89884,7468.051940611213
100361,9898.255207642356
95314,18958.188742770966
102984,12844.951767772602
97290,28398.533098423737
88702,7695.077105996457
79250,22713.557308011223
101218,10933.94540326535
85994,16001.963271959285
91181,16854.674323148727
105974,10824.212128950125
92222,24492.256931093936
91691,30581.367602179147
103472,7615.392803288353
90116,13448.375556904126
94185,20906.65680974352
95705,33194.94143726304
92442,7462.915189861385
83759,12103.36666338562
106311,26373.847181586192
108531,15235.278490871384
88487,7606.396446861045
88956,9818.856103068289
80477,24720.749113270293
95422,13590.609297910649
77410,12570.13633068751
91873,25842.634891734167
95274,23649.97736801482
90023,8194.153858415162
77204,16081.716278070204
76504,19918.061326287563
105902,4934.840463050421
81820,14587.7243482731
89405,9971.676588488192
92206,15534.360793947711
79328,19196.22378512342
94971,20964.12159840347
91185,45609.55558286832
103332,11575.161492258238
105983,16429.54884875232
81775,18459.117502916797
81946,25501.41706589742
97846,25342.340855468126
103884,10350.93142838743
105182,8101.070863292536
76148,26521.56459540732
99255,17368.689426084307
87785,12821.642350221193
78903,13851.604893683383
94578,21441.88744669214
107853,12770.752411167778
76717,28188.582359274056
99052,9408.485571030187
82390,33939.069455000325
83676,8361.539927511081
87748,19339.35677815004
95443,28632.07540165748
94430,16166.000661372727
83886,16612.02245182544
78492,13635.22831374824
97540,11801.59051182464
103167,17077.13139884021
82621,12630.67787449258
88729,22128.36651578137
97779,8923.977222681933
87179,8187.9013916968
83693,11797.26273853368
83068,15614.092736976214
87978,11950.200728104546
77547,12756.989016835263
104135,10260.241347321502
91838,21611.19918254308
81044,17589.59521471345
82100,31496.49059934194
79196,11283.99177710343
103420,8808.746090363726
84430,11922.001906164456
95116,30231.08765206057
88758,9699.48381778833
102600,15414.860274135704
97943,22040.8734603291
82923,17084.56965825216
84173,17580.420399363662
91455,23989.264192175277
104107,13188.293099585037
84031,7289.480939143197
103307,5203.388472254196
103516,11613.00628551866
94534,13013.196606844054
89498,17823.12921069625
78100,8478.588290683667
86728,11083.59080746488
89787,20994.312043223268
99604,6572.200106928584
87920,13096.80184669363
95679,28506.50179370775
106342,11064.850123376576
105013,9152.823032239558
94526,29097.08635988856
79217,13558.762855978252
105206,19373.36914072208
80930,14783.167985453463
101748,9806.89617715232
108486,12119.129016142351
93949,31554.628481543456
99658,25098.61231855949
97561,18144.9673160815
101617,7592.58526295324
81330,49482.63191178509
101771,7478.016656175145
97270,6823.268195951712
101595,13790.67845200477
98215,10690.99831004412
84007,13545.473085708065
92680,21236.573122173024
78992,16761.73329238086
107596,22039.19896354553
77206,13943.85196405308
82743,11331.019034319146
83701,15269.459392091878
99165,10288.623099884317
94432,20825.53441462913
86548,16686.671110086245
76397,20424.120616111457
100070,6090.681012071392
103513,8209.741046289022
80091,19459.30266680728
76782,21703.42734111628
100886,11426.432678947713
103951,7853.875278520296
87351,16917.943224142353
85974,17717.53444944487
79314,21382.95854488619
102475,12898.521053851227
101614,7020.183469292405
99033,9749.285237242828
97666,12625.277823414155
99253,9339.507954765177
91658,22434.5840107914
82007,18860.99135659528
76687,53345.82724559201
83921,12245.785195515244
92186,26446.972181962563
85865,13522.586107949588
78521,9863.146101958955
77902,14704.876251768144
101697,14040.959394461124
98102,10842.641389033291
88037,10235.385608616987
87226,5135.711695135887
107492,9014.068167890046
100723,9314.84694795274
78581,14479.506708044257
104777,9216.880690053184
95606,15752.977724530345
101145,7813.577254629175
98544,10815.62341095741
96417,24383.862769256066
102714,10653.14437906762
85830,11985.225003254993
80541,26991.63859975285
88142,14916.660492373932
95553,38523.0791629388
107711,7771.146473207387
82572,9707.800656248264
77820,54198.33233928265
94456,17121.663463873883
90433,5867.998040036086
78161,28934.464511799524
98322,33433.16445036766
101884,9238.392627579778
98723,9258.934290722878
100828,10002.354887642836
100612,13064.802096066853
78754,16785.465565665996
95053,54288.48164332015
87293,9410.082794934006
83679,16085.347584456216
102810,7296.559746954403
103021,14641.352023466836
90497,15791.910631289917
106798,12983.12369242843
96234,13280.690429424089
97962,7398.806458447905
81585,10665.927662963324
101255,8563.515432305443
95824,22966.89562017094
97053,14856.231579461642
106657,20252.779173581355
107453,19116.19729155141
77979,15148.406809639866
93717,18205.16317202269
100424,9347.635282465708
105579,27276.33639792201
85608,19207.76528719846
107878,23020.324997898213
83229,15928.599996988469
95478,27587.65207068505
104405,22114.017805008312
86681,6851.798184099317
81901,15574.935592188833
77806,14812.970350036096
102650,8040.761654957318
80845,23449.03249333106
77445,18326.115193023143
79206,32424.625092600996
105219,18437.49711815922
82665,2781.0952371817466
79532,29195.587805592266
98125,6384.758728663604
77147,18433.811989663693
84836,9825.467041793496
105376,19026.62440759028
77343,34036.43624094357
108114,15442.8746356735
94994,12349.21016037975
88610,6020.808118532512
99609,7075.665628033887
107243,21750.565874104366
98829,14305.035432146367
85362,18899.595016266987
87409,10919.105247885976
95322,25397.492040158948
86185,11285.944464829645
81792,31756.751942646817
84113,11120.644175602953
86139,18163.081542457607
84719,15756.13155825333
85120,15009.741032028614
101693,5235.597352695463
77413,19936.348236153957
77179,18536.54481061113
91580,50224.09177592819
84116,11765.833491968777
93025,53256.90142990295
105224,8513.544867464077
102854,11832.555381001945
76237,22015.81007833501
105595,21407.997751947907
80155,34627.268130057346
92056,27879.54386206871
103229,16187.758153714269
98783,11979.358520663554
106357,9680.550786188964
92305,30795.82038345681
96312,9709.46041301524
86890,7740.318507099937
93354,17375.259878043864
86898,11255.942699770936
76058,17535.619913935167
90555,8743.17523953812
107136,10121.071640895758
107052,29358.44129591395
76384,46874.23163032917
101670,14070.395737089835
102438,10735.965264027294
81063,18250.17467104168
88254,11568.923063740443
87041,9904.268155337795
84909,7935.113928346565
79053,20237.54453941025
88187,9771.626801376591
85814,11647.859455201044
106396,18996.375056461704
90460,15167.956806484077
79261,17770.725700293428
105167,10258.070015440851
84047,17788.905763143128
96771,13084.44020847696
91074,107593.71573262062
92357,26358.79367240812
99588,8839.217092083538
78138,32254.817837533417
94328,17016.410979760203
92019,13376.791422387743
77557,25929.46029874256
83024,16448.260624870614
94888,14545.330982181951
94193,27462.04786608496
97909,19359.38060179536
79111,43117.85632690194
97936,13990.583007252417
95276,38809.41099754053
107815,15301.443039909343
92806,21620.43749824916
91317,22675.13265285673
89507,20502.782384413586
97462,18047.657107395164
93693,16302.437015462998
81331,27370.320946319604
77260,55055.98732041822
105287,13295.95553976692
86064,5232.547628298673
94906,29325.476851889936
94965,17115.763582339467
105863,7863.312568208516
96962,12708.916643192855
82573,15613.607394619656
83271,11226.13728866228
94624,10850.668803178616
105014,22382.82547795236
99965,10558.749477158446
98009,12065.173562944414
108442,10604.30939523226
78211,33710.15817786259
87609,4501.40733502514
95639,15230.750279231275
83389,13501.520697784572
84086,16213.152148599573
105956,10636.79276167935
108384,5318.453424819592
99053,8174.80308091416
85503,10949.406082297784
100879,5624.836001149615
102238,16905.08904480104
107311,18677.86514167099
90740,8539.109421160185
96463,27364.76012042335
96521,28681.85324735724
100020,8176.739091776121
86048,15314.85804869677
90310,16849.779607582615
95810,12512.0942843326
106809,6773.711852642882
90420,14568.84055543427
77189,24188.138324378808
103940,11091.179865752243
99054,18749.654355189366
86669,16228.3889548853
108226,9093.766458286838
107731,15860.12622474317
102410,8273.447192357919
107012,10031.526079378087
85117,5894.785946992167
89298,7858.771841365777
80880,18752.48192172921
86954,13800.336457045873
100029,18119.4532235679
98943,10995.367669087444
81089,32196.426892009316
89148,12420.680761817082
98024,9425.133527381777
84621,16558.96951220352
98748,21467.459663690093
106824,20077.69211721576
106049,20918.81897116542
108266,17634.62568886389
98763,5257.110026496652
100238,10406.994256433263
107279,11318.940067788872
78188,51780.96103780651
90443,14616.39820172198
95384,2226.684964593232
98928,21856.30965858326
83992,8846.318044942698
94914,22278.777991401043
92340,13971.113181694329
77677,14303.474504979868
90840,15974.448890029304
106434,32592.736792351265
83736,16870.919872521303
90022,13256.038194885838
87633,2741.6147724287275
101312,14744.705260005485
92614,26226.294755073763
79410,10764.18047132987
83220,10025.156524469763
96064,11890.455776347511
96470,9277.802607960486
77247,10377.673434419014
102732,22390.471541972154
92569,22929.4187108108
103467,9134.899779322906
102976,8144.869007706267
87220,23235.26851268956
82183,16885.58703661971
88173,11399.140207475775
94227,22833.270431023688
83048,17241.33047435507
85320,16131.895576336512
90217,15791.673764933355
97112,11324.72221024256
78246,10099.261626650976
82000,22542.53335581514
79672,12202.180065273244
93499,20212.72540924937
103355,7239.394005792326
93334,29100.74745679781
77302,14497.887894603657
87100,15224.541260670045
92568,39083.00900344736
102148,7954.8636181973
81098,21967.09522136997
77544,32630.286731285363
92644,33370.836433153425
95996,27760.35899332371
79138,14400.145285112869
97082,20955.5276590516
85843,8086.09920196585
103831,11341.52527116337
78047,26784.86610657876
99184,12292.480640771542
83023,7811.79856596267
100629,6858.116988510568
106087,15798.413849044371
87161,13842.388555000614
97572,9944.790976648712
86106,18037.54521296175
90163,20547.614264333995
95623,44271.76815572568
104349,15292.190286962064
84422,9094.931051418942
107061,10858.581716604062
78175,37094.89490394364
87468,12642.051798330867
87136,12378.640055272186
84238,10023.870861522992
85432,11005.081668292072
85363,19240.490627258343
105017,8848.19116454268
80633,28919.09578091566
82273,29899.516896970053
76668,21550.94262712027
100970,13020.112475088918
104985,10792.353017230114
76457,20638.05812926392
102241,8048.157604306831
90884,8888.430544829516
79706,21942.47757142599
92608,19512.92563410744
86284,10886.79064955352
103990,10872.52085510005
106152,17495.596301281428
97553,17613.501317713843
106477,8572.686510068314
78423,25046.42357763224
82766,16940.74668378285
77477,48518.50403147623
97680,12350.073515772974
96346,13341.473620571904
104141,18355.2836124273
80807,24273.4162645324
100442,11247.038632588028
107029,16668.60119266582
90213,6637.600397988756
88434,20914.13564107297
96441,10012.638414598852
80102,14308.355428441786
105520,29840.240976008245
78279,29890.61965201234
95023,9741.860317968894
76739,20418.29924504747
76776,33283.99184015479
89754,24001.9144455326
92585,16104.134974795114
83197,8720.978348471956
99947,13181.984975387752
108399,13319.347275524846
99140,8489.948109947352
91454,11084.149210582926
104130,5747.720157005755
108320,13266.974305803657
93440,30749.99079362704
105567,15081.155599191308
89460,8177.508046882696
79662,27153.41386896148
88491,14675.139537528716
77034,16825.26706285251
90404,18400.657419475647
76014,12728.070889313783
104971,10063.502898570856
92516,14195.569110548366
86856,10176.915931592555
90648,18316.03470219321
97201,11355.182682096429
79186,20721.8959613268
98204,9769.163768303544
82568,34422.81887752643
97595,6223.4753460812335
101703,10723.303797543766
84202,9594.893419825245
97310,7387.790211729636
105498,14593.112596172296
78896,35024.73005803955
106029,16346.225908181852
90047,13599.485238644324
83277,18710.14903667593
103503,11905.251058268796
104327,20370.170920254102
78026,32621.66685165002
80909,21237.191197280536
85733,8901.8110265574
103986,12573.196242950651
103236,15529.284135638063
94181,24679.929888706425
78518,23022.342241264647
88239,8756.069722600772
94503,49313.09050352704
76074,15719.18188134866
94424,20513.66857914136
97663,18203.986141206835
82357,21090.062013257106
92631,27499.998556244755
95482,48315.043296312506
90697,15635.402741635717
78798,19802.1653954461
103348,13943.315508468084
83659,11285.698762482756
91108,15394.67677811909
77916,15768.190113898392
106086,18779.03410092085
81928,22656.77453369587
108406,9853.654805902846
89731,15037.835703708568
106178,12653.83155506508
107719,22259.541691329985
90633,17734.98336445596
100003,2358.562280317906
98978,15871.821918824142
88009,18310.655237693565
96631,13950.81212670607
93628,20345.18633135956
87288,13062.451340479804
82057,26237.77329583316
82925,15539.290037495388
100038,9481.237974668304
78420,16330.062592503806
96271,7678.184636943399
97966,15919.698177834727
96110,8966.350301861123
80393,14249.389709519655
78706,18308.102516584247
107484,18502.88178625949
103084,10716.27886243456
99792,6987.566832471928
93476,34964.693868646464
88975,11096.761211352135
83981,14630.343151455629
79492,17217.017530798967
76802,34060.5022028832
83781,6267.595891415761
95719,28064.621959519027
106177,27309.75130838656
80626,30146.61182180489
76158,13873.675430350791
91434,18494.243488208394
80463,24887.50418004288
86263,12896.82465180597
107666,21682.09593791425
94262,25692.81857966276
103501,14551.174964709846
89996,15707.866238586012
87306,9340.61440699178
82265,15519.760788649066
106825,19520.780532982804
98851,18470.356380911733
80547,28095.57268905053
100440,10967.434697060193
103194,13196.53730422477
90394,32423.45363943508
86111,6433.999329447794
88528,21015.52731532188
86857,10073.984670814472
78099,8740.735965451488
92331,18058.34115704788
96016,18904.538969706988
91750,32342.226168809477
92459,21905.6038514132
107321,23778.559749946868
87091,10806.93294844104
97925,3471.4444418405237
81737,16699.52534668323
99093,9392.752226894365
99531,11678.540239741686
84423,9530.38671244629
76406,21961.828162521397
107350,19868.65390932031
76326,49785.58563960808
84338,24626.30084402681
76577,24488.18942705405
95385,17432.90336151952
90391,16637.157983047327
107624,21502.3100736481
99241,5181.413714245362
80248,20980.02800017096
85295,16101.078451534368
96343,9563.28907786805
80926,12162.49091657036
94027,21367.30479401707
79544,18356.204624901948
84425,10026.720395579445
105264,11550.81979983153
82643,6971.134659227826
93474,14257.32508792877
107072,9646.685242889056
83519,3855.197151316034
85962,16834.73572343115
96932,28378.700641140134
100759,10450.072655982776
107022,7078.850336895302
77012,36122.80435499252
100651,9512.671996677684
89430,22966.880307124746
88981,15771.331445714552
95740,22782.93814268949
101954,14933.857251884
103408,6351.08115720004
81304,10919.4975213881
108421,21312.74941826475
93532,20882.61920372561
101576,13965.286464174758
79931,19666.56034997986
108176,10265.943615546848
84455,17355.031791281355
106797,28610.52633314717
76513,20063.38843971333
89674,15989.445866995711
77722,22491.868408738
84754,18081.17585901184
106492,10627.05492929188
99242,8497.070390573523
107569,11857.439629660284
94320,17790.58039549112
82637,10850.896564510953
96550,17543.34818277317
105480,19771.724664794998
100624,6797.283632691653
89114,11847.974906706026
100866,6602.742521335556
81896,15816.417999446065
102689,16649.86268293114
97911,11640.462977292622
97099,6852.774425068092
92071,21510.147164712864
95849,44938.71495231172
102903,10786.845684031265
103725,14789.8580759156
101176,11687.566567315484
103887,10691.30438675272
80921,29075.48592402589
92266,21261.41241808976
106467,7929.006307653513
92139,27063.34106898216
106826,27367.05796625178
88193,15175.134890003905
106211,16978.203743029524
88612,16321.18446510379
89179,15330.850645125069
80004,24128.24790364404
98225,9227.639079624443
99856,20461.35259722224
87150,23401.337871276613
94786,29505.66457667529
98471,18501.09793578393
103319,12793.004477437897
89393,8243.704299454363
85789,16554.094334732657
97761,19373.393490931616
101800,11233.20651618222
91588,28853.56234829731
76096,10638.04142095696
77378,21270.22386282009
105010,17479.364547058874
93587,36780.257504687776
90171,7102.760090661623
90438,8079.529939712017
91148,17211.512682234887
91323,22996.07256855021
98577,9307.413440169246
77741,15285.050175562272
87789,15985.82532730549
94742,31493.401164715386
78295,9235.989872091228
104797,6687.054276779416
77425,11600.122152731616
96208,18662.716558865897
100731,9103.569275360354
93163,34224.0727761086
85915,8808.148956491315
89993,10521.040566672196
99626,24104.349182453523
78228,21451.37653486564
78779,12106.114719527366
78654,16996.796164368483
82947,19613.332216309067
99479,5908.736505454579
90585,15338.258363844452
79933,22393.61488453989
79287,23185.8901063448
92899,27015.95409815569
93755,26365.711350987745
92117,30792.749078187397
102417,10485.279990472758
106587,27555.888137987626
108201,43496.05210402564
88442,7024.428863521287
82673,10375.308590475495
104223,11020.701600398208
86036,5220.256130685259
93425,24466.1628640423
96693,10317.2015392266
82050,36629.8151845612
99460,6987.081152062714
81829,33645.1728098149
83925,13188.79206464667
94041,34946.28757618515
82035,14887.34125166737
107368,9210.586261359836
105591,27527.19664338846
107782,9570.256125634138
96340,14112.326857719938
97566,8167.88399637478
91719,15238.648281930642
79210,16155.949376536762
89898,9577.872083603646
106642,12512.026961853016
93485,19829.96038769944
98774,11966.711323214991
90967,18836.29445053406
89550,17359.55547710977
99247,8269.999453146322
99897,7122.023898125435
91394,23780.345304288807
88135,5742.284395725237
84111,17343.42627807183
91479,27073.178444822344
82622,7646.755178294192
104106,27655.82905120329
77050,30431.826146056686
105631,10894.993649222328
86427,6326.457123318137
93552,40805.234237821816
81830,35921.47821441178
82034,19995.020052827647
105857,20335.51133580952
91623,19672.979664064496
87886,16728.008831365267
78123,2971.844135856577
101951,8662.461585719913
97543,9949.22046673402
79462,48378.818647756976
90234,8315.677151063595
81860,21101.962883003875
87045,4556.324467969633
107162,13274.781509930966
90414,14720.33243155605
78353,28244.96810609936
90940,29288.751631488743
104123,26220.04768496165
88330,9599.246705928414
84769,7740.986435801029
108396,20933.188795884336
89556,8324.041082951073
91348,12423.514783509052
107687,17567.190707522215
90777,14835.346463836522
104801,22027.04603485811
82951,12787.36266229626
106440,18745.57758028601
83562,9688.651039939536
95283,22398.307748970463
84042,9149.964795643236
97883,11230.35032510609
101997,7931.439576584136
82566,11157.116237088663
87497,11875.71387519951
79697,13148.892987739928
85723,19566.00287769149
103511,13518.442188718467
101075,14695.218789881535
108424,11262.178333447537
102011,13855.304797448174
90054,13344.04415899886
105933,16912.004598817966
83807,15251.269921631196
77338,29431.758576163287
96060,7761.679408909931
103133,10453.65500098468
76548,16764.038513139072
79177,24250.855141510536
88937,13636.28682888273
105216,9015.848475495524
80415,12398.507808645803
89404,4553.566682377676
99503,12314.614786050946
102640,16245.295967864726
108003,25732.385212963243
78038,12690.668531043484
96267,22693.711581900483
106361,26788.79460253414
90046,5681.708246940945
81034,21831.006411314767
77832,21375.94516555332
76482,12514.133770389068
103687,8005.0349180249905
104148,15627.207006745071
96008,9734.433905462613
77464,31437.587922231975
83612,16838.540617835642
88727,16462.240384001856
92881,19385.67865532128
78787,38947.90289899653
92593,18418.055545768984
93216,11822.073842832357
108447,8697.36573404497
91746,30410.07856035578
78670,17857.033227842974
93142,29029.712332535983
103515,11692.356119044834
101254,12556.697001090712
103532,11664.853477907258
95650,22303.747633155966
100251,14778.308948534415
82597,9703.971475268816
83045,8247.223419898542
95764,29055.31974194156
83685,9537.627620962869
108088,20125.977348401924
99800,9122.236262670853
104273,10163.863550283932
86860,6933.446491298165
103756,7793.632746294076
90038,8442.121998016692
81692,12672.651112482696
76875,12091.844310378272
82474,9257.69771513805
84165,11052.871468622045
92416,19999.900629426804
76486,15857.22743422172
83332,16432.206118230708
86362,7123.3338792265085
99000,13380.046042854148
79474,11008.170615598983
81625,18153.320205153686
84416,10949.618828589608
107026,41617.318858945095
78888,28829.55168577459
91402,14181.049530957316
104996,13052.227359248467
108161,22463.46424699621
95547,17671.21008714136
81861,13307.936927544448
77574,37023.23041102535
88480,10117.227830701286
78311,29431.890019797207
79130,28019.256044500027
86087,22410.293425788557
96083,8829.460894084967
102730,4787.6015326610905
93459,28961.755239948445
103121,6999.02663260318
106519,11675.228798222914
90685,10740.5607036556
95357,14455.465004403286
104263,3242.4549241944364
92978,28823.524439533983
85290,11624.971825744116
90632,9931.93907119756
105283,14729.81808198558
77070,18362.801114788886
97304,17704.80287561341
97350,24008.14088489355
88499,8767.72745443158
88773,16837.192564559122
97413,10939.146075461911
97795,14034.67140074186
102571,5066.43135739894
100395,9411.003355659748
83692,15823.155797944371
88058,8456.937591980062
88108,19859.759869286136
89818,5799.641172514974
84732,11817.34380839191
79794,14540.24527369331
103320,5912.624085415401
91794,14459.030901597907
83061,15818.738921511806
88593,13481.640101625428
100252,8644.964477670215
87177,6963.42377139531
108018,8692.991781405035
102667,15305.973542252976
77541,16743.52526588757
78985,34646.933543067564
96495,12284.165871688036
91698,19777.46601148465
80282,19830.80053821519
92825,27190.31519685134
92684,25912.94375698009
93840,37760.7682919551
85266,6293.565719801588
96656,10848.58013958869
87600,11252.20155271664
106994,7587.531671557661
101405,13368.548037635055
86756,2910.63794373985
91439,14005.479985799338
85088,9252.79568482642
93892,16295.758822916674
108240,20433.342041221465
91934,25089.47366973801
79263,18297.73555736826
99012,13865.017553033966
99507,18816.513628015546
104775,13360.678590037252
76783,19054.838433854096
98630,6034.923829270349
105799,12610.48957752021
79687,18211.94201414324
102242,10248.125844109922
104987,14624.097588239594
76197,15824.158407179695
79819,37522.20981195588
105059,16171.259865315811
103748,8053.86245386399
104789,20424.06520242436
107740,21225.26078315493
94310,19263.093474197023
95974,24806.32180068399
78991,28035.09637129212
85346,12201.689891437603
104905,20057.347444338648
84858,8299.146592322848
95021,24274.494219605014
79234,49281.89313903892
93929,28339.10355660616
93964,21266.88072040145
102327,17579.404705520636
93930,40293.18807793949
94220,37027.58611820808
97355,17023.107007804207
101356,15361.359576533228
80132,48632.118751309536
96537,9908.389810968603
95767,10653.76918070907
102780,11889.964369902773
98549,5475.833194877828
91031,27139.852147827994
91922,20352.783259016865
92327,19650.06685750604
101273,7989.265965155007
83564,10308.506869997416
93121,13515.402940772508
91848,21599.547329850564
99112,12330.84507175061
79484,21366.75076732648
83792,15350.934275505864
88337,21600.8528641964
98896,5926.559866927946
82576,19555.79181018295
85186,12078.368313928742
103570,7492.30099289084
94806,29074.60083432829
107394,9027.25800188052
106891,10199.669398992635
77508,33253.88508564453
78851,43794.475849566326
81113,25013.55662557086
85437,12625.299836424663
82280,10917.932492914302
85886,17002.517850660563
79625,26904.164052614586
95239,40109.95969659543
82313,53367.07171531682
90789,17983.52525046972
92484,23683.955316065723
88349,6687.6150258189045
87936,2372.732654487761
96057,9986.594049688789
102286,9926.2846554714
97187,8184.203231660932
85499,8792.373821623714
104015,14258.739966101914
99732,11443.233997317371
87915,11577.52467524338
81687,11329.410857074872
86009,22305.98143171737
97444,11163.286914655358
102004,15328.028819664174
104458,8222.384248532519
98519,7121.597237993365
82785,16608.13406391387
103479,19771.116672972617
100675,12606.783671275138
102764,8093.853724770663
84770,14031.348840325005
106124,7402.805937206029
103447,8128.145646221496
101681,14141.089634977025
97714,16177.983225694228
101446,14530.206847947597
108526,16037.64235374956
92403,17509.456883797757
76218,54104.17816979624
81456,10072.258051760826
81297,32019.70798807431
90637,15666.51371561813
90327,8116.725640426092
95775,14863.270629036097
89328,9584.459535970433
76281,11336.46469104838
105285,23974.9808843892
97967,14710.29136260546
103677,6807.7326212924845
89371,16335.255708812309
93864,9257.43962150295
103191,6923.212960580115
84138,15704.948208814862
88931,27928.361826883483
83174,10089.87393247703
96700,16956.11717059025
90557,7307.041985215421
106224,17214.7454737819
76032,15344.898602481931
93904,12888.594257477338
83233,9998.72301758812
97166,12912.620111042985
107008,11582.17321976148
98411,7726.181200512783
76898,15217.860816203716
77335,22104.97758153232
103661,13330.678607068749
89251,21298.51605724069
107278,10527.060780041007
76306,22195.694794661624
95821,39626.76538739072
93738,27448.618358602074
102085,15080.351267090116
87697,14618.32325459184
95925,17806.995370386336
86432,13643.854807098707
77843,9576.125100137671
91784,20312.318825962167
101658,17631.65306566598
77139,28256.164403287665
82509,11185.288608829052
92105,27176.372767820973
89714,12521.560131329468
104701,16609.6402374336
96529,12974.754795671775
86466,13468.56643073042
91745,13228.943534178865
89336,12151.096895735873
77392,7075.248258341607
107821,22247.618673626504
96431,8148.80196425457
96177,9823.267326617111
103091,6995.461611812179
91003,20076.72676507694
95781,20916.920430778235
96216,13356.273470809658
78178,49301.66672669907
108259,19941.58636343983
81909,8796.424728598575
87054,8038.071628232437
95949,28324.028725305085
84912,15730.7625872365
106750,10276.883694178116
105535,8407.454740044614
104790,10529.68087857759
82394,37357.4798828651
85536,10900.76521497751
88663,11010.620562642256
95114,23615.327892409176
87720,9504.60088055749
105355,6493.7247063811865
82633,9883.468204036371
77178,18337.04485249576
82650,10161.381762398953
88354,18392.294245763173
91594,13519.496831478737
106838,31883.89177115677
92201,30189.504338460218
86903,16691.282949409062
91790,41986.66769812381
89435,21531.47050274427
106192,10155.724060769056
100291,7648.347536946494
80263,19082.74351072856
105259,6580.016772587934
90581,12824.43186171577
82168,15392.654157468103
78900,20999.361539122638
92927,20900.926853265868
86035,15042.290947786889
82812,5960.848551627666
90960,15315.989880886857
80564,32173.757760564524
88136,13449.75691632056
81598,10813.675860141868
84515,18900.94695205173
76559,20888.473193191938
85602,12806.05757088109
87221,24166.26089287036
103271,4554.901340012356
94627,3294.3992794775068
79016,18035.93332426304
89875,16087.393057048035
89037,16026.528574017091
100203,6215.733710434776
86521,7458.482978398359
100287,7067.4959479228255
100028,9431.916254360372
99993,12421.400832450723
89572,17629.84806098334
89439,16243.164529751866
105686,10181.620503864557
92939,18129.069688450152
94055,28355.43612762007
80380,22527.16363952132
99967,4834.214910819481
95543,15659.208466317494
97455,11528.455840097444
77160,13205.10685831182
105212,21092.36094185857
100236,9724.536571484983
107291,11486.519630587703
104571,9884.229965938111
107474,13265.24156603621
93115,36457.42616534308
92068,25442.620916172447
101225,11641.538505032258
87087,12011.224633774757
98133,13872.280377096717
108494,22756.82972907457
93501,24522.831986957804
99785,9208.966931353045
99377,10249.51666011501
104791,20550.6107298071
95521,24170.61942368421
98752,23518.251082172457
100191,6053.665790388409
86298,11027.910596248896
85617,9796.57501636912
101651,14936.064993327278
93014,16015.692742571218
89934,8245.949613758215
85334,14731.082295104095
97879,15906.273454930148
79690,21373.78925004702
108126,21073.552521169157
77117,41206.86006415835
99027,15563.26614235789
102822,12299.246464715425
80603,11721.17150056165
98014,6850.894508072352
77131,46773.47483106052
93449,21439.999798480698
96996,17860.224365425987
86682,6335.438098374284
88766,2654.812359129701
89860,5194.872650799853
103646,7185.359500034616
97690,17669.27191342309
101168,9345.873412035848
106415,7456.318954841474
83711,22407.41785659543
87996,11750.407238585232
79855,15388.86193601783
105266,11545.252671843082
92717,42044.59178079452
88833,15862.963523085928
100290,2235.004374192592
79845,12492.277614850183
102781,17036.61631303464
80780,28054.13808295197
95643,18755.20987291024
90478,6072.328529919983
78919,43022.93050417744
87599,16815.13187983226
83576,13643.397395799091
97582,24694.38645263986
98560,2249.736055263428
94839,26330.460925207182
79584,31925.35733687196
95009,45046.458483559865
86194,9470.373576289134
81291,16178.537180735677
108264,7798.829603935182
91618,27575.62440405976
103987,1977.868041571112
98687,7746.24156555487
89683,9841.67224726238
80178,14563.77271458515
85041,8942.926410150449
85795,8094.934934372332
92667,26526.571486956356
88648,10516.96716812755
81003,25690.664141851208
89530,10176.298032414546
89343,19642.58326952309
84383,11030.934310896431
95447,21393.044007078235
103195,12432.401813840264
87916,9765.636886014368
79701,7754.64322681169
78939,34240.08328043
90700,7974.8687850105
92770,25100.03153402273
108076,29429.02980056125
76716,21220.94416846473
94223,20472.263981189117
97551,22196.211800501336
92126,30884.625037832604
92616,29723.476410183237
101680,11345.785065339964
91237,35094.44598098511
105108,11111.296907095344
96867,7594.511199102937
89088,13082.754283352411
92402,20991.043240882
94049,19953.502361615283
86720,9261.608064020977
100554,15812.170224916985
102551,13456.26042874718
88297,10293.29406128034
85365,9781.716176216913
82994,7880.994096950257
79914,13107.971230518762
108258,19227.99457225731
76068,16391.635023327348
82252,10608.966381647904
85769,16828.42189452338
90927,38535.494684407786
106917,15789.8866687556
97051,8140.548042893132
89757,7592.966552752427
90517,8821.337020574063
100679,6847.7803366386925
102698,12954.187584602629
76935,15053.691133752687
94802,29021.483482365205
106017,27051.71296225335
105400,10318.16380197664
107120,14242.82172103922
102046,10142.640978768088
90067,12088.472983482066
82781,15009.032231426308
95277,42024.80843628085
95689,29549.908612362928
105027,19392.701512639112
85236,18300.42040382713
97380,17040.680318682127
100285,19578.06281138292
98812,12156.82562940616
96265,23924.149275206724
101336,9826.837389345868
107335,18564.576645228848
96385,12671.910950731226
78322,34018.643114748644
91805,48566.42970418677
106808,17327.227283557062
91272,28439.606488718586
97409,9168.487898146586
84801,13472.627834200195
84783,14763.955576606915
78594,22764.638486979733
84618,11844.092947485022
95162,16189.340562370086
87803,14195.65616896576
92565,14263.733926602326
107155,20509.030019725244
93075,25981.871039689744
102973,8442.65880824211
89247,7761.054334519362
79555,27029.216144108774
90326,19515.589713113408
107169,17703.89008316499
79268,18530.907854632635
99954,10401.592906646709
80374,24954.25316335258
101695,5267.920644062533
91260,45056.57011934179
78376,22358.91343048977
105554,10544.128225633776
106897,18148.18401396453
88890,21022.8923406339
85043,9404.133693098787
90014,16602.106052564945
99924,9969.475865602382
102210,12311.52279434587
102041,11258.746516661871
78082,53178.76625838756
106653,9035.054064219195
85042,6806.620207312499
90502,12328.182725084454
87396,18263.45712379486
92489,20221.294624450653
76383,14017.406256478427
82522,11207.065557671907
89906,16774.547600084872
103260,8445.123962194804
78162,12370.28021444284
102594,8418.152233177101
103841,7528.257763176118
78789,18896.48033416365
106717,10185.156922538954
88775,6919.513922755181
88109,14986.413569765078
87997,17266.152898403932
88027,16496.340509783153
93890,13351.547440330927
94101,22953.09330873848
102675,6342.061298784015
101475,11472.754871211311
80558,10029.099494782791
87171,7814.2889436087235
88266,10214.594288646382
101850,15540.538673531148
99649,17455.526408258418
105512,13073.437687004744
102290,11704.547131232082
80390,21023.95893507817
90266,6845.948474401509
84938,10114.862283239429
93151,47678.045310277725
95267,32821.105641164046
92188,24990.81628432297
80014,21960.002071022267
103390,12569.862278515611
77627,25299.100276134915
104741,6893.948159841353
107297,9779.802307317212
93101,25775.280860877403
94142,18170.52569582207
93814,25172.89920628956
92300,31636.63364492124
89616,9118.912728005716
102876,10647.344949811855
106731,21771.836978290357
97653,13348.651812446346
86484,9491.032609444925
97041,10922.586035078844
88263,18022.272742354613
79035,17365.75729732704
85171,21841.914292088437
99949,10389.207425481089
97528,8066.41283835325
89333,7866.422348198828
108420,30071.02489579298
103545,12636.44961390258
87578,10716.331325513456
89794,9324.566189912486
78220,22699.921817162714
86074,10861.938472063192
82330,17376.341777210917
77108,12081.007825409444
90682,18808.490817840477
105643,40491.98570253675
104819,31790.70485512923
98722,4947.185882708967
82464,12808.333892548526
80687,25530.953279028945
101340,5934.682807362622
86763,17218.150176028692
103549,6828.297000951003
85520,11594.68824211582
95658,37745.26349603297
98745,19085.081130383027
102751,7815.368254460388
86044,20077.872543927824
87791,7374.505921694455
85907,10479.554623823891
82976,17136.739022839716
87738,20599.372168055896
96035,11265.00329251858
88577,14901.149215837537
87932,8454.78633199356
100197,14367.593746975475
87983,21329.445267424297
83455,15291.82440927854
100627,8723.445892111627
108491,7200.335622191207
103896,3030.654088303092
100166,16018.980015777744
84224,18442.163378577723
82279,14354.210669912874
102695,10292.426829120815
91730,14142.323347300844
91520,16736.915751576675
93441,22405.484248404944
104061,12193.033053272016
85328,17960.557849136116
78431,12412.034540750195
89987,11750.756320963646
89785,8483.40327133298
87524,9624.898750171777
105313,20198.61696497971
97204,26808.451450751352
81190,22794.77424514668
106185,24607.47453697373
90483,12104.77496660616
85436,12785.621709790868
89422,14126.365489644948
94943,20069.64598265893
84834,9902.63557220452
104864,11471.719202765444
104593,18768.930183591987
97614,8027.923180503983
105794,10520.918440164707
87647,15382.067828582218
79445,22821.41284219992
86179,10390.827858803696
80653,28846.943352796152
86987,9430.150428185789
94399,14715.123484610043
85016,7496.23520827706
97822,9920.678548575925
78119,18661.377585067574
100744,6750.952899673383
105979,10597.814185258749
99994,8344.300479289686
100774,12691.641251877429
92935,19847.00241467219
98288,12739.336643304698
76583,12455.440539960431
83919,11328.107337777552
81696,31476.45916387195
82491,16289.093601558096
105912,7936.871502379209
81324,20957.56339739621
76616,27459.70957651013
77437,26514.105189205795
87372,10760.909073147812
92668,28648.675652619364
89936,7158.813168693209
103228,12919.284659680445
97587,10239.200959909203
101465,13502.0197720651
83831,10391.59002284233
106127,15648.137422320258
81306,33212.392630137634
90977,19173.87954828331
104439,16284.046675213338
93212,16205.473612968624
102209,9391.524879574426
100072,9169.864959615656
82518,13909.45551295242
103988,5384.72201437002
89788,7032.412126186759
81061,16851.671629538396
102430,6355.844556268949
97938,6503.142224191772
82243,33921.131899108834
98210,14210.101661378616
108342,20898.69885065571
83764,10812.87815360006
106233,14547.587477862391
99659,7802.0085639008175
99142,10717.91418544293
98655,11435.845282824272
108449,16867.73110486025
104515,11107.67243999906
97931,11053.82169103304
100995,9223.594353536331
96070,23096.66999329376
76333,13160.452533740849
106307,11170.276052567348
92092,20469.824098659294
78883,9465.612444120923
94921,29129.28565800838
78172,32842.02720322342
96430,24429.038386648957
82844,8674.680196289368
82378,5138.733222646866
105297,19503.540885899376
95050,25925.48802678157
93124,18054.49144954569
80112,21091.047169164514
86478,9125.356204384052
83917,9941.36929347002
100721,12682.183840784526
94123,30539.1342549358
100693,13385.212954382465
106688,11858.362099567055
102131,11611.73384542084
99935,7861.998736603454
102108,8045.992959375881
82729,2093.1555514260026
77495,16848.32192138207
98827,12182.271594346896
97526,19064.588467016765
104954,8813.246590776049
78155,20620.11401421807
79469,11923.428130818354
98055,11787.616929938264
102443,9492.774131998924
91468,25132.723614017068
96944,12828.972677645816
90974,19429.137075376097
97294,8274.55215263071
98347,7337.134369093712
96505,16645.77306083314
100542,12608.622275519318
79348,19206.71549073227
95285,23956.312260571
103440,11974.41414519882
91432,24294.579678248567
84815,13693.821574733072
88959,17654.03656049383
96017,26327.4629292096
105760,10547.326488649218
102874,10588.420938794568
103528,4523.794302071492
87558,10347.16728416354
95691,21697.6496918265
106122,26844.70913523456
92479,9411.776859908005
106673,5778.878829061624
108143,29674.820523372106
88298,9901.950563493478
102149,15606.597940123607
87765,16084.298629591238
90258,10204.855752435382
96940,8689.985096035627
108032,7291.717817172007
77733,20368.061057016428
90186,6986.4214857060215
94702,17133.340868449188
95120,34150.94352303416
91144,16236.57030017572
103053,8150.972313658829
99408,14428.313466615848
79533,23216.267504867355
99369,11132.951407111175
105062,16889.517199415568
102029,12438.517214932208
96368,21118.02699363663
101066,10930.909756595902
100088,5932.1516752667885
84869,15553.143157960269
100736,15540.2848104982
85981,14823.519748500385
98872,12487.382830346023
84037,9929.734191179148
89217,11170.732987977137
89775,23234.019961938244
88379,20586.76322828992
80011,24102.78900114533
80836,20915.70437461892
105215,12421.20855218718
93719,40880.707943863
107968,16937.268604786368
98967,9216.972999296378
85591,17077.023687445457
80478,11463.886100670805
92882,19124.67251308456
89721,9833.380763778012
101878,8019.079907409511
102301,9844.555392312734
101408,7350.402273094149
81446,12303.749623661992
100045,10806.003713563072
82986,13364.580351705752
78772,22618.31337473095
78208,18921.09200062436
81689,10190.51524517986
96791,15022.729023011045
79141,13130.164257583843
84271,15816.833427012276
94879,16569.12615831334
107759,10998.733981632697
83675,10516.664689939136
88258,14176.285661429443
96976,17659.241127463123
92824,17319.586852929115
98414,7470.100299903304
85028,10227.071570278376
97506,8890.615986034623
92767,23161.908630985232
100210,16221.552286499576
84470,11419.623272533872
90627,6835.314062852373
98768,4676.213142929295
105263,9837.344448252808
81662,36362.608225243326
93787,15283.878926510884
82688,9635.133588984558
88923,8705.269590922999
97463,8934.5624534978
93008,14526.4639019907
86807,9899.36515705613
79997,22128.99368741632
106742,19359.0152895945
94777,11940.612837480325
86594,18167.54083985993
82991,17888.46536178408
102203,6336.186249908293
103539,14308.146599679814
96264,17164.09276694706
77721,13478.596455379284
107801,13712.248843967707
99511,10183.003149039276
92801,27012.686735434163
82658,6704.366056709465
91732,15673.555127286269
76557,22907.33974416509
91314,38452.87190789353
82198,16248.798444954456
100607,15177.821997273828
80984,12703.696478477526
77901,13464.643101604031
95736,21029.12733425996
86809,17913.556411747988
78288,20065.678552348807
101339,10061.9071666257
87249,8280.872302139273
82143,33846.55370177975
83850,16880.604064982334
106952,12816.989598612989
106504,28137.77227637438
87341,16367.159314219378
94165,69793.39667242639
79986,22574.657976573297
97235,12419.363800339048
84860,12505.78201632469
94913,20192.131161200243
82439,7458.065071085473
83066,11065.610920754045
76993,26945.669536420355
88803,17569.95506192936
77506,27154.0162427492
76456,19050.18895542546
84599,7378.229875736509
76680,25860.46360448916
78685,33586.378218716054
80310,17899.039923114105
107412,25727.29735005019
89792,5552.328277209732
87421,11383.397079331786
88821,13490.62475506049
101930,8087.205234733965
105822,11210.433280564408
97642,13921.520425404657
107339,10425.403659493952
76550,19358.767412535984
88272,5034.969550120014
85777,6460.757138386348
104995,14524.924612387493
82640,7218.425918491866
80887,12638.254684464377
105022,18963.70073148054
79920,18809.184066365346
96724,12157.83361408937
87654,11341.32168943371
80242,28917.948106235774
103464,10824.17085149674
99537,10653.101752897011
92524,24209.757721313457
83634,15088.170319643996
77597,18186.493651010445
87830,18683.93800293489
87700,17843.330870583402
86513,10429.82387220777
92891,11760.512657549212
79513,11486.759938130988
101087,14652.949885373637
85729,9574.57586923401
107672,26796.1440656156
77549,33956.88227872567
94307,17282.507048948693
84500,14632.349132182531
98867,7870.322191034158
103039,12478.424150172015
91192,31051.6634202755
82205,12272.277255003317
100369,10425.14854037123
107529,14789.928021700744
106073,14020.471098052309
87934,8042.792559053259
99978,15067.895221056207
97512,19609.499950055368
78085,22384.184479893785
83329,9886.60404776792
106679,19646.59328040273
102680,9058.732324827855
100260,17675.323517367317
98100,19595.318251411947
79452,55684.092330376734
94814,26658.807976961245
83431,11658.3515409762
102298,4153.884133812969
86411,10484.122512942737
105783,12597.848986094144
79588,19464.380847119384
77976,10972.85849017592
103387,15611.944576417827
93070,39803.36037873181
108393,21923.295856849363
105094,16783.743348966425
101152,7763.196480252818
87464,11257.278033909564
92410,29356.05756158824
102395,7776.894790525173
98531,13021.10840100335
89945,9998.875775915709
102454,15335.666662253192
104729,16267.376046366291
89493,10145.233733189443
92058,26109.151835089688
93884,14857.434013190395
87594,7176.214414907841
100891,12174.468058285976
81535,24675.315602977767
80847,28698.02488784108
90120,9346.84767861565
76004,17353.957322670914
76670,16670.170827220587
82018,8094.937814542696
90007,16221.290269279494
76604,11111.806979755533
88324,7322.045538579486
84260,15299.867786913
104662,18643.07514438352
80740,20666.89215437152
94973,20818.04044946828
89099,25934.03889273911
89528,15951.376364940445
87947,21298.92815696046
76967,26041.09884448437
94126,23426.103941377944
92187,40788.11785897092
104140,8637.072597307302
80573,14676.965723933245
99372,13527.69418674036
79790,39253.80425178794
94392,31843.00145291201
103573,8403.731214140069
96538,10535.127572481171
96774,23034.07778536608
83631,14458.045275875267
89532,9586.442114569436
83991,17754.025408989954
95769,27712.60012977082
83263,16305.700409468
87065,10415.510238613017
107642,14713.880658922337
85968,9264.832703318312
77321,16806.747890345643
79237,26990.48227273378
98975,24458.12283853154
95590,26138.142763761127
104906,15400.881613233369
103289,12206.527799722568
82134,15612.067606701938
108432,15145.84912237589
79361,15496.06535437087
79283,14127.192042853709
108270,10471.289138855323
100333,5855.301610127263
89059,9305.56989442929
96852,7080.996212827988
89651,17662.403261041938
82856,5207.326132690625
103072,17813.896977617504
108315,14978.319314648168
95664,22052.01000672597
87882,18743.046645760085
81682,23584.61065659215
102981,4933.324923319853
104776,9863.485843890445
97621,20593.97547258743
100451,11013.880494123192
94393,33537.37363740857
87416,13059.440964378216
105999,8021.799720882986
91075,2659.4667467238487
104390,15020.578562999532
78471,57384.40255758508
91077,13216.642739922572
81733,14962.780482973849
81475,21511.61690430361
89546,15578.830611959222
81968,19513.8358085778
82201,18168.352788315737
100703,15136.022012271424
108173,9683.179695850473
99283,2673.7455857767086
88618,8158.195407624743
77172,18626.753136176463
105813,13005.440493281316
85410,9214.694230226758
77665,13536.117819735147
106427,13263.119576778754
100684,8312.42840864376
77682,103584.19626870818
106196,2348.6209802695157
88627,18404.65932145178
108029,15078.369227119332
80142,21022.606396501866
101534,12631.972271285578
106737,20958.648052970268
84776,8541.082833419072
100686,7523.150137382818
100393,15428.649339758596
95593,18688.623578411803
106482,26903.105752224787
82594,19186.506372674776
95052,23263.88261762613
77581,31740.661985899635
105894,17914.895406730717
98981,20159.794169220848
103791,9934.133837696563
89035,20559.64407956498
78988,47149.30179963267
102284,5684.001562722061
78961,26835.400480302964
100824,11231.633173726445
80563,19527.01538455348
106006,27606.11867539691
98874,5912.822773983851
92004,29323.428319909093
76541,13247.984268104305
76087,10317.916581251138
96383,8664.829474484974
89403,11005.174136508327
85502,10937.165314522974
78453,16753.662594429137
105672,9641.427653581646
94086,31461.136318038123
103223,11735.599163951889
106894,5678.002474229026
104079,16152.906955715938
76659,54132.63711503795
78970,11827.82146315689
94467,9960.995061692744
106317,10204.541679113592
90990,23401.6966416105
85168,15812.491811409294
85329,18159.27191799452
90573,20441.02294745312
87552,8018.73777949477
106650,11017.39400980612
97658,11952.13461201613
103443,9954.155379806376
108293,10374.733055187044
106230,15707.25099369151
90762,4755.172677125202
90385,12225.276223133853
92892,30696.67222002166
87166,11169.842974631476
88217,18463.222462278696
107357,14029.681322357344
104588,15086.672323938616
106711,23108.51958722459
82117,28687.053942805065
76811,21560.305255610325
96629,13640.464569051208
82497,13745.159352146227
105204,10090.620642282838
92020,22426.795432807525
103534,11188.443654817209
87801,13699.19680740324
76388,21489.883309876863
101512,6500.859661110227
88523,13993.409416047038
82847,20080.70191338852
96295,23344.573280968823
104555,14063.063719084474
82459,8315.151779458753
88896,11568.14680974011
98912,18153.41196765156
87904,14590.7528061445
97899,8474.131366251817
84404,14758.81244438982
83628,34461.61140088526
98240,6989.78530409051
77405,49558.87139841255
95241,19381.553972509315
86588,15317.096813376633
100568,6953.717568465241
103330,10186.220480165472
88168,36379.7742500021
99695,7279.279210907178
105415,25656.627575381182
108291,8874.286644530534
82483,18413.14469714036
76215,13157.833294889606
95883,11271.078918204816
93944,20176.15357545899
80545,12590.860547207209
87133,13723.6587661314
107929,15306.236305187416
103594,10455.938660788754
98090,2688.855826216648
85950,7521.548697828718
97817,22314.700338510826
80349,11431.654639625916
92065,26025.95499170656
81419,20476.547449477453
103547,15685.377467857272
82647,17083.40121454913
103287,6682.625779521357
92620,22336.57524477654
97818,13080.281350873713
94762,16651.245336675434
86986,15649.259290277496
80244,15144.757977745265
81808,33086.17346926015
101955,13719.32378515288
100277,13091.944403414556
97433,10747.594940173602
101701,11610.747265833012
88891,18273.74429278144
97998,9295.621733929996
84676,6162.413604415202
85102,12292.042032803362
95997,22646.08394203469
108269,18787.10803331301
101745,11674.193355256117
94167,24523.131180717875
100965,3558.2713453786805
96695,6880.121194578313
84077,8942.497744374321
95666,31807.50425686573
93525,23430.87967389512
86442,10336.587012418277
98856,16669.027951393015
102762,11636.898289764347
91868,25786.8004604915
85895,8793.740933022289
83837,9496.023706725397
97933,23853.468113234838
77159,43935.26249825918
86267,13454.574007360956
102669,3101.054733860409
99058,27308.35612707175
83648,23165.84289905865
90586,16818.94998345958
96303,12279.90315690327
91599,28807.09261849105
104830,13484.920118083242
103867,10778.67994243273
103352,8659.89935138853
85911,11401.256379772532
86215,8782.281389309548
100026,9682.947684766214
87347,9441.341052544713
95363,17677.2651670072
105922,27894.564708222955
100582,10875.379994578096
90707,12974.251238476434
89442,10868.688180261544
107455,11909.667022966434
79441,25372.561933273333
99119,11483.0712128114
84855,10779.446985823392
95694,23925.57675518337
98802,20509.617741967224
93759,24212.857830050478
100855,3369.3640098602955
93601,30092.954569934715
103425,8505.336028323494
79810,29673.5175802441
106082,11591.869008425754
96555,12424.448813741728
76273,15292.611659094837
81265,12844.570602319094
76722,23966.55372102654
87080,9942.273527582089
85477,16183.986868724794
100688,7928.294335474178
101612,7357.722835418586
107135,8911.634515163882
82754,6720.6337796603575
77167,16440.88795660749
95627,32601.814039009427
77685,21523.892066758133
81835,20524.090322841465
108459,13732.26816942372
99976,21572.450544325555
77873,16712.321327510064
91574,17682.778902586342
98487,14081.40034259716
101067,5108.918575548794
86888,16879.628469203522
79051,16948.268861787437
105704,16012.118941637891
93009,23775.168993566884
79182,28229.28250806174
77226,20127.711176681405
83439,10704.320211559774
106093,17793.62608746887
85243,16487.887274103585
77181,16937.692510095076
85451,15801.197319605008
76412,47561.53523938185
87990,17303.227664157846
82077,25830.234394207957
86289,18806.92824884201
81566,22712.50351941096
82864,13579.621753836997
99130,10076.9536497027
96176,13484.652672108168
102269,8289.941504311493
91841,23353.23729777542
76041,22514.35891327588
104840,18781.792318416687
106253,18652.336645585758
98245,22934.37694006179
77039,22203.00044605002
100730,7695.579775001778
87739,5043.697161805231
107559,11106.010878024124
103282,10294.698541606997
76646,27599.895042481705
80252,12206.794960349118
103895,8810.848122585689
92491,24600.939639465647
89765,14963.420214646909
106652,17942.5093057248
88005,8041.524111674236
99470,9232.25428712309
77069,19027.396721545003
77955,24003.69146609524
90809,7295.032044387241
91610,25128.06912294864
102774,11915.251451789574
78231,9358.298223162426
101171,7974.826512282207
94420,9490.268596130018
91378,22834.841379479352
82771,12106.334169518264
99918,2840.601751502561
103574,14273.93371270617
86799,12810.770467920269
94318,17765.88719341018
76950,26961.1695112136
101720,8783.909890662846
106698,22473.50124572387
103488,10638.728959007038
99153,18094.283536464183
104945,20476.05384860102
82708,17317.53228681114
80674,19207.17348196833
84122,12589.48763740525
100375,2464.3532843647963
89456,15132.449924012271
82974,13693.09995450274
104716,25189.324284946342
88124,16133.47199227081
101244,9274.563668547516
82069,19772.0805626867
98606,16155.287753516455
94412,30248.24189215959
106030,24901.918147694378
89877,8058.438838338025
83349,15475.191318018846
84253,9644.979766167338
79774,20998.58001793079
87259,10757.99754711441
81587,9475.153769647308
94407,19062.034385264164
105889,12357.57466293933
90829,14147.78516592347
90286,8255.95289590819
90162,12098.921369679165
86022,13007.440007190427
108101,22713.087870861465
76814,14168.344452272482
106162,21407.54667135495
106605,17122.820085968335
99590,12100.899565182895
102676,11596.79508374498
107658,10342.581185282994
82396,13693.069652856306
108051,24584.4816941374
92955,28526.59169944089
83520,10045.164753398534
80338,16069.737098482132
89312,6636.375503396723
80751,28958.619965390324
90622,7023.592340125449
79431,19985.01189964229
82870,11841.10472745042
106446,21725.899349598785
96223,8063.932449362185
100491,6658.210298129108
90125,33533.71232150717
107869,18645.423595826946
78278,27759.538063745727
104244,11960.447073307292
93810,30026.99643887437
90911,25817.548367930656
81869,27860.82173958259
100472,15997.135672692835
101927,13477.023518795451
99713,17699.749322728385
108184,16266.76282240794
99764,7030.445892879861
101286,15849.695548159656
106534,8469.148630463507
77461,11272.589857602032
108272,11523.702068810331
106010,23282.294848348363
89193,13061.03707039326
87761,11162.90639288531
88154,13198.364410221562
97789,11533.930708283122
98271,7124.100900301093
84160,17548.625319293
80752,10540.894643155583
106107,20023.501013400128
87260,10321.441914006817
76549,4956.451201505566
106619,9686.463619921493
93849,28791.20241292902
96045,19624.85557538258
98306,8187.899101144546
91896,41180.118915864376
94048,20192.12045613981
104918,9996.273686237007
97720,8255.968806967614
97482,11262.11987600537
94156,23197.20027797397
96469,8672.195668864117
96918,18126.59122056273
97241,7600.13328221019
78150,13136.859586510618
77808,36104.526949184044
103265,9733.482959285422
99485,8557.581309875364
77860,14962.047185852532
83834,19550.96116962516
82565,5504.235647053021
104344,30132.620683412468
88984,8896.582155053164
92161,19188.823887690614
102199,18117.16529110961
103723,10069.094119123294
94677,20285.908631950653
104806,11348.295685588328
87148,16567.796748599976
78411,15396.35509012574
97856,11690.907275080825
80535,21576.62626479902
90156,10590.3214728293
82176,24559.361889410127
76790,10360.987936673024
91762,30990.793013379167
78650,32649.41651441484
82763,15918.645441154644
82678,10792.018856195727
100137,22149.63098515069
78365,30585.032057223325
88768,10766.71764409016
80346,21880.023426003583
106682,17072.875262851892
97171,21209.974684761648
81701,16841.80120913771
84073,11553.052789862146
79549,7061.474313869208
100269,7112.518659349039
78466,30396.281773116123
80489,9609.167818309845
100009,10813.373946600852
78769,12516.173227750744
96821,22582.27769297807
107253,9692.996507790944
76045,11864.133235708716
85567,22521.33307683017
104651,9518.38728339629
94428,8068.211591167169
90549,15888.496382708836
100940,11634.50269537829
105608,18842.65880479928
105280,11775.591460136584
92200,17209.896174798654
91082,7923.326477361976
77298,23704.61971546672
99432,9709.848326010542
80426,7620.767191981677
100817,7724.700759102851
98552,13947.785956170426
102428,8826.948968797135
100978,9385.852142072385
96371,14204.579889621027
84334,7845.432304257603
90196,6785.650712332709
102540,11272.09647990874
96914,7134.1238421871385
100895,9428.058599118847
105296,26891.90503850278
101888,5508.8717941734
104077,6750.242123860654
94267,31652.663496385547
96803,22370.519955414733
88905,9279.23947900682
106132,9009.679360532446
104388,9809.823244948484
92704,19752.12936980033
86345,19351.120894308457
98326,52262.76312719456
98572,28631.28859768835
98754,25573.303177725295
77794,11726.138125475209
101082,6919.713434115609
98455,12917.580420859418
95796,16192.86698705948
98861,20207.034894969085
87570,3949.4491049428434
91904,21685.81293860652
84147,15130.67492822007
79470,31368.5390947517
100012,8481.0627741902
78698,19627.73886141493
84929,12071.85289984876
97808,12861.003648995196
85299,9161.600429496662
91297,36735.56303991184
100772,6225.531564256737
88500,7693.079657458928
86077,19010.0262548206
91891,22346.78755906696
81059,24764.86029631305
91023,26909.858856397517
94693,31674.115330846696
83779,12732.514748014388
102323,7715.707542017397
86078,10365.678389025255
85595,18551.667728634377
78582,46782.63401360047
82311,33449.33609092861
107228,27043.95587094784
90613,15556.020774380488
102643,9789.085801875335
87044,16785.482011004282
94680,28007.76342488771
86222,15494.05430444132
92844,26954.437834477845
107625,2673.551229569696
98155,6890.486380455996
95145,10258.5049750479
79545,17880.256531145347
86312,10980.329768556783
106466,12256.99394379625
102721,6944.711183636809
82720,8191.154684698463
89908,13107.36807255568
86593,4912.487344623606
86930,7968.272122876921
80460,15595.081894951814
85235,19532.80388591782
103331,13269.679595323263
96526,21284.92783129269
93359,20318.78584707284
104761,10363.403700519457
76684,29669.64677142184
76697,20163.811227273694
92488,20971.219513693777
107148,20644.857511195893
100685,8573.9237113169
79407,20925.441875690245
90983,21244.382774882
80435,13061.39049120789
106658,19564.56514257632
76894,35409.97476067843
77367,15165.363790418014
80301,35027.51858629199
81032,22284.77085103224
107900,39919.2632884223
83046,14283.336492956823
102331,12537.55824695882
94376,11677.299849371242
83559,12134.44411083913
103509,12383.614906239303
76553,18441.82859150337
85897,11530.00016662838
91644,17078.74312965527
101598,20117.860224859647
89707,10920.838605730278
106964,13938.233400977027
86117,8630.597098478516
100179,12982.794112613286
98605,27206.42113848141
99719,9209.61550423687
96764,20777.222727563418
97262,8751.407887770383
79645,22676.677204429197
85785,13237.53923094367
103444,6737.991363040657
105639,14580.817801106736
106379,21762.672791202534
94283,12441.775341081817
80195,15880.312652393171
84709,18442.946445813664
106270,17042.81450957092
106321,28374.884551501116
102975,10393.608005972728
77231,42484.68736536679
82488,7138.092624090238
100406,13355.341051848129
79606,9517.859931363071
81036,15263.564718048929
95806,27678.17389456432
97217,18295.224104610454
93696,26145.193375246687
84438,9573.658132245291
108083,14780.363853666891
94109,30039.805399945995
81873,24054.64631738327
83535,10440.206062086272
108253,9538.61880812909
103572,6392.568758140099
97782,21720.92818815665
85759,16448.40869186945
101313,8855.263865114834
98905,13257.8806965758
96344,20421.13954036681
79144,14888.038698882025
93593,9162.698443996964
99886,10232.858913801138
96085,8138.2989193671165
91717,28208.162233964955
100170,13776.75214646722
101760,16361.712759851387
104762,30141.57633496582
94364,17090.737122738872
81819,17612.281022119954
88720,13475.864660866831
76810,19214.83232189306
91505,29920.585651053963
91740,32080.22174077057
107115,31156.43718710453
79860,21099.801194308704
103392,9322.212336020504
107926,7554.128336959549
98206,12145.402806110513
91551,41583.79493913589
100331,12600.5057889933
76115,23592.685973006635
82255,16097.195363020146
104007,19838.85544117962
77667,7087.435250167075
97247,12885.082392251146
104182,42695.80673059811
84802,12312.826360052648
82517,5451.364711833418
79978,39869.70066624149
104400,31084.45679926448
98809,14515.09996191227
96889,17283.65953800954
106291,27142.832139307156
99347,9454.561709892212
101462,7195.389017080808
92841,31144.571227098822
78210,63314.89572033099
90440,16237.759999518628
84119,11677.993239650925
96872,13138.888447642708
99411,7686.251342032849
88399,15101.649650052976
93645,19161.606895829456
106472,12368.631711847556
93223,16992.005460413482
100761,8709.464562913023
84396,9028.048341965912
81694,23604.994503565875
91499,52054.82967948445
86428,2548.529732880776
95718,17557.002265925785
102532,8804.262060292458
101976,7786.195662573066
101696,9107.264727509142
98887,6855.0861027177
88660,16665.37213070382
88640,11045.430342382931
84379,12983.819355348973
84581,15795.93326846686
102278,8985.02592611406
87590,11222.861848206983
105244,22227.33266599816
85140,26799.798400012623
100212,6533.406754337746
82463,11080.974515027774
89649,12404.087580217558
105119,20982.76923394405
101138,10842.420019188656
97613,12516.590037801074
106323,11995.119705946232
102910,8490.53295048316
106664,17526.989220034382
78285,20316.8163348664
90102,11184.7514961736
96386,8060.985792034131
90800,7678.667096311843
98566,18935.890069124336
101815,14587.317571501942
101798,13430.93375671066
97728,13435.380642770764
99174,13714.67749726632
94250,21624.08476307193
88827,11425.54941584549
105493,8494.283162476375
77991,29119.37867743361
106003,12065.153606743952
102938,13963.93218817216
80815,17624.056872622386
102775,13484.875970782425
106108,8335.754509865923
86213,12977.796675452457
97119,16871.12961864472
90341,17306.13797271545
81713,24002.365727305005
99887,7151.840778467331
80067,42988.27446506456
104710,23894.473133548447
99374,11573.046225269616
102685,9826.22621070847
88454,9817.797772970926
88121,17016.06043469455
104607,13183.493974921428
108321,15692.731092486902
100788,16164.004553114652
79504,20408.831433093637
108273,18715.76664221139
94291,27467.018926953653
92974,23303.27300854737
98506,7225.075528832491
92238,23931.135912388192
101214,7675.652637355772
92872,24293.42219733572
92412,15730.50290048145
99487,32024.68267179261
95246,26846.06754412668
83843,9669.189353701327
77705,18304.386309126872
82903,16670.300749842194
99335,12182.2781306285
83112,13993.511169917943
82946,11852.616635806691
105777,14011.49462396252
87013,10641.350418024493
96752,9529.505197070746
106136,20324.11521147925
79867,31900.361884904745
84377,11499.487841189586
100807,15622.671834911893
77327,30359.52991347025
90531,15284.101544731508
80907,9646.263885962106
84019,15428.075970053327
90542,16213.033058817407
77431,10919.359352025129
100648,13632.215786832596
86836,10185.811083467644
85657,9908.898387442823
104881,21888.266376833184
87108,2617.785522332364
103909,14840.510121038811
101363,10555.855865773254
83894,9756.155441803552
87239,14483.51331305934
99880,6899.009764173299
101105,9120.918568465951
103682,10282.261152548472
84580,19798.110259008703
103278,5430.883083296553
81972,10314.441379356878
96088,6376.888363801283
89815,8306.754057706985
83189,13576.077991429873
93790,34163.21777482397
86893,7362.471224620558
85632,8328.125208321086
84891,7347.991719143169
81765,27967.923904271505
104808,9884.118779833338
78274,20799.85228320914
104323,15767.1718169662
104215,24797.71949835707
83258,15629.147796201249
85415,9421.450351175305
76352,17112.875263300964
105843,26506.623986408093
79923,9457.724463376975
86788,19666.028708223817
106140,12102.652836619593
107298,16393.150777700965
80097,38012.014907572215
84584,8412.266302731077
97123,12053.272669240774
82024,64177.96500519445
80482,24196.34950335718
85092,15036.759076053946
107615,14224.343241088276
83158,24255.9164640652
98377,10425.679345592582
101038,9390.254194802155
86398,11041.46619694482
93257,20337.603923543586
76372,23967.17833499819
91976,28089.680424723407
89914,34071.5240665824
102249,9969.635321606704
92223,19989.146016365437
96162,8145.136270702409
78476,39007.33577376373
84032,18102.80181274221
87790,9727.841883765574
99047,10241.56666800444
85743,16204.050371067908
100359,7434.06946574034
105381,20233.486532844083
87011,10603.447699544027
106016,22649.173567787937
104246,17934.257913575195
98535,5129.536082041053
101636,7266.986407638271
86057,18662.595539356465
103082,7567.773145344743
98076,7085.871603046
83514,8642.903242932027
103770,8191.617359191259
81344,16939.351775775118
95622,33910.194879687806
103797,1807.513177216612
93056,23795.721103766027
78395,18956.71096214795
89628,8614.823617791013
103060,4036.14117919242
76440,21586.569555763614
91172,30412.944964726907
92399,28611.83295546861
93498,25618.004408204237
88211,5941.113761682436
101974,6027.316067538895
92110,14576.663202270163
108282,10724.988564170984
91046,17369.422610015077
87325,17369.42670915512
91442,17571.71266627842
105058,8426.341688110455
83755,9812.779667568466
84596,10978.488483322197
86642,9259.122341631244
104884,31683.10574672953
99464,11961.52836911943
76380,18725.56130645764
84398,7958.208212154415
86695,13824.29402714569
84967,17158.512969677664
91413,43885.29514207805
104536,18427.05407039576
103653,11805.385016961169
82660,7715.565460614096
96278,17280.18446639851
104281,8635.284513816452
96493,12347.640074545676
84816,16392.46325104357
96248,7895.241509963372
84910,14719.202466474182
76150,36351.63595277799
84168,8105.896789343758
91284,29264.11106747208
95359,18149.39168764205
99809,18172.95592753771
97478,12398.837663462986
90354,6809.501553530076
76268,23515.597165633088
99017,5461.425925120534
92966,22816.10379542904
98031,8926.641655321333
102949,9601.977451770852
96793,10264.815317850587
88706,7978.523255965689
100609,8902.731811130649
89116,7891.609935395783
85861,7409.034696324328
81217,22289.37151345656
93134,24017.548174566677
93383,21937.48594646284
108417,7196.6530818861065
84549,10810.230688949843
97741,17949.517169984396
82038,26029.05033341496
104696,11463.314395345707
102985,10998.23120423334
76015,34081.44621675226
89233,5685.501976620814
107693,9158.489321608216
79543,16880.003303324593
88941,12674.04647444257
107133,18882.970455615847
84262,9160.40559641374
80022,13905.422032527464
92947,3172.634757209494
106355,20769.16602673354
84561,6617.380412478204
98987,19844.86602667537
106383,20862.426153693406
81784,10875.3903721755
100364,13314.72182489415
107310,39987.238154276645
95690,30837.54172624976
76393,30646.022035771544
99698,10492.117186959564
92142,30719.584389242154
83931,18627.932002815
89216,7754.096298591926
78447,13034.542805624118
88380,15862.257144329493
106609,11170.230628048235
87906,15624.253601961304
107946,11139.227235432536
98084,14812.190030689586
86920,14595.7923167487
96738,12705.988335388634
90639,11911.987157474114
85170,24305.694098142078
78613,21430.438683304517
105247,26155.842592443303
90641,9260.979604889724
103803,10730.49091767539
101871,7351.697329080931
84737,8899.929727586483
88357,14269.131922927249
76060,22033.412661426337
96081,7437.466458936895
95771,21018.890248879165
90465,11924.43881823607
105795,6661.583440347647
99716,9615.272440173088
86627,8715.223103670505
76452,32655.54936751993
106972,17245.929013932247
85032,13346.687819529376
92339,22756.29991715612
92906,29260.1881754504
107476,25554.77813570969
98693,8109.115605249109
100745,14860.876144399212
93962,35931.76574200683
87071,26059.93924290396
78456,12130.97508999903
98616,9462.482080829508
89502,14903.959556967697
84812,17114.874342151285
99278,10585.907525028126
106760,30467.40886561817
93843,17422.9493000312
89686,11728.41905777286
89459,14250.145333946386
86882,19302.50964237453
89055,15028.918119448925
103280,8152.256870811122
82388,13814.210358907916
84322,20307.588386664363
99763,9431.393696505214
89240,8258.498692897216
89369,8093.186942934961
97845,8994.330908800544
98505,23218.162208040485
83594,8964.209326048
76879,23573.597353156747
107542,9975.24116049742
80047,17326.08573091374
103396,10478.61829570754
91511,38653.631281580536
103680,8252.195195623162
90952,31138.07411713911
80329,29096.57278962217
95213,14806.880739072902
93454,22667.062939374657
98790,14081.947710316796
90991,51656.06454344334
103576,15787.744916422884
95054,16586.633359596006
91254,40293.18807793949
78354,26921.301438651448
82354,8837.74621283841
88849,10756.930187962866
89577,3018.7544213964597
92417,19220.77910323168
87390,19567.736485208607
90610,14870.064718714986
76083,28231.981257269723
81716,13444.656799843917
91781,31071.09307247697
90138,20004.823268223765
82651,8347.824473559836
97872,7890.945132864179
84809,16387.557131135618
107232,14575.929623488048
82070,13266.895592736862
98299,22289.569137155984
108152,9872.0986658748
81894,14425.425202306777
92170,25077.175478147423
76815,18811.615090211788
85318,16642.1829329162
101609,13816.627250205322
85681,9682.656723680037
90628,4707.629098373915
81278,9603.186085000692
85022,10670.099752159667
106237,9274.070808983794
99060,13497.897081325787
97068,19745.013002157797
81590,27178.66139816121
87125,7601.841216053829
86034,6081.670943324078
92154,15768.01393733907
94085,19421.609723268983
84555,18513.64187875673
96138,18617.04942641662
87289,16159.199293989315
96099,18546.283933861127
92408,17289.648635035708
79885,25949.12493118469
77403,22257.803028389066
78502,37663.556384448784
101012,15689.43290546458
87470,10790.866936472426
85394,16318.62514906377
90467,16049.0271897592
101768,18436.955674497127
82421,12612.550133427358
85707,17669.28649669451
90630,16311.498873848992
83619,10497.591028321138
102793,9947.618662016725
78299,18431.41501388869
108074,9676.79295203806
80894,47941.642860830616
107622,9800.999201339477
89930,13574.155890336113
105194,20856.645872766298
87228,8208.625632594856
87821,22627.48832056338
79921,16813.518062907184
85109,16704.091942321058
104039,5897.786684127132
103523,16498.30731006365
84724,9836.943999871944
101351,10180.380413332969
76444,32325.055176770235
108202,2625.0878324666105
92774,39172.43007162442
97279,12643.58979982941
94079,14296.90142115388
101938,5989.86038339729
105071,21398.25684157041
91761,46987.93401932641
79296,29391.831218357627
100769,10784.813933802772
88597,10884.325347508186
85935,10160.686569719894
100302,14660.176734834433
89081,19587.26252087096
86282,6957.962139188035
107202,8686.075196208383
101999,8799.219878579923
77135,21806.518185250243
99417,10110.443923986231
90406,18614.202018919703
94752,19312.15577926462
83342,10884.919963349072
98973,18179.157841863267
79768,33445.38263273019
77192,10989.411460144132
80500,11236.210744948465
76835,38470.42687380609
86983,12860.390127457717
97069,26184.076379026003
97193,9608.86444766463
105073,15316.091228092171
108405,6789.954216755081
90739,13747.15699625991
100079,19851.89449474053
97513,18018.980164649663
108004,31506.255607056155
100330,10821.364699885982
88508,19175.98131277021
81325,30790.1773647941
105920,17495.086623750678
81530,9625.810282314158
86776,10710.974680461724
80384,11558.253889995336
105020,18765.48330510025
104228,13271.144822245817
103926,6076.222046469231
92044,33819.56977048298
107049,8554.933883419993
107408,20100.885655275502
97280,14281.138918854043
84121,26525.777581798764
107517,17831.232386135714
81847,11752.313251946212
93671,17323.575582464942
81276,20207.437218749787
105034,20177.341277492054
82559,15675.54354791612
97468,25566.04276152125
101227,8173.399888724027
84614,13673.022775375586
76259,19131.325553801074
81329,46539.09110255297
91999,29196.181118663077
83557,13839.605388972604
82819,9349.439750413809
83735,10785.616670708052
103607,6982.504283372166
93256,28246.65308564837
89255,12755.059399234757
102147,8947.85894978753
86853,14411.328312371526
76266,15534.421573225549
85025,18682.521368744547
79566,21460.77318841272
95663,21684.13101230525
96600,10291.738689273803
99798,6295.496149587431
96922,14955.33146476576
76888,38151.008789711006
78701,28225.208434501797
108246,12399.642096688742
102309,10591.000646190698
89158,13589.179885672136
95309,22194.24137175477
90997,21551.54793151995
88930,15168.454248183283
86235,16722.90331668995
86159,9259.1106266462
101049,13231.660313972376
81773,31037.187325272625
81389,26407.44789428688
88802,11842.56355605568
85702,10277.874836137606
98780,27953.358081487648
84786,17176.285011751173
85683,9456.488155803368
77857,26118.715575840622
88429,19012.845917731596
102069,11016.2010232202
104862,12079.733435879809
108204,20793.770703737275
105476,9784.62916887233
91778,22985.486680523238
100851,11129.825502037058
82960,15320.242551120304
84799,19343.44118602879
86912,11075.177586747384
101533,4771.800226891916
90657,9629.245318115674
88912,11773.40236991576
86715,16129.928186099954
87508,17441.691987550395
87984,9564.97487740352
94852,11936.203384936536
94905,20709.410563762183
76632,22845.77793833497
84100,7068.678624805512
95802,12829.975443909818
93740,41468.50590496627
98565,10039.927148279165
104153,10933.585838042189
82480,7225.439891220115
100660,10251.32780734043
76089,27451.00146274909
104329,10302.41951825935
76434,19636.379909023795
84061,15602.392799887515
92097,17045.951850280224
96236,10209.727785820894
78908,11194.69825533541
104602,11208.787463803485
102750,15086.69007036593
103394,14385.753739336014
88113,8799.625930090198
95654,26913.671036392458
86372,10577.8702067256
103110,13548.924774581092
88378,17067.725799264077
97704,8225.611041259415
90821,16278.249066871362
84901,24603.8977831566
93956,19714.22772727449
96320,22737.410711712662
81148,22273.076878742508
96461,19837.34344439495
84615,10893.559924423247
108104,25559.461649342065
78039,15292.295053642742
91425,29793.814578389905
77044,12248.463786769224
83049,18300.933772195232
99803,24538.00598422794
77693,21183.171874667933
95508,41681.12851960884
101593,11006.156849672378
101499,6331.914380046828
88319,19240.804734358644
107344,32009.33347644564
88590,7615.151153569807
102740,7221.838595872947
85931,11942.2026961818
77210,26991.36546596572
104732,16176.632212706172
101802,9660.916035799984
106071,10608.315201174428
107867,9427.59418833363
103449,4509.161715103111
79433,31253.791559672336
94897,43408.29348054357
79851,17939.65491111386
103779,6653.26464400933
84206,7070.655360748717
101707,14555.836688369029
90924,16266.830117382306
92910,31387.138057784818
95774,43730.512592392304
78551,43037.1961800953
97038,12616.39827720336
107852,13172.91295905712
87639,7512.335968076614
89958,17980.904162619874
77096,14563.860323135788
80491,18472.04321141111
97835,11170.537524550664
88697,8216.243259335402
78196,49578.80276992073
100662,10139.161297074008
93739,8368.206465715351
101433,11431.537579622423
79620,12126.071229719062
98914,7807.451000014626
86750,9447.397572149144
99223,8325.523664092692
100046,5816.171506796233
77452,26525.211206947097
104703,14233.488876929729
98198,9232.461403554584
104049,18670.5019914261
102264,11744.519611620715
104967,16342.666560920808
82009,14325.272643841095
79345,13406.905871231182
76063,34475.142287966664
92506,17871.506466890227
105509,7540.856424127461
87958,13145.27673333188
104150,19174.747616515862
76395,21916.60436116398
92933,24419.28306347016
105564,9860.551327176012
101877,15715.303980801336
97863,9595.006199615862
98886,22291.75702964864
108166,24778.777462386835
84870,23874.368664852285
105095,16445.449685896325
91461,19135.708719441514
89581,6966.139117839199
79917,7897.531036369392
86396,11995.527221056444
77190,25173.553570862
81287,10882.42365023092
103138,11467.454885223518
87123,10623.022657987543
103793,10902.303207499968
93077,19838.033183802545
107545,29648.62975809217
99055,8515.412788447002
101183,7641.622366836966
100713,8057.942349111514
94948,25467.5374182338
104333,5185.599747709847
99987,8350.306221358844
85251,10495.309351157222
78966,12801.874625547149
106038,18944.976967191345
80139,22124.296545367262
86167,13300.373505582023
99261,12231.887236521496
92352,13309.543816978
106505,21828.16684393016
100845,9304.26218654576
99620,12286.661259257504
99159,19889.93275257053
106476,23053.540971587536
98980,21104.430117320648
93289,19140.18153531758
108209,12497.12672345209
83126,8416.753984862476
100563,6583.649842844567
105255,9449.175608258867
94179,22768.212963928763
90552,8797.19776326998
91267,9915.181282260248
96812,11797.687231657888
88257,19464.34305036319
88718,11984.24984992316
83854,15255.9543073306
94902,17237.711209118097
92523,14052.676734754392
89821,14675.627622122309
95400,52828.53360462053
84369,11464.89848125916
104199,10779.419290497875
82116,26245.12933715259
100708,11549.80874602078
82790,14987.23859633803
81821,17274.020266878768
88277,13485.300376187384
81500,35118.67906710869
86835,16854.702701366226
79378,34029.03208819177
91295,27994.297797564657
91973,29120.36692647136
104856,14786.89635836267
77543,20034.02720270148
108162,8608.209338080702
91217,35959.588431227894
87896,21785.42055285784
98107,8910.829027587431
100169,10646.730137517889
90709,9562.677496962728
80086,33679.10219134844
81299,32258.390447757974
96112,19089.08049619528
103775,7307.385101372738
95669,31627.6798273577
78443,14857.64911855088
83136,15859.944984954838
103945,6611.711702767979
93010,26256.283313675267
91906,25473.032405046404
85113,12065.207146901434
79454,19350.4022947541
95079,48484.30833728422
77330,50485.62613380551
83798,12807.526433818944
90237,8493.498932922794
90782,8591.671282339381
93557,24624.300308700924
80716,20252.37173614741
103222,8579.300676226198
88529,7389.233323820657
79327,18377.646074232216
103525,5934.019728607969
77294,13987.601543901925
86934,5732.550816909448
83687,10009.620187463484
101179,10686.679641063209
86285,15820.891903829408
108225,32433.52393520379
79458,19790.63111810077
79962,29678.939521939694
77878,30957.35975785559
79980,29488.76847287604
78111,21796.310305493334
96878,19574.21371518414
91368,25883.62026184646
85298,7527.532013556038
85082,16732.837698592353
91369,21459.201351604213
96485,26754.184483682227
77644,13692.903286263008
87187,16313.805640993032
108438,19077.22497310368
83884,17599.326543015293
79694,13333.831352872368
83581,18274.02945180713
89661,16377.018980670038
91756,15431.473929679723
94344,15359.465765114415
104700,26099.168167089585
82382,33536.64839965129
107594,41656.72529772702
78751,24270.527750636636
80127,11760.864483828733
99586,11654.424846960454
79871,17001.78641761159
107372,18142.0916519267
108028,28228.0807232868
85904,12893.946172492651
102788,14288.290840738886
99942,12955.365436486703
107103,14039.383723973458
84087,8376.249828266751
97292,11491.404046230113
104542,15241.376673169068
94429,25179.005886777697
86335,16389.20419271766
82367,13521.13513153595
86457,15322.379185142065
107346,12860.002475775753
77766,56489.721370160856
94768,43006.53685321535
84426,18379.943211709357
104173,15074.744342177455
80165,31492.72713848428
80521,24193.05941328701
95028,36172.31201419787
77278,35562.12769256206
104940,21708.601451202197
76864,25867.318019738166
87845,9440.137538327692
86391,14974.975897011667
85488,3513.7814667039597
87274,18467.00248827453
102371,8434.129660981569
77811,14891.871441002384
80166,25819.078524192955
85693,7742.678613028687
86192,17307.81545441786
104128,22728.769709903045
76805,12557.825075969193
76360,14296.406152755986
100706,4604.360231851232
101318,13356.024700133095
99579,20011.808800556428
77331,25912.33370132355
107340,12836.04641213078
90662,27055.73032715204
83565,7316.184903276146
89664,16954.474495584196
78421,23272.53559819304
85006,9761.19678938548
93876,36114.08950561489
97786,17400.490567957546
96174,26683.05511794292
87729,8587.156898883155
83280,11586.71847665002
102207,14338.070262915528
100949,7461.582049181456
105703,13395.576454749907
100936,4700.163800031591
80419,31108.06583517887
85990,9181.679061083269
107505,21442.72116952823
81337,14249.106762040525
93683,29819.936707511744
94646,29726.128016015064
93987,18062.773733616334
80512,16309.160865568643
76113,20380.801495885506
106835,6558.166505770443
100428,14117.09830942734
105624,23204.314660694254
89652,13103.98104466364
95108,24217.45120728916
99206,11948.06641131432
76036,18332.96551889143
86230,9088.420986347272
84454,12910.876702535075
79349,17442.84490133306
85609,11540.84528875168
77345,14647.222459232587
78726,49523.71721210559
94445,30098.84933137545
107695,6305.656534416373
106991,16522.848835103447
79308,12506.569140771626
86486,9390.158295128187
80429,40139.88355330869
87107,18491.00968763511
80582,13738.090387388518
90386,10185.277258524897
98363,10783.613744049057
76705,21680.27095446299
104824,6836.990284284749
104154,2732.482287543171
91270,19391.112418269888
83116,10981.081786885134
105710,5808.610616622054
95042,17377.330971380565
88001,14280.516223349892
85212,11980.364129274334
91875,21548.951846859745
108248,9141.096345732793
106378,14819.73866706836
89950,18240.42687372851
108165,7413.116076192748
83958,13306.100143793972
101582,5955.132930016705
106377,13428.943898228908
104057,9720.15950650974
92245,34400.58779475428
91187,27469.538037360857
88022,17497.11912592406
92561,23705.07672004519
96757,9404.443753387748
104597,31275.90667926978
101485,9497.22994746443
88381,7693.485197111488
103776,7961.809283716935
91215,28940.172168294288
103022,13573.582780425
101933,10933.773096382723
93174,30714.006156584623
105945,7296.995784413506
78879,19260.8602913198
82065,10955.26904969069
99235,27282.242041472407
81250,24698.527802660665
98942,26846.95558693323
82966,16016.774524475824
81141,21175.28061706984
101325,15737.291636676287
82470,8469.11461243395
79063,34935.57606473618
95324,33679.72698440615
86407,6499.376658196816
94026,56334.759627051135
106390,11849.04311942786
105069,21145.32143507511
88045,15900.935239796165
85356,15194.385853577203
80298,23957.415836075987
78479,9587.274277500226
98197,18828.69781822273
76490,26754.97877584501
77678,32536.182618681567
87021,16613.628463536337
107215,20006.28482217548
81404,25985.286025103687
84641,13999.327592992326
96328,21600.293850385257
83845,15525.052026077676
102745,7615.07675737969
105081,9887.459573107284
92135,16614.678253154052
105888,22475.913568323
103985,6987.01097829566
92091,18790.640128963067
88090,18702.791548772864
106712,9971.641288936984
83446,16559.211417445513
84263,11255.49821437517
87277,10304.305682673892
90625,7094.258778846892
79466,19552.12088944832
77287,8054.989471483566
91628,17289.17825670801
89171,22129.66706887431
78750,21258.71061933501
77085,27890.49864946661
80877,22204.44321005625
76526,26081.149226750375
81085,25527.638972323628
107918,10411.01109148432
89072,7909.719862066679
103832,11337.768390619754
90495,8333.08754228103
100430,7254.982249562849
94346,15154.812433297278
94350,23966.26583977075
85431,10489.054186807249
105851,21200.08270746188
106969,15714.70846938049
95370,15127.771777634938
94611,19593.27266829429
79129,4926.173019637119
76596,22682.08399584006
93211,22897.721391991327
102753,11530.678209828668
98370,14313.088870988691
90773,12246.783855821825
98298,12208.507835891774
98150,7399.742410720699
101220,12168.269679965742
80802,29164.371508627188
91398,19748.698604290985
86010,21540.524296423155
81267,39558.27216867691
79745,17700.4859128495
105864,25393.370415301128
99245,18229.0921114481
77308,15845.64072041305
85341,13105.413330567782
78845,12285.674412656928
78542,13031.357969586012
95408,21032.494286103934
99562,7354.138552585862
82748,16276.903418608032
79419,27730.78566757062
107846,12702.160688599164
90929,22187.980228223583
77964,20661.774681909457
95902,24742.194949807355
105576,9599.952492890608
94067,27702.12570086192
82322,16073.34303278655
94533,13343.788714102971
102326,10156.3693320751
97048,8724.228624067113
84908,11645.80031655369
81143,17025.730176441157
90090,9942.921402863783
93029,24168.76019880216
85943,16229.421631450434
95392,19178.211482943825
107057,15201.49730239144
89067,9354.076551174056
85202,21532.247298251285
81457,23739.96724914072
77074,11724.123386362931
94378,25677.831951636
78921,16216.347814515982
80414,26582.38850422064
78653,14835.135333066097
87185,18207.61387941313
103928,9759.596881990265
77930,16594.79080213172
93057,30841.867439020363
81986,25753.45077569259
87505,22884.942175618864
104258,5566.530724612586
100795,10150.15516881281
82702,15333.415070049148
98156,12992.958889710171
81155,27041.66763841172
82204,10639.402162506674
79859,15349.139281941902
79501,37198.75005720375
78998,17092.290286693413
93846,9144.664780617986
83490,15854.634211436496
81890,31712.243498951382
78672,18657.667924921047
79310,20159.62530323449
81889,34088.45199402741
84975,14058.259913830332
104001,19843.520387279408
90374,24690.7163206524
76586,50734.34117692884
80099,27843.552086017444
78984,27022.469999856366
76198,16283.329019163206
106595,20004.799504584847
78327,17394.969424873114
88954,10056.750895267089
94710,40900.38446613676
82380,7331.583022707487
95780,29446.742066122177
80440,62280.68415796488
103715,10092.803857215613
94371,25067.12234231452
105793,21895.006794646222
104941,10288.959358684177
77499,12618.50922270773
79776,16464.985283456113
102456,5155.146223967174
87034,7346.740597285309
98570,13759.580674576184
86294,11910.596913140947
86579,12984.040935725816
78767,28319.736484886056
101407,8632.581972925289
90427,9775.124957850603
86604,13770.982238669416
104481,6479.596316218203
102055,9034.85684298679
76565,30299.334446618974
101769,6214.835443672882
86849,8404.9060443937
89128,12193.09826809642
77119,9547.551704123794
94623,30420.249234483268
94988,24987.938519170908
107071,13752.583294440818
106724,12243.093858184966
79938,20846.623882798936
98217,13769.524649885148
96660,18997.926061433674
82817,12409.26715232618
89810,8961.969663885811
108212,11245.852267264325
82851,19063.30744361042
106739,20038.10805646635
98224,20375.08562953489
79457,27931.464264758517
87381,10565.238347546834
89127,5692.554670612281
79388,25222.40911880107
100705,6103.888399331012
106385,12788.762958475596
76142,28157.394103125334
79007,19262.690340290435
95972,44015.22094747272
100737,7899.719876094628
81958,28340.64560822011
100805,8474.857250226662
81226,11211.508761861149
94857,19466.771621674496
103193,9528.140522596894
80622,27995.556495875942
92116,17522.19888366756
108228,9269.195296349022
84744,10743.854832254869
90654,15929.70266379026
90551,18620.720391410185
78428,30696.23991583787
80781,29492.27918769024
87118,31464.737450538392
90187,10936.765136276905
76110,11666.405591773084
81102,19856.72937062932
89957,10452.92747163332
103585,8709.724319146475
95786,27646.22783663621
90883,8260.369826849828
94705,48889.80569940086
98890,16717.27563190566
91766,31014.111472004966
95207,11357.795562894573
77002,12745.200208156935
98428,17600.573034856734
85456,14031.79714477246
102472,16686.84617777804
83021,10366.065160824592
94063,12499.464290781223
94665,31618.021527865814
81432,23035.228493441173
79825,29994.69581695049
95008,26191.51670298273
104634,25380.55344437172
89960,8389.777064004971
99162,9913.690852355305
99269,8880.746115293388
102221,7316.6817720696445
88075,15715.172131464224
86981,8629.959185790165
97144,10360.672677551249
95073,30211.535243303108
107794,11209.194155053636
82837,9699.158819453758
76265,28864.64647000638
102416,12955.081659576264
106292,26843.93637821183
94162,26336.490918732085
85715,8409.443098250891
108484,26097.41377070407
103120,8008.248333373463
98178,7455.629758759926
92208,10123.928075912349
82800,14499.499716859062
86660,11333.799496676958
94811,21770.03789354404
95020,14310.917526773228
103339,5873.3624785646025
76719,16241.850680628955
106391,10202.292431187918
95855,38816.230512397146
107989,15584.08898882212
82154,23330.173084127116
77767,17826.784231074213
102776,13756.704162956488
79642,28531.2196474796
77306,15334.1452982962
98007,13879.93934273539
105538,15330.848203884056
84076,15251.41968215096
77749,26417.934294390543
95734,23341.927797561053
80602,18445.96513133999
100988,13562.512326994158
83690,11319.058188033629
84882,13075.48890416505
101699,8716.667218663133
86025,14991.120226505176
104331,22291.96333728257
93789,15339.557872311856
100427,11279.826638139377
89980,5585.724540440452
92989,21051.5646755356
96820,10368.79993614322
76354,20306.2873818309
93143,55362.06792753492
95045,22424.263631619404
78135,12772.489266563334
85841,10526.033188825066
105453,15515.768042543024
86843,12803.680017234405
76450,54502.62098091634
94878,43571.57351035278
85792,15016.42877143933
92518,17567.509373922887
91382,29791.337770581104
91966,41445.492333672846
95486,19414.22254330976
108090,20437.336069604196
83588,2715.065624540376
101240,8688.153826311442
79797,24839.22909475677
101978,14063.680602873505
77559,10538.905721949295
84171,8793.071311194026
84012,11886.280266004323
78716,20717.4156701271
100485,9082.001894884364
98908,9225.09635265859
93238,36214.3953454396
95809,23552.54202860869
107070,25245.85150168073
102546,8413.540677669818
104507,23380.505610504693
92943,30840.36184539388
90241,8407.931117814007
79542,25654.06690272533
82510,10130.57495653219
93255,25949.239632814428
96559,12140.615321444066
108483,19114.818371278085
82288,22441.3109326947
104480,11047.187064055252
92328,29767.86183411597
95793,35296.0284335956
105673,13398.058415522126
95841,15915.960674508857
98338,7395.359114406268
103579,5905.507452863317
76861,22154.64274329037
84414,5398.871432282911
102508,6282.25991456721
83622,8757.648702015507
98822,10704.868200213818
86291,9973.873272888037
84831,9388.97512473951
82626,10033.032887998876
105508,16248.890444041604
77130,28728.654008355275
94652,28482.186837718924
83243,8846.520825076572
80908,57324.97298263658
106139,17565.67767653789
91617,25709.543459574827
83524,14424.611931410873
94486,26827.37103106884
106044,10961.6617298629
87195,10522.35414992971
77450,21602.030372655943
99239,11781.70636084044
104813,20964.123449432267
108254,7995.3535044658465
105150,13412.104481543854
88390,7517.326367664413
97902,20448.50242821187
101186,8301.366192108551
79116,25335.46983870815
77214,22744.83611585376
79298,8112.422499746079
91370,25863.92540235388
84827,13478.428085176414
107282,9905.51963511238
97678,7477.02770813214
93570,17495.14547933412
77654,14086.450749270796
77227,22106.25497738259
106789,15957.113078019776
78869,20553.806386079006
76531,15728.155453288316
83469,10064.175646484797
92278,25702.854991505745
105949,11914.823814208132
89026,20010.85156672616
102066,11243.58231370406
96352,15266.548815955492
77819,35466.47788771887
79655,31303.85607669141
84059,12077.92986779427
96541,10805.336938925038
89319,7680.584173560896
107795,9612.735473500405
96961,22401.045430678954
78158,21239.388620166283
77428,25221.07665084796
101125,9559.287959578316
95105,19108.69749665221
80306,5845.495427043689
88903,11279.343235732442
80574,18260.265314361262
76321,26589.177289644715
88786,26934.07401249226
95682,16194.69474430172
103135,14325.646808186944
84241,14105.721415355703
77809,12670.344832219533
92926,34568.223217638806
105895,27585.650529595117
86247,2974.28435632246
103470,11630.969912549532
98865,24716.22085128405
107363,29146.96266791449
76516,20013.188995279805
96506,12141.17153775542
106306,12744.588876321315
89093,14957.636905765012
108123,10591.880836262984
83510,6619.133220860242
86792,17887.210339443533
99984,14420.640812748989
76508,21576.657748180096
86580,9555.276159184376
88428,11334.244761207765
103922,16305.475125128947
96703,25773.53517186415
107626,17839.42503277742
90100,7184.095539417155
101987,9213.843806781351
88615,12510.94081495586
100138,11744.471576639997
83743,7257.816697077669
82321,15069.584065591544
88594,10647.00321496569
93842,53311.26483327311
89350,13004.05296253938
87643,15097.48166058218
105892,12297.578861267735
105711,16018.289019472011
95657,28272.75899630364
96330,18665.554495350723
96906,12001.141581892667
82247,18138.993529998934
97125,6881.247789270721
101306,11603.939708469648
96708,14898.734913954158
77250,17839.16269559483
95451,22964.18448718194
99405,12043.960448320797
94758,21981.04014486762
101101,9088.268581292785
77643,29559.803711314504
90209,12062.586999630616
90312,13124.132090954356
93955,19340.91865117743
76334,22638.77133167372
85190,15217.397519051014
97992,7071.214110414826
92748,57953.06744706116
79843,21456.169905063787
88769,10873.927624768552
97453,14183.121238024636
82550,8827.079442802711
90775,11796.71760902754
88190,9849.343612825533
100712,16536.01853181882
77237,33581.60458752607
78997,24252.360701322243
105656,21480.50448645946
93368,29108.648190119915
93469,12658.53363466739
98426,8306.855715028918
96832,11398.540882354057
85322,14555.608243841583
97139,12763.787185790903
78678,18705.869636168627
97821,14045.12672568726
95410,14446.314698646986
107358,16178.019947071403
96750,5656.072563717281
102529,4049.261755438909
76433,15830.18949781856
101626,9921.73424231504
77790,19767.807740970755
82932,13980.583810840288
89517,6910.800882979182
82905,14105.145589399986
88552,7971.258812141797
103006,13949.679357584717
88811,16184.916393981795
101734,9840.144296085662
99230,18042.94130886598
106537,19544.380482579792
107114,18402.865366216207
98513,15356.735420856654
92795,30587.43171773009
98563,13780.773571855949
78599,8649.453113513628
78911,22294.86676100637
84652,13151.51124497656
91014,28420.754594453785
90901,18236.339175198416
82041,37377.66802414343
79218,30554.23061944023
107371,44382.77570557564
94767,21168.11150584025
91910,62991.24727347164
103462,6981.697788248632
77125,19361.367390374675
95567,55059.51799713892
95039,23407.84671779898
85065,10550.2406917288
78252,21288.413958850128
89580,16081.654782790452
96742,7679.184243137652
79876,38016.26277801278
94674,22436.54462108648
107822,14115.166097692963
92586,25968.74631430624
78107,21342.58487818584
91241,25042.88147924048
79077,8757.630445418954
86212,11992.272987213168
107527,16938.74285121489
88056,8421.696576699649
108480,14333.625536093865
77620,10316.82715099845
97188,20205.54693053037
94979,20385.657390429405
105541,16144.132465672385
105852,21265.340851334226
99182,18124.8787726222
91355,43371.93621803526
88516,11779.146121063028
76101,22985.362362630687
87097,7658.838333081718
96299,8848.112158133128
100944,9727.3407460978
83995,5591.704797102592
100407,5671.919141300671
88255,9840.771059764053
93935,22182.55528514476
95442,24964.454438997345
93571,31285.117655019785
78642,56746.67307648384
94545,34551.7411628345
97746,7991.95135912011
96419,25240.09260054553
102851,12087.589388827624
102356,9256.619389588568
94962,25206.60198433145
89175,13093.195606804147
104139,10802.030327466207
103395,11713.361832557444
97017,6542.717863125892
101358,8818.517836181432
107417,9611.59113616469
97977,11282.889578925911
86765,16740.694101280147
95743,25488.654629444
97804,18734.94648936841
87010,13167.292698657766
86791,9323.608100043588
97486,12916.46360417036
81124,18419.6855612106
105391,20142.124326596397
90275,8191.63000782734
104855,5199.053599784318
82804,15538.062077367029
94810,25999.4428282763
79517,43139.03488688156
101826,11284.098744838582
89848,17941.28196719533
90432,11795.6117774234
83070,11740.76704111315
78270,12464.881637094077
99275,14290.62661280519
92424,27928.971070238927
103334,12674.14456627568
79160,20201.53688045906
98830,29673.65922416033
87956,11465.813229852518
84523,19964.862070875693
78157,15454.227405517297
79460,20759.02588326173
81918,14118.295995202974
98433,20261.607727700622
104582,10404.469417347496
80046,42985.48700674178
82135,19928.22719830317
89685,14377.036777343546
100990,11952.494529490375
85624,18578.214734504563
88293,10630.765372273723
82215,11268.336815954952
91261,33236.094729417746
78018,11411.480688829455
78266,16866.60420583978
101074,7830.652940122307
97075,19314.53443700625
81806,14444.366064696656
80743,22852.12222085209
95234,21263.167615858823
100410,20178.03479858886
106840,21453.33671454933
89637,6362.846914640741
85382,7428.387768594677
83832,14183.999061993023
108331,7947.257905229892
82026,16364.332851909416
108448,10492.218231869843
90028,16135.663150323458
107663,26566.49963115229
107477,14545.389427229344
93709,14269.177975225686
91327,42491.46083168249
98548,3176.9169582551267
79064,13800.079904610748
100670,7568.882072709472
96494,11183.048070935718
89974,4896.529356269522
96107,11312.23630796076
78151,20942.3555632883
79304,18560.34406534426
92842,49059.23959108899
87813,10575.045389999652
88762,21532.068140996435
90399,16067.455594974836
78756,27433.504262756524
94019,55550.10429575853
82073,16548.918252687683
91846,28473.209712486983
97414,28643.316767243592
92758,18235.937458422857
101342,12220.702065579608
105987,20581.693277912305
81349,13480.588734525749
103712,13331.960327684166
83627,14457.168274514355
95247,13475.37563991322
92833,15883.874784894451
104587,15483.7350446101
93265,19480.53033242527
90518,14587.93358261321
104256,21404.37512823945
80882,19791.97714295101
108148,12864.071335083669
81385,13946.329244491368
87860,9455.582189459505
107638,12639.107003552555
103947,15902.97715630634
91049,45897.87787800929
97916,6553.441453405736
95433,18691.34160715926
95871,31831.93243312632
85779,8943.679846835203
103360,4256.475564553849
80203,24374.861298272408
88511,11105.898642998964
101672,11788.667730377816
82992,3494.0680209277525
103889,10396.025211083628
103630,7707.172733001465
103366,14110.666482176028
97200,7928.641185685725
104563,10437.925691229482
85824,8722.951724955014
91924,15625.670476313371
96499,13206.923143339256
99026,15434.8268335684
81965,29707.74442388459
91604,25598.78415454741
77552,29278.838109372075
93750,33583.316696043985
78941,33015.034715307615
102717,10040.775825747707
100534,11577.066853412824
99036,26149.62348859116
101961,6310.062141038037
76940,16230.313310907735
106310,10782.38532483261
81520,32660.87591401089
91800,9952.479346425876
95707,17577.02703175082
96395,10755.15318289692
90505,21388.333155340788
95284,17859.28455910686
98094,21281.430869348165
97884,10061.004226732191
98933,11448.99464846508
77664,39113.73253721099
93941,24658.377295883583
87812,21468.426187321955
81266,20167.710824558973
103825,8747.206975899704
99494,7190.893619999903
91256,13136.240108608868
91703,19285.977508254466
99971,5696.439255852229
76631,22767.126270732213
103612,2042.782455404013
98611,4447.499395522414
94591,26771.560706733548
80518,25201.48206273568
94000,30638.718898741907
85010,17037.57441038312
87369,8029.391728169216
86714,9661.72469239879
79985,11707.329749959714
88051,3619.683255919172
97065,6661.623114191643
91307,19700.40504384577
98365,8863.24379175067
76522,50165.44265099212
96638,17768.429040297036
79703,13357.861318622963
83107,10664.678512985092
79104,19104.915588892825
93563,34237.83330125329
82599,7821.9757711339025
83486,14140.502494223354
92895,17657.12803127275
108343,28168.33309702507
101774,6198.431497000669
82612,17956.287788944166
86861,7437.6773584478515
101902,17769.230931284088
82973,11680.421122018177
89872,5977.294674895812
105616,12197.148413626475
84876,15156.514974326055
105133,10763.895182722144
98877,22030.536707185005
98515,21908.83142005438
98327,9873.889208038125
106633,12531.52661133912
82505,16942.62348820055
105007,11014.780438824491
97269,9782.16424855148
78140,14401.01520926419
82318,17221.686534302975
92993,22618.78743411272
97743,12991.044053697962
87763,9342.876765363411
104942,11213.5060831472
92045,16729.824784342025
97767,26848.86241631177
108348,20847.181041267555
89665,21602.307528029534
96862,8928.692095438888
78597,14361.04793274322
107574,26500.345202386816
94460,18657.70862911861
86944,7579.677950345569
104505,29876.54750029237
94837,31488.235758704
84576,8007.139820638468
82427,7028.45801282366
80054,24106.26638309661
103504,15403.46492514094
101400,14677.37134526288
95904,24455.29655036787
99877,9368.775624291313
87554,8135.372494171053
81180,18911.573475802583
101239,13937.34672786928
94258,40197.575628312334
82942,14543.864789019925
101204,6950.430469939089
98516,15045.308662059524
86925,9653.744278497472
104724,7438.701778696963
84627,11157.679581527238
90133,12166.318952787182
100320,16697.569186619232
88358,15274.82344952047
94280,12087.43561384884
95334,19414.51984517026
95899,29047.970141101665
87270,17245.739782297693
80723,19678.390764623546
80469,14531.899617107552
80280,18557.930420677887
79493,11071.961717852182
92221,13709.847531707162
88547,10726.045741758348
97994,9087.52717693151
100047,10514.947064602276
96172,6612.496211970581
88933,10104.83651892314
107059,13755.236183862282
104280,21762.42745673687
94714,21154.85526458262
88671,23057.75985668368
102414,14750.397036064842
78051,46376.27740799935
89512,9300.52989270007
98524,8618.931276847616
88047,9415.14093715832
84441,9708.052411770945
78156,23038.204515288155
78648,15286.19055499106
78364,12770.678128597545
86764,14124.142769508351
78495,24583.49640939605
94609,17994.961006295787
83449,11242.302111198644
102392,10446.651930694396
102455,15690.967335907368
83713,14890.92106197414
97475,11752.464196482288
93371,18729.31305519825
94199,32186.60445738487
85023,10389.626672055536
95338,12319.69260288778
90965,40359.0704390283
77195,69530.50445929692
81875,11977.470326450608
104416,20743.7169902901
87203,14517.25669206543
91239,23419.0819009886
78127,14296.179237656685
98386,16776.724576375178
96497,11041.464803571997
83232,13036.272049470032
107692,30562.74417517229
100734,8090.610133829414
78271,36532.17628754403
100136,11365.543884735398
86004,19891.65599454265
77776,31662.09958391714
84950,9611.882526520818
84323,9904.2943770618
87033,18157.990579387144
94088,22297.78035791685
100594,15251.746614524349
103071,8620.19438998106
89791,8084.898735356013
97852,9930.488461318746
105601,11031.037069991453
82003,15664.238160634735
84872,16987.143140120243
82701,16195.649487204812
92469,34664.874121182824
92873,23465.55450786282
82114,30238.42189283015
101316,8467.519833922495
85697,11424.520841139973
100885,7821.943442232752
95305,19515.81137736945
93741,12426.266233252554
76178,21129.429858966
84999,24044.876051496507
104143,22177.89349071766
105483,10685.686024541685
86136,10575.99937134738
99292,18230.98718610908
95024,26089.566104678925
107831,8557.131478226855
95035,35649.706543033266
86842,18757.776100256877
79511,53023.2170606646
99852,8479.991580086109
92478,29567.85766761017
93704,17144.398161061923
101664,11905.019083156743
76931,36373.67897505335
81674,18944.960979890508
102597,8658.97402866269
100630,5537.610739082468
76978,30796.80124152561
102490,9714.62789963325
100842,7212.538901140496
102990,3545.8580720153814
105412,10569.392070839593
78744,24455.31833641915
76082,14295.137555055297
82773,13188.311251165378
107285,19275.921240647804
85211,13544.746437483818
101093,6734.602248575484
96626,18481.44973001789
103089,6614.908867950934
98149,2170.132060818621
89290,8204.46334270342
104295,8269.424878814225
106958,34499.6884813838
102661,9949.521029422289
84082,10142.303606126174
88521,24329.692328594418
78312,35177.235844986135
85481,8519.186078797266
88961,12300.959592222893
96432,30670.48144481046
77539,10881.64271921478
88374,16180.17589638618
102919,5878.76515162441
94335,15446.092524995243
85305,8189.388595708999
96360,12174.6700568517
85471,8577.854016087815
104566,8603.50842653816
102100,10971.036493335489
80170,11033.441913321403
103347,14825.198253115936
87487,37521.39646157519
84090,16051.68452465649
100034,18729.357870865864
86825,16114.357761413385
80018,48191.92374951704
102611,14813.706973215389
102665,9829.971009399183
92920,20637.633333922124
89381,6916.779526091434
105151,18380.149728611465
84039,16768.241983448963
102217,7701.951104566523
102388,10821.609384772872
98820,18462.5569621586
100665,10579.865067481447
90384,32692.238662525604
92859,10711.02096412726
106356,9958.045472575996
104723,13854.239317003106
93244,39889.27753602661
77449,22645.83963632062
107911,11829.513269469871
81721,27457.619707989303
85237,8393.53368212741
87601,23622.364536975398
98578,12806.002123749868
80704,29909.6919150569
89078,7354.337860668746
92042,10380.168120761158
100450,11546.1159254327
95304,8848.259924944708
76023,17025.110811790008
90609,13312.712166374982
95170,28430.872777410368
96870,10445.585485287893
107247,27529.345704456173
100484,10700.559866612784
77659,31230.363124803323
79832,30452.769333633256
91419,4732.60541024259
80371,20876.993416405174
83386,16120.480213099385
103919,9601.698924978677
95201,13096.318970037792
84155,18497.307382663115
90743,10798.225487049704
104381,21113.809004667037
89097,6995.177783819528
102033,4342.480990516889
91725,23199.49133473605
92999,18439.031581532883
95835,24767.474233831766
102206,10320.709152774489
101763,7042.509980450462
81377,16769.682796767953
105683,14339.341648318275
91033,30445.407671563426
103314,9164.186558458312
105070,10563.200515287384
86950,9477.169511147044
79171,21929.520349420975
81227,18258.790782047603
80197,14681.166005658
92037,25835.92387129821
84688,12507.514024433494
101952,7998.069797008734
88604,16723.865139552956
104058,21051.083525231552
106274,8367.235696987595
84985,12160.416547475268
99085,7296.624813088736
80801,16566.97359755936
80233,23651.839057370667
81000,41969.54358151683
89057,16165.471208041516
98382,9619.672244430802
106493,33410.311890503915
95057,19477.27243581795
84556,9429.679159983143
103037,15637.819646668184
92174,23578.61560614959
90920,12845.14808021131
93409,32326.70390377166
87113,21889.898366026708
104981,36084.84133599208
104556,14431.51048238391
92782,19505.078459806704
90546,7065.128741411416
105506,14477.713664515912
84787,12110.524273212346
100399,10413.338411547657
105911,9495.33647093714
101920,10379.650951740534
89224,13262.667335584872
106787,29402.19358965834
83083,4018.06257347352
102399,7271.939317972028
77196,3509.1783795815227
104889,6771.389017576389
79598,11789.60261120942
100540,7811.224495718223
107792,56218.726670641496
85758,13326.857574774602
79333,22553.906687904768
99351,10855.605488276731
86706,8098.867040062632
89547,15649.816053600813
88092,18347.07766737056
90348,11952.366823590382
96125,15374.336397835776
86921,16346.596079859006
76903,33675.75554869986
95539,11941.864389743772
89841,15544.394302207016
102771,12554.316948172143
87174,13078.448115711495
81975,50637.86684752333
95289,15982.883659049425
77318,28043.195129400112
76955,14787.799122422071
80996,51526.76240516396
87707,5344.843941897674
84519,6692.658738553151
96833,18605.01046230237
97584,7204.427451667983
104697,10719.22577567928
85510,7979.2192076309475
79758,32896.65326936785
99502,6077.2781155131415
80725,18864.89199293305
104108,10408.096127578236
107802,21163.15335046618
84871,14199.723101797112
85817,9648.089012435164
95473,9514.541825531876
85629,17359.347563740896
99641,7150.252967612334
82356,12923.212123789086
96335,21108.716914788005
103623,10636.953476934736
84233,9674.179453436367
93708,15962.381017105508
97947,10814.8925918234
84368,18272.95322985381
92108,10191.595167775637
86099,15815.948124229388
95173,24644.56495037942
78389,26659.823122581976
106219,13799.584000783589
88823,18140.394985072147
95608,27883.142761752395
95876,31413.844502128435
86433,13435.993548782064
95515,21339.220229729508
97503,16449.4542002486
89163,15002.283793676434
106479,21135.437841246858
83722,18338.201087152305
80644,24393.321422888464
86002,21699.843525972068
86783,12485.09445839706
91928,30443.59826491172
102142,11604.737944068627
106024,25685.708410986303
76022,18284.886339752276
95221,17899.557853454975
105051,20259.10433009468
99939,9638.247150131852
103202,7509.290993911474
104770,28868.014485218675
88396,7827.640231554972
93666,25746.81814149233
100763,9674.08062743246
96842,12699.338821998928
78807,27724.48461090256
85559,11204.835563207587
84384,18655.51457113623
95619,33818.65049878767
104008,19799.57173117182
98379,6467.879992736071
90476,9811.800704712585
88845,9933.95779692585
80296,9714.654949176862
88294,13245.1840210851
86733,10545.28886715771
101515,8034.767321517389
107440,10693.63004003052
81834,27745.663885402704
94764,29787.03985782293
94968,20907.473530385403
88218,15352.761508991418
87863,10534.86351866698
104019,11074.143921866793
103369,8964.706463972456
106979,5393.93769303365
89717,6241.382268955826
94504,4400.1543870949845
85722,10711.692952567197
85311,10543.60788805732
103162,8849.2275248258
79834,30435.30555980837
102283,8722.852785485095
102686,10703.258062849134
85834,11392.960449793443
83633,10924.372182349824
101178,6293.390333018625
102859,18874.53087792485
97691,16914.6799529778
99575,10488.00985610411
81921,14564.553578220546
88114,12512.480973461204
100101,9752.923490380655
101736,14590.69943604033
92763,16950.742700597373
93514,30166.68577929664
86322,14831.216096872598
84924,16590.318171299998
85898,8347.54105289197
93419,28232.74189289321
88784,12449.089884282055
95012,50589.07541467692
81858,20252.99417682744
101610,11742.62125291672
99190,9343.151856442377
87530,9059.663089440346
86979,14492.489575969066
77670,3336.657888994491
81123,11847.297490434832
81724,10763.160773175692
77870,11859.61158838153
84193,16167.580753687553
105928,15510.51087017391
97607,19385.007096565445
96063,26934.273689768364
77962,14305.257177321291
81560,30712.802176212303
100204,10369.678970412657
89185,14584.632032911952
91744,18084.606640092
91470,32232.40507012693
78412,10424.187424748785
96222,16847.09688103427
95148,28319.754087994468
106039,12969.808948240188
79352,11229.17314579272
96602,6811.950815316408
102798,9396.120808874548
107301,25416.836480076818
96147,15928.66871258211
87382,17132.459095622882
79907,22173.379538310022
102924,8494.84549213652
78012,22178.813111569667
78333,18627.42473253692
105989,20642.235162055247
90607,16015.924826484814
86110,11729.447088750014
81540,23145.341193701795
77937,19723.28142885984
84630,17846.038686458025
80988,58186.152446538224
92519,26144.33694867916
95795,12172.706238275345
86837,5738.905760878612
82642,17316.633647179344
86017,11612.632193989948
84772,16206.855856794133
103962,11243.415303638383
106264,9585.044443625538
84934,21398.113258366702
91598,29361.122825920764
104102,10581.386358279777
81261,5192.47373365771
78425,21217.31391306981
96508,9870.220250221451
98668,17841.967683195784
93948,34313.93392891114
82909,15221.79195727717
91514,21124.156877991358
100969,6094.275231251104
102102,5485.795257069869
103465,9542.363842041956
95072,18899.768433641813
87535,31136.138564765355
107564,6528.018389510697
103297,6379.5090076279575
106528,9864.232190228944
83748,10368.849041223282
98195,7132.985187588083
102113,16258.034155486852
94277,12746.2744055582
93160,19602.0880531839
92063,25102.378671373823
81037,11600.221905724991
92602,53565.23361370245
93096,23221.347043796966
97243,10983.33926683264
78019,15590.721552266332
107604,9535.929126235827
101438,16721.933468714364
86439,8890.399985937069
82300,19686.791078220085
105142,11480.196864297322
84429,6132.785621544132
98958,7274.755237905578
92197,22997.52715872581
82096,26170.377591455275
81536,28046.72423333492
101623,14728.15528813444
85596,10448.792076885053
90600,9799.084748823976
80089,49941.5998504798
87224,9863.227328701993
87685,19281.407325163556
90958,29115.307283434744
81004,19748.046864827345
91667,19937.72059216602
77877,23278.10694457798
90956,23761.7846662904
87744,12799.277690076098
96817,11305.073290474207
97163,10846.398655167472
102517,12726.472943021345
83356,6710.080313802009
89415,9900.83562765865
100153,8754.656679151098
96024,18021.83883601927
92043,32241.740373818157
100495,7790.41549136424
79653,21029.11352026177
88149,15221.446016743756
98022,20646.02719702258
84983,19635.73760936287
98394,19094.50711785336
78062,16576.451189201434
83656,16409.9985789926
93963,56963.90571289213
81988,28939.225260252213
95992,27820.7461610307
82620,11058.737788876588
82149,15721.469443982098
106199,10296.147751842218
107884,25284.14814752649
106607,17924.9665738443
84212,3218.499938717245
88234,16009.577794566532
96712,12628.006428356255
101058,16302.337841496228
81149,28828.400419572
92670,21124.30678086054
101383,10413.287467269553
82563,14674.527527549437
100600,15966.292013196186
90826,12944.21334125544
102364,8525.056559839231
80759,30850.601383259796
79628,16477.33405649893
86113,18421.01333931804
96607,10147.23974271514
96462,18359.13185153086
88668,16797.54302549678
85575,18593.511801880395
97718,10187.37498953632
107322,30194.27667233297
79948,53707.84138560751
84361,18023.040131408536
77092,21420.26764206137
82359,21777.648280275356
87495,17079.58027867807
102966,13967.329211956576
104309,16968.903607578522
106312,24829.79898926153
85152,14553.418647083645
80835,10667.387617189775
99488,9107.699126095697
101023,10051.217236376562
82295,23729.77431756379
94330,22171.587598675287
96446,20587.88769389392
99608,12262.40934581602
108305,15252.8615817371
106512,17588.423723015156
104003,9382.86665210645
103550,12420.698160633994
86253,6862.551545462015
88355,8882.6121081661
101629,11220.690745282402
101460,5696.308922714288
87820,11347.469506241508
83140,11224.44153404122
89804,11888.31395632145
101738,13265.86936828476
101121,12771.360054744622
81810,44813.1522472679
102106,6254.496267532106
80437,8946.233284646276
101463,10853.278305824895
97919,7669.778717377487
107407,21408.36252325138
76258,25757.368264579996
100626,19089.85818719232
92755,20972.712919108137
102655,8545.348674013429
89223,17237.83693262498
95180,46539.11297949602
96372,7221.734203639757
84089,11992.208428536074
82203,32864.37340348556
98785,7002.858631759624
95930,23201.56172842479
92151,18922.665178619187
105149,14297.596398649415
104517,8814.978627740915
85727,11729.263873298289
104769,12559.014471668906
106796,21905.29472889336
79021,16996.08351799271
86121,9569.902602284925
103139,8189.303171723368
87918,9002.7240610982
80634,45845.356789340905
103033,6927.494955221853
80019,14950.841259833542
108035,21089.867392830805
77891,8792.981960796154
95749,25703.49354133191
86617,7908.604515125871
77709,11345.01911687105
77952,13725.867776329596
97083,12737.031372479156
78040,17161.964401129037
96041,24907.333976657243
101843,7398.146847840448
103016,9984.252340172614
86049,11841.4109022124
98228,7908.934723221368
90554,7005.902718915913
103311,4945.491402734222
80418,20499.560483581165
81866,51019.34127559512
101259,10550.621281474305
92909,25636.280621597176
79034,32834.42725617715
77129,11687.008094046512
99018,11424.985463574663
107391,12674.777479565271
108170,19711.0592990206
80664,28360.08890376021
94438,38641.12555284925
100436,12890.28158826362
107031,13869.462615134356
103954,9319.474405191278
78892,12923.553125958191
88505,14992.509005043756
103329,11240.936469423084
88345,14319.303857688908
105950,9770.425174946067
98331,7003.348622233343
77666,20896.89635609077
95383,18114.6607358233
108535,13392.857919638103
78705,13060.120981692158
79597,12298.676631343453
97585,26135.4828358337
93832,27825.951660333263
97348,10547.64926683666
87291,17724.503179776333
96291,15011.96357650296
84851,11814.00429136468
105338,22922.31105978981
84514,9273.38418318122
105830,22678.745271172567
78819,12473.977100554748
79728,58945.25092300294
105993,21747.008967854177
104822,25617.65207829672
101141,10817.067440675708
82728,7528.848083220336
83273,4631.699118607403
107233,14557.140049699628
81943,39418.48716111187
105637,22269.526848559508
81203,12771.878634418594
95127,32718.13317922537
79994,33805.29609967472
96025,23074.715911060783
97390,28894.31581974657
107522,17804.98049257022
99674,3921.026051420983
83001,20234.399120628324
94573,19033.429122025656
91983,32663.63621966321
89935,15968.33666758912
83115,8537.109846761952
108439,18039.781599431648
82297,16352.187770625163
96542,11960.017895792727
78269,55075.05797237397
104124,11139.525460355491
90435,15931.291183460682
97520,21792.664952214956
85468,5946.582112515564
83566,9909.952834657952
106890,30700.02671562708
98124,6713.570824944492
85866,11698.847622406423
104379,25501.59962541937
99616,9668.22297219233
77346,26071.983933957337
83668,7945.064170076243
94488,25073.77656777976
87494,8839.968915371293
84099,12058.917544193468
78345,14226.900107059631
95626,17460.727243680965
91044,22045.73123460085
91343,27124.47934900808
99823,8592.439739641664
97197,15219.104819536937
76399,24349.543590217538
95484,41986.87067477785
89728,21360.19598910739
93866,15790.637443455116
94053,26938.622760180413
103190,11773.683683670935
76312,17831.587474720145
79453,24050.894164314792
99956,12285.410450689664
96811,31425.869378564646
100537,13718.685911721002
98142,2619.1588244952827
106900,17200.10733059729
89474,7261.295629966596
76696,12488.107085932228
87479,14106.388669236758
84806,10395.79538647062
85385,30568.220537313508
93372,44626.9222347878
92860,24615.803771587016
105267,28162.344893474045
86951,8689.982601970842
79622,8908.318396634557
95103,22417.93043188537
87138,10648.506594733288
91912,19896.47148412737
78932,17555.735814261967
106494,12394.42566068696
91645,24764.40800925997
76102,19037.509422185496
79636,21391.26315208264
99416,11719.459038427362
95715,23725.146974708783
81323,21982.398185422982
96273,9471.247119348882
95585,22337.88655077013
91885,22504.68881360693
80762,25963.727171385726
79167,9344.635961896733
87173,10726.467537020688
92719,25402.637387943338
87482,7036.4366952395485
95215,21736.336461916377
104054,29363.10172332492
103066,9478.15583659272
102449,10090.859260825668
93985,24961.293868368877
99869,16809.66219931242
88347,14253.269817002754
77208,12574.518562510468
79376,14369.453463219568
98451,8982.261887154295
88983,16196.225986901183
106464,10363.28426266246
89146,17076.90241547025
105833,10518.533339364263
79242,23589.343113312607
107738,9803.490345883069
77626,14850.67350849451
77415,16500.904139930844
82458,9740.684244222928
80995,24068.05062927089
98434,12040.087582010936
106938,22792.17986288341
102349,10724.707602271785
85791,15452.860263101731
103622,10269.845999758496
108149,9618.78988233623
86450,19771.898002122696
107252,13548.790890902304
76034,9324.093767981403
82259,28699.9423347816
76581,30190.92911673488
95499,29197.1305753073
76648,51212.73139081012
75992,24603.43508761949
81407,18209.993430383933
105954,16088.118347602063
97001,9894.82780735048
96179,10290.256883912694
77616,20390.4430818881
108142,21622.900508999235
89107,8447.218912645367
108236,22477.9193751025
92520,21561.37730004745
93186,18066.290274992403
96171,12955.05764544489
78460,13060.161922845136
85417,15064.625079295398
100064,10806.01183080374
92393,16866.834014949232
83360,16587.351583760028
103935,11331.22894260034
106977,13363.387161524455
107965,14749.00616090138
91921,20277.93847291023
105002,9530.148698516346
93968,31812.803371276623
83088,7194.608866687924
92707,22955.600308516558
89001,17514.012952856563
95856,25384.87742879461
88962,20326.14156648012
99828,13256.110479960033
87980,12201.262159955217
103861,15393.145540051128
90588,10942.841303630748
91508,30013.25882021427
86131,8618.43989347863
97249,9035.176459003069
88232,13414.429881305316
78451,30124.223732996317
79773,19083.28177956827
82873,7636.815905908757
104116,20957.138589183625
83673,20372.48485155002
77622,35398.679240694735
94936,19280.393173393742
93795,18451.70330711702
96084,7920.210479730706
105406,13451.72114908152
102280,11101.017770371764
83867,16684.124165044625
83621,17438.675096488485
98536,6926.981155096403
101889,8427.92001272391
84479,12287.23911155187
77956,17172.376068746
99484,4617.81245379374
82140,11828.068543442529
79005,36304.69908141092
77513,23765.953687107507
92211,24191.18398294665
85245,10865.983418840297
92239,28286.25376179847
97205,4315.034677923288
84822,9281.375629183123
104413,10756.00418060403
98704,22669.93420995997
76724,17935.916220033625
101457,10763.076066771944
85487,21508.32883614683
107392,9431.460574969666
90712,13754.041656119418
105823,7404.481681991815
100345,12771.489447649676
104219,13266.71999789862
90297,7282.297051989791
77122,31410.78805760837
104805,23666.835822003886
94490,38774.889891008665
99948,7600.119597087216
103562,16552.82975595412
93378,13677.019018884615
92288,18011.260110213094
78059,9269.853038316774
96096,13436.337516720028
95732,11519.018114924736
87817,6609.870425541512
101084,8841.677469109236
90506,8200.58520668243
95676,25448.083233835256
90249,12958.19845670193
95932,26657.51719417124
103254,10905.352288132037
99286,7215.285966530704
84918,14214.15488057388
97397,9483.772348372551
88837,11809.561038006656
99212,23060.07519179452
86421,14411.802417941324
78337,31253.21098141384
76020,29061.01424818545
88038,10996.62977347892
91409,15245.71835987908
95205,9827.876944829794
108031,9742.456814574489
105386,9357.413638431768
100613,15187.016761267736
95685,22567.53588200068
78731,12401.45470279702
87310,15465.254927561184
101113,10844.508301931255
89077,10240.03529990304
96672,18527.45217901879
86775,4447.49033486727
79262,28365.770040273863
104469,13108.931131509513
98351,8391.806720036891
80728,20220.03799695261
97386,17280.573068693066
97417,17865.803274771242
93911,22264.188115235334
99842,7141.088565910293
97191,17930.34126210655
103152,7133.197584488009
100093,5984.04948700614
104319,15289.313489250871
78419,23549.189582807936
106929,9383.808871998071
107427,10752.379174422438
93578,21380.725563837816
103404,8022.884425988373
77844,22811.253157064937
98068,13238.6636244831
95709,47888.9356582288
87946,16289.20032384643
76391,42124.039875121394
87096,15184.825132941642
77186,26305.514712479184
90698,14106.685709549944
93367,24666.81645178064
83133,10749.48784261267
97840,12345.733769074308
87605,14327.528312794198
78472,24048.375400323843
100925,5180.012428898886
99596,19891.409434109028
86081,7999.485629463055
105725,10257.098617578637
94362,18705.638747383287
88579,10675.13758602506
86705,12660.916334235531
80813,15956.075925773212
78885,9339.210065065923
95548,9872.214293330457
82342,19068.193033660045
77011,16931.3268147732
83904,11259.85596550135
105485,10948.991739049196
107922,15807.420353497366
90200,6807.099803668083
104534,10209.729078539644
88664,13381.164742734083
100499,7271.45108951003
101035,15767.742094310452
90482,14924.149486962076
108068,8486.143783999078
81709,33196.01241425205
97618,8989.606031295833
101931,9980.846276570748
100284,7650.029787424519
101027,15863.098159838466
96674,12773.477836579958
84856,16307.20441527944
105326,30388.031580088507
102491,11717.234688613828
97616,13690.566868379496
100667,15835.166087585189
108197,10871.07762521486
94844,28251.15385176685
104934,15661.068949237308
94116,31124.57259631533
76214,22041.8373189804
90916,20124.91720244002
106013,12582.793875197936
103429,15477.850804167763
93335,16980.83136541708
99260,15509.840498248192
97043,14929.205137671524
77925,55450.56319080976
86716,17115.930501750467
82230,11771.700987550976
77567,39921.13472987954
108496,31964.209195270327
104871,21889.015542334106
77957,11329.793908404625
96401,14242.693691622891
88284,12478.445069613015
86845,7260.387599104845
101349,4490.0886603134895
77015,15541.889907972352
94471,20878.7138071106
108380,20217.77135411638
92533,34711.09290892792
77756,13604.394215533985
76035,20515.180235767948
75973,9980.170324265617
94675,10553.188767116815
79435,27173.977945370905
106542,22815.716420738216
96546,13682.217846562004
95946,20621.952388771977
93188,30345.910307554717
78117,16855.330058496977
102180,6903.325873506688
81825,17814.1706486674
90050,9540.731622734917
79638,20656.15867472649
87579,12539.413619287205
108103,18701.095391223094
76578,20437.36698913797
79112,17680.53745600302
95959,25991.5611205006
78244,21091.82528222449
77851,35340.860356270576
87052,15308.240990157929
88538,19414.68141827669
79011,25067.119638234886
96381,19815.369553448887
105358,14242.619246519089
92876,18396.504530589948
87699,6294.75204164721
90203,16089.808379904773
77001,18302.291621386663
97974,7887.5287093137085
89985,7935.645746698948
97810,10744.971225377183
107459,9765.049889130752
104861,16910.07383351319
82516,9340.334672471798
83497,11647.916465007967
80194,54302.32431293615
85730,10260.14542323393
77914,27358.117957216396
88779,16729.354825677117
88366,9373.067464117918
104300,12746.228727457274
84300,12580.84927439991
79422,11051.87442745129
94910,28254.15416924168
108386,23844.672629393164
92708,2654.278207379699
90802,18321.29178347528
104397,21966.123726299465
98039,13529.12470205016
107887,24885.74792438613
105290,10240.246249236292
102575,15136.563877878123
105040,9796.455239911877
98430,10741.675992259232
80499,23674.0011934969
101694,12620.29551448394
76386,31157.018115851904
98181,11857.281688498932
85340,17109.152817234626
90766,16460.339545081606
93472,17509.870918517146
79927,27582.523631343305
80854,20464.01362304658
100180,9922.53772760125
84437,4451.897631354058
83358,6732.353312527881
93108,21478.16140241282
104330,13120.466302311275
103518,8716.792149505813
89006,16176.855915208842
101611,5252.811980716291
92226,20496.17954000912
84798,9546.963826301664
92840,9985.167417856906
106054,13263.94037853783
78261,32664.44802847829
76071,16174.228016721663
92246,26150.331430767208
92296,15927.03972310076
89469,11083.804931034205
98079,13150.311424874662
81294,12390.025838610289
96301,4593.9620647715965
83888,10827.214653474046
87403,9031.249873161212
92192,29080.185005345906
107592,16947.441017414356
77496,15455.580153361365
97447,29941.590417278006
103131,9974.540997168271
104590,25799.915332568293
97597,9916.574408886703
82167,21473.291357002417
91027,26864.469737762585
78607,34513.60199642576
99587,10699.47193976415
93937,25111.44321351397
100307,12041.774183853957
107613,16128.000626075296
99773,13758.55178178106
90044,8371.658962400536
85578,18516.70964210446
77103,13170.709780961986
91386,25416.741700231163
98955,15837.26081932629
95927,20072.481803551364
103188,6073.755856051362
77389,78854.53082368094
81822,11044.754066848982
90768,29459.442123726225
77594,13389.240094444813
107085,16722.110002521233
87692,10749.479592474068
77813,8993.837117762843
81414,14796.013097661686
102900,8567.057716249008
83150,16870.49343057047
92414,29240.31241696677
105321,10042.984435132978
92658,22490.393011423665
87160,9105.752362593126
107827,15498.10129841002
105790,17560.037454031943
87463,20841.90795357514
91532,48256.58269989163
77459,24442.21051042783
81593,12876.184787625783
103719,11322.5095804552
102291,8205.042282130802
77211,23737.851896558343
92956,19834.453743676524
86578,15512.884904993962
85882,14123.926380557115
82082,18751.24780912309
91811,29827.08466513166
82036,33325.96578191471
76773,18019.35505704557
99406,11948.036162236554
102289,9645.39628456713
94402,28448.652763422528
98621,8188.347059965943
96476,13060.788172947512
93410,13491.519523641138
84989,16017.88285243892
85123,16775.760155366697
88492,20078.987233332235
95128,25128.215827264503
93047,16855.513480743644
84587,14341.390863758925
94856,24889.952946623904
92247,22421.55371497562
101052,14248.224894881918
82940,5449.993247539812
97756,11528.740434013647
98444,20369.61097435135
77869,10811.736346722202
96694,14173.60751316428
107101,12252.223101009831
88276,11715.56512167458
84648,14083.57061864471
88011,12190.594264492014
97951,16470.979278419007
77288,25746.77012065969
104937,7302.812986049873
81621,8305.600452786186
82049,31895.74529566581
98553,10003.658387211888
105056,30995.341482054377
80914,40415.46812262292
82440,17931.83197378142
94927,24643.27882792036
84303,11590.303300655443
85533,10873.524167473524
97576,11842.466093899387
82216,20746.343345666988
84279,25339.29006088056
80976,14104.80953259546
106097,21346.37398800969
83074,12134.190996459783
87581,12261.093537665476
97210,14432.848900627669
90785,11356.680033550618
99434,14366.597472815743
89600,18671.94368767273
103809,12960.389889602526
92260,5999.097018484647
89667,9793.441300395742
99310,6094.313731975126
90375,21325.784556338127
89468,10830.969358969896
94940,24794.277355347152
97747,5298.597847058114
97570,9888.43530961436
105994,24587.41643567478
93145,14575.584010382723
94100,17165.61893029944
103226,11451.656154771254
100167,14562.75336497684
98138,10385.531279781815
101043,7889.653373637189
82078,17273.690792864276
104748,10957.618527028824
103881,14687.894301310813
86774,19901.126430964883
89857,9291.968325327893
97150,12678.23198396432
107683,21351.957019007157
83708,19296.50970819892
78775,13267.429465038867
104200,22095.139100014872
107581,12230.5332177122
99756,7807.864437920181
90210,15497.367983066768
78027,32035.94539969101
97012,13037.932414741776
104010,9333.745069169454
100639,11260.407086285932
93792,14420.099541049392
85574,17545.303094780196
105066,7190.503886995622
97307,10961.755654399738
77243,44513.7082830115
100661,10411.758392323129
80825,20985.39654650669
85856,14399.214181225158
85793,9005.90079632096
107091,18463.02270194919
85836,22822.873020750347
83887,10529.04919699105
84721,15886.37527084896
77636,6812.994051033827
76905,43152.028601760525
104895,15404.583038817951
86377,15415.224394163455
83076,16299.487993352828
90124,4581.989666007999
105661,12796.323745864134
91631,7962.191006765633
79760,51411.49205067598
100714,7467.810475838088
99231,17929.701489727147
82805,16491.752515582306
80714,24596.103050157108
93820,24205.60442464147
85373,8912.144129212964
95562,30210.65515125017
91723,28150.16430381684
91501,23741.84224188248
91222,18508.230106395364
97984,27531.53092520349
95047,46512.029038837005
101181,5644.969323340699
88389,9377.723692242602
86999,30555.38688705957
85255,18951.838013865465
79093,15633.920606690544
82409,17332.227002039926
103128,11521.789322000306
107027,13235.32983728825
108081,14585.59196223981
85698,22699.208724250795
84249,25881.874925659085
101719,7534.293939119394
88643,7718.469190464919
80972,17994.187760720706
106047,18251.69776042753
86779,2905.723748045918
78587,31521.464545683597
90179,13549.138172634492
90972,10308.240185190403
78609,22482.32640444989
98324,7662.369087344558
76446,49619.19195742308
86829,14156.393853211755
87796,12615.754208546006
83650,14279.11299465649
81411,13023.876512670757
81963,29600.015548022388
96782,19735.50901645073
89718,8727.1908281508
95518,19825.36107988885
107293,8843.257386960693
99739,8930.703604814262
103956,12296.349021369571
85946,17737.092579445878
88532,21542.503864829003
85713,7834.6287501254255
78184,19778.152987460788
100234,6961.968653368393
107715,10277.18124117003
106150,15936.341265809348
77266,13672.765425800071
91067,18407.92976148328
80869,22450.868680709056
81462,13244.961085750434
83382,7321.796914858525
92915,18574.24817022482
81139,15117.655217471967
96523,12282.591918137448
107090,31705.4637394937
108117,20222.83389913148
91742,4529.785539275562
98340,12634.527050311692
88371,16110.598115936224
101031,5168.826602917776
108430,33047.46942969947
77740,27575.4216470382
87861,10348.17360683864
84746,10200.62483650999
81252,26991.00116591107
81933,14995.90809858913
92153,20685.917558485613
95485,17608.431137203414
97686,14207.911346569348
107452,14898.01131349792
95477,24650.766820762627
95752,32170.56719622101
99499,6469.280522672662
81223,14705.673141132149
83589,28887.716883685327
81497,25463.90059374197
95884,21489.83953143673
87806,10674.726215264182
92330,19197.741926634524
84558,13167.368793989115
82990,9837.632797427612
90851,5862.835964715514
96997,26629.49264746849
90278,13871.742686578247
82417,10803.736417819817
100247,7638.384301568885
82239,28958.851967180584
76975,21197.12303023885
102948,9654.38362494668
96929,12552.187174265811
107088,13721.13253862991
94670,13040.86992439929
89862,6160.233148148191
94506,15274.78080545392
97696,8559.673941603885
82696,22033.91091400729
103767,12747.357846286635
105307,12179.020454729853
106510,29149.31457015471
88316,16124.169115109562
94321,32724.093455032275
96595,16894.04250295925
83223,8739.152932191111
85551,12151.117553454897
96007,10611.180909307554
90296,8135.892626737321
97407,11208.81919167629
93071,15949.56044349968
97275,6267.852350974317
86827,5788.691042935915
99759,6877.800688070368
106689,20222.55660032842
103062,7320.377141606532
99657,12635.929185197429
93428,28432.32260699204
88504,17722.43484167188
87359,9431.813297087156
81906,17307.700199427854
107446,9829.967454700332
78926,51841.23638295745
97871,6588.749134210196
94202,13169.734088324887
101216,13153.34294927271
89614,14058.841461055345
82929,5069.366690470431
78710,16223.970782813158
104966,19873.461358280096
88410,18679.735076726305
94382,19572.321434023404
106319,44803.26039664696
91212,18973.61642190825
103584,10254.49754831869
107593,9894.858067356256
100069,15169.809176031613
97293,10280.850913364846
97085,4769.041970725422
78830,17061.121672420217
80409,14032.353982699273
81079,34266.52724631548
90437,7918.496698867126
104169,30942.224128205824
83432,14184.144839510833
86630,15654.666818215635
100678,6198.769072812102
92564,23883.454654615387
86007,10340.071060904664
84102,8140.652809937679
85324,21015.6140095204
92796,12972.613649426885
78277,28973.6660483323
91813,12514.255815810451
107896,24364.043927987103
80598,21712.22281958787
93630,21938.62884006198
98016,13751.066341107857
79518,49780.79268037382
104016,9885.782109776688
90069,21026.439121910375
108485,7892.825241426603
105556,30448.15836434376
107276,21775.27725106785
86409,16359.995115859232
98131,12034.406298680182
95165,15226.901770419589
92954,21997.55735790445
108363,7518.43301287414
107775,15900.94831221504
98806,6433.214169457391
82105,18079.592123950748
95777,13665.867557569887
78794,20462.85179907825
77994,34565.72586495211
90061,7296.760874733231
98353,14150.485945237288
86777,12075.500009506928
107107,8727.553623638161
99207,11278.604699327208
92441,26988.04545219736
81253,18019.243248247607
82071,23001.352459684247
86304,9704.206725886032
78529,7637.602343550847
100606,8912.217610922678
108524,23021.00353878652
87772,22122.947972543032
83062,17470.53754090179
106197,18352.80860571905
105773,25695.24608999893
79317,24247.603762130035
103930,6516.635026579824
77486,36872.724624753726
76154,30705.28856989052
89324,5509.002771099
98354,12776.343137377791
108349,7616.388219349408
108146,9191.777835822992
77826,22043.84066858235
91078,19449.33050247647
78136,24949.98376922844
107463,24866.90536877371
100749,15656.979323295453
77223,62816.643450217605
92513,20667.843864578743
99409,8506.235620713394
94380,28223.7659801823
84791,9817.550532861093
86042,16050.25507414959
79939,30581.890673532384
83953,18307.72483331308
103754,11180.812280069096
86091,13955.349322442044
83114,10006.925208235336
80956,13429.970359503235
96276,8295.245076468354
89799,17571.056109424993
87919,8434.752131473313
84054,19110.61584655086
102856,8190.315988907263
105645,10452.309887084231
81207,22527.829060382377
79629,22824.47040106536
97211,18567.91779691708
86631,5730.811228835881
93438,36032.90860132554
96983,19559.24349026108
93914,30033.56203719206
98470,10230.054112818936
76650,11568.846177810356
96428,31756.66014751669
84958,17931.16131391466
81064,13090.108477825948
82469,13285.02863432518
102139,11676.39891183841
97800,9752.455737129078
98474,6617.679482084857
107944,11843.625546853047
97401,7107.806385086866
108476,9716.406859425348
103189,7239.457257556869
82987,10694.350900612491
80903,29688.20263671913
90854,10527.399123752655
95644,32615.15902849012
98728,11299.02914059309
94370,17946.606777331446
84537,13925.588361282676
89358,11771.299030984006
76221,11866.652154499872
84935,16560.617310828064
107676,12226.61998326014
103154,10315.174490400555
82600,17320.027318552267
104290,18662.738960495044
79972,20736.13303899304
89202,20493.069875257454
97253,9321.799817949715
97358,8390.77485250662
106932,10947.772182144574
101140,6746.324643781005
100650,8516.360217217058
99817,18999.30176874421
80953,18968.301825777296
93851,17161.946723494184
89574,4824.412925341212
91092,18005.762638730932
78214,26424.39622785784
80283,16916.812389804072
93158,17899.20560621137
78562,54681.805577700885
108498,14028.447415432413
100223,5201.766916750066
76976,9997.404318412016
81119,24707.1106308239
97369,25389.707407404432
95721,22411.387198438657
82271,17673.708271739753
102837,10412.398648746188
94761,22153.539981128262
89200,10546.830286650362
102690,9197.005278370394
101274,11521.843382374564
107682,21404.531273348483
108276,13436.2107480895
99011,12663.174010576353
94484,14419.710686654253
106033,20833.41116340697
89123,11528.754114249512
88740,9235.010967452636
90951,32615.524345005782
103812,5484.183577057855
100056,10144.622330142392
100691,11644.40068822924
88394,16241.772750678609
97620,8434.71674086314
107955,7893.967587002204
98144,17373.159703028075
106325,25378.098378350245
92867,40421.81491300731
85204,7895.920716613888
87062,19955.19542102392
81539,19576.219323441383
92009,26493.72639645604
108224,13408.635760314732
101686,11659.814003964297
98557,9354.463874999545
101594,12295.726331610902
100647,1780.8365944149268
102401,9616.519493919965
86093,10962.92632405482
85837,14352.893861906516
86260,16425.206328618886
79830,36567.98364643997
100041,7810.308439094486
92230,22222.21207528948
94661,19942.468095504388
79450,18826.108632855343
101374,7386.375548826894
76983,34725.97199331368
99673,20431.341152093155
81336,17278.935987681805
100376,10242.572956286696
92756,24988.48622906582
87725,13757.803618828357
84541,22952.48571791041
82284,38248.6295062549
89479,7123.116757184425
93259,110118.2164306264
105648,7076.090830616913
99099,9870.439414668554
104543,22074.36496316373
108474,24455.081751457717
76907,19963.746077824155
93652,36547.353146517096
100967,4159.8895878154335
94331,15761.826760915954
106381,9907.059970674763
83170,11522.939268944676
102953,9171.7590034911
103590,10378.65031320592
77316,19816.577013328715
84682,22090.74185502365
84524,13156.102634179191
76747,17819.326530722767
99049,9677.640218207254
105881,19565.36041761848
90833,6788.662349336081
108079,14168.335738690295
107295,13629.997743021995
77121,16769.260307035147
78927,37094.49360559425
103048,8633.970806052082
86216,14117.101712838568
88448,21467.32996765562
86219,16471.72464592667
87181,8579.28967622839
98755,8159.656651185669
76443,12999.403074270736
101149,7193.312742244472
104315,23992.26410373948
108345,10617.563682499102
100156,8419.658080823003
107263,14396.179856452529
83935,5129.696318563754
90584,7796.686434118537
105733,12974.71020025222
88332,13280.260026389671
81979,22009.40740774053
91864,47939.33309029543
106847,9844.922958031411
95136,17148.91098500529
96991,9433.284462472831
105905,10906.654373938356
102080,7456.660955065974
98072,7816.163310518881
103711,9597.864199560176
92213,21838.666002466023
106898,9684.381902962714
85333,16607.220555053525
84559,10643.586796370848
95428,32205.89317799704
101003,14697.538922518956
87773,4250.633653529413
100739,8978.358814704923
99885,12885.590584358142
106647,10861.771432026557
98019,9537.77473489442
92212,26711.68371926003
100786,12399.695179398292
85518,14190.904171171842
89849,9824.184710267244
76149,15073.786158782736
97490,7297.995504106603
87476,9694.662629968672
83248,25948.513782031783
99352,9073.701702737264
90736,8767.690993171169
77596,18929.17046388863
77209,3546.358155495352
82308,13309.140873085336
78207,18673.137045746786
104041,11527.532061874526
81125,20864.505811755105
81691,36959.13615506055
94459,10498.199971964674
79977,14830.421224572254
96530,18136.943457609355
78367,22622.197890075564
108100,35125.076969069385
104510,9835.027743993433
81891,16025.458945342209
97087,16280.58209293572
88161,9811.784266934708
101097,9895.67343661496
81742,20350.03174273082
78409,8640.365279033082
107496,18413.891021511023
99326,7198.982870530143
78535,9536.631704331165
106164,22224.27523247218
79719,33210.48252256465
90418,8785.010283451375
85844,12408.0525381366
86639,10020.16211073992
83745,6770.653138487244
77300,55790.94861803281
87702,10993.362010820529
82586,9838.162146771716
83769,10965.567904288486
81708,30688.34143397609
90224,11613.15115370522
100063,7861.226536565643
79249,12744.561483540736
78719,31135.17391419553
97287,9216.518268249089
84267,19493.791652444037
84056,8787.03087514454
101164,10972.887848380506
85826,17755.663713095742
93793,26214.20877543668
90945,28468.43107855539
98991,9637.492880236186
79647,14124.829329452912
96794,12690.670883922025
83984,15544.33433556664
96688,8776.034476647885
79838,18160.82152563881
105671,9674.21171424738
87438,14006.193660769568
85859,16447.60261273648
91639,21690.260244748
81134,39941.15591827637
99992,22436.200639751896
91262,24643.531155629687
81417,27993.29904156148
90783,20035.20944899112
88898,16710.88459570655
76241,12601.781647013331
76491,17117.8592685445
83132,16139.1826063415
97757,14291.82663884349
91753,27581.05336747194
82333,26041.83955150901
88295,10307.635631730089
98314,10982.522016118066
86172,8997.435616664312
78331,21945.276574152405
81996,26187.45039655613
83315,2511.912273721652
92376,17106.710834899815
103058,12422.436639881122
102215,12479.676006642592
104225,28417.89714359788
76910,16915.779147735084
88657,12496.968465287757
104943,20146.68916091477
86434,13472.526983445328
79432,13666.697274889204
103103,14213.5200846816
91456,41532.12648382108
89465,14054.23854963962
107774,10771.79065868643
80938,29292.481021840948
94883,17887.33973021934
94135,26659.920419883645
78747,18480.86895597734
76240,20087.952013773
95820,36906.87599590776
79092,25436.20937503827
84393,10232.909335903998
94391,40008.57973986996
77183,20941.805737763807
105612,7474.115108545142
89046,9822.386074911135
90878,21802.887298790665
77058,14291.203818135153
84468,9662.062274135047
76713,22678.76510530973
85568,12524.766346427918
82191,19859.450844728788
84825,18014.131639250434
79009,58338.873607403584
93908,24979.72213990669
91135,27721.21893617103
94603,21998.77923920194
105887,24274.17149862684
103196,10276.331530884583
87544,12759.199230966984
99605,14822.046816863807
101660,10670.866596647662
100671,9463.754751322353
97839,27683.551683590536
77742,40071.74143432769
106144,8525.599412820662
79681,29653.13863258561
98764,9122.678205103752
98200,10182.480363589995
82652,9227.953741932446
83599,9750.564351923726
97776,13095.576723672995
83403,14052.415967963288
77472,33303.182955386466
79535,27790.450289038134
82632,15172.56915219961
98612,11969.011908642306
76103,22719.92551537781
94824,24987.795016069755
87424,20761.77003337513
79193,19281.96203407864
80853,14999.438782349844
87885,12554.241091504413
80891,25287.412361847117
77149,23092.839374255505
91012,14143.766322611666
99259,7485.428291992788
81555,31269.76301779764
93917,33940.70962589723
88089,18250.749300801486
100704,15781.433871957486
77798,32521.70540799559
87342,11224.845906462722
96013,9949.020454143443
93380,26073.27864696216
84040,13328.155103424537
88600,19474.77618044611
76133,16439.662037286864
94842,22224.399706633885
98184,6114.771661809071
88767,16667.013475826327
98741,22690.561393830536
81739,12408.657244406122
91321,25629.344713049235
108030,22528.65344867558
77680,22636.533637409477
78189,27653.90023992917
82302,24648.333646103027
78968,19862.367342271285
101390,5150.4986782384
95491,15727.530818571788
101687,5902.581028918292
76371,17623.539800290906
100151,12796.865692889303
92147,21641.83519986866
103385,16738.100512931098
86960,17869.442158221853
89563,21214.044874597632
98013,6463.969455625384
103747,4959.541759540951
107681,15442.894404871427
82686,7827.866351365823
79913,11944.470329572048
96545,15304.09013666896
98278,12565.462895339955
88916,13221.596396039233
104733,11349.15246383978
103529,10123.22148612424
100642,15512.827646906462
97860,9794.990126892775
88870,15558.984499542594
97563,19980.266028576545
97081,12286.88351130446
89544,7563.570408362198
96332,11846.546147643376
97064,6933.6759623213975
81916,32123.572330675484
82148,61372.68895662299
102447,4694.80002153488
103111,9318.621603171234
85058,9745.028102398916
76422,20309.476263657743
94546,20189.918838702324
96769,10345.435426475373
95364,15840.07810583476
101118,13572.95706595411
107644,18775.93289036289
104650,8478.864169560642
97300,9310.804874739732
104069,10550.926955346344
84700,14274.867186239706
97122,11706.086542148318
89878,19267.231483222327
82579,19047.596458303004
107967,9277.48937345708
82494,4637.007490665618
104872,13752.944474595415
76339,21155.374891830128
90676,6944.293381280469
83780,17297.627334210272
94444,25355.717943866093
83532,4125.420666922909
103380,6819.272974312837
90941,41670.60177901059
99845,18229.008100612537
98053,12019.84335818546
77863,48010.975334103234
81107,24347.65194011745
81176,32550.77005274953
93196,56933.71742551972
102895,5321.458200700092
107093,20853.67515247194
106566,45678.02980579533
88893,10420.470640791098
81939,55798.6214899429
98833,8009.929837765069
102812,5977.546339323346
95766,22837.13330956286
83556,20884.967119824363
96725,9160.60733751863
104649,6864.370056715034
98466,14369.98363514092
77661,32202.58859748748
99882,19080.718082665167
82646,10660.435012344298
94874,25285.158315982782
92800,13575.767395111094
80265,30441.59998188984
80587,34151.32464673738
92298,24544.966546048046
99023,24430.92343003001
88098,10726.326327417357
100928,14307.234937789792
106437,14142.276845824908
83122,11140.325641166137
86614,10188.367850664034
105454,21762.38115549624
89282,21674.474133086223
103136,9278.548451085537
104899,25215.182230339266
92041,38959.4745857504
80795,13413.444290217376
103043,10084.318133341323
90842,21565.55128539533
103070,7139.91056815592
91523,28467.20154891488
76427,24980.728613586416
86188,18983.63072818916
105618,35258.26530958078
82931,8385.423438550832
76137,11621.331965923458
88017,14264.921762729717
82713,9631.08089709138
76155,13016.158130650776
101057,9233.125754168144
94699,38919.88436704272
106794,19717.71712139907
97000,17973.224801446508
90986,24071.649469849828
92785,8519.76752474316
79156,17533.32166155763
107616,20084.24223931647
84264,4605.779652801233
93932,20851.206961828862
102956,12040.255490372365
79715,21374.186599823806
82329,21080.424415338624
86636,12543.095772868248
94479,27125.260455478303
84998,10451.773868870698
83835,10181.249203181054
106823,10209.660945187148
80760,20287.337209659552
83060,17349.03726904019
85872,8555.729210172656
76227,16175.94018997122
103460,7347.287787139587
96989,13521.633956662725
107858,14432.51938549134
80447,10734.419529327402
108267,7523.5649643614815
86584,14489.282471850243
96426,15313.424521836918
86696,17535.316578227706
88252,12279.654777459236
91515,55478.87543945146
98357,9966.070459919392
92439,24090.03189325535
92341,31601.101167293007
84739,9930.162265913275
76906,25943.66368564301
100027,8908.478330506463
102225,14154.758177323683
88476,14553.715298491526
81778,23193.978543800346
103266,16837.149951170817
87660,15182.041079859482
89634,7118.313130644721
93577,29056.37542227794
92450,18745.748778469355
99404,13184.7967306485
107936,12665.042444018318
86174,4177.04708656914
98273,9428.895749744306
99007,23678.791615681308
81615,17577.668833865704
91236,18848.59694970156
96984,18014.473734699677
92538,33975.544857680296
87039,3603.44945710254
84235,15291.761179634472
77010,19241.579302807808
106727,4955.590817358689
102933,7956.188107677101
80821,8482.7558684525
81969,17727.438059766995
93088,29976.830736514185
107004,14022.973279697566
79330,34000.00746349513
80388,20076.26045623293
97494,16755.240735727464
107144,20975.182860793822
93860,24722.0403141963
94845,15630.501109122011
79152,21195.650810847303
95032,21172.257479317952
108333,12103.557378820544
76925,24386.488813209187
93278,57351.50867432202
98608,7441.054749734902
87236,10946.714765765577
79320,26644.463745080902
83893,13660.489858406692
80973,17946.362634282457
97659,7268.820360275877
102063,9032.952616254854
96324,9638.30575329793
101184,9066.178290775537
97392,25782.948966224056
94094,19846.952435363528
95219,15880.942926561169
85048,18277.242805087444
94887,22961.735559922075
88002,17597.153270126164
99157,9829.137355273138
102746,11476.606841400077
89164,13089.542179512
101079,14895.457640098815
94124,11626.86023032928
100161,12799.13177816071
84658,16656.67108518247
105603,15955.854325239168
90963,18584.065895609965
85012,17147.01827116902
108298,14088.96673240104
104080,4227.5447148798685
91850,30266.28595764221
102713,3947.508001407786
83295,11009.334202882434
107847,12396.45691330853
105847,12100.469701985536
87143,16254.47485472146
106090,15541.37438058386
88925,9226.074024727151
106297,19463.934221378106
96596,13103.400451053896
99233,6705.25809464129
103321,15252.668515251604
82479,13305.858252192107
102734,16811.24840602038
107461,28694.35148366557
103237,14086.37067919676
85581,20808.28641665631
99196,6521.923436941544
79178,16523.061168302367
84339,16612.960360329827
92764,18841.78052413144
85498,17025.73722894107
100622,8221.577669952283
106518,29462.564857068377
82821,11174.691141924446
97628,19818.19594126416
90763,8732.856516469994
91567,25309.58967796584
107462,8112.174641163116
95833,24304.928097791304
102479,15500.962866133485
97555,12531.3418639028
80881,10179.397607734136
84016,16595.626406665564
94051,14636.751488952854
76277,22619.99572324618
88676,9558.322047191814
102566,10799.009279533544
88564,16172.306893809608
95048,25223.7118096619
82166,13306.60239033913
86227,26579.78266601785
83738,10096.705631471412
103684,12029.620900028833
79893,18871.253136893967
100634,8903.469149054657
96392,15999.840722493327
96311,18658.174787729517
85015,13687.000385453064
83050,18498.51253428105
81925,32253.20672411873
106187,10349.069285170495
83863,12658.01297696884
82048,31504.206231790216
100962,13181.015152655917
91587,17998.428803340794
104915,18876.52791700452
98779,14865.338274259371
96698,6757.777310158348
84701,10280.982393846582
92986,24987.910623092284
77112,24426.221740984925
90774,9171.57769528118
88520,8671.595640269506
88281,17816.395440690136
91388,32225.068630297
76441,30896.687437116416
98643,12983.70640013946
97850,14712.546700858724
98344,2954.471260006824
99441,15169.011932440257
80230,28379.09007379578
106370,10384.551006428384
88901,11359.989238288845
76590,13590.66783254323
94998,14160.66232113311
77283,32628.65376518239
104065,25603.062596990392
107919,16457.57057268027
103743,5253.277219366422
100503,6846.372958576061
81273,14460.891314155586
81878,9939.483447094286
79224,27501.308677929777
90254,4109.17184681265
82712,9342.264108406049
98113,9134.536302408807
104562,14478.193454358909
103014,9123.075052488295
107299,26521.76058932094
99799,5349.676188154477
87952,4766.734015364072
101836,9316.245522699255
104896,24344.341387611457
107665,14739.64684354654
96182,25189.808196103717
84731,21215.11903219604
85565,11842.359782081145
83237,10057.024605086426
80785,25025.136240218944
81935,37835.66510157212
90932,40189.89609322547
99204,14371.794572523231
78802,29201.90195268456
105421,16991.836194592423
81831,13100.574678368112
100016,7696.161347653387
76262,31329.24654029425
85286,11284.13728755047
78629,14802.087987887258
79451,14531.456087953648
91132,69309.77001642672
88726,12027.016751629904
89928,15326.763833928266
84672,15725.217702682838
102127,10047.052884387344
78630,16932.98131388317
105874,11478.099991625222
81491,14647.588180339792
108085,18304.098011501643
99711,8511.617511574796
95713,28780.394045555677
79499,12605.709096791168
88373,6769.12227586368
106412,18552.805781786592
86000,11173.40924875244
77849,16432.781389295225
102224,14609.011799208276
90591,7961.09573877293
78511,17816.3782332584
83611,16385.672514939506
95316,10540.215892428136
85207,7494.762105294762
86755,13519.429446269552
91361,21175.923451574807
88107,6814.624546127772
99468,3994.509579392584
101776,12179.207366408818
97132,5824.182791705616
106405,12228.482669623289
83804,13408.968280492769
104093,20231.90422240152
81897,28911.36321115801
97522,12639.545716379103
78569,28520.74765718893
96486,30761.63623986407
99636,7276.600480022652
80770,28237.107641485367
91534,25035.39551179976
80461,28337.92581394717
102345,5481.535713199855
95431,38225.49050251936
76350,8600.296570101567
76330,15487.727776951891
101604,10760.131021771149
99303,14247.092949243615
106266,13286.829615758848
84697,18665.741532016567
86296,9268.865983971316
90658,16513.881288879318
102954,9481.616700590786
106174,23656.28671416701
81510,23291.968654773496
89222,14667.731539611204
104391,16113.49862915874
76573,14292.58803885497
78060,12645.340384122974
85030,23340.712602117463
105478,22275.540131841688
83477,11034.14074394396
101134,9025.915401874869
103096,7738.498374545541
99391,11108.222383373492
94614,16299.31379029026
100110,7747.151709945583
81782,28312.13746692442
90292,8728.222487773804
86357,8079.54565152994
76157,10602.111520097964
80325,22703.24297845475
88991,17793.652468010972
83117,21510.196085076044
90513,15884.278444926287
82037,13368.958831178365
90066,9860.335255350044
92814,46347.93151338082
93991,39393.16416000333
100121,13528.668559264815
104495,10777.98719255866
105953,12497.35894610891
108089,10525.507015544006
84778,21979.362534910517
100753,13975.092543574605
107832,23424.63720929958
92190,12041.25573994041
82029,16950.608176378584
97914,9932.149515516834
105776,17691.64799018274
95402,14340.84465377844
99097,10973.932570325827
105043,9858.165896439989
106998,11161.543995000846
99567,11669.625876941947
85421,6993.364957075271
99161,12681.628733509846
89951,6741.926723848952
81358,25261.83245600257
100373,9391.323794309676
80291,37253.98700512009
88545,10295.951307703332
92994,23925.22517781888
90248,25396.195622635645
78625,21312.59785885716
81990,36539.96716095581
103075,8073.041393091
98639,7578.866252003056
103368,15295.63348276831
95427,16617.95484200027
84503,5095.51625489557
82446,7530.618841611837
97175,12672.939252388722
101777,9253.837108983818
76086,13499.42066360029
106347,13149.403492880672
76445,47947.41928505289
97649,11161.978660743604
99273,24232.640148400325
98864,11815.611099456091
98037,21311.88208010714
107264,23118.436998165856
100104,10653.939061273191
81842,16658.153748169047
81839,13299.608850831612
100608,13027.74350695134
106588,8632.620088789285
107466,28691.96169191613
86092,13928.428546355692
92204,27428.95615217317
107905,41495.32206619633
76821,19590.97020898779
81022,12049.719018369666
105727,32309.485045249803
80544,46377.50360432153
93388,16177.855759222728
93775,22979.457465819884
93733,24119.080959896357
108177,17587.643424879145
79746,26730.79973174189
89285,15297.83390388609
100243,9309.151389732966
107171,20517.809366256726
93444,16109.219328145651
107421,12938.289852035785
94071,22959.54840992559
92195,40815.50823026298
76108,16756.84521064296
100603,8820.39593759796
95800,12587.065538264402
90708,13542.4204412095
102701,10969.34500291666
97732,12876.872238224363
102574,8151.011485162585
92237,31112.79100253304
94192,43338.03987460751
88219,8087.451153110346
88910,13357.337763973268
100811,13427.684378840066
103288,7965.252856674961
100370,9922.519147801831
102544,14704.773567012406
107473,9255.473572438204
106926,9808.750912081408
92514,28436.526493038105
78557,13171.93814701962
99091,14033.055618564937
96487,10315.347158519811
86252,13913.033160599942
84763,6738.374841584992
82531,16064.245621234912
79012,16267.886759665693
97078,16857.170676957947
96824,6243.550365015821
79970,21386.35217605772
98057,17376.857124061025
105947,21743.27542290314
82539,16845.99823964306
105816,20804.62374619271
93800,18853.08300272043
87079,7817.014015362576
87453,11790.35332748265
92855,13564.777012946142
95805,18350.77561885531
76398,26599.703882054957
90724,13908.068673266704
102196,8102.300389527329
97661,11344.2068634327
105475,12746.211632761013
81241,13309.306253487324
91106,21771.717067862835
89543,18791.21506648081
94403,23025.76257732792
80666,18399.833965209145
99769,10842.226181864176
102351,8742.578575166002
102941,12995.499792671222
82783,18820.472164780746
78504,25964.332738561832
94715,19932.565060874666
92180,24282.81481897861
103904,11354.38670819475
102921,8517.296660434833
99685,13851.459749651542
93048,17480.514534705646
82988,22380.76255945961
93279,31708.438415573408
80084,16916.179207220972
101966,10782.191604224532
94667,31067.596934753677
76298,12429.14724147073
87379,16250.329461796224
94212,13306.71316597244
81333,16975.391049068603
85998,14434.361310474684
90198,10129.272109673824
87823,10902.40607524371
103530,13926.785849880947
106243,8984.606864915057
81208,15750.389937848868
105153,9693.34539639947
104103,23601.94793512376
89555,23950.259343177437
106042,20016.32370811367
78170,37051.079159860514
107675,15879.836707575452
106705,14316.763834953765
89953,6878.026039429624
101934,13727.62921134839
104727,24713.36979246258
87327,17314.323851549016
103247,13790.573375702754
84673,12216.31876192837
107520,44140.89677317543
76626,20682.877261930604
98638,9547.624853360288
102060,8791.666724810759
83635,21576.042559863203
94566,41897.39447887929
79207,39244.54736024742
98700,18407.365532515192
86563,16483.066997004826
86891,17970.601760233138
85278,7234.394506893635
91817,31625.770678997807
99473,10028.917532124227
102489,5508.357748381155
89191,14181.551622826675
101746,13989.603026124776
84538,11433.284556188451
78072,24854.927301279648
99832,12051.133590634545
103475,12930.96811432888
101016,15470.638178685304
100280,8097.0540620952925
96067,9480.820476467889
104086,17219.071068312325
77248,19331.076168105807
104269,20243.40153586901
89495,7517.784004436921
81340,34375.206233585355
80277,19270.60463524134
76683,30995.777529882263
94847,16229.370644639532
99029,16538.206580837268
85874,14811.062778242647
78105,21821.82405646595
94978,23757.10041491766
101666,8634.696948582075
100757,6627.383336878451
86704,8147.808370140372
91205,38450.03186948154
95762,11902.332074550204
93641,28810.13792589023
87073,22833.152110476447
102433,11414.924309117976
104382,20039.600384373087
108060,7412.260547351382
107387,23565.5087226248
85027,13090.625424043814
86014,19583.50192688616
102602,16573.84277229647
107255,19299.484516964854
84269,13195.432951705716
85885,6146.892822542979
92843,13299.068763018206
107862,12774.886238930329
98781,23752.79187961071
106119,20759.157953750226
101872,10552.66496834511
87865,19826.236632885404
84803,9487.44741998566
88438,10321.195405597597
80105,20853.19219941625
80595,26599.352437763904
76539,10042.489785195758
107236,9637.080585166925
84946,12715.582524329327
93772,30833.87948779379
87793,16178.5026926723
104843,9317.849719403384
92234,15469.379650672843
89467,13635.924601575636
100145,15335.296214612052
93382,53781.93103129954
101891,15060.43134004105
81354,20928.36012236298
99309,12739.240271671424
81431,14967.250871742155
102073,9893.840627629488
88468,17758.676645788866
101873,14025.060215447316
88120,12854.500334074375
105714,4703.752948234841
106015,9105.37898719463
86707,19628.3284702862
93107,19201.400197721
89230,13523.895656167471
100875,8178.653881293264
82920,8300.399601604957
98114,11668.314549881274
87262,9084.07236686209
104436,10241.644155529968
85404,7254.857312825119
96189,12315.615284191572
93408,47055.2051672245
92789,54169.58081122605
77768,32603.034295243942
99414,19863.278755532567
82807,15268.057158311274
88996,12788.498567628258
90305,6827.160486821331
77030,16079.9340779157
86129,8038.509740885423
83660,12933.716902311056
78602,26190.29055154423
83672,8431.924276401707
105105,31099.23033700063
78704,36194.99764958793
80789,49755.00517814413
96633,15022.87757207649
86132,12107.446127686604
81619,44528.5875724393
104645,22162.529499301912
103853,5930.377490418551
96259,11476.761579139014
104677,17715.67774593059
76418,21403.730443290355
103593,10256.750030635374
84886,11750.032141930944
80773,10063.080628149752
94688,21171.501998594256
103823,7316.741741634958
98757,18734.301790825488
78516,10013.316552633443
80596,11847.700475422997
102855,12245.585089509012
95957,18110.73083468368
86440,10952.805357989682
95030,27119.36463160964
101874,11059.463627196112
84585,9866.102166686353
76257,10693.690303371062
76971,20462.520462337845
94070,25592.20835695188
106041,29914.44547702818
87346,13919.06393979752
80993,28501.674522103072
105309,20053.14754389559
92622,19816.519428688684
94582,37262.49119817183
83334,12535.985152348314
98922,6865.942543840011
77691,16805.882630245913
95469,20874.05085130242
90587,7912.634926349733
107411,10882.079099292425
97489,10258.797340514537
105719,18701.38672292309
89534,9984.822584427551
80741,30040.037751159434
105737,13748.883919679422
99043,18287.68572229138
80254,13574.102952947243
83172,14382.859675840493
101830,9592.86926285044
80506,7094.294530237594
105763,14058.991481933375
92507,21997.7624740856
101742,8333.743660142753
106547,33354.76715456571
98619,15326.450777536116
83503,12047.60367468799
80565,11578.334811865228
83013,14509.688581483108
85721,12328.281067602498
87556,9807.697647049145
84442,7523.410097384967
79634,5568.335152274389
97497,5978.799141417583
84325,12413.71765865673
81399,9768.734337322156
96361,12465.135718080952
101973,2338.124007161887
78352,12983.143229982406
96564,12994.155722107957
94669,25957.13051219922
76655,43331.45045764105
76084,17583.40566640377
93215,17484.41474623809
105802,11263.955780696053
89981,6041.7616049738745
84315,17085.482469222254
83297,17431.455697793397
93291,31704.95957876841
92128,28909.394633218937
101550,10078.067541003553
79384,14443.445895609611
103643,9741.720833325817
88482,6301.569676249201
79950,26619.270150760185
79519,28117.587219075856
80376,18513.969038361804
83366,15265.178459527744
92250,28465.26939504122
87368,13862.077126371309
77347,16260.929351738068
107935,7368.382558391074
95765,25642.33302399492
91877,32151.149524871056
97574,7826.034221072734
95192,17298.399747727894
80288,15030.621975696084
96795,11125.789977510582
80851,30438.09384952757
93753,32776.322882600216
99782,4385.2948996129135
83153,21576.31078506576
78634,13303.512015615464
99463,14019.386080551914
81675,17834.940040222446
83093,12962.476256368816
82993,9819.315301981209
86972,16267.539151423112
100455,9724.28856926752
92692,20771.97181998544
79761,35859.998611277115
90624,13121.987103338011
93517,34024.58729642889
99893,7778.735543563347
85441,9601.682257726388
91552,27670.10268081871
81031,15975.845929228017
82232,3791.103744867599
80062,35315.8096033494
104764,16725.575140318168
83572,7793.268511510869
100100,18228.853584274668
96649,15254.683626299273
99860,2613.675973030321
81915,26713.791501468724
96284,8116.342263160559
89243,7672.810894676144
95051,21348.382647317405
101507,12411.91847509672
108257,29205.20816742225
90558,22151.90568783423
96913,16823.413394159295
76621,25078.35728764205
99801,10979.565337684153
95155,15045.45462965528
96739,16100.120848624752
90592,12790.459494436
83307,11956.522822445311
101154,7940.037184174827
88229,10287.74463540484
106301,13605.158442907405
82193,20931.41924668635
101153,9861.589126300529
107721,14979.423599725684
104792,9023.67006334411
92322,26031.90019638228
99316,13347.659531419122
86404,12445.569782870172
79624,27475.98445934766
87122,13769.895754953635
96046,14976.779517817067
83384,9697.40179924783
79657,13832.175690484231
86605,10717.430394530224
91883,16480.81033031554
100473,10601.716614904277
96611,12299.30276757624
89102,4375.546753407405
103838,9918.575569844315
78454,19431.913042827808
89761,12014.076270555066
106275,11182.885920679755
77831,43438.58252128518
82876,14138.835281179758
96899,8390.209255216108
99945,12138.11220948844
83505,16174.767482809326
96841,7546.627946392085
94189,24629.38758349305
85020,11524.971278843075
101456,13797.412591355
94155,31229.96055560172
77575,18557.904696890124
97904,17423.5610562006
102523,5669.826300541807
107541,18387.3605048685
87223,8897.248786202783
94975,10441.801079935916
104630,11352.349398397906
102538,7277.617851984811
90345,7046.687920935471
90170,7454.904896426755
79448,22174.552748415907
100139,11798.181339415303
97457,20866.00317679116
76291,46989.82718219081
83987,13990.686511653115
106283,44225.16300106497
101864,7125.89713303735
95757,19732.3367522834
107668,18905.059491585736
96696,12503.379746904253
83094,16242.381577020098
89521,8302.558341954771
98998,7437.734575067584
97028,9274.667175665943
95291,29436.678727548115
94443,22293.69853565745
102182,10802.877988200862
81794,19190.80181970388
105003,27852.0859429504
83041,13217.71306413657
107213,12175.036505487074
104467,11464.508455078018
93950,27346.48388275803
103790,6657.777140688997
89125,9552.563392840337
80748,26283.43512361875
84795,19515.78772497989
91105,23192.26856689025
86086,13822.652515344633
88522,12350.5120569235
84472,12539.217790955132
99289,16815.481369909714
88050,16171.222067555813
98087,6794.492670692912
95839,31250.291099296097
76057,25405.24565287659
89619,8535.15338436188
86471,13361.46486037587
97685,7621.809901526583
79824,32313.99740451097
91710,26469.76234029256
104474,29361.920692690725
104157,42345.0235196308
95117,33631.34828306798
96337,8599.98414271724
107562,13048.920752438338
107286,17239.902749435532
101251,8477.138835300502
97688,7289.780943380161
86405,7782.6345325712655
97631,13373.76370717998
92981,35723.31355000196
79580,24829.368720442824
91562,11898.9393900025
87048,15860.835055167598
96103,28613.949707254986
101854,10819.281473270075
82126,17982.3625480268
105443,29124.847024616545
77293,57464.5089009305
108262,13853.04932203616
107157,10849.619950702388
99717,14238.18650509188
93208,23842.58791241172
81353,19030.09424887312
81790,15401.19527554334
82153,13925.70376069871
97223,14037.40013051385
82088,36242.60964562427
102996,10162.624482947853
100023,8034.22610559552
84333,20432.312371016345
102506,6830.651965123609
95753,27727.28925345509
77116,9605.866443741024
84459,8197.18867998433
91453,14160.000572465837
76524,49099.54462689558
83249,13235.42086835146
102313,5467.501460794965
90456,9851.92143222162
94635,23660.564203488317
101187,6926.482790020169
100776,14360.485742665109
84563,7350.390826979991
107706,14769.24282605964
78776,31962.933882483907
77019,29124.538729192096
76122,32475.533041393668
79042,17834.992144585798
101851,9290.208407270864
84657,10217.74945278933
76067,19980.691098463816
83598,5681.89623066032
96003,10345.015410146736
77817,21164.217619085764
76887,40701.74547853628
85766,8278.013989843748
105836,20991.429692454058
92443,51331.08082887324
98875,27590.79875356921
94808,19433.42971872278
99490,7345.577605876115
77469,9869.693554001977
105148,5768.648739064055
91649,17371.627028481686
107040,27834.70105028149
96074,26848.16295213081
100656,7786.634557646867
90366,14601.240498153862
93981,19384.0041650234
80858,7110.169595510053
90070,9134.861975467406
86606,10404.005149634842
104521,9545.314522767778
83071,14258.517239019451
101956,8544.915221715635
83846,7192.436430043441
100982,14265.521048005705
102610,8794.360115927997
97828,12795.64510155248
99450,6482.983058704466
87521,7650.915493527942
96065,26878.130583569437
88306,10194.309780108975
96325,12489.14328946927
95801,29100.05000313888
104248,21249.11408498609
98652,13748.20540425153
103877,13396.962400169956
107470,20158.09975092135
96801,13454.458211859202
99595,29014.17513251262
86094,23437.10960516463
80874,33632.448198122634
94606,22833.86925971773
96127,18529.7539862056
100687,8496.958534257376
81118,26922.500489454644
84405,12648.611781737278
83257,20718.77604619526
81541,19300.76848354289
77940,11871.16403319261
101270,9815.735032402872
85349,16766.614294106686
92315,11374.72814347712
108360,10961.27162582526
77607,31840.77397694265
95640,16723.111339314943
98143,10581.999906810635
102200,9301.194621095869
83375,12145.078488983458
102178,6782.102444901239
97500,27310.11797933045
85782,8237.052068045612
96049,6423.11504228523
102744,14397.393288773392
102560,16511.51887843201
79010,18061.524082873344
85644,9336.168434859148
76595,15945.380374846149
82219,17455.700175789272
76899,20190.60946493981
85663,20966.399555688266
92737,15832.734791512115
106758,2388.556415255247
94625,22873.740031826324
96472,25863.938662811244
104250,14397.345132043289
86303,21400.33330456851
107881,43753.67660366288
101517,9014.1727683233
89988,16044.867116633346
92689,29626.182695099065
99002,10912.802769317232
90734,13896.04596019584
91013,42647.07442775914
102056,13811.685853219376
106641,17134.191469380137
100391,6449.109120817891
77305,13224.980731436595
85197,29763.44054412991
81122,18885.555456413065
91088,28143.21371995469
107377,15181.809195831733
86495,11520.524459742051
78661,14731.67337120896
77687,11674.152314872434
98480,10182.633192919957
101537,7161.953246418952
78032,12180.130534016502
92374,16304.46239857202
82010,16623.45845476449
84496,11689.50067391908
98337,8883.727825129747
99520,8208.25218152268
98452,24863.26975557708
79828,25475.74396702288
77151,23079.47981575824
84095,16563.202255900247
83491,12362.177615305009
102170,8372.525153472843
88063,14614.825303593683
90214,15483.902344041877
91980,26513.16158961966
96573,21354.421583957872
105573,32134.96782891779
86880,12624.05724321596
100420,8307.185607884076
86053,9980.99984579735
84481,18803.830147988847
86088,7316.051176445489
83553,11801.897930543852
101328,11942.16709616183
105352,10272.65481905455
100532,13149.78476609825
98052,6734.204999144876
83818,9134.852371725792
99576,6469.774990504173
91026,15754.039274045026
92445,25324.81141455333
106934,6563.259770462426
78791,19125.584634612416
93664,25540.48280275775
76923,30163.774387587084
81335,21653.217729515047
105969,27893.85301600954
92701,22919.247212759547
98070,8405.74919785871
100423,11399.783217048198
92335,27804.311025171744
92370,32305.281090392324
100177,7194.930655224765
100125,6251.179730166412
82358,24336.146186588747
85557,4910.768803819721
102609,7316.17343476763
77612,13380.632714220934
81173,52284.63603932515
93689,13997.14212877244
89219,6077.656283069578
94659,12271.327727678154
82424,10327.799180430471
92367,29801.71584319462
95828,12327.219670673378
87894,8135.3755834515105
88621,10111.889301604206
104992,20922.648069149647
98567,7986.148699750629
106250,9137.78111924366
102235,7264.577656298225
94841,25084.488680737075
105496,12219.236023074884
90019,6940.768978019001
95575,29945.90569999405
98437,9570.025313238384
90907,14847.216996941752
83289,10169.994144917768
77938,17070.95011198477
98791,11832.65631710344
104254,22800.426443625045
104311,29407.28850755717
96753,15342.362887514211
77998,24718.354308790404
101102,9933.264962707904
102836,6520.349217014877
85330,16397.479695183047
108511,15480.058068975924
89527,14301.49912198864
87734,17868.886758293193
87110,4448.844412800628
80936,14462.07974513689
80100,16228.523361209562
86546,9536.190170843432
104949,22666.273925350797
83654,19337.982680125657
96736,8698.709743310166
91898,24764.2169863596
90221,15771.148118714536
96356,16598.480517473996
78901,18633.21081793795
91469,18003.854684088605
106591,32045.032252085817
77763,24816.19880379199
89604,7409.047253251928
90001,11630.98470052725
89947,11965.466054757237
108218,13458.21211304934
82927,10254.851577095662
107140,13922.946779283964
95013,28797.09219316097
104979,9125.11071410101
90521,15064.224587071256
108465,22799.33994046069
106606,9758.462954601477
82999,14624.510706674671
93784,20779.34653431383
82680,13851.89121825924
100796,15098.181036416749
96230,18124.97041549728
89110,7013.945454143784
88152,10917.766956991014
101403,7781.714564722431
77566,22354.824194191868
86366,16915.02121619581
80356,29618.708321054582
83500,22238.549898394867
76673,18119.72351744021
100256,17016.671440182523
101335,15878.24415742053
83416,7512.167701032713
104983,16787.207016795022
107300,23270.04531921495
87350,4792.452117424172
107106,20046.74603700381
90550,9847.552725882491
80002,23865.55261674148
90827,10258.634916197592
97480,29309.54086071147
88160,9960.30416911986
88467,5494.604170768784
98500,7794.561957473132
86587,19373.47182287629
76737,16362.78595737666
79089,17800.993051763377
93153,21508.03464574901
80315,17298.45266245646
76731,35947.6510051192
94243,26146.754177072147
82571,11842.413908409091
86896,1450.5630909109348
88404,6620.345051279064
108530,21877.241186244537
100573,7894.40275410175
102888,12410.263794557612
76011,30850.47025849712
79586,46254.08765802818
85620,4530.39828941348
93470,21027.111352799293
98335,8557.951602567311
87826,13881.099708736352
94743,19675.66200615754
81247,14856.91013667986
91376,24024.934064267756
83451,21006.311691311515
83176,12403.327583393057
78867,32692.754375582204
96786,8699.04250832228
81019,29035.215492827505
97316,7863.2038057310365
80560,19256.049284918885
88535,10163.299104558428
94281,27393.430416678144
94309,19805.72113497978
93404,36026.511525017944
85218,16451.40580921812
82697,16883.12918933805
94919,25279.719515746703
80829,16259.31944087988
84671,15964.17797941856
108043,14994.37340216606
105111,24973.756626510494
76997,13283.305237357536
83545,14575.648857336026
82274,23861.1055046702
100513,11598.33028198461
93471,39290.63927864041
91627,61834.258432488685
78780,50647.43303503284
90005,21179.94848572112
104234,9854.730946676822
100798,8048.674261665018
101322,10560.946936350663
81807,22768.53277728899
84469,10365.079196806946
94701,21341.18164346998
96119,12507.809529161032
104478,7320.442462033263
100116,8598.413618172206
85151,15749.01506314781
106970,10350.861245991826
106570,41988.36583664101
101472,5950.623100001873
98101,17912.42409312062
76225,10782.847265137772
82833,7063.36163106761
81055,7833.189227950349
100048,13709.121076507505
90519,32814.76018345076
76484,18683.338917027217
101898,12765.058040333524
81741,35348.51682987432
90441,7648.708957735268
108314,14017.17433124177
97881,3678.84408317912
79306,25263.547191555157
107116,16312.353888708392
98899,14095.391197436647
99975,6912.507123447324
84378,9377.936214652816
101661,10273.901901033238
100239,12001.447536051975
80035,21871.05788613925
85033,8332.38388696868
76723,10585.770509530525
107773,9442.967534092924
105937,11757.61788583906
78321,18245.8022650731
82047,41124.67968046323
95113,15174.923324510097
84907,10864.99977820078
107479,17844.271435625553
99770,14746.247639737125
86815,16612.838463942855
101558,12917.55105605005
102258,14986.35844269501
95963,21419.36499584053
91995,10001.769970560135
82913,19918.257882052734
101968,9528.474085087197
105332,17467.5797484348
108213,14905.48846137424
83825,10447.89801569342
77438,20851.691214054496
95768,50950.67193347833
83195,21900.34357267461
104287,10720.286824464612
103213,13073.410289059942
92744,15872.66229840318
81351,32921.77186696309
91555,16622.31361677791
84546,14691.258044041031
81270,10499.442599011483
98294,8683.190560703406
94278,22944.63972748582
103537,14302.94584482499
104284,18940.23416099993
76635,17723.813623448583
76676,28616.421703683653
98118,8931.917885401961
79440,52596.35008693002
78969,25455.900422152336
76500,13024.33055414553
106027,15689.073256932244
84604,10023.378066742956
97498,11441.844968821686
92641,47082.71688212869
98216,9762.475773611475
102453,8789.01955675468
96270,12557.621673519934
78777,22256.174665113023
93169,11595.570076733322
87621,15930.291736476507
76876,23280.666010341607
83561,23441.0681460988
84296,13928.076537967248
92355,34404.49288493643
90302,21613.688897734177
91387,14361.544496776733
89854,11994.900723634972
106305,17655.918350872627
98703,9234.437361203303
97929,18475.95400692262
105575,13523.790497982089
79052,19744.187147133493
82362,24520.99116812052
85625,18598.473179029617
90792,14096.013379722091
98488,9893.414828033216
106795,10496.876501975705
91666,24067.605428767885
101528,5569.04043775042
94739,12303.858200449127
80961,11024.852850940577
91988,9911.712555558051
80335,29085.388297404315
77505,17967.516657706205
93280,15407.584446368925
91630,13787.961673293932
85422,10707.959766332058
104986,13456.283617417235
92176,79269.7455347821
89861,7864.8090960667
84435,18034.851548437466
100381,15119.219872484297
85651,11053.218082215712
96525,17878.815290834806
91383,19051.786951971368
99177,7725.394055557446
85842,30195.451882012945
79658,24628.189061518315
84332,22408.69943589131
101621,7302.409825557341
94509,19303.32108844809
87175,17414.106662080987
89394,13532.7436219407
91163,28334.981582564345
107771,16473.803014633697
99551,5633.52463451912
87537,16123.109847003368
76726,16836.430012047953
106637,46435.29968110292
85583,12619.646009150909
84617,8679.724668398147
86419,7329.9488441263
80036,35448.46923343424
83956,17520.370700494004
106663,9944.371103754936
98368,6776.0702078545855
80217,11518.62256184876
98528,6524.01704491654
92746,32382.59961434803
78042,19036.49844630529
87314,22518.285534191084
78148,20018.680363491425
101574,12967.82462515837
84789,13979.63652268808
81056,9064.006802918382
91483,18243.530754165804
97869,13492.360196825615
89084,17183.01686460457
90398,16158.778661672504
91038,26730.229805994488
80326,56653.93712237321
88665,8091.593363500581
99793,10243.957730321516
107218,11827.613021703106
97438,10778.722788482166
82375,8581.277996591125
103211,5657.668383551851
83430,16318.141514492503
83717,8242.16082032373
95607,23910.57075470633
99653,8016.379429876812
77072,20416.90467135037
95300,13023.003564470817
86090,18676.662060099537
90553,23741.352897311583
90690,14258.797277790443
93608,19276.196122838464
96059,11113.656648141658
105488,16752.630602217425
102403,11617.991986815889
105357,11871.85706022182
81201,20253.411215858883
100092,15690.099237218756
105800,10629.789935012162
103658,6158.2912247941895
82416,7335.093488925116
93007,25340.40730185126
103850,13661.83200107217
97328,12686.068073080218
99167,7356.057952498145
92788,30832.581544276327
90228,14475.119034286996
105015,23036.28598969452
77838,12548.541641692173
88672,4604.637194772471
86881,10827.70248781912
90515,8017.018202489498
92777,35569.66413685628
103455,10014.320735121311
97286,27393.92635217629
104633,19976.53109964388
83548,10534.885920688264
80980,21971.138179619837
87954,18306.750460142022
89975,7273.5549036724
83762,16773.888656397357
90615,9369.42049272548
76755,9430.801337346522
103371,10299.174278036806
102703,10487.441167358502
83856,2522.1318436316624
105099,8643.478176168941
79080,19249.651073545025
83898,7254.80740817415
88241,11054.225731865174
89549,16261.55971461726
79740,9424.13038658535
81937,26749.01482972128
99084,14170.964602584383
106967,20534.395869297357
80358,45445.30085998127
97694,12875.97699142826
87454,9899.959091816096
101943,16094.800667548372
105586,8016.476544509172
105651,18905.1277905076
84667,7104.110072236381
99050,9976.8124168568
81245,24161.190627384065
78547,22087.497553886864
82473,20363.981609760805
85978,6822.4351552161625
88385,10129.99507964022
95452,13664.160687447931
98159,7008.290461532701
107952,10404.462810460966
107265,7935.303685753666
99744,7804.628847214338
107450,18316.03833793287
108280,11733.211878993789
85684,7851.6676396212815
90660,7296.066912805762
107627,15722.833703267035
93896,23620.190972907345
105931,20896.689708959297
107160,10197.225429961414
94644,22959.28243787604
100057,12497.43542010974
85053,10959.212774007834
77037,33808.1409199846
81281,11983.673796441168
101247,9742.971546759922
92031,30229.098052273963
83306,11403.558252020708
82079,17938.457541475873
85936,13421.745427301585
90480,6844.929112022035
92696,21216.328270431848
105467,19462.769082941963
89682,7319.704913840122
76305,32936.60773361524
79665,35901.39906522097
82839,10460.626324550758
93076,18319.74339869667
104369,19573.268455530502
107999,9201.031102762248
83787,14693.641519125496
92554,33513.796692961565
99110,19442.757962887845
82707,7416.523332358926
80261,12570.109289758682
102365,9319.274226073669
82760,18044.73035996116
81142,36960.83027311757
88411,15947.41948755278
97734,12422.91016883196
81604,46454.65637215135
84705,18585.5789464101
104661,12486.7077979056
87897,13167.291966384551
84651,8165.8990812942575
82294,30955.216088489487
100689,6825.972105804534
105236,7751.231651940708
77656,13104.518736268989
94054,26091.480289809308
96367,28233.08085867725
99913,18479.003357448044
77083,20601.02903200356
104849,20294.295529390754
98172,7730.680870434488
98043,14473.544648627969
90979,25356.419754986782
93136,28336.801996456197
88750,8581.970413372901
88471,7968.3651964333185
93720,21903.75070791816
76649,13102.35265600415
99291,4727.506225748823
89267,5555.215329651704
108244,9815.069565054551
95194,31222.20972963039
103998,30482.86869983975
103782,8261.058537716928
101502,12482.106232149898
85961,9534.812372357172
99073,14531.30453601927
106535,17615.696511098344
96594,8100.119655977022
76156,37649.27808929581
85484,7802.908987470655
79139,11583.23909784096
96730,12454.687776482157
101796,16048.933766898015
78809,29261.781935324798
101193,6590.309808850395
96275,11939.27948195124
98321,8371.62193542608
77928,10770.176167881702
78328,31589.231920912996
103527,10345.783898422846
89266,9954.026715263995
99074,8350.944761119816
97952,13225.407539770358
88220,13175.937806356733
90223,23628.935518572544
76506,26002.281456729062
104498,24059.064507951844
84634,17342.809454625458
106803,26061.627049248847
80608,13468.623030833254
78715,13469.460453315522
89962,20009.062157114087
88958,15992.645700655492
98941,14717.451741405774
80707,17730.54690771908
105934,9390.3375450432
106190,14875.40104458961
107803,25108.08977000929
87945,18433.643897341717
96859,7571.411629939953
84495,13284.619136492403
79965,33422.12982630348
89496,7958.559803449751
101195,10441.700070541332
97209,6904.99455971337
101751,15500.962866133485
101541,9208.195375734158
96051,13659.286063942249
85075,6505.2360563706
77118,30241.40805599015
80487,12019.464810942492
106184,10663.341018989397
96374,3014.755845731871
91702,18085.18583473011
77517,22305.05186372861
98188,12306.78751809894
91641,21954.506958088525
94607,25346.73223932453
86769,9879.413595468934
80484,55775.37736170343
86964,9760.057694915682
103086,7108.102371683065
84257,13254.087782700064
91852,27167.22685678159
87431,17706.28604894099
80439,25524.45854552714
90405,12378.167740182842
97647,8031.857265891462
108071,12013.321515231211
101911,20692.149441463043
82293,8346.128569415976
93627,9378.436959338193
92080,32967.10981538594
88291,12282.590837305546
97591,20225.3491168908
94632,12412.202667784128
79572,22051.48406441859
100727,14171.145915340368
77760,17448.055606672337
80267,23119.08336124491
106167,26955.26720480712
93339,22600.84204679331
98727,10260.78888363449
106765,22952.30190875176
106746,28335.91134462385
80012,26024.01694845493
86651,9554.804780481598
106616,10552.28487612891
88617,7642.133001304571
78380,13156.12728466244
102380,11274.695480501225
102093,15488.560357848568
79049,43238.72935051778
104933,15546.307190269095
81578,24151.58575735444
82296,33370.74327012087
102256,9918.921424264494
83868,19182.5147715047
101459,10542.808904377944
85014,6284.4880316456265
90820,11363.864191507677
83173,7688.769631171375
91252,44543.146115824966
102307,8030.071674536254
95153,20438.312166168347
99149,8425.046844757022
76130,14603.080593519006
80049,24844.92073573392
84353,12697.77566774329
79550,9796.45954784489
106113,31560.95649432997
82182,16705.58795187098
99898,11873.380008056163
94685,29194.66116260662
108125,18239.95219662325
76144,15254.19190166911
82087,17845.85981207165
96666,7892.810511462252
105109,24766.65402747577
94341,36683.82324728305
80039,26609.69370283169
91350,20956.863771892866
99415,10077.750800864644
85832,16322.268353648067
94022,11819.441251071568
104332,22932.28415280946
89367,9294.939575011962
101420,10572.903782608304
99401,25552.0390991041
79179,24691.61066090436
81603,16517.445960282468
94068,19994.27516948953
98185,10619.660007263274
99646,5023.985119568813
83218,16829.28641478926
84593,11773.406542950936
93040,19500.18831320333
104544,13757.545025288136
98735,13340.923338767803
86524,7028.6729189092985
102541,14028.06555522296
88339,13146.209870429848
92750,24707.364834721408
101882,8170.05707516554
78793,17714.3739283916
100625,10099.208462802804
91791,33805.66217127399
98604,8661.249616244691
107903,12694.011219236298
108450,9282.494403090182
101903,7729.66976495738
96190,22860.41515900395
77299,17641.53573325851
96588,24505.31078755056
80932,67215.76385327696
81221,34702.38205643225
107383,12208.889704419842
92815,30356.641660545043
98724,14181.459615313906
101984,11503.427779040892
85939,13886.871960688346
91597,35582.73024713288
82514,9371.97814467861
88788,9245.768806725428
101131,11277.988606880925
82614,25758.537163619432
101646,11889.45187403222
87641,19860.638258110648
103855,13183.056426180938
96901,25166.979230568428
101942,21386.09879245254
92415,29921.887113172543
96467,12925.873338597758
104656,32315.42648854752
84104,18438.825516655885
96685,26492.60491904102
93816,24673.37497876454
104925,8013.51121921799
82086,16645.749945781743
93855,20775.544135813077
85411,15943.488621320692
88743,15612.061299463076
107201,8472.391547381507
91771,14805.975328263015
81001,24744.73703360448
90074,8438.118933977621
82791,7370.15495822664
102636,1298.5542564192103
102722,14818.562748407578
94571,31103.52681554547
103852,8698.483091213944
81514,14799.338762548956
99997,7050.264975051061
85808,10781.044020406822
95355,11349.874898633503
101928,7395.224623275769
98862,7525.669681118303
87759,7823.933395119209
101810,7670.387986246512
104902,43216.735137186144
101361,12809.630201700553
81707,17741.026137991765
84482,18533.316209523105
87358,8266.37061558661
103589,10272.16615045475
103675,15164.751744865587
76652,18044.30380441879
104101,12705.158128832372
94807,19721.21437286651
77325,11548.87349409758
79875,22455.834673119123
83034,13831.02967490944
94997,24908.513975785478
85209,10079.904107609986
88344,11536.91982696072
98849,8250.839917497113
80527,35259.55196643496
87245,16141.94735151299
83783,14769.68663839209
96515,10268.917893638967
95110,23379.31198797561
92177,34513.46157800911
94690,25164.480604911227
80340,14042.32172033605
80211,21720.958038098182
87440,15933.920441662996
97742,9188.090441829054
86586,18089.155397425155
98006,8247.335957471389
87613,10114.749348636342
76521,26801.773395477256
105734,15902.1336773838
87925,6955.055973836668
94634,15986.655584168717
102227,6518.191625459673
85292,8748.981076326812
76921,9556.71079924846
95158,24991.332294223583
95582,26128.15822373806
105636,23732.979987658902
92793,18595.814773578
80981,40772.09743071475
76421,16821.96449722664
87182,9130.981840637129
93677,20084.22711642229
92969,21298.99958161752
95005,15933.809557330467
85337,9723.080712571831
90477,15639.96225836899
83508,6172.70117117382
96886,13339.590431358469
104112,14908.361127497832
93923,33142.063658927735
83338,7172.369754473457
77100,24195.08416342956
103801,10570.48723558944
77772,23782.37494419544
94352,23117.290176251103
78360,23224.210770277867
89986,9842.907986739903
97654,6334.371792578435
90295,18282.05555416889
89180,14487.748888900309
82039,23249.65729377252
79485,15170.69286319541
87606,7118.93488047562
99574,5712.103478238808
92198,39492.00942342289
83529,20182.882184122547
83789,16517.8286341977
106137,19573.839670151174
81731,24785.88952317071
82668,10161.554241336902
95865,36277.38926561061
103389,9126.43754096238
98482,9785.659447282353
83775,12246.92618820793
98846,24620.898368449663
79233,13325.51534586025
93254,31189.37292700996
84246,10515.645894793308
101996,14087.110548918508
96237,12809.645474066689
104216,14405.473484778093
105667,22370.887813645702
78813,12789.447744678437
99270,9021.60281635444
78588,19038.727775981904
105552,12593.04045891927
97164,20107.11537201041
84342,15443.408108282209
103688,19393.38812288548
77484,10253.54579069694
94326,8617.389045219288
81254,24980.194682544825
90674,12240.013852008937
104261,10374.405998634262
106636,16665.87627318129
83188,21906.010622090405
93725,21907.191027524364
91349,35897.82247538496
106973,10325.361689408554
89671,6918.653334273094
92830,22469.053262584028
105964,16828.75271067861
89696,24970.69825761803
99813,9005.657311070081
108159,43700.11929458424
84988,15290.454224119643
84921,10793.175874457753
93609,36853.41870085258
105751,11800.818336126047
92102,32875.52123173057
83130,19192.80152205573
91136,24865.134491561024
78276,8039.982681550315
108370,24818.275695963766
100384,10434.526059681952
84940,9743.769053492102
91942,44574.9625387139
94454,32963.67754000175
100909,5643.676771498505
87701,18565.17672600056
104798,19935.12637574457
95263,23407.75225672993
87121,10219.077618451958
93095,20774.63625415691
85642,13571.694365651214
92656,15375.180381287468
95617,41224.7014169366
78219,13315.633851611236
104179,16330.431408451885
106438,21906.48152545784
87196,7945.779684219668
90335,17301.86094648638
82059,21588.991162961243
92365,22714.13329607803
98309,8891.524585554918
77684,12424.01142936364
89823,10770.9775765039
76689,19128.20765970783
98279,20545.26283103484
99892,8410.228538130252
77342,32509.388596931247
81074,65052.7364968068
101487,12385.960066443611
79070,12388.974636288658
95231,31691.255523812124
102572,3232.9127355906035
99529,11476.17112725576
105996,10323.8665347507
100780,7483.276624570179
106814,11297.455580234404
85545,15830.501650552833
79630,19119.97184922131
91145,30660.70304391998
84823,8661.86746709245
84954,11463.40079833346
96658,12597.50735474776
91360,27300.193112711557
90452,13928.618171386595
101820,5472.755038876336
81605,20741.962074849907
95895,29153.604728224946
99378,7258.240098346718
89327,15776.80452421296
97326,7980.94155980588
100777,9102.743779253611
87405,13088.157895863087
97627,20544.344565161624
107458,13523.735960467206
79060,17303.244524122394
96136,13088.349760356989
98257,8525.734539584542
102335,8528.338096823327
77850,11076.62018380168
102160,9658.773758931078
102379,4222.412511204138
104579,9700.473219746178
105614,18656.07451016553
100113,10895.518891906013
91032,25668.720658334176
84428,6071.7543070906
95075,12391.775515328512
103736,8007.6519680153715
86290,14919.7431260424
81511,33376.22514395922
90680,16582.14764117669
108256,16913.260514721856
104529,20052.403060022472
105190,8691.132017130074
83963,14349.449420392742
82386,59193.6640382302
96710,6619.9318252971125
83474,6268.01145494479
85539,9003.44396702424
106439,17766.431074699856
102158,9886.475819931044
88822,13625.837882210755
100881,8751.248157545499
76677,49572.52126647324
90178,8032.69776588625
93735,13892.15637536149
84662,12384.70141268946
106182,13246.375804410938
83398,12596.291203990944
87992,14024.729933201996
87968,8537.979064488056
103912,16562.033921599475
93375,29394.62565681397
101226,6889.225787929462
77949,30448.17683689162
85607,7335.288927348467
79522,22749.4732110228
77739,9517.011266540108
83123,6498.514740424124
98241,12991.321003314486
85653,13511.137182615006
103346,10976.08115530337
93933,25391.332186154217
103652,9168.202015214016
101032,16493.966739276468
95245,44019.344054148096
87397,10943.748526398607
104051,8751.443885683577
88815,14394.678250117016
78834,43839.362730555615
86348,11463.138594571275
102205,11546.35520047704
85638,7171.86535192284
84036,14337.172759302106
103627,10326.80243066391
86641,11290.922646186664
76954,19262.12660972508
96042,16383.908329930786
79230,20175.20643319745
81240,22557.54994783897
98464,13734.545815159518
93761,18235.35820275142
86239,15821.164028643656
106231,20651.79180385477
94092,28783.38371469604
93651,34112.55438533743
102239,12173.26630646864
108216,19400.363628551084
87035,13781.235416160456
77754,23872.03497400413
102892,9663.576201149684
104205,8656.651420002807
89539,7068.039266521608
94276,19025.427353941348
78405,12591.18674629778
82829,11055.63758844325
96653,12272.33617168302
107768,10656.801063988118
82557,10100.722960631896
79190,14999.810078077671
83639,19869.624671897283
106302,25807.199882556262
83161,8722.764591390609
101839,16074.163891054608
76769,35949.313191703564
92536,33627.10280112697
105981,10472.357763975717
89644,15102.283712265104
95175,24820.42560691013
95837,25821.84398347323
81282,29219.0590209062
92231,41628.1583826343
85287,16964.012312989762
82582,13589.194299531024
82666,16937.978840362528
75999,17670.921453507282
81738,17078.47383460537
87020,11224.476462299364
93066,32991.08825772149
88496,6663.076220458686
93297,47729.92111868014
82044,16855.098325750725
81673,23453.880118487305
102694,7752.0459376377
89509,10131.80460148037
95965,35759.88411278916
106101,18982.134671302483
83569,9183.68350788289
104718,21973.19469655145
99492,20651.35309935168
81091,67704.50995595788
91028,20971.454928465577
87981,10788.687775162489
91801,20239.292412107978
102243,6536.442054662668
82445,10611.729481552064
104094,6566.863222255657
94745,35374.5510364105
90106,14072.016024502132
89015,8310.865944374318
93183,16860.79838046942
84610,3676.7710412591096
77055,22625.473849343827
79194,16361.966690574358
91155,27987.91559951284
86569,14542.979273976907
82485,6593.786749269204
88760,10214.965428622196
105923,7468.509409688266
78686,35916.786483453805
88814,7955.919757615711
82320,19083.962141929776
102937,10420.238022744572
87116,9554.665480580676
90494,8579.008001828117
106037,11212.105406456712
81698,35973.85480922892
108120,22095.827250718216
107501,14246.09605184978
76407,22171.78766275848
98601,11081.463886200469
107872,14426.402212491654
78176,19403.207766206247
93534,46280.1370436493
91839,11486.641001030544
106436,19047.477760238275
82935,17668.969019309792
84674,17906.150154597515
83479,14336.878363579484
105047,20371.596402959047
103698,6904.114135265532
99614,12906.126774050355
84726,9423.374924044443
84695,7460.402236090452
91147,23625.941281661053
87076,17448.954145507396
106200,4782.3622141867445
94496,18822.81186916817
105826,12560.47812622603
94976,16683.48659065955
86380,10729.643999429309
79211,10978.014363590337
83213,12111.560253273738
84355,11779.79558278863
108034,31700.59653085325
106948,10958.4060996576
94995,33408.47707932403
101963,6629.155524984781
106550,14646.547930306528
85682,11924.627989961882
98174,13687.839482963562
105423,11000.249709283173
77341,13998.012396534636
83563,14916.25482603686
80177,24962.42252764875
88183,13015.317105954997
77520,19062.61047897732
96601,12831.370839016145
91964,28303.81657323525
86685,13571.808833019786
83039,17144.566161085568
97785,8406.812003055154
95814,18488.794539488477
83452,15481.37150959652
84518,14977.428439555772
102194,6091.675231523506
85247,10833.580759542643
85418,6219.393125170624
77908,12440.63890642619
92033,26473.67595815905
80872,12968.891687300442
86635,10694.546677311344
79420,28904.898710701626
98251,15448.538360074652
77158,25204.73705844332
89969,10573.004212787666
85928,9454.668297970302
91375,57612.92450139768
80568,21850.46215814807
91041,20728.83011824232
89322,1736.9497917274552
88057,11903.822813212142
89486,7046.389592072404
105977,14997.59496654698
88167,14439.150914985708
81115,40515.82898221551
91486,10453.211068324506
100782,16637.452298856293
89320,13555.659455338224
79784,16382.608233592957
89096,16291.703549607188
78264,10183.988434261852
97581,21769.74961133671
79576,30936.08087232084
89259,11049.911886949218
106745,8835.079480179684
92013,24633.19759040894
86678,15584.431322197164
102324,14565.832685177853
77632,30577.04782959606
106887,10533.412196103023
78950,21682.785215467604
88191,10222.65415075606
88247,9710.364602961998
94345,17267.12004563389
95349,21001.19294173938
93901,42874.69248921023
100074,8427.404988190432
85164,8894.212336459972
106172,22618.49031217877
108479,16269.890732852582
101908,13122.76220324415
87385,22902.75897619613
81494,10697.51414418481
81977,5988.6260099698975
108330,12809.688252388558
80073,14900.713142414465
98716,10335.633730618829
104170,9269.521886136672
103992,14474.75555409848
105540,18632.63373907169
75987,15125.829255244467
99496,9683.380957419293
78765,40629.17428219028
98564,7226.285647535826
81895,19278.31182879377
100955,12114.72236272043
77153,50074.51189434518
103888,8956.495145126768
105921,15148.51562696063
99660,13368.95908294895
78579,30139.62475017878
87023,18373.413791731648
95879,16862.298311644445
100433,10001.142358231533
83011,15384.36123713979
103255,10270.18850455396
75978,21993.78983880145
102295,9870.206440713566
92099,12006.764509355202
80985,25533.00865108562
99556,8769.837513224731
97124,8826.53651503334
81386,25835.185717512817
92818,27072.80194234195
76413,8036.785439306178
99585,18174.749091398386
98093,13691.14143510592
87527,7886.149741618308
77911,30896.21523042223
85090,17337.80014933168
80843,14879.84835038814
107096,9644.461726174875
88042,14628.295231908263
83948,33536.390878653096
93242,27595.07358129121
83677,9779.014875753575
92864,11649.3539612542
100323,10485.649026179874
81042,17935.600344268063
89663,10538.29424825106
85381,10635.15600012464
96699,12984.45610539805
92422,28387.74082968893
96880,15987.648718092289
88530,11145.756469176653
81438,30166.991159109777
83484,5688.847787321141
83637,16396.2204568604
89092,14661.674083331534
93732,20944.70067672626
92925,19010.47900005202
105183,12108.539560918724
98369,8494.481418825364
100868,8169.975752319969
82430,10846.270212468316
97604,10333.98499384876
85474,18879.253825088672
90978,13045.113086752135
97258,18204.73593222769
106720,9524.25027769934
89418,12024.310998084344
83154,9173.794056973667
98671,16521.80530625921
105356,19601.233492318734
88880,16147.172379799518
84275,12464.252882329
93184,11372.273479653388
99811,18472.16334287437
96995,12719.981276497578
89700,6950.2323693821
99390,26778.39258562607
100504,10122.61250609871
80427,9751.593472442311
105125,23668.674158857364
105652,13449.4692633941
82706,8059.957470435736
97831,15186.961059417394
79865,41492.866644269605
78586,14314.084140713276
85926,7979.571724212017
83961,17533.421102357875
96313,15565.671293955438
77556,32029.968372517666
108155,21587.74583449956
77590,26929.88532440418
90192,14955.41372028792
88094,10180.646793245274
86737,18559.17528621455
107509,19415.578715400297
96960,23975.148283680886
85495,25359.99080521606
80902,20344.90902061077
87998,9397.82354331696
93672,20287.594753212943
101245,17552.982977099342
85802,22099.12072323376
76378,23010.880964448243
92576,25715.39063836392
80096,16184.935251102968
103064,5039.661568270335
101782,14118.79396762587
84729,17784.792633755776
78010,18358.08329340688
76995,12583.581588822948
83407,12963.507702070316
86858,10131.061428285504
92623,23001.91424369648
107680,20880.031784782142
77324,15716.443314723483
92312,16435.332183834646
95266,16965.127266254414
86907,13131.786490845703
98403,8839.279913102793
77236,25868.40333598021
98098,11469.452113178982
100392,7248.107584171604
80696,11703.479178303907
100083,12565.833204722912
107500,30158.632979111484
98415,12854.78173003768
89111,22913.50026240836
97813,12821.775879273036
86818,10884.18335829508
76368,18317.97708092983
92461,22620.761800331136
79280,18448.044678132603
94481,13738.398121975424
85233,11922.888579915438
87051,11267.148693567467
97596,23481.577626599304
84911,1545.6423970311969
84923,17605.619321196365
100105,9974.010527279714
100360,9862.83159897576
87548,23129.62071412489
106839,14090.422901066884
97625,11087.222060925196
87757,14529.500715073387
91686,21885.95105475972
98789,13923.50985005965
101190,7228.110636422903
88070,7005.807648414354
93252,18813.18586273462
99741,15970.225283123247
104820,8043.84714794307
88169,13132.635583285788
77198,10247.383467080235
93558,33706.20599364904
82381,18831.03642633919
99874,11532.169354221449
80727,18973.28810724771
93762,27345.44220867012
82928,7785.033165917275
82083,29910.812535447647
102681,9220.56620468531
84592,6918.527513252557
90373,29866.856888892187
100741,12075.85826993959
80833,12878.29488362417
91415,21551.217278774307
98086,11441.488091320363
88138,12739.635736449482
86387,16041.314646667866
95134,59468.20836714152
86392,17350.16974322727
91440,31282.482540324505
79877,13476.890767568806
85439,13934.921841364836
88629,12357.467212896776
90541,16406.139996530186
94365,19260.5605313204
105625,41172.43197946042
100340,14314.978751996125
78761,19393.84069329263
89066,11479.541408382263
92418,27030.838014828085
90530,11591.973678202605
91595,28826.10673537413
101516,7027.301087156766
93518,13330.131574000685
93676,17302.7631100602
77432,27595.038325821897
94585,17965.08654491108
96358,6766.119739070684
78159,28594.79665382477
93872,12490.877159396798
86968,11016.378819664444
76425,23218.10919613853
91431,24266.53027002294
79862,21880.648135435706
86839,13728.337288388191
100378,11541.542329737937
87028,9845.344097984207
81612,20847.177960231256
80822,21048.448459385007
79272,60906.14452624708
76037,34717.698426386254
94336,12161.518822526825
95900,22750.82104649939
89645,8033.684912052193
88068,1200.8324585034363
78067,28370.455587173525
107703,15345.025879310298
106822,13144.484640291194
82155,3394.916841847855
91564,36404.83796114774
107241,14267.403955479858
79829,27809.849314184838
82574,6171.990288173523
93529,31420.58678934868
86196,10716.423673002872
88887,13584.196885135842
103822,12639.465225677675
97431,24188.717180557607
80655,20088.360047894123
104352,8389.472051192684
95983,41530.414762992856
90231,8124.996829967536
91426,24212.940707223228
96804,12857.357014423424
91789,19877.45067356772
91063,35172.00617062257
95672,29029.069803348877
89669,7408.1002978733395
105177,24607.489838160305
83317,5308.354129147916
86083,14738.227736611188
98558,9635.519175910227
98497,15997.11535186152
107910,10251.158527879265
101650,12889.955179437224
98157,12667.59101308104
99234,20730.328708255005
91943,30448.642404860017
99237,8144.84864745005
86413,17269.61263272325
85589,10498.020989589464
83028,11368.319828185728
84633,18210.948154797807
76000,13950.496011711684
100519,8474.439830439997
86940,14622.50264010827
93162,26012.37957932769
98061,8146.656387882732
99205,17442.35812219175
86507,8097.809640978455
91613,27750.93981388182
85308,10381.8084561818
105270,21371.408297487265
90212,5555.837382549751
94127,20345.446023235665
99422,20118.42907586789
105583,9696.381289505223
81264,30985.50483621837
96205,7292.270632925489
105242,27748.49179161253
91770,21039.75707186879
101725,13557.006587308028
108296,26075.60815266598
82556,11718.779301746054
93282,12829.608159145111
90749,23989.271103130777
101708,10646.048551402562
98952,10028.332492360129
84008,7152.896736279648
104420,24645.545271802148
96406,8253.830580326246
83723,20731.25627147334
97143,21302.893991853285
97025,13612.550406241158
81322,70034.38515251716
102314,8280.799358393697
79427,8011.501081217673
107605,27113.76575999215
87036,7215.102561475238
91115,51178.97780011544
107095,24120.65682747344
86726,7348.219582891163
89311,14302.28699217528
85612,6950.315172336717
78297,12605.257696068704
87140,15815.673730594594
99815,11916.182636459129
99814,11721.416754187789
79285,29224.724831086067
100846,14163.824026761022
83155,13330.73382079746
94858,25280.91194198929
85781,14986.64739965856
92914,26861.64541025871
98443,19217.694741910844
92134,18409.19930819834
102425,11441.754182620709
100338,7481.941237541683
75995,12478.224020472631
96586,6726.08439036547
76467,12044.819148227552
79386,23321.803631640832
87549,9741.07846631648
79953,13671.018229532663
85516,6462.555949911884
102251,15821.01004478724
86747,13722.138598345056
96255,9522.882069097146
102580,4175.9845858619055
97573,13254.119041548904
92803,16785.879157070623
103185,8098.467833816982
93477,22567.81132532413
90488,15739.764230337616
103256,12478.620828409415
98259,9349.308435192776
79168,26470.509239430983
101416,10021.574630554756
84088,9979.883424313724
105807,22129.457982403444
107132,16556.220660033236
101505,13657.313597061016
96102,16986.578404374137
80342,21713.17489170614
83221,7620.307587861442
87186,18724.187096679398
89162,16404.11898437246
100282,9239.796184265831
95292,29121.91940849709
95878,42251.69586373523
81326,13527.584926353782
88518,7994.714519499208
108243,31790.744219582462
108026,7038.312580620258
96751,11328.29824662218
90571,12434.91520352622
76767,20918.13414927297
87910,10448.33185372199
108470,12632.494604994794
82634,6549.292505454043
92666,30192.519820535905
96690,16664.514811818102
102493,6286.104286875623
99491,21378.01609044922
94959,17329.564353156908
79015,43743.69955145051
93400,13719.848771768697
90577,19326.606552066427
83608,5696.129851935951
101527,8788.799266728725
99227,8692.76674468114
105333,14477.25660457384
98720,8788.706335033057
83359,4653.52521332464
95498,16142.387467331871
101019,13418.625173681126
86045,11520.62819113543
87546,10994.290239695729
87526,4850.931292104917
83304,15252.191123801887
81244,22154.93706661161
76248,23523.120566129503
90107,10522.971869858393
82584,8150.760292884314
97783,6894.152960131672
79048,15032.007743426922
94531,18952.584833047044
83872,7626.666412532086
95726,25892.25020203441
107362,6941.029119604541
88562,6295.720270420536
105680,8316.763366598188
77859,11464.719044133502
82802,11255.31437328132
100220,6477.499638689809
80149,23443.37139347589
78826,7679.022087105499
92081,30224.858602299977
90008,22243.24185449481
86319,13449.959081171704
93624,33863.101076711944
92325,23389.97012869812
87857,18991.16736634854
84996,7863.234019190064
105536,7756.0885868079395
86209,13406.412006493454
96095,21023.9934821116
78426,24158.81891002708
80287,16901.154258489834
98154,7226.24807448128
84049,16738.231973483755
99005,13630.54904514924
101228,9285.010806139177
79488,40155.32964687676
95378,27288.80325390323
81740,17098.979388849053
101394,13323.12879698653
102736,8834.279823767512
75993,55910.81835610672
102322,7750.396872492407
106248,9179.829145832597
94377,30691.321603017157
102281,7360.148819540926
99028,9703.51718740537
88725,11438.167653345508
101290,8386.43566044227
101436,17119.795782611036
107395,13082.812426659812
83696,12600.4584700591
87319,11977.04848652344
77845,8917.027346697043
94163,13046.56140366167
89778,12438.016917853643
81251,10226.666751203144
88855,7162.913115579771
99680,8724.037325238736
94593,18368.642607082256
79028,41311.08538214393
100784,7555.233868647525
90856,15152.887047001062
76836,21941.44321525623
105944,14327.824439137086
76844,13906.788756474634
85377,9921.693672432932
102613,10168.62138487614
105832,18813.413444383372
105173,13342.147091825758
107270,8253.424147225276
104605,19204.53336650832
93776,27568.164936623383
98145,15115.9407591907
105384,6497.519098136514
83797,13788.923517233798
78439,12041.609122279317
84850,18114.054002555727
81348,14620.830664529156
81586,56795.02084178376
97554,3650.8920027958857
96691,6479.949342858012
100073,14716.162829379527
89195,11076.42425906348
95919,21116.85715276708
78872,8642.358644252012
91100,29072.828099659564
80008,15861.485358514632
89155,5968.351446521606
79002,5055.7237868137
80103,25653.20522932006
95722,25846.300569700456
92248,32971.335806281946
104759,11975.038408525605
101435,14704.599053262147
95367,29109.71482911847
93611,28210.465405491203
95610,34520.57771150046
87950,13713.10446593355
78095,23244.822964297426
78646,16639.94129018564
82091,19959.316502458823
103774,15449.232007836592
102660,7380.2034656976175
92256,26385.34240004107
102733,13926.81659537947
95698,17080.22570893191
103008,11392.57679707938
76310,34965.13159062063
102230,10420.872126899994
108434,5156.585816736097
103325,6514.24385364817
89871,10382.252698917144
84888,12079.697070076889
94838,14080.832934603988
83744,5976.938951361452
89112,14248.96698365552
102043,10330.15396752362
105254,12496.278390145457
77814,22534.8387998025
92390,10644.237580289198
106879,16339.964473605689
77049,16596.085565067133
84476,12754.712951975918
81372,25842.715579592543
90236,9019.07581016256
92132,18241.98017586788
92240,19597.218566953565
95286,27231.14918094113
101750,10091.759089438025
88817,17444.53876186991
81131,21047.49826781441
84244,13316.294801796696
100801,9207.945676047902
95844,20364.631739258417
83870,10871.046738811092
88723,13753.123442571616
81243,24065.209694619167
100385,11482.631082139882
104717,18546.197388026303
91235,13801.587348226903
96520,10012.690820550952
93381,32601.486588670392
80691,33160.477801145484
92000,30561.967801958468
107035,28949.18752182188
102138,12156.710972015397
84605,9607.034728824185
79297,46313.94391032331
106336,26844.28986268819
94253,25322.48098604193
79716,21249.23132544074
83444,8104.149968898094
106618,11474.85141249745
96175,17274.39003129729
103007,10327.043206280265
83413,10086.804363949956
87204,15956.624127198393
102288,8118.648026044773
80637,24823.62799988831
102156,7690.166594568685
99444,5704.781300977362
88292,15188.024726001617
88382,27591.309198269868
83149,16658.541436202755
96173,14663.295885646072
104005,20054.330218689407
78097,16403.459422375116
79949,21361.18031377709
93089,33924.45255641651
86142,10887.378257292932
79736,12378.56232330548
76052,22265.52838316528
80534,12558.439093383226
86998,11059.884509102052
92690,27322.628483924047
88656,9361.053788547702
94395,23005.670988725236
98447,7290.765760477042
97701,16554.290739309698
92140,18189.41740938072
100562,7253.714963644332
90947,13337.3966580811
101174,8612.313645126877
82150,35669.53344544301
82220,13684.709712172733
99327,3977.9828955884536
98695,17822.02378857864
81373,18223.500973873037
92571,11455.728249844418
99568,7569.656024164413
80774,33877.76062944005
88548,20314.441704399607
89214,16092.161840384351
104968,17780.190528845233
76079,19128.02420866781
106643,16530.483957267927
98760,13008.314339288465
79377,18608.50032782024
92075,39210.97495703679
83689,15300.939258721564
89321,9472.550452173542
101772,7840.68079783244
82498,13878.266468742524
100293,9686.350939517955
82360,24187.68154874757
98921,13398.568333207446
78949,31979.55039686516
77501,15676.377994154363
93322,26111.684169261775
85827,8237.25607853613
76428,18133.36973131798
105249,19122.331724837783
93940,25496.26423481528
85259,15789.631400198352
95570,31107.836985930648
87993,7741.49868254672
99558,8027.324361280023
91277,25458.97831664848
93825,23723.433528657908
107121,27424.361745979342
104959,16899.3334214624
96364,13189.922067464846
106601,16130.681207177671
106375,22448.431608931016
79619,11109.783688229169
76473,16125.456432289971
88184,10540.466162419074
92530,23051.61812769224
100669,9512.601423045451
97656,14635.331197463089
78071,28812.555601856435
89316,9141.968936432124
95061,22383.97897902704
86189,12795.865185513152
89553,17495.356221860107
93106,33383.62970416212
92968,14278.70823510894
84025,27416.913437170948
107972,10147.623130336726
100646,7153.353869157631
94107,49770.11164037953
93865,15644.26530686974
96199,20331.76358160816
107397,25086.99566993043
100882,12308.422600078502
104739,14254.49083474742
85360,18363.51154052181
85630,18351.93221682389
91862,26834.577921470776
107207,22408.193831447283
97162,6921.252987243779
80025,32295.80888100509
102082,11093.394872132149
85267,8136.6491057180065
101929,11864.35700418286
101500,9471.065218724378
79709,16918.72584814061
93972,14753.256854205873
103035,11558.180435120505
99214,11788.744290648256
90020,15350.203984891352
93078,21123.61294345977
91474,25369.211864261182
104931,18231.42154227928
78728,26353.052145931066
79185,13399.221374460312
103871,6963.756682531427
91303,34025.173565158904
103205,17141.117892146107
102796,9267.539429927376
84381,5709.078801206874
80694,2299.1070560085045
88412,18875.925578976272
87437,9166.400117745978
81938,22794.839521501985
87557,7776.366299129722
84227,17328.5540853873
94972,35694.18937875546
101329,13347.56677481196
80069,41513.85752834316
82432,5945.734759072742
103399,9923.174980794049
77538,28585.9091797878
83684,12810.565210369248
101430,7271.884527393009
104322,16853.612215041005
106856,13402.724702438338
83084,10209.440361153567
102179,9329.240270674933
91752,24080.81309626431
102244,9993.054664018617
100903,7429.303195797276
87128,13020.512778431324
104654,24071.98664190719
98265,4969.801311738343
101764,8460.8680214046
77753,12182.18956630085
93483,33622.53576171167
85586,6946.744678290446
83436,39757.28666705692
80395,15463.135377043896
78652,19335.026898027805
92985,12760.000658796253
87343,12838.68212406397
94390,36093.4139048005
94485,35555.04979264716
79564,20690.468560047502
106104,30267.870813407502
84557,11580.21448392652
105524,31234.21444257799
96622,24005.930083779876
85389,12916.863439415429
78029,52298.89232375725
107904,15842.19289333051
80526,42970.66629799205
102233,5913.484700094968
86058,11966.50616490631
76614,30814.04261135905
81334,67236.1949689886
95043,24928.49289331584
80400,14047.912521222212
100114,13047.10968296432
92049,25395.412606120983
104070,8329.406106386363
95487,10824.676539854348
80402,24841.251172165536
102682,12072.791501013728
79747,13454.161200699958
97331,16985.82504236867
92573,25453.841221125556
81827,16292.982494101523
99721,5976.475095543812
87560,20052.91979137361
101447,11491.132423306197
89027,10554.886017816209
100905,9300.98938380466
86467,13477.694987931667
90523,8010.330871825133
77588,26823.888960143315
79946,23636.92932719081
94096,22188.644793980573
106481,9578.928019706393
100694,15281.12359330797
91176,59987.13019027677
106878,6766.177620429165
99871,13352.175169861952
77534,11375.129743286385
102006,9122.557501202147
93356,23845.34876424616
85788,10182.42105884317
97108,17661.556438385334
93129,18561.550667825617
95168,50898.21404581172
96578,11030.491663110945
79570,12312.380521753525
96604,15518.005195570982
76367,8326.333566181325
105065,12953.26225339703
90635,16865.065261852676
107221,11948.624712483295
80375,11530.380849652422
94421,21754.418090007955
104009,9420.53459891594
84804,15847.278000981034
92074,26605.05058149864
103678,4748.288536268814
102350,19229.13299940988
81690,15915.591920858047
101817,9500.71600253569
108275,23839.485729559117
78030,16292.731067737692
91570,22955.92736789651
96746,8110.036824071079
89748,21260.041790916417
107889,19364.56794739976
88402,17670.150529320217
107789,16278.710949152264
108061,24200.87421165904
105143,15359.97128900874
107488,25190.916276347805
100812,12433.437978312211
97830,10653.683644703113
100664,13221.15452551038
80071,26608.027313633967
104550,13325.713288261428
99466,9611.423106659267
93777,16031.463441566508
108105,10568.133544194472
90322,8356.550615800665
101860,13517.925885739947
104129,9437.61634617822
77381,16413.562988845853
76946,37330.636717336296
91556,18795.66706614144
87190,9417.522776415264
107647,20449.49141387958
84177,13090.162665419535
93266,29777.05362809913
107341,13096.710800648263
92693,27256.92822315994
101292,8598.114010828833
79651,17587.684934556877
81654,12460.54535526074
89688,4288.649294392352
107423,14106.526272682777
86626,14048.09676984941
101633,19871.129366315065
83827,11211.175983732846
106678,14957.825743389
93756,31456.37589734247
84185,29864.78779436548
94867,18245.193180108603
101062,10309.240046120474
76567,31216.87896251311
80522,18158.47974576978
101932,9413.24804391174
86016,13883.760771879057
98609,15027.002014067864
84081,10456.159509004005
78446,11420.627518051264
82074,20066.351571232703
108374,30608.21085605133
77895,23560.316988777435
93416,21126.048009421927
89357,10218.676455979705
106786,9797.166971317756
102766,12152.881629823429
82233,18515.29690106645
84115,10338.788634017255
98073,10804.64944775124
106198,7560.865659863017
100335,14945.20232562356
82169,17316.370171449365
101191,9415.592792711928
94584,13185.783619654294
81980,18334.90831997889
93574,40135.84923630678
76934,33750.05670096275
104181,20821.882646806225
85205,12672.306717005562
101304,11842.014804760216
77927,47936.40259293583
82028,23670.53333814875
87191,20689.26369762692
77713,13561.059380733584
100414,4878.704714766498
94287,21475.313434364176
97941,9802.741532837596
93702,25200.743284596432
91433,25384.279154965283
92420,20040.428256327286
88433,17070.34672380986
91656,32742.34236815778
94313,29361.52871368097
91218,14492.024435542182
104418,17833.621821517285
86375,10257.711637106306
97556,13275.107611674272
94514,44311.777609966266
79165,32446.78645096848
81780,16733.312522556073
105424,17281.7124039275
77427,14154.571397570046
78626,20483.322965581687
85465,11467.6297072228
87616,10523.525157584758
101667,12157.065907364902
84226,14013.921726041768
104737,19274.2723262364
95041,32946.26119499364
84070,11789.989025979074
79071,16065.901568840054
98688,8996.94620086919
91104,33752.53499181103
95301,18280.55396950794
82795,5942.003550036328
76606,19884.507131462677
94708,27815.875614836863
82934,7341.75544578544
101243,4633.755634786965
94629,25207.562905964463
88235,13528.305086020977
78913,51883.69797922841
94480,25110.17217445759
77005,15983.370702970806
95511,22935.55921983652
88879,13020.871547279648
78396,12496.338089924137
99977,13094.956971042247
87602,15440.333199533672
105439,16258.808546719963
91094,19436.672774537867
103575,5692.104505867421
102840,6497.191613861656
105367,10630.771426473731
91884,21207.864737937856
84572,10854.71792174892
96544,8262.477834701971
94082,34673.97427418445
95510,12970.360701422816
85718,7698.942330686439
92527,24139.22570972181
78855,14476.051549740316
107521,15649.18182403342
98876,5368.003168240233
98440,15168.9224447717
98714,10533.92697325982
100643,13651.38613477668
89570,6936.337565003873
94168,42863.44501427622
93299,20987.26997897497
96033,20694.61630907222
93742,18596.039849315817
89946,14404.972620466113
107741,3781.8378041349297
77268,17398.71664211581
84848,11692.972703812877
92323,33639.66393960705
82181,31731.96155469377
102252,6739.244748350434
100240,9931.484344180915
90422,15781.205016999724
103145,11028.520570918938
83333,11705.150989445938
97103,31409.20013603048
107379,29746.033040240836
94694,23796.336508122266
97339,29668.91581349457
93104,23295.907085159197
88194,10194.155152873624
81954,21633.421805764134
96391,16903.533007344762
76563,12230.89772027612
97630,18092.835198434885
80201,24352.91949025316
87854,2442.027937075229
102312,10401.506604711758
93848,24420.119820216125
82542,5568.76081705062
102300,17584.40499613614
97229,11046.947522472528
98907,24395.15495585137
81238,12283.531260738648
101377,10563.683838077912
79109,13017.568768165924
88044,5311.074847828409
91950,28224.75371715873
103403,8601.822893232373
87611,9576.57189001588
98169,15569.853020439705
84352,13660.434686845892
91787,18603.43276674534
85668,8088.883731192719
91287,17706.032759875052
80289,16672.54821728722
80647,23473.427035113404
90612,20210.97778941583
84941,14787.677783525534
85955,10538.170264828746
95019,12619.86028182826
92685,18729.939088145715
87156,7815.49552649648
98300,17926.675095141414
80737,23776.828798037885
92849,25662.202503950597
87490,4640.694910479797
106168,19364.98499612492
87014,17891.105741278294
95822,19189.395776617668
76797,14218.452820777158
88416,17381.628936034696
99974,10014.7822422329
79248,9198.778161409857
93969,41548.89473534671
104746,23484.29407451249
101092,18313.267047137844
104076,19588.23627315625
99087,7241.54367747546
93808,33241.469254958225
80849,29283.08175558999
93870,40892.544116333
97218,8898.888449107406
85690,15318.229911179224
82581,17857.802125055583
81062,14704.192509650911
98925,14200.242432571176
98116,7803.167137876239
78229,13454.0452011641
77717,3585.088577881893
92227,25509.180186170317
97525,7363.095821937894
92015,15145.507725379855
93168,17024.99222768147
76841,20789.674765934
94920,18999.93748934249
95188,12362.081241275926
91909,44501.81301730713
104631,12174.425609028538
91186,21292.537273817223
100465,11573.381356045324
79253,17558.778170955648
97133,9790.274496835877
84758,9520.490500120715
83113,9227.842181833486
92012,28017.660856693128
97730,10570.952508905091
89579,15777.794124293914
89670,9614.035265487346
98105,13408.41928505073
79497,21836.272090697992
85954,14030.785147955834
90314,5694.213865159494
81052,7448.022717775605
78531,14778.53102643615
97791,12846.539089435451
77746,22183.137805008
105318,20771.55433656183
96956,9824.896418814174
84493,10150.322972968994
102164,7945.179425754739
84640,15904.570484362266
83292,14629.861864881132
80446,29602.88384939389
106883,20292.744543387227
96822,11882.408707687748
99282,10131.256854196508
94359,12020.87103492567
105084,24494.500063212145
85908,14325.109072137711
106431,14361.809409460497
97313,17087.19849934293
101268,6131.49110557735
77989,17789.51714959545
87682,19520.84460994199
106611,31679.052511129667
107890,10686.200398022374
79578,22746.36165397647
92372,30937.804547875643
93915,28585.048255073256
85425,8869.96817538041
80577,9563.245489987792
87561,15130.304985631006
82120,14242.656991545147
91633,18940.0545445853
96970,8798.188894843986
103356,9917.830841783452
89416,15803.037172062905
101155,9019.825455724373
104222,20645.821784171465
76104,17325.801040079168
108362,11949.550014897555
80616,42561.38212826173
98659,7334.280009438767
76470,28195.65087976412
86501,3976.682127136628
103166,7262.397742869898
80799,10976.342017694738
103699,12233.739206799712
97005,20068.097116888923
89375,8930.600537852444
89434,9632.865350001288
103114,7952.875733074145
99021,26130.015750893013
85368,6299.115112182436
98207,8616.063631419549
88420,11984.09626044042
86225,11746.276804734676
107761,24647.285003150617
83146,18905.21627540712
97834,9083.661218324569
95729,37531.8005446474
95480,48214.20778605584
76736,25093.848113898923
103683,11454.095170584926
96410,21490.198857208343
101570,8588.94477061976
81039,12265.69886385329
82813,16740.518796480206
88704,16610.76692764262
77926,16008.408590292607
89560,14725.303686440157
98902,12532.68962112572
105164,29269.56807148412
108109,11635.770494289114
84480,12414.84070672785
98239,8870.485040169853
82385,33631.34487176051
91637,35168.79915180369
85732,7894.03493295462
90790,6574.86212842126
90251,6831.977841771317
101246,7824.389502937489
92962,28314.26175142039
75988,23092.249527792366
106880,19445.464497936056
89844,15100.42304161523
79925,15481.780426205123
76282,19470.17866548116
85648,6526.2593660932025
95507,19530.24132905691
96605,23356.31176694326
90201,8917.895269429337
93506,25322.666539991857
78490,12801.328331875286
106831,15855.189831168593
78101,14209.441121006745
93059,39770.64255531268
106820,9873.821230004767
80839,25588.14749830832
76695,14446.989477546776
107678,10466.000465870142
77084,11234.745050768111
107856,14805.745926641555
104446,31592.506137259268
93306,16408.073683236435
76610,31544.667153966016
94451,19594.07924858143
96510,13949.022484587864
84861,19578.1478693857
85787,23231.92119755895
78201,14647.724465689344
83353,13477.21852289198
106485,11873.5419303329
98115,10175.116304451458
83852,14457.54051256095
91320,26843.825878464617
92427,6492.112071496527
83851,18442.975277594
92011,15623.390127374192
96043,7763.214671046968
93535,25582.598064096248
80183,29026.731551696197
99075,15286.665830330992
107932,13754.913321051295
98968,18451.259518939965
83350,12673.117716102504
77983,18534.33628648132
104722,20060.72432221259
101213,7657.685601781237
99670,7822.952640380805
86163,17856.29475685351
107969,11937.718474512203
77875,17641.60702166023
86254,10060.816131836003
106709,13265.398617520652
79732,24505.51931859178
107841,9108.379149544886
82222,18293.93856804877
82020,15048.508685849314
78930,27237.63371717986
93446,16083.66636148177
82880,11683.984576941502
85724,8250.690822294313
97629,26523.910847719984
106635,21765.730567332703
94103,19580.149812024632
83051,16149.17100415122
85087,10652.674828677333
76917,15770.825110244405
95037,35612.242848994145
99867,13078.535497281706
107425,27668.63928009711
85753,18418.24496227985
95099,28736.235435063754
81950,19159.29456092328
87493,13582.810655096258
84035,11209.396860594094
98743,10991.95891464081
84532,8958.936698046722
106827,12910.047677825278
100006,11024.028248893736
108013,30744.314525574548
102898,10846.947505549144
93509,21304.714933246785
89759,8661.116739983161
78191,26403.169947094582
80286,7635.909865418296
105908,22768.81181487516
85325,10760.784784780331
86177,2357.837963886555
86780,15891.65239128018
82738,10550.659392112972
78918,22925.463808182853
79161,32745.519524984986
84004,8278.485827721917
92541,31310.71688758532
86047,13662.74883580912
106538,15125.452644205188
96648,4969.181592375358
101018,8053.424820887747
97019,21682.219633258697
105288,10271.08824620022
103441,12031.875457497776
84757,17963.371203314946
107069,9982.648376707435
108356,28094.310843728843
84436,10049.804710380407
79898,20364.22962718924
84703,20276.05658839336
101219,17226.85535396162
99858,12232.081279632215
77333,9959.133582081717
81923,13066.185822487583
85116,15059.33261916102
106149,13451.958981870932
91228,19421.09352998557
91512,18879.477005689685
80878,21299.52158807069
91229,32316.429930909188
99181,7092.327964315358
97944,25649.701426352756
78314,15063.057400327045
103087,4969.691257353206
98170,6995.380637916624
86475,7680.323066391378
76501,21206.56859909236
87632,16749.20522203466
78342,21121.232789839163
99723,11358.339674776991
87620,16162.121270322132
108111,31433.813326451807
89385,10159.445030188735
78604,12956.604422220453
87199,15868.99260032598
106661,13339.29738286997
98162,7150.88083605057
95522,15275.076966503057
76276,12036.234861282588
80135,27540.55898702381
98199,7253.395573906955
97771,9341.01687112496
80509,45059.25678881485
80570,33215.42736818343
102070,14360.314059357055
87513,12477.936900933431
92822,15347.01840333757
85443,10582.250658200352
107258,17298.384834086835
90876,18697.61850477338
105021,21519.622411711625
106246,7328.4973789739615
102213,10257.518178281258
102502,7100.9231705649
97859,13155.744175248255
90858,16408.390293086733
103900,7084.159389640679
101159,5538.449600801014
79882,11736.173860728926
107307,16763.08076561592
91892,15470.328798404076
77992,17463.46615381069
103300,7703.774129786168
76540,39976.66674953724
103225,6946.162294074262
93202,27139.39061052473
106035,9220.328287833434
80459,22892.366592083166
90377,8536.156644058785
94302,23718.250321962863
107598,14816.234661725695
97476,26761.949443759942
96871,17280.062579929938
78543,15623.274292080658
89215,10239.010418696407
87251,16040.359469323355
94113,19176.205922092005
89499,8491.283295877196
104785,13056.076539346008
87775,19569.933872402005
91882,23285.40259183773
79256,32550.75378897888
100717,10945.76419950891
104470,10612.871715325924
98732,15065.16993074547
82547,6791.06218102074
83776,8736.899631576905
106546,19287.32895073802
88539,10937.112306355424
83929,16973.148464603968
96026,6332.588137807531
104011,14451.207303436047
76131,16281.398343898569
91826,39043.91609014626
103999,23842.19471037898
82675,18793.689986939506
94439,25009.39640623741
96307,10932.64912005769
78033,15128.631894513412
76854,14272.47175911723
90036,7020.773077181457
103891,10932.257116757752
101263,12244.04273101098
91712,18960.862947770736
80856,18052.74527696162
95058,20322.139549777407
82735,7916.118906826996
82588,21925.598110334293
80775,50107.86869839732
104524,11602.787384949374
98431,9350.878555137702
82272,23670.642691709905
80152,18300.15654862386
99115,9650.13131733249
91591,24890.96974671216
84573,16919.796484996103
96777,10941.106184070588
95331,17101.811160678208
87492,15868.763531835051
78031,20137.49379406799
102367,10917.531159061013
105139,24245.178558045773
101793,10236.691384074871
82312,31345.492091016604
90663,8401.268140775272
97827,14413.2606659232
85812,11299.60900003707
93839,22121.130898383533
92711,18140.03799070051
90705,9475.186140049633
105089,15413.03005987258
97946,20040.67769389442
89744,19939.180445820763
91047,22889.643451547046
101166,6667.3721562472965
101641,11450.891645556025
96865,13222.78242701208
76615,13056.01075933058
107736,16477.565341349928
101285,13769.924278578384
87016,14471.10695864899
99919,7235.87271696957
99314,20129.068360818317
80754,28242.147314469847
94215,33784.7095193293
82552,13963.23728455826
79696,57867.98054462718
87903,10539.909279828882
77373,20152.16304374567
76494,20292.45364077109
80003,22337.151866168664
89000,11252.210964710215
93128,26220.99041030301
107992,11467.621251926064
89029,14232.306997534257
105461,20504.236301035293
95945,21745.787316999864
103106,14883.803507467615
96246,22549.82528836769
90428,6992.599486335121
88909,7904.606064483683
85222,11780.361334841306
106888,9863.092696156147
103117,9438.243254724755
93022,22971.619061777343
103375,7475.381005138304
93229,22681.57761623979
85603,10423.473617054917
89869,9889.968062494896
102338,7961.36457801561
82631,13197.945862238385
102687,13332.086990663747
82001,23437.82627744381
80204,25028.131372063388
76279,27701.379758799994
104066,20365.74987283668
85918,5383.24064176771
101590,9140.24174848874
95375,19802.129563877552
77897,11699.757020890842
95209,19639.557732663103
95921,19658.55188534213
105769,7915.555367927506
97833,22782.46125643152
106557,18820.646081173763
80274,15455.909988182537
91786,24903.68542076292
85350,15717.408150881847
96217,15420.16599839561
86429,6508.604613488897
76233,21607.493664963426
98782,9274.268328158949
77064,13047.118009629154
82904,18315.52451363305
101384,10649.49216275774
103541,7555.443394303449
99625,10972.775527700798
89436,18876.96926715318
92889,20490.521527183948
78390,43187.00600114399
80649,19376.48934269599
78894,18444.72985731345
100312,17130.524868084205
78222,20953.14874716905
91392,29692.605760267143
81452,11586.17863607552
97819,4151.334840079368
105008,10581.572651032247
94993,30511.235952488307
85430,10470.732492249725
94075,53715.058191668926
81246,26604.57353471598
78432,26385.88691671058
89458,19071.643992268466
86520,21147.655596799617
84594,7180.406587006528
87131,8723.189439920503
103493,13315.803057819196
95302,15436.348071025155
105156,19772.77184683523
101489,7582.318352895709
105619,9050.144700725608
81460,28669.93189209116
79311,13655.092740012096
107401,24270.236538294517
106068,16344.40202226859
82033,24256.17511002052
93749,17122.387206211693
80321,23693.341595320293
103609,11776.820360025557
83443,9363.6237071106
79664,22228.89832064863
91263,22046.34766584597
80368,32884.05892007793
82178,17081.456677559017
77812,25681.634210718028
88159,11333.43069913575
107356,9996.884861783772
79312,24895.92416051343
81185,27192.56862674394
103927,11201.482782566198
92977,25340.868187740634
94013,25926.58594689884
78601,18658.27409860983
103250,8672.756834609085
90673,7217.788967399591
92757,36363.20399754057
86876,12162.64263842965
99148,9887.887644973916
77972,12180.71986888935
79854,7157.8276059077125
97128,7695.019806245544
108059,13281.623540966755
105613,18029.197352081912
94727,3643.181000461801
104783,7171.28275293433
89446,19620.541968576897
107306,13412.1282750643
94890,23003.112289464247
94080,13585.878269987348
81720,22581.507397749017
105157,21080.34296461469
79438,47796.3967692847
95275,17677.809497928545
86870,11878.705174400504
86336,16045.129376590714
95031,28357.17846581684
76727,29171.604024458647
76416,28085.161934704167
95523,23205.35867009391
76945,12079.16438942456
92733,29210.260374837344
87625,17539.726862521868
105282,15933.969328065708
76798,28579.752921570274
93061,22067.743372045687
99449,6500.473852586186
88177,9030.1297274014
89115,17049.971768468044
97192,9287.488904945843
90003,12090.020596436796
99544,21707.75985309015
95661,33422.60998903601
86502,7346.581094567641
92299,12644.6979823384
92164,35887.56707624239
79415,13292.454854120764
82793,6693.562251475237
96761,9561.34945627427
95372,13988.59186147853
78310,19661.25452694457
84611,12729.369235356136
79039,11816.11518349936
83955,2279.316827478549
103422,8027.844023500205
98290,12541.118747568751
89786,15567.933987367824
88966,17502.318324079573
91692,14672.842582299254
99720,10565.269917474516
92291,29176.239487339662
104283,20501.047737782745
77907,34439.79296471957
80667,23575.91544686853
83714,11063.192479891784
81499,33775.978643235096
102870,11191.082317670156
84245,19099.73506622585
96709,13271.017894068747
96985,12680.570818464015
79739,23638.634835157187
101167,10738.480600655012
101412,9087.706932107614
97207,11811.633630237136
77022,14273.422295399849
97267,23453.071204059182
89310,10383.725461694132
88525,8084.202672501635
100951,13046.847504105164
105401,8320.663147476567
89558,14010.39692834194
97593,19849.36248450287
91993,24391.44506305752
99362,12686.083516220056
86021,9644.673373785425
80590,29691.04113907203
76881,16424.293104556404
97173,12242.110078923824
100208,15730.321659485757
106111,17605.967707426953
94771,19409.20811318592
86006,9770.838040692744
83246,15445.467556065138
81624,20430.11310015942
97158,12228.688371581113
90839,6266.599326522583
76730,11851.890897583004
95912,36773.394312076496
98742,13406.571127955976
85366,11157.754089660855
88971,10093.107568586156
91073,21623.74800717877
84276,14349.804562493347
93643,28410.42753890482
77674,18017.95630621148
107054,20060.62668635141
76029,11666.616027205848
76703,21733.09686563129
76951,28807.844969296217
92952,23761.332269334365
101165,13493.743884663716
83703,16951.752670470592
102514,10852.90520489351
84274,18033.23334283993
80933,14253.795609199544
89802,15276.716161409777
95459,25187.7577497906
88242,11131.31639759371
80337,19587.67549685173
96758,12563.08454322284
81706,8931.732248384958
92861,32522.23129521227
97057,9691.907466607696
90369,7781.244055475009
77587,16817.947034037956
92265,21756.76200895998
91500,30917.97270199136
105511,22320.37484731163
90137,10899.187018884368
78339,23810.792355911137
90208,7796.664388314923
101548,12617.259244087896
79969,33406.28224545446
83047,7384.4436703306355
106469,16580.733021000695
83513,17678.23916288703
79652,11009.134416053192
93970,8390.984148948528
95655,25874.545039240547
93966,13654.667288445788
103174,9566.380738379734
92732,30205.800911022325
104052,15898.033487777058
104427,13254.19196547056
81504,24430.296420690327
85835,8090.154616008335
85265,11859.977686535076
88872,9996.3604173704
81581,29619.20165669366
87525,16448.490282152172
95242,14198.566450874005
84066,8882.451600612072
91130,45189.42093353719
103798,12218.474495960634
79777,11381.67447789089
96975,13338.682270731715
98657,9553.154576829696
89241,13568.365059200383
94846,19055.6105938078
100346,6131.695415101726
102570,8386.242789342676
86462,8836.620071661086
97934,20162.57389185526
96947,8119.890383432201
83667,9703.201020967825
84928,12876.21373530694
107956,7327.89314723903
98949,12542.430074702608
90998,9020.598883551149
97708,13104.679422633091
95416,25363.95212194541
78313,22812.39588229556
78886,22599.74401160906
104031,19721.715301468248
105160,31044.06878341838
103659,11385.9532457296
82200,16822.18661719301
90814,6528.587255765836
85367,10940.510473853694
83180,12010.097555646777
106202,14279.854500379435
78450,18373.37712052873
99063,8594.549492605453
83877,5325.050023974835
103411,7393.490322192214
108533,19367.95587671492
98123,14019.239611951594
106850,12440.17904447566
100148,7933.752316254118
83012,3488.8433732310014
82410,13131.967548054929
81994,11916.51872965726
77099,31803.090299312025
83281,19417.55221020337
94288,21215.1243889864
103702,6918.80617439458
105076,11457.749804836045
77642,17660.19166109358
107183,16668.433219446903
106615,13528.375612107468
84149,10215.774647959335
76911,20176.51060262821
104162,9152.251851235644
102563,7339.976409494095
98356,9016.951864452018
90601,17206.65598291114
86307,12926.512826417504
83892,15162.480125609416
86128,11102.111839548148
92836,15134.28530333783
77569,27061.939609006826
108327,17570.23818774535
101953,11611.4776853645
105792,25803.15621794902
97726,3132.3544316819025
86652,8832.140630292377
84446,6685.688764342904
96826,13835.622018760909
95460,20795.992881957653
86352,13448.621213673983
106793,13832.794079798368
87778,14144.08260945056
99950,7460.259035300831
104088,13775.583599313904
92232,14359.353585263834
94143,18826.20251670092
87874,8092.614957194179
83793,13362.135927639234
108182,19657.93994839652
102804,8132.237505654035
97509,20458.80121807984
96468,11196.359960289108
85388,16621.2142858062
76856,29190.65479620088
106114,28580.353362598973
92900,24663.53613818431
84771,10969.49316945051
87714,12739.093298997288
80892,21331.33226178056
91592,30457.868164501582
102842,11724.0215522954
107139,21010.205590614547
94334,17729.84152253865
86768,12115.005755385904
103414,13190.879583109883
92179,29376.71716811501
106474,13957.423699895977
86309,9542.71577572754
91109,10838.842284262437
78133,23294.551439127983
76963,15436.489114140066
101391,10609.485800250266
107342,8733.134945013418
105184,27900.292842398623
104693,29966.169195644405
89673,15857.947964666111
103903,9704.036122050042
88947,6739.553483346833
87569,18073.06089349861
76483,33274.85412121305
86102,9570.218516935514
106452,9445.913659369391
107976,17844.800877857237
85216,15655.846662467437
76812,26583.650504639903
90905,21265.81342649256
101716,10105.070031633735
106450,41617.710772126055
79930,6959.569560899908
80812,30822.813753500188
80862,22944.09519519588
103996,21581.74452197536
93119,16327.012311289254
93986,20508.731221163773
90226,15453.78773579466
104841,7527.51380306517
77115,8701.841854406584
82162,51486.29357433944
88176,19415.44636865915
96807,17812.46721668974
87893,16958.106473611108
96864,10687.87217972858
81129,13453.537288825504
94158,15731.790001667214
87268,18049.973861954182
101545,11666.008808020531
80322,14144.294415153265
95591,19931.03449197724
97284,1682.4824431683587
76503,18413.119985235284
102457,7467.821927324434
103358,13456.937612292104
85800,9459.522779265008
77892,12493.861250039512
86918,5742.406411248852
88797,7394.589588051156
101581,5750.635744039009
99941,8411.380816941051
86005,12180.30169397446
92601,26236.80533034201
77922,27220.401355024034
107005,9402.827654826557
92729,20817.438141215374
99740,20483.957623703936
104686,12722.263225888106
87339,12382.240425732803
86577,11940.02922808188
105913,39331.86684087683
87402,16736.18304697278
88287,7605.249213602694
86544,9926.71711402828
87671,16466.099380906693
91204,20677.986928446426
99618,15091.29523605817
93596,17787.842878050396
100194,2185.3047080009765
76820,29276.36717464484
78350,28277.56970136289
91114,19571.234689140547
106403,24362.82235648738
77876,17102.769852468817
92321,17863.08508051899
93803,10731.898238976117
95007,22568.0438869546
93540,20142.362235012475
88267,7825.797665579243
100770,8621.34657699728
79033,36811.25840250271
105481,10743.0053242572
92645,22099.526141922157
91504,16067.947461460177
103374,16604.691819154643
76555,30174.237390340004
106876,20594.5195980016
83008,7322.730333835493
103085,11659.254902787396
108288,22662.306809652506
78153,25561.679254285937
101104,11461.833896841232
86300,18725.826529031347
83596,18172.31524350933
92918,24027.50820615972
96263,13724.098506754452
95845,25896.968131232177
82174,9773.340092532828
95636,34104.85257502077
87859,18076.194244149367
92038,13599.732342237794
97965,12922.72515396119
99236,8809.115937173347
102581,11330.510366801802
88484,15864.826582850576
76734,18369.78970681903
107756,10638.939914041952
100368,16954.750435247995
92542,33391.52118152632
106507,9559.715111435362
94713,11659.42452452349
86830,8847.051703400712
105659,11215.66679477552
103299,9953.579790271851
77388,43031.85712471788
93171,32345.5547726689
95564,29260.15349163467
92209,19483.817841004864
103068,6468.519827866669
101008,10723.438785741855
101098,10435.450847445243
100297,6622.541703486306
100668,7840.317703832643
83587,12156.584222965625
103730,11233.404322073467
80300,10815.186322628684
90994,32650.825298036543
84749,11863.235429626342
96883,22326.514969166252
83643,17844.329556978708
101307,9404.194301669308
96979,18559.57548259412
96090,16524.10171385949
82603,8966.039485067486
79091,21778.450703912407
101959,12320.858254468369
101554,8815.024740676568
100961,10600.603036153218
82778,9252.897434772622
98924,6498.80485161001
85086,8200.87241125512
89149,7674.117152762332
89443,8176.161929896192
88608,16243.202783432993
108064,24910.439821118165
93913,19108.647924299195
104833,18197.18541366198
88819,9065.89044128215
105039,22693.492469211255
108163,14421.998646230551
78429,20189.314961232703
100022,8904.533329996068
99243,21201.74981159633
96715,12679.98990731942
88735,22724.91836896959
86496,9060.114391990606
90642,7742.718012140743
98358,6231.174373021062
91268,29459.71767190628
106457,11621.497440703815
87063,12315.617102367389
103942,12773.402394539413
101823,16078.048969303589
104919,2915.3444041085704
89192,21758.02087938854
78525,22938.105480807382
82948,12520.716935724402
97364,12329.432453088968
77638,17751.36907356676
94939,15767.80536064046
102799,13392.37996872905
97063,18384.69841592216
84889,14017.958996194848
91197,11050.887008908956
83936,5322.623153921948
88850,9630.52418010125
104781,30689.494025334057
96341,7553.0425128983825
77784,19399.94853659988
79500,21150.927838396776
85956,11311.40054793814
80268,7464.291831774221
76575,28131.376279882614
88273,18635.14480989527
96863,8557.969078635886
104149,13070.064760547482
95323,30923.212438753915
108521,12930.372819146069
104891,26848.93272109929
86333,6760.326491246273
97441,29894.37070846196
103963,13613.130705745303
94117,21141.829123632968
106930,20796.820811821068
96478,12752.698728116327
93273,19075.8463081059
90140,5515.253975806711
101752,13320.81637597366
102564,7994.508911480301
89449,9286.31222842731
82080,16758.575634432018
103168,11766.027759931952
92400,18836.264403390167
89829,16467.404477470795
100294,14566.163956908122
101914,12864.64502121904
91223,21441.00873363287
107925,20065.910793480536
108124,7553.964789730178
99736,26961.588553570156
106222,6494.622911734121
96843,6325.386334912937
86576,13866.23888228331
106802,20037.28485330633
101331,7004.414094672165
76847,12571.078340898315
82850,10348.72835755615
107284,19029.83101101863
77599,22045.476106188107
96827,20406.49166569704
76080,17602.211565672915
89213,15652.963156249129
91332,26347.06692010528
91930,26661.434658774146
96005,10894.572381274667
94637,33781.47354548884
76949,12093.888718298113
93336,21548.71384903669
79792,18993.804144461614
94859,27652.97374239341
87815,9833.4298839341
100994,12160.5077238238
103939,7946.726157277527
91674,30265.15740879776
81166,20819.6595609538
105292,18320.370527251667
76991,51946.10989253817
100176,15366.3888706028
100118,13278.875307981009
94700,17142.877566231076
101432,10213.215446677505
78373,21090.817974387945
82918,16258.389401235436
80619,21739.683845578733
98870,6984.084461566333
99728,46154.20132372748
100347,14211.226456250282
94871,19583.138188930978
76922,29391.532375055733
102057,5780.486876095186
106406,20080.37309799366
81647,35470.65828395775
86232,4628.599712044543
90976,29231.771022926365
101053,9614.049698230305
87392,10077.97600388086
97377,16411.05165957572
96652,16650.358325412282
88212,10510.73531147052
106859,12238.43185678714
92678,16771.549380011154
99554,7052.483790616001
92531,38467.09057893337
84190,11914.446582626371
98562,9354.815227267043
102014,8938.299837648041
105663,18108.884895133648
88795,8616.079536107021
83227,4075.788020282136
97436,4878.9011273516935
101846,9380.046851572211
80332,26246.276795520524
104483,20503.01101818068
97675,10136.364244576063
87703,11060.27141305291
105829,17247.129886371265
97495,12607.84558142479
97230,16916.788217989866
99232,12181.180834100336
108036,5591.331442027351
90470,16329.733232431088
91410,29175.933402422
87856,9642.577229238395
97072,13563.56099902436
98581,9229.637473286248
96021,18783.188542173983
104873,20877.924118353207
82366,18040.92600419641
81093,12218.220836193272
94091,18662.258835321605
105502,22068.84549342658
81212,25786.27514306257
78477,24059.210947883206
86344,9526.98833596146
87337,9016.684855850364
83364,12220.69365498058
105029,17174.451529452388
84927,16210.956628406768
92467,25477.300880465853
77390,22580.29801172828
91159,21965.005859999637
86919,12459.04779338447
87364,16171.065719085813
96009,14024.28944457103
80050,24361.652849623053
97335,20658.42307353703
82533,10309.12264423925
88494,10888.925059434294
101773,4501.7452448256745
84410,16973.385952621327
90583,10108.748128120602
97361,8264.732425429813
101276,9218.848679380702
92452,19943.520231165443
107354,8158.08613025257
78584,31198.70580275239
80128,12928.639547463132
88645,12131.075147594069
86622,10136.428509398977
81676,21445.41101204628
107409,23972.47322324065
101162,11815.790546307926
107883,12490.740212931612
84824,10828.555622141092
96253,13055.49414800134
80764,17495.09420318678
105145,18691.21525348111
76292,20468.924321486247
85405,7937.50777726142
105373,24451.663900878324
86540,13617.649567459388
91362,29231.018181117164
90075,10012.119598303732
81886,10921.241570287571
99080,7038.3620714862045
105235,12704.739603974069
96437,22467.375715654285
83205,12828.450159291193
94569,34535.81409057304
92687,35796.34810694746
85951,16637.273319036685
84977,8318.381225140965
86143,19404.561070441512
81763,12653.44582215993
92970,26271.8686679852
108286,11635.124305679745
99395,7541.691718376711
81779,22217.35130047346
82131,16003.926175329449
77833,12109.632459275774
91949,54685.64681720458
84571,13525.723604311746
81403,34739.602395248345
86275,11734.186944399138
98103,7351.935259783364
96519,17519.36174987441
102141,14175.2994240642
95016,30104.3516538444
102800,17455.030174478845
102275,10437.131669065202
79437,20072.146244817013
99129,3534.280445619853
102738,12503.383323751452
88502,14158.9475265601
83847,6149.596018320494
82098,29705.557633698525
97608,10982.314708246373
93635,48354.076101491344
107415,17097.991716629032
100604,5149.153989213809
95825,15209.563882828244
89837,8794.455724347452
90563,13946.152954083
87183,10807.536942211404
82030,15370.627698758455
100952,6356.411683498272
88907,6911.152915745126
108136,18116.055764016965
99824,7839.707512128879
108052,18136.821595536177
86157,19990.25388539085
95635,26056.632849232614
76024,24128.84852162753
92449,16058.012093923136
101870,16655.279333225197
85896,10922.3938421435
102465,6258.464106887862
80302,15144.9285207218
104316,7843.56739946971
95294,31825.91315093737
106995,42815.159002993285
86510,10774.19243640602
87250,11743.178378925728
86483,20774.246292518663
83417,14338.421899183257
99580,10010.632082468584
84527,8149.790632333212
86193,14069.315256500968
98832,17598.555463109475
89427,14025.275992878836
105172,10306.746506221109
100800,13612.565024537882
81313,16936.494691713844
98110,11487.551026908472
83944,12679.713793066903
91420,22233.128912056985
79842,25143.652471990685
98350,12000.166468741676
104288,20729.358988087304
96086,15039.388903644634
78566,22146.04943896516
84457,16831.687523038498
88685,13560.683812410636
87157,10682.568216272844
82023,23894.68789357258
95492,27544.61999809153
84139,5921.30241908857
89309,19978.85667127872
85676,8201.496335559204
94553,9240.363947638223
90271,6835.982906509917
85678,10857.79612854225
86238,7427.384289281573
104335,13555.09758995715
83609,16443.966879650518
92930,19520.62257192938
101478,7146.342592054626
86537,9579.750802174163
95350,19075.162278390388
89176,13428.238707089127
89383,11020.8790924577
81369,27422.28368364858
96749,6917.314487062218
95414,32315.0990965664
91568,27582.58039573009
92425,27222.33954608061
107079,26712.03901019983
93550,30468.123274668247
78972,23300.48935695683
80719,10336.603416323507
92919,22703.294922503424
84505,12803.235484524685
103401,14290.248090842464
97516,8281.587324932076
91738,16623.867705584657
81664,11286.409511421843
108017,11251.567326556546
94154,18354.72792477473
94015,24565.365545730787
78990,25252.240341796853
100198,8729.757851925347
91258,32408.7415463182
95886,19592.7395605756
80048,40095.93646470636
92615,24690.67991561396
92333,29300.413109916557
85637,6482.72552529144
100681,20298.98402717553
86280,8752.142662838887
88934,11750.34768421483
102926,13458.638129661043
88415,1938.4993152578252
108063,15271.25289013048
103273,10022.037374590484
79468,14278.937585499209
91285,16388.476796156378
99111,7048.379339346949
90686,8584.09547834566
77458,21615.81579652206
103540,6788.172850789018
98158,14439.86721429534
80240,34660.259112781685
93032,18166.25459235192
92380,15744.073622412703
91853,19836.13745719405
76049,22277.025183741847
98852,22685.71581423281
79019,12111.755212452785
78009,16077.065663816518
79038,19186.59498574239
106404,10560.285356433931
100619,3871.119042974615
82348,26617.301026775152
83844,8580.593108985795
101370,10795.492485805838
82900,8665.459595842734
77014,23101.852197215907
94704,32080.72945489749
105395,19006.93139842818
92471,27638.632418358837
82964,25234.32252547905
80223,68233.975409937
83523,11895.583097070798
84395,16220.736762966164
77474,21117.520159749525
94649,11067.06249164014
79826,10685.217446838247
81786,15191.589450641046
106749,14703.823682823897
94115,32762.629433827544
103835,9601.220304217084
83617,15954.79116778928
106555,12772.13551282478
86868,11235.448199724113
105245,7460.356911926405
107495,20982.19446335528
79571,37709.81935928386
100328,14683.748358644574
77453,26027.314454609448
91473,23543.07767870599
100493,13780.932785044482
83383,7073.002605892816
96482,16494.371329886715
91509,26713.376059862647
92051,35471.751952414925
82251,14068.231502290571
76054,13197.599839757557
105927,4517.101153856006
89426,12517.896788756523
101006,13944.234733192394
96504,16820.808246942597
89053,16973.175668923934
102578,16445.7783229273
104576,14107.33807560617
94137,19148.94694758227
96387,11481.439752385208
106040,16528.538449416214
79795,11543.982203200232
102216,8758.649705543092
106933,23288.96710726804
87217,13398.837570589729
98953,6482.927519095555
106935,12930.801670867146
108160,10453.917746464558
86220,16645.86785131108
81017,13706.751456663404
90319,6856.807770197773
100847,9386.819474353522
79811,21533.52838785522
82324,33723.99948922492
79204,21202.459874328528
76561,20906.32135618048
90313,10372.563384732966
94271,15905.017134529402
99090,7151.24660214227
106261,15769.637043888337
95699,25943.3010394052
101624,8230.912127383548
92096,12156.327254436108
104402,18581.65676507965
106877,4967.933466183645
95341,33901.56601654252
79252,23573.86663424689
85039,7944.638908894336
95172,19196.906630769256
91340,14018.383870350925
91584,16240.040661442325
104972,13918.443809102477
80896,24588.80907899438
93083,16416.753801501876
90855,9089.893446304932
78320,17956.28242430013
98584,21023.4593540881
97117,16784.408803815713
90267,8698.71378290939
104276,11434.397922823437
93771,17033.73277887353
100654,14170.445365705924
84833,15014.587759868273
79006,31758.75710485734
98734,7182.478952538319
96686,22043.516428363702
81262,10070.06864618425
104374,9504.661123862834
87939,12409.887044479708
85868,10479.810950553763
105505,7594.547850906353
87999,6563.275427023535
84535,10040.710153571712
105765,15010.392889889235
77591,21394.259423197385
83018,8594.074842720682
95281,16159.993269227092
104629,19170.25115039108
80247,17445.664686728258
98202,10691.822064851476
89361,12875.055083652
86384,11880.603499525434
77923,17659.970297658187
86901,10338.983449912132
101827,13272.494438483818
101756,7661.909702354851
77041,24061.565797703093
97753,9053.811606002191
95848,22238.49506580488
94827,30289.329394876437
78247,36451.10298144812
87132,15795.351085181252
88911,19415.6421723357
88418,10346.665108378442
77238,12857.713345635162
88359,11850.030554173603
78818,10351.651113071675
95395,18474.149178383337
103416,12216.298492167747
84747,10839.196324346683
101608,6513.983731575721
105437,24137.6064944914
76320,15655.68257265153
98937,5232.48947026268
78233,12666.204259299231
82250,16304.863431539616
96164,19703.53121036872
105298,14652.834258515955
85892,16907.099502342113
93834,16383.01822689124
84717,5325.087256355046
104176,10753.285408802752
95319,45082.5477273159
85002,7785.874231129143
91460,30668.44723791025
86992,16762.835655419458
76228,22727.2281084695
105611,10668.378724824215
83256,27924.041574674207
88943,17535.762128447506
77394,28405.084920614056
100873,4959.333669933332
92464,24778.80348335204
89315,14734.045830948477
92773,121250.62977264446
82489,6913.52837243959
76219,16650.25785573015
102904,12038.94420462687
91039,36474.1596050985
104890,24677.72955030468
99922,15827.398952743715
107007,12501.10460068785
90649,6132.950251157095
90166,12046.225066315612
90837,17059.147318847205
84748,11911.901037404628
101034,10303.668647274008
80579,11854.865369502688
103124,12944.00177191025
92022,11030.91499731999
103382,9235.69147304986
104089,20364.88128854174
92089,20259.99151650507
106395,30087.853368862678
76012,20188.21583317683
90152,12654.599832784486
85524,12440.800224817156
95337,25289.8477008685
101744,9288.849301774992
105820,15770.11608373067
100587,2140.181181357409
95224,36185.08676426342
88607,7991.262241924086
105741,20589.629278351156
100550,10501.199464920828
80543,22986.12139692234
96731,8223.781045714562
94235,36426.77418957319
89536,8389.48738046872
104062,9673.584804725318
79870,13256.722666734677
90961,57613.25954362881
104757,13171.941593557523
78702,9050.945868140669
82823,8402.885111100506
76387,12055.253962749868
83860,8133.213566421728
97853,8397.117530165993
96491,30086.970767542043
93018,15176.912356768926
105464,20063.4457989324
91589,18200.44483531956
81040,13023.407871152773
101726,4580.272603662235
89843,10378.65998929036
82306,17531.19422319185
102706,10787.328784096791
81905,15229.487101664732
99194,13736.160061420229
84038,12675.3858348737
99179,9704.589953354596
107945,13353.242681310334
107187,17035.47812710811
106729,12353.538217843508
76009,17419.983716279683
80160,12077.744886533132
87798,2692.6663067661198
106779,10817.97780636634
87694,11741.151157625907
83225,12603.469373435348
82371,24459.4059863746
102154,11420.379993546616
91905,25514.060738115437
91831,22144.695223109728
96829,12088.568861962092
100724,11508.856653918612
98429,14610.917221149986
98046,14958.537922949576
104025,7446.420349269707
104930,19102.872084106333
97711,10304.6331043244
87985,1294.986239371156
102005,7614.730236332462
93141,33085.26953599992
93564,21007.485237014924
77719,22382.427315791567
99873,10745.52759946787
87053,15807.824512331415
96789,11528.809710928992
107871,21186.123262612015
107192,11244.58297674774
79928,26732.069589077364
107669,14365.788342045636
79401,25190.55419112346
95320,27715.277618473418
94864,30478.57909436329
80654,29466.898600295288
99193,13544.929776463365
84375,11505.300394460788
90211,14039.273010605364
80720,13872.548624639998
91902,25577.92348949422
82275,10654.538804136464
81465,20856.386099531268
93508,24359.436721786755
88780,8295.942187509805
92268,30945.1952635232
87172,16955.93726890834
106818,8441.763861210136
103457,18864.192027725247
86080,14235.630283818638
107319,16396.489314295373
104533,11431.21750922696
105670,27609.157528868083
81801,24800.05271148357
86611,15792.82550719085
103251,13468.301353918518
95313,38371.20736260852
83324,9998.83367882616
106920,13064.4533367792
93607,20390.36686769798
82902,9804.229238495374
98295,13639.847655116331
99592,7954.52526516464
83209,20435.360294664348
100342,6512.803429842263
100059,7070.607238815662
84964,15422.966156236149
101150,9721.395367586789
80834,13381.409533132388
94660,23507.964267604057
86817,12252.819858423718
82881,18660.62872093109
92477,25078.469479235377
88843,11224.637264645928
88409,13502.834926699685
89464,17392.131352168028
84554,8120.656776138067
107456,22418.57906437796
105815,31738.81792350492
84223,23237.51441675207
77230,39500.6044550491
82653,9486.516801176524
84903,11942.4533593346
96636,13899.161897846414
92293,23296.443339343827
76243,11272.953654147532
78795,23844.192522636036
77946,55703.71986873604
108033,27157.03554809314
89601,13417.196516498636
90606,18509.118535714137
92249,29924.84431695902
92624,19969.661303092365
97695,10306.515763418292
78743,35562.40825014006
99859,20348.96560398401
78302,21991.725210682685
99986,15876.317383108108
81908,12288.483174527984
85440,7612.757322836772
91412,37165.48677236372
83964,7843.103604966005
77867,13300.279624198576
98287,10065.755079484816
92675,4698.547697030031
93893,12666.324378794034
93828,33005.91423272763
107502,19509.90449118313
93726,13822.761850880875
93097,13966.798140608467
107762,18050.00542491588
93545,25740.764623017407
89831,14084.54963741124
108065,27217.631446848365
90388,5220.117881692337
82017,25091.7832916542
91025,28724.505596380768
96293,14730.953882396829
99187,8444.773568046787
98283,6535.561804536421
93590,15754.711286844362
105510,10223.977041150449
81365,24411.109433146183
105805,19632.186417420424
95866,53978.629509636674
99079,13687.089811554692
95673,18100.543629430733
99311,18174.28771008288
86145,7569.2959898967965
103531,10832.078975050585
108261,22714.800652514023
85582,6159.159269893322
85281,6433.885646965491
92591,36303.4378094921
97180,29338.683914121106
105998,17251.165992185925
101355,10606.55614134059
104286,42828.13724542655
86703,9416.07822143179
76535,11668.52028770882
86181,10590.123937181075
77004,19205.42828957103
99367,15736.683228371943
106001,25907.491675821868
93179,28637.79160652484
83031,10105.321045546922
86572,20426.76460837088
80350,23350.4362431325
96375,8278.739883149346
102219,7492.397082341965
100942,12537.431602996618
82949,12347.132598285032
104083,26721.73693996017
97140,13276.39521235889
96421,10557.327965510678
87075,16838.537003495847
106419,22112.74043925055
93602,27186.579134635693
77222,11396.460490008623
101712,9406.061891383148
106666,7535.772860294359
87295,13854.691006449324
89044,15339.815007421108
106433,7988.951756774338
94575,36088.91977510767
107025,7934.808293526346
89318,9310.493466817055
86030,11782.43228705648
103483,10513.015751593208
94536,15452.94239142603
107058,17327.20668546379
87031,10899.80520195699
100119,10762.821684570228
105938,10524.308861247491
89724,21440.47890395704
99480,7123.6116671967
83017,10808.042308007763
108355,6084.008092153637
94711,21533.074144782517
95759,33777.73510645624
105168,12870.83402045642
93791,25567.828357094084
85850,7381.736998457878
102333,8795.411881528902
104407,19915.41301660664
98798,17444.190994971137
89284,8157.808666605511
100823,6376.22908212075
80514,15885.17994678426
105308,18354.789095797456
104612,23295.655369143387
89638,19271.707749477853
93794,13711.201668525278
83933,16153.440880562335
90413,11323.975769225475
98929,9227.701812877493
90959,18148.38914880261
83414,14575.457118788769
82228,19315.419563400348
88669,10915.866173940654
106815,22904.945615758472
84567,11094.588667367252
91328,33359.99373648965
105740,10336.750103479677
96452,7556.366823646756
76038,21195.2272651094
99940,8757.532018219477
102377,14888.718674593732
105229,21434.686333405592
82158,23142.071577096507
104844,18727.44004561365
101203,10252.783464911605
95222,20767.19927556005
89529,18742.798266334263
103230,7025.490658336903
100692,7919.702168469044
99821,14451.923957852265
81086,23468.59993593443
89399,11172.569414663332
102445,6533.401184138791
96444,6638.098586535922
83485,10828.052878249146
93778,35381.62731279816
100464,6655.469752251745
99865,8396.953093029299
100107,16710.124816098145
83973,19202.052699061307
92032,28566.92797592283
94017,15579.534123855676
76046,15455.608946765891
77816,14175.37475741527
76743,30002.779000971568
87201,12422.210621050172
90652,14397.48990497099
103448,13670.58789613176
93642,28930.257663030065
85409,16293.273770557138
99777,7073.446027794285
92216,15327.64482993972
96269,7765.561984756581
94298,19153.68727294286
106667,13880.009974255723
93716,58705.47964606583
95754,34334.643131484394
89379,9867.683987261022
95970,20904.728772935938
81911,16539.82335910427
85652,30885.34702514715
107793,16332.259529352968
96389,22441.128092879157
80000,20654.91547682457
104440,12758.80759725804
92029,38095.265509653625
93473,15203.186860894128
90350,23211.203906691662
84947,13031.726326663382
81870,11588.585928145516
79936,12920.991776659965
79910,17161.150347893243
93467,33829.93998051415
80387,24988.351771300197
104360,16200.168970393675
93150,25089.60029901081
79119,23519.819317935857
104462,3953.991757363195
99548,21018.18512893445
104024,30610.309017175518
83480,20718.20401816599
92501,17559.09004284119
86740,10699.173345182133
82165,23081.34062067258
85963,17949.74985975482
79487,14525.29691553164
83245,14092.292466955603
102193,6857.007602360713
95449,26552.971273854197
99413,7654.198190691242
77176,17130.797698654103
107260,27263.26198241984
94187,30284.56837001626
85664,16572.34566629908
97886,11641.021694496882
85384,13153.845223627555
81228,22126.959730988325
81930,18391.753527022855
106627,43078.93964259101
88081,18636.85254562409
91651,15039.93809754306
98067,5143.121133041833
100814,11168.495073456992
77028,51997.08346794224
89853,5531.896539705283
92951,10296.003399347474
96866,24783.306527436616
77498,26670.52751854985
102959,8290.086100622828
103546,13355.91603371964
81127,16211.464288738178
88867,11772.868871780196
90099,8240.218523314119
81637,17217.69578976035
101995,8815.708815011894
92382,34695.86626283925
99078,26240.941989598483
93118,26849.792156658837
91524,14601.282472768911
105674,9457.571254909311
78943,8876.699654829294
99513,13684.791070712005
82972,11890.847328622822
92438,26906.73827491506
76466,22725.16513848374
93315,26789.553124955004
84637,19008.56487941098
91553,14582.69018677063
92093,18624.43202265363
89774,19005.11554261478
86455,9587.76023873565
81999,29927.74194020204
83211,18394.06372359521
102893,6781.389436357555
101347,10887.42629657982
102099,14919.834687923336
108532,17930.480369358283
94030,33646.46618326143
87114,6940.720672230567
78523,53872.8099086364
89274,18311.078691455976
103663,7152.330651397626
98104,11879.94606421138
86952,10897.029952421988
93621,14840.27038301628
90898,13016.12308773094
88902,21491.09111341124
99135,18769.49035820037
96645,14318.571461026604
89265,7948.172336960472
88536,15898.315147239397
76788,25306.264885661327
96496,11178.575637604128
83580,13233.689134851418
80060,24665.491064336005
99910,9478.71918924942
94254,25367.09627751485
98982,12143.126126122108
101182,8003.291940374193
104497,23641.46967105455
99215,11128.99894413402
102237,8066.993704029697
105340,21326.28074760494
98398,7679.495747805777
82895,8158.083168569565
84880,7214.234288999323
76633,26157.410457724465
98237,9690.712088491542
93475,16582.307885168993
93644,10034.62054730565
83331,12924.458176077798
94673,46462.11717137892
93774,26555.38601676537
94872,18181.77465754757
104642,30016.561321559577
105806,10088.68984319899
93351,18305.96966883632
99440,22732.367447176683
77434,19907.71799146912
78382,36994.55274011283
76269,26054.89782406384
94221,33772.279243278674
101103,8162.637973175513
92917,26200.6241015168
83521,14064.12477870029
83915,9975.141499095276
93502,16555.377238531233
101013,12749.13700638961
81762,14558.8746829684
106753,17340.75952252638
101173,5933.413732542616
98602,13004.72365321406
105397,11725.993768291217
97067,25836.9898557226
101378,10990.83745643006
101862,15991.151291477068
99039,10724.556624482007
88393,15488.01348435209
106130,17960.549860433915
85828,15739.772481621038
108231,23161.503985610496
104898,15674.343817425746
93112,13298.294844992986
89768,8321.235931404239
84354,15336.463449737985
100168,7460.981130030574
92834,16021.116143758403
99208,10311.4843213791
96108,12706.413628144996
80163,14527.468685133315
105455,11732.223248545077
80323,27116.346331726105
84714,16292.879282924376
92348,22318.33222124462
83603,16921.897273248724
103959,7583.110915490261
106728,13175.415458692429
78696,35195.00158266378
94150,34464.65321094744
105629,26584.29043399537
97037,13640.659250228842
92850,22307.180985068306
88432,10436.884682838094
77436,19448.381208673327
76469,6902.582382543553
102030,7866.387963618872
87669,10551.503120521527
79981,21907.059426014384
99662,11662.107331929292
78260,20135.77712902843
94555,31767.06298039188
84628,10063.44549607785
87955,6382.88037211587
85130,9804.44441279031
76417,29132.735755731108
86241,10637.424153225886
84603,9508.935319253776
76645,19231.117662777928
100195,6835.237228804344
77467,27111.078786703656
98126,19219.706468783246
98081,12258.9800633242
81234,25297.94300630079
87717,9647.5834344635
79724,33657.1473411468
78643,13976.007876700152
93113,27644.442872346302
100597,16978.83515329649
91190,33086.55379502175
89351,11563.944400341736
78056,32103.921690583255
76053,18418.94120586089
104592,12323.378456875878
105891,26671.727416239228
93731,21271.90846022839
90123,6266.097445033412
85669,7774.175903072501
90040,13248.86134173449
103624,7942.768774004967
82545,14046.301683436186
101212,11217.41293521945
76510,12030.61842468636
88673,10111.980813109612
107913,16208.61394326004
76619,21887.791884732116
98461,24384.31437489988
88455,4111.224121303262
94543,25121.232250615583
79082,25582.65983365746
107039,10474.326044595551
99565,12567.841858973785
85597,17119.43256685431
90908,24335.00334518604
103741,10579.815533277828
101177,11675.985254992856
100246,3348.8155511742143
84497,24231.92299141987
79003,13276.879674250076
78075,30158.913604884958
85527,12322.809305018534
99400,8149.153376043266
83118,12372.234164006944
106176,21358.75046452747
79864,21748.958160314352
96609,12596.930172832934
77968,18743.6920901525
105349,10152.761392706325
95787,19880.54005064732
86759,2202.22135646256
80898,13402.755241001729
80948,14851.053671412175
107151,12584.773651981814
85395,9342.073647178277
86612,14836.165323559002
78951,31522.734134402148
79546,16197.248366818912
83345,21313.521658742146
107224,16827.092803472977
104509,14778.923873081298
77088,36536.2644863835
88988,11233.399632580593
79061,24342.0763452901
89758,14775.748571128051
79439,51728.30502720708
96411,13648.586525956762
102234,10392.10583635996
89720,15207.207160070924
99600,10034.664243234878
101235,9714.938083402669
89235,15812.541461326173
96214,30538.74582542665
84205,16983.28904572463
106816,27433.27668050908
90934,25183.29703980724
83597,18016.777962903285
90454,16533.28867855331
82998,13816.11936495502
76772,26974.276290187063
100571,5473.310290723763
76400,30099.69170724117
107381,19372.459777160184
93102,15572.36803603375
97419,8488.688847560155
98844,7639.691139404562
99354,8035.744594939135
90811,14625.862604328086
98152,11607.260773884818
90157,13046.791317791416
102629,14766.206486053572
102111,9746.321179340446
100448,10742.26309621334
106531,11296.869816217411
107493,8198.648920843538
87471,8920.474883571183
83607,11385.015501073334
95488,33059.16900954128
76205,29477.30646281457
95394,24888.86405815768
101050,1568.5085874005597
98680,49232.41929516396
97176,21654.94522297451
104530,15721.80706401896
83396,2392.3877150888648
104984,7097.256581768444
102081,8230.770961661616
91955,10100.20318645828
79996,50080.58807774186
107833,16381.22820353786
81342,14100.94433941177
104936,7700.715156968114
97105,13093.062126050232
96834,14744.535613649115
96402,14230.54820526296
106575,9211.464303594055
82857,7939.35824748603
105504,9374.427217391258
88261,13507.633066506083
99175,7677.472722805524
89160,13288.386917311733
83875,6775.266710171824
104695,14874.965921440757
84189,10941.859980554804
86024,18708.30259633345
98475,7060.419034925532
79856,31379.96107534758
80385,29597.29683681938
78287,24755.418023120088
88807,14782.665895401586
86288,10490.827114882282
107610,12767.416583588552
94375,22800.898482782304
83385,20362.95340016404
96627,11914.01952660224
101257,16855.069474953427
91915,18374.74697303766
97986,17789.704543783744
80806,21143.45493983359
96930,13684.744839389445
89391,12948.156959394408
85423,2537.069544866953
79397,39029.38484083309
102565,11481.533287331004
85590,13447.453355231017
81920,12159.526646820714
108098,20148.487948361373
91230,59710.82262417043
108021,6392.963313673543
102554,12266.916133067542
84182,12333.013973413948
76770,19393.31924046983
77856,19014.35874848312
94249,20840.745403004577
94729,16337.408816811405
77171,20672.478215661
107487,23357.121742733303
78766,23475.32043406684
100849,11502.120277142783
97721,15986.170313474864
92837,16899.665622928267
83099,15860.993913707682
102521,9418.190727050163
89738,7562.581124569006
84234,14158.324826030805
107428,13998.44255332637
93895,36066.97817754824
95662,52907.16471040609
80328,18935.55153518588
103054,11169.468909737045
104950,8034.982592833196
93125,32902.594924355566
77393,47671.89431731924
81178,33288.43262240886
77207,32164.69507766668
98648,9133.929349469605
106065,31097.980808708035
85228,11452.52354524599
92787,22169.786552787984
108462,15378.457474821613
102896,11902.0895948024
78301,12464.792630281683
92584,7834.264476245778
96414,11801.175315075054
101267,9467.098915995555
92934,28430.472510780102
80206,11286.74081047126
76657,16362.006253577603
99365,15011.05505223736
96142,29510.565781449128
96484,12240.859434316928
81767,27059.696075844706
84926,9132.933034551234
84961,10963.459152980666
97487,25415.26223900345
86753,9593.255379111502
76410,17193.009616349464
103512,5566.646839149413
91899,23455.55482004
82404,25713.293699168244
84598,19172.16177766873
95115,23394.240255145964
92544,16342.803975014687
94011,22529.848669588177
77265,25245.77589245771
103378,8135.134910074385
83828,9282.619633363862
106142,20141.554275131195
76564,29747.755501527863
93718,16219.580123639164
81110,17818.864109901948
90753,17218.19017476991
86557,7855.706984261626
90778,9218.677344248874
77313,18812.40935325375
103914,9948.930098276356
86688,15547.391451943166
102878,13371.965111950807
99734,13464.393380714271
91581,29089.20643953581
105434,10429.77712328407
89221,8563.004439083545
84974,16244.206947668568
101055,11989.25118485813
80952,33034.80963998684
80861,15411.522593739412
77446,13683.128545002884
105345,14884.581569000457
95204,16958.079990435624
96228,13582.440446745026
100840,9343.29673403373
90096,5059.92661258333
97213,28852.63526724509
84188,10903.016503197245
96571,25864.558377280177
77068,22779.837058111298
90711,13072.036555971676
89855,11844.767441557638
104858,10577.772527385116
95897,26045.128195040637
81849,20794.751831263173
106143,11313.3616803406
106333,20921.892948659275
107165,22639.20432547838
77133,11920.853489034333
91788,25511.156933826496
91418,18684.32608124624
100158,11468.526781956032
96982,17825.332287745623
81275,28423.000666387525
78741,18883.17591461642
104961,13116.12053030549
89332,7298.498662507764
77546,33402.09467327048
90860,15279.59134330371
79924,13641.520345920408
108433,17045.801283171037
101702,8531.444358793724
79340,35986.37969250213
107333,10667.615454442255
107963,27928.18157405007
89408,9839.186405388007
93686,18161.27174876579
96129,15881.12347995882
106156,30131.70728767739
87515,12697.82344321318
92980,25311.262705357985
83982,8481.762796261604
85504,9814.867079762878
108354,10433.803876473574
97260,12782.775322344754
95437,29367.824706348787
88483,16525.596732035374
87959,21759.53007196087
93858,16998.295028781926
80968,22055.34844809684
85754,13125.527966590806
87723,15437.436758280772
95880,39777.64377458503
106868,9390.591046431178
93138,13528.184269337356
104747,15163.449827361928
94889,23397.59521941205
84681,9367.353611467792
98538,9018.475622760334
77073,27758.24763061977
106730,18375.561688573784
79208,26560.000420576776
100127,12919.862316504292
99655,7584.171794052652
80695,13066.715945079415
96818,12453.599277512538
101382,8073.258474905713
81239,17212.203035106275
91299,23657.23865888113
83005,17727.99999801785
99363,10332.425658058364
76302,21691.240505328613
98317,20452.910040718387
93829,59724.86631331648
94188,21841.276475855368
102190,15327.109766785616
94901,19465.633474037768
80495,29486.53668848256
101373,11270.233323726829
76822,13467.231519814948
105052,19061.10150376684
98580,5841.314740965221
94567,17498.34169863795
95144,13193.670151087255
95559,18550.722024100894
81580,37754.47033915695
106874,20939.6255750296
79121,28072.12962697714
77257,19168.465599157666
87589,15027.132473592364
84579,9271.643652520588
95950,19031.02872614154
92510,15926.855729347502
108139,15484.350477084212
76182,31709.29559679424
88687,15096.164270751164
79244,19814.336762089617
80690,19135.715745261816
86259,17058.165554912604
76977,22130.68258905286
95716,15165.078415786693
97234,13370.869952146051
102608,9266.956060091909
105976,20456.77924379768
86505,8322.975569205759
91220,31939.889170946022
96558,12344.043257628857
87444,10747.642327726217
87498,18432.733708573825
102631,17129.056732031982
82185,18678.16374438148
99403,25338.05790607828
79515,36560.41481919294
99088,10247.56932012481
76226,27016.955497331768
108382,11983.532515968724
85313,14987.857447133209
94499,29974.471775214563
99934,6687.484819871583
82376,16221.720926908054
107765,31134.691835269223
83605,7479.296363745421
77701,15208.80561044469
94028,16715.603645059993
107523,12064.919774633903
90650,21464.586395911825
87414,9189.157835038852
100055,9479.79143977722
90566,11486.131735680856
77944,8856.190551685904
104365,22161.88103796851
100010,12687.711677150024
97116,7508.014801492933
92053,17670.18854827465
89028,14096.967231671006
97021,26097.6131818179
76667,38638.86785857605
88020,10826.68276123629
94877,17781.883957335704
93946,21053.56899054677
107829,20571.56616666642
78257,32186.44231513063
79067,22145.029608929428
77650,35489.91361133049
78087,74471.13195253149
106695,12482.954575670186
94630,8325.311111697747
106256,11905.074652889916
95601,26548.95528748542
105796,14107.86184827191
102585,10785.0812765544
87265,10464.619232132123
81014,36550.40090648612
79536,21104.960053372804
103430,13185.55063501461
95642,30953.049369988614
85927,12664.252903472989
98965,9418.317945436464
82285,24211.63976679513
88076,7367.744101309717
87977,8457.723489708182
93013,20923.38231790956
86356,19853.09449446616
82657,1964.16502628979
104960,11913.819648853669
84159,15059.796385597863
102831,7020.696756228304
99907,11588.129840983956
95588,21103.51646059449
87604,13185.060650795427
104688,8487.751642934669
78457,31074.76850548005
89007,13852.151887512588
104449,17770.448684980718
97888,20404.79917461092
83178,11078.94341418343
81940,22939.258053357647
103932,8243.416485351461
93309,27158.24863359288
108001,12527.1255971044
104771,8957.63414468215
79382,20151.734610158303
85883,9822.642968908063
106425,11709.942008560898
83165,19702.585545666618
105632,22570.598525809284
77132,30687.302294357843
101743,6918.011505416729
103628,15752.918104287946
90647,33983.07632266128
84997,8025.211904687254
91158,27642.96559430512
102727,7582.252457155516
83926,23136.042498974908
105492,14634.722177901338
84091,7125.635319992667
90093,21448.27333924868
97013,7825.810309907621
97421,12760.713988005766
93503,20771.73152335189
89921,7476.828497315028
94294,28923.213064901724
88049,5462.227944951061
87152,10783.446389145232
100030,11390.986985310088
81887,22592.028313110943
92813,30938.652768647717
103849,11351.2778516883
81370,17673.79891397319
100077,6278.434310637494
96215,17249.779624123643
99477,10426.467381774622
92453,37310.67461592937
79103,24260.02348584151
83988,10299.208041330396
82753,9860.150739560904
88096,19534.43125890692
82591,22240.709014269876
78600,9908.167435262108
96130,14430.50220304686
86532,11024.85966872222
78212,19552.126215784618
103099,9409.392263781794
76517,15644.511102915563
85372,11973.551599125034
87192,12421.076837471806
89912,8897.119109505456
100674,16972.11933854921
78362,18470.02706286609
80234,10361.241303677289
103492,8983.406916329437
91876,17631.3815797006
99906,15238.555816903252
86556,16372.05596187919
95439,26007.301192867424
89552,13687.132515182931
97510,17462.364532159314
77027,24256.44218886931
96651,10755.069700590122
101124,5365.507698111495
81564,29108.591070069568
103834,11822.691945939368
106120,14350.009022737531
108302,12163.244283631111
95258,27656.116652139342
80241,9931.670542283638
103079,17830.936553314088
107671,19769.84320056788
105451,11814.269416165724
100581,6791.9731279067655
103200,8076.535546868858
107958,25568.99288492038
80508,15278.64270986241
86519,11077.476081624149
106014,14178.032365336629
88647,9942.283577901811
78370,19773.824579610773
80157,42175.218590658114
78549,32106.30547753367
78346,16759.098617392403
102025,8824.038462327637
102642,12036.021948090349
101566,12655.701748547956
105090,9610.207564028531
102879,12017.617591783695
103116,5585.173011269779
108181,20433.40835322493
90077,9055.104542722069
87209,7870.193505672132
78488,24077.976214539383
80235,46019.67051606852
100754,9189.514993384872
105566,13092.84515130295
92772,27529.38546809449
91123,40796.45617275315
81751,40862.7191735156
97826,32427.43289458485
79668,22230.256469947173
93067,9911.120748730697
102583,10359.199971756709
107690,17371.777028585362
87693,13619.556215985313
80476,8428.861519720655
81846,40541.16666437447
104885,12686.480763040943
97224,14388.285126922532
101301,15356.71954291216
77468,20166.02464297469
102865,14306.598916440043
89933,18696.14374132845
80064,15771.514580797066
102316,6448.770246519278
78861,11705.263855143352
96856,9175.35075526795
80901,31070.471021852358
93880,4735.048009356682
93155,18290.87519906215
95490,35470.19993534685
81179,11692.61368844816
105515,41947.02787573029
93763,31638.325355163743
79292,19626.56444935662
79547,51000.31996301991
76889,18071.18011242927
92884,18695.20477127773
100959,9583.282212594266
103931,10577.677260760094
87109,4800.599756996269
85670,14498.18130184973
106941,18446.46884809556
82237,27061.68418546368
95369,16141.185528562595
104098,8620.941924167415
88392,8008.862542593388
79992,13222.62232769167
91429,21146.763393380545
93131,17902.26820789844
102287,8795.916360952637
93988,15336.204782865178
98533,15233.466545927937
82402,31252.474236583592
100838,4102.516077856855
100418,3508.6330162432623
78723,23252.600362464647
102054,17489.545437621477
103873,7136.506362677769
102429,4740.132017544092
92423,20762.341290148128
100306,11202.97348419475
95398,28532.312980681152
98509,6355.464287355828
76571,20893.4532559244
99096,11702.77390641344
79974,33898.36557184455
86070,9350.1231049517
106407,18644.63720737404
107921,5949.359439722455
99358,6081.135609509416
81645,33915.90469487198
82190,30141.287614608285
104692,26250.543691242587
93221,14188.268486463116
100438,12950.915687418325
91444,20079.62373519932
81053,38669.62494743846
91363,24108.95590826749
106954,20820.77822508022
106654,19843.30710044927
99522,11186.562586153696
87009,17325.44777529528
87909,11782.721706778882
77419,19813.682526453173
97652,18027.08554197404
99779,12839.142015967447
85584,14507.405691294383
91829,18097.987639063875
88101,17808.80176508549
100556,4375.711795311099
90352,7737.480395166292
83282,16722.695519844416
83007,14944.510465202922
108313,11670.648577331003
78810,9207.730673778591
98828,22812.399293911807
96114,6535.037016607862
79191,19915.945520587047
87297,12497.449741550849
95877,14216.306608524155
94139,39702.695053369
100850,8776.511131145446
94945,49311.39569858615
101089,7827.54997314082
105691,16349.906592922662
80668,14253.349444436302
81214,32348.76718081743
87518,15433.659406102735
105030,15608.323477576236
85923,7081.134754286635
83311,15294.175849501378
98855,9865.559142239388
104159,9430.395678828085
82779,10053.109926160329
107742,10224.2303727282
105468,24837.40849235841
80455,26441.811378926686
86388,17699.78148353318
94821,50105.46765456855
103268,9856.763012254356
102051,7711.559166987333
105353,25517.63712978886
80456,21379.41990418213
100987,10199.541757311836
91198,29399.92558742128
85153,13296.856404143116
103654,19111.02492433037
108172,10269.010342276528
86497,10683.696280721266
105311,9005.146984400231
83207,9346.084893719228
103088,13707.931088305404
80581,22672.23933381796
94590,25749.457372434525
92857,25632.010754915314
104990,20284.03869316205
106022,11012.72699108906
105717,17145.02272018932
93403,27848.717504351524
85166,14367.958332204207
106430,15459.0090024942
99092,15879.300879332568
91093,17484.672689384483
88851,23749.77675066286
98289,26227.41607212796
105096,30026.48637384367
77047,19416.12110730261
104430,17666.474164651034
89790,4743.022022906558
95496,27611.522877631425
99397,10637.297762159427
98691,7776.296004058973
76750,46218.8297555538
96768,19569.14808079529
99671,10088.109892415428
100893,15684.044958618182
96376,2725.2480717280755
85359,17058.476759784364
85526,25584.08333930266
99471,6962.586247785331
100718,13598.761538247967
100408,7587.79827774021
99396,12610.391208083449
88571,18316.616799276097
82056,34508.46423646885
95339,39495.92374669613
106966,42342.82631110419
87419,16294.565465006584
107951,9288.87787453529
89086,1889.046990043916
81863,48728.85003438639
85352,7751.20676875199
107573,13947.185787279122
85160,8475.607264760587
86447,15007.566354028337
85129,17036.145833952636
81978,22276.77908416743
76538,21660.68664123064
96475,14337.409873334906
81872,24401.04670105422
100975,6134.593290073362
89846,8693.918211081233
76813,27133.08604739436
79861,10734.24822952683
85807,10390.851378731995
100520,13862.988416446837
83614,10030.691442518231
101194,16884.677381407786
78639,37659.83161336031
97237,8439.603144410348
106299,9931.98011376848
88307,10622.207000227963
85314,10224.74153778027
105736,14505.435826828754
80065,10289.07630502172
92131,16862.065491007434
88644,18229.032403870664
76738,14255.09436920286
105697,15072.700324603426
87316,9253.181700343928
98209,12629.731306491398
96229,16805.90683174329
100262,4943.677346929606
100999,8578.462127927316
107614,10019.623593055669
80838,28430.335318260742
100986,14908.915719058905
78593,27283.28110967808
100441,5858.275737599676
82682,14473.918916145454
78999,32731.250165828
93261,14898.421709130664
80075,34310.68130772877
93655,30650.62925874832
100596,17745.35266182863
104232,24920.319349236583
91804,36121.33572239915
77995,15695.20512836074
103787,7122.963853407258
94205,24963.429389399
85358,8476.749561526427
78658,18463.794567451245
104647,16733.56942425199
76044,22393.487407818477
76998,10715.785202684625
90687,18015.63063805036
88724,21258.685476443545
89881,14591.984613258
77162,17343.510169988767
105640,14291.887970073882
87663,19301.603322816394
79472,13940.389754787851
105402,9694.85558361234
93024,33557.551855084355
88764,13095.566677769131
102845,14153.457974679057
94779,20637.49950227611
78682,12027.658027207335
95089,47727.65359289685
92437,11500.714500860084
96574,7901.265302677058
80215,8469.989609891265
103217,8303.558868341306
96957,23112.42491671721
77332,15031.70143045068
88904,19436.66013813925
85813,23001.910958334694
90079,18375.895314771937
106345,10016.164988147368
93236,25776.37366793315
77551,27036.5562561748
98682,10302.90683815612
77482,25331.349107660197
106734,21375.75857011193
96167,13635.98478123055
97901,7557.751938253374
88753,17678.959765526837
80085,20408.404805149454
101127,10253.453381668214
89915,9447.371142926128
77818,40627.85123615929
88216,7550.138214485403
88372,15306.781722225594
83811,8549.486904650601
82936,11026.2677279053
89742,7548.122388288817
91673,30037.50387913685
96257,14510.098065312268
87975,14717.404896778868
80305,29083.463483615356
103204,6380.156291272131
87651,11089.29883702095
97692,19809.829214420835
79587,18147.434867401946
78081,20817.59888909374
90382,24183.272657721056
101784,12691.373409577202
86751,10152.176582139393
83746,7113.264897735354
107367,19814.239833921103
102824,10767.120191681272
88861,10747.77454585256
81296,15414.194034903834
93069,22730.25740898083
87324,23708.973169209192
80156,25293.281179510974
101653,16931.63313582947
106220,9469.077617996732
106598,11236.36962758263
100402,9874.349772380834
76609,27468.47889321605
84956,14061.451514774984
95576,26001.24647294545
99581,8420.969767740333
80485,23247.319381059628
77166,30609.43979814427
76018,11297.720646336922
104735,12327.003757681694
93333,11639.322581523138
99795,8912.974173579198
89839,9096.858878727457
82759,12922.915905067774
78936,25062.73984225001
85749,14307.109640463375
103893,5460.3517234191295
80488,16645.165173518435
85554,11156.24301976053
90240,14266.263033228835
106288,15983.536535881083
77948,10949.37301426215
102329,9420.397064280953
100162,13438.17276597609
88576,17211.31038412577
94039,15828.719404931482
94453,22765.95919102256
87879,14166.09691459732
82862,16676.84878011764
102535,15656.87199381255
105231,14654.988645191554
101295,10413.201467756173
103639,18170.8705203744
100996,10005.37675386231
90885,6908.7270893629775
98058,6709.666523618165
76405,23551.809560066744
81140,10415.685009550203
106762,1137.020120108038
77805,18568.90483572752
91903,27590.304447934413
103506,7951.835157701761
99841,11054.395235206084
86237,11048.841699665332
76010,26678.67633972605
90547,16015.365863200535
97073,10525.945568770028
96345,20204.006609509102
104803,23643.62282867069
97547,9817.952648334876
80566,32431.533511238893
76686,28337.217551070997
76532,16940.156345057134
95342,15978.219143103375
89227,9165.847879291156
100141,11237.18997198997
78308,22668.01244643229
89064,13479.10812841586
80510,19218.160539522305
88585,14383.623669236862
104610,19510.247445256144
82104,10300.647059506162
82975,11757.46953924078
89065,11271.069264658578
101733,6041.559118409761
96657,16517.57214204091
86410,16165.789582627707
97079,12335.298897708775
99980,8920.759426139892
83405,14589.702504270095
94937,16170.459530900396
88990,11258.311806039905
100897,10160.854914613565
89852,5932.584794590216
79720,18155.85702890093
87573,8151.835957533407
77570,48810.27852998154
101535,5264.510706148864
106853,28654.17177614028
90614,13989.444563780562
99883,20598.306067323763
90053,15106.304945543065
85345,5683.150450212664
107848,12037.248884205488
93445,29358.846888195658
80275,15525.29164002856
78979,18230.46961490163
102516,13913.980423832716
89258,11549.799555786549
107117,23792.88721629892
106721,8908.405258707182
92982,38311.15407712292
83496,8414.684543931286
81803,67934.94754021248
106993,16295.712880043213
103294,18299.858089675537
94098,14899.540329499276
77532,14447.593888614216
89286,10533.74231648278
89501,8344.050043010919
95186,21939.376116249205
92283,29323.632464443523
95290,20099.54014305371
96893,8742.30682265647
100971,9388.600567173096
78080,26265.41197751739
99131,18484.53331182146
108281,6123.677227739597
100144,7354.263431120949
105273,14607.48735849638
87851,14582.561231899974
108128,11264.720730870347
86420,9476.79556764292
88534,7798.609555304649
91836,16249.336559790318
105068,10289.533331913635
89909,16782.93078918162
83912,17231.979347028973
92078,29856.575526676814
97169,7385.897736552019
89505,7778.157444081113
84000,11337.595991437312
95770,22765.18306551342
96966,6806.914641371992
99958,13030.705367642877
93263,33796.82680072925
85201,5530.196590790407
87858,11046.653634717752
76733,19194.71553439908
95475,19371.694139920408
76959,16979.752030066862
88587,6948.150329091513
106240,12111.32210591505
76297,36567.86623851508
96655,11106.967715559837
97329,6167.027868539089
104459,14720.584039699695
86218,9757.1796964961
92652,28356.5080225244
87708,10898.46741489903
89003,11141.795361883696
77758,9277.863520196815
80355,3460.096493755259
102381,9761.652120837136
102034,18227.39224855532
85449,16878.51879087367
108344,11295.080440988597
103231,11612.409013828918
88619,10471.614892185722
91294,15485.693803210735
91671,37044.066990610256
89398,13173.921644503193
97449,13075.640659664065
90985,24074.876763888537
95931,30907.677210277827
91207,15333.11488857746
93227,46608.78285509037
83380,8484.477638387683
88517,4402.659609682855
94074,26974.237540745307
83286,16041.071428239622
78621,23417.32737619729
78559,29099.35480988709
95517,23374.47801054781
90301,7665.912363189927
86982,16805.440037586814
79155,12911.036754576056
87645,12955.238145054598
94734,18998.43809602921
80776,9213.632733875522
80191,23131.784514908763
81665,20898.276312178223
95409,26635.000103318296
107275,11228.103961775192
88752,7598.222551043897
85344,13369.825826915943
96113,13104.956971738116
89564,14051.266402737388
83351,15892.146830402417
77727,20492.447084270647
105427,11520.919468821472
86511,15919.474831160367
96465,11264.049417699369
81345,28169.933351673368
102204,7527.631369876028
91518,46524.50828197439
103030,7215.280109009092
77586,25530.47542994185
81802,16686.341385769454
97913,19318.40070401565
106159,19541.77254607938
101107,15888.34598399628
77988,26643.109534177485
103558,8053.545642606967
107080,9800.252928267408
103080,8022.68585148321
81729,31737.16235079904
76576,12949.467043872406
81302,27399.254679070145
102815,6936.128687701823
76838,117804.1546708402
100835,6898.891649495069
92600,25138.908125233716
98836,9535.722415252738
107734,8960.528919989854
103146,8374.935413844503
92838,30152.447083400104
107210,15437.119035920154
87193,8329.627618921486
80803,22204.945231716403
99014,30316.59834189243
81317,14557.050493484276
105975,14652.2894640063
91289,13966.742157383933
102427,9259.468595113494
88770,9244.753635201618
93130,13495.65499466868
91428,32053.27107583841
101880,8008.599503445486
96317,13947.303277559306
79846,8204.798369848133
76152,29724.888794428764
98591,10025.812343947448
83409,13747.620090459955
98307,7051.836221416492
81931,40424.46195138627
90083,6984.701585818258
77773,15466.237701741626
103635,10468.5781668082
90621,7114.861872317668
91055,20086.805933300457
82011,11681.681945509012
84194,9923.446478627136
107360,20496.870847558992
89868,13727.68130201815
78774,18563.80945064105
98229,11792.712455497816
78895,14975.868027145663
104821,10666.008240461491
88829,17631.832580739643
103561,10929.868993033348
95077,28635.3355405634
77218,19701.65591276584
96894,9569.951495352709
102467,9394.8247317017
80026,13481.172047203849
81904,31485.64935064933
79212,20472.417134454558
76081,25639.95761484661
102446,11602.619921483682
92123,33578.84767507391
99505,19110.746968660067
90701,32357.262911805352
94131,32420.32562494316
98499,9598.53315327383
87292,16620.787027910003
101982,7106.699601135997
79507,14508.152013023657
80367,18473.47559719782
87303,9311.074201099576
90939,25163.49112893773
105990,21665.388658768214
93538,34737.856470895764
96747,13976.56868920481
96705,12048.158552528594
79540,22339.437455469248
97104,9070.344966194967
83406,16816.283946807194
105299,10123.622514551982
106722,9732.213088524555
105452,13518.123943928887
87290,9326.433170022305
81467,16866.433602945297
105170,27002.05349324378
93330,17978.15139643047
80272,20997.89453322767
107730,17961.664065290155
96010,21425.299653123813
81845,21634.10567828117
80811,12245.551840304706
83571,16323.655948701708
105322,19403.982795167216
77762,17902.7779018445
102039,7316.316121991527
89712,7783.192365554266
89635,16065.171753669269
95445,29473.890063291423
83168,10683.860988507327
97583,7871.880742899892
90719,13545.577329530275
83437,20135.10046391123
95182,24231.35940343404
85203,18548.63924367171
103788,11543.98257716274
82303,14625.522222948934
75983,35458.48377470395
86812,8328.420117187969
81841,28539.210698109702
84828,7447.653812970559
93783,29568.36641072863
107916,25179.289653762517
87430,6960.625955910308
104874,10787.872060463513
93137,17415.294083214132
103047,5447.091584476308
102110,8139.780245878717
91435,19692.632878416192
86558,13692.353205264257
95141,25492.5040999938
101513,7027.354197211276
98883,8702.87282158958
84488,12934.543280454627
77317,28487.13203886523
76345,29687.08180805801
91779,25212.358243454983
76882,13259.63130318532
90888,10147.543374285044
98663,10443.065653921269
95756,20193.616701048417
92853,22992.681399848883
105681,25098.061151499995
100628,8989.091855797222
93663,17078.223614535586
92183,27213.688954962527
87635,20762.921008068573
104386,29675.30217676944
87388,14167.926092872887
77217,21235.378089891303
96722,19308.702114266365
96916,13535.23144226011
77168,52497.9594933836
78963,14657.620350921336
93780,24015.64676454535
91677,25954.032072808688
98082,9132.600007228732
76229,17698.600479796212
92338,26012.72774561332
84178,14150.992400994252
106784,10513.704862647222
90742,3577.7730401717363
96034,19250.48086611441
98064,7861.690591867234
96973,17001.593970795988
102048,8993.795917584766
106484,13295.73691255663
105759,13022.224013444706
93589,29403.530620078676
99057,13629.329191702276
80757,13279.16167023014
89636,8340.58641626903
83495,8049.001687577892
85277,14590.245614722488
91843,32590.574069181675
107118,25080.42761408709
100387,13638.860197725711
81885,26887.711445251967
105369,19040.528302271232
103588,7473.901638596473
89859,19337.94437637807
99533,10009.188308511464
107533,16876.866572498704
103667,7551.5259806104095
92303,31650.63549474629
98400,9894.069231750023
107283,10972.013344702857
77352,27037.980811302703
83662,16548.539007343144
79661,27528.52540495672
102007,12777.470061506505
97793,13024.274675453056
106968,20750.603695527167
91632,23207.86735428721
79763,31675.619166672703
84785,8878.171035821266
92155,15096.356795917169
76625,28594.902565523917
107370,8658.90555986563
87638,9701.009362297726
96040,8967.08740225721
97299,15006.601672765417
81301,18812.24342454141
83192,17264.06256714308
105291,42871.52222212877
87135,13375.142829926615
75985,33139.67890282207
82125,8123.55859220108
87636,11893.033219071502
78783,32255.265227806314
78662,6186.061821799162
87134,16298.997148796389
89451,7517.475489464097
100098,10638.965921851708
88589,8243.494497622332
85831,15506.50283296948
101724,9928.678661502066
107345,21208.837457970985
88336,10551.39940157574
105588,12330.03322876081
95273,29018.826031164837
101163,8824.467704037825
77479,9358.952689446398
80339,24234.88721571109
86561,10413.833297589816
90365,13520.798465522046
78103,15287.333420514944
98617,10506.789071887675
77621,35103.4043511862
91901,22530.36749070416
93087,20760.045482277703
82739,13548.19518782031
100953,7876.725688051352
80117,19214.18214897208
84174,8535.56146464897
106828,18562.363835491346
90803,15940.878399321262
85910,10294.482816278276
89576,8601.571465446052
106572,21074.683624112356
88570,22410.78203999752
95066,29614.15397560496
101114,7765.126880274141
90936,32126.935214517714
99197,7904.379443695971
106363,8130.401828784595
106495,12428.21497909896
77516,9184.55418925784
88093,3586.062985037483
95483,18132.74931664447
93513,66546.40236583988
102348,6395.650389545837
104779,11349.91696484554
90381,15790.535025982172
90866,18213.071179997547
76005,28619.22696052069
83160,20268.25475483733
105547,14463.98078187865
102598,10179.055689726089
104485,19190.366092291668
88186,6094.196349393204
100958,6368.705692813927
93967,35005.63018831173
93296,16586.676723401062
102906,12451.457536889138
96380,14051.029271369343
93298,25640.55954767421
84722,15184.06890628646
76718,20516.47224927911
80056,28487.38573274581
78850,19469.40842796053
100715,8723.010490077073
97058,24909.51682358332
85906,13624.187622587782
102477,7869.238053812045
78624,50923.82446994097
104387,18534.624746164183
104252,11488.248324067106
94178,15836.342712926078
106337,22206.516976103645
105385,16148.781696150156
83119,9313.47286118491
76930,16722.756170044475
78083,28168.344778488583
97868,26167.10754983492
81081,8600.245133290697
102325,8306.37422841553
83604,14059.823141813298
107825,5599.034111442881
105577,23342.85469545815
107308,8446.102837657054
103876,15130.559712450437
97378,19858.75480044878
89508,9754.964264748944
86933,11281.159561337048
100033,11225.352107018753
84820,16016.789141618356
88884,10635.48429982082
105458,6333.331174489181
103164,9863.444579492285
101838,6292.077606370996
97811,25383.39008078733
93826,25314.256514282773
86364,6317.698026739552
95317,25169.035132558733
80613,19986.08912881073
78372,30129.469464936792
83283,16481.26732935715
93249,29565.772823025825
104303,32476.130673090545
87973,22814.49314368263
89997,8709.151469268163
103013,7069.947805367128
85570,10262.328745917985
102979,5800.156266760365
78598,9619.907875343288
101402,5415.259095726335
87313,5184.880843621015
95505,23201.813916360003
79319,20504.91829777841
95230,31640.087046900357
91808,19435.18947077662
98678,9495.310490456077
84270,9642.084229061464
84932,9860.20918357468
92433,16313.271591722769
95944,18874.418280001948
101180,13930.05443503748
82624,20676.334300459173
80920,17537.883102970038
99771,8929.543321353452
86425,17100.796999722515
92191,21292.374693062804
85940,11839.653885234153
97391,15494.213772794026
101341,6726.435966148943
76066,20188.87013358976
93226,19070.212821161083
108367,10627.27304442147
83144,8977.567003212345
82764,9887.791229739962
85112,17972.327292321042
97167,12902.47967074482
105808,7452.116171178408
108416,25192.07055904593
94695,41761.100702005
100332,12249.141883806133
102829,7775.7448310257
83817,6749.0526240163
92304,24812.12598460446
104385,8881.642670919166
77858,26313.515999723262
104454,13899.167417430604
100292,13957.777543643377
88759,15385.925149945477
81746,17016.003524752865
98246,6316.485065311952
96680,8995.675897161884
84163,6861.903101479013
98135,11468.335899256976
75975,31253.22896142568
92064,13790.725363105255
78732,20704.23355180736
99528,15262.834959449505
97651,8512.330052192514
88195,10069.301145312264
85398,16657.17001870935
105940,9573.608944674848
83822,8510.970521109302
79148,20622.18784542753
101011,13661.318970106056
91642,25651.976553134584
92277,31357.45184800814
78438,13573.198924007542
103126,7481.555741533363
90247,16006.93556125392
105738,12935.228390445252
91585,23159.820003322096
99313,7035.316296901069
78484,11046.548642007265
91221,41190.44062384024
102068,15912.455190568257
103027,14447.467151648363
79594,31693.54920405188
78290,23637.986657957856
83059,12052.383653503077
94542,23452.211740512677
80450,16305.406785256826
86055,13330.911948378118
77128,23954.309608466443
78459,24427.58447509952
106614,8381.136453340074
100580,9131.581118960688
79200,16978.591925184104
90988,16683.799929553323
95354,57249.91374636549
95524,19824.623061174272
89514,24661.850673833927
100494,7740.720533544703
80365,29365.62890264293
100498,6235.230732951623
94820,23980.82421934833
95203,20154.85931747131
84845,16333.96682507041
103726,10691.334162534864
78164,10491.774380603269
85894,7796.675399525943
83974,11445.516837943203
100042,7763.163728014741
82641,15170.508138594258
89331,10212.518508098095
104138,22618.047626172403
84136,15491.213652786257
93037,18461.89033300064
88791,11904.569786015189
102077,10611.702361185817
81882,22069.11605770475
98035,9790.852974745769
108194,22346.52850329485
101297,8138.912583619433
98938,12983.560501627027
98486,9535.1354061822
83293,9138.890960581688
96404,12355.866815830046
90115,15675.304653041538
100205,6867.619130820849
81271,16095.887333595145
99430,9847.65843416592
106622,20004.86734361474
80213,24454.096185115868
106624,20022.58970958062
89907,8855.995901229104
92178,12817.461620628996
94849,31658.17115686759
83585,8023.914990925923
85742,9874.921570581031
98510,10584.384416309736
95629,34401.31242601042
86114,11650.36834719194
104028,23504.39724192628
78862,14615.124346464934
100720,15947.339525856682
97302,6381.3903987417
76761,16006.43811791221
97918,24088.534657567856
95704,12398.335430003472
108116,39955.52616191645
101381,9415.674092380388
95542,17422.30076764462
89609,17704.20343052888
79374,9899.750944150514
97399,12786.987383756416
79350,13522.39237642505
101700,10309.684897695448
76556,19145.792623319223
85945,9570.498750287812
92706,28796.095614687794
98698,12056.795394042583
98683,11960.820068505182
95706,29777.961670026933
91170,33350.07857960611
89870,7028.794935478764
105665,23468.084658454063
76774,15374.414974242496
106996,11632.40453151694
100111,14675.766383167327
85146,10193.772212736789
87623,10890.70135517008
106125,16723.419524695084
81146,18242.42892330452
82472,15525.87821072306
106621,15830.881854807149
92229,17223.313584165633
100574,9792.259889850277
93325,21630.897893609348
88820,11992.079492281631
95448,26692.631710035872
94293,4470.031827304621
83682,15483.008410150152
82826,7949.369776822917
78729,13531.421645657589
82431,9589.241307890285
105701,28089.856015617035
90828,15319.352782560654
88782,17252.5481427476
90765,22287.463194677097
89779,14514.04799586812
93973,32622.239403559943
82915,12773.431988899574
107131,21916.01013402674
78143,33177.98787563676
101557,11019.33775696382
81060,22646.212828562548
88032,16762.80830312467
102913,10426.337050685655
84050,8334.393413562648
97797,12082.038034698371
99183,4882.654398051542
81588,28166.326628381965
89819,22865.916112412648
86947,13875.010585171152
107568,22083.71137380712
92085,15141.165978997196
101729,10526.317263643256
89417,13987.919439263203
89797,8070.258465193151
89349,12389.79484209785
86040,10647.737772464288
85454,10263.557669403412
78374,25470.3499562028
84084,8450.20420586834
88370,11451.10689335642
99555,22352.317311031893
91675,83924.79373782917
87112,10574.180407758267
96235,15481.816151494617
98203,7422.525116774161
77675,8350.235970056
98775,7820.523397138382
81614,24013.864104206343
102391,11739.583164272784
77097,25971.6952956194
80494,27071.219675407883
91050,28059.35759796871
90412,7330.440322662951
106318,14449.414885462853
88976,20562.144089790778
95898,30660.78726517121
107839,22402.72278410396
83737,9166.23578663976
99929,13701.802699660824
85736,15135.849251944284
100856,10204.101253092003
85708,14137.390224942312
90131,9458.48727106311
94568,18284.808749357024
96466,25385.487419277764
100117,11921.713486370203
87585,6383.626285217171
79106,13143.617987465572
80237,21309.11784131208
91302,25606.31329388842
83945,15347.95761527731
80650,26253.759241111264
95104,19920.90338245155
96677,5708.34380686732
100682,11085.0408126451
94464,19497.03341679277
89293,14703.24001598037
102107,7184.44637417682
92219,25243.45338784397
87853,15477.892226591135
95391,23174.266996858987
102232,9933.99683943262
83035,8836.571416923813
80636,11697.340264208276
105398,21097.682150899014
103291,10234.37991410161
78340,15916.364385311274
107130,13090.383607089778
85694,11848.761978111124
89901,7392.0727212521615
101501,20364.79510241406
92797,53022.60579676857
90279,10570.742002825731
92115,29844.282231307025
105910,11567.400507681372
105226,16232.86693552552
94797,24952.89822632373
88857,15250.917025842196
91374,20034.646258147044
106841,17026.963984436363
90283,14133.083319556705
95421,22922.629721946345
102374,4354.698032192868
93581,24212.78142864272
77463,38002.75333741224
94949,21921.938327116608
79220,19559.642521655314
82822,21623.439248128663
107897,6445.962210549001
77398,48674.04801292872
99943,15089.638124820816
101334,6845.078360222835
78664,13403.58243611952
98917,25081.347241154435
98320,12971.787082551931
86414,14582.477075635084
106690,14054.284720181287
103656,10262.670416009092
82816,16029.089441262468
92595,19662.588625684224
89058,9241.93577274996
90981,36576.72956880029
84545,31129.72889256709
85121,10647.129736663612
86786,7903.980167963202
104318,9656.135265022654
101816,9758.814232627625
85525,8966.747560943535
79169,21198.975930395896
90473,7640.011868843196
76459,33382.39509849227
91881,18972.804532205257
76343,15035.82752261055
99475,3377.727758158888
76756,21834.14611799098
105158,8548.710174253647
82355,30538.633887200456
102382,11071.589729936508
102739,10713.914572726912
95595,27801.212222145725
92655,19794.43944451479
93230,23273.29293071542
92502,28711.73146617044
78020,11727.682169818065
76077,18059.508966342328
107845,8600.370080510613
94272,79337.28759327516
89239,16981.687266517743
81657,24842.00526637265
79605,19386.48507042544
92466,24275.25835516765
89062,22617.631780304917
91866,21362.25139096025
87629,6826.529040868126
94495,19051.38548604437
108301,9483.83640823702
97893,14907.95018222745
88636,13343.285670404188
76642,11498.025956199725
97723,5639.270390460115
99689,10948.198045728088
98669,9300.9644266403
107547,28469.447472397114
107324,20988.17738702279
96837,6510.3329109892165
87607,10134.318314503398
77412,29735.470405989305
87012,11608.719809397686
106509,27837.91052501664
96290,13860.890547140516
98997,16759.6031316613
80784,14772.508548582313
79231,17548.08510807412
99071,11735.09039094371
95343,59201.88589340991
106067,19335.16717713721
99385,24453.613352961693
108247,23487.13568500073
92030,48293.73099741853
106907,18338.57770484601
83305,10567.753550778658
77537,11082.22611024947
94191,30025.608950096277
106218,11165.114955812416
90895,20211.078383321917
87733,12033.443658160992
85938,12108.3816371223
92778,18492.848153611547
104351,23882.48251636537
98023,32865.328594863735
100496,10447.209029249976
99703,20284.71147553673
97963,5940.454067307956
107514,14655.121472951245
90147,15901.79812845448
78976,19502.017560677526
87951,17098.581738404035
87689,18243.819902176976
95720,28014.226409566145
81362,14126.74327960923
88028,8739.238433459746
101241,13687.388562999877
77282,19996.809190685235
87318,12381.26495714888
95832,14799.007281375843
93146,24742.494757541062
105053,27766.876902219425
106782,22353.542545051125
95641,25275.088725266975
101467,9548.736585391704
78487,20625.25348937084
97221,9289.37885112487
88550,12894.598423812608
102969,11946.809372431702
91727,28734.211410416858
102790,10340.952885935589
90218,10531.048232416031
95243,50503.16430792668
101112,8030.144517788669
85231,10287.68054153564
108368,16708.18833174432
84764,6464.266704705229
104560,22847.94081704588
88854,9094.61469182752
96342,27895.72583263541
97363,11931.679215275166
87222,10147.832311526425
85750,13980.460883162124
99457,10103.83630919276
105834,11020.69044206166
81230,13901.373694291056
89905,6799.055086447931
99107,12107.734690626712
97725,26671.20206546562
103383,8133.29895030305
101881,9832.255785218114
79274,35797.13167237503
106126,17726.11130192638
88014,7922.372677973185
81379,21741.489271523416
76685,11828.79968337575
81756,35231.93720434696
80382,20311.3407785358
87661,9670.541271070082
103160,15545.729004658624
81893,33095.1275903456
103538,12640.859931435662
101780,9043.417916569962
81384,17762.230665949326
106350,28276.741731302543
92907,18865.11314874993
99538,13070.999566352784
79214,18463.04345588374
101909,9488.884734693367
107864,16929.455012573606
100524,10396.449100717991
84466,12623.71683334454
105389,22405.15716469007
95621,16318.792092049724
85294,6516.266419842582
101831,12791.106723847362
104539,19629.424766279968
97418,18393.853376211147
84417,14370.532035283584
87082,8910.309892638246
90484,19526.231427155195
94455,23511.137551857813
88204,12582.336146555672
102964,10377.49663109183
83265,12449.85344825638
79644,27837.136555041376
103662,11314.777120867557
98160,18231.79397958541
86602,19086.577025588296
96773,17898.456346361927
106258,20247.114946770194
93161,24955.207999572995
84913,9186.187275492195
93566,28172.99939979741
99048,8465.846207510429
105009,20082.382243353568
78907,12776.205017070317
86767,14356.730614630098
91280,35571.99359905873
80284,9914.866963892258
90664,12256.290800594925
82570,13352.206378061128
97344,5569.585627285314
107585,18139.415498762268
88462,12971.610303149762
97190,7371.753848699482
105578,7968.781520367229
100275,10178.911415018829
101818,4236.19960629518
96900,14125.600346221609
107149,20583.695324568755
92413,34490.30279691807
79385,33386.23590253954
86389,10082.04441421437
95212,22374.990238707105
76373,20608.209325702726
78959,34987.326027970645
88737,6228.091003913347
92016,38000.03413379732
86224,23851.09068301233
82578,10164.117515461465
97155,9425.005148103994
107701,15132.546224611324
100516,5775.543420601198
100278,15817.579452969096
88637,15759.121340746558
82527,10972.583860779583
84753,7796.432499632358
103714,11096.905371690927
100322,12039.376985755896
86770,12252.785876414036
81754,32488.390823023627
88214,10200.181340146455
104113,13090.395887382016
104421,4103.514420811436
97736,8096.154544325873
103535,7746.217333017123
83206,15962.135485652794
106330,9256.462796784605
102339,13204.218914506871
87709,11521.736523914768
76492,21873.445659220717
77728,20797.47657376329
80481,19450.70881208493
103158,8182.280362204134
88892,13296.472758177366
100388,10451.288994126351
92082,32438.89948371497
81236,26792.38384175333
77042,12939.03687971378
91157,28890.785930651156
84392,16246.84083011567
93436,28364.00286839033
106487,22883.334574456843
76638,12465.180646332985
100756,17008.298321731025
89769,8335.35821796172
107047,25992.0000910081
107482,13878.840246515889
77672,51926.045520049614
88137,8026.168353838124
94234,45651.27865205683
100690,8894.55935137497
104730,16071.508314074848
80889,48946.6286146341
83038,7455.525635342065
78952,12149.747209089874
108324,21731.786166868864
89723,15142.769556690168
84963,8745.09937903135
82834,17331.48421967993
84141,12611.987389017277
94870,27845.06437529951
97980,20405.812097116
84101,11438.906585111472
103187,10268.787851629868
89617,12127.152048142882
107178,9381.904391214306
92448,25343.382472782338
105739,13159.932828227134
94934,16629.652237292947
106422,8430.4845864921
84357,8294.582861736251
81219,17733.459304664342
96165,9114.452766590546
89437,7634.306709496266
107434,26571.78060337161
104751,13072.201352354528
79869,43877.79732181437
108255,21500.28298011632
93706,19874.06859965282
77694,25886.61352971049
106112,33190.66323873356
79750,23030.60701852116
92715,30848.42441641205
91183,24321.149221523745
104425,15278.428529902783
91695,19609.27667831428
107783,22433.32565224916
80023,32331.70704243348
106551,11716.09150297921
88253,28073.58646026756
89867,15257.842252934017
83678,16752.25649099117
105660,17766.672207693005
88202,10628.574276609595
95119,26791.230273805933
108260,13767.947321665755
83078,8083.442178387366
82345,20466.050624711308
83217,10118.188436433573
87850,13919.828464930346
81035,41202.44814604898
79575,30926.930056687863
91737,18044.13142428639
87829,16251.5186596265
83729,10205.599100086843
85611,16199.3560952575
98402,7258.933783950924
92385,16080.725368950034
86408,11657.344653098702
86059,19208.121445828423
95741,45035.67027314348
86739,9740.670919179887
78929,25283.19308800989
83842,6325.127497138228
87907,11883.396434888473
88079,16161.380568721168
85643,11424.127812017048
81382,18984.306473678887
83493,9815.53423455316
93460,32304.565052629805
80412,26377.655643066515
88171,9432.245957817744
99783,11083.796342995613
102777,9462.66094746679
80663,33867.28807769933
77531,11482.734185982796
86865,21943.09273803073
78461,21164.212915694123
107352,26066.13141666727
94120,10511.792200162632
79496,25681.588546701703
80515,40764.10330429828
91344,40381.72525097467
79373,35538.172429906255
96220,10754.0451248377
93246,56955.72145354236
106908,10234.788048506509
78245,38527.78990015954
94731,16812.1954485554
90402,7220.585755767615
76206,53190.03813757886
98559,9326.813046096402
88796,14659.019432167068
85816,20268.223572007613
92649,32335.868925178984
101935,11579.716441219687
105463,21147.664987023152
87365,8126.601390787656
95227,29709.686305529653
93234,13992.84259731197
85937,15793.819623935098
101266,12661.60209792102
99571,10056.801651735736
85700,6413.181828570708
107102,10458.96682850006
89204,8504.289962008994
107013,9166.486797881653
89174,13828.491805415626
105413,15743.491355640504
97676,7622.795052240312
97236,7367.775219203487
103159,15772.31866024862
86515,15130.773259966834
95748,21322.93506118094
103941,17081.21041449174
86393,10961.74705961217
100154,7765.050298183624
96775,14761.42994324179
85975,16032.708688972816
80620,16705.61010657084
91545,21287.309293654765
90512,8989.429207106332
98423,12886.44154458044
98191,12652.036578765674
92713,58173.52201361538
106242,18328.88681517963
96941,8726.70096397798
91711,16043.833726305907
93194,25374.5467044618
84431,16175.640674922714
106092,10607.060306247637
77699,10260.490202115658
107042,22097.225406223224
94581,115080.2258011701
94719,27415.865225379457
103203,10710.10185787039
90527,14955.244240257314
105553,9962.9734883953
86257,14589.656651192276
108539,7808.8110778413375
80580,18271.328925744667
100564,8613.202791255842
107330,15057.92284959502
91726,19038.31323256472
102084,9464.753872389676
87088,12006.302187187031
106757,30545.45036091694
77040,12773.195699858936
83253,12830.864406826946
87231,5968.457769346757
86913,7116.327929827342
100372,6895.2395989373335
104194,23003.611995890904
91979,11940.565482845532
82139,15621.260871638013
82434,10117.670849773182
95418,23024.21482910065
76862,30769.757695072305
76939,13516.242499627027
86454,18568.81808523066
98632,24437.853286847007
77936,31201.548689492887
85823,9934.07861241846
88035,13747.333282059875
90469,5638.474285380216
77882,28104.80009349419
91663,19900.431453039408
84326,19704.02766386917
107834,13623.758054858276
102220,13776.111070533403
105246,8811.333233710307
107828,22401.03225704081
78808,9642.894463905202
87428,12954.058317359882
83186,10710.771863314649
83578,12497.193688230158
76948,17878.633991964016
78241,14903.456708252455
79743,35803.57843978683
105523,6726.439733508521
90957,16295.840628791251
100382,10027.479690628388
76105,17077.504177910465
86104,10319.94405437134
101922,13407.818315964912
76554,18144.339749486702
106985,21352.22184160144
85689,12669.375733929372
85008,15958.388082593465
91965,16972.59989577425
76366,33458.16299857784
86191,12397.5489676784
99663,6590.954094584528
96285,9488.012944925413
104099,19740.52349011699
99056,9217.819158495831
84374,9614.562632010518
106354,24858.76481357743
93698,46488.33565626967
96634,8826.640086885327
84156,8039.292806417799
108084,22008.41105127656
87399,14292.320503280418
105466,23610.991843868964
80586,27391.59312459886
92580,10101.404942683814
101845,4304.512874594427
84566,10424.774457437325
90141,6818.768780391468
108378,10896.552455652483
98277,3046.660579839945
95092,41583.77040315097
104064,25193.089400720804
107637,10155.30119310012
97365,14827.695227560647
96955,11925.14110281464
95760,16199.002604073645
95872,24285.725939233384
96240,16760.139413486606
88163,20653.826769882464
100611,15833.311605174418
78881,22492.12523263893
101061,15051.752134908103
107426,11874.44081501816
84044,13906.955625926948
104552,6444.9508423546495
94780,11745.162979498247
91863,60270.50694746764
100864,8964.34094277663
81237,18081.630706539243
82136,19760.35200448947
95905,12871.00601172565
106384,4331.995708229611
104293,20572.84389866396
81454,18687.48880449532
107302,21817.79739448937
104291,21765.6194543241
82868,14453.140281103242
97858,14711.024720182006
105855,14206.283932131966
93166,17612.39979384141
94741,30535.14205719689
90290,14299.915710468516
89573,7508.237967546576
78623,11272.375793748392
98815,10688.76470285364
108391,8786.19508555174
84762,10077.500634020029
91318,24633.13463540751
79163,17882.6657643313
95977,19362.80994302914
85867,12044.71239524478
88322,10373.94978105238
79623,21059.193920929705
98269,9145.738051941173
99650,9196.539092745392
107902,10597.955300368614
105941,10261.226630363057
81949,12563.150407964196
79343,26829.033935512944
107578,18823.55927144107
99489,7704.456007078769
85577,24110.81677621103
96815,9964.923889237018
101625,15467.235051894711
77737,14579.110097264193
104092,31796.96419034042
100181,11664.506221691414
104928,6783.601841735918
98913,6624.076553035288
91602,30645.941243610527
83876,18573.378189042345
89307,10589.558809544807
94093,27516.36324165073
90665,6636.748153291141
89424,16043.820926426675
89966,15385.024001802669
87512,15552.930768225426
93925,18168.040913681198
92819,42268.099549603125
93100,29873.344512245363
84387,12469.299800810712
102337,10848.79574326578
96351,9038.11490898632
84790,10264.599995137009
82257,10440.3672374097
99957,15506.277725521206
88917,14854.369797894138
95068,28327.13586272225
84509,15683.161015070687
91624,31596.70989537317
97851,13634.737695331623
88699,14677.183019003707
100216,9260.714414249933
103752,15576.937302298653
86444,16300.45816095684
96692,12769.306250276171
99855,9435.735298524309
80299,33292.03633638547
106960,6655.761360721768
97471,19161.364082833374
84560,7016.430137835938
102670,9684.337143013929
89279,9671.515602719428
101965,14199.918751584451
97569,13510.235945790422
79614,25333.708040672827
91772,28971.26971788588
85007,11917.573286099694
106561,17313.070281832388
75994,22047.488158246902
79691,34414.48561634947
89364,17116.768141964305
78875,14403.263712760168
107066,30128.378374809145
81507,31893.233372643303
95249,22868.342643260443
87015,8520.618241599219
91324,17091.79244602946
76752,6910.6991626693125
102171,13563.924358806396
101910,14007.525533246648
103619,15050.69143960401
100128,8951.007248392318
79404,25289.28330998884
93180,27306.62975748609
98208,16025.279523690944
79595,21099.587221294794
80232,29424.32387383752
80698,26412.197060565348
77442,11107.894006231909
89295,10618.208858349097
107982,8438.648200697007
104260,9079.370616255275
107081,6629.183695651742
84397,18795.806769470128
76341,12747.007815239966
105837,20644.402723767784
87758,17269.024008471024
89085,9679.272105391798
85464,6272.854895642263
108404,10034.598719509017
87357,9187.566973512368
96567,10934.081997111314
106723,6263.936502964
102198,6926.642427499517
97673,11382.86725276081
94078,20465.095626722563
107507,9999.773812583751
97681,6280.208984805641
80033,7586.945927908883
86656,16288.154813063764
77797,19281.476270078536
107699,20141.609248625693
86945,10463.48834842238
105222,4243.157304359687
104904,11948.548159662256
79731,11941.083233832376
79205,31594.976524698977
94275,44862.38053654408
83219,11795.148352508968
93926,29762.01917763694
77804,17367.70475471217
84512,16457.61371240531
77215,11269.459182491111
95226,25177.92269679828
102992,5905.4158784878455
98108,12348.973819588558
80629,13048.135693795572
98788,14960.02848179329
84971,9694.183593993448
97484,13034.287118334249
87887,10815.421866744857
104294,42885.56876130794
84316,8910.455584541378
105685,23807.10930722744
84866,3248.831909585268
108412,26489.851140650146
83463,16493.93898739196
105005,17167.906648586413
94134,17418.477713147924
87832,9676.17299707166
106089,9774.641849136608
90745,7236.541918094764
93579,10855.211810432862
77750,31310.40444191654
101618,6311.459171256811
101148,10568.244078902131
91084,21121.49061071141
87106,15810.586261096683
89045,8712.55478068561
100365,11200.844271558108
107100,18889.040629917166
89836,15167.253407553946
90463,10730.09560346877
95908,30304.30728483997
105700,7332.05605214051
93105,24616.77922605942
83244,15685.619939366648
97603,13625.93897109845
93616,24333.38311128399
94245,22734.31891267434
90752,14943.766151448492
99594,12838.027327393736
93068,33282.59163562427
88443,12061.065656756791
92592,22687.820031572504
99796,14857.369736830116
101588,6711.827846440479
89633,10246.882879315695
99577,17218.910553842034
97165,4753.530435220777
95686,13468.581199811752
79266,25722.956024098166
76351,21643.960225554416
87457,8510.350117810476
90220,11353.44883628922
87855,7579.301927838014
79818,18739.444568462517
91024,23287.230331653376
97908,11610.13687782691
101556,9611.14127076467
89750,8106.899058278476
107781,22896.31208940867
94151,10688.227701243177
103214,10112.482350950992
89012,5671.956985967096
80997,19650.27282248351
90002,15522.657817808951
88243,15079.491437653523
77631,20650.41187041265
76185,39022.395341010975
102767,13711.542035950584
96776,24831.081819711508
107630,9570.431889377216
97550,10425.667660353936
91871,17115.849763764912
84499,14605.678186115774
94523,24024.97059401156
95467,22820.828880811976
91735,17840.675190939728
89874,13487.037615468584
90168,7592.01422351779
76765,13746.777151912263
92590,28556.01759979248
100529,4929.63553410723
99330,6814.11531658086
92566,26908.54430228172
85303,19661.202837458957
108401,9610.958566910862
107621,9092.98046157823
80471,16816.116144999898
85478,10860.655923718325
78386,21517.88867430097
105016,17042.717000884135
76807,18762.00392759708
85036,4693.724919777782
85428,10601.065217397112
85783,9614.519891771784
88510,12947.437015511969
89262,22234.84464045457
89136,10656.67813399509
77193,55545.84303484207
88928,7353.769854130687
85930,15945.885563156684
93387,25979.869444342006
87348,11696.149732762668
106766,10498.984272003265
94358,15927.764051126209
81582,12826.639162111243
87880,8606.617167817254
80554,32266.01672820877
103295,10607.60609631056
86265,6963.024041474684
85650,6261.087459658912
78496,9910.2812600886
90155,5784.448396005024
108366,18544.747968486263
95435,13964.694632997143
83433,16407.16958754745
97917,12322.426992613577
80755,16549.965144835143
106070,8435.64230061345
80354,18523.988944647368
98453,8326.961559587511
100106,11701.364797784372
90408,23953.55998483997
83615,22128.266888730475
82425,17232.00405084152
101993,9795.721838548268
94522,20760.386358276664
84782,9163.136395615467
108223,13364.186355335274
96160,8667.919902168902
98432,13162.942498855202
105363,9654.073790027194
100535,5644.262426035532
86591,6849.5221942608805
104667,20363.809099667546
90913,22535.35299545924
88935,12726.739709331856
104570,12819.59598931919
83610,13863.815215549144
92006,4907.28662114599
86169,20288.694667219585
82827,6878.129162604421
86592,11020.179380972831
87212,10269.696324671666
97120,13266.834821883687
77359,16265.47183711832
104752,18199.895306783856
97296,5318.968170058548
76528,18396.41663790433
94678,15058.783141266013
92677,16778.491843004525
79068,16930.756016016625
79258,15077.677349075188
85903,19274.64656695832
85139,15919.871171079354
93427,18145.407346462263
83820,8604.615236052734
77286,25564.10138805805
99210,7144.102943459889
87068,11591.890316713878
83423,6600.463398653541
104277,12945.008439594552
90679,15084.93348564225
87218,16103.158151115133
85604,8296.36753163424
81045,27865.70404265176
99525,11030.551429378324
102332,10092.681179914687
81248,19213.291319767657
94626,40421.04237895859
102031,5786.696833736668
99240,20594.696789413912
104198,7607.54196152457
103296,3120.942437918559
105530,20685.849929235563
77830,13077.075592958132
107707,44683.24470409488
99875,51401.45931241722
107727,10178.05935814232
86279,10911.59022762971
78738,18259.25367048169
77514,17797.20425999577
83235,9148.059891747538
96964,6565.058384215153
95157,27318.527814357607
84407,7736.061852010926
107930,14737.475906284306
100103,15784.021570809098
97895,13365.709114605464
96823,25327.144960705635
85448,8487.610646378402
99246,13637.058056127473
100586,16984.564843273292
84536,8773.532572918497
79744,13136.378270220706
89433,7156.393913564811
93466,19316.314534247987
80628,28232.671463071507
105144,30133.33843483248
87407,15555.48111630838
106295,26318.504848740697
84239,19543.270094799474
89362,10703.511483298593
85099,11076.397010934465
88071,4306.588026289814
87696,11604.55344390503
102512,9783.097531601336
95911,26991.628343290045
85069,5059.567231424337
77710,27251.67435657178
106234,18571.546072141013
96338,9096.181913195349
76534,30464.09531677069
91330,14808.760198638018
99229,11809.70623405631
79318,13267.542804417892
87465,16371.243319900625
85327,17964.310358144656
85601,20980.05019372677
84287,17943.795175324663
99523,10755.82695867602
85692,10541.813538096168
101573,6010.3390901331
97295,8909.438396078793
106567,8561.940018617139
76031,9230.408434040506
96219,20177.106047235186
103153,10036.220169972074
91126,33032.20336411928
106188,23967.19025456413
79174,15462.233756356312
102013,9626.55747271468
104603,13276.205535787794
94006,24045.39515977156
108326,12574.400357908677
78483,27856.539259862977
85801,14619.23712046733
93295,22040.604498944936
107744,16483.050903860163
100171,5661.207559600744
106558,7619.206821547634
100806,10651.007013456488
87732,17969.299844592948
96227,28187.857389712408
92111,27809.757139985966
86147,10476.283156158102
89519,15416.796172740756
95271,26130.42383823314
95264,27231.15415210519
102294,15500.962866133485
81966,13964.386052534268
103012,15468.903979163508
106989,11072.652620835435
96772,14647.838586025671
102972,10272.212100385656
96306,31605.698630038358
108418,28195.561149130117
78045,15766.953032449002
88095,23496.89490141008
107561,20637.70855537144
81795,8819.155453273268
106736,19105.482628480982
89308,19998.74187023954
92852,28037.201001695143
79486,14538.688810691878
102942,8330.921526665505
104342,14027.33478213399
92242,31775.337483323856
107000,14694.825101906994
101869,11693.517509409794
103744,9041.499412332474
92316,19925.8570990836
100386,10186.995990072355
93123,50305.308462290646
79755,44341.25137979821
103598,14334.690102584476
85309,16126.583684130765
99062,5882.559548134013
106747,25865.190030063044
86675,14933.261696503369
78833,13526.250830907746
77194,16308.338313564784
100977,10468.9988292314
80837,23287.6625341578
89253,19922.081065303908
99368,15200.017492077755
82058,7324.7719917690065
88519,16312.842946472054
91242,31371.08929591389
80897,28073.81020197409
80505,11435.399255487537
77645,29590.50118879184
100818,12314.379971339438
101021,8326.94059049272
80028,35239.16348544294
105669,15301.31625483061
105092,4823.631627934146
85973,11663.49249524562
101110,17713.80307377913
87926,19917.447514117885
102411,17720.997171858668
86210,13312.79079976598
106999,9450.281696289669
86228,10200.596200103177
89278,12940.407377600037
85460,15551.352973556142
100527,4577.743324031534
88852,11885.95847776825
105762,16821.64237931103
100149,17876.190450736467
80290,17047.818615256194
85953,7969.361084281125
81492,17304.080088192237
76831,18615.096134815056
106123,18275.7601595269
81945,30484.4377905612
96796,32375.98130130629
83848,16186.178521642469
76568,20688.187474656814
84777,5908.796312340364
85159,11876.688951884464
86943,12011.107166336407
85719,13747.832619736968
90325,2968.808217346311
102061,9259.112197469056
77924,21937.30103593033
85093,7571.536703358381
101892,14951.768030092975
100848,11741.77050112186
98725,24340.011781327543
83883,7434.403863351023
90754,8187.464395047963
83803,6558.347262866344
78486,14465.049883236665
82705,10308.971390023318
81532,47270.93113610645
108285,26447.21021584777
83833,10883.331155500284
98263,18434.006502250937
87000,13567.498700566906
80673,22049.151009552912
78206,28352.007954710847
105718,8073.540851359336
93533,19901.296234173387
92133,31680.6393831778
91065,23812.047236934788
87899,20128.3372748897
98017,20640.23242597893
99570,8393.495631431962
85188,17351.38040329849
101319,7302.132028158319
100142,11809.530814703749
100019,8657.898915961385
96598,12442.74934632676
81397,22737.912604901947
89238,23108.121429350016
95758,20696.840680026773
91540,16190.008299391897
88474,9372.577342944043
83465,8940.999833330154
103092,12157.28335437411
84968,14954.69173042238
77523,21736.11636607168
93366,27975.255336868016
90815,11332.82794283441
86902,8378.96677003917
98479,6962.393196214975
81068,42646.93903265869
93005,12346.269198126734
79216,26780.659364873813
87027,13710.952101455709
97332,15988.674651303128
76700,28974.023582331956
92098,22988.303860324537
90564,15178.49439779253
85106,16950.613424251278
107907,20110.633435937078
84142,6690.225988541877
76304,26642.426009880062
83000,10123.659505694926
89782,14756.139333483206
76184,3379.742526038751
107539,10149.76025776924
78236,31159.02119306726
82316,19094.493506746312
106526,11225.303468347023
94138,23327.304294675192
87340,15136.852483286166
79516,19460.63945405729
77411,24456.40092461145
86680,9805.817000085784
95225,16681.690393259352
92224,29625.898583777704
94791,17150.311582725597
102989,10049.159351951916
80765,16833.110450561795
85393,21152.144263371138
104860,19433.76316553167
102484,13237.428365927664
103672,10654.098818151791
82448,14450.295292352526
85479,4999.729941078204
94775,27978.60010869823
98729,20985.881089939023
76893,18254.880914966827
88144,11573.690777887175
92369,13313.044274644755
80841,23458.003515140663
76791,17908.544116851386
91845,15676.60839575724
86949,9619.527788494308
103913,18566.466170787764
85869,10618.942858600363
76426,15717.503149533612
85214,20935.495898540976
95332,21593.16895434347
85821,11037.878348640726
79430,20223.743276911868
104573,10510.247175898745
105788,15612.732645219312
104867,13661.52731937966
106367,17219.559969461894
108241,14845.472704011663
76913,44135.60093486212
78712,36276.14155182978
87769,9819.6184002049
80169,20354.700348409915
102028,7953.549894624682
102001,11512.659254391068
107798,41578.66414883287
80044,51523.42387462188
93757,17525.015853860798
104233,22095.42506519842
84195,7551.956660926473
84096,8127.696323251973
82336,18504.553122929967
90423,19378.37188252916
81769,18102.20974269069
79650,15140.696091851423
84837,21594.98711058161
106303,9586.321899961566
98551,26468.786453364883
100452,10592.721829675427
81161,24747.73397285687
101116,8299.66296582107
93465,17944.002507247722
92749,41200.62965321145
86281,18071.086059945686
95586,12153.096199513797
78235,28163.678890383075
102754,9520.632618266336
100017,9515.036501961586
102637,16859.73612192079
98192,12188.72218109072
96683,16766.138523973023
103968,10451.830169338478
89159,22127.03628921284
77752,18083.04251476485
78526,23599.420059848864
108387,21757.619256018526
78659,27463.801772161736
77013,22042.74981978132
106480,14569.674928044124
93920,24802.143200027207
92912,18775.85215347388
79044,25662.237457128296
96831,6503.318317111873
83502,9664.68815618243
99420,3820.0725918250414
93785,11900.056548491117
83739,18829.79463985161
87018,21997.030816877526
93773,29405.832227770712
101674,9625.770618974751
91655,25257.10663327638
104412,4751.832211931398
91636,25391.831227496103
91101,16486.74152690656
102437,11793.016621808269
96958,12663.535500334454
83934,11164.224462339407
83372,23693.414483309494
107296,14278.739887426833
104909,19730.611839953104
103886,10417.529806468952
98858,9632.737104458103
86276,10881.977116800366
98148,13232.83508734268
107294,22445.491565460223
81812,39150.76808604228
77997,19437.280703359604
104626,9268.043602592295
102424,10483.239817536916
84992,11823.582824187266
86867,4379.385713811129
93370,28973.124452900083
90804,16804.37301963535
76001,12035.198381233937
85691,10215.826998486446
76328,36382.03044999079
79143,12662.100991876216
91356,9656.410647828268
93553,20727.29557616083
93673,22896.21285587752
108239,9842.794082751818
99923,11813.88265488801
81616,36763.08198808878
94433,24564.73439106071
99985,14027.893137570594
79648,34357.41611260052
91423,43048.62306394169
96581,12247.722145784115
93321,56421.59087640697
89736,15386.353988268496
82722,6779.019240896403
76093,31652.22852499868
82767,10341.697335593884
101615,15988.292236766316
96585,9605.292470436709
81552,16864.81337875195
89656,14698.879769351484
76301,14485.037274777793
80683,39007.85222054171
95638,14850.019691247731
78343,18927.219165093717
81495,27886.32116911629
78517,12077.128096843946
91764,16258.947884573778
87050,21516.66643687632
102877,14386.193085564624
86844,11512.545709005648
94535,14728.594864977493
80871,11493.453911614512
81126,9513.11282556756
77182,18139.877768595048
89335,16352.641578402254
99612,9815.499461371062
89041,9128.693668763002
104165,15337.437549294036
79096,26935.543504188616
76051,24575.828216894555
99599,18695.351511378893
107763,15170.348722906368
106646,13101.70275464439
88985,14963.5310821137
107109,25388.705025870117
85110,19055.27490557697
96907,12830.551495509662
106806,13866.695111383397
105409,10790.727810089986
105449,14951.1872394286
104042,22750.921537900096
101299,11529.404829700476
102434,19615.31274616624
96363,9355.658078946077
93918,17439.66057592402
80842,54827.97563477843
91578,24402.33110011761
90458,25207.13801418122
82186,21703.002332261927
99767,8181.783209930932
96898,30020.034811201516
77755,21767.9831989795
82958,13733.322579928
89248,7633.556520948894
93452,9306.18445170616
81517,11720.103366387008
77919,24813.61772960181
97110,16396.606362259052
107317,9234.555799908125
106102,9122.434986502109
93034,30973.020419451703
103446,10685.195273938907
82762,27531.64505364866
77365,22514.123610823077
86634,15295.899966961522
93109,32481.64554180803
96094,5070.061564548986
108191,15533.676589750963
82667,10141.253191372383
87953,12027.724403619524
79188,30899.123069916302
84962,12404.31166712176
88377,11350.465296194938
85942,11781.301646822034
88278,14543.283441642145
77743,18368.325119346147
98341,10083.895715851366
101197,4582.952760882818
102838,13285.110945658364
86885,7839.793901025574
87648,12133.423307246849
78995,22814.21825287553
81374,21476.960200723275
83829,10597.945552101692
86073,15781.957158152312
82848,10777.479177370898
101727,16128.465251806423
89929,9026.881956480238
108534,11683.385871010156
80592,24430.537711335823
96292,13535.610541010645
102569,12808.369931402947
84692,16252.886205182307
84531,7968.83399757046
100173,7671.193738784099
90263,13271.433143247164
88489,11787.604618748324
83941,22448.405529232143
96621,11526.80531975521
88427,11820.256717714634
86625,10474.632681361158
82798,16075.243644429896
86084,3660.646185953652
93058,33523.75992533693
98527,9461.45324673597
99786,12440.993849749157
84132,9284.752764051696
101160,10465.572128019106
80396,31418.50334082973
88132,16133.32360127544
82835,16264.500449100604
82959,13267.570100614888
97225,18502.28176783823
85463,16819.07926127354
96733,8872.96643123583
91820,12052.72291777713
105870,28163.25090204244
83255,15820.703709184612
78899,20212.356279834705
99812,10915.846189885826
85798,11350.297026867163
85452,11934.306617843326
84706,18240.41873123818
104289,21959.443958740347
94785,14561.557410182988
96707,9745.928612835283
92847,23818.884525276346
96054,12346.958178371724
77986,59624.2800017608
103435,8558.229580699039
97008,13085.3509455326
81650,30991.51345805229
76920,21661.176134305813
100479,13377.04723348095
78120,11522.443799243876
84761,4742.776444678749
95062,25473.43429921249
83102,5483.637405336994
103872,7872.385838904564
103816,7807.404926900392
85672,8381.418982805462
102125,10882.01404821431
86928,21512.57959503504
82814,15418.749797784883
93167,25669.735103239294
97674,8981.107748960552
107400,31133.10436509465
92669,14437.454752140353
78046,23425.434965890265
85703,14082.160048555908
104265,16977.721860170568
107786,13468.367299281792
83707,17521.64327943216
76858,22804.068399615764
94147,20259.38189678546
87307,19603.838584747024
90594,18780.37785494359
91305,30798.43511617549
83302,9733.633505688364
86173,18593.4096292292
95811,21047.614965238958
79868,16320.620037519766
105265,14153.107931585524
107009,9287.16111133447
107281,18064.744702029657
98848,11837.211896260374
84222,12476.145982765593
98808,23092.548845570524
94002,37050.09794820278
83985,17007.70743051587
107772,16994.013173832813
86564,11232.880593917647
105241,16971.37546496667
101060,7680.16071549459
104362,26574.65793641378
77441,11731.445211226091
92827,26935.562692208296
86523,16576.095328793985
78695,29866.59502938481
81392,26305.364373427576
104823,24758.25010557635
93521,30338.22495130252
107098,15577.98794492433
106011,27974.43577752049
97032,5511.36334710379
88646,9455.684813658345
82014,25312.866487671192
88034,12793.420571242486
90561,15505.300034678685
107888,13404.508861675124
106249,13047.476101219534
94608,25082.25698448257
78134,17610.044296027907
92898,38211.93443799127
97031,9891.992531653355
85220,14106.486536107232
104973,19249.01891097929
104081,10029.32944877428
89865,6011.023140936413
91706,10532.734144535438
86089,15789.410708680833
98736,15263.784281307884
83238,9902.840771743253
104237,31974.376730179392
106990,9156.502254664543
93432,28460.684842946383
85280,17040.139674222464
79909,21256.983035343343
87698,12397.01290300373
106059,21319.742909262062
91016,17344.81569677964
80180,21302.657494453862
90006,12060.014749463056
78122,22337.594137095883
99672,7491.348932505568
102297,10604.458951158034
76047,12410.009584991942
106296,15471.005761519184
79989,27148.74802629216
100843,8289.077714728362
89014,18947.88696735441
90568,21462.538207663376
79905,19101.327765286827
90643,14507.270712017182
100729,10957.123434571093
97084,10008.015999341984
100984,12400.734341392974
91475,22880.86416745548
105531,15439.411980593202
78482,12678.185277237277
83254,16446.03784205192
85217,8378.52297163641
102974,12728.894384198302
80040,24630.08723656708
96077,14650.423582487954
89073,10380.881345440615
79118,22192.24694847968
107565,10427.405701307804
93486,18822.094229119102
84670,19020.79041478237
81104,17775.234627897415
97867,18271.46359396537
92897,17651.833934217102
96592,13382.779752121056
97864,12636.073270591
83369,8406.012352882084
100471,11938.629118043713
87533,11720.801821760975
93111,18480.87849693038
99979,12712.28446762506
103340,16013.092468255078
104434,18179.387497207383
78515,19993.226934561942
82046,40170.99467685787
100572,11347.139137993388
96382,13325.253901376906
97575,9999.136869862166
76210,27966.72629893552
96628,13530.175239199492
98232,9481.156107271156
92457,28467.987065289235
103665,13455.856263141128
107838,16330.928091415451
81165,18517.03290301237
97719,24825.96594207268
80739,21751.493814129197
77593,13686.757219622876
84766,13034.48923218187
97274,13993.875334168832
77281,10317.727510827428
90347,6092.952451084601
77555,18211.44451874817
103246,9980.178680317034
78404,22809.30910706167
107745,23354.31900259021
77017,14169.517262629926
107995,17270.68263202477
80982,23839.50194112593
93844,52782.94942298905
83606,13941.575425031966
86904,11077.522016702953
102616,12565.993132135674
81768,30097.53573480181
81464,14221.337354990972
103309,9338.326846542008
92975,26115.66551209967
96156,14401.425388590274
87770,12423.685935662868
99632,17905.45238237
89924,7656.444095006511
77573,20920.98265949887
102968,15933.006263913052
77822,19883.770921467734
77725,10397.82258564781
100787,8882.610777340931
78013,31451.208014192423
94440,23256.78224762128
83938,23186.848711152288
81204,20370.21337104888
76519,35634.189723029835
82172,32507.049038524678
103592,5847.999126099079
102003,7373.834999179155
104259,17850.141038467584
81120,20914.118210084605
106207,10508.495188134017
86710,8282.78877089077
94024,54834.3455180602
88164,11630.491841853289
86667,12900.105245772313
98371,13881.16355144641
102344,18353.730111324498
83142,16970.008566994453
92532,30265.092893440014
98345,8572.5665814337
94565,21536.1077762434
106223,14276.3802264204
104831,30387.56574734468
96144,8905.21079606028
106634,14606.29181408664
90623,11650.667332549052
91275,26915.138324903102
91547,29933.71769629678
86390,10986.486860008052
101986,7428.144962247993
102994,6197.059973800928
85291,11798.365348029434
97430,13553.065438115476
106209,17776.91002744802
94798,87071.0776237855
104565,7407.99018282485
93679,16492.13600807828
93960,28492.08428949362
90063,6263.790068044704
80038,34839.44505220037
106513,10087.614077006288
77267,25047.643991875742
91539,30574.06576058804
77973,41405.50966843462
95999,11718.904893810166
78036,22896.329731159018
106191,11220.487178992524
77480,12767.5579737037
82656,10346.18736845606
93916,15620.28564358861
95975,17784.87259529873
81550,14295.125731055368
103221,12115.021786518537
84062,11191.354656617686
81584,14167.076576306392
99564,15147.638039782632
100276,10978.61115791272
81308,17626.90667821058
85519,12892.437931062766
80114,17464.61249736263
83911,14030.68487239878
101879,10556.044529207598
106626,10372.775099104176
89009,11985.80237157168
81989,21095.22328724464
88197,10040.84938350398
93592,25752.947335772988
103290,11246.49249074655
96988,6926.803599652885
106777,21960.49994675864
88922,27694.576399637557
78224,17048.20949365086
79643,51479.8105118369
100066,10057.19406484719
99132,7976.168068454656
100610,7176.981764320233
89409,13106.106548052234
105675,24550.15256571889
93304,25968.44360520639
87662,10595.210584811872
99433,7098.632360274506
100011,11145.528533441284
95327,26418.71624133388
90169,15120.420150453883
103978,11201.456099569044
95238,33388.31155685673
96242,13125.458361528425
107917,12130.297033748053
92639,19263.933262473565
88936,19447.44934344689
102923,13320.895338142396
87883,14059.92892253736
82670,17812.967660234655
104229,27660.07925973244
82031,21550.348180816167
94197,25209.72047312222
93921,21659.08755370184
96030,23985.147352266744
106335,6065.581990072059
80671,15799.034498038767
86723,31304.6487195654
79293,29556.25119572396
97549,17665.88434681573
91837,18300.197464698027
86437,18501.23813165028
107577,24189.337476118773
88419,10983.95335529725
80746,47859.86033423603
82548,16455.885595943142
102711,11121.410744608076
80682,21236.408182609048
93204,34945.647835095595
99582,16034.895053170225
93195,34419.959530505395
89626,22934.649199557447
84713,3472.076110228726
103182,15471.18559557135
96954,23353.735645617933
81758,20974.299693596266
91938,17982.09878635041
92961,17683.979836409435
89533,19492.16436348234
86243,14238.956565349676
104482,17451.44891231814
83198,10783.484370163633
78284,12584.520272810789
101133,15858.445751416424
94339,30164.80009774275
88631,9871.075273598097
84364,14762.213824230825
104341,16001.711004235322
84650,9255.525793584296
91140,25315.493974657504
88889,12955.898390807924
98085,9883.329474047398
78796,14336.530032188166
80524,26712.481346504188
81309,7782.177949668559
87410,12865.247433629069
96810,1869.2369170566533
89982,17046.668086661233
87326,10102.545898433978
79722,16278.315366692586
86367,12066.367529018926
105368,24192.17855146809
92505,31003.17762783054
103000,13044.282889785694
85052,12014.147385892033
76497,49757.91303835169
105312,18621.46115411045
89705,12492.667655968233
104999,25955.63498251104
107876,28221.257694119475
76095,21145.582922731643
96723,18254.629606237315
91593,28339.66632168254
85772,20621.107523669063
107199,9282.750765049555
78256,48675.385331638885
78275,30615.77195417206
87582,23955.864173685204
104231,11642.910202721723
90265,9844.84823471134
81793,16468.267574166224
90526,14830.765997487357
99086,7794.377042851236
92743,19668.16065245384
95412,12016.67848675548
91146,32094.89793101157
95923,21006.66497588664
76021,20055.255476476326
92858,18298.16128747447
90984,38042.98235800561
79158,16754.766583276967
90318,14765.555331183648
91747,18577.5002128352
96641,9795.717502705442
76202,15540.84920344146
101040,12296.533577684097
78797,29377.105040616865
84745,17384.511860827326
76942,12078.415253571982
78980,29253.23526103184
96662,14997.789553478426
107813,29016.0915546032
93431,24353.154505053208
86915,13373.849044221492
105102,31225.63626690295
104447,19051.964131529345
83183,11735.293559745323
78917,14845.144316230108
99336,7306.159167394684
86883,11713.49302300486
104155,14169.270085936085
89989,15966.557884713637
80406,29780.47852843221
103151,12162.674031928853
101077,12890.208222150177
80134,24691.01444208491
79090,27451.7668022878
93482,54868.20361605285
87205,16763.925807014926
81295,43363.51766929349
89726,8864.139953620228
107842,10838.215715163353
100351,10141.10550557195
78392,18799.178828748318
106503,13234.593951502511
103982,8649.767485117438
89276,8369.984518652143
83143,11285.769187046537
106521,22331.14136886742
100841,8455.256136222139
76990,10547.664051202111
108466,19830.82341083022
94285,20937.34501096694
76323,20027.806868464188
90868,20818.103787652075
100631,10854.177112552246
76196,9772.718857312895
98387,19178.575821195533
107494,9638.043892132646
107439,14258.596914874122
101458,18288.895914734152
78473,14812.684411696991
107016,13581.817197896664
102109,9842.9908129319
76537,10689.29393287454
106523,16154.570966673144
86340,10874.753419154698
102486,15141.341306008906
98993,20166.48416806744
79358,9469.686401409246
79906,10022.941528884216
83932,7012.087917442126
95064,7205.986749877001
108339,21986.33607399044
90489,15107.929576429096
107984,22102.672313260016
108096,25924.96075244193
98313,7823.997917450188
79508,17985.33332120742
94289,25234.737116949625
104393,13369.903649466396
108220,10184.430776933314
104795,15498.969956465404
93178,19764.37653854618
106079,42002.83331388516
89584,7244.397077788372
102435,7288.841382872719
91967,45538.028252821525
107618,20254.68306725791
86862,6271.124499302145
87991,10725.212891484343
83618,19564.063600198337
90089,11964.835710435997
90681,14830.518953366423
85562,12003.193650026204
102934,8889.08909406587
78806,29585.10218774928
104615,26438.611192704266
101221,8080.758603919625
107067,29458.35265546599
101807,16078.351930898314
85952,16150.052866687274
99387,29477.440671081866
106135,9402.08510062863
90522,13714.99492542556
80068,29489.92490615456
95046,38675.29669340896
93546,26051.713838215543
97202,24323.51433953004
97567,7458.753377655391
79963,22482.164449084943
84033,16601.93077855859
86538,24450.275448872708
104104,28422.80170398304
98033,6023.152084126336
91989,28520.16334373244
102114,15759.242438679255
102507,8024.70482653284
104663,14452.174302704892
90772,6977.713642935883
102250,7735.904088057769
78758,15274.122595065835
101421,10151.318148567598
86744,12714.81511398528
98916,7977.049530132311
86659,18971.073499690272
79853,27455.461085746203
102463,8377.125863115725
103827,11695.45478578462
106662,21797.723056503037
97291,9783.12851358603
108516,10931.775052944384
101211,9776.27432339965
94947,19782.50511906375
87948,14050.477348664708
83719,20710.729811792706
105186,10582.06789478721
97592,20424.431993108672
79918,39212.63146937708
78137,10917.383243874196
78859,12254.86818135341
86082,11176.767125056982
96316,11748.495281144118
80327,9322.488340808632
81639,10532.155450927969
76145,26100.65758483889
76612,28048.65953539028
99606,18284.16634257968
101120,7923.429613097954
98540,6802.3918845067965
99667,6666.162819367895
81038,33973.68856503024
77521,16728.55995748601
83408,7436.192510435534
86905,10067.719303422418
85997,8269.863919016017
77009,19082.72386724442
103958,10066.798091022774
90392,8091.531911244468
94800,12729.764644172988
84391,6140.235883527814
94843,22250.956348832056
85555,16107.940110383484
101453,7685.610526338434
86686,9637.44228383198
101665,9467.266985265846
101044,4919.002780048219
84230,8401.863721595304
88440,15237.155457172892
103253,6882.413801216051
102847,11937.563430985218
94381,44854.639740493934
94229,28190.04627956101
76327,34266.67265148611
97717,23578.482806919517
101291,12706.318879662034
81877,14764.418812789809
88927,5588.357798074316
77137,30146.26307390448
105325,10186.05365582946
79368,64876.78485058343
90769,15591.154290370663
101376,14638.034824438862
88733,13573.745801343575
104519,18035.14440050879
79100,12181.11798033623
85667,10459.584433534896
91111,31725.406936344923
84474,20495.94519594829
102166,7315.930970340198
96711,16274.628124444662
103102,8753.307334013669
102519,2541.476743429651
92508,17627.47297485792
79560,25829.803725419213
79530,17986.111639826522
103272,7377.028347666155
86935,8422.181714311508
88977,22634.32708715941
92681,13508.660098390905
91978,14088.246724493116
81144,22918.356180879327
98005,12964.834337649132
82716,10582.5551134049
83371,7859.060720904753
95566,21519.77549790936
87240,10414.591601985358
105593,17309.286517857487
85457,12111.484397854802
89803,9248.006584937211
107934,6196.957842028698
94736,32032.91914715041
92865,20939.6996479629
89863,16031.743667091374
101109,10767.438740212683
100755,8747.980089202754
99015,20527.460975819675
98439,9157.908341855073
84150,9562.981865134756
87593,14156.146607396293
83830,9471.531990625714
96778,13199.551983111489
93458,38469.68356029853
103141,9457.759333332617
78576,22258.90823705934
84582,7622.006246913443
84034,11499.82549720626
79223,28233.18401483813
88574,17143.03812233972
95914,19111.663789058395
91830,22803.827004610084
76682,21270.006818829308
76091,21750.199225726385
86187,3710.162207138515
80571,22516.261862872947
78015,20782.77561423841
83392,13433.394571978544
82103,14226.32305629766
93859,23485.07383509962
76290,7826.401524934355
86539,5163.052855964232
81288,17558.44117721996
103599,9359.99427697375
90430,7960.465704920087
89392,15940.09287747658
98963,1857.272641796764
88846,16118.431020082568
90966,42891.449749763015
97360,7623.973278289817
82496,10498.904361821093
96630,16535.062747165673
81712,17277.735356913112
105871,16540.804389331348
90926,15920.723768350548
81443,17500.989725839496
98173,15658.812955839889
90309,5008.7965083838335
92444,19864.264948294065
80136,23352.787635432414
95739,16411.222836016197
89153,20466.961326130644
76376,14053.470761113302
80884,15438.290476290553
87395,16306.762292380732
85338,3314.877258968624
103345,10924.60299807066
82351,11407.61267124323
94598,32301.96751656508
103500,10425.53241308795
90717,7328.4452794442495
79512,17468.480850562886
82283,19769.59067630246
85192,5498.715037340009
81490,15556.685294933082
94793,22245.10493860791
97046,17707.69385242297
78567,30369.30650592113
106928,12363.577541696352
102478,7889.066771832994
99213,8036.279398860779
101949,6820.242943662306
102151,6070.175189345721
82627,12853.011426384066
90239,7526.460922932368
91840,24963.066339746325
93782,43182.25666950313
97384,12540.54133686238
108322,17138.47022517403
97638,7264.340956704667
101508,16847.999565403028
77475,28151.70159558809
106194,43638.92524888284
76651,19968.725159472007
104133,24504.634550398587
99030,8982.049616017735
81824,18311.464928811416
83167,21729.465629508
92274,24948.65000271348
86068,10831.042346764509
78912,16047.572441582884
88363,13847.40321394956
97410,11785.299403723224
77823,20678.324002412104
98879,12738.166287565671
77043,11643.86533759907
93902,17805.93373459162
82757,11863.146949631218
90417,18598.81513598177
86645,16632.48788641943
105708,29385.89992898191
79365,21349.1772927723
93456,24690.6389647632
104676,15235.14751129092
92775,24771.523581924564
103789,10723.069120575
98176,5284.715724149844
101278,8354.634348124517
86112,16249.536236364194
90579,19449.46405796115
102615,7231.943122220613
97093,24967.11662873473
84373,8252.167167275762
97755,11985.445597251306
100097,10172.384804266174
80866,19533.768888318045
84693,13898.780428974886
103077,4445.667198113718
93079,71600.91840547975
97533,27696.02987047081
94217,12516.201854151192
106019,25525.970060179363
107836,14954.401769522032
84471,13626.79882979675
94600,24971.05343699772
94349,16816.25224601443
95132,27181.087433425404
104772,28221.47534350393
92560,18963.73622871025
101638,9151.722110587118
100523,6346.219994686724
82090,10805.402750857553
95816,19010.017978213924
88689,14381.125595923448
82540,7433.908752888625
81643,13461.977294132092
104880,15607.90486445642
84922,22321.213810156358
97849,8063.44974986359
107366,10615.29060267374
89303,16646.949823287545
76547,46376.08378485356
105055,21251.747010992447
104312,9154.821636308943
106500,29268.83877721816
91096,15630.79106520687
92671,19036.22427561865
95982,18807.78841967458
105012,10369.177683404154
108232,28891.96614662641
84668,10792.847764042008
104903,15427.224904509603
86487,10274.29245091423
102860,5306.411578638537
93205,11544.097516654536
78221,20522.892288487044
91931,32220.330131720395
81589,15747.244843403376
106873,17141.62553037818
89482,13474.779339380162
98459,8855.05241782303
97660,9195.188736461812
96409,13540.37097328735
101480,5249.408764371907
105862,2237.960225047266
90363,11446.403153310832
96433,10835.052171399606
76970,20871.151619075048
96689,21876.77398035257
88899,13517.454043221474
87559,9349.420890239891
92908,29146.326976462427
105211,9399.317294041257
96729,8638.336524488172
95854,20306.595436472955
93767,18512.432276566004
90545,13650.488081131742
84005,8903.409520165951
77380,27601.820391543104
105877,10008.724331489278
104706,16734.2533158095
89994,8578.453699628593
90227,14494.287518995594
89814,16347.382627530194
102539,6003.102182252702
87753,16229.268774010598
102038,10704.479088362046
76666,18077.767041147985
86698,4945.710803966744
97368,9838.65735030998
79416,21132.60016339953
85147,19211.15380872527
80148,22326.26396100276
96579,12664.754351943307
89817,9394.922720561855
86431,10238.40253992899
103566,2848.377756865012
89355,9854.847206549935
97349,6754.969628192792
92618,21312.376419403903
98595,13741.538398920777
87502,12408.48954073001
107954,11417.286312134564
81470,38869.3480654007
79848,25140.55908415588
96373,10901.457388412362
79599,27544.553802526974
101454,10242.68723356272
92802,25122.237257502034
82725,8948.745729049198
81084,34401.44329877308
90130,14363.828756170064
91985,13252.784343201356
79528,18482.15277947461
86359,12819.338520589938
95724,22370.48586213636
102527,8352.334960286711
87032,23923.45259583344
78499,12209.879123102972
107980,30134.810499238494
91005,87322.55708460505
100196,19038.321223944225
102797,6710.478897685835
77141,20627.35007595084
92109,47712.968926150905
96501,19325.255525029475
83865,10616.880354318206
79122,31774.562210925986
87979,19539.491873499337
93237,32465.241951036147
99104,12394.039998840784
95095,18283.16568017586
89412,10327.875479420642
77440,15452.35706917683
84127,6389.179829471572
103842,13457.747457725089
89806,4892.608449878641
98894,7955.79899522279
88126,9407.673508823336
92809,18152.02678090419
106076,13407.197027510128
80110,26601.782981804907
95396,18060.498937879936
103003,11911.35059620562
80123,25729.26471284607
82441,14360.778829943349
89990,19857.820840683213
92936,29974.547461630475
82544,8996.326663272155
91339,82849.98482976118
103929,9936.454950903952
102389,12806.690748979683
91128,25326.273514103497
89752,7803.91530304265
76840,5440.316385719314
96514,10759.946776622006
98706,18600.030765185355
107602,10142.09398020361
103844,9848.296349929356
76375,20649.44315025457
80401,15467.618113026088
79030,20036.23453088534
105766,11320.216513208066
83033,20416.040123250525
92521,13411.549364207916
90836,9841.20849437264
99168,9179.545661154025
86363,11175.097586424325
87320,22045.46610697499
88185,9159.586660907888
79290,20051.044041383688
88091,7390.6212247323165
83838,5958.387103083851
88099,6987.865601040074
82824,10440.429608869032
94204,10277.958469234432
107723,11181.496107521329
93691,21998.329550236253
99317,20528.760380726337
107105,13518.587141949
106351,21150.04393660251
82970,15621.282152060989
107261,7934.153653399559
76679,29851.68322528792
79464,17655.26923403138
91312,27718.677579526884
80546,29989.235250297606
89220,9794.572831331798
91796,28598.963449736264
106360,29289.229695782844
83027,15921.343485829875
81553,17214.035983427373
79124,17840.93644008276
82590,9396.670120288898
107515,16508.537534048515
87964,5776.258308285496
79995,16896.28178398077
101022,10224.939926128232
78580,25425.174052931867
97644,6811.488676858489
87603,20882.365580858463
85091,19445.801574748803
85155,15791.36679952226
78402,11424.696548574238
92603,29979.27418278555
79788,19066.177383717237
107769,21400.753815109063
105117,11286.774977888668
94619,49861.7016808223
76808,23796.271621640248
89229,18043.2380570258
102592,16847.237250047296
84597,7609.209168871108
77146,30784.33371186241
98794,7992.129093372259
100453,7387.998816497567
84075,13123.02620555382
92090,28619.26040407536
97646,19547.739314574592
84071,11258.149047136052
80924,28876.93907091633
91167,27761.959959265005
92607,17259.921155878907
99654,12626.736167813851
108195,6883.020434157323
95150,34987.62176947831
99921,4397.224810149939
83768,21820.04912039373
106095,11302.185194482923
79380,29307.706760260426
106671,41835.93462430861
91757,38742.85249014286
84936,17830.599535664158
77970,21804.31648520488
103327,6641.171890334399
102169,9518.907198289144
103207,12318.614890336308
81602,9330.101261716136
79975,36584.11079219404
102385,16032.507919144828
80726,27782.8590052742
106953,16514.523952439296
92929,21142.471077975184
96553,17747.57862785773
79654,9554.678253780485
95376,19472.42434325757
96667,14969.247123508783
83421,10171.235817801537
107579,15554.634734359854
89108,19127.71544810689
79958,31662.047913051734
101980,9184.73522932274
85178,10982.940414231827
100898,9627.195803114044
94926,12036.3294870017
104484,13012.794761836609
80250,37820.372623712334
79639,52753.64097611197
84385,9657.5218790508
98249,15709.761641949024
94803,51303.05182875387
99178,10803.52837956066
99706,22112.785511339807
82493,12975.457431535664
105868,15632.027933836089
98807,9707.557361645986
95529,42361.2944729049
93580,25553.518786350003
91437,38144.93382359645
87804,6498.714704981395
92901,20095.9159573624
77177,30423.928304899157
78856,17363.562414854838
84586,1653.6899250763297
85230,9044.842896339616
83215,12270.649355774818
78610,21361.146071436942
100081,7908.136375149999
105716,15509.372893545557
95022,20110.87970911899
94225,8415.372351564656
106371,9296.017896978405
76850,25914.96233160129
108514,22896.728345928168
80352,42065.35759166718
87930,18933.51457457445
103564,12736.59452457144
79881,49026.57639795338
86736,13030.09015702962
83661,18478.219198819184
98853,26000.63428312771
107158,22084.329874086747
96809,13078.0615804494
84048,16009.765801035392
90608,10642.45293126391
89134,16572.563752624734
99321,10308.670506993369
82452,24630.346635986058
80684,28260.39261071392
99699,10711.294747726944
88449,7848.177941897513
76962,20403.19675782936
105626,16502.01313547717
78655,30556.212167175698
97115,6351.388518119134
94865,19681.62390920606
85675,16146.728221480822
96671,12016.448043745102
93365,28567.06376926659
105188,16726.38791313537
97713,13964.909712068737
98996,8967.68066668219
98329,5917.035391155607
96091,11448.046801486338
101010,10143.361645007484
87169,18308.10062037938
83760,13407.856387820466
98511,17951.857372120274
94233,43952.63359968315
92072,17037.68316658514
79796,23706.004573556493
97619,31153.31234560562
84419,10607.22308816679
101015,12515.17937880755
81132,17463.28144972631
105597,10992.126516768163
99139,12238.64096283573
93116,18370.167049012744
97838,10755.573770122315
76627,18871.87190869108
81785,15158.383611966026
97645,12113.77000895875
78865,20355.542377321573
92152,32255.621990943942
106432,27760.93642329621
81609,24677.110584530197
85585,19184.652784462556
79017,11708.080855679193
105666,9658.234428625412
97664,28644.59290291825
84418,14091.382447678048
102163,9381.502535925758
99675,6797.160323632026
82132,28050.68974689496
89488,10384.596502976754
95516,15227.798808932488
88542,8325.365036698075
81995,16401.07284998504
81065,16044.989390111952
89542,8019.420906547573
87184,24694.055893814708
87194,17719.433458744745
101981,7388.604600971174
105620,9687.246929070405
99094,25988.890604954235
101950,12570.05789431895
93488,32323.85412829813
79632,21939.3368238499
79299,16987.7324007857
85438,11454.51580202024
91006,57832.338480144
78636,11177.240051707691
98590,12854.890209521822
97735,14173.04996989418
103694,16076.1424112098
97890,11378.603703014534
87646,5529.307647003561
107953,30190.75227351277
103882,7811.418883171837
77900,21436.231930685437
101991,12529.92828786282
90105,6347.565119154622
106516,14972.459746597877
108415,9337.305195961602
78853,10708.901094414676
98196,7620.557153183025
95738,31981.36783264764
89535,22612.856160106392
85467,12457.76207626136
100920,7202.264914093572
97314,9976.375816128137
103461,13103.873817164713
104907,10558.76101391556
92168,24757.214155944668
98077,11209.027156655648
80593,53663.22848119486
76915,14251.08496121296
106919,30046.86621494297
95592,31624.938397248832
105772,9084.46222108001
95614,12891.17513937226
92550,11869.822625129298
92495,27593.804909805123
84341,11763.378269349018
84600,21304.25644357113
92665,16059.478069219022
93922,14802.44669818082
88129,9473.068816141027
82700,13645.106148206916
94492,15423.452202499871
100974,12260.581863112748
106554,11165.281170571008
107785,19314.397240318784
107443,10689.034749861929
105470,8654.375412619154
99750,18751.133566244032
94633,20616.316219227618
99429,7079.435428496492
88790,16385.186194546917
104180,28827.583597619283
104589,29582.00926391903
106704,21869.19380544054
78596,17177.587569214233
102083,7095.453794091918
84507,15763.65322767938
94274,24960.05817429366
92588,14368.21665963823
84344,11697.516756430878
99818,32821.346350685446
76710,26370.01931311344
107923,13373.055702210951
100470,6108.282148174314
102211,17678.29337616545
90030,5443.289933555507
90852,14730.690153934269
90222,10215.334945120989
105952,11732.498078362536
100876,13622.62432724666
98062,13713.50818651035
100478,16190.261634756938
85486,9687.307207360109
98292,8177.920993564145
86160,14483.928085826365
82468,20046.282609143083
76728,16036.652891437498
97277,19979.46342896761
107553,15485.17899024527
100325,9481.014587565887
91775,34211.15062160273
104326,26208.6984971321
102909,11132.20420202591
82173,29668.028347923817
96281,9868.309065805704
92426,16489.777347628773
97724,10662.052653266572
84057,5658.199544612588
91020,13570.954073333436
100095,17667.06746785953
81655,17859.664271266116
107220,9658.045117190695
91626,33145.05230558593
108469,24566.01277528455
94037,32402.610597435865
83530,5915.8165065852645
84542,11690.608043645458
85634,11684.194401327122
91707,48252.38402468455
81934,10285.240623054333
94960,9743.97170860851
105778,22103.24078274679
83841,8252.208854212458
77242,31305.56584805948
104694,9055.92048004918
89706,19193.00286428054
88670,12383.260693704373
102492,5763.452640634673
82971,16474.13739382431
87256,8324.386160850445
84642,17428.16047562274
107437,26119.93058816856
94640,19446.953528456957
96089,12439.41803302649
85018,29094.652101776104
106576,23873.24461758042
104158,10030.209934430375
98002,8945.408419321613
108045,28683.273207491144
105890,10319.608945932556
103298,7650.255924738518
98977,31530.46370652508
100431,15582.611892756751
81100,16041.29185223512
85300,19428.000426809245
77518,18045.826645824
76712,16850.569710727457
87545,9387.98937441538
86848,16230.802089688315
77647,27540.905753605377
92094,20373.523015758037
78540,8237.606748361592
82957,19289.97239475928
82768,7999.245996031355
95875,17177.372672791018
80705,24711.32133834372
76746,29581.665203137323
93222,18542.78048197905
84494,11191.228147950103
97557,10567.117765725376
104969,20871.73022716004
92998,13392.940425801058
75991,18769.10488137009
78217,18428.92004343137
79176,41411.27693062068
83261,10007.142408730571
81177,25280.824951542007
89681,9761.756309755645
96968,15903.56205474924
82896,9582.895867178278
108357,16944.443992390617
103421,10614.068121717011
87971,11089.957665905136
87170,23138.315114805788
89941,23191.39077899536
104046,20618.847486365292
88894,15067.83937103457
82638,9316.756791334838
79213,17037.372353418752
92902,20653.09528276042
79282,16112.805081669248
86331,12167.771108955823
76336,28387.877891508684
96080,10996.8466591822
86990,18185.18111686436
87762,6737.776808373424
80699,22091.04367108432
84711,9324.645479480092
95297,20826.220939007108
92828,17118.52853661513
77614,21218.967413865004
106565,11656.768817873875
96874,5826.2293767185965
77145,15101.219645805782
80473,22702.433453456702
89438,17063.734481322914
98442,22210.856752733955
106213,20152.3306221872
101442,12807.545256789488
79337,24135.200952213927
106021,31835.118058750173
88638,7543.439406847574
77383,11731.82644957219
88452,20903.775678443508
104464,12864.375500820017
82639,11142.348740713764
87305,12714.068437933276
93172,33728.07400713397
98857,27292.20742891322
90873,18649.39188353058
99679,7594.409801984779
78104,16749.52796218733
77770,17628.93992143336
91351,10581.382202448502
83700,12350.07952034848
80548,25364.08999088208
81163,17712.70860079995
84140,18796.601816016075
95479,21830.59846422128
91705,26919.225990403364
97722,14550.522700530226
88383,10519.221972320393
96632,9848.886934792845
76496,14853.987427180426
79062,30265.588514313666
103519,7732.96345722265
87592,8167.983865283619
97668,20274.441312735937
77969,9368.70411641604
97610,27227.3304272865
93889,21094.47973175663
87792,7808.288576414328
95078,24879.06304890936
87575,14642.130293238348
78804,12707.37961964496
84242,13207.738109250387
83462,10668.50716546654
102260,10379.824582790456
102635,16707.507252278905
104460,11272.800541880446
100463,10185.205993882417
77272,19834.57039286197
82246,16575.698897427646
81472,11301.826672769595
82420,15004.79923222322
91586,25489.9623466941
91099,21386.94001911732
103536,11288.435443091032
105169,13303.71579077284
93837,26612.943258851017
93958,22148.189370008902
86124,9154.277789897777
97448,9004.700426535564
83040,7732.143180812125
104713,21399.56438163992
101549,10238.447783317428
96018,8340.887341708496
91089,31827.3638315063
105130,16002.762114416524
84720,11077.667605568511
97182,11806.026673752727
81653,3270.3403262691136
87522,10635.54791107658
92754,15981.339050369885
77510,9839.47651318332
94863,18214.088848607527
108414,12925.299558997516
102393,10375.935104503387
81528,20501.69952518925
78983,30428.98614531441
98051,14992.68534667234
93080,19735.566809544034
92657,17617.528352571026
108070,17210.894007925675
96990,21014.63184813925
83301,16455.740454840936
88459,14896.982481306894
80158,20481.51638068002
106913,30059.075296684
91119,16961.87878178238
85522,8647.12296324069
87469,9247.1787336312
89620,16664.500896409434
106903,5531.138812884305
104183,14646.87408589253
107015,17550.84822502856
89120,10744.891390796596
80555,28853.145546210388
107037,41650.784801810514
83340,16439.6476747396
86654,11351.22379083211
76116,18394.32253835883
108208,10928.14331541647
99790,12942.317597054956
100950,7905.48404434656
105495,16134.017508458195
85317,13835.122981605897
90114,21976.758480802244
99322,20328.003044628585
77185,22667.54004255777
99412,17107.921364327438
100021,5077.599256263643
106020,12907.7016263129
85234,17148.385341591584
90059,23885.571540367822
106902,10603.122948650562
106871,15637.81399601081
97784,21100.781983891564
96140,26974.791494469733
103840,10949.496044761796
99573,9419.435028025284
81967,16268.318917285986
96124,7760.371484649926
80245,27535.439291428145
90896,28987.175524795428
100257,6466.833146578809
76759,25850.165595727864
87022,14177.488567594024
90758,15874.290757061155
94073,20259.975593447685
104837,12774.88778779442
103025,9894.666721930924
91765,30517.70216588129
88352,14730.623042360929
83826,16255.512714182683
106648,16858.054323249802
102967,13866.480138574738
88989,9915.098303915722
90846,15042.923473957146
90232,11759.524831589277
95262,25888.759504300782
80599,9051.60750082098
93353,20809.628172024637
100230,10034.864117937504
104516,13127.969044513942
76127,17420.34045462111
99603,9952.154154454456
87441,3047.2399270277324
98607,6946.205903848479
101385,12228.362284693683
84028,14810.868112995482
99900,11611.01454239874
97880,33065.654505162864
103005,10085.526198462214
99862,7069.788305087931
84899,7149.066887150304
76129,28239.26833714324
107674,26554.155277969345
79058,23656.65289307352
103161,13673.99348918729
77525,22261.999021456635
89366,14032.450818886366
76529,21089.518681633497
78121,52835.9393230742
87960,8275.725846163274
76468,10519.2929391295
104029,17419.793143404728
78294,35544.81179696228
93269,45633.378135348896
76124,17877.50378971316
107551,19094.31435126054
103953,12181.055468184231
103212,9933.39975036642
77337,23531.919765374118
94095,19653.69185905132
95358,21763.251216974186
94772,24914.363215686048
99318,10648.27513396941
96569,19830.423294202665
91669,20763.62322882076
95240,20103.72599303121
79693,16856.95433607046
83100,11782.09564310863
85506,22254.27397748838
93245,22904.76481976631
81444,14289.52356522298
95558,18706.87836916353
105709,17209.59428006727
80796,21989.95311391556
97061,2390.355868471458
91452,21908.51537123312
88626,15534.335203552811
92700,29669.991884284413
80109,14670.2584439763
103649,11153.824871321702
95545,17310.526280924434
96879,19465.84160265704
94580,15041.829942650864
88361,11206.534430972806
78094,24173.061340059023
82831,16866.97943972821
76965,36537.87829909765
89246,25028.305699219636
91844,25216.444880434552
92122,22165.537966893888
98944,11343.082534622175
101088,8899.028557463851
107119,9653.778426800707
91603,27584.902795909387
83339,14735.029240712796
105408,19431.80271465694
97091,11081.029980665864
93822,16515.681115686602
96950,12102.1526337749
106461,12550.172428951371
79538,30441.147915813726
81813,28030.17194153712
92640,27846.48711994031
107376,24263.190898749257
88834,11758.62495786887
98532,12188.03641792835
94957,20793.629536812365
84884,12956.317358979652
80124,26224.023147007865
92048,27476.56350000885
90244,7242.428323020318
90103,6016.497760353126
108009,4943.908172726816
96435,8222.82150914127
89475,15094.110946396482
86286,8852.51573343221
100193,9134.782381960176
99733,8408.817970086398
100561,12961.65020714563
98626,7720.313559095487
89177,9518.931842795104
80294,12433.00015893688
79134,31866.067782224345
78603,26617.79361108908
108528,16483.457806053542
79147,21228.12728878127
78538,6473.641437874785
105042,20430.44219126434
93560,19601.738064574954
107122,12402.144857289022
107336,11898.988674316894
105831,17148.49665883718
92973,21057.322105650182
79087,13817.838091787957
86806,17091.917460449367
98787,10418.833623603354
99838,10802.998662393951
105442,18541.619012589086
101659,9879.45809232676
95085,25389.97565866953
89893,8232.456085009311
100412,10985.125778484824
78433,15405.52059949746
90887,15420.67449764551
87783,11049.982918981825
105572,10559.939375267257
84065,18120.13648790728
93714,25878.61251204229
96148,11983.121167812023
83771,9744.298356775374
84970,6561.2689677235685
88859,3014.927109820265
104620,31735.697391210837
83749,6985.493814593628
90174,8850.308132499655
93947,29374.80720289698
91462,26354.554781575967
108075,8216.922453959498
79113,25841.692132421776
88445,14298.464268484127
81311,35307.14781674094
100633,9845.865739370083
92904,23432.11198912464
83091,7676.7929682217
104657,17525.265815316707
82910,21848.05691092224
92383,21980.353226438925
93424,8521.476106048209
79891,32291.069199167214
98961,8923.531656869305
81502,30788.9466103258
99035,11956.241306984368
81371,15192.159457735866
87333,11126.427529936282
90353,4259.924485688125
93258,30579.20276525077
102053,7015.129677433465
86713,8503.639626624406
97203,12507.491862535511
92794,21066.334729335234
84293,15563.8058203094
91672,17265.131402244217
87085,9792.200334620346
99300,38733.79102390345
81242,23939.95465565093
77834,46802.28829946232
86864,16183.29180009722
108332,15891.883367689272
93461,26186.057805071363
85198,40881.017250544566
75974,21190.734028473074
78679,24883.702226402776
97060,14037.523023884614
89300,19832.754161569323
97682,22703.971561391216
86664,6134.66671746511
85169,32507.77071994201
82930,22371.31029750461
104583,20343.173060739704
107212,21450.07996334637
78128,19322.208688851893
101395,13284.664582999629
79984,19634.761185056217
106844,13291.479740061004
76507,16195.139818279276
87935,14468.043147161758
81796,17078.830895646603
92942,22848.580209536405
87848,12469.49204399116
88325,14887.926207400991
91296,13901.672720313303
103415,7184.056389021795
99038,21337.680869562035
101080,6991.898144912429
102789,9312.084931883152
84656,11237.416889022752
85716,16099.422440068149
90233,8132.422971787502
91097,24213.475833967103
104466,12613.26743065549
85061,12272.965512336932
92535,22596.10068479597
82437,15456.4239741988
104845,11108.400278611409
99353,14121.292834403888
94273,46213.78964406325
84080,17672.247700893204
90877,14650.518476070034
77883,13086.859892104389
106394,19502.268486309047
103042,15531.08482390122
105388,15265.143076437664
93490,21404.51232402979
102852,14633.653020824757
101859,7111.651857953029
108113,15945.178338253229
77290,34314.35004402347
80341,24156.973538495036
84286,5956.190200851472
96187,21879.547678394072
100716,8805.98893401925
99682,7312.91908970097
89827,10644.93173922494
82053,10658.965159750798
101135,9914.708783007329
78574,29359.667661339958
82541,17639.55094860582
94530,39374.031470218775
107277,17941.869570047646
88719,7659.989414989293
95962,30615.21614164773
89249,11478.884229912845
98786,2170.084961334492
83968,3561.196330679544
85115,9372.036887164708
79741,16761.12765516271
81050,24593.86390518125
106955,10906.32248650492
85572,12938.846662348196
80604,33201.082427001886
106115,20161.13061816973
76213,17826.841009953176
92026,49020.40776008346
91397,18448.480062457333
105916,10744.890037064744
100938,16698.82825570593
102187,8262.37825850433
87434,12810.878553999146
99959,10476.083168689278
83438,15001.678278157671
77840,15819.546562029387
100930,16191.99301614046
94925,25047.31536016165
78494,15402.19457280159
102418,8014.613360563941
77793,4215.36048776024
78383,25473.630559043337
84216,21663.9763616205
82610,7409.238729712925
97544,12474.223966733762
92549,32987.161899638726
80538,43673.396148725726
90890,14100.321778472113
100299,9526.775729835876
89902,7467.55095205829
105561,21200.724448109053
82364,8138.093960099059
78091,10994.027431921088
86023,17613.65743767337
79752,22035.30265293088
106315,10652.474731640032
80934,21402.164730757395
78782,28868.653027343447
76471,24351.519594214973
87418,10128.430467842029
76891,28206.44929276984
102628,5486.170254378582
89363,8857.62334936926
89237,14742.87088844101
80257,24700.461419949643
102857,5741.405659895139
76201,41086.48032470535
104887,9166.910161787424
102310,6219.397795085633
78714,54151.82878245009
89302,10017.529995656929
87676,17364.50440473571
90321,8645.580872208136
85244,14471.502460085036
101913,9341.759005154658
87086,14622.129639756324
81974,29205.763107809376
98075,20785.585719060706
80870,19098.309947562208
81556,36765.6683073757
94722,36155.03845238551
83840,9396.965033880682
100809,11662.501148135285
77101,15195.202454991391
102172,13765.694180844948
86373,18625.14042907468
77540,13910.416887203764
86271,14272.38197447476
77679,24155.40023545474
99807,14629.845456690711
79126,15122.70765582358
86337,14530.24351051396
87496,8078.154028441053
83272,14610.17826011461
103495,15837.267447314116
107915,25708.480388791715
82213,21800.43265131496
99461,9592.653886433109
85797,8750.430906318892
78898,13453.74556380561
86463,23956.45543864124
108138,21054.33853324073
88417,31081.76836852305
78694,43149.40735145601
99802,9679.022840225503
100250,15702.001977878725
83482,12201.267616175308
104457,12540.521649190996
101415,9069.20267006316
101767,15659.16867681769
108250,19368.50738263453
89772,8974.086693209207
91127,16696.398183210425
102887,9940.732539681358
90756,9593.305784762617
107554,22505.38971866372
103731,13575.718829481302
92317,15535.913940135755
86805,12191.67244571966
91722,28064.84808191058
85026,25756.05016758394
77478,17128.488584091734
82027,24411.33173373061
102742,13901.60546382944
80198,17483.37535647635
94907,23442.571631188584
106738,9725.386776539865
99797,6487.385555040891
106456,7491.384523333872
82741,6223.6201688161145
79172,27708.12116599763
106696,13645.174955438131
82422,8134.118285783245
83924,11243.111382742916
90599,8999.887234395528
108095,20947.16705740493
91777,18707.01930681447
95001,15869.52949318934
80408,50518.10637537854
87330,15966.318880145483
103361,13258.145850126915
89641,9727.862245864422
90618,13970.82735121372
91679,30164.9768369717
96844,11388.6662277429
94418,22750.37524770316
97002,18682.8353642342
79748,28459.32555226014
96355,11022.502985407877
92347,15746.746061913826
81569,14645.26493288447
106924,29815.535587493665
85270,12570.36947430451
99622,6388.119665911375
106843,5872.243248719693
80147,14217.199130512456
102181,5210.810726868086
84710,7619.198244193267
85189,10719.511254282044
99281,15736.344644181476
101130,9479.800981458717
91554,23486.65981149394
86116,14489.98277540184
106899,19215.688703917865
84516,20600.869969465628
105422,29633.43350427643
76956,13653.185977312089
84006,8113.903097986207
81453,14411.521477167273
104850,15983.594389117734
90867,6430.354523045658
97154,14200.842924457933
102088,10378.079583841309
96019,19267.94249914805
100300,7390.968643177088
86459,13672.663516670917
99304,10710.34584997034
80630,18647.098466308693
82387,27127.398924652025
91359,22901.892543442376
79123,11444.819195633425
103324,9510.48604361189
101086,13219.228077781983
97170,7875.696887390315
91834,10623.636656187908
85238,7259.56594170063
81942,12614.12130058106
90971,28299.17307879569
87864,20322.663386332104
95296,46463.46657720303
91427,14939.009158548495
93697,17380.155141959454
107694,24294.025079796786
77364,19570.77469509146
102144,5190.172537750337
83410,8888.894873897962
101560,7334.798444765456
84775,10371.1101613157
103879,9561.651192470952
103933,6718.559408321472
76344,17005.921671410935
82119,16619.61577158847
102130,10100.658356312084
85748,8719.357832418107
93769,22087.148155445044
101775,7761.021294991654
94613,20581.86134947711
104021,29228.2882662428
98175,10163.004904953284
98477,10191.6250786346
78185,15688.703352943634
81576,24371.705169768924
84854,5298.772316169368
98361,12121.163246275964
81390,10029.959140831152
80911,68127.336442033
89407,31415.42416537284
95981,24298.132069284908
79131,11586.792026652092
96624,12722.757814972823
85131,23385.32404739805
76436,13643.652960017504
94111,17967.887892735926
101518,8247.236455735012
76588,47120.260838770926
82353,30635.026769003736
96186,9165.993470343648
92735,19931.925933658236
87271,16357.572092090846
88968,10147.322280883203
84154,11017.666952411677
93692,28809.40134042024
89484,10795.549062672157
92547,26123.84176286453
78689,13675.424436115223
102058,8353.948902524226
102579,15051.726146187506
105825,9898.180518234887
96154,17611.00504059218
102183,11332.725911626703
85976,8335.838071562139
98679,7210.868555192057
89612,7575.013634511648
107988,17694.11732763191
83362,13510.12529947224
94251,18294.84104186112
97018,12902.088887425389
90329,8840.397177603107
104604,23979.34684623641
83742,8891.004763792163
99447,9134.119605393244
82194,16239.086921460765
108351,21845.31543730936
105314,25722.474297215227
97351,10548.474269726828
105861,15413.83338871588
83010,8679.843903298162
91447,21593.887441298648
87619,8594.643726713857
91870,27843.531280298223
86543,14194.977676684706
91484,15872.141305797406
100659,12914.045512653258
104491,21547.9894463751
100779,13325.25389562084
100935,10351.422898497169
82331,14948.168658076804
105140,23317.230510805093
96349,13194.2691109666
82664,20738.451113785017
104532,10147.321442335258
91854,28981.14432375484
77003,19254.530269105628
85137,6642.489673703596
94577,36990.57351311224
85461,10861.784125536
77550,15328.602594978543
99095,10496.792021982736
91832,16235.008879783662
85920,21910.303780565268
79766,17683.371714784796
103839,9514.929634803468
98167,15478.400117132363
96684,5550.522222041904
106982,8243.925352196278
93524,27704.29436910317
108310,15104.296534882364
106569,11148.182872961628
98088,26588.438201234098
78890,18372.66138131846
81559,17418.78502452425
105178,20118.67518473854
90578,8557.97304253407
82299,23885.785173058204
103885,11590.132407295436
77488,11661.783575032654
96669,25594.50062874531
78344,29832.490828531547
79405,18582.02972206226
94620,38846.44107409603
96836,14209.53267177342
80212,12125.262873148802
95746,24233.254668278463
77363,30558.712859194708
76866,35588.88883942133
93847,24219.19549773353
105175,25147.15551449806
90010,9512.017704093316
104429,13186.81403284542
91160,31159.20317852975
78906,22584.961944688257
106414,24347.04013381353
86910,10491.133749439989
105882,9933.660122271323
107238,7665.081943866866
77102,20565.218855679967
76704,12906.86403822478
87083,19464.488836755096
79057,28660.98386886481
83270,10155.431179536252
80561,35077.40990679558
88469,3450.2407805254597
78768,17906.60117137628
83574,12249.419643185003
76771,31965.399343304274
98589,21503.368834477893
93091,23508.55948133296
108358,10936.122484991933
94601,22766.71801207902
76151,15582.593442800318
87442,13406.120548964693
93531,20764.046853199237
89771,15585.795824634826
85803,19217.733970805475
93147,29580.78476389517
105196,10267.836088053553
76171,28959.671694882258
90616,14191.247357819197
100032,15807.796228737803
92905,37627.13931150471
95696,27466.55341203615
88913,13125.76134004779
101504,9456.884428855798
92241,15595.485859412627
99822,7745.265282127638
87745,9833.290475209276
105827,18932.92941876492
106620,9102.413614804096
93497,24680.38352296726
89250,13536.2741455057
105581,7632.065177234838
91076,13828.38468447402
83506,4632.443047835459
100635,12488.094626743808
91828,40608.77497579052
76039,14677.191634235514
80685,12437.565694301937
97571,25150.8246510807
87425,9474.320381524716
91662,20573.43175031073
105161,21844.889384243743
81006,38520.33619523322
82888,16507.40622546655
78545,23755.48669022471
102922,8355.922167176304
96198,9193.833827819872
92979,25252.962845206028
105623,13344.53587071061
82195,13692.059274324729
76760,16234.861641420448
79305,20382.2933823834
107942,12427.912720652192
81981,41197.5748946534
100135,10035.349606243257
84307,8102.226701832959
92628,20958.118556575653
103304,7875.94012271405
89421,10866.81033044291
103645,11268.1234871432
77164,10393.845554732923
88451,18123.03503960541
76488,19366.32704006641
92835,28567.532247985557
80449,12599.325800784653
97408,25102.08272034469
99256,20298.69371107869
86205,8458.794477748463
101002,10265.902417303698
93390,16195.3209944496
101654,7336.274963185288
90595,8579.383656096794
94955,25333.18033259898
93871,24292.965235124026
82164,29181.87931121404
99373,6609.982938660054
90148,21717.67148492601
83210,14543.380487706265
81726,12292.196916565248
78041,22031.799885569424
106229,8838.998923176088
84209,27232.121141883224
92225,31212.790765333357
91878,13988.738915810389
97878,12841.222654555664
77435,15055.75194861346
91180,18990.009701184503
100272,7956.426547704279
94228,19391.30017923212
80549,14220.659866009146
99566,9200.472938473364
85829,9645.185104282236
102693,9852.460809505155
83322,19450.289918506085
96980,8767.904867499758
101844,10227.07045613436
80791,65951.42894219076
107384,13319.010701439396
76193,16882.655457676443
88605,15001.941680659616
95910,26607.45343625435
101217,7963.188637628065
94833,16015.789711239137
80221,17822.873234895684
104479,7154.813705286872
94405,32122.008165161395
93415,15435.213506536133
82460,17982.398658846785
83009,7877.219242068412
85429,8007.290209696413
106034,6614.891347247924
88406,11081.035353475463
81623,30357.64913242352
93605,32702.518715581868
103670,15428.040361080804
100409,16147.843912286064
107237,17685.7562398444
101669,10636.913188982551
78854,58780.57883191039
94034,25491.965782574087
101096,6672.693909845181
98417,7824.01349471223
76874,14721.65663908193
94954,20922.96069468713
83137,21715.74839311623
94653,22284.5102756308
87567,16812.852856284724
78154,14857.004053525654
84461,16134.870945561786
85686,11002.111030759988
94342,22225.20234433286
101392,12054.456077901665
84192,22771.21621870039
106701,10014.552572665882
104013,20731.868173921543
82745,8638.212851342563
103973,6456.272177367688
90409,14412.303879346631
90651,7415.770574927633
87413,18394.508981667703
102121,8459.061467776948
92145,25462.471086132868
107141,6832.376656835651
83230,4443.144555394139
78553,6182.2386483740775
83939,9915.40287791431
104875,24107.516350500955
78129,31664.097270971462
80313,36356.003305501465
85535,17450.07058164745
108311,14095.61984326833
102292,16710.903360387918
89716,15731.695659006977
77046,76567.02279633135
97611,17378.396629649207
93038,20270.61577635929
80503,12747.029062443677
79132,15448.468996745649
103759,7380.642140367713
78960,18481.559316977247
97265,19128.627698079046
77855,20043.35662989066
97371,13002.47988190926
94297,16654.388410444968
95653,5660.553215776679
95891,22705.140450789702
81947,11388.497070944326
79702,12858.05825490131
76463,27162.265148821807
98065,8631.458484973784
77154,28333.928704627288
77348,27525.629762078403
80987,17273.781721852152
92207,12349.300313292564
92983,36032.0170902871
80731,11891.68978359568
86277,18318.20496606448
103051,5293.875233364914
82013,19350.65207960613
78814,46148.49150790903
80153,39093.63693384682
94618,21698.855284630743
80059,31569.43697273752
105557,10047.832491413688
78860,20624.86726421359
84849,12062.690282070766
96896,12020.47936879976
88244,7887.159909741998
105984,15213.1915839799
82644,13494.541470995631
90970,30026.347059817406
98810,22006.67881834785
85184,18574.388560802778
93723,48837.71733391369
105049,10296.26999228554
88554,11112.187017344386
94996,15347.545202768591
107689,10496.327857007636
81575,43016.96487110178
106988,10397.560517663907
89894,23975.773909684667
81703,16294.57312231454
90718,16566.211742702355
99561,9537.015460882314
81269,29221.50250979744
103069,6253.405085300552
88952,12533.879420252517
95295,14141.791727422216
106589,24019.95895227341
102918,7830.399019681065
93669,31854.64539611432
86144,14146.616850996716
98336,9180.804469148365
96891,15649.20931719742
98576,8185.716856822664
86038,14697.176294888097
87511,15971.224282788222
83642,12804.49052270408
99964,7090.294811155719
82842,15929.348625738072
101714,10186.295914780014
99439,16935.73461425678
108487,18909.80438651937
88965,15431.320977788831
86445,6421.508320782912
85916,8086.925893802805
85616,8079.978208104213
90865,15862.522087424171
88634,12288.508724720394
108094,14454.056913243818
82654,14987.988626279932
81401,14715.108803446274
85163,15737.878140094668
97623,8541.731976616133
79759,22591.807779256844
108230,9830.479437779852
77757,29052.528612075675
83089,9508.936752432312
92851,33340.02001861678
80656,13707.831843006148
86019,10237.437277732755
100887,16957.353537656996
78011,38269.29942904378
96398,21675.418763084337
85254,9119.98469312796
95254,20150.46063423649
102320,9899.040214480472
88408,10755.831851645866
106594,5346.729570149302
83849,6705.562817993181
79313,17975.205020636124
95010,20878.1199924486
105546,19165.261364494218
81884,20568.357491511164
106088,22482.831402600703
100892,6415.605612167785
84487,18525.07651723929
78004,28224.45501298577
97446,23454.710452930456
93170,18056.05416888304
83208,19166.16499307113
88728,8281.50714853337
91300,18570.32949026481
98637,10699.392932135175
107267,14232.07146006764
89956,15008.616528859133
77052,17702.82588134906
94583,17917.25073315657
91424,22887.90530988668
104774,7292.4860352774685
93699,20374.01933057561
102986,18768.5465762135
94176,17508.47869365921
95618,22206.86866114508
81622,21961.495545318605
91273,25294.37537476833
102725,8069.228881376069
90479,9838.9070789892
79835,19257.34672440612
78909,37670.55938865966
99437,11749.945333763962
79890,18026.254425658262
77662,14540.970842759309
90320,9238.97534430116
76278,17273.064146498145
80029,15079.50659094669
95797,21287.89676318684
95356,50086.23236427021
101962,8556.618043397853
85810,16116.426541617568
93588,13760.37003982419
85679,7733.526201224789
78286,13506.769946416256
105233,12402.949957787268
98613,6025.48823362108
101314,12304.185642573346
105749,23257.411166002767
106103,19909.520336781265
96678,10570.30117826574
85003,13245.81442110283
78035,29324.46739281678
82443,8332.577919966654
93373,40922.55569840872
99857,7467.197787452547
82450,8155.851710980797
96256,14312.083485066463
95924,33699.623228499935
81425,21241.803180437117
87252,18602.206821930788
100379,10880.075571402893
106316,7782.877847440692
85879,14751.658942737522
108334,11032.133599043116
80243,23720.89213412047
84504,10575.32082730174
106064,7585.386394999569
96443,9590.8784057787
99020,6696.492487570141
85068,9375.208462839017
105374,9018.591222354837
101946,10342.475376789074
92945,22508.88755847776
79338,32343.21107476773
95027,22208.71870683492
81488,47393.75876933329
87754,11160.68858149965
108454,20317.69363983641
91283,23652.97548181501
106232,14760.850201394833
78368,26247.485684162115
101417,16172.826851084712
81479,49350.00628098856
94527,23231.007328775133
76897,25182.373142429475
84107,9582.907611925351
103177,10982.05215953755
88043,11849.028901739588
93710,79245.97201488915
87679,10747.808130693724
84644,7664.707809863052
79097,20221.93766142881
98030,22043.54930568205
95131,19901.506123008014
83593,16918.45561022072
82532,14720.216121653502
101675,11161.221230145697
85118,18639.877414197246
100813,11719.261563405911
88693,15868.413711352743
85819,12845.47828841078
104337,12033.097463190436
102104,8908.800833580826
107526,11107.383687176574
85600,13333.366379773704
81771,19117.159945163618
98339,7504.833450972601
81855,11685.307901476055
85755,11083.001259268556
87321,6887.472378077078
101819,8665.916367694072
101569,13938.497792303842
94538,10219.238919532096
104142,27050.03505981183
93830,24777.184421546524
82076,25942.11913775824
82721,20402.044454565523
88982,10443.860701258913
85055,9409.171264514507
101426,10480.463223680636
101136,10532.498472125451
91939,10935.49302367094
104368,24787.842121935864
81513,12794.984035103436
76394,21506.550156176447
92054,18316.10411689431
94663,29059.616755512627
106117,2847.1856441782097
92528,25820.543546145484
79929,31135.687853984666
81579,27494.235554810017
107328,2246.9868986796946
105031,22241.36647726593
100819,7644.404586044619
87353,15235.406939690098
77698,23729.17035405684
77157,12341.00675841677
85947,18645.911429063737
92761,19601.907438006263
101344,7636.233946443839
76877,14197.473787626725
95851,12169.048592476358
84319,12790.297025380656
93218,15562.262314145157
83770,12662.87271702271
99753,7591.366932606383
82062,23182.404486794443
78053,38282.5660849987
83901,10138.743803785972
89826,8331.549085256018
104171,10437.340151169508
83906,14980.701178089044
86819,14163.184967137222
88150,17994.79870191346
85289,8140.013734757156
100567,3064.4547771905154
105930,11522.73304109016
107244,6740.675142243517
85900,11844.381289500285
83184,10391.649385903916
97034,11150.075084043065
82506,1426.095839406169
81182,33050.591058986334
78619,5494.158951851068
86046,16628.055724986843
92798,15696.404536130654
86595,16319.431769109671
103854,13682.930361321143
108504,18192.993138299145
77451,17743.48239269537
76665,24862.636346928262
103434,6386.105410317915
82338,20746.75076014397
105189,2917.3222031621312
94512,20530.73343815332
97542,12080.086129614563
83343,11398.635892834278
77274,35470.74625911447
83810,16216.875908646398
90850,13164.357888576902
79688,14195.088597015829
104038,8912.015555261525
100468,5743.739036419606
81010,17741.591789085927
80372,28282.141050692982
95979,22379.672852412627
89813,5533.883868777089
96873,12044.383069721694
87267,10016.945964857156
83327,15227.267491352972
92095,28925.237873466423
84723,7018.785747236378
101561,10019.902227337154
77409,8979.343938775612
76480,27048.82607226204
97632,11647.781136102549
91990,28937.589325081684
98020,20189.427379243527
81375,35087.865524567394
81903,15996.77233010941
107050,20232.7891153325
84920,11624.2071260077
108180,20743.91566150216
94696,25381.58113693565
88215,10774.845630969978
93276,18965.28007761083
80359,14150.27556027476
88717,3881.2197744522814
99702,7742.044943927466
86283,9411.289799884553
100037,5962.110022934071
93640,31753.287670255308
104313,11281.951584403434
84666,16441.341345137473
93000,28828.14852674232
77512,21620.85765298651
85094,8614.006962147741
77184,21686.18191334128
91257,20683.81564881707
103957,7335.448969014457
78533,30431.19579788023
89080,12664.887759597725
98463,23037.175324191863
89002,7809.040347439115
87542,9445.428956179649
88641,16214.037947392657
97972,8803.439720523867
76363,20780.513798876407
93821,26239.466778623195
93549,19239.73330637288
86037,14841.85627216424
79563,31881.956386171536
100014,14717.626506320144
98717,17984.116360750882
87323,11016.313558122178
101054,14787.643105116607
84408,12559.02412796865
82692,10143.570475601431
91513,43022.62987857219
92863,18602.12035632771
90666,19260.000349329268
76919,41764.41633178213
91549,53517.59532166719
90300,13468.38291620769
106228,14347.06449069527
101551,9394.694314940309
105986,14882.18507902907
78520,21405.68519786738
94130,26643.360229818787
88980,11029.830355664855
76245,20769.516240361343
96800,13338.95700305922
79591,29789.925048689605
94738,26214.012849830888
103275,10842.89289289627
82981,10743.707714690552
102017,11145.902497505094
85242,10151.627589043115
106488,13120.678980156516
80606,15914.617955223162
100861,11194.20807825778
93103,19568.89216934604
83680,16768.01734867747
95926,22839.650161404235
84955,10172.157243501788
102279,10294.589850945633
90285,14791.81437744154
86735,18660.94948537588
89918,6457.848875276064
100914,8188.64767932438
90315,8637.069261625827
98805,9008.204176910063
81572,40423.82910882945
85263,5274.191990470349
91962,12516.037926763738
86328,20564.796667288083
79610,23859.08228178252
96570,3203.029217106726
100929,7086.322362855652
107784,20881.25967379292
94269,14143.31581214702
105574,22873.971175820552
76572,14563.917232556065
96249,18772.00933697941
97897,13069.998887468984
77625,17164.19579059003
102369,12678.383150832891
84079,15767.38270297721
77866,16590.881958383336
83806,12337.075308634245
107540,20060.336117199688
103244,16429.964960969824
98859,22172.874098905253
96719,17972.08939965684
76235,48030.54669696135
76348,6980.713429283964
94323,45672.00287197203
96314,12727.301045543914
77439,15085.297568662903
88588,13796.196634253916
89516,14648.993124492865
92199,16250.023586094452
81669,27560.21135957668
93600,32241.724859446487
105605,9769.521349039438
102501,9514.853929845078
105250,21507.18547608664
103132,15052.91817675481
76914,33842.46999893576
103063,8252.541732266543
85636,21475.01778473158
95703,26065.364617867737
95014,13659.062209579315
91855,29085.329933400757
89326,16051.929746207525
86878,15813.152022704982
94159,25792.74177385988
98939,19052.47236146568
106603,27894.859739076717
97683,13607.885730608536
105057,14245.255858339036
82551,8691.921822694327
95156,16275.003230781656
96663,10976.116435810773
103966,15374.0930211605
103721,8578.999799906062
104581,9796.326436376006
99601,21918.640657260938
76271,12277.817696682874
106578,12629.485496275582
105436,7350.242437831404
96180,12752.93674929694
93214,21568.170558545116
83950,10702.27357654268
87436,7905.174392796352
78008,35027.2015478556
96396,7105.381191543524
86423,17238.16669844917
97519,20502.876296618677
86137,17361.54878821134
94515,16600.889382840414
86264,9679.6518415279
93856,15328.823018120498
89370,28156.495029236925
95869,34668.38105732498
108411,14776.388756583492
90193,12435.405218855723
84817,6857.7766765998485
100719,9349.210710607773
82801,18116.316594214997
83103,18517.810091801344
103950,7741.629880092913
83927,13150.72966176574
96442,18588.26348608448
92599,13746.753060123292
105284,9235.632340321548
89963,14748.631162538066
79117,13351.141789899226
94001,12135.496512775944
90520,6393.275190981051
83344,18147.467194891917
104811,24761.45594766482
81567,3556.7669633821024
102778,9505.416759172078
90439,22367.43492523569
104220,6864.411369074756
102961,3696.6777387829416
97588,8848.669307635611
78049,8831.133950371954
80076,15383.830602628715
83466,7760.260990033198
81941,24001.77396287371
105786,16008.199633595166
91443,17339.116574134718
99961,13129.827174686652
96323,8516.40053293887
107235,19302.360965539126
108199,4624.68092066339
93938,28620.542557851903
82727,23985.824169533807
78548,29376.29753339933
90362,15960.503054272336
92257,23974.708028984976
80015,15679.41894547136
93724,32410.879602247853
88826,20354.85586440101
80051,3591.7695582701745
90219,20209.31665295617
83727,23181.215534545845
90139,17622.828471929257
101189,8014.686929386788
85435,16783.249586588918
91933,30817.83957720397
95135,10148.458365322358
80576,24604.83374604716
97289,13313.855181666506
90225,16571.024449860335
77958,15108.092097017914
96218,31822.8398881044
83747,17428.69535745644
85699,12600.83175631367
92682,57946.10830620479
92129,44387.111407012126
91533,30075.88632976139
86503,10133.196127644922
107555,20293.79887581913
98751,25427.73857270923
88145,16104.684127236304
104214,20864.658622066003
80027,16849.985007959833
94594,19877.43739565004
105978,9709.643740217403
81202,19416.34117470895
88343,17287.52896683353
96928,23401.399464067472
89639,9260.835933237104
83427,8010.439149905371
77241,13879.107420687327
76837,20871.644898532148
105316,27715.40150119557
80915,10297.835791661417
78226,20610.51294764466
98367,16100.249032135936
99268,10532.181667639568
102336,13722.794265505936
99355,8812.79670429317
92728,28457.572097740995
105261,22172.80579570687
86321,11272.038584833108
83913,20684.15641749845
76582,11443.657280463376
80624,14488.43149957544
105804,15611.553792617544
101229,9359.485308078123
104782,10265.638962536616
91859,53504.10296828951
81892,22325.10979279635
104257,14731.835262863238
89995,18902.459506967814
94721,28002.87638913664
100123,10646.730137517889
83121,7805.044015612584
89621,8630.319934717685
86608,13367.395132409656
106922,9098.65739113631
96146,17811.597495014652
108383,20236.983898347804
81554,49177.06879394066
101538,8982.706589149508
105248,13647.034540279492
81033,26016.24559500577
107312,15126.31795559697
85588,16256.827099500162
108227,10024.615494891435
84017,15886.69578950934
101028,9996.765407428147
93019,27766.45815570601
84359,7407.5987083550735
90602,8161.762262088009
102834,6694.834606417793
85284,10661.355536332005
78749,64076.95685957222
96892,29514.996113457197
89640,10724.352622738756
102773,15463.783659968529
105779,13747.425555831463
108453,17476.052707715065
83162,11295.471525385394
89704,12919.53757284194
96488,8085.169965549124
81546,19915.09627877636
82108,21041.760357722465
96784,9134.033099818953
86526,8384.454461756188
81220,31577.50431588724
97126,12221.647458501397
79954,25864.8671114803
100182,13449.080809175484
87058,17797.699689183108
95026,21090.059989643494
96334,12785.023422075306
92636,21187.54525448605
89131,9548.712118284922
78145,14942.69594655389
106255,11919.879443675762
84691,6136.785442356839
83425,10966.344427597352
91526,23551.137916670574
81170,10222.703529288165
93766,22686.262388715088
89183,12608.081454026822
87644,18107.159814279712
105559,46348.09167882646
91968,14080.743732462106
107198,14907.011477369975
97030,8370.935192203739
96512,18964.17150209885
106506,10079.300056222386
97240,11803.214477964086
98164,5801.226220823219
79782,8367.84978550661
102498,8321.568656636417
86052,7770.221191796445
101070,12653.012513162812
88461,5847.714623502476
94238,23517.062304354014
97040,8555.014278758186
102861,14073.551956427666
81516,46829.25819041373
98512,7242.352116205082
91654,25384.898261900595
87837,7676.2797328374945
97950,17554.69292661809
91492,24916.07484009638
86374,9568.162261855385
103671,6749.075307707011
99254,23705.90692039278
96920,20883.55748545717
100733,10904.775703364248
101602,6135.810188859626
101809,8679.84963439834
93626,38071.53828452648
94707,30917.048766779644
84718,6221.991475984458
77357,18450.507496233902
101735,8778.51323427086
85009,9443.511312566554
98213,17847.790899255153
89068,6344.481787859933
76270,16348.823928158392
84608,17316.900087812402
106582,11679.564289812814
102112,12768.936128675416
79840,13824.941016880375
102362,10378.297286301766
102074,15525.578255902805
78050,21235.74332916556
91002,32947.52095325408
91648,17534.65195194693
90182,15464.59691398614
101732,12324.733314398156
108023,23423.34684004083
94586,25635.665808109254
91189,30110.982482658143
95199,21384.77492031874
78510,12960.015291333551
92551,13301.081435582715
92368,21646.421711081475
83335,8297.728229588774
82609,5308.499528894748
83471,16157.115933489837
89455,9619.438602718206
84982,9388.577728131397
106978,29657.735207499707
96399,19020.149769873187
82526,12795.052268529802
86743,11196.694944718489
92104,19094.947401272697
97862,10559.200883447716
99211,7585.929060161143
99118,22076.969925381414
97657,29665.989396574576
80627,14002.087367654089
76293,17675.18263433606
83108,7567.30926142452
93728,20953.555005484144
108295,13623.27836434645
87957,9997.541211017502
78627,26994.471505736765
103227,3707.784233704395
88115,10870.126136025769
89694,13954.187641511604
95755,42876.38749127858
100889,10269.8809322526
76859,14615.326450889776
80975,19911.485361766925
104878,10861.412397104516
105859,23315.842681601047
93283,23181.361595437484
76217,15027.361345041812
90731,17342.887660334738
99826,13213.895596484646
84180,12554.271901879756
92500,22834.400132208088
81956,12659.474057444835
100508,10204.781475509724
78336,12296.451471922228
98694,14692.159571729882
92486,24951.553955176896
77134,20020.214367542765
94264,22242.81209120143
108210,6741.123152114955
98310,17250.419756447078
76260,36625.72268478535
89623,7045.636996732688
101737,11261.5775782171
97665,8139.489206828967
86041,16924.830176713633
86653,11049.671943127429
88423,14978.077488987798
103407,14767.793700792145
84654,18222.17500020611
77143,30263.13246727286
106392,19530.542694849057
86347,14567.953464780769
107230,9795.73396275114
103693,9136.777646310631
82765,17349.307088414564
103894,12200.516667825796
105668,12968.12144919665
94216,12412.736201122214
76250,32531.296676955484
102466,5806.535220634987
91919,17553.166748285417
99138,20592.28454156632
102850,16176.9655736604
79094,24545.45962734345
84552,11009.833644379109
93668,20161.007409116104
93389,16031.04622640375
84312,9864.059709249836
79379,20537.22533764072
98739,6998.795226111262
91448,33769.52931481928
89834,7976.486062065293
105359,8709.844767617504
100267,11597.3281445836
89101,17282.540002738337
76904,21403.388867420355
76664,30207.668668979943
102621,2827.8197068616123
82337,24975.670276869965
94266,26802.16695433208
84994,16799.381078035676
86246,13308.446141637854
96923,7973.309656186206
107661,19001.35432680629
92401,21931.045385392503
96296,14068.11874397526
85114,11191.713330516644
83081,9258.554980368312
84948,9136.243065411592
80292,14260.221066007063
78938,14461.273054741643
79942,20085.563066663824
80899,30078.460771905786
102476,10641.83904504747
90589,13948.431190916468
89944,13806.832771381489
106241,18786.65081898238
99835,17100.56548756315
98665,11423.608453599549
96516,6373.414443207103
79065,21682.410537115837
97070,14993.112174303707
88721,17525.68815387251
100311,12202.102471144077
97912,5395.433249736371
101514,8634.548239768219
91763,19378.443882154468
88488,16320.002133146654
79955,9007.45933353587
105677,7629.658185033477
99297,6073.614123551883
77377,10928.739434683295
95552,15900.591010712897
99704,14746.815927942238
82097,49161.276009992376
77067,4580.471806510509
93326,16821.724056765546
98258,6130.990108687209
98900,20922.303982386336
101474,10535.825501679132
91945,13032.356079394143
78816,32193.328074119818
95208,11066.524479182524
80788,18079.670503556583
92446,13722.700814660326
81929,24500.858617551
101068,13316.904863344584
105116,8872.762024487933
96828,12909.35819603086
102272,9970.122860251297
89347,22572.580488157342
105201,13901.817044305328
94146,19232.774127054254
105641,9970.202005652787
94416,37293.778437099165
89152,15838.219358935889
99500,6651.620652029524
101711,6021.060629710686
88178,16245.323890588725
94259,22884.930479253155
90380,10363.678897707456
80659,44863.9133630172
94687,18823.503048646897
100447,9128.617767453368
80895,14389.588716968776
91806,23936.546876805696
82758,9565.754508789973
81850,15833.299244978878
85521,10451.12158441928
92432,19723.493768670585
78318,60512.42337089401
98804,13749.18517169679
84403,18209.221018234173
100979,11217.67686903313
80559,19089.097072132197
104553,19976.63890426534
90570,11516.20254474774
108278,25521.99662202164
107134,9666.323694795912
84351,17221.113658151804
105418,9432.82293361385
93910,19987.222076107984
98231,23868.475861722705
100789,16724.32653606518
101332,15799.980677734886
105715,9752.488220660594
82170,11508.172131423604
101526,12985.706645658272
89070,6385.663133135545
90429,15508.191089040842
91152,20515.96404027955
82374,47035.68173423965
81668,28465.6545386032
78914,19284.2064159136
105239,12767.312266864325
107483,19152.27293451696
83354,14225.422042162754
105252,11451.902946695012
93977,19691.38926575901
89807,7862.157203717314
81551,29209.299084281447
86311,12625.204642616833
85966,11995.256781769584
83878,19549.37319752036
103342,9355.070038811593
102398,11134.929498404055
77021,48638.929312776265
82755,7898.192692001081
88635,7190.812893306358
105457,12614.673196510195
106552,20121.128529373625
102641,14691.258941861628
77582,26290.16767469404
95453,49490.59787361194
78388,10283.099566128956
99772,15584.025516232792
77990,12001.310842958166
78944,31861.5971498622
88290,13427.333920876776
90011,5678.78206824726
89540,16270.621083049193
78904,26762.82563008428
91379,20323.680559051096
105750,11844.18481484258
95603,16216.154700512026
92481,14828.398273485793
93463,17571.210488260782
88974,15820.508788809237
77787,22254.22232149564
101389,10992.033340848004
90559,34291.39065487214
90421,13069.383984083715
107190,24288.41335600505
87506,12381.696038701906
101147,14326.58841759828
78096,30842.78916635255
99840,6230.604104309798
89677,10209.829177527288
97991,9000.111065306632
103556,10528.787310218457
101327,9912.896656967752
108008,20236.6427906567
107752,18035.491928560063
94554,16458.69155135269
96408,25958.67283090676
93573,28215.3920898006
83674,10660.93931238848
104503,29868.414894892325
93082,24651.744821114386
101841,5917.358724084312
85143,31160.154264446028
76781,13819.224500283428
102153,7858.490308441984
97411,7014.454040224673
101676,8734.404691616193
103176,11848.712205228225
80879,28415.055724467835
79695,17870.675313843865
106987,24974.89767683539
89095,19417.580476828003
88707,7959.854824852693
79935,14138.030165585857
104678,11610.08593728498
78644,11349.0138159195
101947,13641.157255402291
85390,14760.292196122917
94121,13550.94327392564
80525,28190.630771674936
92964,32242.849399363116
81982,26440.0316817325
93804,24399.283076653388
95574,26742.510312847196
81710,17196.87220042381
84452,17525.258000706424
94410,20634.682021931098
79137,24509.371677382114
103270,12032.992666846108
82736,5370.291152245467
106741,19114.54070941653
77630,18110.02312918455
100426,14045.76770366386
107231,10284.50175419138
101001,13293.438571210185
95067,17863.979327172892
107197,27366.358229472688
83522,11262.751997553309
80239,11191.384560447394
106389,22177.510386641745
99072,15024.538432904184
92779,24866.751485216635
107906,21735.17904224126
81289,5632.286055618537
101206,7351.791437268277
85646,8850.757365637619
95202,24730.098995390406
96423,7262.884040224957
106597,7387.78724848405
97601,10142.174154445373
76974,53790.36678012165
80171,28814.629476308284
78391,18812.567788917662
101424,10787.961737325291
79548,34588.898195603346
99083,13536.754764552485
96204,27146.89477644315
93318,10606.168512346952
85745,18284.99712465136
79531,47691.67456816179
106411,15299.363658257556
88431,12153.396528601144
79827,14946.832461474794
80860,21660.722053771857
93114,31398.70331446932
89031,7016.983497539007
105755,18183.100560753548
81286,10505.157330776236
94641,18883.39322754688
92196,9566.549969516478
103591,7015.604427888052
80497,9661.503592214678
89672,6971.9165902580535
80800,21313.39714224676
102146,10555.102588125224
106675,22554.707911543057
76780,19588.591269908637
79880,40790.188502690486
90306,14721.42514774617
102271,8901.910810507477
82996,9915.109140278826
77929,29593.821889449995
86610,12575.457268485125
85316,12044.4365201013
91134,14618.721413590907
87377,10259.285015124911
102946,13168.435978210557
105420,14115.741443476423
78375,26242.310192980916
81157,9886.61503610429
93430,23231.85338019389
90671,11690.71523455485
98881,8195.464695149712
107152,13257.12364620304
106056,6004.204533764809
86256,10635.584120784928
88692,9377.408745304238
98622,11239.989306056345
84068,4054.2296592880384
85863,8361.898906589344
104131,11079.323612529271
94296,8659.929874802154
104177,7606.079922777551
105126,8176.756690375163
93360,26183.25423148217
91059,24337.76751425488
100015,9598.249341514893
97027,10718.59208998281
106300,29086.84902913004
83539,14143.63809598968
87099,13601.041344423162
90692,6803.854134203121
107313,15531.977024849444
81341,55780.93281712114
82901,10960.348143712868
85576,16650.999334277043
98646,13104.847557242214
102552,8485.978050009908
84874,14428.387418193764
104768,10709.055485448593
87768,7415.4771426811185
93342,16314.274593706776
87241,15051.68804134256
103615,9396.212910985569
98526,13712.803940791528
107464,12638.87211933524
83357,18926.75665267804
103171,8787.544289882331
100341,10787.745414893105
104547,9560.747680983794
102882,12882.270384410647
107531,20751.721848390476
85433,12617.3500560479
78435,17822.247265779963
106094,19018.296779837536
92625,93302.8381343436
100319,9985.967700309897
95937,34148.30040450407
88915,9122.621743273936
87681,7314.735419491128
92428,5793.769818431926
85427,13118.915064715164
105372,10444.172106324586
82482,22481.73331175313
95178,18778.39475937404
106881,9621.963575390324
76562,30086.93666483125
103710,9095.625341902232
89109,6092.049346920261
92522,28827.48805051192
84821,18019.791659354934
80597,27029.61795225759
104040,10562.575021373164
96115,8087.356739224948
82818,8980.852061243106
90316,15905.45348976589
94385,20046.140373521583
86823,10210.161692390746
84842,11623.970203204668
102995,6985.397029572869
85397,21861.23010216769
81427,13513.40822046759
102461,15136.833827763428
77422,31373.238571520764
102354,13549.345613166126
91822,22252.973056937797
87427,9670.643719391755
105450,20855.77112403582
94789,20839.00020590864
106631,27172.29546614436
97004,12941.525420053224
100826,11797.686308523684
97915,16554.128258342374
93253,37279.68864242367
85776,10407.909318839353
105562,14979.10631477562
77560,16925.951652797125
82659,9597.114730260968
89531,17347.793518461738
94076,21542.76575052817
98457,11155.623471647388
96163,24276.523399706846
84779,10156.376611213576
104551,18705.707397413506
79934,19907.011524657
84896,13173.198862916865
99393,10514.186285546572
82051,17333.597256636058
93247,17535.291646199832
86929,9939.92195977232
106943,10931.242374545684
79979,25874.5705904914
80912,22078.9803359178
105006,8471.499074581116
94368,31168.15214003173
81871,23577.75013907057
90338,11585.534434726129
104271,10504.049980186095
89984,6606.424444133299
105122,10080.57106857613
104308,26768.528672070897
92941,29926.618122077383
87433,24747.390203704486
96289,23524.11155421553
89130,10336.988903028385
77233,53417.63511889953
96895,12192.238326294737
90364,11994.078739728691
76283,18703.26930004722
77689,23257.918183467234
98366,9474.65050548828
78025,21906.47185979401
96644,12416.410019284223
80641,28259.94780164245
80271,27774.587987016985
99003,7923.194512793134
79756,15566.166313380778
76981,11881.264081114106
83320,13747.34491935816
96797,5168.990792457356
86350,11110.88199411859
107535,17026.802778962832
104370,7726.08583600631
100740,11022.906906020646
85851,11950.919991470364
89132,5321.605258501904
78746,22231.663733509035
88999,16401.897672862626
96416,17836.399608967906
88921,7200.418849957125
101078,12521.005820085536
92447,23347.92279113684
77960,17970.43009030421
106799,16047.824209013315
99888,20852.838196919038
83252,17182.715835866544
78645,13799.194678942997
92233,19322.755079394068
104026,9504.179572709205
85148,17627.508824430774
107726,14453.493176380573
93331,21719.716132224847
106236,16268.164548928113
95282,15874.122319390966
76222,25223.82191484471
84158,5413.075059566387
81857,45229.974240779935
94698,26583.717748409403
104680,6457.638948493213
104366,20538.510443246567
82562,17864.27952295532
89753,11561.9172849774
101937,13426.07838293903
76600,19665.473640864184
102683,5249.045535738801
89245,18684.892541193534
99902,11968.060950961177
106525,9649.056255325424
80738,37139.9571011593
107909,17254.544260521703
105939,16182.60298041322
92485,29932.28239327777
105128,17227.110993702154
103147,7153.2530169554375
96539,7883.856720435044
99656,7586.598351129904
89755,17336.013668531043
88400,13339.963603672626
82968,19606.95731908652
103521,14993.433690504891
94755,36405.23801275926
82278,29508.108046152884
106205,8054.406628950665
102677,6714.0327900903
103577,13345.627050902678
88365,13976.187512570395
93543,15584.258543535274
103285,11054.791895458597
91445,53531.21255979818
86676,10274.308070294644
108086,10936.451248511785
97671,12870.579422798482
85193,12964.5793381298
80220,40710.340664553005
107824,13459.597615949431
87246,9038.802635715296
85080,9436.10525849865
85470,12181.401301686408
93453,28151.81115401893
87214,8508.169247929085
99010,8568.614458606015
77246,34935.13609376164
81671,14435.495280108267
83651,11938.479207029472
101085,5976.624478230871
86961,10643.84877050936
99154,8377.044883330364
85563,11802.440881994551
98972,20021.072313105957
79331,19202.144386498327
100112,11076.919939361778
92540,18079.449126465734
102135,6425.887858827527
104980,22458.125258128865
103442,6774.408556627292
104320,12005.03725613068
91208,69089.27152388933
82486,23127.72059584114
92052,9800.225392139911
80540,17413.61232288787
89228,14548.49919406747
98960,11765.754605778093
86821,15927.345976083245
95220,16133.034848140054
104196,11971.251507515568
77934,50823.41140026654
80965,16771.733157385956
80864,18491.725475168107
90303,17188.82996955633
100396,11008.294170696372
98226,12228.613388028774
107713,8228.435870397681
82199,25247.16079944292
104715,28544.97719700708
103412,11290.558811317758
77224,11384.73694430559
79149,19886.381252717903
79332,24806.26239912935
100094,15561.5550946384
76280,32661.088907516445
104668,27414.728016796493
106239,10554.426471990872
106918,18809.041234559467
103738,14285.69590108212
99768,15129.022845164302
99895,6880.226157406831
88553,14167.244422341262
106781,11899.454649187182
104339,23653.216754740417
88198,8117.954743423474
77024,12713.398770576196
90492,14762.27631250414
87383,8060.052401744691
85194,6845.449476451056
100821,10076.983194340268
86207,10534.98770589144
80736,10141.603229271435
85035,6883.615985121085
77847,10495.725000141978
102444,7869.935301896009
101635,20630.63839302221
99639,7967.283602687557
101365,6756.1015153524095
106612,24026.48586165178
89655,12013.53999320784
96679,12309.422663515255
107353,34308.25092551195
101805,11227.168704519516
81804,20035.357000829048
106783,12569.218169685582
101047,12558.938611646185
76164,37870.08113276966
106524,6656.083749112635
104745,9812.940822745111
88874,11310.6163792897
89206,4906.9765842877805
88602,18870.172960836146
80458,25845.716271820544
85756,9794.20251393657
100972,6800.966909785493
79897,31383.523181934877
85913,11581.552627928071
107705,23114.89498857314
102659,7395.845234560504
101994,11217.09487578136
104004,10284.773791226704
91171,41589.8704707809
100207,14899.37147542942
101431,7783.723538039265
92034,19731.185892156605
95470,33059.295285689936
79276,30892.18158068153
101893,12603.165878171549
91522,30798.73842246827
94047,29231.242498907715
100620,14815.98739752908
97405,10500.897621134063
89277,11554.083641555397
102728,11985.48509379876
95665,55349.6465812926
93861,16274.619870019516
77779,11894.145397522458
79844,18311.31639707732
102549,11528.907502766036
79764,20021.366293084964
106543,16776.330605102172
90127,11301.98288496592
78759,17972.889442421885
85232,15964.135502566123
103173,13198.874624534192
77690,12026.565213956766
78669,37787.7960899316
77821,11870.262482949398
96869,8191.232651469411
99426,10498.464979798113
86596,12564.806186601943
102352,7516.079031647341
88825,8211.751577782574
82595,19340.82986091633
79408,23662.77145856933
105771,20475.275378194096
92499,29550.652515510614
82744,10575.20713947103
104310,6771.253035874506
82965,11739.235497714384
108492,20039.49602004117
102748,7735.528233473983
105549,19773.39521398569
103794,14116.085076725483
87574,10200.281764232586
77090,20113.93895075682
77729,27655.63803933404
92854,18211.51683845808
82724,11111.2008392814
76843,8686.322296132734
95714,10015.574593477271
85077,16711.53838292649
100035,4438.261426517505
76694,13454.53581913358
86970,11774.05183425302
93243,24500.69739062555
95700,23211.57659748173
103907,10954.621965054395
105698,14456.90117553757
84320,11274.13556981177
91561,23142.66931506667
100459,7404.130072656251
106398,25508.488172277277
86911,3051.1694135310217
102905,10995.62933690162
103009,6172.012306213999
76287,15118.079942631955
106832,10651.506249178869
107240,21499.241782003264
104164,6878.993634883994
96561,13066.68514885117
81823,9408.097281689728
82102,23647.319558136725
81420,29373.34005663021
79102,21754.17894279378
92252,18516.07018893147
91605,24616.56242268096
94353,27846.678188334285
76883,19077.573921401017
79941,21894.551362398262
102977,8538.083267026821
104975,25733.353617665827
86138,22470.438722329003
76309,19874.40047716632
104976,16199.530140730987
105819,14879.2727124056
103115,10580.908501444152
78958,18463.42516843267
86851,7228.369010434394
91889,15419.230631019074
96977,22389.08426726771
98888,10480.563641947689
87642,11007.827719349503
96835,20060.106392330777
95915,29249.04588125461
89880,12846.931639853963
86974,10500.996712041884
80793,12413.988437602817
95773,26380.604473178544
92664,10937.915086104234
108423,14553.77798062369
88073,17123.254485799855
97731,19619.82349530501
92705,30820.20914959836
98275,8487.624596788108
106563,7433.764133999752
83216,10696.201660465493
108252,21892.614179636566
90052,22353.613956250905
96839,16135.610953260031
87847,7769.319305277309
101778,17613.619653119
90493,9829.38995562115
84236,8282.158644544592
94651,28072.256999870417
82828,6590.902461426454
84570,14493.147815237737
103560,6216.593235889573
105414,10762.117523721814
82874,9469.773700826878
94023,15622.140592200136
99936,9016.737171162047
97927,6378.192316594596
85922,18165.41791141848
92409,16196.894282391351
102547,7384.4002107604865
98620,7615.879002007567
77418,27691.42363663717
106846,22334.04658370054
90794,16949.855033131542
102848,8526.653455525575
77668,20335.694544562488
87057,9072.26916874488
92125,46979.69154357997
89356,13832.807512921105
93931,17911.366421883402
98496,8199.212767627478
96762,11556.564204932803
77603,16529.614430145746
76242,13495.268889968387
77854,20367.27700572677
90496,7548.482893254336
89873,7756.470017576899
81047,34956.90190874296
81482,12320.266198404795
106630,20463.28796979253
102807,10039.629989076866
101397,9403.707718106936
103459,9891.324914949178
78508,34689.99511429232
87042,17814.09249828314
106348,22127.21063685578
90653,6373.85507999194
76159,20783.660816630618
87944,10275.271852064314
81531,23568.99953952293
107875,6704.58209857653
99542,12799.3030142444
107359,20254.7695680823
104564,14748.75903167956
82560,13559.720530006009
93591,31335.863604810023
103234,7495.546203761609
108458,11085.78460371886
79888,13186.659377668147
76419,23508.95694034944
106649,13982.38150230858
90004,6870.555335514091
93201,35758.019694191105
97558,17840.71503365985
83097,14469.143581835266
96492,5917.300443024695
78413,7552.159211363532
79076,15059.482022373371
87061,9900.489885453151
83665,13892.21413846344
97131,12459.310600575553
102075,6927.494529696032
99331,7988.121989365957
82067,46894.35403222948
85459,18878.711084101917
94510,38336.32816684031
97875,21996.28119249622
105176,13320.37118435749
89196,6276.1362152595775
97424,19053.836190108275
92886,22830.897398407807
76660,12449.271261238362
81181,19742.244779222783
93133,14542.552655016896
84390,6261.458075391774
107413,22361.87778165473
98681,10578.510841855295
86318,1931.015970690148
80893,23698.528145890497
106409,22980.95066542455
101539,14688.623348414729
107735,13988.870293660371
103362,6809.273507364267
95493,28945.222281006
95573,29073.350277826223
81435,27962.605235304796
89730,13593.29332975082
104812,10373.442181795368
95540,15113.545786824809
105693,9608.43345889038
99879,14174.110703295108
105045,10217.820600777908
95556,28563.134800387
105209,11858.454441624785
77262,37881.22696874438
88746,14347.74683587519
106257,31665.06016050225
86665,14945.414435644623
99714,16144.4309117191
86308,3660.2109834399407
107814,14106.239904647193
104110,17127.037740586562
107020,10207.80770112734
99899,7655.779252460466
87878,10540.170851254868
107898,8897.55806878415
91803,25902.850619682304
91708,28470.80522371521
88131,13276.684573341126
94236,28734.306869553664
94787,39707.15951457444
88426,6023.907799186134
82052,20810.437204676266
81430,20761.649425637057
103458,8458.316854110923
87322,10870.237770727505
88030,9303.21159004626
94505,31346.50985549152
80104,9917.225801570672
92324,28463.231839009703
93393,21552.050605234203
101185,5660.435061167943
99944,9788.152575739789
91381,19026.486360318017
102720,8730.662465537454
80107,23979.591560683217
93006,31309.59391413122
85248,11788.342018460198
99068,12566.64383239721
76834,55594.07811192719
89377,11827.663215316305
101452,13604.818526705689
92548,45860.94150202939
100658,13455.73937218728
98383,51023.680676292366
77915,28138.898698815905
86268,5326.189595373132
80304,3360.7148020010545
106680,15853.787674820169
101132,6998.573436127779
90092,21358.150101782427
100329,13851.12226760839
79943,14675.292904793268
104189,13868.9789467639
107250,22292.043146805398
105088,7612.473798688988
88824,18346.44088944295
89166,14355.12242180346
78748,16634.610569776192
80118,19721.95797749872
106238,30539.073903577355
105638,9502.183667923176
94974,16385.288268016076
78384,16020.951678195634
93451,19906.24978853057
98422,7042.158758856943
91430,37739.25905260774
77519,20484.94037708168
96946,15801.249625828676
98391,6052.247925075948
102809,5760.98939490736
82926,10343.155642537142
79108,22913.423008110465
96213,22484.49034108208
89205,5330.835055956416
91600,42602.31387989831
107292,26324.665091333354
90688,11269.108363290785
98776,7478.55619891782
79778,14844.307551150694
106834,8435.431168996583
107835,16713.04996361307
99788,10741.280062853482
91133,24853.4913592971
82747,10225.16351265282
95651,18911.67756077399
90035,11723.361715853447
92821,17352.923867982005
93614,23666.59210667836
85993,8894.509839792243
94616,16485.54737585115
97987,11975.4011705272
79300,19718.81271644083
98588,7912.713608167926
83355,8949.089276595209
105664,21486.335346185813
106502,21712.19122056317
77235,24203.395643179643
101503,10035.84351400496
99569,26035.63597261441
93332,17379.526810587773
103565,3394.659637051454
98223,4419.111816938764
89090,11085.838926019496
101490,5180.871404275273
89428,10201.466544541903
82555,8884.908628159448
94744,20074.543015386225
97092,8570.525748864398
80994,25373.39920961506
99486,8951.988594101134
88556,12063.33385837145
105789,27506.99322028785
90968,13957.54421634605
87386,12080.83846887032
96239,10279.046783126774
98412,8614.955743451563
107073,10593.896603205838
85775,12156.143435065487
103494,15953.626093650482
96232,8853.412412324247
95146,18324.84173666868
101493,17262.915191644708
108369,22297.62100743608
94214,27005.83304269254
95377,21653.74407796509
80081,13650.980880796167
81186,14193.705645758188
100638,12033.487017523672
79228,22137.6493250828
83296,16178.377883153687
78663,18810.321626373927
90474,11595.019387038144
99746,11378.054000139624
80600,65350.1600456816
104132,14586.94142328149
77292,10342.545828684964
104314,12315.53747610793
92563,55790.327478594
81135,21895.49405635757
83199,13997.999199297908
103083,7291.778389533526
88165,7124.325742104587
93492,7340.344090749439
80502,19286.62333902852
87640,8830.771256977681
95862,23416.17235691996
97106,17289.12508861837
88353,5883.061340012914
99443,15901.511667125907
85914,7865.686250459898
102522,7718.070463919521
94035,21069.09871665705
82309,16236.177136234186
103845,14995.4040548656
82955,7046.806551289885
86039,19887.329353323206
76890,8195.99643210374
94862,20763.08583072579
89261,10269.914005419603
95261,30923.478679230808
76543,29472.46572683497
93805,17732.423892441228
79387,27210.366393042797
105256,19236.442717288297
103632,14070.770137009604
101647,7889.259370021966
90779,8099.373325596849
83004,8810.068176349392
82810,5536.64867974529
89851,6559.15042342149
95583,22867.403132400115
95318,12092.675286302663
96740,14251.730071802149
89999,6261.216808143525
101586,6820.933298390264
90205,22132.360265613708
100202,13692.108967041126
95896,16404.2377970962
78190,23432.08398894948
106867,11802.675852708622
103122,6923.353155144723
78800,19848.34744680168
98137,10555.185737565243
104071,24193.747920085007
80969,16817.341890550946
93695,12956.288097025772
79235,15663.798189775687
100233,8137.176281457273
103673,8454.902628935015
82811,10774.636368689216
106273,23122.87786703683
81714,13071.25268068209
76623,16655.602004322223
98396,7164.650764966971
87067,20814.122270706743
94615,29139.802260764176
91380,29220.13312879817
81368,14511.152890087964
100189,14858.7611521722
83055,10485.706412343876
104726,10557.611525230544
79494,20839.51765549471
86895,7179.911360887938
104253,45456.4502520316
80451,27997.162939442525
81633,28314.772032982037
85761,9297.730037749192
76040,16275.782468504753
86749,6206.120390902727
97161,20539.500398666463
89492,7861.028113993885
101063,12717.955215158054
102557,10457.906269496936
99966,5306.096397931642
93615,14371.348525225672
79812,13453.531637385411
106083,29417.726193096874
91688,18844.96898673982
93348,17713.95588161197
95861,17726.01287016074
84278,11760.614396729734
76892,16519.92950963637
86674,9375.187014675072
76138,20290.477078967466
104974,14605.881953575989
102421,11906.889529899823
82617,16770.509602353428
90307,7969.769438995394
92258,26030.646279864704
90255,21556.81994073987
101498,12998.969329382371
80567,14199.816247977056
95321,23688.949057764785
86671,2822.9823617850097
89272,11685.565868532183
78823,7228.711003933173
95185,21979.28037298393
98753,7654.442981058029
88611,3074.93133233379
108390,14068.66792914222
105366,18534.76879542445
80433,20608.26431418705
104145,11832.10065480922
90881,14739.498128064915
82596,9216.990020041472
85279,10950.226667743162
105968,13464.847072747492
84463,16311.89666771209
85840,7813.171122980808
78708,13242.22482669704
81642,24780.943878752856
88004,10473.015182620107
97345,26631.565024292897
106927,6466.573790501661
78351,12670.591732917346
91596,30707.24446766823
98390,14416.657422605773
80145,14532.50987737674
88364,8173.353240799494
88715,16284.298023534764
100449,10691.331246555732
92076,28605.4636296565
102573,14618.980744828128
89983,13133.441563080054
76338,28756.82142129805
78076,20051.082233531943
96116,13097.933195143702
76662,19308.8949353488
94194,40092.31265314136
105200,6485.495179226709
95232,20439.645531288683
85705,9629.61258233002
81683,6875.3494353126935
92007,37973.38016381289
101156,8014.345109074829
96857,8869.415992309187
91201,21694.0071697226
77066,9780.400322079073
94938,24172.980061033377
82691,14088.469027322732
108279,24239.216802333016
101317,11502.948419910394
91872,21058.47685397272
92517,17102.820020850115
76176,15868.704820504812
98840,21611.1012078096
96297,12497.019102647671
105077,14008.005246745504
108306,18424.910956070424
106837,12415.172156281364
80906,10649.938860401977
85979,18861.98765154016
100004,10544.80358860568
108473,18488.760276583573
77203,17935.33316531873
101523,12012.549745046208
91769,22440.974424456348
95403,27531.335855358742
83930,10384.920246054502
95272,30738.159361511807
107063,16514.426892005686
105033,7551.259031448091
105705,12858.62454074308
80224,18065.81238750057
98468,9185.10482383691
90993,22178.2883898893
89413,6046.137932794311
98561,19737.95314513748
88199,14244.524142128896
95082,18976.043341928715
96647,7477.847997439332
80307,19496.360060855237
86717,7287.718585034787
107754,26361.29562607817
92740,19859.77799090783
89653,8701.958018412628
83458,17588.020389351565
88918,5583.686505404822
80859,11581.009201655994
76830,32113.59417687809
92727,21333.252052915886
82512,9251.598578226784
94918,33530.05406697502
96158,11568.058242817164
97812,31375.97043934953
102820,11100.97067780806
88655,9138.789066211748
86512,15593.80350116456
84814,15691.78590403183
82832,18190.36519870754
86946,7642.945086425249
102885,8004.731298573733
86598,15834.86533167265
76927,48221.34746364608
83377,15244.58741800846
81917,28716.29166561032
92972,22169.359191487845
94932,16571.800593252203
76026,35304.565993102944
82383,32612.95237632411
95697,26439.140082186124
79489,25514.86633499777
102254,10338.130066948332
95248,38281.71747152027
99438,9110.067412401528
96002,24694.64769738172
107266,14094.628102335651
98233,9659.86859445133
87721,12844.109894005398
76462,48709.96895277946
101352,8731.348710721135
89118,9689.88127060422
91908,22807.80145762564
94169,19128.37981190192
105347,17021.0663877317
93347,24841.363618095253
107981,17827.81756007641
104698,13537.766538188163
87678,19236.003246219043
78945,11964.755322114874
106051,11293.17388346982
100768,16939.841129968707
78915,30082.895483705917
101837,3743.721156710351
79136,11558.251332473392
97035,8235.686471833898
78591,48288.67908383679
95969,34559.361872034
84208,8763.707846332372
100228,7783.26011920247
97687,10927.41423998032
87591,14941.066667181816
96149,21281.08138370532
87736,10830.78518583758
87550,3581.1135972581937
102052,8567.501461722986
78827,34932.91481091618
102402,14543.1733177932
79412,25935.21199649483
77865,54819.96187105114
107971,9276.97857096926
107469,17406.84705993082
97612,10649.5087075248
108451,16972.202895588536
91741,23306.60801532156
97524,6829.803040601591
88979,13833.69177422957
87740,16317.000083013949
98817,13115.151093740831
93862,19084.039323449644
99648,18271.597004694144
76643,15869.147244406464
107633,18389.406760043465
91213,28276.77927606624
90869,22814.6711175651
85444,16232.92515334842
104383,20492.487766455462
76870,20638.59878254224
79279,44507.51102096889
83999,4361.723512377993
98596,8074.339428763622
86831,12464.787699618631
78863,30852.87811045759
98360,7649.197756960624
100096,11391.697329417188
104448,5382.388668928945
90367,9366.391613809628
103277,12273.09625797268
103728,10289.325833264607
84370,10207.159809451963
89978,8124.165388652113
92359,15484.464410331984
90135,7029.651463456805
87969,20474.1246720012
102318,12627.767217970608
76607,28919.455363951387
88481,12450.331226365452
98436,21777.880097058427
92888,68993.65481862944
106269,9061.744618853863
100538,10673.447231483113
106326,11397.391554032853
82449,5371.088122180136
91142,31397.359801136805
80150,27244.450449678407
106004,19678.08963684859
108069,16812.698098656165
87037,18319.25852667556
101280,7702.865435315134
95763,14996.979611175097
86504,12963.413633126376
81964,23577.503437436244
98685,10475.807088727795
103215,12535.588219067791
94922,35392.430725913546
78554,28805.22753054969
105764,13252.813199761751
87972,12003.655776079677
84358,11977.638016635048
94964,19215.43380581944
103241,5169.987870809724
86647,13675.783052653522
99158,18004.290147471394
85420,10067.781975192644
78077,24958.50584347681
107422,10283.753289148555
104022,23217.6222688174
79737,30944.24171735692
80207,14799.985043698238
80967,18134.269893624834
104178,13989.03586112781
81030,19061.578535313747
93015,18794.51619420585
80407,21793.681130782905
87649,16314.193550773973
76690,17177.545578029152
79789,21610.388370539004
82746,7957.460281987553
87159,12593.483788524874
105962,12748.870722452077
86711,13870.479150124607
90644,6138.832396367607
85786,10754.870376258074
107631,20963.67328025977
99617,8221.687601251819
96261,22675.54270191553
103524,8054.557131685886
106761,6146.9053173118
85261,12602.506666819454
82784,10849.549433512571
79866,9708.084323492552
85332,18361.544223608857
91102,20198.314549268693
86628,18494.74289926896
79673,31476.00966390792
83347,15740.795608022412
94145,24901.192223767648
106036,20053.284273796893
82287,14566.47111005754
88789,15904.849522779756
79618,28440.49582879419
94133,20969.238501767628
76165,19083.40338392003
101369,5605.174577757135
89387,7879.550206471318
76789,36244.57424849588
107309,13294.635954296133
91783,26198.211978187832
101897,5085.070362020635
97745,18076.554109895
82133,42611.65415418282
91614,17117.27320415902
97308,10515.78069221973
95044,44214.86317483127
80363,18915.00409740359
87137,17792.287197273537
80900,9989.926482691466
81525,28503.753823190287
86772,11415.983426655494
104784,23775.26273220486
76211,39359.06801580549
88180,11215.17550992567
107375,19024.801351811107
87142,8930.052703933292
102944,7117.660551470277
99258,15360.818614345875
80209,15218.87607983649
81591,15820.408686535846
101494,10043.92829684554
103703,13511.32772935351
84613,12559.479955341054
81070,22554.67619367427
98675,24208.646492017284
90638,6335.891322281246
78215,19199.727764405987
104188,9162.48885939658
79525,27272.5658172754
95362,20364.51628239939
95717,10424.767514188989
106872,26332.032861145875
84301,12790.129615513986
81601,23242.624380145724
86575,9517.988317225196
100108,10645.345255930031
98140,9630.16136463442
80480,16906.063331009977
105961,21743.48189412464
88147,8904.592755188067
90426,13077.562938820542
92503,22799.479968834014
91066,25159.33014622513
103976,10289.822088407847
78267,21851.551898510515
99535,7931.347086501986
87776,8874.366904605115
108501,23379.99384496549
102285,9807.66080803593
105946,22629.30780920953
107799,14185.756683383368
90291,14625.240055585306
103617,10960.570233284074
97086,12995.081751963884
108058,20184.26912045415
84663,14211.647680591012
83054,7147.020493701072
80706,10317.53636294099
84885,7749.40277371814
96741,8991.352800506475
89018,16652.221034833517
102962,12284.816699066636
107208,21464.21931114872
87254,9304.467338808552
90928,33502.02770945052
107211,13842.608748641813
104636,14693.816740872942
96902,23324.5207014817
92953,19259.52145774485
107082,26708.80163941841
87483,9587.478038676576
81493,20546.889137318794
97521,8144.689712088374
107168,48376.708532218734
94004,34031.39325135157
87794,14496.070257962105
99172,10184.22665524406
78673,26996.53974735969
77673,50718.61640584271
89569,18911.95902685212
95130,11509.211495507889
82941,14530.230888189668
106278,23701.78994727821
92295,26459.365846298293
100500,7148.036596738131
82192,45958.713900268354
103583,17510.745511773683
76059,13920.767364773785
105499,7337.421158510599
107083,12352.49646754677
99563,9273.184866484418
94951,15571.248320186438
103148,13703.973596214952
91319,15106.778189776758
93386,24428.436086400176
76109,10098.33926664196
82945,6767.528524011471
101785,10323.63746385304
99381,3304.9908214397674
87060,18356.042957713344
95211,30670.583521315777
91694,21075.032627551554
77173,47505.7156076627
82094,13357.019482988328
102120,13563.200464806258
91721,13506.19635735076
88100,8096.159304486413
101115,16701.95874266035
104595,10254.918888688291
90098,19745.881967336605
89595,6125.856240067875
82269,27557.10323628641
79900,19565.531498712407
90360,13565.775591870017
102462,13691.789725071549
106639,18805.953736770916
100825,8469.445322436219
79579,31056.0195564959
97198,10060.766854972271
78303,13081.524348060007
87680,6259.511812689277
78160,59650.19595544663
76168,31070.590714382284
88329,19229.000096375035
97416,15503.618555647026
93159,69711.95011290294
91927,20760.658237785134
90611,14078.171615621197
78641,34458.50002305888
92598,20937.57585909016
94425,30432.65620252939
91168,21515.46286689481
78734,22188.5418225528
78005,20989.227484611845
93001,34275.852945458115
101473,13631.911063671874
81076,41809.824194444416
89625,7839.242135746648
77610,11178.31403337418
99909,14403.944615011527
84285,5470.733531719359
87146,11949.340129769183
106204,23903.038737596056
79047,11444.555136076617
101371,18329.617227298768
83269,13071.269595355829
79251,14207.396715027371
83976,22257.20465747336
102684,6973.938443855975
97327,11798.315662901116
103469,10316.780901885604
84299,11213.918262090026
99272,13038.000808755538
89489,7899.456595814278
83325,9969.199827709028
89423,13347.969660694082
86724,7911.438362169724
83802,9641.47318906504
92419,42452.65632639519
104989,11805.073364580529
83670,18200.77171305308
90400,8129.702655993993
107433,20245.098637915224
81641,31717.11548817204
103722,12601.787792689009
86632,11669.39665800752
93036,18752.083115703088
94398,15928.270823041204
84906,7603.058004596349
81280,29420.09709464229
104075,13705.456802503682
95998,24930.77301411809
100993,9723.478704997353
105404,20080.270039991075
95615,24924.23082605091
88828,8333.925297209333
94230,32100.846091078296
97101,31437.64770671784
102266,7375.476545684365
95269,11123.701695387525
87008,16348.287824188505
96384,21627.119963477096
81461,27240.411901729876
92651,40034.65442775974
83997,10619.208779877
100143,15874.82319548802
86721,18058.055707585307
107348,13026.276039736926
99221,9672.17400005914
92846,22732.42519166162
101042,12533.812794445454
76663,50831.15194845105
87986,5840.283005124795
92959,16533.661266621166
86076,9428.635649406266
76987,14172.666212063088
76842,23469.36452445241
77966,12444.4214283234
86599,16263.475283069229
87922,10213.560183612712
90812,6218.198347049757
90897,18885.08748297674
86531,10622.220182649484
83583,9568.45928976961
81256,24244.843954533637
80343,14303.980160031868
102122,11063.207323287272
77334,34676.94160784904
102222,9801.679157744791
93883,17759.26039981935
101876,10044.808919362764
77602,15803.767932687397
88598,13349.204456026262
77524,29562.532866724607
96783,30387.66981363404
108041,11107.820427511992
93694,31673.806116211308
96258,15557.59012935825
97398,12640.072451584176
84225,19095.239530276987
86415,10119.03979055689
90604,11050.664206682128
103848,10482.778651032097
81012,11861.67367491689
94703,26216.34963062468
107406,10622.435101181278
97842,6790.1051957388845
106706,9213.992232114548
81667,33626.08201201064
81092,18724.011380394462
97523,18942.098058441014
77107,23634.744012205927
100699,6078.400683375699
86969,1350.295532414032
100917,10859.852771133854
86251,9737.23095712048
86424,17227.798928118522
79990,10866.295937977056
86382,11972.47920446493
101613,7948.581683570793
78397,15756.728649639954
80111,11202.961085385232
88021,11343.809036029916
76832,20274.87255777921
78935,14183.750959927042
100446,12155.900052856392
100621,9503.616062223447
78399,11550.860791745108
108515,20507.35332199087
106023,10591.954575468768
93721,58247.66863001678
83647,9835.080304157154
94136,32392.763343259525
95847,31063.074045137488
107172,9463.25887939206
94458,47105.37540146461
94175,18151.38395577791
92726,24394.61115449686
80910,36363.63672732713
86869,12250.036707560956
81258,17990.993499292294
84340,15421.782374626197
100324,5573.384534072197
99428,5548.719729006551
88878,20010.6509379256
78066,50817.10606402915
105935,19495.472114950124
87309,9643.517016919388
87656,9963.089488800106
83790,10509.49307829749
77893,7380.900733196649
76055,18061.63319467476
99688,12066.198261912086
99661,9228.653081044358
93173,35191.807331878925
89291,8033.227820647828
107766,7202.516540420467
80369,14306.334396554756
84448,19987.008272866435
98481,6095.192303453319
96477,29609.605067534947
94818,16318.169031073705
106708,12797.880494903404
77786,20863.903101396365
77244,54080.641820902274
91199,17088.87965333337
101108,7375.58035818574
78967,17221.750575870403
106914,15710.625775247052
91647,26177.40467581244
91411,28908.522601934943
98766,17058.858462965025
105906,8815.330684719016
104682,19384.72224136421
78615,38819.32169636482
85253,11618.19140339828
103137,8073.516545705246
94662,23145.493087121096
104640,7207.551534139134
97535,30451.846501187963
80168,35080.893990705496
89005,9170.6357421096
99876,19311.827276310483
88741,9792.735816682183
88333,13407.53261301953
79822,15141.867837639533
108292,16272.960076269055
106845,14041.471655124613
92167,16609.949873909027
91226,14015.47236225594
95206,17161.441277327092
92166,34148.499641128066
102963,11606.761581485438
79527,47982.92603123875
94552,24999.283340645525
89210,9669.31254080359
78573,22679.582108886265
104073,11252.824897717852
98520,13510.998284143923
77491,48118.41503897354
103333,13619.28886152776
80090,24150.378065841094
98666,8970.926613382664
86798,13491.939954150565
81728,15390.86708099495
81606,11372.634480525325
84372,11863.718636749078
105528,9520.101133963184
107436,10166.652159581128
89038,10318.385156184177
102983,17264.819954748673
83135,11536.57025025809
98165,10147.839686939937
96159,8160.567614386677
90229,8959.035168688737
87710,15986.386340629051
91414,21096.129939498736
77961,21329.249768145048
101890,13703.44786741489
83710,8846.578000866239
92874,24119.32785112919
86534,7443.660608254497
98517,21134.539444417616
76174,34401.87928013035
107068,21299.95857243496
98050,13403.287897289252
98718,15653.501109621262
101964,13974.99701948152
96813,13699.289082591897
95118,14729.828871281316
91139,29404.57708620249
98838,2352.797896725785
98268,10003.995828756242
99553,11969.220416035252
98904,10968.117866797023
80828,30844.62297225028
100001,7066.891208292019
106691,22103.402288283964
108038,21242.85974481337
98715,7189.4388564477085
85714,8314.828608180764
88475,19029.76893867554
91923,24898.50126821788
94795,18902.911375848234
79738,12324.17997177103
104213,9661.788683958846
89425,2116.33369264778
82405,14202.317865262052
101000,8244.713443362733
83819,20651.046650335647
103491,9942.915076235391
88226,10369.280333330977
102022,10435.591648913443
106889,6028.940057733868
98697,15661.134796736404
97178,8700.117563352984
92375,20367.62788391274
95917,28683.927797636054
96308,13839.173970432925
92406,17621.82593288256
108375,9407.632981061131
76860,12791.78972583958
82234,20598.3116348759
99593,14081.21345794735
82962,11926.836481069537
82016,12476.538965748745
86781,19709.529701474752
101065,15238.019104780658
95525,22281.52394687702
95306,32806.15456321411
77397,34044.589833740065
92496,29826.208708722486
102473,13888.465395882537
102927,14931.519043321348
91897,27708.729622001163
95554,16501.320482818322
97488,21239.578828706268
76085,17469.721772277982
84133,10315.706293557869
106369,21254.802367128403
92172,20013.22311549237
80532,12814.708951240293
96952,6584.82933717722
104627,27225.05178306489
87415,11538.938471679792
97047,11391.267722568937
87227,11407.682377378713
100308,7074.222183896543
105075,17081.374216895507
84539,15459.950730515797
92284,20662.4283219669
95634,30915.702675637014
86731,9627.721309361505
96425,13566.972833274169
96765,12199.592066658855
93239,16413.315530002383
95450,16250.638194426856
102086,16477.46891898203
103024,10642.421543149856
92808,26878.883856994937
99619,6631.6989747863445
79704,18829.990687191203
99613,21951.70659731117
106854,12650.901372697535
80959,45554.509273804986
96020,16761.34661554355
78736,14750.925989937956
101207,13933.687158439538
89767,6593.570089802194
105747,18105.152744989056
77828,15013.158967833288
91572,29718.49333742829
88785,14296.774207011433
76972,26826.913873001293
76362,23456.783948382763
87572,21938.58117916167
82399,32452.688256446403
93833,23877.72774635452
94597,29568.59501358656
86551,9879.732160499974
107163,14836.018499768112
84085,13173.837230652238
93349,32895.63537124959
99389,21960.12820668508
80970,21217.467664325428
96279,9646.03486683025
95329,26224.535221510552
99228,10928.521733009724
90184,15948.518964913936
107226,16253.223228068451
80769,27145.185946527763
80742,17590.183388174963
93650,22588.68885027559
107530,22332.997261866887
87038,10217.88365426895
80146,31381.08331987761
94892,29268.403388616163
107150,18598.741769926342
77880,31634.360214890177
100591,6986.080557887866
80919,13581.239667651022
84533,7242.378969523072
82006,12392.362721796606
83592,13878.41111844913
77124,22099.78623415604
93924,21725.387069367585
95528,18917.07834453422
105644,13626.64733845749
85662,18678.09347417428
83079,13676.389221763417
106655,11547.73419145575
96517,12721.521570762943
80260,32012.66890578849
78203,14196.473679345449
104045,20277.06894801256
76147,31246.82273822995
94260,23455.25087508589
101648,10942.825349016564
84725,10547.492196069185
100099,11372.973056321864
79381,8772.697659863363
77511,10817.048281820267
78265,14443.83546098671
85496,10710.47869342799
77336,12982.881754418282
80330,32234.027613764832
97617,12562.46433097995
94477,39565.38922673446
94881,11118.39534421572
76653,108899.95694119325
89023,16521.92226453551
104965,16959.816652143756
79637,17591.92746783943
94018,19059.95471203163
76481,12744.067298944232
76139,17507.52498621861
89662,15277.702517278092
105654,17196.399137066153
101555,3326.1057911436983
107636,14544.477347798082
99722,11300.350572044688
77887,35250.91084775237
83236,15832.20282591456
107964,24080.63071623251
108137,12784.798028709496
99718,21022.2531786233
86701,14246.455635051429
77077,18663.2191234442
88040,39631.083517104285
78583,16374.522007017564
85917,13135.25054117811
81283,25694.991894648752
104304,9870.035614392407
87081,14828.344346313668
87129,7934.0446413580385
98111,7306.596598644441
76125,20209.18876501197
89395,8143.8651703768355
105028,12767.349731961847
98036,12219.249028159118
78805,10697.06820304241
103101,13183.773589534756
108365,9604.107771986555
103367,15564.72416173177
79524,25609.544223857687
96079,29593.81596569216
104361,44521.98475072886
106133,31850.310818332306
88514,16055.462096061055
80511,66463.37981968813
90340,9006.678479011189
105563,17498.763479275087
85987,15302.99127831806
88251,17330.608883501172
104270,16929.969333440804
100820,6840.255814754779
91061,23908.861016975403
94348,23198.06996980113
106956,24392.57578595138
100858,9855.315096700411
81114,26794.20401033218
103100,9341.992020388176
87787,9822.42169271859
96168,20997.971527287737
107880,8735.278099411149
79423,9242.743868993732
96948,10511.328452176362
99709,11388.79437497522
92562,27570.021389554764
101684,10804.43032138153
99037,19417.11015269449
89129,13360.280210496649
78722,15417.245832446328
100854,13099.439286103134
94206,21629.20082651833
107045,7272.020769449116
102537,15162.213400287066
95597,44611.15547843479
88680,13741.027007692846
96439,17802.187158679386
95466,23071.531176966408
89104,6311.87961582864
88224,10750.95606578046
86152,10516.461234314404
98291,11685.025890063303
106901,19250.975114939585
81783,41210.455901625646
100932,6736.793401678635
81607,11039.521399752251
96664,13814.112862228772
87553,21506.63078789031
95513,29789.69490459657
89899,18338.36523241749
98891,21016.780327364417
107167,10868.644953178646
77353,11204.608138891468
106280,20445.661519007183
90874,6821.678517088242
101248,7485.443593685336
79805,28099.668508118622
106429,8752.568616024693
80749,30755.69000142193
100354,8387.265010421457
80249,15804.42470433146
108135,43843.99184372717
80931,16917.908819167053
107899,8490.146974510588
106399,11789.1467340737
92635,30126.135558227248
99128,8120.905506553147
83388,9482.94433254729
79225,32805.54724781183
103533,7480.606638707503
103029,13860.586615903212
107588,27102.70460108607
92646,25183.16830562076
95432,26865.16842118404
105377,10064.81192602294
104914,16703.07327022081
103692,6728.206757283204
90273,15990.491212188035
91496,18445.02650833802
90243,30507.662203864464
88300,11804.133676202971
87519,12129.53788048667
91612,19658.3238480002
101939,8591.802122063646
91015,30531.04183750124
90181,21839.335297358342
78441,16670.848914831975
108389,11311.889939840834
92627,31123.559913509645
96927,9506.433064692235
87730,10240.40983871678
89842,19984.108606833077
92971,17034.089459935138
85556,9837.613440290172
82669,24114.452062119643
96673,9435.445523650502
79153,40813.801750741695
104675,13112.819905768718
91062,23925.091321704145
93779,24292.77540525488
84248,22014.58587563132
85038,17203.69726326797
87003,13685.89216655024
104951,14252.65129007238
80530,10748.146392949291
83785,17040.25844989266
88812,9992.604831451052
82270,33616.90833582884
108300,12039.679670915084
103880,10062.48185337114
90507,15723.471563087403
108049,10161.520500097504
77105,20708.77581748296
86615,10689.78174331003
86494,8085.578791211035
103184,7585.413217522977
98599,22197.97801071951
104375,29425.811650123786
107205,32097.83138799488
78844,9752.978795847474
99780,20304.427058979032
88969,10866.19059869363
95137,54385.12500796137
102509,10238.10016639221
77745,31304.0503637336
86566,6747.159799401068
97877,13700.774878457696
101765,6268.238569658324
77886,11289.755843113882
90185,8935.44375209169
104203,15733.518864488262
85229,16408.179533386065
96143,19322.34457934005
88575,18651.51749865129
104096,15174.770598748888
90161,13802.90841651562
100702,8007.12789508891
91390,21835.165871951984
94518,23212.43570982213
95365,16797.912840625475
77078,10177.270545585116
103981,9859.794546916974
93049,24662.00833411337
104932,8252.146394953696
80929,22204.824076508303
84280,16735.719829805275
107619,9758.342057080235
96726,8283.416801633935
95122,13032.95075894682
96286,26100.89385968052
104463,12077.931615445035
79669,14392.506814549775
83751,11160.488955384524
103686,7820.474208583004
76601,28420.7432739182
78424,30968.17574178231
103522,18106.18608184474
96181,17205.131993919487
106896,20980.46573778157
103201,11914.90524450208
108472,21065.96849669616
96100,12050.154628841505
78149,37392.785608032034
99046,7035.076692569623
101215,10466.56116817718
95675,27360.66480408184
103753,7905.732248420224
102010,13407.848449378142
99789,7729.287418917735
78760,27973.98667434823
88270,15148.268249094655
77169,31972.866929942797
94033,42971.82406155638
96304,10709.383064032205
83591,9079.894977000617
80417,18600.106601382267
87101,20415.950273243736
91487,21117.18263377821
107256,33975.932681303595
81695,29311.807718454416
104760,6219.109614709107
86668,10900.046006568273
106007,29263.69714512198
94726,18091.07193181425
80940,30506.4271091687
94574,19581.1832017115
100505,11222.193721095004
86383,8601.714281061742
95683,17414.609523115967
79982,12100.904122401578
91488,34982.420619733704
79556,38901.87825645626
108183,16344.379692329889
93993,32380.47488034301
95976,33476.43891654583
98574,26260.95033477105
94825,38006.62079952419
88397,10117.55643570748
84250,12919.223600198826
98593,10124.37346605726
98330,6571.513607172413
103350,7094.611454597907
79640,11502.232074689531
88447,12002.440100074507
97515,15767.010646360097
99951,12943.875441453263
99333,12763.55708129602
88755,6202.798604446632
86184,15783.380290141204
79396,13158.31564800171
86690,13785.96619628244
84172,13583.640672577008
94766,25009.614383284326
95569,31862.29914233288
106158,15960.583815668497
81339,13518.639165404637
93286,26816.11202789106
98950,7158.6162856524215
78868,17208.145486133
100793,6831.777520028065
90095,16996.179492382034
77269,26490.7316328794
79615,23870.62660098458
104050,8908.114490236148
103961,12035.087724882902
105844,17645.035957280666
101832,6400.658518123135
102550,18709.55316624204
101434,15528.623116722543
101418,7089.217263540453
108042,15478.391232261602
107747,10915.816511216592
84521,8184.334612711584
97615,13767.544772695745
81424,10432.50829868831
99517,8992.01530413557
86658,18484.14713958402
91422,22900.924171551185
83839,17030.311523053864
95100,16843.803981599933
108425,19173.308824339896
102439,6271.037235362657
88840,11780.05587781396
90580,11573.04555160682
85770,9256.080547374448
87728,19078.127495655797
89952,24118.45945617481
97315,16948.90185661611
85711,10422.618380178314
90358,16648.158670628003
102929,6816.626793483469
82447,6774.735553715171
100245,16903.36170229056
84784,9584.327644257202
76465,15857.661214857864
87664,9589.508142615436
105387,13390.10837771358
77089,18030.20203264305
81610,11734.910565079344
81058,16550.125425019214
77730,56490.87555524078
87459,30508.14135997597
104036,11841.038389188156
107145,15633.406965986447
82326,31353.396214996712
98946,11988.938391958642
107053,3748.418165793855
108371,16489.389402480545
99914,7508.056239554714
103049,15782.09614224621
108509,12832.222986875142
97598,22116.91166207478
79617,30865.84568079083
95140,22170.277537075184
90323,5289.986953877398
87974,19493.53690724126
103944,7859.509036179169
103018,15581.383529992836
87158,10701.168963728294
77669,18508.697100582027
98042,18757.38520361884
78268,45114.34056275603
90767,6441.5515114127165
90669,11992.858873741448
81912,4316.837939681987
100120,10083.845801257485
102601,9383.021831654933
106911,13054.973067690837
85941,11282.238105906295
87006,25296.89919264776
79286,33047.0423306381
97138,10838.44071869446
90797,5428.7401517454455
100707,10384.626329090574
107334,11562.141926078344
85757,9252.968594733358
85888,20160.79470636303
99962,21265.3575151117
76188,36634.43534589326
99064,22354.210940448047
77045,28788.500187516536
84655,9069.537957556637
107154,21787.09623599516
95840,13564.23890084009
82979,18174.93511508542
97459,8241.566120274405
89352,5181.957873046564
98956,20029.95629789155
96121,19470.16853465682
84625,13795.677247547965
98767,8267.188792990393
104355,19781.760846405985
89678,17083.70551073105
91357,33269.4277655504
75998,14841.776438741656
107603,13401.821032298973
86574,11591.85779804578
83632,14253.48492137672
89374,16271.486452443723
81663,13551.422280087942
85717,6701.332555496216
107272,14690.061149922534
106265,2890.5373246336253
99040,16521.774325099523
88694,16510.252534444433
85144,16331.415217330376
86820,12245.892430887448
102396,9894.828837620536
87881,12091.9473785744
76603,20660.94379048478
100941,8837.115424138472
97580,21965.084041560636
106362,15217.810916850853
84680,6378.107165165021
105064,10181.839852179914
105522,17117.63675801143
82587,17422.92312880669
81216,32439.1450824866
77075,19923.313562628413
95633,17562.415938741706
97702,8848.108625233801
106735,9410.347940846996
78177,19181.066776852844
108495,10286.698287557683
100743,9758.591522686154
88876,2702.0655683686905
101192,14619.237682073745
87450,12905.30110861492
87281,10521.269397845945
89740,17914.635688641923
91037,15538.79037923421
88485,21654.238184709888
103760,9806.136447298615
108527,9246.138868514554
94564,32395.70047705614
96909,13663.814705583838
96759,13485.743161790151
99752,7371.460762747927
96075,15707.730299066723
93329,21896.33657822748
96936,25726.94688337949
98873,8044.335260244968
90863,10551.378668371908
76692,44383.73322514744
89812,15687.05147898574
82128,13975.25740400535
96066,8640.936870773538
95160,33693.127622199085
94923,21220.760983142223
79998,17766.725342957132
98555,19299.46347949812
84197,10033.421901047352
93881,44039.7339927673
96420,10875.831261105332
91466,12223.594239730615
102246,9802.137230857836
95149,26052.445258321008
92066,37423.7051180956
94579,34686.66346951995
81791,28558.55259415592
87929,9058.902292784276
79839,16397.845434614752
103708,10779.949424873394
78718,20723.019057536425
87840,17407.234723564423
86316,12319.781430075263
106118,26717.208195514555
87923,11218.28829289849
105417,21314.999341973235
95584,26619.418618936328
80187,8605.543037419353
96280,17961.178685085193
88069,7403.37356521696
102826,10195.935377508738
91166,18713.150753612405
95616,38723.21497955295
77374,25923.12872909289
101288,7386.900094887135
88801,15856.781000322422
100060,8603.167585824469
97336,9507.975080254995
79226,14991.678016823713
106287,10037.750262304364
95018,25768.786067317444
78131,18428.616088357783
84551,18405.782593191663
100445,5172.135304532941
93031,23120.35655304255
104415,16530.131624769692
82984,20734.37985853192
104242,7019.730120720165
86170,20981.16707174726
79814,21694.129980843845
94172,40012.347908641226
95530,48460.50016853052
96105,12541.602127891503
87822,8569.789144659324
78073,15630.288155629169
106610,18560.644128899323
99065,9789.418593039556
77646,48919.10321383913
86266,16576.3033785781
80186,15924.912002772642
102645,9701.604490019392
83453,16427.13473056497
93905,25698.517257147625
90535,5023.842643355268
103695,12984.691697273076
87488,18254.82074674668
84520,10615.873652374505
97541,11350.914586469193
93818,27446.49743704649
90796,22986.04685354753
92896,34846.45384304847
95577,17552.813764463222
101488,13951.442040245813
92336,26167.485555103664
98826,9468.885176399406
99527,13502.507138900826
90582,11179.808630337266
99787,19371.59248659225
107806,14159.214809749148
94108,19903.268655937663
96333,8878.476369906271
100710,13574.599826137888
94129,18157.8130110576
85361,10160.32992703293
86043,38550.04866133225
86833,13081.255272177665
94373,22057.98941272297
77978,24887.75337809899
96250,19803.707373430145
95594,31779.5683294239
96781,31455.85093948307
91860,29183.15301522632
91206,18073.67062211941
102627,7244.462464466283
89384,17188.746522238154
100945,10160.165548916031
103337,8533.561197066361
78230,20719.66188423884
103814,12120.925847114064
96429,10512.035110516465
81547,26983.117524333637
85056,22386.52115188421
107758,9363.16053133548
81328,21219.54150368254
100775,6737.564509118686
82066,22985.64765898833
83908,16174.866045988383
105323,10732.313889332214
77492,19412.033949518584
107451,8339.822313090135
77351,11087.119372481007
98029,8036.205828161822
101572,6497.730704072696
94944,26364.895025396538
91179,30162.35617892351
97780,28121.414794601413
97978,11067.78789789498
104953,13239.020530866565
89173,19981.00860653108
103406,10544.529005587669
105570,5976.582080095397
81815,18135.695257769425
83095,13224.709963022422
92184,22404.09878272989
88793,11668.032937452645
81805,11043.689879057943
85794,17466.95184056508
97245,27137.79769618484
88691,9767.073066954095
98261,22487.80365723144
76495,23351.28490436701
100400,9992.884052461875
95964,36682.6352186327
101477,10524.829778273866
91345,20054.727647938074
76207,36076.32911357649
88153,15201.002617485094
96153,16689.08793767564
82291,14040.818562399854
99451,7888.088425011791
87965,20591.858047462745
102559,10317.077832248136
106147,10363.963185213815
77921,16140.73943291338
82334,25402.16616605757
108164,10911.780534718151
106096,9812.608463252383
87657,18285.26143866229
98448,20411.688747784352
91900,17605.449701446123
103220,10687.315872287838
107077,8810.885408858574
78197,11464.007993429968
101655,12669.041266594428
107006,11327.511444924525
101367,10730.517026556436
91219,27165.044488458007
92182,20635.26031761249
81544,19039.889126425485
80496,21336.18850472604
81766,23611.43091808841
96589,9277.267306893837
81711,19647.4138276742
94981,17007.35125443022
80701,17134.42463520656
83791,13081.473016455087
84832,15513.635433993197
108407,9399.694945115
98308,16674.555744664285
101437,6762.844881137324
91248,34385.757910644854
104100,20200.78386855561
78410,30566.73976827165
98413,17002.771238340487
90060,11886.9780416003
101366,6830.867652504827
98709,9273.399312495028
102890,8838.947467326227
87962,13646.369437467923
79140,14855.569711041033
94166,34481.66147559008
105551,11048.119564048657
99518,10842.167118141057
101813,13800.763972724704
97443,26331.270296055816
89725,8346.070408893152
100115,15539.643899517552
91893,18314.7201630794
90000,6293.123792380724
82989,11057.556847837315
89359,15725.791127872351
91971,41103.15076194348
88614,8077.238222236769
104765,12261.438901317348
80918,24313.20017966668
91622,17854.117427996804
88210,12432.709406389347
82019,54839.82274614263
85200,15706.176923253322
81558,21513.98949920819
99276,11499.094562449596
81563,29246.736616831982
99583,9623.194654964282
77201,10853.185016710013
94664,32491.075621103904
99203,10709.850744955926
89314,11373.429940596176
89306,14535.813722115849
90716,15876.307722170248
84217,17524.822188119655
104655,21116.734117349668
92210,20561.334020361995
82528,7484.614542716489
91346,42749.0847357631
88118,18778.867125305056
76132,20795.785321146068
101208,11560.61855218087
102136,8414.73696137308
77562,32392.06561183412
108283,25449.19515919186
100008,15844.35583215324
91342,40880.76625310101
107698,11194.86995937468
81538,11825.320427043162
99044,14563.372642454287
83163,6857.065990589799
105124,10694.84121382456
86549,10195.009315495614
91034,10924.319976181769
101853,6194.701729755894
99837,24600.47467885459
89337,9706.744989339562
107369,8984.51533032327
77529,16246.477438582986
78801,18214.82142668362
76409,21338.83768495244
98146,8093.194935600015
91565,48928.08162407617
107994,20982.64035573913
93945,31636.858341653213
99755,11327.974003081665
78753,25573.71170496353
79674,21511.74279793476
101599,10656.491353158588
81659,33117.287878036834
96322,6762.085061555604
80700,32783.37333017426
101522,15562.25628269162
93595,23726.234570627
78924,18068.160516333097
102891,10607.60609631056
107611,17814.810560293336
78528,47378.44859105478
86323,15839.715171832448
103910,10614.442305653169
93854,20088.097701530944
88710,7629.40904704087
82438,22429.980941229544
83328,13581.014123085217
91690,24192.609418114156
83796,5968.174495219173
99904,9482.281936892165
100270,10656.645910886562
88422,8427.35650468754
102971,7984.005785790461
106161,10578.115950654785
91244,26016.60721313846
81158,17418.232211971193
98004,22962.930063522468
84522,9770.853562509805
81215,24232.98541634063
94487,22221.48643317176
78065,20360.246561013413
97766,19525.331469291024
86180,12238.200891597658
87921,10291.318202413122
76160,31812.015234173294
104197,8498.83369533706
100295,8516.509188065522
96012,12883.286054688087
95783,14560.088187082069
104527,21860.29519576452
77354,29172.72761876965
106062,8204.396115420492
84578,8957.26426886293
99784,15518.6552593489
91716,20842.50120246104
97394,13294.0381155274
97254,21744.277919290005
87501,20565.15440689407
95532,14094.074545363046
91011,20266.96309003246
106069,21832.760503774905
105103,17903.95517097451
84421,10974.432114729423
87363,4849.575497784157
108379,13857.840442364544
83268,11682.53589493212
94592,27977.727932129183
84041,13607.514321856892
88908,24489.50047003708
85932,17318.34531813291
96593,10381.889778931338
106195,10086.46730439866
107153,31430.819596096604
104500,14627.395367934088
85737,12234.686994528976
75997,10839.486481079011
79336,34232.63315410646
77061,40336.51530167951
88839,19602.35740444802
86859,9142.34952551823
101090,12642.72330756738
87563,10197.191069778264
107188,9094.274048959858
95198,21182.162600942207
86476,16387.673514826747
99894,27916.08279586653
88279,11998.5363429061
108121,12982.695238011953
99827,13302.495813192174
107457,31245.011132060798
96509,25940.928541642897
101858,9528.049663811
93052,26573.66327707959
91879,29506.31036383962
107229,6816.636905254407
87917,10156.39612120169
82310,11293.076102244164
93584,16080.333403758072
94356,3867.760050786499
76249,46542.99101935183
88386,18310.38694486941
104406,15069.558286751722
98286,7478.730587897353
95310,19853.612487763745
95994,21816.36957825164
79879,29489.745293121567
97135,13056.105775998798
81818,29931.237717309923
108055,19293.371242926947
96474,30393.48284781363
104358,28304.94980195132
77110,12017.54548084464
95124,11689.32511514627
100539,13381.822857590403
102883,8477.182914102365
94081,3947.611569393163
100018,8208.932202866516
101491,12807.179203057556
89297,19058.5680951535
99337,25638.588631417835
78463,13290.621256901
97799,13781.78728527252
92138,22412.67206007159
83715,14076.14717416131
90455,11814.45092532953
89100,10771.725203194836
79908,21143.149596824544
91045,19433.47580971541
78357,20941.56582205129
83989,15019.330983406166
83057,7929.24876175344
92472,17275.850584604013
77836,7987.563618628072
91661,28701.177657442397
103107,10644.904923446153
95476,30052.40884730919
96615,12115.939728106692
76337,52215.603884369935
85067,16521.263046365206
95176,16589.030689949428
104450,26712.70864749429
104227,24592.06375598227
94327,15587.797752380988
97056,22302.06856685112
79775,15854.571984191109
91282,31197.790380028626
98425,14044.281163828407
79509,15911.664610841832
79798,14932.10156616263
82615,4863.055125331475
106314,21972.531814772505
88964,11086.84355131744
94303,14472.386566691232
96851,8697.462554201384
104465,12306.044614259376
89500,9836.579151876424
100482,9139.782288990744
102159,8163.410915563282
83242,9926.497246531426
104780,18675.73411900624
83902,7597.109579315724
88955,12975.523336798236
83139,4607.03153754931
88842,26484.70234899416
99320,7926.623088485328
81840,25672.374208031197
103216,7348.651999400131
80734,23460.08787188032
102743,18034.48152840485
76855,25385.05802600478
89866,15221.59915836627
106171,31818.140041001083
76530,14735.32872877556
77933,12126.531372594276
89304,11447.59862585635
77180,29764.092268845947
101525,13268.296728333136
83657,14342.680510167607
92832,18267.561419585592
102059,12606.432055326566
98895,3195.4779677987344
87994,23864.16189302779
86458,10276.109152777684
95568,35435.84127237583
79603,29554.93283274437
77681,15316.587665400928
105596,16542.994190252386
100815,7052.800884333912
77113,50797.87741434649
95519,11936.174956566152
82180,10997.894565240567
105893,20180.631071509684
96087,6681.944493584941
102458,9877.171236354588
104637,17187.297638893353
78633,21033.036619731283
101205,10501.017509096058
90825,8073.238849207585
77280,31633.23562718001
94924,17929.35948896422
92185,33089.242425508826
101547,15707.049772889432
88425,18359.557073396914
95191,23837.204734913543
82878,11867.154909034862
87900,15059.159757952208
90045,6936.132655362665
85402,21331.39551636632
78124,20236.68351707827
100374,9962.453813262537
96192,8808.828353634339
108050,43778.29511585135
98773,5652.209356920428
105534,8830.302882567574
89256,15566.040680730484
102735,16225.75947926331
101683,10730.14175334724
80977,31690.673183192048
98983,9522.07252235292
91969,47439.089305842346
101852,14473.78713648538
77600,15324.354776517554
95813,15391.423302368814
85687,12413.271364133074
97288,9477.62730777699
76331,16862.052555720107
76111,20030.18331560531
84464,15652.95767224384
102105,10939.379313522975
92739,41951.00004706586
87154,18344.568698502924
76313,9863.030777283606
80830,15111.299650023446
107419,45779.71997265735
103729,15908.827103867516
93796,19969.261245082194
85542,8446.158203900768
89838,18601.934239969934
93303,20050.43121455607
86555,9506.734547670978
81471,23218.03354295032
97273,28296.57449895607
84529,12218.93461022346
86886,2984.56878539135
77905,46445.36814350716
78325,14225.76079595567
91821,24237.206353302467
79209,17840.961415321744
107729,10650.80244757936
88328,11198.030160780923
85466,8360.423453350646
105634,8902.460476229953
79780,10154.433595131522
107271,10905.385801307668
77909,25707.53809964829
81592,19841.19921460463
90946,19075.20383807022
96511,14003.125284483513
101345,11497.12522769442
94773,22734.02891451703
106754,42216.2857515956
82112,23443.28457980616
76758,29029.660405905808
99146,19474.91842774803
103707,8468.826390267051
84009,17429.747481372353
84288,13428.245386825429
107688,11478.727476036278
98025,16253.870124417052
94529,26034.006435557607
78142,22943.097564611493
98985,19176.48450852816
96366,18473.177271553184
96697,9085.637370509736
93267,17588.115375929036
98625,6666.188069269181
90111,13804.514693222154
94666,27980.307977014472
102390,6372.427557285653
87799,8658.242367730674
101806,9211.485501153422
92319,19366.076775559668
82564,9499.145761610878
80431,30327.38029207463
90298,10242.42170050278
83570,3174.787147625605
85343,14705.703525905712
104567,20069.580592244103
107481,17204.41787030548
80625,17203.606893570373
98575,10837.670164441197
76415,20203.197607145776
95772,25966.44738960339
85564,17179.799739183214
106489,9410.741015915732
104520,10084.864574380385
85622,10955.821988910002
104842,27303.351205787065
81717,30399.34815569982
91720,13058.325241170918
93411,31642.53790045606
91818,35058.50389243098
103824,12428.234260194544
106453,22370.234776712587
96056,22350.385350230303
87924,12820.240851796802
76902,24505.826808536032
107200,33814.26934939164
98825,5624.906627614694
84740,13177.86969963037
94186,34346.98081039714
87093,10614.216740663913
90703,9566.413250009931
87711,10218.742937623658
89763,14690.640349041108
107087,10478.700772750391
97903,11898.92997059806
105393,12387.453191508514
77984,18379.102441899755
93270,30933.4469728692
83584,14019.077165692182
95630,22971.49762168149
92001,11758.11325740145
104596,14806.443586638265
108196,13108.000310880843
94963,15983.051575147376
103813,5759.353862083351
97285,10850.872604100476
102140,8093.087648660185
82537,2416.09518293719
105396,20409.08509268796
92363,23699.24539930981
87145,11345.315506019848
83808,7392.588432378444
98940,9613.896199818866
79334,20175.42590639749
88939,9340.961487846787
86108,13612.969992198738
107513,21005.548877735386
93992,15396.399113382726
77114,15964.826999099068
106247,12055.96841811875
106460,26830.722211308457
90980,24848.699584069207
91407,43881.7785242176
92716,14149.12506458405
94427,24375.59963566744
79107,37345.93916020145
97517,24903.781004140637
82963,9955.142051161787
95600,19180.68796625685
105627,21515.44142879906
94599,26168.284530224508
93831,27725.310418242007
77796,23198.388704947636
86054,11171.288929516282
103984,6546.328237562351
79232,23089.297907388573
86186,9798.474530168216
79993,20172.61232278466
106645,21176.151940984324
100923,10285.60631186584
79473,7375.353957892024
78631,10804.685640787951
98920,10741.201632908633
93487,22879.038394720992
89722,8193.222743717186
86489,13873.812126188182
77792,34188.50512526982
83434,20475.226656872805
81597,16927.551765110762
93788,32076.72120909252
105929,11413.722322708674
83037,15405.21976014569
96675,23645.144642972915
85315,21467.00540177756
88309,16574.981960359117
80642,21419.45629219605
85401,13876.342870222326
81449,13199.093328552091
108274,26241.37269846904
106544,7139.667100257706
91643,41033.72120431097
77829,33434.07888877293
78255,19345.13103376161
106408,13133.033943045142
96365,13968.724032455844
89365,14332.190064672195
98758,13749.613207406375
82412,16769.654013943273
103970,5479.966968462686
82004,30095.71654387983
76359,25362.44542387963
77601,22142.02229365253
87750,13938.796706065465
103263,8779.545213846788
103050,18116.552881017808
106203,30065.14050838392
107465,23643.821587022543
89824,11907.473592170743
83691,12814.255583055845
83517,12097.902683865264
87354,11033.959318240532
80631,48427.80559973216
88470,18238.10620241321
85074,10913.049935183137
106338,11924.243246332308
86031,6736.394875552785
77815,55324.390893600255
94854,31761.167350128948
92558,14168.290331752803
105202,8754.143486247807
79841,15993.963419337946
81027,34864.09117126215
81862,22139.714626341407
90349,15777.1243094452
95059,33334.28700468417
100279,8914.090016216276
106984,23064.19924079009
92688,29210.450358029717
79781,12481.739254114986
105426,22379.744160566268
76908,20303.20364910472
86624,7931.649903228936
77747,22595.301153570214
104911,18704.000517807464
100968,10440.17693523372
103235,3462.142948168269
79717,8074.975822447079
93346,16514.706466001015
81416,49512.46337492784
105745,15459.258313361875
89942,15349.403191206537
99350,16695.917422048005
77848,17955.33515388801
98163,8022.685570029907
79733,12904.154803249792
106417,10511.317322120878
98931,6973.7735446653205
79025,23178.96035118515
96098,29191.935008372373
89627,12074.694701068527
100722,9247.119667320989
89119,7834.58144066738
106445,19497.880221675558
80588,20754.89620630723
91785,38392.90841049054
79294,18447.948924227472
105542,14849.294926936223
98603,14423.429910992698
103921,7961.535629500826
98405,18816.6918762646
79284,22535.95364936325
104738,14345.200142656257
104623,15149.194338243477
105041,11297.132085010806
107556,14000.764767966288
103553,17946.39020454387
88716,19556.949903517525
88844,9570.50842246671
87568,3851.883526600442
84183,15714.723161942084
104240,17584.5596665825
87404,13003.455927166126
95985,18525.314556771344
95986,15656.590626563036
102723,8756.733152482971
93713,34704.91657571209
97359,8534.412776373123
91991,16670.09077248405
77490,19218.982629106897
106975,10061.323965382377
98180,13583.694109111484
80465,5269.618579300526
98027,1830.9801726824908
79085,16686.830487237246
92539,31550.712130907534
92267,30956.070920075475
87807,5280.9030654973685
78839,13019.012004484268
102361,9966.303494755948
76828,20150.33582686226
105914,26067.13913342683
80885,36185.46917573395
89833,20600.83107189952
81436,10119.347509250572
94157,25686.526739564262
98733,14879.524336799
102978,5164.450520592205
81455,19568.226267677903
88578,4929.0562344008
105743,11577.6123815773
94325,60286.23152628736
79801,21974.9143282796
105405,18093.89438757777
80670,22940.012604117837
91173,12731.43986805235
80960,14113.687943820372
80623,34280.45843834566
93516,20556.55395926424
101762,13114.845441881036
104665,17490.521883729452
93682,28563.78624869558
86261,5453.458615798253
97450,7451.206927096777
97153,9562.514370761117
82769,9083.513746479526
81781,11557.678424951257
108329,10850.28020046264
93812,36066.71421837127
81383,15166.89478280974
84306,10142.336921475497
78773,8598.691381122992
85809,12029.48201673299
86305,11367.627504971286
88701,14372.740982655056
99973,6718.148473208652
106851,11647.44474596167
89751,11164.155229358705
83788,7602.36405625019
80351,13018.5453319961
84894,12587.64526748611
97232,9962.758064291562
82689,16235.01353137414
102485,12843.219140517898
96093,10874.571912066807
78234,46488.93993132615
83402,10594.28657925232
96362,29976.351575649045
85275,10621.922519914518
106895,23029.56551526766
87163,16072.925769215632
94751,13995.12774378926
93542,28351.188094156536
77980,21597.090770025217
76166,13055.150545687166
89776,12931.31094808935
106767,18733.797157108584
84743,18250.16810652554
92273,27719.984317395123
97882,11222.270772053556
76744,18545.30740205481
86560,12786.016685750885
93835,17056.227210679368
94203,12389.944568542967
88439,10015.365564816831
96097,27753.97387161792
105131,18749.51329594673
100343,9274.765881993431
90841,10844.852037889454
90540,8802.374886947298
92762,26735.706628750297
107805,19207.98296650874
102622,8542.960737994807
108073,24948.080721369843
86061,20796.876986032297
92883,21439.42455630071
82290,5000.3571335688
87824,9511.830786757102
82554,16943.6683012447
102928,11004.30661008627
77420,15060.731392089225
76315,24779.357321566808
99825,8226.754907724437
89292,10820.30302114397
87301,4629.934495066039
103076,11230.373236314344
93084,28514.32217366295
96934,8052.705685546598
85141,5885.450840236404
101607,9941.246303086888
106992,28811.62424539331
95873,24800.49622986278
83341,5923.246476022209
78017,24060.98085356753
83129,24710.015170208248
92261,13832.31189800035
83824,16666.455099501865
86151,11909.162293118312
88105,13240.077133148576
101848,8238.746275491198
89588,7591.080281383016
93705,25101.417333390586
93017,19075.427936074644
77465,19732.381444789564
105484,12261.82044530681
76751,12982.875206936766
97511,12098.722272807228
102864,10251.663838021108
85858,16141.484095488251
94836,18200.764057849152
85250,8917.186397765878
78497,22189.665144512124
99540,11922.243762398508
97147,25864.621550649543
81347,27317.38333624184
95555,23770.04667934372
98074,20741.82926386444
104435,10171.487616643648
107097,11767.806817265016
92205,13526.332233844292
90822,12833.31821649335
93344,12544.944677052925
84232,11904.9198293118
105217,30455.730380082965
76013,28555.523218313465
102818,10244.82342695344
106541,11549.246554451878
87213,9241.542698443987
94119,20926.009142452705
105753,20826.353986923445
90397,15864.45222662733
87612,6351.213393736201
82789,16401.415507802896
102916,10327.28778053554
104561,7478.915889907791
105428,12880.650923633912
86677,7895.374820018983
95080,29237.527994845597
90113,9356.111866075076
77433,20802.30654965162
106180,20680.96518965383
101692,8356.45103035958
80466,4739.071558695992
99512,18396.05039993982
104554,12198.284301612624
89047,14702.0619259233
93888,29483.228611787126
89659,9710.944075646685
89920,8188.439516141206
86975,17359.977199201654
91405,28880.92644881629
83203,34598.358823686314
104338,19070.52838377608
91659,31645.713473299136
86385,14834.684655690406
81048,14046.89928500298
102880,9312.932804503518
100237,11002.04869950092
97751,7813.448520656335
85614,6915.1398945717065
106145,10421.903418537884
105955,10054.605417204935
100146,9920.39965751103
107491,19032.79593886868
80061,18542.390867664224
94324,29778.96640926796
97114,25295.820471181472
106600,8085.068646720656
90922,24111.15558727711
80222,12723.949591070384
99356,7895.352736564193
92780,21706.0110123158
107380,8893.720122452563
86069,10611.28774047039
107753,17764.488843818486
97983,11191.534206122862
88082,10101.790276261036
82115,12287.125437621353
81634,16778.15214484525
89943,11787.403587866138
104167,13892.611808369922
91010,21842.86540029954
85004,12593.330125962417
96953,24315.76226594405
78632,14081.529875037651
76114,15939.31197525991
78570,12639.814745732803
82674,13232.149200184856
91196,15207.923546953523
93734,12987.00481877142
96031,25959.089676262407
102015,9382.137243893294
108372,24781.32138896628
98719,10635.91377878348
83391,9128.15825464328
97098,18566.16918119339
104357,13095.864067060424
93495,19650.95391007269
86422,20291.23880386645
99731,12477.90733425748
94144,21767.60576034081
88103,8506.580775149716
105199,25458.61705520805
97003,7800.300345782694
99925,8722.656053530955
92816,15862.389326496152
98472,10532.322089588555
91986,15280.475689213785
84152,7879.6764838644385
87538,12598.611232159445
93305,34001.075859105345
104249,15848.97726472472
85501,10809.944139896408
82343,26829.2702164602
80601,31829.353394394093
99715,14790.54479492861
90451,32713.02828267325
98282,10713.917655527075
98397,20716.250847419517
76414,16810.935797017642
99016,14589.505005887966
85767,12350.574355944093
102787,9796.282344690111
101188,12310.599757037358
85019,15461.33799808574
79803,11104.095425569394
107582,10366.38773152223
98501,8705.717491136123
107021,9797.341812143704
82317,20610.71726326468
105678,2255.731295947805
77931,20285.56405410373
101619,9314.092711404046
76128,15965.007579037503
86460,16905.761496465973
106084,7619.677438846889
80551,21392.054338312497
77062,26522.23166339339
98406,17976.179886161546
103489,6319.508271270373
107191,9751.06162143091
88549,13794.522070031448
85095,14379.121564923937
83923,15313.372329012162
87074,18303.68193271261
94031,25075.26295229242
99120,6251.369119939378
105824,14187.572780244383
82389,37175.1180439767
91994,17185.804248839828
85060,9411.225272491629
87412,20240.118593371484
94683,19400.98781009259
83069,21968.426506820048
77071,28336.824647562185
81406,32546.76038821958
89203,10697.890515842251
82423,9666.21620972787
88301,11529.20961963819
86758,10522.970080850331
94072,16314.600134596927
102247,9785.65639922932
101529,8121.828879341877
100738,11934.542744682769
101790,9273.923540847
96188,10146.31437734696
98656,15521.337337704996
79321,13000.843856391406
80052,18416.53796556041
85150,16054.660488843663
102370,8342.517112693995
107503,20528.4198799544
76560,22383.137802337864
85319,11397.2329024648
89242,21320.134588315123
89510,6950.122652539215
104922,23195.01207833365
86937,12678.5191822725
107780,26652.859590444383
102448,9212.949364814314
89648,11849.122147704711
95347,21540.01865319595
97926,9755.931275304136
104963,14115.789067792652
92272,17611.234395650223
76618,23289.185074941037
87722,11340.957888474002
85560,15514.989403533214
92621,24553.69364796831
87712,10842.730063667392
91009,27990.075263963747
76199,19221.888297721784
99145,26010.067267491737
103618,13845.866774476048
106072,14608.223533322904
102488,7286.767454239196
79837,20462.665205023208
102792,14447.894938793492
86565,6621.544004740263
98631,15184.73232031919
106374,45881.33335590204
108222,9115.21464769986
92127,19341.694068548582
96068,13800.238532863415
84411,12960.996424226509
102143,11384.172176716467
77502,20578.492821132462
105514,15326.467799221942
76896,33824.128466126844
104868,20432.521672521176
99686,13996.134943789551
96721,20403.75845256196
93026,24859.275028431508
95961,23729.001608830597
97465,12548.385585138229
86075,13998.678132992987
106946,11454.670592013112
97605,15626.176460278632
83156,19559.934152458794
88123,17921.242572129166
106817,9152.591301160915
103245,7352.857737493738
78564,35059.95709057411
81879,23449.87182428533
102330,8967.275518756378
98866,12027.36284865897
87178,19441.83917830989
83106,10321.431970334876
78280,17107.46194956787
101161,11484.870666408317
96047,12391.907053315656
93044,12540.95561183398
90176,33568.64167762035
76585,21641.60683611629
99524,20979.52280750864
97467,25341.25267634612
95557,14700.344247948884
102816,8749.219237872749
87141,14130.057405790074
82602,13834.798736625256
80108,23444.413949534515
77871,17277.291269813097
89910,7174.893722848481
76255,13724.616480924804
76231,50466.28836455115
87089,15252.578204622803
107635,15035.390330366188
80916,26612.740806530182
95179,34712.50913583867
90694,7549.467613681328
87504,18394.37309153994
95882,18666.33822701648
82944,9977.470860322845
90862,4605.166222757931
89494,10908.199584748116
81196,36778.17787848335
78258,26919.08309425252
98420,8743.099520681968
84051,15227.498696483122
97011,12316.654856052952
97357,6961.8772297732485
82683,10335.21836934071
107472,9599.070985541204
101033,8368.845803468126
86376,22698.670018463265
97773,29953.500374480427
76448,24494.685858797617
94912,35072.140203442774
100444,10370.177429865907
92364,23719.15593360968
104206,24957.00397592317
82384,25938.30023606837
78524,28686.28434393138
82825,15387.053995330136
81519,26760.744441497
89462,4909.259761210738
94783,27229.010604221254
99101,9008.388638482942
102363,7371.04529645732
107901,13241.9328831019
107950,31284.643525320724
94631,23048.31835892176
85176,9758.083528050234
93934,14167.52849924721
99621,2840.5680192780387
101616,5190.756184534242
86156,20643.729938225464
96327,9020.893723865214
89538,14421.29908219918
98236,20908.6996475336
92253,20580.628560187324
105896,17711.399992153216
97333,18287.567011433355
83166,16260.952599725842
96224,14408.45484547604
94462,22132.70763773577
82796,10313.117861156565
103597,10435.072639538075
99905,11067.575182509678
107349,14405.16729515967
76754,20509.35186940544
90912,27137.259531226104
108289,26048.818528001444
94106,27651.27273172664
86956,18981.179633131247
82492,7881.828585699647
81747,9825.11015586572
89144,9751.823140386385
85256,13701.684407802137
85342,9259.123813497816
108054,11702.699502691372
94681,32112.439054906397
86244,9481.302389661285
81028,28080.958567924205
86773,7959.690093028739
108431,20560.2362333784
102839,9958.805016504892
77700,12473.075762853936
92967,21940.796724741464
91982,19974.948871725606
80639,11852.90078283114
97770,9999.815379486356
100460,14306.810366023805
100531,9977.56794840119
84508,8843.62799660499
103706,3461.764124706243
79723,42733.63900529283
88897,10442.527050246768
88695,10372.144634621616
87380,7341.017940666412
76070,21601.77302509493
99342,22418.595825966768
79110,16966.202791414198
89341,13790.975783147373
90330,16597.8882484176
93894,25170.74628227256
104137,6141.4516006311205
89113,11889.94204500982
91150,20088.61850569277
79621,26073.389055679687
86822,8455.057765566866
104869,13614.39772375572
93874,15887.441288092708
77606,25011.023023597954
96981,8868.321195208477
88437,8041.437476493022
87834,11249.275517437462
98923,9553.135105663883
108118,23798.809736320924
94447,18598.48112660829
99454,20988.110435783743
82144,14375.738743073354
83494,14287.531496386511
76545,17332.24141423951
85852,14294.915544206946
107056,23401.794120985105
95419,9783.22849400534
76570,24180.57936944431
91325,18576.05796500505
98990,9638.366243196517
107639,13687.0380504715
100232,10666.41753901794
83318,14631.702234721484
82277,41241.453477393785
105198,16573.52431030826
107660,20516.737046275102
92349,24349.84222299931
105445,16308.408340315578
98333,12574.969094971157
100919,13031.961819280948
94295,30574.92774049275
105853,6469.1595612423325
100457,10862.943491330056
77726,16434.40460909872
96027,10775.401991433491
104201,11580.444692092276
105205,24168.52994914697
94718,62920.95004715369
96617,13219.193698111896
81405,11959.128402237198
98642,14785.370565976194
89156,14404.325427104255
104916,10829.766951389109
107696,29208.033901080173
87902,11746.077783547224
106870,9780.15814329154
106153,13030.748863642815
85108,14624.685389055478
106590,14819.502238653598
97948,9013.192050311553
77144,29136.40371083116
91535,13040.280667481718
83900,4306.150510944822
107374,5990.826640457113
106805,14667.301742235588
101971,6654.9643731257165
103690,8567.249639922189
107830,14494.551339928585
105302,16160.352482291044
90504,13244.106498597826
91865,17420.099839419785
107204,20157.85250775009
93231,29536.501961036425
94654,16342.501773422386
107435,9526.573265365869
78616,28923.66960922528
102268,14229.811170558198
81320,23079.636632650745
85005,12293.182978008894
98032,7519.859514554228
92938,27749.436631175005
76177,11861.079782228226
83869,22307.007170240984
85806,6034.366196877119
77987,11005.595078892951
103802,9707.701118027073
104020,20977.84568449508
93262,22259.76768632121
92988,25865.75830996548
84434,18634.130611822853
95648,35013.80399322997
77947,30794.034382083217
76135,16533.601296230434
80971,34634.63008800945
105584,11950.911101552108
85530,13349.041303107711
106515,14232.32701672476
80686,27319.141295444468
85040,18311.35276699912
77404,10014.594202823402
91234,36960.95646554359
99225,10440.394375028887
88808,12164.286276161394
89948,15456.521067242216
107161,3959.2789350493695
83683,10804.576467830351
83709,17219.909461335043
80256,18813.47474537007
83504,14284.150528641918
90112,9410.693059475963
93042,39560.1144393815
89466,6506.475338887027
103405,13481.037038056202
86026,28917.623318847684
86824,16425.605743327913
79357,24788.17096832939
78812,11789.930912786593
105364,19561.26239279292
105744,7461.942370296238
99819,22024.57096156137
91051,22080.358953275347
95688,21345.0109827313
102174,15262.65993362249
91914,48469.68148086284
86568,8047.715245094707
98761,2113.061824155734
101252,9639.267448970651
91406,17877.42251209405
78069,16433.102335541545
86168,20178.50660237364
105858,11699.759964632314
83972,17146.793745864634
107196,21763.250085449727
80990,12746.347795284568
101095,13612.0056217101
93806,22462.1703653528
104535,8445.215094585474
99257,8781.75485479111
94967,15532.314516836695
94257,16945.043875533014
100543,8753.800330625527
96277,16973.637406340033
78730,15001.252386780863
82370,18952.373610386883
86050,12018.949977683773
104245,23798.927238266937
89903,11739.477651407396
106353,13187.696326094088
90055,11005.445960225648
78070,25777.91418376081
84302,12045.214490086397
101048,8528.988021481166
97981,9719.412986770529
85001,16724.50705230103
79444,23432.497763018728
88862,12045.145627722372
90445,10314.38646747834
92203,40882.97203494981
100623,8079.423666312441
94528,19951.25403355139
94482,18523.937818673592
77706,30644.73990486365
100947,9507.299548528206
94367,25259.163055585705
108205,20863.953060257565
77256,27613.948718027383
88458,18264.38102744768
102997,9730.306881866354
88421,9722.714268335125
86001,10158.9376591206
97594,13430.344598373871
76992,28567.72112023277
92157,19484.03878754737
106018,8375.197940656208
85491,13891.34977278096
103359,10068.01461004166
101024,7568.015443266148
95167,32926.56235625232
93493,29635.159913587253
77624,22050.760903886305
76803,26830.865912558587
77142,22165.405924186336
86693,21426.798983610588
101755,9339.011604629652
82229,30796.92433662537
105220,11530.338501232822
81442,42505.16997977729
92017,10639.184050509746
106471,11128.481386893858
86231,11225.175537216996
92036,24742.987784950437
93224,25079.462643280694
87139,9366.606867649623
107623,9408.341270162147
81066,26429.91290746405
97790,13151.749595384832
76514,21623.512624889743
85297,11499.995651891077
93020,11451.55753023604
88666,17778.161100813908
98711,14773.288912265312
107486,20828.737893527497
79363,29139.39177610997
88053,7847.999389161241
87127,14666.410955885814
104704,25197.71848044914
103808,8828.954806895956
90199,24001.091839444653
92950,61798.68574107601
92002,20148.191924418188
108435,14035.998392198271
86748,11388.375565065297
86978,7956.720837916057
79932,30231.96954444265
107382,6922.08998445631
82616,14932.691182834638
99198,21119.99222748452
96788,7483.118090747884
92073,20264.843485185706
92060,17149.8393269972
79559,8509.542327277979
105276,20491.30054894047
78536,17550.526615164777
86795,16195.208086232284
103739,17285.73772272678
105087,22287.070870714942
106499,14860.5756639498
81009,47843.53806767033
77053,27820.26079661904
104832,7077.309359241284
81864,12212.211942847212
102634,8659.908535066825
90510,7315.084590777821
103001,6553.79249077094
97323,23674.111564283176
77996,34056.23329086583
89082,17024.985910158615
106910,16255.684334524962
83882,8281.714220175341
106459,19905.35511231209
99678,7210.546589330173
92583,37626.95055876821
76986,21782.610024968024
90844,8606.496785457997
94286,16135.43124316073
85208,11260.155099165975
81224,20683.594052255517
85569,6758.0380968295685
78152,22977.85534120761
93054,17957.544728102894
93481,24094.63350610189
99735,13174.972033153244
88060,15912.353644074605
97546,12068.837028313172
81083,28878.082341166657
100259,10752.55800297666
77751,13546.836987477594
105093,7517.539892995741
94991,19651.19245072621
91352,29203.56770433575
99901,11856.123035881054
83577,14532.606180201332
95846,39548.25243182838
89917,21153.78431739205
93394,15744.673480548972
102805,6106.721112312707
105448,26330.7519826476
108444,13142.278120607476
100862,5996.522305066684
95006,50823.03916812203
86446,7897.442262973288
90906,20078.736587680487
95336,30618.34460127676
94904,12540.48759936403
81105,14327.483255718167
78132,12034.97558331634
87302,10588.533828914791
101471,9910.654333760584
90015,9179.833308406018
90539,14693.930866578026
82418,8926.626114569723
79940,20497.45897366866
77401,38333.28085735203
79054,13510.093571261194
78493,46564.00616304873
87727,9080.849323811935
100390,8098.852382713643
86020,11691.65524430291
106293,24640.728691622186
105435,11114.69961836028
81992,28373.2305392239
92805,18611.36970562281
92871,29465.105020536572
101833,12695.100339245932
98352,10333.389305107868
98629,14359.480661622978
79700,16434.13669006004
99710,14064.927299614465
84526,19401.811832814157
98636,10620.38079863758
106829,9963.539267270706
99652,17229.836788814922
85469,8017.400061653909
82224,22173.44883301508
81899,18444.81248660452
94817,24089.38008179232
92379,27716.8556940638
94423,29422.55757775842
94010,29035.249074592142
84867,13605.720992254706
84679,13925.35820482072
103292,9819.811948865
77349,21349.73313835277
77697,11649.203900872555
103017,4281.260811513923
79727,22027.02706069289
86490,10381.762236338003
101009,7323.103824897691
96540,13387.042501723288
106974,20238.72505151097
80055,21415.779591916144
102035,9206.359914191027
87843,7802.19508835807
107868,23810.1251402146
100831,9108.980862530718
98936,9941.793090206753
96915,27671.87103838933
88473,21879.733298648032
89030,11505.858639885795
95894,20516.466700876088
92113,21581.234871880417
105809,10239.400029396576
99360,15434.548647447886
86746,9214.45029848643
101917,9989.924160625942
96687,13602.795945163354
101210,7956.139992653056
101146,10167.55862046385
104900,9832.701852784994
85924,19296.361250678627
90544,7198.060640194695
93003,19892.88675420524
98738,12186.207434722528
99884,9161.783766694072
108053,27403.421545572164
90188,6655.806468725261
91970,19664.688274867374
103257,6869.425598005586
83138,8243.496664578008
104017,27812.76954125594
105104,6599.081442244653
100054,11745.22556234667
87155,18697.20248266985
107600,11534.771852418246
80848,29974.772444747745
86709,16362.933353374288
106214,32322.13046067462
91963,28749.94184986534
97698,6400.0535840502425
106109,11497.87988704927
88231,10798.891810618466
104537,10748.302555151964
99388,11717.57391500282
94517,19179.095432689235
76658,35993.3417287519
107430,20440.887015843065
87408,8139.625943865254
105971,18615.49766264473
90264,14873.570004522044
78434,17576.593325551323
88248,19030.23168036448
103386,7399.76869627636
87862,33607.840630235136
83101,15647.374716467732
92350,31366.412717915253
98624,5896.393032301289
97298,12440.973100360516
81919,17400.52697668752
80556,29180.530991378982
98141,14395.918046664863
88205,15542.899347099372
102779,15712.845581845922
99926,10075.947810744465
101484,6590.832929621804
102869,13945.925764418447
89043,14085.749504589015
92878,24532.904388753024
101071,15709.422625300984
106583,26098.70290769102
106819,10493.970756596103
79956,15307.4651611156
90659,17086.666058445982
82276,11542.829242494168
85881,16802.93736271331
76753,31965.263571196087
102970,11566.469827358796
93126,31002.25114639012
97964,12404.041216709387
81951,12322.696027043348
101200,13353.227805253988
96104,26823.1790494724
78169,19464.70018645234
90062,11935.695293917612
100918,9997.00673737322
108353,9268.543214110625
96642,14348.135984691857
104763,10235.191481680216
100926,14157.868665233187
107597,10373.92835353084
102765,7147.0809862113365
85805,13195.610121338064
102162,12778.346440590629
82952,15589.78977247133
94184,45644.16239679442
87797,14657.33946615888
101511,7496.371932105112
107686,5967.666082191783
95366,13712.221094418062
78349,8946.312627141502
100908,3400.0499675960045
96196,6404.5480718055005
107677,21959.76466443242
93603,22245.01904770208
99861,14101.008685151754
87456,15348.855578630417
82484,13001.997378544154
89252,16475.78956141324
104243,20245.595146977757
107181,31050.92605629424
90446,4305.642915190045
81412,17452.915585385817
86732,13288.575199124618
103972,9246.717267486649
102586,9605.185555986249
82466,13938.517543892078
84937,16582.357111772384
103038,15581.383529992836
104111,21923.394956553064
101111,13824.761830353224
107812,13423.931355677592
81483,16980.11905704007
81303,18025.45963190451
105370,14107.458096382275
80504,29552.011933183592
85839,13765.00910295887
91560,20786.972225148915
92722,44491.25343210167
86115,18480.42257470085
88062,19847.551994246263
104876,17520.353577577476
98777,15464.855339157912
92504,30601.95631971788
94025,12307.689019651643
87253,14823.493108507855
106668,27305.956503271424
100007,10482.172290574252
100956,15198.455393682576
104055,14078.03109145011
83761,9386.26906573064
79429,18002.77005275372
104731,20514.62723649862
104125,11747.535140700453
95628,23485.55960293289
80913,27621.713119588763
85196,13766.323274386468
102697,11783.484857454012
98587,5989.240649303162
106771,19443.64727030624
90889,13420.27329476664
99697,8961.141507944509
101404,8242.953420323514
96283,10361.263205149253
83072,8604.530290484223
84053,10856.29506480465
92435,20746.88037431605
99445,11705.909357267346
94604,26993.011492681504
105585,20961.58803537656
106189,13582.08996995404
108456,27418.165191022115
107914,11971.305543771688
105646,11774.01598341003
99808,21160.50683703669
101337,12770.532377518924
94636,10462.1803117188
100480,7724.488066804784
104644,26322.190825752838
96254,23784.67388152805
105238,23620.57967744529
99534,7076.098140673394
85285,12778.067708424198
82145,23284.73336408089
79604,17640.27587256588
92928,24526.387341870068
82245,28213.57311969889
100973,11769.492775425224
76365,17949.292039277876
79164,18655.454663491422
75989,16512.731711058546
96557,20569.341136651143
95029,5516.675150286807
107817,7870.987949029231
98521,10850.82875208905
103150,11859.663951499708
95850,13339.097816267504
102008,10698.84488655019
106002,14275.243897520122
106077,18165.451817347646
83367,12419.083546983926
97196,15023.186950637964
76566,8640.486377417574
104384,26093.81792968958
80692,14673.629436477484
101094,11411.158467043364
81800,18899.48192085613
86722,14652.352885006734
100318,14042.215356388557
104827,20816.969428297176
98244,6900.979739568473
94712,26672.97316542809
98393,7009.661251392832
80771,5681.993011627957
86607,17265.346261603052
80768,11646.405077801985
96949,18881.343016276947
87207,10152.909570926167
84629,10611.817000637437
76136,21534.579359299416
76644,9662.803730147802
107649,16367.953726527194
90281,14785.97235440102
108187,17423.958656595554
92025,39288.3678017648
99737,22487.60998080736
90801,16104.320618467877
100790,13529.365470451674
102558,14747.628836190624
98713,8931.959581953683
103633,9182.549785800436
101449,14554.59712771223
81515,19867.52600751466
98364,9524.239738692717
83966,12180.740306028312
99995,10131.892259231568
99150,46686.18775269156
86873,14290.438124612088
83731,22622.413873389694
80810,35319.240340044584
94650,15775.904567848283
82521,16076.922425443723
100255,7514.504627112517
80454,9816.470595217785
105154,13962.928167006186
79689,20147.35092525157
86810,7640.346008777982
82113,20495.21986748293
85929,7856.72362327682
77522,26956.140203637
103578,4692.049225194745
102688,15101.54025708577
90791,18166.59696676624
94401,29165.8342088637
76740,18580.18888593919
81666,14788.35304047849
100227,1398.7025516442427
85673,10801.558679123003
108395,24762.665391152717
100214,5688.327808177787
95659,24056.226933735667
80490,24412.25889303006
88384,11329.177144575026
107062,9332.047227552976
105277,9245.406560392325
79265,28866.36409560516
84984,11098.36729038999
77376,12467.467893740875
77355,24734.425071743997
86313,22115.4711419672
99285,24823.182468832776
98028,9639.513709024068
77611,16034.915811072902
90056,15748.9106138185
84773,9942.32676382606
99264,18492.134866333152
100948,19714.63161668583
82379,29534.70814023882
85047,18281.99020767924
104114,18336.490396408764
107632,18310.605065176867
93536,29629.787373340805
81421,34614.734434531565
104793,40038.608581932815
88141,14943.46470512242
102679,11506.340097613263
81051,28520.87892746218
101005,15606.563746548174
97532,9250.675262083112
102499,14036.657567592289
89537,13961.22037234392
93046,21395.338712296943
79823,16867.364357534694
98882,20726.438105369925
97094,16268.97127242598
82461,12032.46656918925
86118,9839.387035949516
89801,6965.585731030775
83127,14593.25939232752
107519,10153.852315120392
82583,8972.83869354086
103259,8772.473466813299
81152,15625.083746804454
106206,27402.58930459113
96706,9147.273166467376
88303,15940.331656804405
94241,27805.49396272252
95076,24304.054649635887
107546,8623.970002583279
78467,18609.2509786646
98304,18816.79553651202
95393,19676.7799274738
98134,9841.207350946865
104152,15462.99592408393
76818,21328.89223549657
84707,6159.031981573479
87889,16938.119378225205
104736,14999.098410196006
87844,17956.028177661414
88388,9569.808913898298
83940,13112.03563327769
99536,17959.664196798723
83313,17182.461039674028
89864,14357.361882450125
106944,18800.028519978456
105635,8556.808611431845
83110,9160.326633939769
78937,38808.79064141559
91724,19487.64795059129
94886,29202.528950675245
91449,19507.678772618103
81745,30316.609151944976
93405,17213.69773059785
99402,3094.9903156216046
94317,13577.16617842
78503,22168.214531930025
87111,15977.006574651585
108538,14855.557531145634
90689,7552.651319505836
84402,19107.583978349427
80890,19471.09006644117
101682,7073.204097927035
81874,11287.766222709615
84259,4637.240849808629
96616,13792.832777659303
106173,6827.117586453746
102534,7880.146283248005
81629,55875.26945917437
104910,12982.322212641804
92100,36232.358767470745
98454,9832.637112099674
81880,21876.46929430562
83346,11513.552585111276
95335,22881.610216640984
106693,24468.300315388304
107432,10267.198741972708
82694,11400.7323248234
100199,10652.79117895802
107361,18978.195595825116
88659,10080.134329793202
84237,5550.486245867701
83666,9935.63820743161
104468,28927.499538787568
95495,18785.23389223801
84298,18326.31200320518
108427,12343.860924623425
88238,17427.24829207025
103836,14070.572316051546
87394,10179.529922585683
77799,16131.19010998365
97905,9606.098528648216
101142,15587.170653890009
103274,6221.604021271658
88302,14005.17676839814
76533,10240.902909163437
80080,23676.49951693246
105134,11666.813376701091
100792,8788.261729808173
81408,18455.80793418014
80410,18096.637148176225
86355,14327.38491957658
100954,7022.707314985753
93799,18837.618383506408
100810,7803.215668944696
80379,18800.839719305917
107796,20806.675931284528
94046,15285.156896610457
99931,15256.9934633439
85890,3238.678131402229
106923,14863.8648120871
98319,12193.657943208906
94853,18759.269438516047
91069,54952.59468755592
78790,7890.041711769903
92697,25410.20947880419
94765,29057.51978870208
102150,8432.992290803482
105768,9302.700974597636
81755,21114.91536872785
96933,9904.513123259978
92136,67137.74374793188
96082,7911.951457949814
108457,15299.725540802954
95142,25002.19188669908
85688,18902.471258199505
86672,13048.204789561103
107583,10978.193833312613
93369,25688.83154613502
97637,11914.83455546302
80868,15748.941372792771
102315,7758.916078207498
108428,16672.920099703126
99478,11097.417825580656
98906,6844.808956360887
96394,10129.120778356448
106032,15594.493333436618
76121,19587.80652205309
92642,20176.528415150264
94725,20703.099102159107
84528,15482.856056110371
104492,12310.705597085627
98456,23465.701903042704
102089,9974.27564994715
105274,4920.669590814141
91436,31270.442905049425
99127,4778.1582382945535
80416,17118.262666572773
83419,8005.775039056722
76209,20020.1372667486
91874,15748.4596148787
107892,13203.87944879955
86727,11797.389365886267
83096,6872.223656307286
107036,17272.262762060243
86096,8569.024470274386
89684,9165.719237674844
105301,10796.537236275131
79056,16268.741503422025
103508,15586.641355623542
102651,11777.862042527491
76605,17952.77813726498
99170,5919.5320057222925
94850,15386.415554305677
78638,12730.080844998924
106031,15871.143053662769
104955,12034.907554915831
101565,10780.655783536262
105886,27642.2258806713
86499,11211.85534012427
91809,36455.09258684271
86033,8782.477010211423
90761,18108.236511422263
104168,24387.13069250874
88048,16809.32802624053
106343,29240.218999384226
96568,9397.163259959292
90082,33885.33167848074
85659,8444.370269903957
102950,10283.29472136178
96231,9847.627169611804
101781,15347.892591603311
103210,7470.265535945269
95174,3869.6245006524287
105594,20061.41358550414
107809,22828.949236244945
81222,33631.21421360168
84506,19151.09657684756
83399,13155.413375193608
88318,18295.4448901231
106235,22063.988715859727
83952,7654.810324290366
103610,11454.450016272394
107273,18111.73277112833
102134,15546.524647784434
77708,27611.240242488777
99754,12553.261954288992
103372,11964.914415116567
90457,8064.42399460567
80228,11124.87900622495
105630,18786.850841368054
78448,24206.103877612743
86729,10275.3792363968
108510,14168.4611620442
79686,29987.34894863677
82677,17640.644011232638
94161,22979.921017053617
93064,18791.97133116585
103595,4489.520104450181
107257,6532.232059366865
81162,29885.897195751582
106410,10304.95647675353
97829,21925.548338155288
92429,22111.314598114597
90183,16914.99590576043
83816,17564.56268655894
88613,9962.219574887296
90025,6897.860908054883
89004,7031.803326639245
107997,18386.91440246345
97458,15953.837551172728
82737,9790.625106032998
101739,11656.477787475798
86766,13799.353426489992
77098,15747.268232010709
93598,24506.469569421224
108115,12494.985845406154
107653,29050.216096886357
94706,19089.22216258221
105344,8455.746329750784
87516,7515.717505483705
98959,7123.307128206871
104557,9539.524154878189
99137,6011.288916106319
102126,5636.751941818142
104455,13100.178585275318
104278,11406.8029133089
80331,19855.602575255216
90087,18094.64226199755
93700,28773.070514195824
108517,13472.283619970356
97373,19619.27780441408
83394,19419.89332592275
100989,10728.371380940833
82625,17285.173696159894
93457,11912.555267150015
103186,9790.82122712866
85133,11665.089286525106
101198,6791.916112348238
102095,7499.10936491972
99684,7306.568656104373
83595,13660.66307896516
76960,36966.27545440116
103015,6646.779452944252
91987,41297.41904317115
78825,35045.501577104485
87668,17743.879592947487
84826,19130.40960256145
92309,17439.462501991304
90969,19499.004796668203
92987,17520.308012687445
105317,17467.28420785667
93606,25171.17223814361
95536,43520.05690477816
92839,18180.382066158854
102133,7171.021121333546
105225,20021.81206456265
85627,9839.331621094498
79013,35474.38252882607
92008,28125.262344683244
80983,19357.16637964249
106475,25865.7591910782
99357,12214.52158136924
79246,23131.376538617347
83200,8295.803820274112
79656,24118.2065493326
99031,24954.74288502992
82780,15941.432993884924
88310,11258.143452895496
98056,26568.71355977949
77289,19513.244785192463
105503,15345.485303291916
79198,33056.47995574006
93429,28958.5692687336
97172,12805.669053973008
105958,21658.53464668081
103180,3051.7443782862592
85825,9293.734605876263
81725,33183.63695101524
86590,14957.380947421992
92366,29560.489855056363
80589,72420.79759850088
95454,17703.2608837711
104525,7509.916892158755
107646,6208.604066309785
99226,8799.301717797754
77273,19483.47719725452
99642,11850.776009379577
91195,24998.052935252425
98641,18667.411354528613
107724,22930.14230245293
89646,29061.520940773866
85873,14534.192325796685
81468,33344.97858625861
97648,7946.408091380126
85573,10666.693040050086
102394,4458.120106267801
77771,20329.351299555477
88122,14127.222115316836
85640,13730.158020748113
97560,6413.993756895037
100584,6344.194887180668
97404,13088.038554531126
82414,10401.236738205918
84609,12068.584634202416
100462,10346.200453856029
91573,16601.067913971638
94716,18656.490818740884
107560,26922.63620378981
79627,20728.768271585963
83025,13015.537228640616
91918,10012.753985460378
87344,14489.350747266595
91683,30935.541364108834
77259,13978.755265570686
95887,22306.159377913085
96802,14965.432201990345
103965,6075.6591459946685
78110,10088.085994975876
99144,10117.81743071357
86801,11199.956522089498
88181,9110.274256202563
88262,18790.52325611246
85846,19714.935255930992
97896,14670.794322888996
92462,51487.0635350895
99668,19143.4451549878
89440,8006.067669525555
82867,27513.131137364697
85857,11080.41001599431
79583,29795.97990077583
103090,9416.08270475348
104184,31395.73162675628
100921,10795.675337795825
83124,15916.281222199192
93320,22921.199895395537
81985,26780.115679367133
89618,17861.57314972397
90086,8440.328346785307
80855,32874.23118349475
105114,10201.117319619589
92497,23886.48260888787
89049,9928.65518709754
88584,21158.99385708204
88019,17250.75839549722
80119,22195.271396827357
84879,19889.10175555172
99293,11430.270596056438
82515,16483.53002584655
97600,21593.55259898775
103737,11569.236478508252
102387,16274.411591354645
80404,31182.32251204884
105785,41620.36621183569
76379,21693.24412923385
100569,14197.535441861955
101553,11086.26018292682
105803,8772.494485287678
89151,9143.238625471182
102960,7201.1928262661895
103094,8698.09916859608
92146,11203.917403794518
97802,11148.706351847632
102939,10667.349768237218
101492,11076.253259783272
84207,10160.077549996831
86995,12419.521707210602
90024,22682.831519173305
87536,9305.454870785554
103571,8001.357628044059
87529,11484.363181092376
96756,20089.08104090783
92326,17495.910045355937
97609,6836.476206385794
75984,15979.893184452476
80733,33450.58701099748
77150,11416.311931847096
102496,7795.224055088993
86666,17204.792394937762
78836,11800.562735065025
82444,9872.750444816284
104414,22235.16095072132
98585,9223.2161555671
85191,14066.468731775432
88013,9990.12746014032
78962,20994.64993746525
101510,15120.965546043237
103438,11606.266199375244
99474,9972.418393317766
87180,15730.76650666285
82983,23398.75703344689
87503,9553.643509168676
90410,21094.28637068856
98416,8885.08195627576
104117,11068.354231684283
84900,7160.774530842076
88565,17558.91981777538
93797,16324.259559212136
108131,43720.61537231166
78848,17618.64620652773
88151,12337.561431255046
85081,11743.735008895304
78163,10268.803936289303
106580,13146.734237566983
104638,10033.6976505374
103696,11400.020821168951
99589,6795.424608167565
79699,14265.356805895244
95129,27679.20176974631
102173,13799.30383852374
92811,23933.179171398424
84986,8125.6985592206465
84162,15779.196671666576
77340,25250.46722986069
79685,29276.01684999161
81423,24432.58748415984
93745,19401.84665249388
101399,9945.359049434728
91611,23526.86318864861
76973,12261.343578683627
83734,24252.2977541554
79526,20479.951674110445
80087,6724.628033212039
102186,14233.528184794726
77640,28871.56228641076
105138,16436.523971640658
79146,29399.11132520671
91713,13132.751780689014
104230,24848.66473576457
101896,6057.128475656413
107587,28883.45500931769
76461,29866.10303702017
95587,29967.30772992987
96185,10999.009066019536
103181,8879.052637652094
107643,26017.904203097936
88948,9729.262076024
97565,26217.39617592386
83821,11018.55467404277
103781,7478.714571552877
81677,52995.58180120364
107975,18720.6276716507
84106,10165.941106863758
93060,42196.78179315725
81078,24161.164774659515
106748,19959.114193609388
79264,32654.16129260648
84098,10289.968073821956
87838,22213.210698065133
102957,13431.622999943444
89353,11372.464785095166
85492,11124.541979534308
107957,29194.907379876426
89938,13557.281490677937
90260,8146.485899790761
89571,11796.309056176844
106963,9957.960824142992
97266,10783.905653545611
80413,12159.091358979447
86028,10673.726840024838
93343,28460.560150834528
105232,7863.508546733428
107755,10366.540796789435
107326,11869.864101362587
107571,9646.989320143388
100062,9607.645680916925
91477,28071.400930069663
104598,8494.34793487821
98614,10350.956857577352
104034,28285.142747488007
98446,9061.33552513145
103023,6037.896438737145
91550,22954.983147917912
81211,17414.35102095395
90619,12458.022346932969
91525,40091.54784221532
104422,22008.520544488565
93555,22459.93712565436
88346,10455.93144425228
102067,6381.12448423535
107051,19536.410911716062
89642,16659.920855292043
83492,14952.723351132863
99169,14652.04757336475
85964,9153.750322979446
85179,12023.178013241895
100677,3160.572490096519
85529,13350.35907759627
86198,12413.861896139791
99532,6945.083187296994
80443,32276.68123631551
93248,22822.566833101053
86958,12021.908911763678
77942,26763.105442676875
88568,16523.48193450732
81730,57671.12884083162
98884,8931.791039507601
82267,17959.22330531803
88088,11857.999618181644
89578,19935.489521868607
83568,27445.08049877543
85083,7617.657003537892
79222,16659.617043163766
82543,11199.46188838636
82611,2642.4769157949067
99708,19434.86716572132
97699,6621.743867368638
91371,25773.75566407696
101757,5951.955345425689
104417,11408.212054211412
99830,9594.632969257382
88477,16636.944519654346
104614,15277.331923946076
76098,27731.493803836343
92143,17775.817002838845
81343,28070.432408239765
77212,25355.61089395496
78262,48804.24364411566
95097,27000.23523593434
84440,10996.962401796722
96942,19209.08782228879
101584,9983.946107227926
77202,8439.811357217077
85173,18137.48637334125
82953,16374.29291728657
81151,23481.86210302682
104377,15821.075525496428
86697,1459.4884103351555
96650,12388.24782519113
77031,20199.34064439509
82235,42116.16795179543
91333,15840.329379957471
103393,12587.04123176984
76254,16071.25981245405
101592,13107.078778364805
101865,9886.50931216726
90819,14359.991806914551
76941,10927.937997837984
91974,16045.667744122316
102930,12158.603506945024
96310,21924.610482920027
77912,23165.99174587049
108119,14341.589059721244
93631,16569.807856357653
76592,18301.89227730233
94282,34206.13457008556
77715,23678.565912464044
93747,18239.300209684225
94560,30309.455896531093
90108,15409.543258028209
102128,7355.571000472304
85820,16563.029628625995
79541,12388.794372909946
102901,13245.875495798557
102761,8072.10897068653
91536,21430.13412426535
82089,13777.749421716271
108489,8907.259374516265
98409,7394.289679985592
79151,13828.434963997785
95549,24704.14504505503
85472,7822.745931062265
82072,22002.46095212188
99386,13203.076401733346
92932,29210.48192970799
86525,18872.740854609678
99013,8640.82823204773
99472,5581.469599052904
89967,8515.612700674272
106604,26207.32120814846
91608,20410.38259208549
82249,25453.060067628656
85445,18715.012326857955
106905,21050.833943360965
89122,15673.41339119864
87056,14368.465490575583
98254,7210.056656464274
81697,29310.478545166905
102542,11484.970370205792
86804,14553.505987646353
92626,48799.31788453152
76602,52756.10973834685
87943,12485.802615407549
95438,18934.54588807589
95823,16823.073182167693
82403,73182.02449676029
79347,21821.330376049176
99419,14606.817064785886
88561,9130.331103065624
104572,5872.238573156169
108507,24122.554499456484
97900,6998.376150943231
89733,15614.80538153609
86211,7040.772606467105
96713,16324.08931040869
107123,14946.079572321676
78086,18956.61845072396
100576,13929.135281353334
102589,19071.437584626638
104477,28298.400693618947
103487,14076.15890558196
79189,8850.926360677897
89098,16754.498888358085
79787,29395.756407212422
84294,17542.789824531596
79128,17546.866540319952
90269,8447.842917405987
78251,21511.97234447935
80572,10588.65285716152
75986,48984.837961714686
77619,32752.433257799457
105025,15511.00035890758
93882,25514.66466060669
78338,24504.824002505666
80621,25440.55965813357
103601,4725.8581130027815
88170,16431.14703187823
102889,12911.356632004788
76347,22889.212311352872
106080,6170.080941883781
98834,26594.021276056606
76498,33702.473339729506
85104,8704.100760568994
87534,11664.008804333176
89883,5768.136558152071
88738,5022.584195209081
99252,21008.55953192681
102696,10763.627632927171
95948,22262.40807717855
105438,27961.156472835908
103463,10682.25173512472
100261,9380.06950914838
95315,22452.26248223486
104172,23234.84237102964
76502,32114.35855234875
91569,27580.247509335044
96071,12432.41633496357
105936,15552.903520017446
97089,16629.252366951438
85434,15821.804041412235
88446,10564.809005136687
93751,28677.15970158021
105399,13704.0759542349
88174,36724.00999210547
88555,8668.024471241904
102346,13082.050749752463
87144,10631.925334936195
101990,10174.57109883703
102931,10029.900589048331
108317,12149.047384551524
87976,14846.917296785005
97988,10599.1568553235
101822,10705.680379199068
82536,15232.36947961231
80676,32710.300216139956
91255,10543.005522444351
94069,16437.860208064187
91894,26030.3839994722
108147,13623.287889349667
76928,23511.51261947493
82648,14082.70065706606
79426,12440.013266496013
101936,12975.647062128655
107567,21622.63080872885
88776,10972.012054452884
91113,27534.34499783617
84568,19163.37985551037
78044,26085.739540250877
76929,41434.35835900525
102526,5984.5965426243365
92515,11405.642282008794
90009,7210.895359155054
82978,8680.304186902895
104437,13168.042084365456
101451,13685.076697633773
76325,34073.01259194006
89491,7916.713750721237
98435,11886.358759427118
92282,16569.176824501475
82209,14923.778872236106
88705,15241.254320384234
104679,8189.3526801278
84919,7784.081924780726
89998,18771.286744343237
103520,5313.399503567085
106857,10365.41401636008
108499,13470.298975095711
78893,37413.21902247034
100860,10718.776203982476
91684,13616.640942069547
80617,14838.803771400384
76634,37458.95728471883
92055,26252.228399823493
83030,2018.7541974759836
86154,7356.630337915169
96022,20480.84575462682
100336,17468.821765667257
92663,13708.976078663787
102884,10500.2844434423
80763,24616.75858281192
78329,11436.21272098217
87867,14662.582598533678
104353,26676.085177668512
94284,14726.269494515818
107996,20186.585909773763
95784,25926.008629953547
101298,17109.771754753583
95995,18193.25468900126
102718,6087.158458424849
93623,27634.99327591428
89585,17561.95721873603
77533,22009.92504500436
107550,14857.315163224072
87760,16041.396985788564
86299,3400.76537773063
83152,11764.20483840715
91322,31463.102910346613
91286,8123.533728097438
89231,17133.842285602983
80082,9223.164986482549
105518,9661.405347965569
100224,12147.636070240424
97261,10521.86779362697
99651,26785.713205273158
76487,10749.896267263404
76867,25523.45478398048
84574,12021.140056061658
92378,44145.55371673579
103934,10474.253415632837
108445,8798.50471588398
76872,20493.82125618896
76180,48063.06656349753
106906,9619.616391254513
76431,19847.247955680643
102603,10222.314450601954
78403,14715.78435567545
100799,7816.58061721183
104755,14751.685215573816
89602,21925.817103709367
101656,7088.9543338542135
79362,14834.07500278782
102262,14164.108289442289
79884,14330.802239979925
97740,28233.92408105196
101264,7643.602047887191
76525,11958.902091582848
101988,16441.989623548456
102819,19731.85711719613
95501,20088.65455651237
82890,13920.00205087722
94413,18722.16774280736
77898,27097.416563264876
92991,31336.54233645636
82055,10088.586269920856
100865,12599.12026569004
107388,12981.50725120192
94252,22485.30144955905
105973,8181.857126661914
100976,15901.395220246086
106212,26089.314027831075
76078,14245.188109088316
79014,18038.29238065007
104787,10488.465616228585
92342,24841.08547568003
86334,7872.977976478327
94066,12614.612417690105
76062,10335.611378065749
99371,14002.017697275998
91498,20143.30863394287
86406,17028.5398115409
95531,33688.30579112238
93274,10683.955636708084
100190,15549.376019931302
90424,20459.766277079405
99089,12384.341836037824
94306,17990.79034068742
88209,7843.10219455005
90029,8780.70251840382
103397,7551.821326880403
82341,27590.89060026592
92358,34043.96415687355
100389,11281.010118920003
104886,24174.344937070902
98404,10026.891872772116
85100,16653.660922184703
84878,18982.64803714728
78693,30707.84324380633
91992,59237.8172156669
105754,8651.910128899402
89594,16158.509872217295
84756,5731.253657671119
91795,80101.91317269123
108235,10824.19028940735
95474,22923.18752049486
103485,8766.84882118171
107700,9613.20652114606
86613,13289.27969483566
85741,8471.988927446637
89372,10831.61765338184
79735,28473.49335108419
76186,14623.2664692997
93135,28689.24223716102
108107,7347.48268348443
95853,31156.353260947744
106625,25232.47845412293
94400,20989.467048077684
84893,13878.847714302152
97777,23126.5559834936
82127,27079.654937055093
102116,15569.31663806563
84330,19737.968610244057
105251,22551.396359885985
104115,9829.630615690792
93746,15981.07987199438
104982,19738.7995089156
105988,9494.370762950955
102562,3518.7975097950966
100822,11243.297411471634
104409,21456.13385251464
80140,16374.320370772097
103317,10310.549004553835
96145,10153.618421976333
105732,26355.71906677255
100943,11348.100714738266
92940,14015.668995776176
108400,3410.360439417055
108512,12908.850229037756
92473,49161.92644986486
99001,9736.942837127315
81082,23445.397250918235
108460,13439.257260767848
108169,11559.615446316464
106864,18817.06841097328
84685,19647.06362202963
77736,27009.43188373656
94232,26850.888005327863
89520,3328.269834565269
104514,18248.60797741574
87509,12138.658320390628
102802,9904.66359139779
91042,30223.32209854273
79197,30545.446336231624
76499,15317.999161845572
100082,10210.384109273376
91224,28461.90739321279
95303,13605.84050022214
96830,13239.261311609956
88064,15415.185069368192
81628,9762.552491844886
84857,8220.675712943266
82032,20042.04937776486
93316,22810.57207539645
104993,20616.66427127168
82315,19677.63286383169
95990,50467.10510796749
89970,13875.350904886089
93407,25441.98141372105
84755,15825.66167591593
84684,16331.6073025791
79353,32993.923719120954
79649,49526.2236120802
81749,27323.024138511533
107002,6714.5384454125215
82546,19703.61582711704
97536,14756.308963483169
77580,25958.183326460326
95967,18952.52536927341
108150,6525.8666400885
98992,7966.16955879494
108536,8909.565842949713
102358,6281.672947498066
91856,26749.848269448918
93148,32527.907530864668
84957,14829.828325085397
95413,13327.147138702005
102404,11593.64287397146
91495,18776.54487447604
77953,24594.107156644848
87398,8584.723611888254
95955,18038.30790485415
93290,15513.220193622652
88128,9570.397036945786
88830,19082.147123855226
83397,11732.224173159342
81599,34240.13871316417
106055,7110.902118825416
77655,17543.08125813598
92106,27364.490140671944
96536,12372.388278764724
104575,14292.27857594361
105513,8412.100927030542
92308,21051.872585043868
82419,13487.6118446621
96473,12786.883606748148
76961,31858.093504783712
104060,39729.62863855649
91056,20344.567421003783
87618,17104.155249962816
95253,29721.300772835657
96135,9138.461740066396
98015,7431.171437910485
87695,10814.968038437191
79066,14623.331105057028
95512,38213.64254942482
89234,17944.147559760295
89971,10337.320007402865
103750,10958.441008697566
94180,35570.799013958414
107947,21907.82567182401
93455,72688.59586352005
86369,17118.21556798224
78817,19953.156902226616
85051,7405.20743384599
79315,63817.15305144851
92395,31877.71792321388
82513,14482.236840674712
107728,7307.238779572247
90261,11523.453721343032
101064,13396.832958358766
79329,20876.72027415745
88998,11770.888378644078
102002,9726.775473434323
87718,10420.195345283912
87774,22450.49963769551
105214,12954.160798977548
103055,9698.186274765772
103543,14943.62846789635
104548,6456.516908387609
90387,9479.582450508931
83786,18783.28176429664
108102,14568.922572594376
101455,10008.417147153606
100577,17548.827471207103
97483,6755.459039051159
103056,11705.027541447707
78401,10814.410766519828
97400,11710.460946419033
97703,12289.611132844431
101311,9375.34615599416
87912,11919.24242135157
97168,9211.784523665288
100833,15482.276095630414
93043,26145.358914218486
80772,22360.147743504032
99794,5682.697238945958
78326,10347.969771428558
98710,8216.116011102047
92351,21601.43551787252
87356,6401.81055772944
96926,30595.25219065784
100570,8098.074740852054
95109,24282.619662938243
85050,7788.07705697965
84046,21220.235022234625
101466,15227.153070835184
90832,16928.694469761755
93397,38503.88147933483
107778,14783.645752451928
106710,21721.52557457021
83464,6950.446621135943
93622,16308.744411598587
88744,17894.50024277344
107378,14866.8365835008
83032,11512.263583220518
89480,35654.86341887781
92634,26641.98271292453
81057,9084.853474910904
102633,20492.03461641968
101794,9723.562131325509
78355,13797.69595882754
76544,54835.72946171898
77408,14137.930581869748
104451,35008.119641384896
89254,17149.929100641893
85412,17797.733871501816
97709,9370.147171925231
105230,24296.36885384941
87691,12533.98015979331
90722,9799.519918478129
86679,13654.855264744365
81418,27601.85600212423
76980,16946.736650740306
105319,15174.894026335012
80516,16318.961969178696
88960,10416.52341366809
82982,10645.614120580887
105004,24973.34529374359
78037,38491.70096059727
105901,21434.09377931688
77109,14164.148383068925
85855,12271.13242698862
107355,31776.295571749757
106193,9663.020476191952
97700,22972.87947574656
86150,10796.390990591915
76267,34816.02878604276
102096,15742.455247915554
102561,13909.428713203262
101137,13039.482279211888
92050,81648.39040222816
103878,9288.521945362274
94760,22468.47988746601
102678,10293.029296110008
79971,23743.013423989847
85739,16304.37164909741
79714,20239.96025589802
87673,17036.61289943198
107304,20486.55589909473
78692,30946.55272036653
107274,9573.19777637166
88686,5467.802568853319
90843,12350.144140151864
97507,7908.302661798447
92343,47865.77429070698
78781,14264.44995886392
84990,24227.58489606484
92913,34737.9369189703
92079,44402.418057159644
98507,8005.500058540751
97152,21325.6981040096
78442,29267.433445638897
79711,15173.689331952974
96643,9471.646276858655
105000,8520.295549490382
89454,5671.190048352401
102265,15636.030303978909
94961,37108.38209709446
76335,18268.50107205253
82897,10758.458709108432
94061,25525.76170088882
90661,7314.261544931702
78112,27766.100581778897
95596,21031.928192978965
94740,33906.61962806804
83287,4744.367875784674
96668,13169.008133193973
101834,18102.853945677653
77285,30127.56361207977
102545,14611.033261682724
96287,20029.559604633283
82156,71004.3836823179
87276,11763.338756423029
77564,17894.62357231722
105991,7531.257781735743
107570,15883.469988117187
94519,35067.0707895376
78369,41164.35912918499
92674,10059.980646093556
90532,20913.48958873208
85489,7275.416474526573
103660,10474.418037591337
81206,15788.335102880674
106764,27797.099078984407
97425,13129.754526944149
96393,24659.68304374614
84960,10990.42552852619
78993,34521.67715196847
85876,16053.342382122228
103936,12358.93928459003
84201,5981.49956679924
105098,28245.823410835837
85078,15172.175226950649
89886,16324.588492728304
81268,32797.140515318526
79945,16670.393010991003
97727,8576.428482280911
90636,7228.9547993788065
80106,9920.058335504487
76947,13993.31003487996
83264,16005.56220008555
101532,6783.106188968427
91558,30209.91533541773
93311,15482.564610618554
101967,6928.4224943622685
85725,5464.390999057163
104684,20813.13919292942
89747,13539.36329294034
105165,17846.60952302994
104814,16574.352196959197
101904,7242.828237872165
99238,11844.15377572853
80989,23656.140086968306
93575,10136.085984771693
101536,9819.32984224376
86847,8584.463412214951
99847,9883.276798918894
89212,6876.889723642145
93997,20619.815766123924
93647,33101.98007156055
87846,10500.803054402966
93737,32913.51315939721
77906,26461.66764752921
80648,31936.212130223987
102925,7630.624063398824
103709,13582.2079106777
86195,13937.698064693395
76865,13663.561043825172
83260,20430.0697958707
97233,24443.265251703997
104618,22975.299668456988
83879,7521.339216808378
104804,9995.232749787834
100551,10736.533108772916
90524,19696.83016374536
99669,22007.167361163745
102658,8137.950402159959
101398,6140.436183551539
103286,10811.184974822503
94823,26499.45138923036
83630,11371.215583191492
86079,6914.729093775468
102145,7745.542619305302
94270,41507.633473198686
105688,25647.075774585115
87335,19027.54247763601
89805,14080.623541859562
95093,28478.18747437597
76699,17381.743910593173
83187,18855.65698932061
84218,6236.926388571709
94153,18080.24825255857
91849,15279.344716235004
96202,13986.941472291395
90172,15219.31391054354
98759,8801.55379123448
86718,7414.664723802781
103349,9814.40502985219
93293,46669.16547744727
94622,39891.68961776647
93181,24630.20611461172
104870,11408.693824273309
83247,8480.864418572757
87566,10400.959983186756
77362,22043.703963680957
79537,19370.41326326623
85049,20868.674122350945
81402,16619.807231438295
108341,14262.748322296413
92193,24136.046727307315
100184,15820.434889993416
106252,9699.886678927507
98047,12164.123508160195
105416,9688.70884591172
90872,31716.80188296244
100235,9861.73735938493
91485,22276.905028605
90534,21394.70041003965
77841,16609.929134168575
105730,12393.88772545044
84175,13063.817188654808
103964,8995.963685590514
105970,57698.27049067127
99843,7071.624680375422
102012,10446.315654897944
76779,27457.277728831523
80778,20824.304993417187
106638,16160.288153186582
88233,12683.551264192029
102657,21512.95996660073
107180,27091.73911882904
108468,15709.01358617194
86399,14033.003714938312
85128,21464.19871193326
99868,5450.7611328819785
100413,11809.90788345006
91125,28272.13212188717
80467,29794.74157743118
78605,12491.473819494757
90259,14606.666121548344
106759,10167.607874203575
101253,8730.7851154241
100980,7453.575009825392
83805,10427.419927600458
96745,7688.16214614198
90242,16859.255146037263
76118,25209.509039290304
98824,7623.773991184819
78006,21703.44555584126
100924,14063.332974116154
77138,77097.56470378702
87665,10614.434821836265
78023,15995.613460099195
96117,22088.44204687865
86789,8103.459775465565
88649,15837.24448675631
96792,9739.146046822618
79403,48136.12533179224
100547,7638.746886293958
106529,12161.797769126537
83042,11877.456267648806
80334,17981.342359460003
86589,7867.974334321034
101811,12855.472271696884
94128,14309.449196900749
95868,7538.541167099185
76244,31495.952930654425
88957,23742.791530679693
108503,17367.715301022523
84409,8979.032313419411
104962,26760.69515112898
105121,9580.596802371248
94389,15607.850204134083
105602,16122.893720315711
88289,9583.36957407972
108168,16338.070239647765
84978,18478.288828276352
108011,11197.00927490331
79783,12500.8605228354
89892,22877.996243101108
91748,26162.04464364712
105942,12462.109296227967
106893,17267.850834078516
85969,11554.64366642297
105403,14590.942907265988
80319,30677.589482242474
103010,4464.919302721387
76518,27384.404073418977
95598,14812.947968852435
101287,14958.429312260403
84475,18093.922904839397
87686,15038.033284767884
91202,23122.13945376633
85296,16786.102722558928
89710,10378.94476725213
108409,13766.050398221654
104660,12653.282530228826
91493,18188.211863418743
103318,9236.621685944454
83537,11045.745399000134
93277,18830.12906392186
91290,16746.631301003603
107127,12835.142976253042
87752,11314.581919812626
82613,15484.722078814311
104508,9098.999478537087
100051,9784.429737728158
84203,17473.605839001335
88624,12937.367452748756
99483,6632.401968234955
96635,28831.795649228377
78956,15524.092843090952
105839,23374.96281696697
92487,22572.981421374025
89382,11033.975412063008
100337,7288.0628435030385
78640,44033.68799579437
99495,6982.008642352634
95580,40822.76777772745
85347,17997.03733528468
100050,13570.46426196072
97749,13379.77407969084
76587,30383.751881131742
95918,35580.69145782643
93823,32394.7766213732
80470,27366.096039809938
95399,93222.42650312172
101483,7949.607450292606
94776,28700.31582394616
97442,6416.315286270834
79267,26690.2593080131
82710,11839.658143372735
77473,18597.991184196864
105371,12868.607393496057
84991,16789.81688444343
93878,25290.251673192823
107126,17482.199876949213
90996,6978.000509518768
87095,10305.158811778589
80205,17689.305325825917
100043,10115.53969394829
84793,16321.034343951813
80403,13688.639228138672
88018,12906.05559810809
92747,27823.237365376808
104894,13278.57505517367
108319,25428.469503354747
99481,31611.8489365304
98270,11223.521722399846
88155,19173.87395046004
84565,18566.505101976865
80779,47044.41134524287
105684,24462.245884929005
106855,14238.586807779218
103908,8126.481207736308
100595,10792.356621440988
89822,19220.839125607294
100401,11153.427390524632
101037,9607.671911182166
96350,18178.47700887773
104191,19683.864617703704
87891,12123.91896030614
97744,17899.803250871508
105757,23145.26178098523
98966,11792.595601394123
91869,9767.630786082562
81292,17740.725542385393
108284,23490.893002531426
83092,10530.751086579336
78394,18634.724842968644
97961,13140.290880200446
77723,37090.96900797423
87317,8513.65017980809
95065,34170.7608783694
88227,9865.20644547544
108087,9654.670361821283
76311,10888.092855575178
100764,8372.322171619617
87828,11250.414543558643
77314,12120.836513385286
107860,11957.984215137009
100339,6140.958679314359
106165,5925.421644744132
104443,12082.753386810886
79613,28565.242503142086
92686,24738.83346319994
97493,17346.194102022484
78977,34071.91859441309
82933,14691.156249352374
80063,24610.534048186077
92287,20893.648490025385
103664,11568.849249854022
102185,17085.696694010163
94679,20238.694099161068
99024,8316.564906199992
99366,9096.554061174516
96554,9884.55488447618
95906,25305.63422803945
85623,12218.92551545753
84336,17600.961332845684
96560,15241.246704292123
107448,7552.573384304758
104118,17975.205800648924
88391,8807.799013664684
100327,13921.022690110378
89323,6745.645306842611
106925,22633.1769597881
98542,9168.863909782993
93996,27097.109676108463
85103,11342.77742005806
76033,25607.616082515728
77213,21224.06411297574
98117,21074.962752039013
81109,35087.6544683549
78316,23597.580717044955
91021,26366.68084129718
78093,12228.288900902808
77497,12989.718320508844
83590,14785.122015776444
76126,21543.800378813536
90509,2433.4825039993475
76454,21466.17260756679
82095,34045.37881455572
88625,14474.269563323398
100031,7946.654216793564
99458,8200.031774211777
88085,10777.05029936194
91823,20632.633782125376
77735,26914.098489629763
91799,7314.11086368005
91480,8158.353487026188
84915,14129.839010784415
83688,10524.41079499442
102334,8834.232997984516
97765,11136.74865327241
99836,11029.629384929422
98569,18534.507554225187
105050,22648.922314224204
80826,14900.93801790176
78684,12341.72580902327
99123,7730.765005358524
96507,11843.672455426246
104742,20888.60007901839
93690,18222.11903350837
107606,14095.713584871828
87019,18902.74570470572
100735,9596.818750070026
101685,7361.22196170317
82792,10712.79945795688
100036,6926.962242538246
102607,7556.899880604363
97772,16215.204619195025
96207,17942.521331421234
100697,8169.010487243533
96481,21933.540991352074
89054,16260.323184888646
97847,21533.306304463746
87528,11483.625010463036
97145,6412.01630070405
95223,50080.63071632765
104325,12747.365755123526
93743,19184.302720468284
81914,7120.728234344431
79040,25439.737709663063
107030,15352.68845140272
106244,26036.64530667574
79602,25956.413507052617
107684,7118.887011948749
105346,22897.390451287098
100000,15426.251000573471
79001,10807.497016083544
78942,28716.161876125563
87637,15156.50765555594
102257,9688.37817846163
103502,8234.295231919441
84619,4746.974367254694
91129,24456.65678031524
98493,13513.115929504536
107108,31099.51297542009
101158,8169.465918414985
80236,18259.235000889465
105375,11620.697436838693
93002,32943.01844122704
91619,20264.067543645797
83965,14020.512220144972
94431,42673.57459243804
104601,9430.613152991791
92698,29974.4660314576
84014,9030.99210763345
91961,28114.32991360261
77595,48354.880845041145
88848,18303.21235777978
106046,13671.536549761397
99498,9542.251044654307
98153,6934.087230966425
83157,9151.561177100455
107475,12692.397013633865
100589,13610.655593637945
81448,13609.307865871471
102638,6907.590425302
104473,26042.254026652157
102724,5683.043528249305
99338,8811.774271719305
92431,11066.529565682118
84969,10422.953648646368
108426,2128.267441235458
103206,16212.453821946834
87345,8344.218972720082
102625,14479.756574641082
84606,13117.752371637784
99166,7665.121387060717
94408,22549.792966746503
94898,24901.479013580865
93658,33086.42960262505
98234,14850.510066659288
99725,11683.38941667856
103979,13577.962084746792
77277,22061.724609133824
84401,12357.224694774766
80006,31064.16517739976
78572,15748.11860218186
88781,11436.135603609608
78546,15827.248012794073
103829,18582.07686587935
79159,56220.88480147248
104502,13518.760700860012
95125,26519.549379328768
80804,16226.23240781176
96580,23951.35802448264
92059,17417.008168615703
100530,18731.16262106651
78079,26444.50228359445
95036,15440.621113717756
91490,19402.733153166257
103310,15675.312039793927
88853,15205.306007965512
105948,9083.037855540166
93744,22994.8270369476
108518,44259.67524355036
107733,21494.780470908416
106813,9911.47672186366
98343,13447.135053836704
83056,9167.709901910315
105721,22793.89808828432
89165,7272.631326486269
106402,12754.260200282451
77252,47241.69720285774
89194,8816.900310164867
76777,16510.046386765178
90569,13883.512326603452
93912,9388.687152888157
96848,4715.517583905432
87355,7965.431047018403
80539,33823.3634658262
105351,14853.7014536354
108019,8814.732573711699
91331,24482.98490817393
80814,10910.495984983048
95951,25698.283060381636
98392,9401.775568822868
99209,19693.29278157866
86085,9625.201972876646
84678,7812.329774776685
96534,13245.792658285458
93665,25912.25392349135
89832,10264.630414525856
85079,9910.853422334125
79425,12547.411224226282
96052,4574.523735683791
96599,10270.206327986052
103705,17674.62910990893
78171,31474.781906863063
92005,22202.62627084973
101323,13858.876256030631
80398,19471.32198535392
82123,17285.799532167362
90262,6197.909470262512
93300,15442.05086536582
76795,17090.6801176287
91043,24997.00387064304
97362,13598.5376716861
98969,8327.921285382414
104826,13148.151866313652
84329,6398.32435194378
97976,11971.763564739922
96904,5220.507336512463
88148,14269.385171565053
94895,17874.59074784258
91122,26922.62838922199
108145,13790.538016867158
85476,15497.153706844843
97564,12806.219275241876
107770,42525.87260651287
106947,20371.88141676676
89548,14793.324787250338
79027,18396.67532496837
96032,21102.75823460937
100133,9890.466648679612
83191,9253.244769133458
82695,13544.429535878764
79273,50201.41097365544
95667,25730.77916530325
99578,11315.51603076754
84492,13206.735213220993
92353,15354.248507652126
106435,16447.573906276193
86655,14734.966471179912
106651,13036.335447458434
90268,8394.913857520773
98311,12579.609708748843
86971,7663.888477701873
88573,13315.699370691602
93189,26963.863270919333
87244,13497.341598914012
108207,6222.422283654381
95819,46811.79694974372
105846,27983.16452651362
102372,7645.780711540097
83616,11906.40206816083
92411,28693.133222421864
90395,12933.62315812737
104613,14748.352291020998
95808,25065.499989754277
98662,11930.956418556683
86066,13675.121686955785
77454,14520.06138317048
80846,17114.464524003764
89060,7403.981836539393
91975,13539.230648177318
84011,12246.09102936092
88315,12347.336567649483
95692,28454.797840269584
98373,8716.084028649815
97283,24732.033908018955
101495,8543.460944071327
81770,16145.081700715413
87458,14963.437015333486
102710,14514.966831431462
81205,28947.87178726901
97440,12900.127334072233
82618,6865.598412012632
104838,7559.689276946738
103606,10160.096837325402
91507,58184.97461054245
81463,13721.070145017184
76741,36153.73397716959
94422,21198.206060731365
99543,8580.030788516207
104044,19896.072169594718
83284,10102.25933285731
100834,14824.828874561326
108440,10444.229248075995
96881,7541.978118968533
103925,10275.3849023675
102881,14021.68936264638
78690,22651.33570571414
78052,24084.156327803463
103938,14451.376979835715
101271,8963.095642324954
76924,20782.770960731592
100415,13199.404446341345
78455,21643.15368560965
102811,10103.774216325295
85154,14698.273351458523
103761,7328.965089900637
77732,17002.687851237803
85957,15965.806441275516
96779,17867.98664412869
99061,14500.85261069201
106028,22577.846857089287
85889,22032.4193066526
97539,8420.425452452662
100890,15488.067049534182
96058,14617.704062204277
80216,18856.781404919
93045,21280.953657729457
95789,15595.614834982396
89368,10753.533595773955
80917,20266.697629487804
93323,27741.736515341498
103669,15056.923504056856
81561,17286.26105350538
92214,30712.72855795756
86368,14378.046666921891
95070,19156.43984094352
80730,11412.905977112
105647,18122.59458791201
104707,27906.70155763513
80353,19359.54595560071
98677,25810.642147548977
89445,9495.667398036
98332,8039.537292789451
95929,13809.318742584692
88970,17845.435572146125
81272,16989.54647713711
77963,23882.5414131298
88285,18215.0507078949
88924,12214.748698721172
93562,31626.026872224764
89463,7236.985819364138
105407,14207.194091898671
80944,36467.79125142087
108099,26489.857653851417
89199,6654.030412850108
82756,16967.586040666058
79573,17705.712047453002
98847,10409.213782987124
100966,8046.652787566267
108500,24750.72593812237
103830,11474.71193316808
84043,10035.498641801183
84550,11665.398411181925
83946,8692.494590331331
86287,10485.621916806049
77598,17468.824042573957
92893,18183.52784532204
106936,16346.579200792414
101123,9936.248742824097
83943,10899.801803646957
89197,14504.752661502233
80185,55404.5297138678
82429,16274.798079211196
95864,21351.543564676405
100750,15210.41120631076
85497,6597.787051214667
99469,16466.672861395047
87667,7815.114492849123
78681,49667.36655751748
106579,14887.918710440652
97388,9875.98017001397
82487,11213.071379343715
80635,21253.03294866001
96378,8831.915902075816
77827,30173.35810509773
79045,33187.5475099461
95229,18886.93483034545
95387,17377.282298982904
101754,7465.791112991803
90728,8501.944387157922
77618,29147.49565364943
79390,39877.71527917768
79449,17235.670466396114
107826,20277.61230303334
87026,12423.843112318582
77765,18790.28185927713
89691,14898.659837989657
91087,14514.488862149245
79770,28956.06958620288
79341,33669.385572858824
87532,14044.04361170539
104082,8691.139451051815
83169,6179.896682870726
107978,28323.898866823944
97466,10909.824675416174
98381,19744.58624652334
87614,11954.441056334786
84768,11624.096646757112
103605,6730.300191800119
107420,9849.537848354135
76099,45524.2698806092
81932,11363.936748926591
96233,11238.515668520306
103484,9350.033363331397
89608,14241.350285638022
91316,21096.101809937445
80424,10969.487841040724
83120,9463.260049253606
95888,23966.973934708905
103279,11938.534417978692
76800,13012.381733113372
102188,14127.457242005752
100147,5879.38406868767
107959,22527.12026482225
93341,15801.605377826576
87446,12710.65715563932
103554,8102.063430291173
83756,6523.398050263235
86353,9499.334270015015
107874,22086.521447469244
78416,16078.373335735105
100911,12786.9452328534
86514,10702.545295050902
92702,33795.5976269347
76787,19623.011477965472
98523,23956.286881501284
88972,17714.233094723175
87370,17330.824901314412
107060,9896.92203649987
108186,12778.954960065144
90126,16152.282188614796
103874,5868.061624325552
88271,10435.331077944522
81752,15310.232607175498
78089,46464.94577167823
102383,13082.34160286564
76766,32882.372716218575
86120,11824.648993214134
82871,19264.35871396649
78647,29563.340385457068
92451,15739.34969922318
91743,24125.893332152315
96582,12116.94430711255
79729,18782.607972034453
78864,26402.541727543557
94728,24316.87439392789
90355,7753.741227291895
103777,13876.94304618254
96076,5029.502504730132
79201,29219.406093809084
106707,15872.72173010948
83836,9320.014545632655
82332,33865.854850082214
106545,29079.65453989812
107268,25159.81071072204
105459,7304.815093848994
99683,14774.994658587257
98385,15513.66061660706
103402,9405.388841473798
89402,12889.73512667482
87077,6846.1080945416015
94222,23695.424353078997
89919,6889.371541736038
80585,27889.071489435963
102406,4812.529031493288
95002,14632.83458382777
78216,19346.773989658213
81346,20739.17395343996
78309,19153.02480881124
93307,20909.402524647823
87233,3414.28296324476
77093,9843.107577209714
86762,7159.794665331448
94561,15061.985139302971
76392,75586.35406787577
76895,29006.29538437533
85419,13957.52544225482
101026,13689.9110175587
102584,7461.685655879362
81381,30771.8573738382
81761,52760.91361600855
98099,9804.372575862217
91347,14513.972628405128
100024,8414.27675598201
97924,12124.682953447296
100492,11479.63741105609
93559,23774.993454611515
103175,12428.218960996248
98122,14233.185757502524
84362,9201.9415796374
77943,19675.244277586047
87275,11138.945475892566
79991,14930.505299488608
102700,10589.384005231528
79660,46228.659914670185
105465,20205.722540900428
94354,30181.5689814403
96390,8012.74358894278
88763,33320.131032285004
87219,18194.386626489068
77221,29591.895826579806
78165,11218.632324182803
95069,25651.78290963305
85157,13612.628447928751
94547,14136.649386041114
80643,16084.953592777158
97499,9583.88656481994
81957,24435.37603754648
82538,11187.694463816902
83777,30581.09059242883
87927,15856.656329243084
82916,17841.390406622544
104146,12277.626342802703
105260,8857.24682631931
85483,15585.663163021922
102412,8898.592857871525
86508,8284.014595917362
102998,11763.68990084634
94493,31911.08015069971
93422,20621.35809016817
90033,11064.047347891346
92957,24364.962026003748
96584,13509.32951143302
103170,12617.27583920374
83550,16995.646615627484
76050,12853.35377744754
99903,10214.84877863625
95255,28857.34259242243
106697,26385.17231013544
91497,31583.37521052464
97177,10054.941454627386
101863,10957.3941267605
99298,7634.763595536031
106496,5725.372979806139
98770,25243.48030220971
101801,11616.457100784402
85037,13532.221040817474
104399,18431.985061173687
83980,3889.367819326052
97825,18145.136976354974
81924,23812.70902795976
104192,9744.19157140651
87130,8898.375615936433
79364,15203.411529971212
81388,11123.278590548633
94917,17459.276205466464
102119,9456.677145239815
84135,12345.704862270157
94992,30161.927511805185
81229,20658.63122486912
79503,20173.572181112224
84540,14090.229286085983
77881,9391.5612444852
104978,1925.365615027537
107373,15750.722110515368
76208,13585.73185187304
88192,19526.13168742033
107010,48526.91140840114
93961,48909.32591803825
83957,18999.08318465269
85283,7830.892429615529
104226,6880.697007678249
79463,15498.06172616358
102587,11488.042964068069
90204,2823.690216438365
103507,11724.234806278067
94351,30407.811965083405
95181,12884.939186464511
107410,21220.02241649161
86541,19450.863965020013
106281,24063.220859344496
77315,10969.73822351261
84485,8765.422764716284
77592,11160.545173361494
104262,27084.7241837472
81260,24884.19244126958
94417,57009.33682868893
83014,14979.567891896768
78192,21201.06824764491
85838,12482.54261979166
98395,22809.514801505706
92617,20623.703949956947
107538,9343.066437251657
102588,10980.001994301205
88950,11808.103251679237
101450,9329.762731696052
96101,12904.902472004089
90567,13200.90768299884
94383,27802.629152596324
82961,3861.694374151653
96591,8127.208917431066
77890,22176.790310930483
77801,15792.400902774263
85738,9043.753640819392
88580,21278.98758527219
88914,8420.013351490605
82206,18601.721251922994
107485,14074.289949072172
105203,23943.613610177308
82256,73811.62811905966
80181,33498.43801359052
88792,8492.589634868047
92581,19968.32812595966
101272,19387.509515359583
102359,9522.474138672716
85306,9884.761929965658
106078,18503.46017397416
82442,7772.704505362903
106313,19636.668883579805
107617,11259.596882371769
89719,18951.74524078788
91358,18840.534869634157
89676,33070.82349758264
86927,17549.569245506573
76819,26748.63377553298
96646,8556.232115368224
81533,37691.913749616535
89207,13382.706286338713
90282,6823.048998219034
94908,28997.907260973763
89890,9265.274839932268
103477,13669.023259391712
76090,20157.152579931288
84810,5803.358166217759
98323,10741.928438079984
100552,12165.52341854436
104719,10964.942348173798
90016,15323.691873014774
84632,7332.806877045465
99846,7315.063334651815
92362,24964.178976339623
81315,12498.635937996063
85084,18596.98457104621
86760,9949.2751523382
80297,18365.025867019816
93420,21491.58216470201
78563,19768.84149143455
100791,12169.791073916676
89019,7173.325461381835
101709,9353.810449816472
103419,7203.37072916877
96092,14840.07798988809
89891,6812.07077184373
86562,13322.721370802228
95874,28580.59120890001
99343,12330.363726125224
87586,7970.707633407013
103112,9475.467593206617
82740,10215.272964963317
81595,33148.37652946131
77578,7588.861416188148
94090,17671.261986999496
102873,9271.335358734455
103258,13060.678894162576
107497,7770.519154487306
101861,8889.953336337505
103997,25423.74699024905
79785,16244.466369408325
90250,6718.972120078827
93233,33069.292044315975
86527,12091.298508010404
86140,6351.297516798921
104063,9086.386217681473
77734,19697.227070200133
91652,19431.373066730965
97758,9735.733623706748
95096,15871.97660115614
106186,12637.837724356614
107960,22223.30829592141
78445,21284.27308117616
91886,23716.515630086844
82711,9085.269996160485
99248,8798.912171041487
91701,16536.120553853463
88172,9861.361069261036
83916,13430.130585243436
88883,12057.932632259006
90342,14743.625147916711
102042,11130.16693696889
96563,7958.30256492925
82344,20488.38947686922
102707,13123.829159383416
101718,12432.533833024678
102705,8025.634634967077
92589,27654.11827291477
84231,12226.867242964989
83534,7937.313219298928
85768,8961.795521411974
82141,11722.071433120418
87448,13393.646846712923
79569,7150.899481921577
82261,9892.101521767148
80605,13890.702858072338
91120,10845.60107765831
92482,20969.48679751638
99998,10712.139383626149
82202,20446.40873395998
105899,15309.856967413738
93653,19372.77723921001
94333,18585.29102370548
107717,16615.279886243334
107655,9547.826680164697
86240,16042.556713567788
88745,15095.107448822184
81723,35216.40556214375
84125,15215.637976762027
89476,15520.24187412298
79059,36933.08928312968
77879,12995.111857381056
82855,13040.911159053969
108513,31671.062140209822
83646,7160.28081284817
95702,36219.2243230753
84145,10428.366453607534
107629,24924.51951198896
81843,10542.901874282596
98863,8826.364663028195
95154,27541.547902399463
93275,28576.050744152853
94003,19810.47931359182
81095,17354.73062837151
81099,11007.900013508155
105527,12747.308003694368
89596,11033.453834791648
91007,23784.682529758546
80594,15900.89471796185
82782,10809.529578054004
92721,19091.569179725077
91718,30332.669908727905
87452,11544.490109065486
78098,10352.022226189009
84123,8957.69685261877
104672,15043.38351641378
105118,10380.625574328396
84690,18574.482661899165
88986,10704.985113036211
76028,24077.201799708917
92995,19952.563745094616
76275,32564.57182384428
103315,5611.406331994842
98168,18360.42299529372
93633,14701.29428330284
90151,14885.43183911172
105269,30022.864820999297
102604,2867.569168529285
89541,7780.678835526627
105694,32068.919900471363
80405,30079.54661519938
96001,16030.450219483158
96500,7976.342739545444
95235,17412.1807621435
88367,21860.149681644303
98850,13486.612653153355
105724,22744.45308508588
86451,11873.22544924935
86426,12546.015139060011
81213,36246.029379988766
98547,18756.83665720396
86461,6507.182533827351
99294,21527.351659458363
99597,11295.03630784181
92255,10638.4360132566
90097,22039.24854769111
102302,12405.822098483311
105746,10161.035431107272
86133,24389.36906503256
94950,57004.39280912274
103666,7845.69482951754
94750,20174.256135027827
92880,25459.521641689447
82349,18556.022331516124
107337,15559.211493052791
82954,7190.971100990137
89689,17043.819515217852
99034,12241.035254655124
79873,14022.883978846425
107966,21994.550267146704
88864,11709.942208546732
97942,25377.289246669294
97481,8463.05378030319
100313,9158.539487785642
99927,6114.68813200894
87287,9512.943659585686
99134,22230.638976905717
104705,18514.58170278467
86134,20898.535237603515
93028,30321.388245807637
80161,21797.8167371212
76639,22688.03753992361
79239,21582.29876261362
94244,20297.29517219358
103815,8633.662981361036
84445,17032.56464934045
85884,8835.753598973803
103496,10744.82235224534
88620,17616.51557599843
101448,6963.627638284919
100044,7774.095833980697
98388,15387.5090091165
87610,9946.635096141525
82063,24929.19946176953
82211,38769.23269476373
91156,14993.76194085909
83323,8418.36962700231
100187,8954.291395934428
93117,23324.882757834053
82227,33270.33904305381
94263,19234.65949167731
88207,9425.140867742708
87988,17448.13731072382
104687,19297.59110281512
79791,47757.747130791904
82242,21910.27883837221
80273,13572.393155913054
81542,27584.680814323765
90361,14269.216671368198
83914,19309.73936756619
103142,10418.87003073454
80137,31475.109890634245
103580,15169.246823664997
98328,8885.132390602465
95936,33895.44988871828
95189,31393.843063824534
97806,21680.21864063213
95829,11373.543188232234
98684,21449.99512989481
92494,20009.00043145204
83016,22447.36718646739
80865,17616.815493103702
94537,17607.96905898657
86293,11871.721569064204
100087,6652.493901962163
95534,17935.359205626766
80827,28425.94928975297
80610,13628.40080260616
97472,6751.570009982212
85523,7461.382105552646
100005,7573.377133767579
96618,32123.279751610276
104893,10195.776886284337
93688,36717.59733548398
86182,12851.805130454166
105091,20275.238575546224
103031,10538.151202996098
99359,7669.717953198494
101907,16784.957120050392
82914,13568.440427120804
83990,15935.155690746313
98598,19772.7695163658
85494,9189.778450630069
82922,10279.483088055618
82854,10971.96360132653
89024,23635.52170633405
91754,29348.116194381764
102699,4337.451449091871
96887,15643.14602669952
102671,12114.328461082434
80646,22475.81661895396
88146,12249.374174617418
82969,16693.874174785225
77225,21822.51985239873
87443,7693.635232400458
91227,13643.954975221612
95731,18664.788089015507
95171,20854.263101961224
97076,18160.41561019524
98901,11126.414685263206
86013,8346.628025672953
80831,21809.90356091626
100258,9347.693646869491
103586,15080.427229217245
84553,14991.482537940188
84400,13556.597420036664
93434,54459.21465686161
86149,7351.489056239837
80336,23372.44986506111
104511,20482.204150796013
93127,24451.899317460324
86330,10904.156117817009
105082,11508.86570411146
101222,14100.593139513996
92606,22355.00444031153
90462,10424.051148616682
102123,11926.17948766914
83212,11023.070498944382
90403,14768.003832775614
79392,24852.47681234854
102630,16012.789459753792
85988,8532.838489896298
107908,20417.06116005934
80949,17716.89634271645
80517,13082.663707893564
97922,12957.01246047604
100296,8841.989830941231
93073,23444.066661923425
97137,7834.05914742985
88311,8625.39934749106
78021,16256.650300031071
81970,25380.097761934703
98957,6714.565918649869
99602,22201.134198443466
91417,12112.692410763726
89429,13927.686680898489
96535,17752.330533561035
80782,59913.92877216099
86889,19170.39848817166
79609,20795.76922502642
99497,11785.462677873064
99547,16910.199058973576
93817,3145.700037813352
91079,34470.1983587473
81962,14181.492243863757
85833,8374.551325404147
103305,8435.611148690003
94357,17716.69285249272
88736,9121.02666263716
105162,16417.87184810413
91131,22376.3002352415
84148,7100.376724375797
76377,19415.783219635843
76357,25549.435721226284
84675,15943.587171186886
83239,30430.50742017613
86317,8055.286558179494
93990,28107.20106312748
96357,9039.201741727033
89745,21258.83649990285
97141,20119.96525399873
82911,16883.360440509317
82943,7164.44804651123
96282,6426.8464621839885
105885,20769.266924836706
80131,40116.55088427554
99806,20650.562028172517
105497,25636.385214055408
106447,24915.096195944563
107746,18619.50810272436
89523,12150.329280475133
84388,15345.783941110323
78166,30520.95486661332
103685,8388.864271993762
105018,9605.659693258616
102373,4082.474307051095
76988,23415.123564161306
81097,22535.886993185653
105521,23622.374944518167
99775,12236.5232888313
99766,9456.833548166012
101346,7681.954362669169
95228,3366.540738544564
75982,23756.725319600308
107142,6084.298257645703
86109,13619.70425601638
94195,19478.80566457493
80777,34589.61065985685
92612,29267.693566980925
99383,10201.329434252231
81686,20375.10775453109
88650,10400.674682686053
95681,19321.15631538107
100071,9692.427069431837
77554,36097.98465233931
103505,4061.483935469024
93281,19454.366394119028
107444,17667.057745495513
78752,23570.00046453814
103057,13193.442729849923
100248,12658.219185348751
98489,11143.29224850644
89189,16239.359794769423
81293,14815.185612700228
83285,10070.284357625998
99459,14132.839967491142
90810,7305.931524208731
82015,15244.850993507396
96132,16635.19192136227
80808,65997.55460264617
104685,16202.593761605536
80937,20268.56285495114
103328,9196.614665599556
76512,18536.419394797693
83456,14579.268762133022
95102,37124.23644974371
79692,24307.787613717013
107807,4275.820378935811
99176,12297.391990832984
89632,10501.594547375698
85310,17942.74299900959
105676,15438.297039842168
96825,5918.200699890718
76640,10491.48629775085
99932,15894.103030108075
103568,13480.289693854476
100906,10986.68468528357
97420,14294.212481252514
86996,15739.799361067076
86948,12182.129880326303
77326,24232.48252519446
89296,14195.448789637428
83087,7999.381493364372
100477,9853.91560719079
84635,10729.829350118993
95060,29176.93626578173
79303,26964.293498270228
84026,8735.351268964394
87802,10945.635080062471
85561,11758.600957633264
95941,17858.286254420018
107662,20658.21789352077
105811,9567.19003427573
81618,15070.50689869526
95733,29869.00661035277
93613,15251.139825535694
82163,11282.54068553188
91734,29037.885752089576
87677,1731.0136057530367
89816,6922.1237652794
106327,9266.333745848588
101799,10166.79635276905
106344,7901.903725726574
97705,25312.80492125953
86976,18919.58094314236
104847,21078.031543142533
103833,6347.855123548716
103482,9522.065054723118
96532,13984.887573669508
105817,12269.200142891796
80883,15884.477305165226
77825,49284.28300925827
98673,9395.688896073932
107364,7222.265236940111
88945,6861.766580191756
108307,15410.960566117608
78078,30775.048501112084
92490,23742.41299877331
89401,11955.121863127966
81002,16060.293790820191
93285,24505.73606700345
76796,30406.81189113001
99933,2884.3638104604206
103989,8801.77047327889
77504,15824.41305282518
77187,16799.685095282897
76477,11118.92289469831
104834,10829.04172984707
90656,19721.748132588997
86161,12031.300655311934
82503,17668.543806324928
95429,31289.053466933627
86123,21856.39890321472
85549,9646.29144036507
101443,10367.202709615998
89089,10989.399996251726
101004,9453.963653527882
98976,9750.20267085734
106328,43129.15141308258
101630,4581.7796471619695
79682,13467.029746615628
107885,24799.85260398926
97206,7038.715792833908
80721,32320.87385327288
96625,27029.18363020101
87687,14847.27865300635
91458,28987.90568154412
104683,12479.64456975619
104151,10072.158201211836
108346,31595.162249695957
101262,9640.575456801907
96543,15439.670461639453
102763,8737.856383401708
81274,14191.24634515847
95280,11227.751767970722
82561,13401.701845504973
77783,16513.908683500216
95843,31477.961240018994
99776,6385.603175667705
79114,30385.581966010686
102376,13228.521035658314
101704,12712.99281047139
77297,20309.994606386368
80285,41554.96782765095
83467,5058.091052711728
101059,9702.468596509896
102229,12412.0995380302
84664,13575.054534555156
107750,21094.554001953336
102405,10079.298660483846
85553,9431.683135468753
89780,32479.264146952555
104268,9921.071605622228
102935,6969.186954366769
97898,12106.82592734202
103785,4942.955247574464
98529,22354.961792269864
93897,11550.704896579698
101766,11319.009835651308
95038,15326.658943797032
108350,20212.37239884568
103542,10132.154664839194
106061,41899.67456602992
82286,22290.07716471673
93548,33084.41242296738
89937,9866.930727047553
97650,19191.32322355189
77515,32866.83979882555
87466,15467.716290518309
87489,14379.487028291243
83029,6805.343373643605
78512,59133.95382960201
93310,24348.1512107912
99598,10375.904431082714
91341,16716.253057475667
82704,9639.606051560975
80819,4866.540833114371
82774,10433.420559678692
100367,6702.898982297238
80303,16067.42262023922
84897,11442.715959481186
81307,35209.59178327573
99687,9065.04156419847
85321,15293.382422768876
80702,12266.71690468647
103843,8831.17243430197
98898,7097.784817195723
87147,13086.674589156812
97662,8581.882672902777
97518,13404.95495784686
100217,5973.723431506328
94513,27754.99521855835
77035,13979.931186609952
103165,7735.60115369692
77140,8065.31516542973
103771,12778.171093342062
95993,22641.12165540734
83624,16263.42947726724
97945,8928.511006206783
87103,6029.523507962069
107640,11975.105838837444
99549,10727.876496729266
80464,17925.18645075906
99623,12980.371735542416
103689,12757.729319283771
97337,10765.671650343742
84308,17195.970363539083
81459,23487.05522407629
104126,31371.06877745436
97303,31303.555894703342
95139,17547.78998652927
93074,38237.64435749061
102368,9646.319893674576
78475,12287.831796242608
80333,23817.9331917708
80144,13406.44970968889
100439,7427.266190125488
108154,19590.77957430084
107137,31570.96217861597
92752,25045.08185640252
89896,10552.254504803732
90485,34995.23945184957
83159,12277.225167717306
76671,17866.691102776706
96849,13222.090961679503
93722,32410.25216214193
107787,7345.914896690869
90164,15059.947359260414
84760,14859.59283720998
90370,10169.464294949114
88117,9374.575351776855
89557,14362.02768947028
98274,2115.459128099629
97325,9214.310800349202
78887,26884.9135248424
90525,17640.6947122131
86491,25043.642591953467
81617,12310.584870915573
96123,9210.223658163191
79413,13761.772780554013
88016,12872.94987861529
104681,22709.32919973886
83330,8116.728481530374
99163,6284.046852924958
102236,7242.2719016801775
78116,19911.751256452524
81077,23109.812607580003
81046,32610.51179406632
93928,25927.148346892427
96436,9291.206847937108
93479,17435.541164216742
92021,34661.66031090478
95143,18461.855136277787
90500,13078.106254801773
78940,17097.013803245743
94861,16602.79285876042
81961,15219.993195268547
87630,10256.123009373056
101224,14027.783543851743
103357,7431.816309699996
99521,17039.53498009016
103897,16341.705322964284
76701,10647.173150207573
83560,9868.900798947096
83516,18673.478359286422
76385,15344.157351100404
87311,18274.37854134914
102065,10331.495591754016
81718,21564.95904601085
100025,14534.294075391195
93182,29807.086858255498
79240,20705.6267066852
96331,14327.621707410415
84781,13244.726668155816
100663,3480.092484646589
76390,22948.14363664175
87234,10075.534145925229
85790,23144.278100735923
91278,21939.40966957295
92254,24189.283035286237
99105,6297.9258522363225
101324,12113.776062086672
104734,10099.541390205157
103445,18962.92140715506
103323,9176.88551249575
78055,23179.226362497044
101302,13106.164570820478
103095,9875.013458454629
88134,7165.6071756664605
79346,12904.161884290424
81699,16406.28317526609
96464,22391.958514948878
86609,10298.166021944817
96737,23762.4476410258
100080,13183.52700547655
93423,22625.09128292644
79886,28754.12859718901
89452,14687.473441072289
81509,15518.927478541764
83975,13931.934209860376
81360,7899.58086160128
98089,9381.911347870197
104047,30526.631516456408
78711,18576.69818547075
81025,23847.320891248517
79973,17642.158866383113
102117,16162.77545056158
78400,54669.61968654892
87911,11492.554589096591
82806,16022.81268522916
102480,10284.87135793822
94044,15904.175834355286
76824,7108.861786444826
104095,16914.223138203797
98660,10488.086811496263
101444,10208.999153930416
92320,52144.09384867523
105141,14712.908950587647
106950,10789.09132757967
81851,29628.658367353677
100884,11027.112587208272
95196,26756.852667153707
103636,3043.539392097071
80584,16683.115301670918
92337,17600.656102372435
85513,8020.337981083127
85180,14482.972276930655
103365,11533.936069616537
85796,15968.546516142702
78462,32860.5419801635
87895,10819.983317077702
99262,11714.949070846646
83363,10295.900207012544
103800,15698.511420966628
78822,10243.498092647482
107816,25597.40786662647
90042,12063.318744768669
99022,10975.54426265481
81854,26064.52644262581
102619,13082.309597598163
80425,16498.74854454217
102306,14599.976688980028
99778,14015.448760395364
105957,23203.401406157125
102184,11784.70635043253
105195,10052.184065445075
98841,10189.629172606386
78452,34673.36920909582
98974,11494.667260997652
86430,13016.816517203057
87124,8451.137076247403
105872,21244.07430313302
108077,15875.319138353474
103608,10069.58246904542
89218,12894.65478251262
106418,18997.09908262855
94498,11471.42782109331
89269,15443.74064716483
87283,10173.23808951163
97545,11714.889330135144
85408,16188.885858711925
104594,8886.835647436055
103905,9468.627356904248
95101,24010.637693743327
83226,10766.722598646076
89257,15897.125372956612
79479,11447.60259514522
77652,20184.048071131238
96606,9773.841110503652
95504,3361.4829480936346
84103,10458.033730353103
102843,8775.446596121898
99361,8599.149644178455
91098,20135.69424572082
92937,14674.047637486348
85635,11551.6588520672
105348,12787.443376001956
96427,20942.917058148683
89473,17599.302229922087
79316,19665.321680008998
89157,23321.67833646754
92217,14320.136178163648
99761,15901.66325865524
88748,13656.677608261523
96029,24005.506551225324
92916,33241.984411761216
81210,16112.098592214606
83778,23199.73499161679
89380,11757.995824911515
103398,2188.3694245811994
92869,25002.778225568232
105278,20944.49230645465
77054,18521.61109468441
94021,21215.97925511729
85177,11190.007995610187
77904,22078.60389245416
99917,14105.980808230248
77123,26887.392032022726
95195,20643.57600347221
81922,33472.25273707523
84281,18506.00690533168
101289,14028.315159718464
108200,24575.41027203825
90235,10964.97394938086
81150,31986.02387363305
104224,16264.604496269258
90071,12498.14129057897
93187,23958.739680155053
84284,11891.064852739695
97109,7943.423201571892
102231,10666.42201361974
108093,9052.521299055374
108443,42321.03729143109
92992,13714.372446622456
80438,67684.39951581272
104913,12482.250161205751
82772,9784.04952285175
83960,12914.009161858366
83052,16049.082114118726
82939,7294.379565242532
91175,27792.51298944455
80115,25957.600434366897
99384,9177.032094916029
101540,10665.023783974695
76849,35135.18449062001
97226,12882.145269266288
97672,23154.62108995412
97579,7730.345386590626
92361,29037.35795182632
91952,44084.41390699613
79024,17343.180035328354
98048,14552.217734663656
95481,21920.258532478456
90572,9551.148678060208
91301,21424.38291102161
103209,10012.635723153307
78464,13685.785186097504
91311,28848.60085247211
105722,19304.84728138957
96211,10826.615024338
105482,14111.853248673098
80750,55584.56105453047
85880,16190.119146499306
106997,20448.004439642355
99866,22034.057826917146
107262,12721.996287862405
98814,2675.8371996310666
98650,6451.363002219091
93505,14518.854215099924
103810,14912.940334839648
92931,57314.23689045821
96126,8849.171632038826
104285,5284.344889630716
96503,13533.68232589688
76826,20718.49370219401
102531,8569.19004313231
86939,13406.60138564113
98276,9994.755117570518
89094,5548.727391996205
89376,8098.563055902282
101715,7169.335090563021
98971,8022.580040570496
98359,12854.88620372317
101520,9123.499093312594
86866,11074.83130448766
80468,17971.564911061476
84146,9239.534483970316
82628,10702.133334539303
88012,17528.98685859104
78341,15549.548089081833
104664,9547.41573882779
80753,25115.842973891093
88296,13420.478345325217
100349,10431.39762118122
95307,24392.732740023115
97982,14044.62104089096
99328,20860.841430784305
84689,6596.754783039295
86620,8091.770852807126
105565,12706.20043202199
94198,44514.86805125134
81959,7246.645641325656
92894,38361.31071161005
95163,22998.3459767194
81774,17045.162985451978
97953,7874.691918816017
83179,12746.149060653388
83316,8942.806766936892
88506,14512.2287273596
83533,9858.325098793666
84069,12597.36653862038
103724,7994.143935181402
76757,15892.597914370508
88222,16152.79190169755
77382,16121.02594049324
86702,15636.709727494032
92511,14207.474343720698
100163,13915.486143018765
78982,22521.121644123778
94043,15449.379400667873
87066,11104.592748312334
79987,30339.361334502923
83428,18497.05154044237
88886,18994.58708388086
79836,16446.47836305174
95090,23794.45862952803
77868,23713.60783169904
81415,19141.276256001256
76542,25258.415957466543
99066,10152.459559867866
98211,12169.601531436789
77789,15500.151629976715
102614,9870.008743611465
100676,8905.590380806676
95751,16236.8106029859
95684,21336.62938168323
108508,17725.673800207114
82075,17511.949109947003
78948,17092.26322750356
93337,23670.506721217866
86465,16813.38130670919
76163,22472.684135814743
101688,9664.933189147514
97445,17702.094898878408
76672,39215.22706104428
108153,26770.572553463164
92963,25145.436805434547
88441,12303.044308356835
76274,14228.917370002502
107189,9577.51832548187
79393,10848.815598540405
94684,34826.3895760057
77033,9107.381217582915
106413,19168.118245302976
90407,22222.259574470238
86730,10810.043669622486
79417,9813.721292286502
93426,32823.52046673592
86689,6434.440347170701
94562,21000.0858539919
101792,17673.727441615716
99696,11526.881832382564
84181,23039.934346622864
83652,22438.5887889352
87285,8391.047940957593
105860,5059.786263463162
80615,25225.090927519137
100040,7094.633208694481
88919,11929.987016012472
84980,11743.70664229876
83969,15678.52372454932
103616,5985.358440159711
105097,13854.84523802392
81573,29037.40724997018
85124,15836.542579806315
82995,16992.19332276104
106976,9451.281401868382
97250,17099.133818050737
91609,15530.905677402268
92582,32648.98676360918
106719,11796.444610900113
95711,21992.46189092791
81868,26622.39093842527
86650,10486.17213750785
84727,7819.913023889282
79409,10821.976270992096
90538,16239.329889967736
90346,7279.921010217866
94050,46758.14158512496
82866,9422.0116476024
93402,19968.780609702622
95803,71130.81390476522
88730,18384.69570009101
84023,16458.067421365955
85119,15561.756006362944
80528,28497.443686434064
103284,8724.148444790142
87269,8902.627656114488
80708,16648.865702925774
96853,19626.274554382155
77191,21983.7749541505
89419,15356.028260270485
106060,10889.58383824064
98372,4020.681898033825
102076,9422.323707479532
79960,28799.351862517644
97268,13295.769950414791
101849,15469.245686535303
96850,21866.860857182797
99301,7526.283309006565
81672,21302.35996855115
100709,14382.24777277524
104616,11134.773432130449
89965,8453.911157547962
93313,12359.15812659237
104340,12552.312751378246
103783,10294.454760372631
78842,31741.248615011693
87942,10917.535046475366
96790,6674.180818653089
97330,11873.778902052622
90180,14191.626501520142
78934,31535.26000461606
90145,24722.9632852169
78173,19881.94793419679
92455,31219.31327865981
81565,23550.414771686483
78530,28278.42609106882
103732,14319.57389655353
91559,22388.36455700353
100802,10784.056575789127
104472,27393.38446201438
96556,9478.024085805857
85610,9789.56305039655
81512,37427.95361694955
94005,26110.097031718276
88847,11559.083642740834
105272,20442.70672154543
88156,7052.263140468203
102245,11680.444882031908
103740,12252.851225315631
98554,2859.087281741645
82268,12161.868908359376
80472,13273.332363198078
77127,24430.1804607527
94612,14024.74152977406
91124,34305.00364728642
85847,15121.02945478652
95527,31575.32265642623
83373,16582.430327430317
86221,16820.767339057504
83131,15925.039475572708
104639,20090.50574258961
108323,43129.68130059008
95465,17509.75099380158
96905,18186.476633766688
104272,15700.644762774806
90562,16512.634006896362
81396,29344.214450753963
107589,16706.900244839417
78022,15957.985902163213
89141,25255.16851564181
87808,12998.881376809844
92344,17944.04468861197
85181,16079.685902470736
101172,6078.432746128174
107038,13917.31601411382
108214,45859.32492131423
90048,8507.69281534561
92619,22847.826646732152
106279,12714.852731537423
103918,12727.17910185052
96418,28302.290327080264
97891,12417.081362269735
90459,8038.87174409853
90230,16597.117158041936
82589,15518.07473133631
84093,8049.367870265867
84128,17146.358904974975
77775,22991.989257362355
80709,15448.97307308195
87084,15553.47115732697
78358,28193.0432601406
99051,7135.8978693840245
81732,12513.249620296345
94316,34128.73691953784
95333,27279.336142128173
84653,8085.751189550016
94200,23923.44804987166
77707,25617.44758204885
78884,9222.06284914354
87384,13520.177635423295
84311,12232.722666951488
106179,5577.182693125254
77959,48880.42462674445
101918,11961.85867661898
82519,15977.050607349827
90216,5756.585808805003
99455,8972.504690734444
78784,30174.154949732438
93016,19757.42228727464
102343,7470.395670079491
91681,24039.471238118425
94868,15261.046772606478
87562,7210.854109912393
96639,18446.3305974242
85312,19104.9281466498
103821,6837.12836564696
101157,14151.741184675451
98644,10406.45760430908
91060,20902.51698405457
87747,9314.99971285799
77903,22078.279586993223
99482,16452.5983141703
76170,17835.196365312382
83750,18022.651210942106
95288,12512.753392050769
83977,23967.71883235788
78300,22574.524155657517
80362,7711.659263737545
101315,11680.710241279305
88661,5680.110160410124
96575,25762.39378925484
87420,20747.473486265342
76175,9874.700218482098
95867,28753.21670685875
80904,33339.53977034206
106939,14366.481164864315
97892,10166.567450691498
102282,15879.964454151315
81764,18705.34457999849
103326,11978.001455311696
94064,26332.23322842812
97529,21383.22393232541
97606,6719.764823850328
89922,20076.667922539866
104023,12884.5143343911
98885,7696.050284825429
83365,13617.58221268649
81828,47686.28231945426
100521,11220.81197800184
76827,7353.299680241409
89850,9233.33230863127
90528,13824.930188739632
80710,27615.17415333148
104646,13166.651020531845
102709,10777.623169425373
93055,18893.36476093171
103701,18230.425948187127
103548,8395.418507000551
96053,8162.231582113832
77609,29951.76348624746
99637,11630.524980499464
99911,16242.683231904366
87622,13395.429155504433
95938,16218.979749056787
93648,19865.552683411664
105208,19718.207985127086
82558,24069.730762231346
89781,20722.665013932787
94210,48940.365910236855
97589,27229.92050554364
96120,14239.091054838693
79277,26938.78596089889
93852,25963.89728081212
106276,13300.910709802649
104292,21902.53189458002
103994,12423.480489920312
83967,13838.744774957966
77971,24203.00158558091
76636,28522.034148205064
105328,12338.10300630267
89518,8902.312571299935
107941,11797.359874414598
79721,27052.88764362789
96770,9735.08909142068
105293,8669.684997561511
81503,41997.15735359935
97932,12030.067601270808
101258,9299.037321264716
83499,7769.090108812923
85447,12741.27990058948
98221,9536.07681331473
105617,26428.8863087933
103224,7343.817055076803
82749,4737.793676886097
104578,17313.974911514226
77279,28919.11160761076
106045,25228.663874235597
106053,8997.544781923049
99749,15437.005734071332
102786,14878.799980001946
87467,10824.947017498584
97949,8704.969929925226
91680,25142.57684092233
86203,21037.80871192873
102078,6558.964292021293
94020,22171.80845654139
97807,12217.608075641016
86146,12149.506708059753
92130,26041.974789776526
108463,13661.914346905472
79600,23469.324267102733
89904,9430.220043907382
105696,12536.5466261222
105440,11583.228515596804
78666,25660.761485611773
87225,7172.143362855021
92285,30915.10542747172
85762,8701.6135740636
107249,7371.478584894577
86894,8059.7414037919425
86790,22746.928584739737
98272,13825.749152201166
95514,15886.959269252282
103863,12549.60586173208
85887,10718.79057014667
92171,18642.381058019928
105828,19704.866945137364
99025,6166.695106306239
77032,7664.3825566031965
96993,17966.104187076162
95599,14224.753912243352
77651,38336.82521951193
99249,7064.936244144043
82347,29242.873761076647
83547,14715.47508599082
90793,7786.426885667667
94114,4009.739804490796
98376,14639.07927454206
88356,14088.91537795556
97473,9344.549600548064
84728,14899.687321013254
99765,9701.133971532665
95147,26514.91058219684
93220,26745.67569552912
91907,29767.396089059846
100215,8591.277181648966
93841,26131.78078540931
99392,10535.314469701949
100078,10274.999008310402
98334,38698.46134517341
97491,10561.83879761305
76179,12318.991525584766
96845,18622.968642714965
99295,13776.180455630383
101419,5925.987149553914
88658,15671.611764588632
82883,21155.22646706113
76475,11452.591984327972
99742,19098.31325413994
93385,29332.59068917028
96197,7656.316111043004
103239,13777.365410871304
89746,14798.066056272752
84083,18408.30807736878
90921,39590.22151947133
81029,39729.710963619305
85735,15136.80621586542
100511,7363.546991104808
86938,10069.531887584377
106540,12101.843723550952
95088,19981.73900159072
106791,24099.97661963191
101353,5940.256984757501
90012,8103.08540404833
87810,10056.480003492834
78427,25497.297166086937
105147,23208.321687987867
99572,20662.679701498208
95461,42387.797730528575
91238,24846.352848148294
89040,21181.797230292123
106508,14421.139307872072
84365,10426.95943984204
98635,13598.607405756264
95456,31903.570584284545
82157,22452.048959982425
107710,12959.718051278953
102827,8836.102475081922
79534,24067.57316817526
81865,26128.30972936572
88639,11771.021711571466
106981,28381.81218092671
105063,9062.472969641283
89959,11414.573255758109
76364,20436.78023826306
82709,12330.953947767435
97975,7638.259267330365
81231,28774.496334578027
91395,21374.6047893638
102044,10346.691468002737
78668,15098.328101056228
78000,18872.628029722822
105797,19494.12954744796
97820,18882.49967036336
78541,18451.9081153756
83979,25687.508971875766
92189,19986.40640208049
92421,31209.72402417766
104433,15810.121515092682
94419,24022.782432313947
81249,56376.13757767094
83181,14806.005891610832
101041,4867.263178933633
84544,7101.375251461361
82304,25073.01190447701
97216,22464.65402604752
106909,24699.25146708425
88158,6711.674964034699
97244,28092.64289230812
85241,17894.3443163261
93235,26848.244000984218
84502,18104.017484501645
100273,9735.231164362103
99220,9334.776351212782
100249,7850.214302473463
98796,12004.370104127118
100226,9379.369442132873
76989,52721.735790634746
101824,14091.362596085828
104347,17371.193066841155
83602,11985.436776595594
105100,30209.409873242053
87507,8643.567821548371
105460,22050.237391548
106962,16790.032344554704
76968,18929.853086769603
102530,11157.408532986548
80270,35507.1644894362
76134,13947.123245395098
81648,19178.20138976175
82846,11284.429474054112
107094,29392.287715462444
88963,11521.974285839711
85665,16166.777828813503
83962,11449.263019002115
96200,13632.619798004878
89390,7441.481633226233
86778,8185.973130991707
87626,11467.878107187693
76994,15747.137343392778
95430,13895.761755118394
99912,9754.914030242444
79916,33850.075290678484
77558,36219.62553003331
102504,4547.333754749507
79125,17970.574881346518
90514,16317.492896208834
84199,13417.443780511116
88179,12284.880661218556
93132,33746.799769369936
103105,15752.521997562932
91760,28429.07012306472
102027,15009.6813046143
99456,10092.253596795865
97843,8449.070735392717
98592,20932.38861550417
101912,9180.025958868708
99398,8429.892860261145
78585,18013.727885218166
99870,12064.515034421886
86989,16569.481415426733
86206,9221.406432181888
84406,10066.003112185075
86226,5237.722110982728
86528,13292.569319290664
84765,14293.411602351103
86600,9674.256036948149
97750,30331.157085936266
90475,8919.649028887172
103437,7896.069424882952
106713,17286.211209122303
84811,16031.01746363138
79863,37189.0406375656
79529,17883.53705781103
87367,12251.369404052302
93885,29893.902829845392
107524,11766.94856078334
77240,26361.89339108124
100091,11274.839831966608
77872,20111.528192292877
97015,25490.486602031546
78978,18910.18799720869
95091,23278.264225133837
107650,17535.92699800215
76162,34650.530698693365
102355,13470.34960977882
101524,9506.217318610114
78720,33977.85997413962
108192,29932.840100573147
94404,14840.674230792654
100206,11582.401059445314
94915,34748.72037450615
101631,7394.960307420797
84639,11965.040599147049
108277,21708.38713469482
103453,9411.131779472718
105392,19766.94156788996
82369,10574.132231479509
104666,10028.65439701789
95742,28460.86436453208
96912,12549.582902698996
93541,25213.1830321234
82393,18023.70149284632
81024,12258.89564986242
81284,20807.79127701618
78406,20876.096314582792
99306,10012.69562453575
108130,7684.041796713163
106160,19611.500837252894
102940,15520.338782530482
76742,23357.79449154336
108025,13304.80438540858
77658,33554.77445927392
84295,11577.201497812495
91996,16298.763037994471
103468,11289.225976074758
87336,11388.155789236407
103993,25149.692735047887
90396,7807.430393328461
97935,10350.833654332007
80399,34057.427201336985
105883,10634.1693559934
92823,28140.28988815925
82238,19371.63241048702
98091,18285.910744873163
87257,12458.97709028547
87937,9861.601551184083
97548,15071.537055174034
105775,18549.34492792024
81363,34464.868011474464
76833,33560.75449688529
91768,25648.99563181342
99627,11100.5958319351
