CarID,price
89856,18163.53192328042
106581,21892.418932058674
80886,13523.308654761893
100174,16905.794243266
81376,26862.728899951908
85391,10474.32009180127
82175,14949.559864718613
95250,18230.696610028866
85071,5497.858964886969
96210,17142.203818783077
80317,24671.238380471383
92731,20561.533898148147
107704,13469.325979677731
98302,7375.751443602692
107055,22190.3864970955
94621,46275.754906084665
91709,21179.210376984127
98193,49264.3080390813
76189,18067.56411544011
86871,13423.421616402116
102917,6864.599455266958
90923,25087.556009259253
101603,12465.681437590196
94196,21260.40885810486
85174,16021.201722222213
103370,12370.413391654642
107877,15815.058307840303
79567,14807.619748196248
90091,9637.663877946132
76169,12471.171308201065
98708,11390.155001322748
107347,21233.473977753736
89583,9658.349878306879
101591,11726.150526455029
92160,16746.316903439158
99676,11667.559957671965
85354,17971.107956349206
81900,12011.414393042147
80345,22245.577355820104
78509,28037.11881084655
100872,9168.057007936504
95087,28478.662634439635
86027,16165.747513708518
89135,14662.003498677243
80557,28347.08354100529
108092,21649.550015512268
102672,16924.14467724867
83022,7771.708662097165
78398,20048.55687133238
95889,30500.432804232816
81117,48051.349029942285
93730,19129.764175925928
101380,10338.751770442523
81772,26817.57428126503
85304,11046.531393338144
86107,6493.54254617605
88696,16592.82730543531
104350,19762.78614935064
87331,12285.159540043287
85206,16893.333095238093
107445,25860.95480303031
106539,28805.287358465594
98712,21472.506604858107
96875,13373.240225468971
108464,22396.851979316976
99890,7942.547313492065
87771,17317.100302910054
79442,16809.31808862434
84170,10627.522538359783
103045,15320.198174603174
101544,3613.6545978835984
77350,10714.334835978832
89225,16569.257705387205
79565,56386.13513492062
82849,10521.335404761903
94360,19349.950608465613
103040,8853.112745310249
105101,38482.702080687835
97077,11953.907310365563
98674,13110.929657407405
93447,30059.550657610907
84951,20163.10452284752
91953,10634.866895502644
102101,8505.29324747475
92604,30814.18428655603
89010,9579.916327922081
102729,8901.718412698418
88024,9987.1783457191
104367,12304.470059523814
101230,11031.569615079368
82524,17855.900555555556
95279,48215.68704497356
106098,12150.893076719576
89749,8901.7079078884
101277,6838.315771164021
108016,27136.70716390092
81259,26828.646269119763
97434,20216.147885401628
105289,31148.959638888893
103379,9853.788418831162
78317,27620.2651473064
104166,19320.216426286668
106660,31474.485158850388
107490,12420.206067460314
90684,13835.58625673401
90032,7077.738254063187
79481,19181.211184223186
102524,9257.697375541127
100778,17314.07335521886
77810,13065.857920153929
98979,13793.775227513222
76558,17454.941296777295
94550,23310.503539682544
107246,6496.805468253969
77429,26735.70354232804
106105,13354.00666931216
105213,9769.549640211639
102747,14027.93997486773
104958,15031.37958862434
96036,16851.34725925926
92310,21818.20182804231
100837,9008.734235449741
82858,11385.191108723282
90119,10874.06045238096
77304,25298.544803511315
89011,11207.677971104966
84623,17212.48267195767
99665,22793.042717051485
100592,10089.1924935065
82623,11005.203247354495
92035,18941.992106782112
84305,10523.487612313616
92903,7102.343990740744
93398,16841.47734920634
108067,22081.882113756623
85062,8090.8291140254105
81727,35506.19186171235
95637,9765.150972222224
89690,9124.711034391536
83240,17560.489301587295
89711,8064.194226689977
96945,10023.677850529102
104924,23024.687480639725
79633,20897.72450132274
89582,4869.682192640694
98080,7536.889739417988
85992,6783.1036798941805
86712,12836.981877624168
105767,10808.00191402116
100590,8996.465473544973
104574,15408.301364598357
97246,14965.949498677239
78141,19199.48841895141
91590,25357.92384367485
80767,14660.759456950456
100344,14800.889285917789
88987,20558.650529100523
96479,18221.01014336589
90598,8513.53624350649
83880,7897.746568542569
86802,15112.602494708995
103078,16466.35256481482
84736,9399.021541005293
84196,2952.2085886243385
102062,10481.66962109187
90110,5858.9417754930255
102907,11729.128925925928
81776,30372.97118915345
102431,6535.665320827318
80442,14799.5302962963
78656,27149.266486772467
78537,36307.76022222223
102511,9851.058969576716
93612,19906.89033201057
99284,7836.378716931219
96315,16569.600118566625
94305,48505.065250601256
100636,10849.971011784517
81816,16711.0245568783
100352,15973.669296055796
101476,10512.587378205128
93392,33228.33877332853
93995,21824.180197089943
94261,31374.57162566137
89117,15765.783189153442
86506,2406.3043458115962
88456,7066.533944444443
84134,10922.703671957677
81088,12483.530485449735
103960,11008.613
84925,13300.850962962952
97306,9479.812519841273
83752,7422.295788629126
100696,5069.082906084658
76472,12952.6510031265
101128,11959.608108465609
105932,16780.350179894172
86416,11136.388825396822
79616,25338.269067460325
83395,14145.761854497361
88734,11198.861573437815
106676,17727.121927248685
102442,10392.432815675067
88761,17316.052896825397
79708,26858.079641534394
96808,18652.863954785957
103755,9947.302031385283
86273,16714.107752645505
97635,28046.64689455914
80797,28306.400746031733
108000,19121.470890211647
95126,40520.94271164023
105187,32612.276870370395
81613,19025.684178571428
103906,6091.189210798461
105729,7981.708811762312
100637,13953.83188756613
82861,7638.060337301586
107823,16676.816043891293
85274,14946.260228835981
88926,14887.186550625309
87871,10423.79835750361
97970,7072.557266714765
98044,8327.726125661378
90277,10230.630077746328
85647,12097.819358465606
107447,17401.932943019943
79418,8919.74583201058
80383,24437.69472751322
79894,19254.33404749879
105875,7156.30237974988
86032,11525.113055555557
104423,14860.396085497836
78437,13954.717015873
79480,18732.518627224625
89973,6189.938226190474
94007,28487.003796416546
93952,14988.173501322757
84548,3066.251195767196
97885,11744.817298100046
86571,9843.584188997824
77839,35887.95229569503
102201,5818.346972462724
98731,8037.937279100527
82395,17429.6481468254
76816,33454.20464562289
97956,8808.856523809525
86012,13318.980550625305
106393,21551.375457070713
81832,31815.390321308336
82787,19726.759195767187
103974,6411.191181216931
100725,12614.087091269841
86552,6985.422783183804
80174,13022.822619167864
99189,14383.44691666666
102543,12682.63125661376
98518,15203.753136243386
100334,9607.503942511192
92673,17238.29706770082
88008,13488.136154761909
105207,25554.5149023569
106462,23380.91327910052
106106,15379.123637566141
79705,22121.92316269842
108193,17162.651472222216
89668,7905.806421717177
86435,11633.590002645502
101281,11882.638099206348
104753,26535.385096921615
79004,17048.812769841265
89732,3294.8624497354485
89201,12901.98997979799
87282,14293.894414021172
101589,9693.235981481475
87352,11320.211927609424
103388,8984.089028138524
93619,17659.497069023568
101941,7251.523403439152
106533,13610.015310846566
90018,22904.576462962956
101265,15576.302964285718
104255,21783.8203036038
80093,26618.052438672446
82433,7960.998020322273
77254,14580.756289682531
106400,30067.92533056759
79847,10344.185432539683
95735,29575.30298809524
106733,20282.72540211639
76318,19271.247702889705
95966,16888.71563756614
101690,9897.087248075997
82845,16300.582399470906
96266,25232.50921127945
104175,29318.888962121215
97347,14538.195185185186
92730,48325.35021825399
84738,8802.649251322751
102596,6427.0715251322745
78356,30779.379085858563
94062,31037.67851647426
101662,7226.232932709448
81715,26964.285179894174
103046,12996.84105820106
108133,7035.542238936992
96302,13687.431649110154
83859,23342.923149470902
104815,16719.285343915348
95903,26440.59111375662
79683,11803.790527176527
88888,21087.990402116404
80529,25580.376149951902
81898,71608.03946272246
83435,9877.56173785474
80448,14349.191519841266
79241,31901.911366402117
76056,20007.87265079364
76342,16778.136214285714
98238,9240.217501322755
85878,8645.732808922558
102846,17359.796248677252
90215,4464.334792568543
79635,47679.75652116403
77561,16398.99131084656
101151,13187.376201058205
93594,27274.65986111112
78703,39910.553026094254
87596,7552.458265031264
92572,18956.561496152
90757,8183.748415464164
95881,18772.275225348727
98008,12824.371941197689
84805,9044.215956349206
100888,10503.504563492066
82504,16281.788276695528
82177,15234.901634920627
89472,24230.038871813384
82301,16308.592238455993
106483,8695.835673280424
79808,13066.098572686573
83412,16775.07582539682
89386,17340.862955026452
89889,19883.535716931212
108249,16582.42615873016
98252,8909.579876623377
83525,9748.164918350172
102595,9963.962571067821
94255,10517.551282106788
91259,28598.201744709004
99539,6893.662639730638
97379,24752.129274891773
104452,25284.882917989416
88479,11406.193393819136
95424,35077.741257816255
94732,42102.87988756612
89025,10339.908682539686
89497,40132.60071993747
92405,15357.852034391533
95346,15913.699169312164
91337,17410.721103174612
97739,13207.105569143823
81087,13307.647428571436
80661,9961.576766594515
105537,12719.742761904761
81073,28390.78641582492
102770,9758.35831048581
99299,9786.75671091871
77528,20100.478951058194
95278,30697.87600072151
106536,16778.846816137586
79421,14989.751645502647
105026,23551.3713493266
97887,11209.463794853295
106163,16362.419988215497
103242,11374.865042328047
103098,8392.40311375661
76195,15875.558412698409
103418,12116.76873809524
102091,12380.67656746031
102341,7663.4490436507995
100315,21585.07278787879
100377,7540.139512413512
78857,20707.69699206349
93748,27930.626505291017
107891,9724.55207828283
77063,27670.17797667147
86916,9062.815309523801
108347,9928.592801587301
94475,18383.67732154882
100383,12257.156267917275
80618,36731.82794444446
98926,10157.947394210656
77228,17223.200256613745
106915,14554.464847883597
92594,12246.073914862913
80745,32434.755601731613
78361,13012.623777777775
95725,27056.2454378307
105171,7633.826692039442
87007,9997.219608465608
104121,15099.516421717175
92877,15496.210421957678
108335,45947.93489814814
101357,14057.421093915344
89325,9953.146140211637
103144,8366.236542355788
101413,7447.416699254452
85182,10922.480865765856
84097,17545.796179653684
101970,5753.702849927851
98315,5289.337362433865
89048,10808.613002490241
106141,11126.209559042814
87105,16950.682525132273
88472,16697.39815223665
93361,15657.335762746514
87040,8739.222212962964
99831,11853.710390211638
95677,14461.673726671475
89770,6919.484842833096
77371,27922.750651755658
107143,18121.906535834532
100271,11940.049328042325
83905,11705.05914598997
101531,13846.560439374442
90617,8274.75354112554
83895,19486.425501563255
89453,14094.467846153848
106012,21189.592211640207
76381,21405.55730303031
106986,18436.963198653193
84143,12854.753615800868
91665,40284.135518398274
81350,13758.111321308317
80422,14681.135549783552
84794,6338.793423280422
81156,30286.919583333332
77082,35057.78951455025
97356,9612.136918470416
82730,17984.33222077923
99244,10305.301448412692
85538,15422.730227513222
101585,10979.583101425156
90288,9010.492060846562
98799,2961.8509807322293
93547,21433.207785714294
85142,9984.643052845311
82012,32487.131226190482
89654,16612.976169312173
102304,13290.466595238091
79288,45251.524149470875
77400,11301.081858706106
98597,5953.990370250116
103156,8884.715887566139
95446,27639.38838492063
97036,9238.998974867729
101401,8470.532133116883
80817,10306.927910654162
84078,6923.5283716931235
95390,27173.149138888875
79883,21632.124089947087
104059,12896.713629629627
103041,11428.425667628664
81651,15115.528705026449
100432,10860.164101851846
84933,17610.276678571427
81600,19760.669504569498
78379,8218.046537647537
90816,7594.338491943241
107414,9625.757449032448
105633,20330.12394179894
99508,7458.312223905728
100874,7778.316964405964
104208,16832.279968133716
84774,13577.909715007212
96518,10395.307460317461
91543,23735.620552429056
107146,19765.11155387205
94426,20281.362349206353
99059,9079.72309656085
96640,7888.172656565658
81277,9802.029943963444
102409,11695.810301587302
104800,15594.286607142854
107498,18328.415873015885
90942,43624.41162722461
80202,23078.147724867737
76794,16538.414015271763
88973,14285.013554834057
91958,59170.24928642653
80562,20340.29198075998
103486,7564.737632154883
95237,15449.803258658008
105569,16810.999665510422
106560,26410.84182936507
107977,13042.180288359792
90076,18770.212903078398
93050,16748.136496031737
80609,27877.319133597888
88557,15368.874490379992
90894,18963.375947089946
83669,7660.6258354978345
78849,18458.68864069265
101275,7601.281949013946
91858,7392.408284391538
96243,14660.976988696484
106227,25394.720071789307
105300,16363.536638047137
93065,39785.439646825405
78002,12177.512440476186
82500,13841.754437710442
78204,9042.229936507938
107851,8894.18537123062
86217,7258.980863395864
82662,7527.545889295888
93324,35409.0053715914
79680,12253.166504477007
104920,23160.832174001913
96735,12343.643373977879
89992,7773.677122386875
106961,24844.97615404966
80078,16450.63059259259
101429,10191.918718253966
95551,19674.52722462721
79937,57358.00947089948
80680,20057.394145502643
99448,11819.218300986051
93909,32447.72839947088
96888,8806.376059523809
104584,12861.63849939875
107289,20823.441464285723
84126,15744.264800264544
101282,10339.31528081195
92474,22194.51848544973
88871,15946.853969576725
107177,17964.444492664737
106026,16485.107239417994
96937,12126.851271164025
83543,6746.367648100608
81094,18753.280145502653
77503,20987.26357671958
85351,6297.054265752765
96000,13080.739628186628
87374,16033.815966931219
86394,19946.538203703705
108364,11877.739859501602
91441,30050.32804629629
97039,17917.133205128204
106685,11149.101099206351
95631,16381.36624052799
101883,8577.157642209639
78238,11139.03985185185
97508,7896.295478835979
98441,12285.45461940837
80066,28007.712153439163
79095,47111.96650793649
80007,13722.009577690827
100219,8845.964759259257
82511,9780.2704496337
89270,15201.441466690714
88713,10064.101343915347
100353,10022.4175
102841,4560.024888888888
90117,13246.861674603177
81549,48342.479635401614
82350,30184.35257275132
76546,34141.49840079365
81013,19176.186109788356
91240,17137.390797619053
91542,20794.649109788355
104518,13356.557407046663
93537,40992.6261648629
94372,24792.484002645502
104419,20602.482870129865
97636,14124.615687765929
96288,20850.857897232407
78717,10738.328821669065
105610,21944.60773809524
97754,16922.586289682535
81458,12826.317657287163
86931,18156.398880952387
90713,21957.660091750848
90909,29888.50277886002
77251,40574.17238756613
95081,11516.181511904764
95560,14241.864921957676
93288,20234.70249735451
105036,13127.819475811224
108490,10393.538373015872
96935,22961.709632275106
89373,13595.355554232807
98010,8862.404911976912
104699,22699.956988095244
86692,7864.396358465613
85024,8022.166644660897
79086,31702.869420394414
89939,12586.140568783074
79098,19126.619552910055
86141,17454.50875529101
105462,29860.788117724882
92870,32931.92864947091
92163,24706.2150453343
87481,16086.571819504568
83276,9843.145804232809
79356,24018.625170634914
103602,12173.527844396345
88460,10192.886681387612
100934,8215.310218253966
96659,6413.642678571429
83204,9034.36943467643
104621,19224.57928439154
84110,12259.185660533909
99265,12484.218370370367
79574,14157.852205387206
78186,10548.92712169312
87005,14168.457000000002
104043,14120.149400312652
81574,31792.889804232793
104091,10991.51387337662
77759,23560.128735810486
78181,10740.278839947088
96169,11179.799237373738
98267,18685.007388888887
97837,12847.574482804235
80133,17366.11993386244
98571,10002.00148809524
88628,20696.346166666674
78622,15009.114170514671
88678,10711.083395502645
87278,16224.292878306867
86963,9949.497411166809
100350,6901.377787037034
78771,20084.338177248672
95935,18969.072736411727
107590,13376.118288563282
84458,13737.05320767196
85656,8853.994653439151
81611,4007.2258926166455
92638,22951.576960437713
87478,7798.323222222224
98407,3211.0763567821077
95581,9096.204096560845
100645,12005.98881325157
97184,6740.0320806878335
84473,14520.502440476188
88951,7690.167321428573
100836,10500.639962842712
91338,69913.28630687835
94112,14666.498394179893
89882,17784.539904761903
97097,9633.266424603173
99151,10880.722101851856
99607,9283.283568783076
78931,19095.990199735443
97805,7894.517375968218
97477,13098.801581289077
87819,17744.198758038267
76361,19491.994940476197
99201,29052.1166646224
103410,12023.650348364594
108436,17148.864378306873
105558,19721.717858104857
88025,7915.707300264555
101944,8310.148121693119
80786,23007.786349206366
84001,14541.973210798466
78304,21698.782413059154
100501,15513.322845598841
99693,7785.660948412701
94557,19035.76952248678
82152,22546.151026455038
92039,36889.541661375646
83177,15522.884984126982
90726,8690.269520683025
82879,14828.585727873982
87378,15037.396410654166
91699,15127.885311327562
85500,18613.42660699484
97050,11667.052777777782
88754,7241.09884607985
79069,34763.65665079365
89329,17345.69171957672
102605,10817.313739658488
93090,18606.301632275135
108403,16215.02098689274
91391,19283.312949494928
80964,25926.0126619769
89444,19114.56781673881
84092,12628.434316137567
100617,10031.597865319864
107962,19071.19351455027
106640,7287.978617484363
95123,12385.88351539202
99114,5933.062043650793
94461,21561.446145743153
88654,15331.942132275133
80421,22072.939533068777
78113,19443.94840211639
100558,7308.108428811934
78873,26741.588368807126
85480,10463.777546897547
103902,10179.621019841268
104816,20194.464272486774
89039,14480.93520743146
95169,16291.568019240018
93971,20335.334223544978
84450,19761.7918373016
80824,30759.40858711659
92545,15162.381123015872
89226,6468.303878306876
93873,19981.79889646465
85871,17022.22189285713
86343,10606.011999759501
93634,34930.980337301575
106942,10379.402410293416
82535,10713.074914021166
92259,19819.672824592075
88794,13369.119296777297
77385,36210.08486099085
76996,5250.6838796296315
102708,8835.932163179414
81359,14717.486887566143
90486,3677.01690079365
100200,8120.277009259259
87970,13918.649309523807
107512,11055.656965608465
79078,27641.17925372776
108477,15323.84453306877
80312,31308.94748051947
82208,8740.578835497838
100695,12409.802242303991
99506,9189.212350529104
85773,15175.993783068774
101887,13338.222781866296
90129,10857.104526575278
84730,9324.435534872538
107601,22983.001604497367
89592,6414.767341149592
84844,13098.645415343917
96938,13975.829128306881
84981,15752.053283068786
100698,14125.284847883595
103306,15099.742929533428
107175,25261.36146332372
95411,31182.500548701304
101169,14852.053156084658
99407,18040.66627789803
78248,13843.761830687832
79031,18041.366134920634
91040,20167.900293650782
76464,12019.00125901876
102813,8051.6982658730185
86811,21215.425834656082
81191,26630.251806961543
78202,31575.638125661364
82471,12500.261651635406
103920,10972.580102212609
79904,25612.357086940836
95670,27815.05452513228
89931,10150.980957671956
92605,38680.52257215007
85695,20163.59032551707
98750,9691.917122237786
101284,10725.278667989423
91932,19064.319079365072
98623,10475.12418686869
82499,10930.013784511786
93193,25068.016276455033
106110,14824.033869047606
78500,26804.16232275132
89447,16561.785713443973
103373,18360.84223809524
87872,9438.333176332928
99425,13852.594824074076
96552,6243.071066137567
105787,11550.387386243383
82567,12549.563938626194
102894,7300.406387566139
77641,13830.885537037031
100827,12316.904151265398
97712,14763.058111111106
95197,32452.670239898984
102993,12040.757824074077
94855,32990.530505291
81534,17822.650607623844
95133,13754.54675228475
107468,6188.482450336704
86402,13137.848721741215
102666,11418.700682539691
92984,21956.60240115441
93891,11644.75668518518
94312,16052.1948042328
91959,43317.36389550266
91802,27864.30782142857
108175,18341.102966931216
78293,30880.46661147188
104991,8772.912301106302
104302,9839.75598051948
79807,15365.25356878307
87167,14364.028755651756
78620,21901.99441871092
81174,26714.024814814806
83125,8153.5505791245805
103123,10980.175703222705
94065,19706.712673280428
78480,16706.26656216932
98280,9100.56341534392
83415,7897.670582611836
92297,82748.02555555558
100221,10926.853295334293
78829,16146.62416510341
93418,20573.46183597884
83424,10991.581316222813
101749,6553.287376984129
103456,9141.314098965853
88503,10833.201368205868
84931,16744.597281024526
107552,21748.863886844632
108037,12113.8459973545
94539,20942.35394961519
83697,7391.365152597403
87455,17155.223243386237
103044,7537.881041005298
104852,22304.04466931217
93437,39311.962406204904
92885,22643.182445767194
80922,18625.997542568548
102886,8448.557637566139
104586,15825.614398989892
81164,13244.279063492066
106074,16553.601462250714
87617,16943.408847883587
84513,13865.69138227514
96743,13194.435346459093
81209,12475.259976190477
95463,13406.915630471372
95457,18528.372429894174
101606,12117.282598484848
97485,30200.950794131782
91916,24566.48745146872
91629,44818.46740608468
84215,14337.362891534396
108190,10116.231351851857
88314,19724.82794841271
104526,16767.46919300143
82467,10734.519753848
91827,31160.166119288115
77885,59129.92347991823
83459,8628.661842592592
98375,18527.312580928323
101233,10635.715382275137
97186,9945.893006613755
95520,19075.529617724867
95216,41512.06804232806
100878,5093.046349206344
80031,28018.697349206344
106134,26352.5942989418
103526,7959.039629629633
104018,44687.00233585863
83920,9881.961166268919
88245,9669.753450336702
86248,8408.727246031745
86315,12836.080662337663
108157,30829.96545105821
102814,9836.872791717544
84371,11903.926017316016
95270,14251.969014652012
107670,19511.281423280427
78745,14042.22941137566
88772,12289.783541125536
82335,18302.615494708996
100049,9402.236751322753
84953,7130.7357837717855
98948,18506.373932539685
95952,32644.682395502652
93638,23400.470997474724
91164,33666.79093253966
87627,19676.956162698407
89209,15086.8591021571
94140,18665.12583237132
86567,9763.055100630847
81451,19558.287674603172
94658,26423.462197089953
103969,9491.11906673882
90158,14726.867694203947
107712,13509.245923280425
102518,11730.90230988456
91367,28714.62289405965
78764,16064.546055435296
87411,13937.932455507455
80790,28252.19838912939
97848,16449.150876984117
97985,6326.987630832131
99323,6462.154074194325
96854,11790.2343531746
103917,6452.513836339589
86223,7698.308777777781
101812,9154.12646279229
102098,10187.129166666671
93414,11535.318041005294
86794,9937.524503968254
81508,29239.02166967292
105781,19143.5281931217
103758,9105.807280784034
100877,13240.466019841266
83075,16348.037264550263
100303,12908.567847162094
85269,15277.562562169305
95693,18454.761497558004
85891,15359.075379629636
85991,9521.04967760943
89378,12585.900545574787
79718,11235.49665343915
96415,11201.468493284492
87510,10771.647633116887
95579,15320.170359788362
96453,13011.854317460307
80182,29517.628491582487
103363,11850.816346681097
76430,21171.053451058197
86302,8200.476177128432
78876,12398.299731000474
106740,11973.134927248684
101855,12942.41542857143
78987,26735.138376984123
100155,15421.779410052917
76069,29454.58445827321
79889,19001.542428571425
104035,20031.910067460318
102533,7724.643815055316
85374,13420.529779461282
82210,28431.936283068757
81145,13007.823418109669
99738,13763.973965959969
98201,33054.95203860029
88630,8569.76947991823
94084,22620.402050264558
79771,22540.458608585846
91057,40702.79657010581
92492,17528.47200853775
103600,15606.532928330924
105315,31117.938526094276
106151,19181.55855952382
87426,6476.69132142857
85249,10540.097433103934
77379,7383.350239417988
76190,11806.168157407405
89820,31441.56280423281
92650,27349.231903198637
82906,17380.210675204424
104766,16771.59482768158
104673,17901.941953703692
103734,6339.485736772487
87652,12677.782626743627
107399,15622.971390415136
97222,17877.92973412697
100614,8920.213222943727
95807,31723.927149470903
88084,12915.750601851847
97997,15002.382316979316
83321,15115.63211363636
83002,13822.894071428564
103995,9622.76578835979
102305,7224.351430063942
97774,23179.766539923054
87737,12467.199294973545
102191,15697.886105820107
78470,20305.97202737077
81787,21996.98611544012
90975,35547.239234126995
76598,20575.580640211643
88308,10490.911642220892
105997,13418.938880952379
97095,20119.770424001927
100555,9018.823694444449
106628,22976.16470021643
84638,6015.093269119769
106752,22656.649977513232
88072,15988.600985449739
86734,11178.96715740741
105842,22835.186321308327
102037,16181.346161375657
96623,11577.549689153444
80943,12605.239555555549
107882,10265.441450956452
96069,9456.690175925929
86796,17973.728246031744
83234,14230.811653439157
85044,11814.774750360753
76183,29068.672730611986
102124,8969.472406084653
105963,11951.115859076113
108127,12574.272448412696
76435,60032.32214502168
89809,24642.316353174596
98129,11726.812261544017
95632,25456.28109066858
77264,20581.210206349202
102849,6039.399084656084
106860,13773.914089947093
90177,10268.775507936512
104336,12768.100993386237
91068,18654.916552503055
85416,9631.209428330932
92720,18459.984457671966
105257,10378.102179773929
94524,14930.235259620007
87069,13774.559465488217
79026,16168.256191798939
100533,10704.125708654874
107396,7507.790423280426
77220,11812.42311568987
76863,11279.310778138532
89441,8970.091686359941
86301,18308.62555291005
82808,16921.590706349194
106681,13082.774443121696
100673,11909.166178691681
87115,9763.375482683992
84819,9903.988108669111
99889,12115.306464285712
100435,7423.521084656085
91329,17620.375561447807
105897,10937.50920502646
94788,20994.87694179896
96403,17634.528026455027
105780,25269.578683381427
81290,21123.355662698403
91689,17898.552845238097
93660,46948.41268350166
84018,15047.560742979242
79166,18938.98533381433
99850,13340.805242063494
89900,15270.676661375668
76628,22094.493003006253
99136,10726.38346560847
89388,13382.090244949492
86441,16098.81931613757
100362,7418.541886363638
99493,10382.677539232298
108082,13785.697216570463
94759,24693.863343915342
91954,24872.34726154401
90378,15945.251775132276
86126,20431.70792267917
92990,20990.989168470423
80507,19110.887220899465
105394,26914.876371693113
80679,11278.3947063492
94014,29770.884109788374
78092,29078.18824699374
92725,10629.979633597884
104609,5994.532278980282
89940,19643.4413044733
84337,15774.629820105825
80392,19280.713366642613
90992,47549.2790674603
88342,9964.164504208755
83193,8262.200150072147
83080,26255.851060004818
87197,16358.213052910049
106043,9020.639484247233
81316,12908.928596560849
105197,38577.11080687832
86103,11382.006396945648
107819,48672.4822367725
94911,16924.110083333326
76597,34627.28229629628
96614,8645.78571296296
102197,6772.622636604136
104617,6496.355652791652
101445,9356.469498196253
94521,56950.792064213565
107290,17187.134230158736
93099,24464.40642724868
82179,41101.96757142856
96268,27016.6997579365
83202,15641.603729437229
101568,7045.393560846556
89145,7968.020128476643
82718,7145.789015151516
84595,16825.610665343916
86633,12270.400104617609
91925,30162.092865079376
100357,7685.119658850414
93684,16688.84786111111
106465,44534.71346164021
84631,16932.215748677256
97796,10411.790400793645
82836,11804.734044973542
81314,58360.27420839346
96868,19869.067126262627
94329,19060.63608862433
85728,6881.585563732565
78259,16137.479370370374
107084,20187.259683862427
96134,8496.155638648386
81583,28395.825238095236
104264,17856.058161375655
86202,9712.171465007217
102867,8120.604493867244
83461,12611.286462361715
77589,15149.747453703712
94394,16315.580039682547
87588,10131.49183483184
98769,12937.671113636363
76735,21505.901641293898
105592,12692.097318783071
95260,18643.390816137566
82699,8067.3152962963
95827,27703.275276455024
89294,10466.420408730157
90853,14182.968140452143
86522,9911.116175925921
80958,28211.545870490627
94038,30731.02526058202
88512,8115.658908008655
80219,10683.744468734965
86063,2954.5146693121687
87724,7696.520062169313
88835,14822.256518518509
105687,15648.399301587302
83567,11360.922900793656
106584,22018.01983221408
98492,6694.785124338627
94494,18250.473460317462
89061,6355.365883534355
103125,12013.189922077921
103883,11995.817448893697
80430,10392.541265873015
95544,30365.228519841265
105136,54475.48347486772
105560,8511.755013246015
108397,21988.45486592112
82236,44253.860716625946
89477,15657.923755290998
98106,6590.698510887263
85996,6287.853219576721
103439,13744.475484728226
90831,7564.936862073112
100746,13396.392612433863
81518,11217.564648268395
98610,9717.337570890983
100644,15216.680886243386
105486,14356.905838624329
79765,15831.893932539688
107609,10345.294576238573
85407,13610.795638888889
81527,23357.961433760684
80955,34937.64523677251
79400,22103.956278499278
101238,9479.513088624339
87024,18515.78558068782
88662,9949.880099326598
107983,21399.669842472336
93662,28504.252686988923
81557,27798.745029100537
94520,16398.81625396825
97010,14424.689354497346
77628,33838.89447751322
89561,14263.004382635885
104218,15779.937046055791
99839,9094.45913035113
87279,11475.372473785463
93760,19298.34953622303
89551,7470.379581168832
82714,17100.462763708503
98166,19455.966502525254
83812,10434.035326238572
102617,6860.444418650793
76869,16897.168341269844
103735,17295.960090668577
94201,22065.76006349206
107893,17290.079270681905
78651,13092.200410052918
85246,14594.431657407406
81194,25747.932736818733
81133,32562.606116402112
95611,33424.45772222224
93004,17055.90003138527
81826,43639.75246392497
100157,12969.692992063494
103768,12688.880601851848
93350,16990.99826743626
76901,22450.588879268875
88742,11091.014974231466
102866,11160.131805555558
76438,27696.37524603173
86105,10025.040938672435
107506,24414.277849927847
108520,8371.90104232804
106613,10692.000140211643
94164,42969.8680436508
100964,10713.49823015873
92769,12464.631952380938
82221,10750.47462866762
98686,24937.417657916165
79762,21090.192634920644
84645,19058.668534391538
107656,18044.733657407414
97538,15339.584666907167
99552,27309.43724074074
102157,10429.934272098271
80935,10644.852154761897
100578,12058.56666005291
94686,25048.491205026457
93268,61330.457256733986
91842,23363.637365560375
95609,35155.122575396825
91576,20899.86220370371
93139,44405.52221296296
101030,7979.6869090909095
80172,41436.17804365081
106262,15772.253174603184
101562,9596.314562169307
102273,2549.2082195767184
87102,5133.751353655606
78491,17411.947094757103
90631,7710.067890211641
94672,20721.493350529105
77261,54492.19514417989
80434,20131.09257895808
86840,8694.826883838388
95011,25327.9553553391
90870,12077.235383597883
97999,10221.30969708995
77016,46559.04967592591
96931,17920.358394420386
85215,8604.468712962967
105268,16837.54583309283
99519,6444.072670940171
104056,18125.345575396823
91117,56120.48326779705
107099,22275.632305555562
80475,11391.664930735931
76216,35991.89729629631
93207,27415.303747354486
105166,9829.098439273688
107209,17955.19123544974
100109,9316.749260582017
87232,13982.45376298702
102624,12040.576064935065
81948,9180.425690115435
93625,44905.95603138529
90334,9464.215616402122
79878,14245.073300264556
105653,19682.42092460318
108014,12935.029931818173
105491,22125.95026058203
87064,14049.848503968262
106773,18503.742246512757
93489,12771.209424603174
89490,21847.78604365079
100771,13670.273713083207
100803,12178.027622895626
92144,16168.993965608459
88632,10946.213031746034
78778,17830.22567881193
99308,11052.019997474741
77161,14127.24660233286
97501,8732.744686507936
100933,10594.359759259261
77489,27037.357333333333
84309,10940.19218530544
108040,7301.2133357383345
97159,17830.7635055315
95779,15678.244627705642
89650,14675.546887159137
80999,7304.215484968736
91887,22163.45630687831
79753,30783.138446007695
84669,14182.671715608469
76401,14585.152454064457
90299,21413.76203056202
80820,12433.76972294371
80744,33876.95972354496
96151,9001.380551587303
101368,10085.896105820097
106886,25188.338337061094
90590,14448.305404280909
102988,12193.793414021164
96155,15194.064469937472
98069,22668.39289021165
99349,21973.061452380945
105341,7192.963909451657
97054,11839.987763708516
80210,25666.657546583046
105334,13598.047607263108
88495,19577.31711701262
101578,16217.50792267917
103240,7469.947402236652
84979,10601.78749010448
88799,14300.047880952383
83073,8397.181445767199
107288,10349.670082010585
102097,10779.511911907508
99042,9814.01544004416
87242,13435.802709836458
77310,24358.836115921116
87982,18806.409720899468
95506,13882.581978835975
106574,17565.688428330923
80962,47443.70383730158
102168,6776.740470899471
102528,6148.877679894184
99307,13009.460530543533
89354,12946.66716305916
96717,9770.819457792213
99267,19505.52674458874
84588,9585.34062827913
88920,8088.626419312165
101122,13641.230472222229
100916,9559.129567340062
90206,13615.240863136862
100314,10110.894423280419
91528,37382.64914550265
82508,8167.469763347772
77095,48884.51528968254
105943,10628.230822270318
92610,26063.159554232807
76706,19271.577545214048
101753,8409.80258994709
97020,13588.003003006252
103582,10290.760997594998
89559,15925.05033862433
91293,8810.387488095244
76698,30650.084573750333
105365,25375.482100168338
102755,12824.806862674366
82363,16194.577283068787
94314,20283.802894179888
92463,20539.650129629623
107566,11893.02466366041
99251,13182.595816711071
108140,30870.89004761905
99394,10301.594637566144
107849,21026.793871693113
85021,11260.328993386245
98878,11885.879481481472
80258,7877.783879629633
85751,15245.13366798941
77932,14044.710104497364
92120,13677.586455146697
84462,16154.115857142859
104744,13835.189925925919
78174,11835.624878306879
76239,28723.233570105825
99098,21435.794177248674
78068,20153.2920959596
80129,15601.654578042328
92276,25492.800612794606
84297,18553.133875060113
99082,13234.432541005292
103218,12352.404396344395
100512,8073.337096390167
100481,7418.345674603173
77761,15567.630492544487
90764,7394.21120238095
103431,10166.636985449737
96133,18851.83036904764
80377,25664.434464165464
93811,10630.949218374215
99125,12683.657561327556
92377,30640.03873280422
84221,12183.878772967775
87280,13005.943741221736
91188,22333.68650661376
83645,10427.288337301587
105967,8311.462523809523
89389,10087.652277176527
78866,18215.666565295807
82761,16218.778406084655
95049,21878.527408249167
80729,6451.695521164023
76702,29512.645417508415
93554,14192.764265993268
98932,24445.81103860029
91264,25683.757710918708
86993,12266.573968253964
102784,9937.696946817803
79105,21593.40211111111
102943,13318.187754088513
77065,23535.037623015876
104740,14706.512780303035
95500,15687.77240873017
95345,14536.194234940984
103581,11141.823711640207
86417,17155.95460930736
87299,10658.994355098605
101375,12496.551397306392
97640,32984.76808333336
99560,7922.023822631074
105849,19771.18965211639
95701,25110.256829365073
89124,11437.750996272243
78589,17986.807719817218
86742,10277.964817821072
84620,11756.77119879062
91165,30476.263838624327
88463,9086.674277296781
87571,7587.43626587302
104773,21308.34310341509
83370,9559.591602573353
105599,11253.057946969697
104275,19263.203103174597
87908,17591.37870370371
92637,9335.952051587303
101747,19651.69746909571
99271,7843.405641534394
77493,32641.828127104374
100122,6566.76717989418
96424,13414.178195767197
103113,4994.373198412696
107985,27194.479486772485
103634,9352.30126984127
93302,28429.521020081775
93877,15016.488511904772
98121,8482.412760582014
91191,14481.94875661375
99106,20608.05505796056
83151,16217.499744588738
87913,5294.859750360751
105517,13349.141054593547
99452,22952.896701058213
95017,28384.741404761913
98803,11311.634770442515
95625,30870.579141173654
76846,17713.378995430496
101791,11593.432440716693
79911,17603.64485185185
98545,12142.87691426166
106811,11090.397861111107
78007,37004.02521825395
97259,16942.795026455027
96999,8506.954513227513
101969,6448.97280856181
107018,32008.452455026465
76246,29173.83203342955
77303,10516.26233730159
103674,7527.344506302521
100794,14224.164117003369
84367,27273.431190476196
101652,16914.59677236652
95111,19407.167919312164
96965,8562.381051587303
76396,10948.607624338627
80269,21507.043606634106
87328,6850.534678691681
85984,16336.298597162098
80193,25186.6608112258
98525,6673.300232878236
77460,30110.445625661374
85424,18312.74501190476
77271,20142.504913540153
104786,27993.77895767195
103727,9568.347420634927
91819,26870.535904761906
107028,20375.68861604136
94966,20267.449382275146
78126,15437.764710317459
86200,17533.871917785917
100317,6648.746387085141
88403,17785.319193121686
102036,8179.201336580082
78858,25558.097576960063
85122,12213.638846560852
107516,13340.86222222222
103432,9437.586317821066
97354,8101.406279341035
100218,13993.182716931216
92759,15297.686510582016
107648,41349.9442637085
97107,20107.47048148149
90871,12947.842240860986
78611,38416.65503703701
107537,12021.717511904762
84840,11400.815229677733
79802,23324.71777116402
96763,3981.153068783069
93033,19207.41183597884
76969,32296.276462962982
106154,10051.627365079365
105965,10156.89505772006
83644,23291.189657407405
83889,11158.920216931225
88026,9541.900320947578
81652,29184.174055074553
77312,18465.017320105817
102749,10798.045396705149
84444,17118.537268518525
81496,17719.739271043774
107471,13664.58052513228
84265,3380.5672873700364
92346,39627.11265620493
87248,8753.131751322753
94931,14355.28271224146
93712,26582.292455988463
80162,24694.84989641841
79351,24552.190461640217
85734,2316.689626984127
106372,11989.270129148632
96106,9678.635182659937
96702,21625.732744708985
76823,11005.631359307361
102214,6249.058145622893
81128,19405.48598280423
88320,13645.819284391542
83531,7623.989871535877
104506,21052.69252717652
84074,6499.4104126706625
104709,24637.62345238096
85626,11100.493142857145
98427,9472.846658730157
78699,31158.071772486765
94756,24701.806645502642
101283,8253.959366231436
82397,21575.880072089964
77954,30075.83323412697
81630,25583.433232804236
87025,14563.336001082253
81189,16893.850226190476
107048,26082.015920634924
99510,5448.861673724426
85462,21547.83946596922
99442,7068.659458994712
85541,3574.336388047141
81635,34772.26706084658
83983,12238.355509620007
96161,9910.734944684951
90359,12650.582450651194
86597,7648.523194684941
77633,12338.58293013469
80552,33424.167516354
87749,23028.482467051475
88246,10996.884006854261
100434,10152.632059644058
102049,12051.02181878307
84649,9641.268101731603
80783,18326.17796693121
102021,7930.581783309281
107760,16040.110839466073
98095,6607.19495634921
103474,8767.435368566614
101486,14756.776355699843
78334,36639.47091293893
97026,12603.659105820103
87049,14036.21380555555
94207,24420.599482563717
90080,6789.830545685796
82025,17540.250371813363
94478,21908.412138888885
90501,7859.4011628186645
86699,9810.480154761904
91557,29528.92248593073
105343,11446.232097883603
80034,29530.955390211642
84220,14176.52816931216
79498,23360.92718121694
96294,26704.725033068786
107974,7287.682052188553
80316,12608.750227753728
99928,7589.315234968738
91851,10150.339689393935
87827,9533.78452248677
98130,15135.34125132275
96139,17695.000739658484
93176,32359.382788359784
90903,30615.55197739299
77200,20810.63702910053
95858,19673.098280423284
77764,6527.593613395866
93978,39057.366760582016
78852,12981.119087301586
82121,15361.929134920634
91653,26369.308033068766
88882,10047.051041005287
107327,7012.257995791246
86583,9879.204571308319
90101,14639.58553703703
90893,18225.215238095243
93813,21264.974443843177
79215,15790.230224506977
96480,11224.783105820103
78841,33994.5053380231
101519,17287.00078066378
77704,27352.918432539678
95308,22418.463953703707
106617,7657.822874338625
92279,23389.78003968255
77974,27181.483285113023
96897,10961.87953968254
84841,8269.299043771043
80966,13194.650334656082
81646,28064.665749999993
83773,10344.211871933623
80357,26627.515171596937
93576,13013.030935185176
76332,30931.239859788373
100522,11811.995671837423
95723,12425.988928571429
97599,9531.053005050508
83267,14062.360374338617
107086,14717.659197570953
80173,29167.530077922063
90902,49195.90894708995
85442,20368.51248809523
82924,4765.772709595957
106669,22739.71902549304
77358,21246.588850529108
86661,19429.31501322752
101073,12690.649915343918
83897,12970.559621489616
92465,21226.2407516835
105110,18845.89580291005
79370,12231.22093711844
106568,13653.989882034635
106121,6402.6807579365095
97194,11636.958435185188
89289,18714.20040934066
77301,22083.40727380953
89051,21789.998624338634
90207,14146.231415343915
95193,17655.739396825404
98653,6953.63874074074
98934,15337.297683862429
102897,10452.582099206355
90845,9435.367648148149
101868,7942.848185185183
95210,21491.12224074073
106341,12675.713230158726
101091,9334.20123737373
98060,11486.679058201053
90026,7290.659911616161
88157,10642.67485317461
97383,14170.02162626263
87451,11176.675654040408
103381,11590.602194953199
93512,15940.746313492056
77414,61091.119152477135
79553,14824.212749037993
96377,9388.123817821071
105001,7434.230041606543
106183,25536.87952513227
95745,25826.89246440596
107011,9892.06568915344
78953,20818.755579004322
85187,9076.17548015873
87941,11559.785983370479
77483,20621.181369047623
101372,8751.358956349208
83730,8861.965597402603
106166,21367.093532587787
83753,10261.127427128431
106514,29842.142189153434
101583,7676.01527777778
105137,2562.4431666666674
105295,26904.826483516492
77657,47593.90499338624
88515,8417.372846560844
93729,21384.453185906696
88280,14130.040619648866
102832,10402.238105820103
97873,12649.69137830687
101671,7767.634585618085
85210,10678.521058922559
80735,29184.468017195755
87811,17765.314669820917
97684,10352.049839706591
99915,11167.900391534391
97502,8463.768518518518
93678,45171.48914071115
78821,17158.757642616656
93898,16508.4465429293
100832,14417.454263107255
104921,14896.479679172673
83890,17445.733148148145
85696,5570.392933140935
89485,12064.334556878306
87460,10983.872711519962
81080,49735.46036279462
87235,7540.274076312576
87587,8326.546141173641
96329,25308.83505952382
108174,9515.323845839353
106700,12719.320691077446
98539,17722.09250300626
105234,23138.855686507948
104708,11254.511485449731
79081,32912.13703968254
90270,19113.034252645513
106057,5460.96498015873
80928,30880.73603968254
94218,34656.36962301587
107429,8856.833956349203
107776,14292.710056998543
105303,8504.002074074077
107166,31971.154769841258
94379,25814.025611111105
94832,4135.548505531504
83043,10737.80196248196
84114,11024.604060846566
84283,12295.921415343912
107679,6979.9541471861485
89280,11912.307551587313
89840,10901.759167989421
89927,9736.214365319865
92218,21704.981555435308
97100,7289.729551587304
79443,10551.842394901392
96551,8710.627365079366
101305,11077.039733766234
102576,8999.247116402119
84060,17286.633561050065
92280,26972.100022486775
105210,12409.186266835011
104496,18904.214323953827
104267,11849.167785714284
91491,26694.953034391543
78595,20354.500219576723
100913,5880.729405964405
103028,11154.701166185669
77788,24106.20229894179
89629,7441.631304214302
93781,24016.280938552187
76551,48147.27890512267
84917,13019.438706349205
106009,13367.165666305918
96109,11828.887732804233
78933,20199.72317857144
80386,45044.796720779224
105590,18719.934103174604
87670,13875.76129761905
84443,21275.988032948535
95776,59700.73351406004
96400,16646.280985449735
90834,22344.78661760461
88360,14015.765067219812
106848,24735.070876984148
91981,27811.721829365088
89126,9598.783237077738
104879,20169.315653439142
90449,14925.672420634914
90667,20837.780640211644
78986,11365.580349206348
84945,13719.657958633965
104356,11439.918252035006
105159,20044.8497037037
87755,2955.2738241943243
80978,25677.89959656084
87272,20218.62419179895
77291,29417.387564093315
84904,11145.876011904764
99446,17590.583843915345
78688,29186.730583573833
86155,13271.572632395386
79551,28841.19530555556
78281,10398.818062289565
94551,45509.61813011064
103232,10372.664840788839
104767,10475.321230158734
88566,7772.166900913903
77896,28758.43754497353
96885,19194.225054232797
95778,21406.77852320827
86874,10059.20465873016
91080,23926.29215488215
107737,13329.947653799903
104851,25268.02222474747
85070,23484.896302068293
87362,10571.780118411361
92302,13362.738125661379
93294,18790.91697486772
83422,17896.11287962964
84862,13192.871896825398
84415,11298.582530853857
78737,20610.719944444445
84686,6650.363929413181
95112,25922.85665079365
86518,13161.054756613761
84839,11877.951206349202
81172,27614.858854497346
89932,19641.94275793652
87300,9481.014519841272
105568,14895.764760276756
76252,14481.415254116255
80951,30394.050528980282
83509,14767.27605777069
108493,29893.057539682544
89976,10291.917788359782
102525,10617.043006253005
88102,5709.428761904762
89605,14673.78310930736
92381,10827.80509415584
81987,38015.83517484367
91951,25539.515833333335
108167,16425.283388287644
89798,8213.63636813187
97312,15674.587682539684
106458,11048.362466931212
80611,45476.01094179894
83390,9262.51815079365
84346,17497.268649831654
88061,11817.594659978906
91266,15650.404403920153
99611,8281.16026247935
106366,18861.3481441799
91936,32105.06696031746
82520,12311.952427489174
84865,8749.120813492062
80141,26727.501974146224
91890,16927.150518638762
76251,19214.094057960552
84247,8245.784732804237
91298,32879.85590476189
88015,9033.194066378066
92776,26963.496334776337
76709,9817.383615079369
105728,16132.008105413091
103796,13672.332578042326
81171,20164.503452501198
88413,9780.587610028859
102155,6105.584384920633
81200,17136.756581048583
95674,15094.944117724861
96157,12822.012078042331
79020,21778.846878306875
103587,7780.745632154881
104190,30452.0748973064
80486,17408.40363492063
91177,13428.472469576722
76909,26216.271444684953
97278,8512.08125396825
77170,28025.608057599813
78840,13175.040592592593
107987,14231.552035714289
104444,14200.829804593557
98408,3923.3105727513234
90629,17782.89961396936
85268,8837.008465728713
98419,8734.557477513228
90747,12931.900777176528
105907,15381.669069745072
88335,10884.198132275133
104161,24039.172694444438
101427,13016.91732804232
87176,18316.234993386242
94012,28933.553753968274
106937,18811.201574074083
106573,39503.57839309765
96877,9954.380426887927
102568,8160.59842063492
93510,20944.19434896585
78820,27479.695999759497
76763,23846.269184944693
106884,6542.694916666666
81041,14602.526695887449
93827,19079.75646584897
100321,8070.943762866763
81450,10119.556090788836
95107,15708.515674603177
93670,24575.626190476203
103551,12655.284956349204
106715,17498.3112564935
100863,10511.230501443004
79259,10632.280044973537
105336,28064.326333333327
88906,23218.172702380936
93039,28557.810739417982
85639,16429.18397262922
98378,7886.807751322747
93639,13148.888344396346
83518,9983.517300264546
79592,12943.171481481488
95678,18211.628747354494
87400,9934.326841269838
98813,14987.281473544972
79157,8659.452769397274
76223,19111.68320634921
95406,19354.514524170274
83724,6291.770250553709
89739,15263.43871440597
94933,23392.594251683506
82605,10793.517951058197
91566,18397.958681577675
76873,15922.91826178451
96884,16624.80942460317
85901,10245.087674603172
106449,21051.375033068798
90672,10102.400903198653
78513,22592.31412139713
86464,10783.336280423277
82921,8905.515792688793
93886,26764.675060846555
76303,13601.390539081285
98243,17328.933871693112
103497,10905.614390452138
87786,15533.442949735454
87780,13051.028729437232
99339,8974.851832010587
95351,25416.206131794122
106965,13268.761816137563
87540,11628.850402116406
99854,10912.823304713804
102357,2157.345640933141
90737,7349.616636483886
85392,16874.758535714278
96882,5927.558450096203
88268,13457.934076479078
106075,19625.800272246284
88674,16271.722116281866
77623,14310.226108465607
80394,15047.022845238096
94942,26082.563572751314
101237,15371.53717700818
86351,14802.230711640213
87055,9105.248447089942
94851,25512.646173280416
79816,14181.48832419432
97214,13685.137055555553
88900,10196.71112433862
97464,12628.468811447805
76403,15935.18921584896
79786,19148.215068783065
83858,11225.52329914905
83658,9354.301449855702
96456,12967.927984126985
106217,15300.74391510342
88111,10380.788631794134
86581,10962.86341233766
98218,16873.341006613748
93801,23711.151380591626
87206,10142.99629365079
88569,15124.179855820108
104348,14428.931690476184
76478,19235.709814814818
101509,17298.207007215
100915,8485.341705026449
79676,18574.589081094833
102673,10135.997277898028
98151,6595.754756613759
77583,14201.114788359782
106602,34019.88067063492
90134,12862.08196741222
84228,5636.084041967292
100131,11658.104686507939
92807,25976.847382275137
95025,30787.472266113517
79779,6643.484416065418
77216,26643.644238095225
83476,12912.445969456476
88942,15695.264185786436
87565,18492.850452501196
97055,18571.578176767678
97212,26049.11289814814
97321,17334.586468253976
102240,9461.533283910532
91253,16316.776074074078
90284,14533.599125254384
83582,15819.144456349204
81255,36095.882481962486
93903,38649.4106000481
96241,17433.06882936509
99117,5216.118048460799
79874,28052.514513431004
105193,19027.210738095233
98186,5796.763126984129
103313,10702.055404320321
107714,19539.552003968245
101081,8823.961519119766
79663,4948.391297619049
81108,10555.16904761905
86643,6429.043523040479
90931,24390.973518518524
107518,24545.524201298707
84511,21728.89577513227
80689,10872.508387566144
86547,6354.997662698407
79670,14711.81642748918
82281,17301.96567724868
102274,6367.840714285713
107948,11699.574711640216
97149,9367.566165464168
95980,16075.218588624348
108047,30143.422422799424
94763,28311.500535353527
106148,17391.665400793645
84164,12499.085939153436
93448,28374.71318650794
103837,20576.611275252533
91861,23479.814615079362
87914,10357.045157407407
85944,8946.38920719096
83795,10668.473255651757
97374,14518.288569865319
80569,12292.085064574308
106331,35378.28716269841
93177,35965.493515873015
85257,15636.390881893643
80094,17491.092144059636
98473,11951.55617063492
98021,21096.840525132273
91714,21998.078449735436
82569,16425.294990740735
96451,8756.446482804233
86310,11045.04228342953
89702,7519.105859161792
87577,17369.560957070706
85221,25371.27841991341
100454,7320.751884920637
96748,4955.438810846564
91472,6623.927619047623
88350,7110.612707671958
84386,18221.400064814814
107993,14862.487495430496
101496,5644.974997354496
96805,13456.685812169315
82084,19191.439030663776
94643,30985.45764189514
83871,16737.62559355458
82327,19465.361816137567
90332,12665.265054232805
84949,29119.541917989423
83111,20196.405948051943
92067,19597.367929773925
106714,21004.216044131797
85531,12200.113347578344
97311,11111.763787037034
78102,31855.683234126984
98348,14634.337816137562
76715,23399.678769841274
77091,14275.72753968254
105854,13427.95109511785
85983,7915.949166666666
80823,13114.780465608466
102612,12327.439768518516
104209,18818.663829365072
97643,9164.75722498798
95340,22739.47899867725
81183,44106.7425132275
87928,5954.020336459835
89448,11197.900623015874
98522,10327.290130622394
94213,10713.953919404668
91583,8255.116243386245
90280,11300.285507936504
93287,26207.82866534392
84510,10918.60289814815
98179,20613.835427609432
88162,17609.87126899952
78449,45054.32189814815
94548,18575.62544861621
95056,28782.26775793652
106725,10051.361514550264
97968,6620.336937710443
104923,9778.550439393943
97276,6915.624358225108
97080,23635.682115255113
90691,32472.626159211166
88033,16790.007284391537
90160,17918.352281746033
81661,12602.886705026456
101260,11115.45127665853
79520,34463.27525925925
78213,15539.99876358826
76187,28394.365036916788
85752,15010.554136243389
90729,16435.107448412706
77637,19527.700375060133
101847,10222.682858465612
86787,16284.794441197682
105758,9833.227892857141
79389,25270.852248196246
98312,6425.834253607506
100222,7840.36802140452
87873,10488.708982563729
92965,22292.062300264548
89168,18825.623337542085
82368,19029.533756253008
76505,13969.252485449742
100946,6455.592130952382
85815,7867.500619769118
87705,27946.387840668594
106931,10100.563617845113
95571,19218.641931216924
80308,18145.58691642616
91824,21489.14340043291
106743,26071.54564454063
101866,16128.49695755171
95817,31946.7714021164
108505,14318.527247354497
88722,13983.426841214336
104371,20086.89225264551
93879,11831.660204184702
96038,16761.76959054834
104690,11158.208199735449
93199,21640.67327765753
85967,13109.994157203899
88714,7645.268992183738
99467,7359.066723905724
85701,10119.820007094755
103450,10828.32140079365
96943,10897.770469576719
88526,17592.45227910053
79326,10280.666179292926
92314,34344.636802910056
106373,19611.906750000006
76953,21818.014309290367
89741,7485.158533429533
100458,8020.991743386245
91895,56337.01822150073
92356,15863.83955230881
80632,19385.645476911974
106959,11655.361121572867
96251,12053.358428090425
97996,24335.26934704183
90021,14933.299164215416
94899,31259.444633838393
93093,14843.484315323565
100175,14212.18941269841
89968,7223.909863756612
102132,3931.0127407407426
99121,11588.965629629634
92662,16690.970701178452
96612,15075.953345238098
77399,16225.35457142858
86443,9831.5465462963
93198,35725.12365620489
98001,18432.944616402106
97764,13872.375695286193
94983,89243.31113807489
82703,11808.68361556037
94794,30489.401227753733
79793,18355.318088383825
93376,12480.832043410293
76374,22685.379749518994
84045,8077.436989898989
106780,19386.110609788357
93213,15549.353887566132
97870,8444.707571428573
97748,12849.798170634915
97255,7739.340388528138
102668,11923.337978835983
105898,12869.14769973544
101786,13489.050312169315
87690,14734.656851972102
86329,10600.153970263213
77696,32456.212030423296
104321,49670.846892857146
86782,16528.777271524763
97134,27616.43377116401
86684,9737.148433020677
95509,33229.29925661375
82314,18973.753088263595
84124,10575.418580567582
87597,10389.559541183038
81357,16394.686407407404
95055,18665.329944444456
100244,10899.130084656083
79271,15843.078869528628
82043,26772.814957671973
96348,20934.117296536784
76594,20119.842451899953
79552,16198.36688756615
97181,15679.510603174607
99147,11245.163145533408
90786,7590.922056637807
96203,7690.558243386243
100288,10810.18971693122
81529,20733.625625661374
84229,17823.789501322753
94332,27698.395063131302
92714,20639.124416666666
107716,14708.366900192399
107685,28293.497390618635
97836,4599.189095238092
98284,21214.826535594035
83128,17537.896799154543
105500,11756.611388888889
97781,10709.467380952381
99341,9551.992744348241
91793,31903.045800986056
76224,15922.389730519484
80840,25464.197058201073
94587,17265.408935185194
98667,11213.622354497356
78973,16436.366502645506
85175,12140.425421837417
107489,43658.17508262107
95790,13287.487867724869
108044,8876.246842592593
80652,25799.607689153436
76007,14010.97552994228
96039,9950.07832010582
102618,15346.519602813842
80863,15264.62431349207
95695,19527.424696026195
78815,28027.744125661367
98063,11783.281809523809
83732,13383.995178571424
83190,14934.311466931229
99504,9530.144673280423
82372,12236.838235449743
77977,41544.563308080804
81688,15238.057516474264
80154,22286.0693507696
108106,21748.229449735456
80724,16788.53566305916
89190,9198.610136243386
102321,16522.191116402108
97375,11268.620195767191
99379,24805.240788359795
84767,10061.508129028376
89470,11998.10061291486
85592,11143.794821428573
80381,27574.293013828774
92149,30230.70060846561
96044,18936.305628547372
79041,12229.480051827803
103108,17796.5469484127
91118,18830.753899470892
96434,8274.747121452625
86875,13700.158466690715
100326,10143.102161893656
106416,22111.060965608478
88074,9290.235025234022
91579,12202.50841341991
96819,29909.767638047128
80373,26968.46861760462
82681,9804.17925925926
88450,10996.398795660034
95040,15215.136449735448
76720,11842.620050384801
94576,4035.634744708995
82502,6680.212902116403
101100,7804.076333333334
104522,18181.589728835977
108039,9751.840419312171
77894,46829.81397005772
80888,11247.273978835978
80366,41016.80892376145
87653,9270.088865079366
98083,21533.267793650797
89042,13359.470515151523
102520,12692.362121813367
101620,13961.48442821068
108340,9765.158854978356
98465,11955.930369047623
82307,34089.68309644061
107499,19808.70515476191
101440,11349.68614393939
82392,26117.31381481482
79371,25789.685916666676
103916,15594.64683333333
81192,8246.929786195287
108185,10134.725771404517
81811,15061.87201767675
97993,12900.957273809523
80214,24138.933135050138
79896,18679.006425565167
86793,17169.956298340563
100548,15305.996030543522
98986,9224.589465261857
82411,10754.837893819138
98467,7564.3992687590235
98645,22834.150221861466
84530,6982.9899266474295
86479,7101.615863756612
90655,17825.260572390565
97319,10947.489119769118
107749,24980.679888888888
77199,28005.05010185185
79255,16019.8704047619
85072,8188.530687830688
99421,12148.006417869165
95187,11027.925259869762
103262,13502.623033068787
94589,35988.469197089966
77608,59363.838080687805
89729,5812.175698412697
99171,22419.693841269844
90914,23398.461051346803
83250,16393.304654160653
83275,7801.127821428572
91269,24081.24821156971
83003,10516.503445491688
98988,15447.059585978835
105748,13277.432138167387
77688,16600.17370767196
91090,18008.297014550262
100544,14337.528301587306
96608,8368.53777837903
98784,9688.422495190003
85655,17063.801375661373
104236,9330.89004545455
97437,13328.278794973547
100150,5248.9578786676275
96911,30872.411929894195
87126,18269.064437932437
88544,9413.208835497842
97889,11501.795461760463
76768,13297.440830086578
101722,7816.890626142379
96407,13270.374052429057
80640,19178.652263227523
88000,14112.35264694565
103451,14942.309278499288
80542,45100.92453042327
82212,11120.653645863396
102407,9025.102568181823
79895,11248.054308201054
95909,20230.742506613755
79646,34451.88320851369
77051,31198.77562506938
79375,34564.81762830688
92023,30924.047555555564
87608,8913.553262145262
77731,13577.484373015865
94671,27791.97683862434
107804,16763.57451058201
106359,20078.39528703704
102758,6336.109111832613
76944,35366.69502910051
92103,15599.085495791249
81188,14478.021443843192
84157,14346.701452380943
77509,25980.8256964887
87332,6459.46642907093
101597,10455.864134287744
84021,11194.145651119392
79820,26283.71629761905
102505,11908.771533633033
82887,18908.5055448533
98676,12102.499987706193
89288,20363.44772619048
89410,12596.49286604137
76489,14145.94488624338
85587,13253.130674603175
93752,13854.381417989418
104857,15844.057343508332
91582,30096.880353174605
100760,10656.195649951895
95388,26648.253924603163
105606,19604.144218253976
93352,25170.300269721003
102452,13363.847910052911
88997,19673.667657287162
107478,19124.217923280434
82604,12817.052797415543
87188,16347.165345238103
97769,7890.803861111112
77941,22374.687994708995
91489,12624.47573941799
84501,15880.60218554593
97428,16881.978734126984
107961,16616.47946825397
106520,7369.802230158731
82860,17483.51974470899
93232,21868.86570743146
106592,7365.047432539682
81719,8946.085893097645
81658,18151.07095141895
92676,22397.829767676754
102253,8406.123425925929
105237,13778.85098761424
78527,22767.16769793169
97452,7921.660772967778
106530,18582.737223544966
84118,12913.576952380958
84314,10963.072710317461
92313,25120.150079775576
91271,28949.79031084656
86067,7511.698659692158
100751,10113.787376952485
99647,29611.89009126983
79872,64347.712283068795
89703,21220.92018783068
82985,9332.541523809527
86719,6957.018514665284
78249,26910.472919312168
94826,32145.16458164983
80867,32522.286410052908
88405,14136.131477392972
92596,17662.635847883594
90699,7852.939142857144
97504,21616.049230158726
88236,16070.514503968252
90859,7702.220833333334
84327,15871.458169432415
86926,9022.902476551228
98478,9373.852417508419
82435,16126.848135225891
105477,13810.34816293891
91685,14552.41814153439
77406,16318.468615800866
79806,13801.27506974507
95728,14046.784874338622
79181,28056.939998677244
89777,13755.027470492474
104090,10669.974284030784
106849,20528.019492063497
80612,21268.04245550744
78114,15602.337869167864
93850,30333.68858670034
91913,11665.184796657046
104359,17652.47194047619
103818,2199.705184704185
78505,8279.48105026455
78147,5150.404093915344
98618,23091.546465608462
80947,16943.524170514673
104926,8734.62941798942
87266,26533.91961904762
100085,10570.609436387685
99550,9946.665599326598
100618,14211.32309126984
88609,8509.968085978833
95379,22401.247607142875
97130,17753.011858465605
98078,28611.646865079354
81543,17565.59076587302
94442,17030.18237650313
88513,8163.696198921447
104084,17352.995294973545
77862,17430.187414021162
83231,13413.964912054907
80020,27887.105990740743
88533,41955.75463359788
89260,16295.962345959591
82264,14038.581306156804
84569,9897.202764309768
94361,43606.47310076959
76511,21136.236041125543
79088,14311.869517195772
85645,17625.636964285713
80492,25705.670980158724
82092,13023.612638888892
80792,11385.148260582011
79022,16225.664672771665
92175,16591.729156565656
87149,15738.851371813369
94676,26615.66572751323
82453,13179.45271031746
88623,16300.419833333324
93157,26697.318289784296
91767,20036.059559764297
82525,14156.428021164027
83387,7273.712050940888
104711,12291.408700937953
82040,22749.78239730641
90973,21326.097883597875
85628,17123.40741714766
96701,12066.87217183743
95441,17116.395334656074
104513,12573.762925925923
91247,25226.26267460318
88940,3144.601673400673
77571,23218.327477716735
104299,18921.472810004812
92609,22467.659554353042
85134,11352.619741822999
81305,29078.241989778733
77683,22056.921942039447
89313,5526.012399230399
85999,9438.397415343916
100266,13062.674048941797
97102,14168.820981481485
101321,6604.5499978354965
108299,10876.950527056275
85057,12875.494162698416
84995,13604.422490860987
84612,9015.633007696011
94300,19427.26437938913
93656,99728.44792652714
89647,11662.028654761902
84389,7773.663054112553
90197,8234.586908804156
80844,7730.358654641656
105331,20226.379576479074
98831,7499.737206349204
89697,18352.260058201053
103351,10432.734209595958
99969,6859.312701178451
99325,12416.239026455023
89198,15212.069072751312
78239,16247.327322631063
82481,9212.002635882644
83655,15140.811583814339
83006,12812.295478835982
81067,45054.030685185186
82451,15677.64170767195
107390,24961.75169444445
101406,12958.266826839827
91715,27495.17431349206
99989,10508.699764041521
93206,30510.91064417988
85902,14896.048497474743
85195,15751.326494708987
78130,24675.460834656085
76552,27575.431022486784
89420,13553.798773809518
89566,13681.581673280423
94682,41085.80109764312
87373,17171.564414021163
83481,11036.07674936374
84348,11399.51911312035
88809,9712.794909090906
107886,10427.513294492539
84976,14505.403839345841
106340,17129.444260582
87849,15967.026068783067
78363,7577.993634800387
86657,15991.680492303998
89773,20391.204820105813
94449,31122.9817999038
90861,15256.683136243386
91749,27428.002437109186
87090,12692.711986772489
80200,25241.815304232794
79369,24179.72991666667
101679,7770.245806707628
88080,11230.096643458392
103400,7076.2839047619045
100960,16116.430703703705
106116,12293.223293650797
76678,35853.727650793626
86832,4633.676687085914
80278,12291.219808201058
92718,15175.931853174605
80121,24882.6866984127
84360,7851.246441077444
98000,11318.63948172198
86852,9807.454151515152
84665,7004.455727513221
104032,19098.064784752292
88348,7468.7768306878315
85919,13534.321373015875
102408,6274.128332010586
91678,13669.25390364266
86965,13886.527569023572
99748,2769.5617235449745
79192,15337.725534030786
100469,11666.912746512746
102772,12150.058486772488
89526,9348.173693001443
96191,7747.642757936505
99222,12631.332044853296
77086,34701.252211519946
84447,8217.196100889852
99981,9514.248328251178
106052,21199.13907671958
79612,24137.082001443006
106792,16360.256550609609
99124,8059.084689153436
79678,31270.455839947084
101632,7383.84928619528
77692,18332.61552537278
84345,7448.313056277056
95000,27432.284418831176
83015,9514.641466931216
99423,21442.855189153444
107480,20464.1889616402
93765,18165.576117724875
105419,9920.533402958148
94052,14589.668544973541
97432,19133.795712962958
79133,26383.02873244349
93225,21844.859097282348
82956,11563.984283068778
101231,11482.89026551227
78727,17961.684828042326
92150,24613.299395502654
103869,8085.415287037037
98266,11335.886936507926
85017,9070.753592648094
76853,28436.154741943235
93027,15018.88919540645
88493,9914.201375661383
104829,28334.58394841269
87800,14832.546403920147
94723,20025.705378186623
77219,12247.42366726791
94891,12412.302396224146
81656,19985.441952380963
97239,17024.867492785
83620,12477.694623136118
93312,18465.42032515632
83441,8169.853797619048
83959,8952.860588985088
83653,17024.314293290037
103364,11702.888787037034
81279,10817.109391774886
94483,23923.949847883592
78683,12610.37213598439
80423,29227.900802910055
104442,11961.804242784992
102026,9392.141505291003
105992,15155.977011904766
108007,10192.130071428566
81476,13174.857356495348
82770,7293.670985449734
97979,11701.171950697457
103866,6755.079253848008
83147,14085.13471825397
102902,8568.787701418954
105918,21508.001042688793
100265,12933.810997354492
86165,11869.291769240015
107697,27137.45753547378
94497,28209.301372655114
83540,7957.714558404561
76617,23229.598363035126
88133,12729.78085449736
92181,24254.25999735451
90065,4289.48138888889
94177,15642.373153318897
86942,11270.165060726313
82629,5505.3398793058805
92087,22750.00578266178
94508,15823.03073773448
81678,13809.571051587309
88106,16155.896276455025
82869,17992.33954280904
81744,26635.038779100516
89208,4025.6375100732594
93035,23324.76580555554
94656,29268.744833333338
105571,11433.652168831166
86332,11071.494246650172
76711,22311.44811267436
87423,10920.700489297737
97343,24858.802371693135
89591,24070.730935185176
83291,2081.05320054945
76146,17244.56205026455
86683,11513.285112433865
100726,11210.620682299179
102328,10735.699843073591
100991,12630.465841269843
98049,12604.613289682538
104948,17104.46598015872
103129,8122.1483624338525
87892,15852.165683982686
90770,23949.474234126985
97113,14385.037653439147
102422,11371.621793049544
82462,13326.891247835494
99700,18358.52737037038
103799,5660.344234126983
96959,12614.251207671963
97715,8500.739956589707
90880,10291.571575998081
106632,12446.149462962969
102656,16398.655768518514
106686,10074.5507039442
97346,8337.672588143341
88283,8094.611409692162
102248,15041.574498677248
89091,14036.147791005294
100474,10907.827829365082
103428,8346.845597883597
82698,7233.935478114481
107510,8827.8231485089
99122,9332.80792784993
93152,12293.704655437155
78084,17938.151790885036
103130,9705.25575396825
95826,63138.85071957674
94977,26064.707551587304
90104,9092.412907647908
89105,2519.861582010583
95397,26017.309018861873
77476,13897.696825396823
80208,11646.180792328043
96744,12982.531669432428
81310,23532.268529701778
88688,8404.835275012028
100514,7500.036668611892
79490,23345.377879120886
89236,12031.85896681097
106677,13575.564354858107
90882,12840.212642135639
105048,6908.559113756618
92458,19094.099835618093
91682,14361.811599567098
104659,19968.353398989897
99559,9416.012031385279
82608,7811.112844516598
98793,8948.100386243388
101083,9024.547518278021
86469,10820.218177248671
106304,10482.172096921598
100515,9436.276521885522
97006,11641.353611231363
87531,2837.220931457432
88873,36334.722809523795
91700,16138.81321260221
90471,20316.389485449745
88077,21461.926855699854
95546,46257.62482575759
77965,14056.23158020683
91548,25804.623070466572
101360,16331.6645624098
89845,14428.03918927369
95934,24982.806814213567
103745,9775.271597402589
85862,16991.33972883597
98424,8951.57661073186
81736,25871.58937962963
93391,25129.40898148149
76523,22003.12683525734
83573,18925.776150553145
103118,3822.7302662337675
84399,25431.147181216933
84864,10976.788243386243
104282,10006.287474867726
95389,22532.065788119267
108097,13112.125619047622
94999,12776.620810846554
99345,15669.224982804228
92946,46069.880342592594
104048,14586.528793650801
76817,23649.10283417508
90448,19939.33785377585
107837,10351.124173890923
91182,18002.68560906685
102654,7198.195953703701
95298,17360.536054834058
93659,21323.191132275122
87866,18521.71563297813
99990,14442.062936507939
102469,9669.516316137566
107351,14700.708344276094
82490,8994.955588624338
80756,14970.951973544968
82365,25496.518677146927
92332,15110.343055555566
77456,28344.97209391535
81007,24828.914411375667
82391,19383.479421717173
84647,18919.87193783069
76296,19372.41520502646
100192,6729.876058201056
84547,12943.855993139638
88877,18720.284850168347
84254,10987.270144781143
87836,8773.112959114957
85970,9456.81672126022
94834,15561.184444444447
107159,12849.975485449735
106800,10149.470211159212
101989,7469.159996031746
95604,25210.818250000008
103637,15555.125734126981
104301,11505.909085978828
83799,12065.865108465614
107855,13819.981816979318
101506,9998.442526455023
86644,13458.704634800377
81902,67650.36351058203
90490,6955.005613275615
76314,18790.153477392974
95360,32192.706554713808
96272,8037.160233044738
103911,8832.886226791727
106553,8621.08858862434
106063,16941.36724230399
84179,14684.869003367008
106912,14866.411264550261
103819,5115.074046416547
94009,32563.7611164021
98285,20876.09644841269
81101,15185.761511544002
76806,20375.884926887935
79127,14284.966783549782
107416,12580.77074206349
93786,26528.61747751323
101542,13454.339822751326
101640,9813.675474747468
98800,17107.91131746031
91451,35319.93354497352
104033,14515.452356430606
105550,18446.96963492064
88203,16649.942929894183
77481,18470.414073713317
83704,15605.103763588273
94474,19289.6333611111
101924,13145.110910052908
93203,32593.7235515873
104628,15701.942541615783
93308,32574.84999338625
81984,23682.05706517557
93228,27279.37481625782
94247,19134.849618446366
85162,10653.558493386241
104670,26111.986092231837
80875,46420.35541293894
80850,24036.610599567095
79475,24587.663552910035
87229,12075.16305675806
79162,14760.546174242425
107652,7525.007441798939
89835,20387.675277056285
77430,25976.34320370371
97568,14526.940541967288
78947,45989.99101455025
106692,9278.115363876865
97127,5215.700019841269
80876,23865.556269119777
100152,12893.219024050028
88949,18783.585772246264
95804,40995.60334163057
106833,8941.42556818182
89283,13102.573484126986
78115,50294.92518434343
86941,16141.80322619048
104794,20975.052999999996
103892,17787.997370370376
90746,13991.5654920635
92996,18243.727352934096
88679,22310.081734126976
101007,9072.725593915346
97824,9467.948890211648
85138,9674.546478835977
87869,12464.405477032224
84266,9968.255428571427
88682,8225.421613756613
84543,11147.721738095235
88967,17163.112247354497
78831,17698.686531144776
80227,22314.897443121692
88995,10700.05596693122
95761,19715.769351851843
82060,16332.248956349216
78253,20077.618017195757
81193,26572.000475829725
97309,8366.152485690234
93654,18998.42260846562
91399,26741.127149470904
107195,40496.31229629628
82137,13540.607551827798
108006,13497.105868566621
78534,58873.48869340844
75979,27878.959140211635
78847,8493.889153559401
94746,10576.491305916308
76591,13967.804658730158
97366,13014.419706950452
88756,10458.304787723526
105074,17896.375658730143
107641,25384.737281986538
103717,14627.003854497349
92559,30023.652825156332
85453,3154.554732295482
91736,29395.351175925924
100632,11670.799637686392
93314,20718.996208994722
82593,12788.92401274651
105791,19724.411269841265
104431,20841.270097883586
77967,22604.158871693126
91373,22834.479065175557
86095,9509.532479076477
90950,23493.751473544973
105410,20765.97173749398
86516,7852.052191197694
79221,44934.62830651753
86603,16904.745164021162
84058,19379.78848268398
101017,11060.328727513235
103065,9424.609742873597
102817,12718.795506854261
106443,21094.20666269842
96455,17922.836489417987
103514,9872.764994829236
88407,15956.417611832625
104658,20823.39151070226
83823,14637.649633597877
106801,15072.779272486769
100859,9467.208433261181
97156,9101.739132275134
99816,9445.221455266957
87726,11787.482642857152
88783,12047.269940476186
107654,17402.06235882636
102420,6336.2926095761495
104147,33012.67301443001
76019,11595.095247234243
86158,10673.359642220888
82852,7462.307134800382
100871,14933.221001322763
92537,15191.901658730168
92028,12267.633283790292
78319,9915.04070502646
77111,21887.64560930736
81426,14384.397150793653
108336,7741.542005291007
106048,25985.719652477146
108482,14539.476996031743
91336,19199.555377825884
101242,14452.83025396826
108309,17293.507401167004
106397,7217.422176767676
82413,8907.015853174598
79355,33177.86648809521
92826,30647.940079365064
102020,8740.758756613755
93857,33094.49125132275
88875,9327.29244708995
81926,20110.018859788364
79236,18383.67714153439
101106,15668.858027777771
99069,7515.641678571426
90017,7759.75277715121
101706,9161.097525132276
89701,8947.164514550266
96760,33284.321923280426
103901,13855.199964285717
96780,27024.067857142843
78905,15452.804116762863
101894,8877.258281866287
94657,16403.366228021976
93703,10246.821650432898
98690,9118.936981481484
90597,14580.881484126989
80138,22073.743429172686
97044,9649.025264550268
84258,15879.441301948058
98543,16040.848770683026
99833,12921.863357623854
99848,17269.958767917273
89178,8416.09432936508
105598,17725.179710562566
95971,28557.19204425204
94875,32232.912102453105
96048,9675.63549518999
82606,18317.24430952381
104545,9555.691392857143
85571,4366.368806878308
103757,16034.729527777787
80192,17424.37078475229
100422,7066.247427248679
88065,17023.05803367003
83544,14044.96264153439
76851,36693.15072631072
90464,6637.211890211643
106501,9541.74486019536
85011,22985.22003162577
102308,9563.384185305433
82241,72636.82257251082
100655,8958.099641534394
86477,11153.726660052916
90830,2028.5836665371662
83274,19926.696636604145
83251,9588.089648148147
82122,26774.472190476194
105600,18314.216896825397
87514,11077.265880316123
82184,29713.767685185187
84829,11159.277836339586
90704,24761.076679894177
86306,11333.371246031751
105655,23278.723841269835
98964,6921.783556212306
87189,16906.836308561808
80116,14426.444097883603
78366,30543.80255820104
103668,6055.225165732959
95799,23548.86512962963
97496,13179.151700216446
107112,13728.391000962003
79698,33165.43593253968
78946,32644.715843314094
82843,8576.639823232326
108537,18045.93420695045
93675,31601.011923280414
93629,22358.157636243395
103134,11470.58681084656
76458,17134.163379629623
79219,18755.893898629143
93401,20445.529800264558
87666,11506.449373256375
97697,15899.303705026448
77945,11042.22895502645
76173,31668.259000000005
94835,26393.208664021167
86700,8281.594853535353
105682,29537.26660978837
88546,21762.84243939394
100486,7380.894279461273
98187,11961.525800024054
81395,15181.317551827797
104408,13631.541316859068
79922,19770.31244227994
102955,11146.618445767195
85515,10901.492735449736
100490,14419.563139971131
91070,42505.647013708505
81321,23340.163214285716
90925,19603.562266113524
91291,31430.142116281844
83986,16071.361716690722
91729,16639.16258249159
95830,22860.448595238107
103720,10352.055305722059
97023,17118.231284752284
84892,7482.0202116402115
86618,15456.881871212128
93094,24720.71997883598
102487,8385.303687830688
76952,30960.027124218363
90121,9424.188124338625
89687,34020.0599093314
82663,13570.716417267922
80253,18904.232152116412
96004,13870.217403439143
102267,7750.674361301184
77777,22763.768978835982
85135,15257.54047402598
103806,11001.82423304473
88031,12974.805605137393
84252,9444.260034391535
80246,24183.31582936507
83445,11513.37596626984
107528,9769.194403439156
95161,44070.0846094276
105132,31519.316671957673
107504,12008.078104497352
96720,18163.435945165937
86060,9283.886712000964
76370,14827.35387830688
102092,11708.690624458877
93523,17460.431750000003
87963,8635.884570707078
94183,21772.714236772503
77548,28799.430645983633
91116,29887.828452140442
100013,12941.197209235212
105525,22575.52390343915
104210,18161.2019074074
91137,18753.723948412702
101960,13132.086849206351
80662,31438.181419071672
84914,14309.115447210195
107857,17255.740050024047
94916,26334.051555555558
102858,10097.88230820106
88182,10126.19864550265
85339,11280.425599892838
98692,19679.794839105336
98460,9133.827320105816
101787,6671.846453102449
105924,13983.450023809522
81440,23156.77367460318
107043,15205.353729446471
98747,9944.78861580087
76065,16991.463781024537
103452,10929.089835978833
87162,12735.243159849413
85972,6237.94596151996
95159,29653.29026851853
81106,26392.04186111111
106324,21670.519827922064
86957,7723.727732443481
76900,15646.0004006734
99319,14370.7850925926
105884,23079.715857984615
82889,8395.18018302069
82253,67928.31878294853
80818,10708.45243446368
97074,19053.507757298248
103269,17696.160076719578
78298,16869.45123015874
87216,13500.238801957306
104853,6760.186805194806
96298,19664.48229626855
86803,6847.078494829248
91326,15384.192355820102
90948,17425.77743253968
102795,10708.74956646901
77163,18213.31712974988
93519,33736.45210461761
94980,10750.400550264552
106455,24576.204859427624
88860,8430.386588504089
76536,31478.58787374664
106556,22873.2718941799
103002,18015.177313414246
104193,9357.166867724867
98247,9597.663162022072
82529,9157.069953703707
90499,7559.5986332118155
89400,12851.413327718583
94595,19630.952791005293
85870,18715.340268879278
88424,22836.733859427623
82715,11587.885264550267
76324,19987.55995815296
102259,4807.181095959597
99192,21343.16228439152
81437,16858.86610473785
97208,14561.916455026465
76420,16130.9719510582
107557,6207.94669949495
104202,22563.820948412686
83400,21258.43884126984
99664,19351.229758445257
87781,11987.25307202983
105706,32283.550152116404
86320,10311.490154040403
81907,37197.83589550264
84881,8571.788843915343
78575,14075.93803042328
101857,10582.41070626294
104378,16359.01278691679
80281,17828.351958994703
88208,22061.885618326094
85864,7480.4398220298235
86973,11959.225402726905
101072,3794.21857010582
102664,6436.24723544974
107949,10655.491153679654
88832,7589.802095238095
87046,2448.0653293650785
98930,7613.468136243388
98721,19050.654147426645
103249,9931.475595598842
88230,3837.1361613756612
103604,6570.355556878307
90645,8724.645256132751
94246,15771.381304232807
93604,19473.910725468962
99287,11510.138276455029
106684,18021.386756854266
89506,18082.90395202021
98726,13845.886164742664
77060,19824.60422619048
107323,17448.194207671953
100559,7668.858465201462
94511,30555.37567195768
81367,21799.372476190467
107185,16965.213969576726
87243,6226.6975424482935
93241,16668.145027777784
90899,22748.51110125061
92791,28909.781646113148
97429,8312.396854016353
81883,29524.0871005291
82428,9524.56750396826
85224,11979.715369047617
90818,32299.540817460325
107186,16329.31326851852
104489,11643.63519973545
77026,17531.298887566132
103119,8074.350108294934
79360,33779.26713239536
97763,6959.948181697928
81434,21352.878757043884
102270,9025.736423742925
86171,24944.15311171236
102255,6505.703911375662
91018,26148.578228835984
93219,15160.539904761898
107667,18757.81577645502
89301,15439.085232905973
106869,9267.31287962963
101867,10270.576199975954
92922,18781.589853415106
80057,23621.24128174603
93951,20555.02497162097
89450,9742.810047859555
99681,14381.085673280426
85661,16430.333006854245
76072,30316.529970899468
81693,26769.444690476183
77375,12327.790317460316
77649,30859.68664550264
105904,20345.51380158729
81679,22076.997303317043
105555,30420.284624338623
78762,13982.870284391533
78590,16319.446207671957
92784,16649.208448172205
88497,6480.841991776741
108413,16743.332476070238
88994,16154.759212962961
103426,5153.564227513225
104394,23081.294331529592
88703,11973.018880952384
97376,7530.948228715731
97470,12533.714168831171
88681,16640.396385281394
76599,19311.264589947088
104274,8859.228416907172
89590,6412.4846917989435
79749,45084.99129100531
107386,13019.90787433863
94829,25670.116800144304
105123,12405.434269841273
97602,21958.445465007226
93900,30241.03802777779
85986,9969.149434375075
78014,28278.73976984127
90073,18181.61633128908
91815,19873.93592195768
88067,13040.55516005292
79079,33721.47111147186
97590,14654.534766835024
84491,10812.502954008954
81997,15770.793058201047
90875,24308.14051719577
88805,17030.12463095237
84708,15563.03614285714
108010,4518.550212481964
96549,10380.022753968255
79023,11210.904309884565
80493,23638.494238576248
98860,12039.65681060606
99938,9340.518359788362
91154,27346.802318894075
102202,10750.54777551153
76479,16434.139359788358
102548,15523.957781746025
107979,10248.001271164025
80905,28586.318603174594
82630,14006.398354497353
81130,16742.306067460322
105382,13379.249448412702
101905,14796.096790404043
103353,5400.787345238097
88275,19042.07310798461
88052,16972.172593101342
85537,20799.496072390568
82742,5481.886311808565
105960,20412.904535714282
95151,34730.53577392054
102555,9723.326234006732
87742,8403.424861832611
107219,22892.19915608467
106170,9947.64095767195
103341,6757.550653439154
98947,19126.72749242425
90933,17925.07896164021
107651,6487.553220899469
107937,10813.714656186407
92742,31305.90507106781
91138,18362.664707671946
100134,8723.097661014908
83718,12612.39099867725
86977,12139.990293650788
102165,10264.09505880231
91372,18208.716979497345
95812,23950.422219576732
98911,52213.45985521886
86966,6589.537568783072
107280,12863.322008537769
89020,11518.301379426122
85167,14349.543185305434
100394,7912.564834350834
93450,16671.452274891766
86838,9997.939275793655
107563,19580.904610907615
99692,19779.866385281384
103946,8510.683213323715
89586,8378.993468966219
90733,9794.706482683981
91071,18332.809711760452
89142,9695.474282227036
79359,18009.58199891774
94435,19617.887224627215
86980,9440.695207671954
92661,35074.6060436508
84734,15963.965472582977
92829,19368.547430976425
78925,31703.035161375647
88863,8976.134169312174
100507,12948.93308025308
97469,18134.10359656084
106358,12221.185768518526
94446,18173.860137566135
100068,6608.985291384543
80005,21897.982993747006
106548,8867.44714417989
85323,14314.497584656083
92629,57032.08637445888
78057,14734.487080808078
99591,13295.96306613757
85307,17780.719967652716
92660,29603.960165343906
89525,7711.987254329004
90953,26904.862050384814
103312,12427.864019240007
107912,21835.234291967292
93292,21684.553633597883
81638,39661.00298352572
105433,16541.387108104864
94804,32242.83138492064
85666,16020.358293650805
87338,10522.375038480037
98818,24485.053785714277
91960,27103.675437710448
95612,24107.86739345841
93399,16542.57940716691
86492,11066.46080227379
106169,14289.56348384851
106699,14016.95666518666
102175,37652.558833333314
83555,10725.092944444445
80941,20989.332541967276
91366,17588.582382635883
98045,16890.17166666666
86988,17895.499856180864
89139,14565.719218253962
106277,14277.4967015392
76317,14225.613981481474
101300,10928.757547619058
93086,12180.288400793654
76936,20778.91689285715
80711,21679.670214285707
106659,11290.864908609907
78296,9838.381142857143
97527,5015.654762385764
104494,31624.908835978826
77982,27828.269444684945
86456,10835.999539682542
85161,18313.275438552195
100583,10562.336916104832
93063,16257.866042809039
85331,18066.164183982677
101731,13667.44801370852
97389,33732.382866809116
79902,18219.293217532464
89643,8694.562002645509
93175,21194.000214646472
98389,6018.399194324195
91334,14608.088047619052
98514,11936.688712962965
95382,16988.703977513236
77018,14198.140355218842
76437,19846.544541125535
98250,13852.990530515783
77104,22022.526964045213
103059,8321.480018518518
83308,16899.513914021165
95106,18044.514539682543
88684,19841.647752645502
100870,14425.65174338624
103498,14488.904239417994
105342,27703.092954064454
81398,17471.163232804232
91833,31401.96804208753
95311,19961.74704653679
77369,32102.83810846561
86011,7994.268895262147
84952,10764.10460918711
94056,19991.425228715732
104796,11621.439943833948
101571,12452.544851130357
77188,18021.102059283305
94304,15972.930301226561
106008,14659.399599918599
79849,17641.5196031746
106099,25889.074667785906
105086,10638.026304232804
85658,7557.928543003294
102040,11373.241568783065
84343,11073.788587542089
104882,6482.692214165465
88582,13178.820498677243
90328,19363.861932539672
90536,10903.116607142862
90805,12508.112871933621
106058,31224.41737566137
78871,26393.366403679647
95489,27520.783985449732
76637,16601.163926767684
87818,4921.023904761907
84478,19737.232027176517
108394,18423.771485449735
91676,34180.20009896585
104964,2191.6832433862446
78506,36290.46180747958
92557,24714.904773929775
90715,16148.06064682539
101721,8665.680124338627
80715,21972.725474867722
81705,18976.597928571427
94219,34561.25040079366
85893,15223.651613756614
80550,15203.303978937725
86662,10945.528884284384
85271,19708.40342953342
107075,23434.773644179895
100992,12556.302626984127
97396,8404.29884734869
103943,7829.1534793266765
78916,13522.110148148144
94516,21796.26728968252
105411,9139.041341871098
78377,23006.72707587781
103977,14210.096854497357
106716,14372.84937271062
88465,16430.994497114
77421,14399.368398148148
88866,13350.267109144861
97787,23525.351380952394
85063,9856.63596789322
92555,16113.429109427607
83695,9937.10478439153
81797,14641.954760101013
104241,34433.49944179893
94730,16388.88306481482
105191,14210.757588624336
84112,8992.032015271767
90379,11836.561906084658
88992,9229.73249206349
77423,22623.40813095238
85126,8951.212526334773
78691,42688.33341474265
80320,29097.8624537037
96309,8810.750749999994
92577,14890.548216931214
78891,16130.404694379693
86056,15451.100698893704
82129,13774.163416666663
102436,10681.868535714286
101469,6852.128993487992
95885,32108.652634920632
92879,21819.588584656085
81484,4837.247665343915
95550,49741.85812830686
102726,10160.459210548712
95252,20881.04625396826
90695,11930.855736751268
95863,22844.581566137564
108338,22185.845102693595
105327,25252.386830086565
91616,16224.243516233768
83077,7803.901452982201
105582,16968.22454100529
84382,9116.064904761903
99666,18265.10504810005
84818,16468.209951058194
78498,47360.62433597884
78378,46123.74735221259
82799,4634.827089345841
81429,2529.0981038961054
107572,17935.95334319384
91279,27302.072497354493
100475,7620.562685305435
86325,11170.71659126984
76825,28519.173706349204
107657,9847.787515512264
82346,8475.574446849445
86687,7275.732757816256
103471,10005.940765873009
78209,19505.76109656085
95328,13300.738752645499
100363,10694.80524827369
87672,11916.701847041848
98994,9648.803932539682
83549,12727.481482323232
96370,14881.282558201066
87842,14756.234849206348
86297,12073.881027777776
96716,18116.016031746043
97492,19638.43995238096
92786,12961.59945646946
78254,14958.36504521405
79291,21193.972408730166
96050,19461.17222282347
82240,24294.850932659945
107938,11306.280683381436
85258,11385.829634284377
92512,23066.60694708994
79919,25708.029441798935
101410,7444.270839947091
88700,17685.090712962956
91847,66306.13573809525
101835,7720.068438311683
99878,13053.90496957672
96318,9823.990236171237
96245,17382.270751322743
96194,21819.564593193838
97973,8733.460267075516
76985,24257.362767195766
100002,12901.12359126984
91364,22091.883080567564
106980,7271.1917425444935
76285,25634.570355940366
101396,16296.54829966329
83368,9025.592114894362
92820,14548.89009066859
92264,14035.377853054355
84052,8088.914337301588
83928,9930.588957516346
105324,20006.160104737846
98502,5639.8941794131815
94457,14191.250692640695
79073,20724.739966931218
92738,22595.39373809523
91008,27348.525481721983
76447,31659.629310485827
81627,16969.13821560846
97016,11454.948343915341
83182,8855.667831890327
95791,36127.70213973066
87449,20741.653705988458
90013,23270.399612554116
107223,18822.915887566138
96785,17788.80459102935
81473,25495.67927737078
85403,15645.40869805194
106473,11551.319753487262
81568,18421.186718253957
76748,16941.839854497346
77020,19926.98098015873
93210,31137.597412698404
103955,8459.52396164021
86509,15166.933233201986
78291,20308.811500000007
88895,10142.034132154882
98026,9393.660743506494
108410,21685.44362457912
88039,9844.657578162574
91193,75340.37817063497
88087,1838.314130711881
88708,16066.231026455034
98485,9627.315272005771
89847,14143.504799006554
81318,44400.976212000955
103971,11216.174582010583
85649,8512.19331721982
96137,12933.486642857139
81112,22163.64297510823
87825,17566.480468253954
103890,12232.824506974508
92845,73445.88774122176
95649,26119.640613756615
79000,9632.568087301586
91668,10471.348260341505
94544,30451.73152441078
107024,18803.86054100529
79725,12828.19947077922
107343,20702.073015752765
107612,16852.54543734968
76647,10265.42133814334
100922,6976.471126142375
88583,11704.235577320831
90425,16530.58681878308
86258,9215.690294973545
81973,16992.542789081297
85370,15509.202491221748
107854,9584.819001322747
78195,12651.484244708996
82124,29338.104316137582
79050,16859.03197198172
78880,30011.13826551225
88596,16710.600732804236
89033,11650.028008417512
78792,5773.208779822029
98664,21492.304968253968
78544,11220.514238816739
89184,10951.011766492766
83109,8228.266384920635
101759,15280.227911616157
87164,17607.78497186147
104156,10591.15063011063
107607,26031.39886772486
99705,7755.579503968255
79398,15366.001918720169
98401,9000.261562289563
91911,24554.98970406447
88175,9076.34331156806
77275,22226.798266835023
88946,12752.159472222216
98293,8854.950575637324
95991,20064.29809559885
82196,13354.301943482438
78514,38689.60598977873
102853,14017.733427489176
93984,20762.145608465606
104689,26747.274133597886
98534,10290.193181457431
98744,13588.267375661373
100456,6685.096900284901
83468,10576.263658850417
104432,21976.875195767185
86752,18381.79902441078
89762,7136.1501096866095
82788,19317.295837301594
105604,12621.631771164019
105490,11596.233124338625
79447,16877.96015680615
107405,19119.663382275146
102782,11511.512463804718
82786,10051.168166786918
100557,14828.236669312166
77711,21816.049185305445
104935,6805.769778018279
90750,13396.489229196726
94396,26644.70287205389
99628,15864.070571067818
87360,9242.062779822021
103238,9920.242376623379
84883,7529.843981481476
91450,25153.450902116398
96221,8808.196472222222
82400,27599.917537037036
91940,9977.880041005286
101320,10113.5028042328
88653,7396.725156204913
79446,5780.503687830686
92672,33327.19121488695
85552,16300.296816979306
89858,12507.60263583638
96610,12782.386777777767
90447,7116.28395889296
90357,14523.971180254926
83266,12814.73186111111
106259,34002.977470538724
84489,11877.599154641657
87875,12579.228096560846
78430,29125.865265873006
77249,16172.608496031755
84094,7452.498734126982
102218,14000.384459114968
97151,18638.369848965853
102064,8471.29722883598
97655,16446.85576851852
97387,9914.555835978843
97118,12295.295527777784
101804,12523.360562169313
81888,22555.25397089947
77455,24489.723197783693
99638,13576.090702020198
76845,12890.026008297255
85493,7094.088466311471
99781,3907.723873015873
79322,32986.67075444925
96766,18966.400316017316
80513,45833.69735185186
83907,18159.08551984127
93217,19863.962615079356
77426,11821.78474074074
105044,9496.792376984125
86573,9685.538439153437
95251,30666.434616762857
86098,3767.835403439154
93674,28150.609036676287
104392,9910.02254016354
82340,30047.99336387686
85899,21153.77776190476
85579,5567.0555952380955
86725,13486.089536315534
104810,33283.49711772487
94570,16083.097039321785
89607,7595.3305
108478,18052.47230291005
91464,25187.993432539675
77613,21498.127532828294
83067,6478.195677248673
104585,23098.0711005291
94473,21369.74477248677
98756,10288.411170304928
81199,21184.283042328047
83741,15541.115192039448
84972,11714.78386001961
87486,13506.050528739781
92290,26483.070460076964
97049,7167.686263227514
81960,30569.445505291013
85765,14938.678064814818
81319,20039.89225180374
84335,10879.866637085142
98897,8121.777493867244
83649,11553.781584656086
89567,3124.123615079366
101958,9955.519931216926
108211,18505.558519721024
88326,13528.634941798942
106424,18679.638722462725
90848,10252.011636243387
104944,23639.460164021162
81300,33095.98916570464
76804,130762.51100589223
93569,16266.579361111115
76839,18144.75647751324
92611,30213.589502645496
76006,26734.166499999996
86953,11095.504595238095
107767,17912.69038095238
87949,14432.544351208353
95782,26513.597908249154
94414,25878.471013227507
98483,24360.074952380943
95988,14630.34244468494
98640,9616.810800264551
102899,5068.006583333335
79367,59373.74073941798
88430,14794.231214285714
79428,23703.794137325633
76247,31794.200204554716
90955,22740.32500132274
100711,6769.836610750363
83720,18624.06594708995
93618,21553.892699134194
94754,23166.630328042324
78740,29356.66180014431
106522,22350.539915704678
90165,8504.862243987487
99615,6143.193969576718
88112,10307.35185371763
90759,23517.541908008643
91835,12764.6577058682
91563,28796.03027910055
92736,34904.898419312165
96939,19701.616045685805
100301,8627.500041125535
80143,19298.266292688804
108141,10248.266749999997
99743,6712.1729814814835
98627,17954.086559884563
86233,11413.811984788366
104568,17781.96393742369
96489,8744.755097883597
79018,14955.342784391532
92173,25304.643619288127
81198,14245.614639009138
102450,9613.664057118813
105038,19122.216900793643
93284,23254.49060582012
85848,16072.61029749879
89587,11087.800746993744
91457,11057.240706349206
88804,9014.533731962483
97228,11796.54398881674
105841,29726.22405158729
107331,16792.63880291005
81008,13046.616349206348
81853,24363.13397847523
103283,11220.78566290191
79036,19373.13438744588
90376,15925.544550264545
97271,6973.259695646945
82967,11530.613034957778
83663,7414.767037999039
81640,23229.89096560847
99076,25444.753114838863
107790,17187.865517556515
96460,7571.209805074553
88286,16368.029285714289
86545,11076.29722619048
97634,12999.885739417992
94452,15409.377132275138
94409,20588.886530062533
104877,11270.754891062648
102952,11018.983202380954
91502,15876.185640211643
105695,7242.901692279937
78608,13601.848267797026
77384,36550.57976394901
82188,21306.766312169308
81054,15192.116350408849
92709,22700.18387179488
98260,9991.212429894176
78996,20332.75115343915
103868,9446.916496031743
81809,29398.333042328042
84251,10794.459515271765
103762,7288.49413071188
101479,10687.371929467488
90533,11254.954357142851
84636,8320.084265873016
103208,6102.460816618564
90274,8835.002694444443
87517,16196.21295827321
79671,31862.531515872994
81486,24812.978742063493
89338,24011.617811327535
76912,13035.277702380954
89675,9460.72336111111
101294,8319.448212962969
98316,9371.054722222227
82457,15745.764173981199
78558,23023.641846560844
107933,11806.932804232809
87555,17693.587004449262
80873,13990.856262385765
94717,22175.184109788363
78922,18816.865939153453
87376,11137.15116871092
79203,21975.472678811922
83801,12808.096586820588
80314,18778.69061267437
96011,8834.83241486291
106585,25300.659941798942
94122,22396.15611387687
101723,15333.050347883598
95561,18649.049154280907
82751,15645.433718734965
107424,21827.574648148136
108316,26866.36387049061
79229,8006.809752645502
104835,3994.9617178007184
106289,11071.494496031744
89876,12504.006971907724
96917,10749.156248316496
85982,18851.293048941796
105023,15744.82264285714
76749,29198.036047979796
76453,29543.265506613752
98954,9461.95973887224
101783,11005.006718374218
96734,6474.684609788362
76884,16557.350702380958
84277,12805.470834776339
104756,10491.026546777299
89268,19104.91320634921
78955,20657.887448791953
99279,6051.181755050504
77361,27172.434208152965
97823,19701.406710317446
84313,10464.308494829244
80520,22357.497607383353
105472,27098.252177489183
77671,7245.584015271765
93098,28630.359584776343
86559,16307.573461159203
86582,12639.325874338627
79414,11365.3531494709
97179,16668.16107154882
94617,20293.997085978837
85780,5585.004124338628
90904,30852.552877825885
103178,8585.492229918227
105752,17189.82398606024
82636,2464.065269933769
81069,16327.881809523813
76784,3333.8877272727273
105061,35198.01174206348
100732,8148.07111758563
106562,9036.553791005299
102833,8088.46621043771
79029,17365.75386772486
91944,27096.647899470903
99849,6693.459381914385
85213,19141.131328282845
92653,17611.91926984127
90824,8763.931333333332
102752,13460.138751322751
106732,19285.544232804237
77076,14722.487738215483
101825,13885.951530423277
78920,30078.534290885036
107404,18676.868406325153
80053,8725.172638888886
108062,9990.151070105816
88256,15399.34406178782
93809,29490.628474867728
97342,10579.520714646465
101308,6124.6742222222265
94366,23183.138444444452
88228,10031.7442989418
91471,23767.350578403082
92294,15148.87201575276
92018,25658.306867724885
77448,37288.479556878294
91091,13694.919205747954
90892,10226.708917989416
93754,31722.171237614253
103644,11051.002522486779
101170,4511.589039682539
87238,14787.810256613757
103651,18915.92208285235
108015,18895.47271412847
96704,9017.887152717654
87938,11567.905236291486
82456,12213.555196608952
94735,29536.327542809056
79831,16912.66974338625
99435,18088.158273809517
77407,20971.53352092353
105163,13637.303100288602
90450,20660.6066931217
101144,12012.20222883598
85101,10627.955851851852
102152,10027.875493746997
96445,23694.108190476178
93062,46385.850763227514
100172,9323.428095839348
91519,22757.33594721018
77563,108277.99081878306
106245,14102.127969817222
78606,32701.73602513229
94171,16407.153955294707
82263,9817.805714285712
104528,7240.383108465609
90918,28497.286067460314
85512,11935.091145197393
88317,10249.615197089946
77807,10398.746604497353
96992,12503.701442511196
93802,23417.84916847042
108022,23192.29789417988
97029,13291.322755772011
92027,48762.03501587302
88331,11277.709861111105
81387,12774.066042328048
78465,9224.905505651754
104119,12121.120588624344
86438,9275.884972222218
78315,13792.63574827025
102212,15060.769400192394
83625,15701.249981240984
99983,7021.506312770561
93838,20062.547109908624
86485,16583.60318650793
99164,17886.818939153425
100640,15469.653879629628
91693,26526.992159035406
90195,7086.2024510582
85076,9838.624824706974
83090,8725.156138047136
84161,10619.451216931213
85985,15559.643716403976
84759,10178.87188095238
105838,7007.622928571428
94748,20263.019030784024
108188,14104.462767195764
94465,17675.236689153433
81856,14952.562320596073
102715,10509.583794973549
106448,17754.43852621452
103923,5066.586055555558
79482,27424.916603294867
86062,10654.315792087542
95217,20449.72039574314
95712,44716.06285317461
98498,7615.061489898989
79175,12758.910082010585
82244,16553.734083333347
91792,31096.755059523817
81626,12875.438047619044
83185,18655.85907756132
83134,11992.85169240019
97667,10786.316838624338
90780,15953.061816859068
79383,27398.56354353053
78440,32345.825727513227
93657,20217.99749206349
98771,21755.92437566138
103569,14783.953642857143
84696,28846.457396825383
104235,25329.989230158717
89916,14902.352342592592
108238,10041.263306878309
97737,18956.772191317938
95184,36953.360988215456
77985,25112.01500276576
100680,14284.21837830688
105919,34641.29650300625
102177,10871.976113095237
99133,7386.306246031746
85097,9048.9108483646
102464,7354.7909938672465
83036,7596.0321960076935
82142,21518.561144660893
92118,9761.85291871092
79734,13306.495244107746
107861,18947.475404761903
98253,10914.383725348727
103183,8527.042079244826
98112,11014.138516233768
82339,22032.28224001924
84875,15903.810004930254
99774,23401.605111231358
101808,5439.910193121692
88731,11456.219898989899
84055,6537.213486772483
87777,10012.617794252048
93362,16232.192195387954
96195,5961.763661375659
87650,9573.58348280423
105329,7917.883166065416
84167,11877.215378306873
79667,19111.016276455026
85111,15936.365312770558
79561,21383.26764021163
81753,25307.170861111103
99584,12806.132798941797
107389,6593.914338624339
77634,59158.031341269845
97353,10792.62691281866
88362,7886.174054232806
78923,27496.42763756614
78687,30275.048472222214
79611,12399.944734247236
97264,8351.115041551036
104372,7625.586847883598
88340,8222.54504100529
81409,13247.820245726498
102716,10565.5656521164
100489,8091.1068720538715
86616,9398.685419312167
96450,8386.439619047624
103898,11967.415382783887
78965,14577.528607142847
77910,16558.618980158735
85534,10074.017707671963
81814,18609.274355820115
88537,14792.808473544968
97930,7093.01295929996
98346,10095.036993240667
96397,17656.811866624113
106812,36700.47479401154
88599,14928.240155603648
102760,10677.82614371981
94884,26276.443987182996
77319,32253.4114510582
77255,10652.844588624335
79483,16095.183679894184
93869,18020.32626851851
78283,30311.89305687831
79491,15398.381773809526
79679,17177.537734126985
104817,8911.303525132274
81355,48436.58430820107
102513,18020.908977513216
102311,7899.399765632519
94639,34158.73725493022
92057,27581.312973304466
108057,9304.039490860987
78415,27471.316303992302
91755,18179.697366762874
94507,16532.166648388644
77368,24088.595968253965
88838,13084.128160052913
86482,12090.346075757574
103032,10645.1035969216
101482,11223.049285473784
95744,23477.246066137566
76424,3563.3480978835996
98537,18359.272658730148
100039,10142.624363155366
76025,19256.34266534391
82426,7085.280838023089
88387,10359.974257215006
100785,13380.151718253974
84030,10596.394737780742
107046,12760.936755651759
80159,10283.209547619052
81743,32065.04306216929
85348,10584.18967099567
79901,27421.186440476205
108373,19351.136034391533
79436,13816.822066137565
83626,12487.224802789808
84211,11318.120035714284
107879,9294.491293650792
107245,13810.594455507455
102868,10506.830570369697
98034,14899.131609048352
101634,10725.150923881674
78902,20113.270067219815
104908,26146.0548884079
108265,10128.461551587294
89613,16457.742334656083
100852,6685.05162758538
101045,13657.413616402113
98194,11149.73977200577
87876,9958.82278289244
88436,7148.417400793652
103563,12816.213119047623
92679,12355.00692291967
97639,13041.84628126504
101310,8716.242294733041
107398,25477.529958874464
98740,7459.229734126984
103081,5023.423631590633
93701,38284.60161519959
88341,9967.12668783069
91276,17926.561400072147
78877,17091.983639850885
100579,1836.7660016835018
76474,22929.8360489418
100963,10867.961340788836
98672,5378.125383597881
94737,18347.621927248685
106382,8645.299960437713
90771,24510.515935185173
82118,20061.203791005293
104839,28095.20172017796
88881,6092.348666666666
91400,33057.00744973546
89615,5515.240843193843
95916,33963.12013744588
99952,8880.933836820586
95605,19717.129033068784
108251,12679.77621031746
88507,10789.67042672795
97142,20704.06038816739
97129,10352.33526493877
106320,5098.280714886968
104569,4566.351583694085
86018,17874.906399470892
98054,8957.953333939482
85925,18502.04929365078
82859,10002.259833573835
107329,22290.554916185658
90943,29802.089935906686
83393,7196.648638888891
108091,10814.568347883602
81571,18772.066575396817
102704,8988.24611243386
89511,8034.021707671962
86361,16989.769347883594
86449,11008.395630952384
91048,32357.420015872984
88932,10665.702847883598
97096,13274.69978042328
92493,27415.277353174613
106005,32479.350018037527
92101,22003.76099603173
85618,15961.515427248674
92275,9975.641102813855
104354,7784.971324074073
100165,7657.096173280426
102137,11902.897889610393
92251,12921.006757936504
102299,16025.943118807112
93358,24474.59463095238
91807,45103.737293650796
108402,15131.364791005304
77155,23628.428922198163
79195,26516.14607275132
96974,8900.325674482923
105848,8867.217832010583
105425,10193.82309259259
103620,12452.765442039448
79238,30028.646024651272
82292,19783.245128667637
84451,4709.4908399470905
93942,26696.702882154885
104577,9665.37069444444
105690,25821.160300264546
93421,13073.213670634917
94411,20427.891625661377
103746,5920.873200216452
104927,11861.743877344883
105798,11479.164429894177
88601,7985.792962842709
87898,9490.879250000004
87580,11574.669430014428
106294,28541.904376984134
83194,10940.428545539786
76073,18000.78079280905
98161,8749.828593193839
99152,8687.520939634442
78180,12689.797034391535
102662,8442.186668165172
98915,16519.04202116402
103302,12232.2315462963
107764,10860.270639129396
79227,20745.935756613755
96799,13421.962775132279
106081,17564.639637566124
107508,20556.83421825397
97995,13301.51362072188
97586,19685.925800264547
87104,27660.077436507934
92790,47093.00590776817
101900,12937.38386375661
107104,13484.80194973545
93384,24883.913765632515
100649,5955.22038888889
94525,26535.563151515154
103004,12031.075442039446
81477,56393.62951863875
94774,15176.074243386245
86403,16478.140001683496
95958,9550.174153439153
85977,18300.15692073666
106000,26233.246156204914
80189,39810.48968121692
105330,19236.8814652477
98119,13904.856933862431
108242,15832.096257936504
86122,8878.239252645506
90847,15565.507449735447
78649,17577.048632275135
78043,32414.262079365086
83454,16046.847657407405
98842,10125.741411495907
80378,39084.54626851853
100525,9033.134086459839
101979,9284.27664273689
93192,26130.07736050985
96062,11730.372983044734
96319,10347.316369047621
81121,49417.95064814815
96527,16577.16167470492
76762,56013.30866822992
89658,10103.974103174603
97136,10248.98151587302
91941,23740.716937710436
107113,10106.546681457434
86846,9381.783526455025
102674,12469.343322751318
85905,19188.46854100528
78034,11038.870337301587
96919,9061.828828884078
81474,25813.90592317869
92121,13135.693920394422
108308,23577.674433862423
105113,14609.520645502644
77939,35818.32825456952
76253,24351.98783874459
86272,9179.223758177004
103786,11568.652490740742
77663,24356.154262746513
90143,11847.62309473587
83487,13891.77421031746
99629,7650.421373737377
78016,46573.60026190478
97062,14381.636335858584
87499,19012.601573352582
104580,5648.116202380953
92086,19706.438835257322
81704,24475.931492063482
85458,19616.380723785474
94697,23522.64338468014
95730,25073.114242303986
95533,26568.26683177007
76852,11891.786145382397
83813,17058.57289682539
91465,28170.571958994704
98380,10823.118773569027
86923,16276.856973544971
81159,31980.876908730137
99462,10099.911131507084
86553,9800.857961640213
96547,10014.798224747472
77542,10845.085989417992
91704,27093.30891378065
103567,16097.06205315056
98508,10262.995723544975
94989,11403.049753126503
96305,16612.068734487737
103772,11433.852723304477
89923,10133.362532106778
84616,16306.289847883594
99970,9095.617527898024
100286,6527.2495330687825
95785,23412.40209656084
77239,9215.161743386238
103828,8685.174116402117
86204,19745.80230687831
96855,11303.880374338632
90132,9008.99331904207
83949,5358.992380952381
97042,9077.011413179413
81439,4103.1273452380965
78200,30288.06701587302
96583,16917.788955266966
77935,16893.805335137087
91759,16493.506966329966
104912,17595.813055555558
95613,16628.852322751325
105447,9589.72219708995
89828,10454.475459694984
97297,25287.10581589707
107599,17742.168129654387
103109,7083.063005291005
76094,13920.419107864358
104324,15660.642194444445
82877,16741.143624098127
88953,14673.787527777773
106644,17712.523982924482
100086,7598.941984126984
103949,11020.576081529582
87447,16631.366982804226
103384,10588.218958994707
108506,18205.6223464406
82045,17750.30313191439
86346,14601.143203342948
92643,35957.88106456507
106532,9580.609265873012
100209,16427.576537037046
78371,18927.7576600529
79815,19050.368438672434
99946,7461.246345238099
85965,9232.185984126982
79558,24302.97261087061
108318,21595.590024771518
100907,6164.9537989417995
85301,8347.762575998076
86214,3837.5479259259246
76307,13964.990787037039
89487,9524.91568891294
90272,18195.424902218154
92470,19874.2223490861
89056,15917.315837181337
108376,12351.009443121702
90393,17469.434763298246
90202,8112.07936267436
95164,16964.259600529098
80501,21110.416150793644
80614,26823.47427116402
86354,10168.592309523812
103851,7750.680623857623
91517,3116.106661375662
80179,31362.247879629613
97710,13445.306989778743
94083,28537.951268518522
83733,8312.398767917268
105032,17742.363999518995
91064,25820.524718253968
94799,27350.646980038462
105548,18984.11600721501
94248,44238.97214357864
91984,25819.140674603183
105390,12011.557775853771
84137,6715.681844872119
84643,9303.324481240988
94173,30128.356478595484
89789,15082.776312169311
99329,7799.0094219576695
107125,10366.98194540644
81011,11161.760803640804
92062,56684.46902453101
76630,21854.616900793648
89022,8581.355592592594
91463,27950.13138624338
101563,17565.55528463203
104307,27870.41067488993
95572,19917.431840095087
91019,16254.041962962963
76966,18776.77532467532
76916,29118.43606878306
82319,30321.147741342007
93863,21489.348301467056
96798,29742.447584535832
87072,17559.78958633958
92771,18395.50269576719
105915,8977.702051587303
106830,11899.119537878792
88798,19723.489855699856
81750,11067.276312169313
90415,10990.894039682536
91110,25368.16435569985
82187,22692.24812962962
102386,12259.728115079364
103517,7281.889075085591
86270,28972.91572342472
83526,14189.139871933625
83728,15050.15539021164
76878,10995.716064814815
99712,13717.65242361343
92556,10697.89529761905
89879,10579.336743386244
85276,7319.338139009141
85272,14701.30694444445
82645,10503.325077406074
81445,13550.79206866282
97841,15010.162406084652
97088,16641.78465680615
87735,9973.84276058201
100748,17677.131136206383
94315,33887.1098193843
105218,23576.150340428096
79295,23242.02181878308
85482,11122.579865765862
105112,11083.186546777299
98458,12707.105685185188
98177,10597.465242544498
92392,17212.624512866758
106885,8959.2091506919
94239,25523.252806637807
98355,6546.715076719579
81111,20378.001779822025
101464,11663.326568061566
92070,25251.098097550588
98707,24131.082370610875
91095,18336.65046428571
84486,13710.405657814408
82898,16053.075344035595
108233,9413.660461038959
80001,29410.922254930243
83538,13596.77092063492
88563,7619.597586940838
98871,9839.516006132755
80645,48310.903605820095
82054,19349.92410978836
86397,10569.53006216931
97865,14381.233905723902
81700,24855.837435185178
100417,9485.417349927855
91017,19669.676170634935
95218,23213.036338624323
105519,10614.405284271284
98097,9756.162137085137
89232,10837.082785714285
104997,15061.296946729191
94952,53061.88813612313
87017,12905.424469780217
94876,32267.043281746024
87741,15426.484869288126
82776,10640.597637566136
106221,20236.166273809537
100602,12322.760209836457
105337,12231.707104497362
94476,22055.144806156797
82899,11507.977898749392
79145,36587.33286363637
90481,19313.63785185186
92396,33636.62133633959
94605,28681.492739417994
101668,8614.296725589227
79742,9956.524267195766
84465,15548.248264550259
86828,11193.784636363636
84944,15455.381477513229
93680,33828.94933862434
85778,7212.891490550512
82841,10926.868146825389
96597,30844.92797486774
106852,9792.877911375663
88003,15692.789475829726
90461,8959.255291606545
91184,11657.453123015875
88055,15763.587525252526
99180,10650.616319023573
87766,15964.08336471861
86691,13942.43456926407
107751,36977.78945238095
94882,30873.87695177971
78637,26461.2257116402
100601,10428.959892135648
106271,5691.393502525252
94355,29392.56888359787
103261,10186.212300264548
84449,5936.025798941798
79799,22405.428339947088
78481,12557.61039189514
76569,29992.875490740742
90516,19589.27578499278
91054,29887.834104497346
97435,8952.005399951904
91203,19396.05133104858
86130,4100.987547619047
93768,28820.84831950456
95494,28618.7380674603
94319,35963.549203703675
83638,14662.60806986531
82289,36140.93714862915
107990,17240.911939634436
76261,15827.77330026455
103466,14169.00833595933
91403,20836.20696151996
106025,13985.784648148157
79465,24571.60222931698
102871,16806.1598042328
108446,11856.880855699857
107305,21241.745472462724
80190,27687.232156084643
81649,8986.880186507939
104611,13427.804112313614
79821,20131.264350529087
106756,10213.626171115919
94209,31189.29237698413
81524,20644.713825396837
102947,11042.78529930255
87868,11358.632353896104
95933,19918.11466281867
86850,9150.002840909092
108381,16624.329914437414
88771,6237.95939153439
83105,11980.964792328037
93264,41986.89850661377
93240,25400.7330330688
94060,29461.204218253977
95003,13244.950711640207
105812,20655.181178571427
76675,27353.856324434826
91421,15199.68856613757
102047,10672.412773448774
76316,18184.168866883123
108385,31956.868643458398
80043,20469.28819636844
80122,11107.36183621934
76885,12569.23363766789
100765,12924.313420634913
90748,7207.465973544974
90799,14764.231897426642
98792,12381.658211640211
90085,7113.278506708692
96967,13095.38834116809
77008,25653.160273809524
100132,14629.88733465608
90720,16545.59772727273
105966,13382.052351851857
75981,14558.496579365079
83312,15005.843965608465
106478,15037.602985449745
107800,13671.89692833093
103769,10664.062436183
91814,19042.270939514197
92683,24174.799259971507
93319,26567.77532570207
90670,15624.497001322743
105982,17010.81888455988
96565,11973.995496873493
89299,21179.826185185175
87406,10086.665863636366
93260,47829.31208742185
101201,16264.352022246278
85414,15308.842218253973
87273,9725.933217236467
77653,17324.248349446843
94848,27047.91354834055
81983,11604.50601455026
98927,9449.703758177013
105078,16358.840555194809
102825,8065.200316137568
91211,18866.585565055328
83862,9958.706174122175
76624,13460.993197089947
96502,9144.923125661377
93149,30602.824838263605
105761,17621.898111111113
81327,10294.148190476191
76688,15214.54265692642
99302,7821.975420634928
89052,35469.536343915344
106892,21012.7562051282
97157,14202.107458994706
87715,14648.667623256377
104669,18662.24354629629
108522,19780.937899350643
104725,28345.61340319866
86473,11643.07971825397
107402,25245.029091269844
99376,23272.31437289562
105473,9840.510701058205
101761,15869.90785497836
100229,5853.1689259259265
104122,5781.8329165464165
103433,11125.704618927368
95259,23398.06083862435
76691,11794.696706469462
81526,21072.67357275132
90817,15229.438669312161
106577,25210.928969576722
105900,15524.63659331409
86342,15106.736580687824
100902,13166.589907407406
84715,10344.655792328036
90605,13399.299757335266
80255,9985.252708282454
84484,7270.2403796296285
82894,6944.311685185187
86148,9216.749763227512
100981,6603.669386483887
104559,29936.05827380952
96603,10054.477842592594
79461,15081.83864718615
83864,7294.357727513227
99364,13891.250670634927
98182,2647.560578042328
85145,19744.367431355673
102591,10716.639035714279
91416,30001.321298701296
89032,16770.214220658956
98530,8812.034261423762
98214,10853.736417989418
87931,9291.479970899474
90835,19999.70212842712
82398,25746.137172679173
104749,8093.910067867323
90735,12967.376094276096
105444,18841.692372895614
90324,14363.427445767193
102500,13823.385120573872
106702,6040.039437590191
90727,7304.21995767196
97427,17525.876441798926
99844,9087.655340890595
94541,50336.62812502318
84483,15851.510646705146
100773,9827.992489417984
97910,8150.424650913899
97461,15251.437904761906
104846,9237.679409211161
83951,16015.39221693122
90276,11617.73487181337
85508,14678.338337542089
90153,11699.240277657525
89830,22279.28754605579
89708,18022.17280327081
98504,22761.48487830688
80397,28120.19928571429
76172,46158.32857275133
85446,11442.553335497834
96732,11121.216625060124
90781,8106.040705387204
86208,8066.119085978835
87814,11757.25852052776
90938,30124.406460317467
91231,28523.9651477874
80979,18224.74828398454
85098,16766.673627705637
82160,48248.883284391515
82809,19876.118787157287
86468,18754.38878848003
104758,6248.648378186627
79772,30914.996968133724
94343,21358.212884920642
91304,27307.24668783069
88751,12951.964833934577
108437,27624.703126984114
94059,29781.323537037024
101856,8219.502978595481
76319,18156.46044877344
77918,29656.991321428563
81976,59304.547555555575
108377,20092.152455627696
95984,32061.432180735927
102208,10836.815437109188
84420,18438.723447089946
103716,16601.022689273683
106428,9532.618322751316
94602,16310.354633237135
101119,6561.209194444442
77387,16598.566218253978
107227,16394.389764911015
86164,12759.38255363155
85096,14224.064393060642
108198,6643.802866402116
86401,9714.84034114959
86386,10084.401510601865
82726,13822.884294973546
91977,33932.996153920154
87805,17993.012142736898
92810,59214.20882275135
92387,32123.061569143825
76117,13899.677636243381
103862,12274.339874338628
86962,16558.81956830207
77023,53461.19958597884
102863,11683.052042207792
85375,8972.15678968254
84363,17044.030681216937
77485,18102.83478932179
99266,9915.402166426175
100253,10626.69712698413
79037,16624.73851190478
92228,31623.657110833617
84144,15102.769811087055
96577,11753.32538949014
81837,13515.119256132757
77791,19136.39878306878
80717,16200.76126659452
88865,13529.468452260708
103611,13704.38968253969
96150,25141.92117328043
98071,21934.29712698414
90964,16236.954453703698
108523,27175.541096560843
89431,12549.269137926885
107595,23576.33887085136
94778,28373.465974627223
91385,19917.828055555547
99288,20073.28828787879
82885,16485.489259860507
100437,10758.745194444442
88938,18781.42066666667
98801,15271.330059163065
107023,6881.333817053316
88675,21447.350609788366
90159,14243.079292207793
85804,11640.643120129867
80088,30807.766367484375
94929,29297.993749999987
100421,11177.464669312174
90603,11986.50938564214
101899,10925.637252164497
83201,15933.825664552794
96023,9452.124730158732
102019,10325.991455710953
106863,15142.217584748585
108263,23110.323183862427
100605,8254.983510276756
100998,7997.662708994712
105544,20238.82048544974
104343,8613.09349735449
89692,6603.459816137564
106309,9418.665510582014
86065,7051.411861111111
86436,9614.74123779108
103991,7878.838645331965
92712,34153.94421993748
89709,14236.897342833097
95415,24848.075609427615
84959,18570.860869047618
89069,15142.561321428577
85580,16175.063125541126
100728,11156.110600529095
80638,35805.284785954784
105713,7536.074014550264
98494,9823.923636724388
94819,30954.35164947092
83800,8448.363808441558
91085,16738.78046897547
102276,10612.26332142857
96111,13707.59840608465
90891,24521.597121212115
80010,10927.662813371815
99501,8508.808279100529
105431,15776.033255411256
82161,9685.047925925925
97426,8978.128090909086
100242,16366.942045454542
102470,12447.399921957665
94769,49292.91735870612
83472,11130.786997955753
81138,28373.1111422559
82719,16178.4580551948
97305,13021.940898148156
77744,12637.052220779222
83536,12230.44584199134
85355,9466.308284271283
84273,12120.476854497356
100061,11107.323291005288
78109,29659.695411375655
86119,16446.689150192407
100274,10608.874941678696
90390,15804.659665343914
93338,35383.96903571428
97460,9224.679417887666
87833,12306.34158201058
107064,20425.52873537574
80942,9087.16877453103
87473,11174.634383116892
105869,14188.449190476193
91776,26274.3868068783
85853,15677.921945045693
94909,22200.115846560846
82407,15240.248630591637
97633,11616.017488215497
80176,22427.010781625777
88572,6327.363727873975
97971,55865.40976058201
88633,16355.035130952385
76234,19537.346429894184
98579,8619.556640211636
90034,15244.977705868212
80857,25217.626258537766
85633,11216.476078162583
97760,17832.407778860026
88831,9648.429715608467
101303,6405.42112037037
104373,12084.215960317457
83512,8375.838779100532
102692,11428.700444444441
87092,8604.766651875902
104305,20025.518907407415
95344,23332.88424603174
76629,26840.2545568783
83699,10416.648087301586
99290,8677.313708513715
93528,30084.274779100517
107251,8142.645738095238
103980,12229.58790740741
94469,27885.422937340445
96448,11879.579460317464
93511,19407.337693722944
101249,18541.237010822515
90543,16312.028474867722
94928,20534.79544877344
102623,14455.556778379021
79505,12994.238708633966
90175,17409.973750240497
77417,16016.693955026465
80974,25971.248944444444
78874,14296.48307503608
103376,6241.264664021164
106490,24915.57208766235
103267,6304.838931096681
92434,28936.81055423279
94016,46181.121345238076
107217,22070.449228715737
100783,6693.2022275132285
104306,10100.937689153447
107691,44090.87892592595
79101,23250.2819920635
79607,15564.707159692163
96910,13673.665801948053
104648,17296.523664862918
97752,6992.00093121693
91917,18956.86267364117
78307,32152.04820370371
77462,11099.7816501924
92958,68257.63733596035
92148,46552.099642792404
93317,25761.860777537277
77824,22626.072483312983
81043,18069.725624458883
77339,13363.386988095242
95942,23555.06308465609
106865,17471.963742063497
100781,14678.3441957672
82907,8317.445257575759
98541,30315.954252765736
99032,6728.6654784289785
94935,19792.70419179894
88567,15515.01785449735
103765,10080.957587301586
82436,11117.684543650794
87940,8910.499834850336
83542,20264.18609920635
80229,31239.20894708994
99988,12303.304931216926
83379,13499.815074074073
100404,14359.260657888408
76340,20014.73953643579
104105,8646.397259620011
107460,20546.585272486765
83058,9836.068059523812
87987,10491.037172764418
105926,6446.298620731118
92263,21687.844353174598
76100,15503.869141414143
98059,15792.0500542328
97622,19944.600018518522
100124,12522.037979316978
85132,16278.889139730638
90849,9261.270031746035
89461,8605.92173809524
104144,31299.396866402134
76429,37193.12551587299
95660,38023.38006240982
93649,22882.478964405957
86295,17831.467969576723
91313,49549.052181216925
77778,40120.14263684461
76003,13464.866556878305
96131,11613.4722039442
80441,16476.133137566132
107065,25191.0266564454
87237,9104.707289682538
79135,34330.8180462963
79471,14023.57512037037
88444,9964.146481601729
80954,11461.193772486775
87030,16795.495523809524
82803,16185.418910052904
92307,17147.629663419913
103846,11148.856631433395
81505,53856.01806481481
96454,9344.185177248677
92723,24464.86357142858
85406,8674.52709896585
94692,22194.795131553627
96459,10800.206393819146
97045,5485.553373015875
88125,17381.50766137566
107173,22251.527296176042
86708,11172.580532347281
104799,8867.698415945166
99726,8931.29242063492
83300,9698.033015392011
87117,11185.781319800566
100398,10618.345708152967
82731,15185.88060353536
106322,27314.229228835964
83937,12175.00800529101
76509,22934.600430254926
85158,11481.426168370668
90411,17723.360570105837
79751,18121.07877248677
103864,8657.985666666664
85183,9642.694994708996
83429,9869.774018398271
104401,6874.446756373258
102908,11477.06235858586
82107,18871.761543650788
83546,16569.448612433865
101326,10759.80540343915
83489,15750.023597883597
95464,11696.420002645504
95312,20107.62314153439
76958,12630.59017051467
87284,7737.661729918229
93565,29379.779209235217
91521,33340.05958333334
103751,10816.448287277544
102806,8058.317470899473
83404,15208.600051587293
78539,19794.327560846556
106376,7419.074484607991
84742,19417.313435185177
80991,14565.914478234727
99185,7517.214422743923
81160,25304.174433862438
101309,8705.08994973545
96620,22130.00260663409
85514,9227.91501058201
104504,10933.263032467532
90442,12205.763581770087
78824,18130.69105363154
93907,8933.316243386245
92574,41884.690201298734
87966,9678.63256084656
84013,7529.618121572869
76192,15730.825783068783
101039,11834.588433862431
93377,25143.50771176046
89911,10384.751277777777
82649,9106.094016714766
92244,33945.4708531746
79456,25406.63052609428
84577,8763.081407046657
101829,11295.299168831167
82454,10073.322254259181
90738,8520.314465728718
78614,40391.489451058216
105723,12647.6796056166
92281,5679.2928677248665
83361,5462.090145863395
87484,11441.472403679654
94268,29869.095939393937
102791,7601.795548340543
80098,44596.32164790765
91058,15321.484420995666
94029,29925.269033670033
88543,10499.350059523811
81670,19579.552191798954
101579,10652.359839225584
78436,15924.473115930361
106875,12399.68655242905
87655,15852.456408730159
91929,26092.001231000475
91251,22470.081427368914
89471,13069.553536435791
97578,6946.809091269841
82672,13264.369317460321
78444,21397.328850168342
100808,10458.32684776335
88869,11167.127220608538
85357,10486.313264550266
89167,13452.236399110148
106862,25125.6106079846
91281,47683.35977549306
87788,16353.447821428577
95287,16862.6050424483
85680,8993.246493386243
94781,21618.704091630592
84268,13346.057151034147
91867,33776.81508645984
77714,22334.866365079368
103499,11669.955221542417
83996,7833.523154160654
84187,12546.585709910454
94237,24906.652724867716
86917,16893.777425925935
99891,17764.318661986163
100901,9569.811736772488
78556,32837.351333814324
98139,21834.160691761957
83447,18299.41947126021
80732,20903.544220057724
81168,14937.07210317461
101789,5018.366289201538
96183,14906.067034151032
104888,20658.434162337664
79944,58312.43197835499
84752,11575.818158730157
99274,5788.9175753968275
101601,14807.949226671482
100509,14235.425560726306
83579,21256.550254449237
78657,15828.930276575275
97894,8016.913806878303
98305,13489.434908730162
81298,14131.092488095233
98132,13075.375407407411
83681,12366.542286741034
103875,10491.994255993997
96447,22128.902892857142
105060,19717.690084656093
79150,52662.50608080809
105628,27857.552637566143
84027,11060.026179017415
98984,25350.880863756607
103343,9615.050511904765
87304,9609.182079365075
92483,31576.937531024527
78555,18096.684417027423
78697,46290.590725348746
102830,10884.038711880721
105192,19048.858079365065
88749,11004.076799387789
97670,24061.073749518993
89034,7705.721025132271
101691,11475.770896825394
79307,20327.579255291006
92856,15788.074557840306
85540,6837.958867724871
86841,12054.518190596444
78144,21112.313572510833
106175,9831.3797010582
101199,10385.294148851142
106284,13386.605823593072
107920,3217.179594997595
85677,19400.863671957675
80672,23308.196534391525
87751,13085.832393819133
81660,25741.828957671965
104608,15461.14236315536
90356,12649.288874338632
96037,19483.764158489666
85376,8125.225616332501
94596,14688.030854316978
88457,10715.735964997973
92475,16533.65570202021
81195,16952.212747354493
92529,38864.90483177008
96471,14261.267105514851
107840,9966.450691798947
84210,11205.657424963927
103192,14483.213869509103
101468,13619.726127344882
105529,27235.061021524765
97367,10230.208816137565
86100,4499.41092893218
106778,13879.911917989417
81881,27136.05242111591
89597,12633.951141941392
95589,27187.572849206346
78552,47552.9149814815
105240,18579.077513227505
83448,11694.443994588746
83290,9437.080230158734
93867,38296.53027212602
104187,22505.442455868197
90760,16956.205616402112
89599,7492.119820346323
94415,14076.464760461757
105080,7151.445484126982
100371,13173.412182539683
80360,29040.70947198173
101046,6938.745803770304
76264,17927.43778835979
93041,21335.239461519977
104160,11621.72883833758
78058,59902.290490861014
93770,13204.936943121693
101223,7148.469690476187
101983,7517.734096560847
98730,13294.427685545941
89800,9555.878121693118
88196,13162.173767676766
97641,6326.863625661375
103870,10074.38696909572
84704,6032.0889933412145
77526,20835.028014550273
77738,21463.41855555556
90078,3225.2786521164007
94292,24923.243057840304
78838,18335.073349206345
81836,28129.526116161618
80276,24374.657521164016
108312,18296.318387205385
107467,21567.576351010088
79713,22860.579931818193
93468,41216.812972462736
97220,16835.096820105813
98297,9147.103433862434
91141,45300.23754894178
105107,16285.475217032958
89334,12636.00213047138
80077,27759.472070105814
85326,14549.290303150547
88677,16742.212617724876
86517,10154.760586339584
78770,27121.883755772003
82840,16942.732562650308
84256,12103.462704545454
92318,28303.774998677254
92119,19440.55729119028
94970,21574.160206950448
76714,17820.524553391053
89170,12111.335078728815
90548,14893.878676046179
92194,31376.479962602225
78522,27650.515560726315
83527,17179.83980411255
104239,8712.012726190476
98128,28302.0954404762
80712,18831.34477513227
80259,14695.027362137866
78469,32627.94824001924
101923,4906.84137962963
103655,8921.44128439154
101481,9789.998644300149
86550,15847.03551370852
90289,11980.892293410292
86255,12343.886942594438
80411,18333.379204425197
97263,12883.339116402118
91086,7881.29397679173
80675,12969.794929172676
77800,27153.843658730162
76613,30680.739972703213
87002,17792.910524170264
104952,12266.710944444443
94790,37931.84738576238
89888,9594.398166185667
106268,33495.88839021163
76926,13569.825760221263
90503,10002.078352573355
89083,18952.24129525703
92741,10654.458624819625
102911,15887.078215127463
84601,7268.576678691682
84846,9767.930896344402
87884,13231.026937830691
88305,13867.91891666666
85335,11442.959546897555
89396,17946.736805555556
101992,8984.58195899471
90693,16170.486052910055
83262,13053.462705026459
81620,18057.011246031747
88435,12776.286635642142
80013,44754.803756974514
79539,24494.972962861215
85226,15765.088238095232
93522,33751.66886050986
77175,39025.88422919671
104947,10368.334306036553
100869,10479.183740231996
91575,37932.6082037037
105880,34349.64331878306
106564,20630.734371693132
100585,5938.030163059165
107332,10469.127641534391
77295,29939.900872895625
90575,8307.687716450215
102261,6942.313404623156
108080,14611.515972222218
80364,21786.045367724873
92476,10496.625050144301
104078,17226.14354776294
79184,11543.362394179898
107575,10749.514071669068
79281,16412.072560004806
88560,16728.936325396822
84166,16791.885412938915
78054,11017.315570105826
97324,5527.180819985569
85558,13209.96680820106
95710,20139.590290524287
98600,4274.8929272486785
89622,17036.407169312166
81838,22723.83217893218
90646,15267.087902116404
88110,6586.197166979873
104085,12853.273336700338
98242,17588.24175925925
106226,10005.046270960516
87500,8470.245689153438
104807,16440.140902597395
100160,10192.531259259262
105379,5724.896046296296
96754,22101.750751683507
84863,11347.618430735933
100130,10913.41130806231
93462,34572.71660714286
91640,11120.099576719576
95922,38326.63064297738
81137,26912.157017195776
78194,10766.034796666296
87308,12117.99271265771
106775,10732.35666137566
86629,11395.821031320538
87659,17819.381194203947
76404,20726.591975709478
87258,19627.074781746043
100560,12419.907171356423
78660,13666.62926984127
76485,19435.75749867724
99545,20522.801325396835
103074,9707.638811087063
77874,19050.471766714763
97514,12491.094711159205
103308,7045.321275132275
94753,30491.09598857624
80045,19143.675890211634
107089,28964.045694444434
101236,7641.307325396827
103264,15566.0346979317
94387,15284.438011904756
91926,15593.105715247715
99972,13280.039359788356
98651,7451.234957671955
94873,30154.437865504857
80722,5445.840690476193
95907,51515.92688973065
87746,16178.911889971134
90574,10753.38657263107
85387,13839.766504449257
84204,9494.345869047615
80453,20202.1821957672
95244,34356.998101851874
79952,14839.773311327554
105770,11329.399400432905
100419,15643.059718457469
84200,10130.74757118808
88059,10242.681721204724
85615,6128.9000198412705
90795,7067.271287878791
97219,9228.793944444447
81380,12643.539509259259
78928,17715.440844997593
85613,19115.653705026456
90529,14435.391027777785
89825,11741.77167015392
107431,10374.458456349208
97707,6337.415907046658
76203,19166.15212962962
107808,19091.02067724868
106497,9743.608686988937
101925,6354.9714563492025
95434,20122.354781746035
103718,14155.266158730157
103544,6973.47534624961
78735,19315.519439153435
101803,7504.228421957669
106491,21261.473787999046
85594,11147.93492925792
99930,14162.01900517075
100927,7620.5810939153425
76097,17709.113461640216
89406,17855.30700132276
103773,7390.732199735449
107843,10073.992376262628
83507,16111.74410185185
89693,7699.382418498167
101441,11189.795235856736
91438,10383.666747354499
82189,22509.66639622414
94224,32863.86247486772
105046,13306.566799062048
105441,11954.81905820106
97014,5303.552152116402
89955,9866.577049903806
85532,15617.363100529099
99916,13134.393625661372
103336,11560.001092231843
102567,14056.777406084662
77309,12132.4905952381
95074,22018.612455988452
105279,19604.503188912935
77443,38820.32575108226
100797,15296.082214285712
97954,6076.035950817702
104854,10050.608135882632
77615,12058.128874338625
99982,11716.27618999519
91956,17136.220600529097
79467,26142.116400793646
80293,13813.392912698408
78335,14705.877597883595
96252,17576.858577200583
94301,26943.914583213096
97832,14397.662752645512
103557,12972.472578282832
86997,9992.999996845745
78106,11126.07986375661
107176,12286.420235569989
102079,12267.578627224633
87624,16431.650009259247
108178,10355.455192279944
82226,9801.040788359793
85709,13726.736749999996
78061,43711.07061712362
98092,8832.929046296298
77846,16764.495443121705
91751,21517.71553968254
89344,18275.99440367964
78458,28449.96569865321
90444,14154.982533068784
100411,7869.5942010582
76272,19468.750943602692
83891,11272.990762746516
87391,24528.443517195756
83460,9067.46975
98018,8893.63691798942
99334,12954.02990500241
97352,12620.049814814813
85704,17025.466625661375
80151,13149.957085257334
83044,12790.22820767196
98476,7953.906661255408
82495,23011.318076719577
100766,7464.791474867724
87429,10459.615138888885
80457,16814.39184126984
97923,12826.296267195767
84002,7685.554825877821
100461,16928.971678571426
101414,14945.241122053874
86834,20488.19630940356
79455,34470.40170767197
89913,7916.584591149594
88592,7547.424252044254
90339,13640.07227332852
94894,32259.44750781626
76725,26046.794819143823
95859,25944.356597883594
92694,13999.934929894182
85619,10609.78036111111
107634,12823.832019119769
101014,7763.398656019906
91174,26948.358126743628
79521,17969.540928571423
97334,8829.657545520888
80761,13790.36512926888
81867,12331.882180976434
96925,14366.063155964403
89478,8124.690550671552
104606,18723.51532936508
77120,52855.07296296298
94436,19628.52350396826
96562,7824.03812830688
100076,14249.92744312169
100900,9829.513951178455
87706,11888.600328042323
84868,8404.416042328043
77447,10243.21083814334
99633,15209.842951178458
107182,45001.207276454996
103805,7366.147501011517
79968,22512.982941919206
106861,23171.97148412699
81356,27928.616458754208
90962,29233.33372510823
102794,10205.865722703225
102702,14578.634133542386
101649,9383.50255579605
92766,10969.10418915344
95750,9843.810159211154
102296,15628.56245322271
106629,13459.720285714284
98746,11804.67322222223
95417,28852.07822924297
91178,20635.126996753264
103915,8087.528429894174
94148,26326.03005555557
92159,22055.02015354091
89562,9870.093372053865
84575,8301.486571428568
98654,7687.642181216928
96212,22889.847272486768
102653,7620.408287698409
88269,14496.78913492064
79684,28192.527097883598
83922,12671.496940476189
91288,32461.129481481512
97422,12985.441077801828
85223,4942.222390211646
101422,13509.105318783078
80295,17652.15988227513
88778,19813.127701058198
102400,4581.6251321548825
106858,15444.95542592593
91510,29462.938666426166
79257,24353.219232804237
106694,34193.4940638528
86646,19534.298745430493
100380,13467.318421957674
79631,44500.03470238096
83337,17870.75067147667
92866,14058.178111111112
93764,21889.67664285713
100701,14221.608904761899
85085,10277.274919913418
102731,5705.05096957672
107928,21601.521518999525
95668,22600.407087662326
86229,10885.848383116881
102872,10169.48076984127
95063,19531.884331168825
86474,28539.30675120251
80950,46893.77186519962
84432,8337.834205026458
78964,8652.473355820102
86914,19461.10908994709
97272,22118.76105423279
99757,11572.898117604618
92235,17046.603403439163
87764,11568.613662698413
81233,5559.0447896825435
91506,33455.10265873017
77920,13464.725461640204
104487,26288.097457912452
102823,14005.806854497361
96590,12839.318359547866
101069,9518.955711270208
82549,10404.474351972103
77585,22308.343906204915
98854,48442.19021693121
82501,13042.317336618873
101386,9840.180498677257
86959,10215.948566137571
105135,21504.43440295815
100304,14019.176279100533
76999,23452.4751468254
93936,14419.637114718615
96755,6758.685315175567
102115,10612.757109187105
81953,11232.748735449735
80238,43419.63172089949
84324,9831.606682872683
105850,15314.474046296295
86327,8538.204671717174
87989,4990.135707671959
93530,41786.708951539214
99610,11306.744333364102
102129,10288.198519018015
100985,11285.598027777778
76008,51055.08215897064
77703,21288.84014021164
94691,15682.808610028864
103293,13898.953274651278
84439,14335.18872775372
77444,17152.838451058196
85455,15735.41716137566
93989,76424.20458333337
85336,10946.55872643097
100517,15136.671437349685
108179,26773.160227513228
77395,11516.818084656084
98462,11761.946153679648
84943,9954.278013107267
78028,30543.930278980268
81596,25943.455574074073
95852,38822.667585978816
88816,18285.03396729197
94448,27923.539420394427
86470,11723.894175685418
102503,7970.778186267431
105474,8780.172917989417
88119,10519.619359788356
96141,12179.245498196246
85763,8487.029048941802
105011,8263.896328403076
99747,8182.8256118326135
108392,17415.186658730163
90949,14783.487417989414
105446,16706.00421031746
95792,41151.517921957675
94956,21538.872237373744
102277,4869.022920033671
77366,32160.77624843675
91112,19472.97779954305
76355,20483.32752380951
79142,22265.929684824438
103859,5404.863735930735
82352,14536.845530182774
86826,19033.724833814336
86754,9571.1893985089
104363,9542.151527777773
93154,24413.151238095237
90930,20401.940509860506
107269,17088.698686507934
104109,5312.265342805342
100487,18276.590156084658
106527,15634.804718253967
96225,21076.743474867726
89925,8972.47680651756
76775,29527.093795695044
83082,17530.134174603176
105115,30843.13567484367
103481,8800.924606902365
105642,20781.14530555557
92703,18203.004927248665
90864,8952.578506613756
96072,8774.952536556031
98628,11174.78655158731
102378,11799.768442640694
85185,9869.922314694573
93707,27611.115425925927
98795,14975.702477513225
97577,7499.063132275129
79804,21841.343215608456
95541,13962.658330086584
78568,50981.05822775374
79608,26755.974615079384
103860,9993.313227032231
98449,14024.48925757577
91377,25499.554843795097
103436,6305.887284780581
102582,12580.233578042327
78381,9702.720371693122
90999,17581.516390211647
89764,15689.041715969213
99515,10884.762378306878
89133,6441.0406282433505
81859,34934.37966582489
108005,10296.949952380952
103733,10029.389623015872
105155,18006.109058201055
100185,6553.672898148144
102347,13422.80360714286
107943,11349.256935666188
104445,9148.608919672924
90149,21561.722002118255
106593,16252.496175925915
94733,20651.478756661854
91481,33423.845718253986
100201,8802.134386243382
94149,20328.43437067563
101639,3545.0320674603167
81577,31699.61439526214
80120,28277.32501262625
85995,10315.213621332368
85199,11996.431330447325
85909,20627.582000000002
78676,22525.497786315536
91948,33767.868033309285
88041,15705.41604773929
92848,29341.104938797303
87598,10427.263273402526
83613,12787.30206746032
85054,10450.188686026935
96903,16554.190189153443
78725,10058.51000613276
94869,33045.8600198413
89121,7130.389483164983
79858,70267.25715462313
89079,16005.650269360276
77639,39285.96247426645
84498,14700.140682058682
90431,15737.137956349214
80553,11294.910363756613
90257,7324.506179894182
91607,29145.837593915334
82794,15835.962556878301
79243,33474.481783429546
93687,20833.88122077922
91774,29603.390166666682
104622,7265.697627344876
94152,5609.3992103174605
107441,19397.446287037037
96359,11971.874051827805
105873,18812.951332130844
82415,11838.387361111116
106807,6522.032887686387
82732,4712.324744348244
105350,16829.68076382877
107206,12173.678347883599
82693,10874.47720238095
101998,9639.364289275542
107032,30002.1434047619
88200,14511.591666666658
105801,13064.150447931706
86649,10099.38563095238
104334,19506.727612433853
101972,8266.543101851852
99530,7672.857734432233
96201,15515.862669312175
105972,10658.946332010584
100425,9393.069225903724
106763,26697.74808201058
90434,6387.444231000481
88690,8835.358315295814
88747,11075.306532432518
92158,14867.295666666658
104298,15911.206317340067
91527,19842.263620370373
91731,18843.36265698653
89575,6850.1632500000005
107525,14924.189298581052
80805,19640.25139225589
87001,17145.422871693117
76256,29305.539867604617
106726,16003.376194564684
100912,16263.26175925926
78223,21716.80289814817
78232,45320.74816666666
79424,19317.748099391345
83551,12248.052264069262
98945,5655.988392857144
101673,7011.748522607026
108525,12980.373567219822
92543,48197.74213492064
92373,18574.34682804233
96994,2145.511537999038
80957,26346.2124541847
104185,12440.876770562767
107318,23097.03888227513
89348,8130.0025203222685
108046,24405.174058201053
107385,18755.77965969217
104247,23863.759339225595
79675,20860.229919552665
95374,22152.031706349204
108422,10607.005207070702
76584,43502.14234355458
94645,15434.956752645501
87779,10702.360829365081
76043,20036.108848244345
101605,13166.106842592591
83501,18241.11232227032
95444,25199.07400396824
92724,41107.745427489186
101099,15191.409490740743
105469,8123.814769841271
78289,30243.184744801485
90064,12671.876814793597
93527,13233.527353174602
102951,11725.178279100528
95138,18858.26562433862
90436,20350.397627344875
86900,11347.248654761905
107779,19456.08984139009
98096,7049.7065476190455
89305,16394.188239417985
81735,14689.343791005294
91537,18270.996914048923
79302,13443.786764790757
106769,16527.253630952386
105306,12483.510694444456
106670,17115.349113756612
80113,32312.897405363165
87168,18988.05311243387
90710,6553.917911375662
90995,16003.70007539683
96388,11640.345089466093
88029,13000.05152248677
92389,16028.096876022124
102649,12548.234977753727
97530,9091.71488492064
88501,15791.339549543045
80998,23689.728915103413
89624,7763.173201178446
83063,8526.423402837905
90128,13886.088276455026
104897,7283.796308321309
85490,27810.901060846576
99453,28666.348702380943
107743,15096.841325036075
105662,14760.545506613758
89186,16183.863673280412
93355,24476.47624867725
100497,12777.164039923042
104389,14561.19802513227
104476,12638.704200336702
94822,15380.301770803268
102639,9028.481197089948
86493,9226.652780663782
95602,30074.609643939406
86924,10486.114672262922
81852,12012.238398148145
102319,14548.296892857148
107863,11586.080953703702
82938,13911.043442298442
89666,7936.276073953823
92812,31460.90168518517
97393,7746.423464285715
92386,28567.746575396835
77152,8698.71712866763
107259,20489.834132275137
90094,8649.737033781035
103704,14627.834091269842
107194,21952.191240740744
86326,8910.069150793655
84993,12142.90886632812
83853,5481.100813371811
98484,24486.778465608466
91880,25963.936929653675
89715,6913.489443121696
101393,9251.342428571426
87375,10770.988788359793
81722,15387.45223100048
91249,17586.048862433858
103603,14834.988570105828
96576,8359.725010582011
77094,13586.604705627702
97706,16402.111265873016
76932,11380.880208513703
86648,18066.995703703695
95671,19398.198972222224
87831,15288.51934175084
82577,11687.213752645494
87475,12353.17783501683
99557,9701.494534632035
82882,3427.793523809523
97798,10909.271514550266
99009,31358.50194083693
98120,12840.157892015392
86637,8925.996537518038
91310,15473.257047258301
101677,14490.981758778253
105146,11255.62676587302
99727,12350.142969576718
84169,7194.520632635881
91121,18154.758004449257
87151,12240.900441678694
107732,20051.325793650794
77136,31721.70112037036
77148,5304.975073112075
104946,12369.198233164983
88249,9407.220044252042
105127,18216.148460197226
89504,19954.00301142376
81927,34483.10822619047
86452,16802.521365486373
78250,16275.999628306889
85921,28381.187005291005
81378,12061.641773809535
106286,16495.80259126984
82085,16633.44715355941
100957,12197.980408730162
98903,11305.085502645497
93994,29112.2622092352
95727,44387.75901647429
102483,15495.479426379172
85566,23571.16217460317
97406,6843.346161495911
76120,4405.7795
101642,9670.668722823473
86245,8238.739060726319
82830,15581.978565897069
85386,11752.666515271769
102072,12822.680339947088
81015,14768.137835978841
76016,25008.975123496883
103157,19276.862577561325
85980,11800.670312169308
107548,21670.09576190476
83411,18078.94541137566
99745,8861.422928811928
103338,9680.987242424244
100366,10572.662501322753
107718,23038.11261772486
91888,20447.795211038963
106559,12878.53792809043
102293,17049.61096825397
88007,15808.221097883592
100545,15420.204093915341
81498,19432.232948486704
81632,53478.35611640211
102626,7494.984985930737
91621,18590.520612073116
88591,4575.436421957674
87743,1949.5336666666674
79289,37128.596787037015
79813,31263.756468975484
93561,40749.9454431217
99218,8356.5973015873
83575,25279.719626262624
86909,9604.205267195763
81952,7114.1724671717175
82101,32335.715673280407
79912,12521.422537758535
106129,12907.678501322755
103614,11104.412441558441
108271,9890.381768518517
88813,9448.278252885999
105533,30675.755145502648
97693,14181.718821428567
106423,8899.60031216931
88858,12302.027188990942
79568,20326.090191798936
78667,43477.7353531746
106744,19919.64196753247
79183,23616.446338624333
92329,18824.860537490287
93551,79376.73390079362
84807,6683.644098124099
106251,20703.213064814816
86816,10595.650549543052
85547,8948.565321669072
101577,10307.898386604145
103281,8492.276089947089
101919,12111.904763227507
97281,9114.369169312167
85353,20407.949773809523
99143,7115.82191979317
89606,15456.461329846084
108144,16796.543512746503
94628,22360.563215608465
78418,29972.083488455974
90238,19134.801986411734
97412,10211.890967412222
95368,22021.913497354504
80945,29474.177239538243
101657,13195.206252405002
92454,27061.906731481482
79075,12233.300707431456
81257,15091.279013227519
99019,8562.55172835498
91946,12853.638111111111
100356,7758.494624458873
88464,7821.72523773449
82081,17211.716743386234
97199,12212.182046296297
99762,8392.20363528139
101497,6978.563742368747
83716,14043.994769841274
99067,18999.715142857152
107895,18562.83353306879
84198,4043.2228478835964
106770,22949.441804232807
87767,14126.475177248676
102945,10659.329868927365
95956,21479.380222222226
81644,21026.715302910052
86278,6423.177727032225
79399,12131.494628871129
80474,14821.150732804233
94588,25589.977225774222
108471,17254.99148148149
93417,15548.936380832136
104702,22503.43720767197
84151,5757.574554112554
76589,12657.092271885522
104490,8365.131457190959
86365,9328.663701298703
90620,6015.101520960524
81071,47749.882569088324
92311,23859.990194444443
103019,6779.631153439153
100231,11407.48456397307
83298,18714.65063696488
97958,20149.922935185175
95436,27334.40721476672
85413,17255.49418109667
104619,14366.395353174597
84835,7146.239290524292
86314,13965.036898148146
91780,38130.36612433862
88338,12908.266324074079
98012,10268.65598472824
91161,22056.840300033302
108156,6417.992785954788
80607,18350.504791726788
105607,20154.061796296293
106586,10139.895534391535
93442,10812.291160052906
101779,11182.174526455023
86324,11079.24552757428
101056,8142.586755531506
89524,9024.13886630037
96619,6669.9859246031765
102914,2725.163966931216
105085,24835.20527994228
88414,17679.7305482203
94174,16111.161024891775
77296,13934.266391534391
93567,17165.359954545453
90823,11620.435791245794
83440,8950.307972222217
91053,19673.87603571429
87349,16200.328816137557
93853,14928.61416931217
88334,5451.656656084657
97251,17246.304018518516
108429,26337.90094047618
90331,10434.570452380953
86234,9804.800043650792
102632,7212.599720418467
82553,8491.938202380954
105227,18855.793458513694
76476,10727.477751924005
99277,9460.740354497357
107214,16347.89324470899
101622,9730.448582611834
91446,17959.98843304842
102009,10418.588171476671
87852,8412.231526455023
93868,20224.30818819144
106100,21832.376414021164
84477,14861.320479416496
90371,6455.773553631556
101643,5275.266786796536
92270,31390.494946479455
91036,28905.584381923625
93120,14375.831707792202
96986,11793.62772619048
88712,12768.51659106812
107673,10943.662447922448
94689,47450.39131938431
91664,31060.455151681646
101139,6896.500611111109
100211,11469.203825396826
84843,13756.125224867727
99077,16588.264873015873
86601,10131.394012556437
82207,30601.59208201059
83457,10567.773683226178
78306,33639.324240740745
102397,12824.080121693121
103423,14914.113732804233
105818,6819.131170422171
97146,15025.863516835014
95680,18407.943595238088
102459,7485.322312169309
107092,15241.86439417989
92734,41333.79371572871
95647,21142.95369576721
77576,12963.489238095244
101530,13007.470376984125
87264,7632.814080206834
88978,10642.386287545789
86197,8218.501410654158
107810,21890.91112349688
81681,18667.12174050024
105951,10269.762207671958
103476,12459.436002645503
100268,3286.0699573112065
92647,22449.414162698406
80498,18563.62232010583
90634,24803.029988576254
86670,17196.744863756605
108110,4712.525424603176
83881,13997.109745550746
77006,14934.276768518523
83528,15588.371953583446
86178,7478.413139009139
105430,7790.164214285719
84321,18411.992885401636
90491,12815.430913540164
86339,14545.940233285231
92286,28492.733441798955
101926,20181.60852260702
106776,18056.495065203308
82619,14497.782836940838
79817,18074.47217460318
79626,17043.340395502648
87043,15378.244060726312
106571,16336.307951058208
87059,16774.470451363453
97729,11019.970194444451
100298,11909.36448412698
98256,12891.04697955748
97907,7100.608714285713
95953,19172.088381433365
91657,59292.37764021164
101343,14663.420534391536
82111,53818.83273544974
108388,13230.377907407406
88818,16517.024375661378
77029,30236.326510582014
104074,19402.355279100524
86201,8074.624289682537
81545,15697.779185185187
87713,15849.819433020686
92371,22772.834777777778
77156,10508.41615079365
76880,24804.928118446376
88282,12506.733541208796
96654,33343.420174603176
97866,26055.24300541126
90293,4946.4068884078915
91292,20039.031749185993
77320,17055.49989490139
90383,7672.969649221148
100241,10971.254823833578
107973,9741.47812830688
79074,31488.2712343675
92862,19965.66306096681
96379,12932.024923160174
100683,10991.947338744594
76236,31340.60010317459
99113,13367.053743747001
100305,9767.07145406445
86570,8496.934908128907
93251,13510.70117328043
95890,16625.140467772966
104632,25251.441892857132
84213,22836.6358430736
107818,23457.65010630111
101521,11548.48106481482
83053,16453.33821308321
92890,18943.601853174612
107449,12855.854393939393
84022,9666.237382559933
90915,18115.97538696489
80324,49113.62285618086
81352,21610.210321428578
94642,17087.39402164502
76123,28956.18078439153
79202,26541.02882407406
104174,26362.345308201042
91030,23866.34145375346
107033,15584.32638359788
102759,5132.080014550265
102192,11245.312703703708
101885,8474.85887878788
97716,14699.46103968254
81631,13489.762378269881
81759,24990.323333333337
98702,9619.591912698406
105784,26968.844280423273
81817,23802.945899350638
86529,12702.156598207346
97857,9735.83541546417
82820,18810.85373857624
79072,25872.543837301593
92301,26471.851424603174
80309,13117.788296296298
102835,6540.270091269839
93599,17660.49039550265
90253,9764.322565416069
92875,23440.001858826352
83698,11270.995312169316
104398,50947.229834656064
96860,25359.31551406926
105925,29706.458021164053
97861,7016.147878186628
80226,26016.685493386234
92699,19793.106373015875
85949,8119.315782587786
92215,25930.76229497354
84214,16592.085351851852
106157,13149.32352777778
87047,15314.589342592595
102413,11221.656252645507
97955,12059.709066257816
81441,32430.640238095253
101029,13052.562604497365
91634,20114.322468253977
84859,8151.052718614717
93328,23226.325708393448
97318,9296.007996753247
108048,14450.463849927843
97815,7451.049906084655
101921,6974.854470899471
96260,6608.674944083696
93491,17205.550292328036
95257,14736.867866402123
83326,29233.395099206336
82475,18516.074374338623
107393,11216.938564814816
94132,22516.97953787879
103233,14467.383412097159
88140,10862.442207671955
88395,9323.744111111115
95094,75979.04818037515
95939,22103.50153571429
108234,19722.691161375667
78788,25366.225683862438
93021,20018.196008177
98301,29904.60123112072
104221,9628.377247354498
92384,24414.0888505291
76288,25778.166893125384
99805,11673.166242849744
90900,10679.2580022385
77888,31365.984454184698
100126,8182.272389369892
82197,47707.72087469937
90987,13556.996912698425
105383,20799.97979497354
100476,9201.362067700817
104238,8870.868949134203
89211,14203.155537716284
97794,5827.22990079365
105692,30397.987608465613
98699,13037.111317460314
104212,20132.20855964406
107544,11264.490010461759
107748,11707.357585978838
103427,7408.552758056758
84063,7489.8885621693125
98384,8135.256810606064
91209,12576.903932058678
101379,8366.37728174603
78090,55902.79433345359
88321,17477.42149723425
78786,19341.309226430974
90751,8580.785304232804
85706,17814.80878571428
100853,10348.145408730159
106131,18720.78178306877
89397,14013.15192592593
76263,3350.102366762867
108441,46566.50868915343
88221,13518.388313492067
92526,23001.858385956635
81169,28650.581232804234
99853,10587.775691709465
105516,9549.941693121693
85227,11753.37702910053
101567,8552.523826719578
84331,16239.122502645512
78187,31669.1185937951
94441,15623.574233525735
100067,5739.665693121697
84660,17286.117095598835
98951,24794.241820346313
93815,9279.15525661376
76848,17901.678806878303
83378,14419.192090668597
79966,3359.309742063493
98219,11927.830557488802
89076,11876.942293650784
86619,14628.137342833088
106225,17211.64269708996
76793,31947.544079846077
88351,10596.903661375662
107927,24737.971483405483
93374,22609.30667460317
84067,14429.345612669491
100355,14158.932650432896
82099,36688.38841822991
96457,13007.285787037039
103061,17536.446228758163
89169,16406.465070466566
97340,8329.829060672406
82912,19000.90075132275
82266,13404.729355218857
78561,50544.37355952382
100839,4839.97507178932
85302,2668.687027777778
99375,12207.001847643101
99881,9047.480580687836
88083,7520.486992784991
86412,7593.947263708518
84852,9619.665611712362
89087,16421.603440115443
77702,56236.353890331906
94308,29372.258167989414
100896,8070.300248436749
88225,10958.32126322751
89796,4495.751276686275
101985,5736.912578403079
77360,24816.379561808564
92220,32574.536538119297
83866,17166.372193121693
103140,5204.570557299182
78348,13855.634989057246
95353,25613.9086494709
81413,14303.108534391531
77106,22086.638757936504
103700,17404.73422883597
88524,11261.658101851855
87461,14114.866636123144
78565,34475.507853174604
82507,15038.266883528273
95578,18278.791025132272
91998,18488.65212469937
98342,12267.846326719573
96413,14659.742272005773
78273,29794.900409331407
105735,15187.199353535358
83640,16993.435509259267
100599,11810.600450697455
108024,29558.47148941799
85550,20163.192481481485
82875,8052.704821428574
93272,12076.859809403562
87870,10184.906189668724
83279,11722.164265873012
105742,16213.742059163047
96152,28737.78820899471
97215,16630.24338600289
76322,58616.625697089956
104938,16968.792985449734
81197,13651.796953703702
94638,14674.070225468968
78474,31658.174445970697
78282,15079.560370490619
83765,13979.656235329483
81798,19536.94606445405
84877,15700.080760461762
107924,9836.334301707546
107870,8830.05790199615
86640,3666.575298941802
90317,12435.960441981399
90787,14142.214542328036
102045,7480.804645262148
95893,27143.524416666678
104067,12889.946477513236
83702,13560.554706349201
88581,19919.869760582023
76140,20000.46932142857
87782,15047.49268734967
96924,25699.226658369418
81993,31823.36900264551
92440,25603.997068884793
97803,8652.381253968253
90468,6833.502043428794
77617,28900.58059788361
108325,13747.84272089947
78387,24452.884640211647
93953,72753.7832314815
87120,9075.899676406929
103344,8949.909146825397
86899,11528.649402116407
79585,25419.06547781849
86908,9648.561744708992
101362,16254.869875781626
89150,17887.33942604618
92083,17231.46697607023
81913,18369.578380952385
86370,7360.7499365079375
78733,19280.945044612778
92552,26969.09471031747
89154,18097.873152116405
97775,12276.271655890401
94930,58073.28550625303
79476,13262.604820105822
76220,11769.861578042332
98869,13596.891417989418
97474,15122.076301587298
99008,7482.538062169311
107702,25587.22888492065
102495,13951.805740740743
76423,21855.15068650795
76460,11933.117682539683
83918,11174.597461640222
90937,24807.285578042338
98893,8979.77221345811
95015,69491.90779268883
94231,19643.775525132274
107866,19362.309651394906
91935,16740.04057407408
94141,25247.612269841276
84712,12025.087993987496
85125,16226.411986411735
102606,15473.265489417985
82305,19032.911874338617
83086,8751.002990740742
87329,9223.249840548342
100213,9545.395248677243
93661,26837.518760582
95973,25902.924921424437
103243,7142.627839947091
77036,14082.369895502645
82262,8674.100643939391
103648,9348.040937830683
91920,18957.25017676768
85960,11206.55532010582
92632,27166.383999999987
97381,12134.729550384802
100466,8614.87489225589
77087,14545.922146825387
89734,14794.27006084656
83766,11612.008563492062
91812,67271.92843783069
93927,47910.373157768176
93439,13594.90314550266
98318,10748.255625661373
86863,10873.533489316244
95233,17596.313296296306
78974,15240.619481000487
89793,8898.380288600289
92799,24431.39911339585
91635,23171.48782407408
78414,14403.152248677252
90596,13750.297044973546
80519,30424.344673641157
89515,8632.47137782588
86481,11917.09137698413
92047,18205.025789802785
77635,17068.697304593545
98546,7804.792496993742
93556,13059.526248677246
76764,34280.50968650795
104600,18141.76799531024
107170,23698.17569865319
104809,10416.067132154887
104957,44224.34563888889
100565,13341.675971260223
82733,10546.622420227919
90487,5857.0263194444415
104778,3730.0856354941375
106916,31399.802944444444
85771,9929.59031915307
99896,10049.211174399672
94796,15620.071494708998
105856,16756.669410052906
85845,12804.178705747958
102590,9620.333311087066
95913,42754.56893518518
104395,15146.061418905174
96422,12958.880574434826
101279,11331.20896031746
98041,6032.541217772972
90702,10474.762936507936
104988,13589.097429292933
99996,14779.063113756618
103713,8787.860579365077
79170,36509.308863155355
80452,10910.101529701778
105657,25861.2806825397
94986,22576.13674037998
106339,10980.338712000965
98568,7489.005710317463
88304,7743.1780992063495
87628,9891.847253487258
92003,22232.179920274182
97111,14560.840981481475
98892,14332.967321428567
97778,10995.578046296298
95960,30278.47725925926
80575,17932.382567941317
94709,22887.995075637315
103647,10095.03506854257
87784,10350.152649470894
77344,28789.911352573334
104068,13528.880551346801
94747,23321.197054232798
82797,14334.680057239055
77079,14972.234887566137
99217,11099.40996031746
84624,9777.666417989412
79999,27441.852066137562
107791,11010.280654761898
86274,7023.157782828282
92407,14379.870302910043
98109,24218.934874338618
104428,23023.588400793647
76693,17027.776571428567
96321,7753.990064814817
107222,10626.700665343917
80693,19009.562287518038
87795,17262.611253052502
83814,11369.399382275133
85548,10345.211443963442
103252,10253.523438792692
104453,18638.533521672765
80578,28424.060185906696
103826,6555.424637196133
103199,6899.923021284272
97338,6767.574064694565
107287,11635.275232804237
77059,35904.9075357143
93965,17039.657552669556
89513,7089.87353042328
83064,8517.110273809527
103490,14345.719023809526
99116,6897.2361028138575
99690,11636.430265160767
96405,10074.262664381917
96969,8883.216902116403
84317,18267.414475348738
86480,17302.830600288602
78305,49950.60175264548
96458,19245.982975709467
96847,11410.420602693597
87888,10423.223703703703
92753,41728.34929629629
84191,7538.163455507454
84830,9473.123597522846
100910,7427.6006600529145
94969,46943.69757121522
89103,7841.231101851851
93092,16514.83865740741
106511,17302.14656878307
100549,17855.096757936513
90741,16577.093411616166
78118,18533.15312037037
94087,11677.2287478355
87584,16381.068490740741
107254,12337.976244708994
105985,21179.67138492063
88323,14288.375425620678
105221,11939.92971957672
101901,13726.919543650796
90944,32296.402883357387
98634,8770.391037277535
94057,18828.591358669095
77391,10509.991090067346
77284,44894.58467496391
95838,37398.819278249546
105720,13012.799472823466
97257,21741.89132275134
96339,7202.0895634920635
81848,33077.39359920635
79581,26732.60083465609
97762,8955.14834283309
101710,7641.194991402115
104892,9229.245718494472
98689,11960.952405067155
102340,9751.080257936506
103335,13522.011546296299
80348,19985.98176587302
101717,5735.758103174603
84797,16442.438351731606
80101,20811.66099843674
83224,16581.504867364114
93736,16886.66522883599
78612,15244.381795935547
80009,11555.958684704183
90246,13780.090203102453
83348,15835.874108345357
102263,15727.67185582011
84153,16362.143872414626
90556,15529.767087662347
83726,10943.15712169312
86153,5884.608272847526
99219,12404.161144179898
79008,20826.59703896105
76574,17752.09077380953
93345,10812.425764189513
89271,18830.468302910056
84424,15941.146130952382
104788,20333.091859427605
96178,15086.177718253964
90344,12583.881011282296
105532,26409.69098124099
83994,10832.820661375668
91151,26043.693997354512
77889,31985.032622414623
76382,20031.022656084664
97738,6764.140046536799
86371,14430.499990740744
79800,46161.82349759499
79323,24915.894004088514
88652,10387.27666110015
94397,20410.494880832128
80125,12271.104991785991
103621,8482.157709355462
103073,7406.690243386244
104977,20802.03556950458
101232,10402.111957211875
92921,11217.411353655605
96524,18748.87601443002
108206,7257.646603174602
98011,8569.127613275617
82282,62899.85352116406
92162,11205.56941005291
91162,23052.17243121694
98222,6593.899267195767
106388,28148.168865319858
76194,13438.909507501752
93165,15722.161557118803
77080,22139.058677248675
88188,10694.476553751803
95987,11200.699179181933
82919,20728.782115079368
106334,9858.430000000002
92868,31308.963904641674
83314,14525.875387496522
83498,17237.539122655122
99081,9457.701190476191
101875,11397.058660293415
76353,37687.89121296295
97969,25038.310250481
86292,18920.248835978822
76622,27629.05273483923
103480,18138.31789814815
85818,12572.173906084658
83971,13248.599124338623
97382,14090.18299206349
101439,8178.326412698403
96661,12358.892207671961
77795,11426.239619047617
105731,20574.16456156807
91696,16714.81080952381
93939,19945.526185906692
97415,12809.721332010586
103354,10772.062585978838
98909,21538.39304437229
78125,20486.474764550265
106866,8852.11563768639
98910,7611.982309163061
106208,23304.621779100533
89885,7056.393936026936
76580,13796.417307239051
95892,16225.736148749394
91957,19242.118518518528
99645,11100.84945634921
79562,45983.51112962963
82838,7693.402972342471
101076,7955.63102032227
81361,23994.182369047623
108419,13019.262531467559
93085,15955.824247715247
104426,18581.115810846564
88313,12413.949261303504
104866,17301.95484523809
101788,10171.290679292933
103172,10999.99328246753
98374,22110.94598941798
107111,23609.78858994707
93480,20077.37238900915
94099,44837.67292051465
100358,11564.273787999036
82106,31223.84748388648
92783,29135.7401931217
95978,15994.355296536796
79394,13614.745121693122
81521,23893.727891025643
88260,7774.453215488213
98649,9808.463715728716
81422,20238.440575396824
86500,11020.320906336392
92997,11108.619729446482
107940,10147.132544612796
80225,50241.782108465624
94805,25483.51982539683
88709,12536.658078162576
106470,10406.399353174604
78835,17744.8679539442
90721,11991.547874338621
105429,39411.93227513227
107998,26358.125029100538
89287,11096.750908334398
77311,13850.035407407406
87200,17712.90015873015
95348,13918.362872655118
83148,8977.19863407889
100616,12420.15147222223
81487,65014.050787037064
85031,11957.347994468488
86761,9663.442211640211
108219,22903.43316798943
106290,13074.808272486773
81428,9515.055563011065
94572,30726.922046296288
99173,10962.396836459833
85760,10152.40986375661
89013,27185.53120634921
85726,16742.877710317458
98647,8686.490110630111
76300,37779.908142857144
76204,13858.817445767198
99199,25876.346080687836
81833,14165.552548941805
79245,25415.428587662343
83196,11126.253428932176
85013,9013.25307142857
99200,10175.025608320035
96238,16515.847198412695
96548,33444.012311087055
104251,19027.8016468254
91169,27220.990622608864
91530,22429.310437321918
103143,6810.111848605099
106804,11441.900712722467
108066,21482.815556036552
76048,46883.795321428566
75977,15869.660508177001
96347,11005.894021164018
90190,16705.02622222222
77081,27556.622943482453
83861,5361.966577320826
100546,7469.550073953824
78182,28927.351851851865
89589,10027.439003367006
85606,7447.796463684466
78359,20914.56458994709
97559,15987.025920634922
76721,15708.820898148151
88097,21017.821050505037
87435,5502.365943121692
80798,12482.712065536318
90537,7550.759384920636
100528,7539.2701733405465
106401,21012.223730565736
81910,14610.612006613756
92691,28557.818538359796
100615,10189.306847162095
77234,57520.45474446851
78332,29938.73106697932
77572,6536.9471768879275
90150,7615.394902837907
105917,9893.915268518516
76449,26681.268585978843
93412,17364.107072150066
86269,15068.142830206829
87995,8891.599921957675
100075,7105.010197089948
80021,47480.67779232803
90343,11305.068348364592
106349,10171.760970779222
87255,12495.68827380952
85507,17454.376920634902
76232,12367.042165824922
106308,15007.587306878302
92289,18526.654796296298
104499,31921.573875420865
81788,8875.521712962962
100405,12497.865654521403
106380,13908.649271164026
81018,18928.833934121416
83259,12672.17581621556
94489,31596.107839947064
92430,25179.954936507937
82401,11030.720835978831
79510,47461.921892857135
84456,19760.543319624812
98445,12176.021580687831
88466,16150.29164550264
94340,17914.634882515635
104411,17519.450937830683
85378,10928.228863997105
93363,29248.51316726791
108217,25615.50790103415
84003,9836.97172919673
78674,13759.759898148155
83754,8759.952326719573
107659,34596.85793783071
104134,10209.677381914376
80428,15161.787276936022
107034,9755.345921957669
105024,21699.704180254932
105501,12852.029113756615
100183,13688.381990860998
96262,14410.942887205385
102419,11521.76076670552
76520,16174.675734968725
87564,7902.361886243384
95034,15723.072826118327
102071,19344.462672198173
92236,30943.104226190473
108245,14594.422349206348
90472,8039.736648629154
91733,18787.041162818652
86418,13876.95197510822
91544,17112.888946997442
108294,7224.637025853777
103067,15990.811109788361
87683,12670.980064935065
99427,7421.933824915824
78592,14876.653599206345
79477,28321.038106180866
100575,7037.044938842206
103629,20804.113635161135
86341,17032.58064345841
87901,8031.813463443965
100467,11792.518944444444
77769,14751.336713443963
90466,10022.481355820106
105120,32146.486105820113
94434,29126.96752248677
90333,9365.477679894184
100483,7227.542665103411
91083,21401.15315079365
86536,11491.282109788359
108361,13896.691085497836
102652,13739.013691798937
84120,13079.119598965846
99541,10306.89818503719
80658,12162.18376058202
96028,26756.036111111094
82478,9051.770744227997
99296,15123.349107142854
92923,19664.63578174603
84564,14909.031455627717
83515,10619.890812169315
80070,32805.304599086085
104027,22474.246578042326
79391,15596.096618807107
108108,7218.533843915346
99156,8563.788007936506
94668,22185.126235449734
107534,11323.223860630105
88509,10102.538265873014
78713,33134.32257275132
95033,26060.551873015873
105878,12994.78914814815
84590,11112.55500228475
104297,18316.96650613275
93140,22193.793133597894
95943,44589.76081998559
87298,18474.658793650797
105774,11445.77365343915
98658,7196.087613756613
87070,18827.24860185185
99465,13632.097336940844
105845,7694.899023328528
85369,23066.502958994693
83600,7452.086394294918
93030,41175.72203703704
82159,23236.17427513229
88527,11401.418579365085
94866,12924.953910052913
81680,25477.895708874457
85293,16242.237199233712
83020,10684.916713064711
92112,9957.90986892737
97809,9188.890747594998
83970,8968.747596560846
86745,16167.196575276581
100652,11022.608653679657
78837,26648.0615
96354,8584.31626671477
90084,10487.874605197629
84838,16367.21492087541
90416,18463.95165680617
82908,7623.668871693127
81469,21227.722243386248
97939,16193.822208994708
84109,4984.61658730159
94042,41273.92093554594
78843,19562.187701298702
94386,35405.86176214527
79961,37038.372164983186
98556,12054.476089031341
78323,16089.150906084651
98349,12285.609797619047
104599,10938.586921717177
92804,16497.616185786443
81485,16443.74389069265
86984,13321.614294131788
84902,10859.396930941417
87230,16539.288739926742
101698,9577.473754208751
81187,28634.39534078883
91728,26287.909406084662
90136,20027.308320947574
96483,9088.959093915342
103424,15092.137488298738
85712,16808.09095502646
85509,7985.630357411653
79976,19889.685265873028
93406,20133.18918013467
84108,11269.769832584081
82598,10151.68920086813
88086,9735.303794973552
78975,61023.67439213564
78989,21965.34661820587
93597,15624.610194444433
76707,27490.253566137555
99370,21427.42601984128
90372,11263.85731445407
97227,17140.4394920635
93053,31183.0065506253
99724,9920.273052623006
101261,9912.019327561327
85273,7389.68544720095
105019,21134.469939995182
107234,14034.43620815296
80816,33961.434383116895
101175,7969.570658730166
105866,40677.112793410284
96858,7793.6090277777785
96226,7122.857355006107
97454,18943.671980880234
94540,28188.0814541847
99937,13869.518948412699
96637,12719.882325396824
82607,8772.057359547865
107708,24088.378222222225
104404,22204.143462722473
80758,16337.54837325638
99346,13521.878357494365
100310,15549.045927248679
91670,28569.30464021164
91353,25400.148653439144
96061,11411.294244708999
88206,17378.245399470896
101814,8602.960237493991
82298,9665.366460317455
94958,21264.482362433857
80444,27983.59717400193
93957,33864.22958465609
100830,7744.986653920156
82523,10398.71403435653
96073,8040.574560311652
87933,15926.268192159698
100553,10923.74576625468
86623,15135.787046777292
87445,9823.548826719581
87890,10797.1239490232
103149,15415.793761544017
102862,11155.191888768633
77553,22539.974342712845
104728,15863.737234968736
77884,31881.597547739304
85105,17592.353261904762
76064,48868.43071164019
86071,9307.753493386246
97148,21732.488986411714
76161,18537.131210317464
82950,8722.11863756614
87334,7419.438890091385
104120,11381.362829365076
104591,5574.109109908611
106665,15548.97902934103
103766,8427.62210816036
104087,9677.743957190958
95947,39781.02726839827
87165,6014.024924399673
76294,22962.223363035115
108455,19696.674380832133
85399,9830.42042328043
84698,10643.09938756614
80713,12193.307774290523
85799,7608.447363553109
100254,10806.566858465609
80264,10983.163001082246
94211,9556.415104737856
98839,22137.049627187633
99631,21138.872211640202
81506,31973.934902116376
76167,15413.604343915345
91308,49459.83223875197
78803,16882.886772486774
92010,15013.428112433867
99424,7341.157513532766
82042,15322.546911375655
89760,7931.789612433862
78489,28509.259880952388
102712,10497.67162049062
90935,28327.951530062524
102912,11185.926421957676
99041,7947.41137650313
79903,51103.581002645486
96670,8924.198316137567
76729,33374.31074206351
91107,29109.57809848486
87286,13969.153423605812
102303,10661.588906084653
106623,22512.949251082257
86955,13730.917728835975
90173,20695.278618686865
99829,6556.313323232325
106155,13474.4677037037
95426,54030.07740801788
82218,23599.214246031737
97534,7881.044753968256
104186,15608.34125012025
94450,21717.706640211625
77720,31434.891093434344
83278,12329.081756613761
90401,17333.957302549316
95842,21111.611667147656
77025,13379.822883597884
88288,11614.24398412698
83552,17845.755255291013
91467,30650.20477080326
78417,23839.52908750509
81312,27014.556406926396
106656,13920.46066666667
93396,22457.36980555555
89063,10326.463559523803
94830,17550.96904497355
98183,5204.285443121695
101338,11952.141958333339
86784,13200.301424603173
99315,9561.427705266962
100058,6224.7040384800375
89181,10968.666978114472
92271,26188.985309764314
97562,13132.134129629629
79601,13127.799150793646
95361,13667.093415343918
82021,17039.969793650795
80766,13883.50864405965
107591,20369.23560449736
97689,9458.188414862918
77322,16265.980640211634
83942,10050.01959271284
80703,36093.73663588263
84304,8589.521659238904
92976,23526.224037037035
104652,7576.166093434341
81684,27902.305786315526
90189,19136.156860630115
92960,33846.46272089946
91335,19629.089245190004
105310,16336.156928571429
97940,10284.188312650314
79726,19736.57091329967
97677,14893.631588143337
76868,29000.43838792689
82008,62310.178514550265
96078,18539.113447691216
87835,16821.173095626596
79247,16667.82346031745
77781,11263.525130471384
83214,14038.726834896586
108215,26086.878974867715
93824,29110.015315897053
80787,13964.032957671961
91615,35941.76623412695
80389,31861.26744961518
103596,12656.174486772488
105821,21024.757078042338
82476,9267.41146164021
95265,17246.58891137566
98399,21857.57320238095
76238,21697.450789682538
99100,6330.511646705147
104714,9236.713484126984
90919,12564.2376984127
83623,27866.419300264544
104865,11814.27467568543
82002,17079.857214285716
78910,22565.27970334294
95502,40765.85296143671
103857,8929.338082732083
97624,12903.306891534392
85720,11913.850282828289
96531,10992.728033068783
83085,14179.28905291004
107580,19426.078171957666
100283,11727.893722222223
82635,10047.590658628413
83319,6178.722722038445
82752,19859.592287037034
89036,17595.19384499759
83309,12861.291937065927
91103,23669.449238576235
78064,64312.01177910056
93250,43091.00057275133
104512,16661.59937037037
79857,8299.50051924002
105526,18378.936699735452
95901,32184.19851166424
88558,9699.25020141895
106352,20082.869415343906
77802,16474.627614237615
87315,8604.884326719577
78742,26771.35371296297
102737,9823.728931216927
102515,8649.563769600769
89811,7348.424319985571
83376,18097.63182467532
81478,27388.72066666667
90640,18717.167045695045
77782,10623.483984607985
95954,16902.10233549783
102593,10360.089617724881
103795,9773.919362193363
90806,12666.563324074077
89657,18161.81174122174
86003,14024.962059042811
95380,19662.261562049065
105152,17008.400965608467
89783,9722.97997354497
94941,10949.212180254934
97059,13027.119996031752
94104,34958.05484391536
108398,12010.931272847527
84930,8856.757489778742
107156,20063.267085978834
95687,19069.100414141416
97033,8991.538302068298
103036,9919.810833453583
85849,11568.0243239034
103638,9992.063718975463
76938,35302.40102645502
86884,10306.545865412372
88711,11874.991440476191
105179,25903.181616402107
103858,13061.19491137566
105362,30855.350968253966
77038,18430.24411772487
98935,15896.171948653197
83763,14760.890589706583
106254,20387.745960317465
96326,20694.26697751322
91225,34116.68735942763
90336,21505.257973544973
99070,8565.26159920635
88213,15730.319440836938
80925,49688.23858597881
99202,13352.852724867724
98190,6697.290755291005
93632,13870.874723544974
103377,7541.183302910054
106788,21517.433534391534
104266,19951.7104491342
97957,11771.50642869168
79055,26724.137396945658
99963,11896.208083333335
104883,21055.26815836941
77565,19116.531649470893
104641,9557.410030525032
92456,21755.244319597066
90989,37290.33756108706
96336,10559.18283128908
75990,11327.269636724384
81685,26017.82535846562
93610,23712.98701058201
92156,23926.029818783074
98823,15908.535453703695
92141,39647.1185978836
87756,9363.399485449729
87211,12599.699816137569
93983,29496.061992784988
87098,6355.94065897066
88453,17935.085313612308
78408,15418.218960317457
82661,10697.935312770562
105658,9402.990343915346
82377,11919.644266594518
86738,11652.195576719578
90498,8342.843908249155
96128,15815.51257142857
81136,20630.800886243393
96840,10298.739466931222
104970,20509.058576719584
102228,10449.653843434351
77466,17487.429631313134
77981,10260.70836904762
94406,52991.42609980761
107110,11553.177002405002
106442,20872.705801346798
90593,12796.138001322759
85731,9797.511145502642
91243,25040.646997354488
88327,16504.18736483886
101596,11787.957246031747
91216,25191.45118783069
82093,59392.96596164024
106882,19713.331208754207
89713,12564.981076719572
93144,5922.392312169314
88299,17614.629646825382
78242,20196.54972775373
93200,22660.98116798941
97874,13047.866791726796
93836,49967.39465921117
77774,32248.937349206353
94322,24752.66555447329
98230,11951.348805962556
96006,11835.775131914383
85959,16283.00154497355
88398,16856.529428932176
99305,6394.195071428576
86936,15395.166645021643
107147,14206.677655002404
89432,18058.479568662817
104475,18709.82683333333
93164,15570.340635401644
77276,16843.886670431424
107454,17410.28310245309
89979,23438.422145502653
105360,7398.281511063013
88586,10050.516244879675
84105,14732.737973544974
104625,13602.589364598372
78707,23046.535010582014
98962,5220.847190716691
105679,6246.588030016279
107418,14257.066752645504
93072,67911.34278835982
78519,18274.560379629624
98281,20711.263643976396
99872,7438.550718265403
99188,4864.472904761904
102719,14047.508537037038
107129,11187.35932010582
86785,15471.173296055797
80533,16857.934002645496
78168,17728.295183742182
96300,33882.53795658971
85605,12368.099514790774
77676,16577.033683862435
86360,9614.097412457912
95177,44893.41827597401
77263,8347.270985449733
83488,18633.63528787879
106949,21087.371279100535
86400,11496.748463684466
103763,11165.403424908423
98495,11217.79445502645
94363,6109.034850529101
101940,9187.572416786914
81366,16123.483763227512
99546,15833.118986060237
80651,19767.298679052423
101196,11942.130108104851
102050,11196.00083465609
99804,8052.196661375659
87153,8608.19623941799
81225,15200.704827200578
76181,21791.211386964882
98469,20313.657143819146
93979,13156.865079605584
87480,19058.01437433861
76369,16289.402576479071
88375,13600.751817941311
79983,12700.536321428568
87393,15737.571352813846
88732,10036.214467051466
85383,7604.331441798941
101126,6709.880838624342
95928,17908.179688441185
103011,3314.6584325396834
80083,35883.68579761906
96118,11057.998737974991
85674,13692.656743987489
82917,17420.821931457434
91143,14661.713449013943
101645,10989.956703583455
92817,16826.456992424242
97402,9431.09507936508
83885,23402.10207936507
101758,12702.609146825396
98594,10356.469064213568
102018,990.5733531746032
77568,17635.46655820104
92202,22066.816070105826
83954,13877.807894781148
92567,10826.219081890336
99006,30061.74127513229
90732,14663.179615995123
81955,16060.385431216928
82585,11789.102955026463
106285,11474.837452380949
93620,20276.86351647426
90725,16381.991971380474
92088,12716.425882275134
107174,6880.005802429051
90304,14108.180432299192
104127,17936.1298466811
98880,8762.09296693122
83303,6133.591053751804
94770,28874.293050264547
89074,18285.96531613756
107549,18840.97718903319
99624,21165.125924482923
105181,8865.64621380472
88189,8478.310456349207
76455,21969.472253487256
101020,9908.481974867718
76745,14909.090933862428
89568,16386.27105543531
83478,10055.500734126987
85747,14124.34880892256
106272,29680.20208862432
82872,16497.673632275117
107532,9636.12892917268
90049,9773.524193722942
81364,12905.209808201054
98040,9193.239031746027
102958,14757.256866402124
79260,26790.9734563492
92243,41278.717145854156
88478,17177.469771164022
86621,17553.342985449734
104072,22108.385814574332
90813,13296.632225468973
107620,19801.023833573832
85958,8761.573259259256
91758,27253.91942195767
92388,37046.708532347264
95940,17738.810019119766
95423,27388.13281216931
78205,15584.26485185185
92781,23915.474877946137
76964,18316.655482804235
91309,20899.708425787176
87312,15705.65458044733
99960,9774.434535834529
105615,16170.665862433863
81777,14951.30792989418
90088,8005.874245670995
101916,8728.421708994714
102032,12488.214144179894
78757,31925.5461600529
85089,11071.460423280421
107536,12424.875128306878
79554,9193.114133745885
100053,12968.847737373742
102087,17195.465607383347
79180,35952.520867724874
78292,10924.331402356904
87547,19342.19923352573
96714,9655.959001322748
101388,12182.598206349205
98889,8101.087662698415
90037,10411.176087301586
95831,23804.431047619033
101678,10340.917147593149
77780,25489.464029341034
104014,19046.402841390085
105304,6402.414167748919
77837,19033.66915933141
88541,7121.043112193363
89143,18369.773770683016
90294,18272.29618590668
94097,20759.677491342
99108,14123.035394179893
107044,16087.54544444444
108467,23261.432105820113
88739,21384.748233645983
102441,12423.547571308318
86183,9922.393058080805
106346,12779.254632756132
84130,15842.721626984123
107757,10456.319051587301
84412,11327.983468253971
96522,31016.96291317942
79372,20333.584113756606
106945,16880.820279100524
88312,7832.6714007936525
97814,15438.893898869648
94724,47330.799333213086
79892,19209.590572991812
94500,13834.117886243386
102161,15612.111376984132
85073,11188.252835978841
103316,11090.548365319866
81537,14985.442775132278
79187,32145.96840079364
93646,25347.77776322752
84942,11869.328656084663
105305,41587.59418650794
102440,8222.572145502647
99694,17462.729812530062
97189,11541.14177910052
89680,14745.46718650794
104471,10878.475018157775
98066,5346.574232804233
104541,10664.835314814816
90039,7340.87590632516
99640,14101.526124338632
85034,14199.357574074073
105699,8945.849110870617
103097,9164.853406084658
79154,27977.66954232804
79730,22899.16496212121
93954,19669.899905723905
106821,16124.673174251675
108129,10367.215468975468
81433,21783.83789959115
106810,10100.678687830683
89340,8494.085865079367
92137,30300.620165945147
89457,7498.66868253968
91797,23480.03981253007
92334,22443.928274531027
99141,18473.953920634918
104901,15302.157468253963
98189,8965.74704111629
95071,20937.42919227993
85149,16304.277396224148
83164,13961.482798220297
79589,6127.270714285714
96533,27204.88952417027
79514,21299.328813492055
97024,18954.417697691202
84010,7510.87371284271
77716,36645.71048809524
99999,8269.697086219338
91937,30430.730484006726
83222,17202.124093915336
83874,12748.54270502646
85379,8374.972248677248
80923,29950.9163015873
87263,17875.364052910045
77648,14583.340253968257
90784,22331.32277032227
76092,28188.076658730148
85877,10835.82544973545
108297,9958.624167989414
81020,31657.07775264552
80092,24846.781645502633
94008,19948.206183862436
101425,7553.645125661371
81218,26140.18137012986
102599,15219.369294973547
79959,20188.722082824588
88223,17960.56593650794
97792,17018.083734487733
98438,7606.318861111114
107986,39225.8579404762
83947,7457.430559523808
105867,19380.290788720537
107403,19276.80839249639
88885,14600.895425925919
98450,10424.566987891736
83554,8456.13818422318
92398,27203.641502645507
97238,5010.637443121694
79115,48262.217008297244
92394,15273.81916474266
86813,12580.19436207311
106364,9653.407337301589
93974,28357.34004882157
96921,7510.3505555555585
76493,14687.913308201063
76358,13869.021240740743
89895,9570.742540496542
91354,24913.94180904281
105589,20191.2234126984
96412,26586.369229557473
98970,10621.210048460798
103020,9625.7729537037
87261,19003.203416666664
76112,31352.179477513215
96166,15971.37250630851
90696,14337.663387159135
94089,26812.869431337196
78422,17092.90347594998
106298,12502.00861832612
105489,18385.499187830683
108304,26388.535567460323
102353,6743.863743386245
76411,18849.685486531973
84847,12193.696960317462
91646,13511.13857190957
76141,17323.30008357383
90730,6385.651962962965
100429,11747.557809523812
85989,9182.411395502651
105539,11809.273067460315
79951,41097.04440512264
96676,7344.062145863394
100762,7304.567046296295
92509,27228.12611772487
79582,30128.381794973557
108529,19658.08212830688
86542,11342.347261784518
80669,20284.146138167394
99953,12801.259562169309
93023,16216.76102513227
102223,14795.331674603169
102167,7210.931599206348
84525,8447.765632275137
76654,31322.20353530728
96998,13491.956124338616
94337,18037.687120370378
105106,9859.455083333332
77494,38381.18348809525
91245,23442.602700697447
98303,21905.667178571424
96838,24172.10119011544
82064,17832.427476190474
101129,8387.047453703704
78108,13811.167210317466
95497,19657.601187710443
81175,12750.46003787879
89631,34232.451006132746
93976,18895.66340452141
86199,18815.24782912458
106842,3521.222835738336
78263,12116.787507936506
89187,16322.14981072631
104396,22583.0424616402
87198,21897.290635642126
78994,13572.902218253961
82655,10048.598068783069
76432,19496.56482263107
95404,21440.63556842232
83767,12609.52892846968
87719,10087.559832010586
105980,9666.101800264549
99851,18789.529206469455
80432,8894.622619047623
80344,29158.795340788856
83694,22274.993421957668
96247,21814.059872174137
86395,20247.328281746024
103276,8811.431395502646
80262,12757.518032347281
88698,4454.314381498131
101575,10164.681726190467
101293,4466.114364598365
76732,18459.65327513227
108287,22457.817001831503
100140,10293.129872174117
85239,11053.07821894046
85252,14964.55538191439
77174,10561.046304232801
86250,18551.579845238095
101740,13112.790982202981
108134,8678.935498677245
82406,32303.898985449745
88667,12095.977040524293
96978,7861.128738095237
78635,14624.00266943242
96572,9666.363631553635
87841,11399.915705026455
77951,20273.03958549784
77253,11048.999229797973
99102,10677.64379632706
105959,6792.627865079364
91687,27385.826185666203
83483,8835.03468746994
80361,42821.92863648388
94647,11396.03999615199
100857,7871.105280423286
82465,11571.328498316496
100672,10098.209859788356
88369,15509.354102212603
89345,12293.003469937468
89610,7616.701797619049
108452,50396.00236243388
77913,50610.60545767195
94990,33379.615004930245
78501,13712.404145502645
78393,11821.770133237134
101975,7458.885814333814
93585,38380.203809523795
80079,22941.0291921597
92292,34062.00873280424
88595,13063.404838624343
107865,23890.630162698417
106687,12564.923570947578
101741,15318.488387806648
93999,18248.80511507937
107722,14055.059601972107
80167,29497.196883597884
81844,5695.144864718618
77048,17610.09314033189
107873,21295.132333333335
84939,10099.629038359793
106486,19036.417977513225
84683,12474.774284391531
83721,25082.528134920645
95371,16408.675134559893
77370,25053.960421754175
81285,20160.454785954782
92306,16286.287130591627
107739,22711.865990740756
89483,8541.80025998076
78832,20629.47198941799
95190,27003.580618205884
100747,6657.387019841272
106957,13982.30874470899
101143,8605.275459475708
92745,30961.703932539673
96890,4269.294869528621
76809,10955.09363468014
101202,10522.16318229917
98845,17857.300063612307
106599,6465.945154761904
102195,8040.402051587302
92630,23728.011488095246
94558,20730.205604497354
93959,23779.283406084647
77993,28889.754632071654
105814,22850.232910052906
90144,14621.97682359308
102474,11179.153206228953
93582,46741.66034680138
95183,18735.25282804233
102451,6884.151626262626
90109,3526.209513227512
78889,18442.27324506974
94338,25535.13606397307
88104,16659.268025132267
99955,9854.53445767196
91274,16442.88806469458
82254,28173.017192039435
94279,19560.92747282347
84677,11292.251259018762
86814,22484.88506108707
107316,19266.72426984128
108497,22738.754626984126
97403,14114.735682780187
104859,11188.799288119284
76106,28356.926477513225
77307,31137.66538227513
105083,14327.543088744587
101644,9279.598265873012
75980,24879.764854497364
80678,27474.719011904766
96987,7144.531085377587
84261,13368.06570947571
103391,11100.48276972103
84290,9899.560686507939
103179,9098.063189051689
92887,19816.66424531025
88486,12089.893384284374
95325,20686.981943482435
108122,5524.617290644542
85364,14670.814911375654
80688,36606.40910317459
84356,19721.228822150068
82717,17063.883197089937
95166,24743.026933261197
81154,12934.473535353538
105294,26059.97770262145
101409,18976.400056878312
90808,14809.32921693122
91000,31071.862302910045
107931,32781.382678571434
80058,19931.366584656083
90511,15237.363452380949
92525,32844.443613756615
90057,12004.482558201064
80266,15071.912932539684
84467,12943.998869047618
90576,20904.260588504087
82575,16017.166583092836
91601,35102.89355952379
80196,20174.927998779003
83418,15019.633771164014
97121,17301.041347643102
102024,12751.589296897551
85225,13146.091069865319
107001,22644.00303174603
82592,14182.566012506022
96681,11836.036379629635
87462,9979.508837301586
96787,14835.4222473545
98868,6191.758033068783
86472,18907.385556878304
91250,25984.675448051952
84328,12315.15834694935
101840,7596.757462142433
78225,20633.6624009139
81026,9941.83975
82325,12136.86293133718
106596,12966.13427248677
99810,16936.516659692155
88054,18063.984051587304
80041,30521.971165343908
102577,11046.171571001882
95870,20146.400433862433
76937,20448.742575757584
108359,17579.09351984126
102482,11653.259512385763
105228,20385.572953703708
94110,49562.73108333333
91022,46163.940453703726
84243,7748.120926286674
88868,21196.99608333332
86994,15234.455422318426
103924,10599.301848244344
102415,12997.56686507936
89954,12763.579069014326
98212,6783.360655723909
101117,9603.012779100527
103865,9847.99296825397
81944,15789.508859788353
87371,16941.673850529103
103778,6770.477369047619
84310,18975.405729649985
78146,22551.318570105817
83910,15806.094787518037
96498,38322.513239418
103937,3220.5666764069274
97439,15234.366106902351
85156,9855.015144781142
93197,17174.95180291005
98573,8837.384842111596
96816,12578.516249038
94610,18973.351825156322
102536,5751.343686147188
81021,14628.313569985563
105037,20897.078354497346
82891,16123.003455266944
83601,14583.53182994783
93413,16001.035973544967
84517,10262.195968253973
98296,9674.30616510342
83442,12094.013662698415
83641,10543.040107142853
106454,26783.190986892747
88540,6534.506017195768
101350,19333.838769841273
86741,19585.413232804225
79411,45225.471518638755
81400,18922.816188792684
92460,14134.69535582011
76076,28088.54684728235
85593,12644.77813552189
99476,9729.117946729195
99991,15034.599449013947
80184,19484.047643097645
91365,42331.549098003845
87967,10191.785343915342
97960,7021.218505531506
106216,8763.70898148148
94470,34684.51655820107
105054,23466.499739778745
76801,17641.203976190478
84376,12237.390066137568
95818,28130.17134439634
101354,8410.74416618567
81184,15971.137878612119
95386,27567.741154761894
94813,19408.907384680122
100188,11057.619780423274
97816,16403.858090548343
101948,7085.61673809524
108229,21676.651586099095
77604,23230.99521825396
103052,16158.562658730161
83998,8744.179782106783
103163,9668.28118121693
78407,20602.64737698412
106267,13698.772162698422
84808,18128.762048941797
102176,5342.536577228326
103807,7970.002362433861
102936,9347.346068783068
77803,22429.72370695045
91153,15477.829170033683
96806,26190.74764550264
107797,17889.31832924483
92654,9205.869105820102
82110,37966.88525264551
92570,21224.314452982206
84350,12579.517410052911
82022,35237.451473137924
101036,12419.78201587301
93012,17155.987306878305
104053,10095.500009139008
79339,22516.504353174612
79767,11231.971058201061
97252,13962.872092953347
95098,28976.33969179894
99791,24939.579351851848
95121,20927.874050625313
100598,8352.85546428571
88806,17173.075535714284
93433,17182.552028619524
85064,19932.535861471868
103820,5960.676178571432
86190,24224.97247222222
96438,19859.763597643094
106282,9741.099390211637
93667,18091.52952910052
93191,16317.08899398749
103899,9812.898217140073
93568,38131.03507828282
104546,24098.35111339586
80852,29468.644846560837
91782,14899.068831409324
100867,14712.519170514668
96727,8592.383085978829
88787,15092.95901443001
80175,13669.285468253971
106215,23011.090391053396
82884,10247.789670634924
99701,8994.913433020682
96972,8779.588134145235
102844,15251.309337301587
85912,7332.067382515633
105580,14270.383333333333
92949,17086.803586820588
95794,27069.319122294375
81410,17260.245183862437
103413,9579.765652717651
94880,25335.573534391544
87634,7697.201832972585
94036,23535.253361712374
82130,14756.936697089948
97256,13807.76086640212
103817,11024.630377880185
104456,9033.412708994705
78003,16677.90312515263
104097,15122.871043650794
98797,7434.498706709961
107315,19319.77241798941
106755,29538.904051587295
81147,22817.02956746032
105271,6067.100289682543
89017,8012.089495550748
90194,20098.894044973542
106608,7074.849145502645
106146,28279.543534391527
105471,12130.884771164016
104538,9256.444626984128
78198,29427.735563492068
104720,13502.521194925444
94900,27810.856633597898
94045,30102.355192760937
100816,12933.39766137566
85400,8929.949002645499
96876,25103.291498677263
93515,25117.194975278228
94077,26356.472617364125
87247,21601.676578282822
105067,21243.45368542569
95538,48280.085769841266
79301,13740.171306878312
89679,16786.405535714293
90677,22804.978735449728
100348,19716.49019095718
82373,24495.22565440115
104030,14795.102887566136
91200,27784.812545093784
108132,9996.444927248673
96587,11612.754723544977
92498,18418.28552248676
103409,10663.912542328038
91232,22387.85812037037
80016,20868.90556240981
98705,9540.28195773562
94058,39374.33112349685
107248,17858.273710317455
85165,6200.2606482684005
87202,16163.198572751315
84291,11231.79854761905
96682,25639.7838939394
76451,33854.766377104395
91004,22178.4205132275
87541,13233.5401943242
84735,8886.953827320825
86029,13151.125318699818
87675,10956.371622620112
79434,31472.9261547619
104691,22296.35732852333
95401,13135.835781746026
103975,10481.82752332852
106441,12498.179489935988
105335,22953.403980038493
86453,6532.503976310732
84490,22159.76506902357
96908,12578.698469095718
87472,10569.451188792687
99908,5199.3792231842235
84898,10365.492227513225
87539,11147.893415343917
100666,12244.65321164021
82231,17114.39521825397
92648,23707.055874338617
84694,9691.173744422245
81594,8972.785304593552
82685,9981.46077207977
76620,33953.08555435305
76943,19699.153284752283
80231,22672.845735162995
94782,11608.99748280423
83815,15761.086998055267
101713,10792.890437403996
86358,11095.989934548925
98701,18852.136165343916
106421,11956.36467760943
97920,8721.2542473545
108072,16930.85600601252
91315,21440.092463443958
98550,12233.719944203942
99263,6313.0677989418
95373,16188.368392857134
80445,9911.687046296296
76982,17858.983526741788
85544,10667.542971981726
101977,12180.38765238465
80279,22467.3106002886
102808,7305.881329846083
107325,14331.361850769606
79988,21314.606333333333
83473,5985.567507167468
80074,30279.80039574315
87094,13118.051014550269
80523,15987.29950408851
84129,15149.094273809524
100159,9650.766503367004
94256,27116.62191931218
79199,23481.112052910037
106674,18234.71306084657
76299,13653.249310125062
82217,34849.88783778257
87294,16542.633725108222
87361,7899.37062830688
105782,11371.705465007217
99109,12342.424738455993
97733,18653.457902958147
80963,23520.674187950928
105129,15893.296952380952
103322,11146.178469576718
90068,14761.600280423288
93845,19858.637705146706
104956,23486.466849206343
103473,7498.7178174603205
78167,21053.67036507937
80718,34535.76260714287
85621,15967.664748964005
88490,10078.255941798945
105456,10569.067683862433
98490,9718.150636243385
86488,10116.686948412698
107303,20704.52415873015
106463,10393.256186507931
100403,9334.75046825397
86991,18582.0498073593
95381,42618.67503198654
85219,9494.094689033187
104635,20270.779269841274
99004,12318.89328532524
80747,27272.353527777766
97854,23618.64522679172
102646,7754.332824074077
93364,35763.339210548715
101209,5925.049671717173
89140,16437.396797619047
96244,9674.875215608467
93727,17196.075539923047
82138,26742.457079966334
97759,18874.25836000111
86015,16258.558122174121
81090,26847.446839947097
106085,8472.264543669293
101600,13634.690560846562
94831,22788.94804642579
96566,13034.866009259256
82361,27126.162894383393
80479,23022.767556998562
82068,10764.846763468018
104750,10368.06397462722
93539,16151.417294492541
98127,9759.69865950686
96971,14675.268072751325
94105,21705.52212169312
95326,19582.325542207796
107438,14538.107506613756
100536,8781.439081649833
92659,18352.516539682532
94809,25572.805210076956
84186,6441.522457671954
85631,8652.780648148148
86381,16035.04112590187
78721,22487.716477753733
91773,19095.257264550273
90453,14693.896574074073
107225,15955.178590428088
89949,11875.101063011065
104531,11713.828011544007
76979,17936.338570105818
104743,7402.404443121691
87731,9582.785162457916
79915,9012.412790043285
105072,28644.34588612315
99332,9200.357116041365
88800,5801.386861592111
89522,6967.763547619049
105361,10880.331921633917
96528,13697.87967724868
101546,6605.1862473545
78680,20885.69308357382
87029,13855.424169312171
80591,54025.15569949493
79887,20495.708334656098
76107,35106.2811957672
78272,14871.59426190476
88116,11917.244141534384
99644,13972.917805194804
87595,19779.235830567566
79324,15763.792326719575
76408,47390.28066221741
79173,15386.170115079361
95084,12342.381778499272
95455,24251.51729737856
83809,13977.088428571431
107320,13285.63809656085
78828,28053.64320514671
76284,15482.454806878312
105622,11334.238093193853
99344,7465.784958051208
79395,16788.622851972097
86906,11790.33397053872
107576,10811.598215811966
99418,11697.589220779217
89050,14261.472861111115
83758,9434.829153920158
76289,32518.289421957674
95798,29701.792399470898
76119,23379.24358946609
87583,20579.86949146225
93110,19138.790457671952
92911,20744.512009259255
99758,7734.639785714287
91697,30125.97903571428
85260,18909.617767602762
108475,20672.96087109188
84184,10325.118320105821
95737,19728.084197330445
105286,14083.642695767194
105354,11644.465351851853
101587,12971.847872039734
99526,12380.415232804231
82328,15563.310739417991
91052,15815.34232239057
81332,47967.317736772486
84562,17714.08647414622
86175,19246.134884680134
94828,27454.97231746032
76792,35831.23170430495
80436,15007.436722222215
88143,10418.975669312169
102644,15901.88658213083
79459,27139.760680976426
82225,14682.174684824427
83772,13626.31958501684
82109,21023.308314935053
102803,10454.871896418399
91947,46697.6044563492
88498,4084.995453703705
104204,17836.586681216922
103303,17242.643761303498
95989,21075.905079365082
90917,30569.34657671957
104994,14406.926775132266
91408,21787.82647486774
79084,24206.17468253969
94840,9536.966515873015
103127,14334.201867724865
93504,18122.198855940354
88642,11820.43277020202
95535,30613.18961820587
82775,12687.095278860028
96490,7111.7865877825825
77545,45855.60643338144
104939,7653.445341269841
97679,12339.122123015879
95462,16161.1798563011
82601,7149.102292679549
91541,25219.541953823955
82997,18241.140526575273
86757,5765.915174299145
86498,14628.062096560849
78468,15875.824344877356
98262,22227.484911375668
108488,25708.293565055323
84813,10516.190011664266
84965,8677.631617243866
78478,26061.626664021172
98819,16473.69388227513
101543,14584.057358927097
82061,25560.26012926888
101359,12059.624999278498
107203,11113.408133477631
98811,29368.381953823926
102982,10328.533018999517
89603,20972.155727753736
95083,57629.18915800863
102426,11987.91282936508
88264,12161.271171236165
87119,13504.06847655123
86554,15888.902272486777
103454,16078.108752164502
99382,20500.301913419902
84255,9474.85815476191
101580,8626.427747354497
82690,25380.302681457433
103650,10938.196723424728
92587,76964.48857539684
92831,14269.037706349203
104410,19502.145728835974
89264,12485.133875781625
82865,16885.837079605582
76984,22138.224325396823
94265,26076.62060846563
76786,9742.065696248197
86379,11136.23509826152
89735,12082.840391716843
97066,13017.14050661376
77007,23163.312109427607
89137,14459.062476190478
78243,15207.275520442514
76669,27421.97507142855
89281,18548.546582519335
105621,23550.6704443242
84020,11998.442042688794
90142,22478.39347486772
79677,22216.137242544493
101025,13177.881112073117
101821,11554.209075396828
77424,16192.081185666182
80188,20612.48943169793
94655,24749.549468253983
85282,7737.25077164502
78763,11570.740300264551
85774,15395.444501563257
79278,10023.281502645503
84460,14201.147251230248
81489,26569.389367243857
90788,20792.481029341026
90191,11026.420156084652
106772,34565.755820512815
108112,20449.166927729675
84380,13774.740709235208
93636,79903.17815404039
103749,8930.83539153439
93435,13725.580243386245
81394,11946.889853054343
82146,35757.57798063976
98362,2886.3164708994705
88250,11075.411443843195
107041,17278.115902116417
103478,13469.94396957672
89273,9546.978677729678
93583,33606.4255952381
92107,25623.4556372054
79557,7287.551464886965
77861,11309.129050264544
84591,19077.26602958154
102756,5923.161346560848
91798,20649.268602453103
100309,16323.423272486776
94987,25489.36180555556
89991,14383.018739417996
81523,24983.171451058202
82815,14434.600468253977
84366,9584.18970701058
105609,7529.6971865079395
89695,10135.79087962963
86242,16538.14787169311
82477,6263.1786256613705
83774,9289.61777837903
103676,9340.364652837901
85371,18212.929609788356
77386,48893.542926286675
93572,11021.013541005286
77535,22990.402714285716
97174,12268.491657407405
78330,37477.05333597884
94032,13681.452964285714
97537,14420.650817219814
93975,14770.385041005282
80657,30067.86931866282
85971,13582.691014550268
77536,13678.759465608471
81757,13338.622157407404
81232,27908.39678571429
88606,9628.76386375661
107709,13968.275219539715
79596,20895.654284872533
85671,14405.815206349203
93617,25982.197247466593
104211,15868.203911375651
98843,11696.524408794907
76153,47229.905226430965
105258,7612.8176528379045
94812,28508.592630952375
82892,21041.04394047618
87816,11324.050418229917
90058,6894.127583573834
95471,10442.574753968258
90419,12222.04190891261
88777,13502.652800323185
101559,8113.397673280427
86808,17234.623349927846
93637,20065.427339947095
81562,13038.525120129872
76442,33190.958501322755
79967,27109.896247354507
88683,18159.990674174413
78139,9283.205906325158
86530,11597.965013828767
77000,30140.153115921115
101915,11019.608010582007
90706,11648.313879629626
77396,17432.31484788359
83475,17602.393739112747
104217,15614.613719576715
101461,8850.564510942755
82676,7831.502435545935
104438,12823.572745430483
94757,22687.11043169793
84916,16915.803415343915
85934,18149.423481120724
93051,16479.830442400184
85136,8625.89086171236
86448,10340.399484297663
102828,10937.627365560365
101564,9142.719369889368
85740,22188.5275925926
107725,19134.28995502646
77165,21387.80286507936
107859,14333.029953463196
83065,8067.334073472823
83470,27729.533219576726
82147,21126.090166666665
103691,7793.746542207793
84024,13934.979442640686
99630,9768.647576719573
105243,16839.07089814815
103804,10751.87953066378
80130,10469.876055555562
97317,8558.228053631556
78532,35311.97232287156
98989,6985.136001683501
87716,9752.83260846561
103640,5622.422807479558
100541,17084.48925264549
101428,6593.654128306878
100899,4834.55930952381
91739,26915.39573569025
94502,43637.920499999986
93919,29485.333742544488
79707,49343.1949037999
91516,27862.320614838856
93156,22535.037568302076
93340,28352.704529942286
86892,9917.107642857143
80420,15677.403639369899
91660,46288.97597751322
104006,12979.623157768161
79833,42536.203623737354
101663,7465.081913900913
102471,15194.294912217412
105380,8753.063792328043
107076,21520.613269119745
97009,21654.396531746024
78577,31840.394962481954
100281,8093.2468095238055
81075,42981.643603054355
105712,27590.396169312167
90807,14715.451383505393
84240,15417.987708152961
96951,18767.9929460077
77270,18318.57480423281
81760,16060.473128667625
92040,42796.10773641174
89339,17111.911971260226
95256,23647.0729395142
84788,19490.43114285713
83686,11647.758391534395
98633,8362.195835978839
76608,20871.540072751326
98918,17892.56351587301
100264,9682.830056878309
93998,18772.64008597882
90051,7973.55148797499
100506,12026.575541847045
95747,14836.592998316499
91393,12682.663473544975
101051,12873.123502645498
107844,16127.998427729672
105479,18579.380985810494
102468,11794.216810726317
106785,16672.056209475704
91577,17606.71760978836
80832,9396.823311207312
88616,3004.2430158730153
78897,21676.92662708588
83228,14774.95550420876
90389,7950.719120370373
90154,12808.902516483518
107664,21205.30541414141
84602,7390.911878306882
103155,7462.902383597882
94290,22301.46843915345
84292,10188.49561029711
82455,28517.98363095237
84453,8436.122910052914
89161,16790.569506613745
104207,17895.509317580567
85660,9858.203235449737
80032,34959.209171957664
75996,19052.65753090428
83712,12672.166569504574
89784,10226.665111111104
101364,4090.905135521886
79099,18647.42341534392
101423,10739.897320105818
89977,9056.767410413664
87688,9439.945091029345
87401,15989.469291005293
90723,15202.39778618603
85875,11666.778890176629
106387,28497.15349062051
76002,11497.80410690236
99436,10347.648760582011
107239,13143.992598124098
80251,23332.80029029304
85127,27448.306340668587
90351,9385.432892857141
95526,22672.81803306879
79335,27906.53688660414
104754,11336.995503487246
91081,27452.7636574074
82005,15337.648687830686
89414,23264.450813732565
102366,9596.790457061456
107017,9222.40428968254
88810,10018.986205868208
86694,6998.786480158732
79641,8809.2006031746
104863,16115.255032828276
100526,17257.107189116436
80318,20292.973045214043
100931,13628.433820226066
102375,11041.774730399226
78617,22578.404328042314
103552,10950.3819457672
108268,17228.952597883603
77842,14250.789588143341
88774,8130.1294317485645
82323,12822.799123015873
94125,31035.634349687352
98661,9134.787675925927
100997,14646.570929894175
76933,5206.339018157768
76957,35159.01829749879
84347,10182.642574074078
102000,7757.239887566139
84626,15818.586446729207
82214,45890.02068783071
105909,32793.67214417989
107442,9215.193989417989
102342,8320.650172679172
104461,21120.08667195768
80095,47844.23130291007
83558,15389.527846440598
104376,19666.514401274646
105494,12719.184195165943
81702,36598.47464417989
108056,11959.135613035116
84131,17993.28383177009
94242,26484.924879389142
102987,6973.782368807117
99643,17310.40131349206
78954,28079.891128667638
85511,18261.148728835986
85380,10475.533253968259
77232,28561.816062400576
86585,11798.584755291007
99729,13148.282857142856
94946,25730.5481031746
97768,18348.233412698417
83855,20999.796266835023
92397,11873.354930375182
90311,11481.573195767192
99324,8164.7286436988925
81167,14827.496810846555
80030,33390.75742460319
103679,9005.25570634921
80164,12822.370656204906
103198,6582.226355820107
87658,10907.844694444444
102090,8481.60424257224
92710,13597.713685185188
88551,9841.893191969617
91001,24531.4063174603
100653,10757.385300384798
106050,16686.19897751322
92084,14424.067629990379
77402,21816.89774939875
101296,9443.218815971071
107242,15855.432746031734
95646,19068.25941065415
99126,7840.164689153442
90982,20113.47612746513
94896,28638.18185233287
93011,16686.84128478004
84607,17712.927279942283
83352,7239.443589947088
86097,18080.0848915344
99312,7601.677954924704
77584,26915.097216931204
97372,12992.945770322267
107179,16727.75716931217
105835,13982.157563492066
92924,25371.7504537037
90798,7575.695483285235
77487,20103.138627344888
87523,9659.694638407886
104328,29023.767198412712
91404,15899.088005531501
105702,20631.22100925926
86051,11383.872668109669
98136,12655.81621368447
91149,18547.159383597867
84015,11208.91382079231
78227,38354.43869660895
91810,46184.88587962963
92345,17727.956322871574
102647,18988.44931613758
106549,11387.663548340557
97007,16524.63396031746
86887,17076.202248797497
103983,14853.214593434346
89554,13289.773605820106
88066,13469.01552513227
98778,18295.794486892748
91459,31891.814383597906
79659,28996.83279449253
83978,6940.691575276574
88036,15733.88229761905
80483,16390.844904761903
101770,2225.986972582973
98220,22278.621007936505
84427,11121.31997354498
94491,15639.222916426173
83782,12774.009501933255
101945,10242.702788359786
96613,13918.500213675217
80126,44654.18184259258
83381,16058.03566269842
100263,11348.968363516118
94953,20961.10821801348
84413,13553.02896043771
94816,38339.9261984127
78578,21308.791983164985
89766,11588.922961640219
78560,28831.943732683976
106444,16605.304198893704
100883,2761.760891534393
102769,8861.878261303516
106426,33994.03047979798
92404,35095.65992328043
84800,8586.63702513227
90714,10811.47765740741
96274,20912.551450447707
88259,8722.495207671958
90683,13192.094714285715
78878,12078.738352693597
78675,11812.48793374218
102189,19277.489076839818
97959,18845.874406084655
78324,21566.15038492064
100397,10919.781147186144
89808,12251.469271346468
102920,8976.79627910053
77724,11034.234155603652
97183,18596.26313672439
102360,7794.786509259261
81748,19305.9436984127
100225,9364.319175925923
101411,12191.663634439634
93887,23751.80883862434
94437,15095.742449735446
102317,7588.618656084654
100939,10407.832448412706
102016,7011.4541083638605
88651,9741.3603505291
99340,9968.35760569986
107078,25554.333678090417
100937,11258.896325924068
86922,10803.201899470905
77864,27978.943306878304
105180,15044.63665692641
85599,8217.210195767193
94556,49554.51616600065
88368,21900.36680158732
81005,62208.86676455029
79083,35751.42551839828
95200,25844.720460317436
94374,24416.309097883583
94160,23230.395707912467
104549,13700.360579725837
85933,17090.98831349206
104848,19909.652365921127
104424,23767.555858465606
78183,16281.519621693122
99280,22667.943066137574
97928,7265.7339704184715
93122,15099.041474867723
107991,5357.442310365561
92468,26608.579576719563
97451,8120.478494708993
94463,13956.214600529102
77629,18623.470269841262
86008,11391.081464285717
106210,30472.449908730152
106181,16478.861404049658
87485,10859.477914428166
107645,10241.1314939875
100084,12560.915187830688
88201,9952.904475639654
86236,16803.562042328052
97090,16675.767243386254
83909,14390.626077080331
77686,27034.78568650793
85505,19754.988022486774
92046,27041.972432539667
76681,13888.460707671959
102648,8172.206411375666
104998,45191.09072222223
86349,10437.1243447571
77229,17098.0246388889
93379,20700.124969576726
84973,4241.345243265993
80681,36717.102048340545
97876,11215.676810485811
89330,10779.186522486774
106836,21439.5399973545
96449,11141.936994708996
88765,18164.313900312653
85710,7506.058032264031
104002,26678.613591269852
99224,7399.328678811929
96767,25539.09800529102
91035,32856.63176551228
91531,11911.991150793647
95857,24685.304943121682
81338,22894.56414550264
97921,13720.03257936508
94040,27250.80386303512
88240,11621.919045660043
104643,13419.846872534878
84702,8462.57740656566
79809,15614.711522486785
82171,16269.267769249274
102481,11558.664376984125
99514,9538.304533068787
76656,46407.73869179894
86176,13980.11687397787
85784,11650.04554329004
91529,26812.36405194807
96184,9033.357632275136
94982,25834.756010808505
89887,21683.913379629634
91306,15898.506968494465
94801,17852.758017195763
84873,13010.595229912125
105262,17970.866982804237
78755,17272.509891534402
105378,18116.374767195757
107314,27043.57074206349
88401,17105.70298063973
104523,10579.837004930258
95968,18455.9791058201
106940,16202.1444047619
85854,13084.97060533911
100090,15722.757268518522
94299,23727.334252645505
95815,45535.24355687831
83336,12447.91333068784
93357,10193.062267195766
83671,12965.763374939874
95352,17657.137671957662
81447,14745.300847883604
82530,10157.134206349205
84072,7011.889043771044
79590,37433.1642917268
81072,17743.324559764318
100894,12760.13802645502
94501,26213.03657287156
98410,17496.633486652245
77356,32821.48535582011
89008,7583.2480780423275
79270,75436.8532599808
102768,10370.28648881674
104671,14734.900536676281
91482,28940.215556036575
93496,26628.507339947082
89699,7451.6832413419925
93711,19251.273170394412
92768,22916.89514766714
102118,10400.29642709678
99410,6716.790772486772
101552,8014.632984367485
105876,8720.667842592595
106386,25876.742650432898
94563,21263.16596693121
95860,15384.715139189511
83636,10641.372398508904
98837,6390.903267676767
78724,9900.142376984128
92579,29465.579120555372
82223,28299.839018037525
84289,8976.584018518519
77579,28369.676140211646
83896,7408.971911255413
87389,7662.270211760465
88139,8918.436200937947
106790,30022.25398929771
82260,32791.59331228955
101627,10035.91841798942
81876,24272.691961640223
91029,19253.59711772487
84583,3287.832592592591
108158,11500.485806878309
108203,14399.694513227509
98582,7811.627597763348
107003,38796.88083333335
107777,28573.50406481481
90308,8012.657128787879
76799,16592.486129629626
101387,13439.662185305438
79964,20577.313531746022
91606,29305.975296536788
103952,13928.339050986055
88622,8556.664345238096
94559,36854.76233706108
76143,18222.09454100528
94903,22619.870779461282
104486,23859.092380591628
87551,7059.643648148148
78063,49451.64809656084
102556,6385.770903439155
100052,10819.904723065305
107074,38370.37365476189
92069,25706.5810975136
107850,30223.03239550265
104540,13959.242610630108
96846,21926.946366402113
92391,26888.096981481485
84659,18401.34289081289
84117,16784.85311628185
79120,14649.318067460312
91389,13619.022873256376
84349,8675.389958273212
90954,46391.04233922562
92695,15141.844084656082
107811,23081.806768518527
81971,19436.118997835507
83450,8290.558692760946
75976,25992.617513227513
102965,10320.728568783064
90287,21582.16568446369
77605,46718.41373328525
91214,26551.120072751317
108303,15427.622540524288
94860,44573.7959722222
79366,20305.253408017914
106091,12931.208004569506
76439,35626.556161375636
87417,32846.9122195767
93478,14101.461475589223
107216,21061.21556036557
103764,16629.602689393934
86879,12666.440798340542
103625,14669.664866402118
76402,11922.012894179888
80311,20827.80627164502
80391,37084.23346693124
100880,13241.275923280422
83171,6262.042583934585
88078,7738.194655413794
84318,17569.434691798942
93526,23824.27282539684
94190,16075.653241582475
97052,11922.161151515154
86101,9058.799837301585
87543,22242.688961038966
85029,10773.50330595058
83740,14287.421310344826
100089,6133.647317460319
98227,16969.256585978837
98248,6940.465224867724
107138,29476.991751322745
86854,10249.830266955263
102785,7984.763842352093
87839,13314.752834656083
93906,21523.088275132264
84661,16967.250857956864
87432,13026.652460317464
85654,19028.12511556037
90678,19938.253130110625
95299,19092.096259259255
95236,28985.916519360257
107608,30958.137292809046
87004,19649.596871184367
100566,11120.997965608465
80665,10678.26563033263
88010,7660.316383958636
102663,12164.976143939399
85485,10807.002662818666
101269,10128.053564093314
104674,25469.4512015392
89263,16569.98824074074
95420,19484.445209355465
102691,7381.444580928331
86663,7855.361832972588
106138,15981.682499398747
91571,23074.93906216932
93819,13712.366984126993
78571,17537.95548484848
94985,12295.366670033667
93301,17755.963152116405
106718,11962.97502492877
86771,16594.259888888882
87704,7866.335778980281
79666,16614.37344444445
107584,16852.9025956451
84895,11057.90965776816
108408,10556.369072029816
98171,17621.669051346802
83310,10885.890170634922
86673,15293.401366402126
82853,14914.350030423288
105650,13143.615026334777
98670,15203.533411375663
85066,5218.995533068783
83794,6949.4123174603155
80583,12964.217654188406
88130,13756.513021164028
98999,8993.431335377585
101330,8742.52015608466
94984,20978.447353174608
97990,8090.429728475228
86985,18408.71009848485
105865,19659.56998821548
108519,25375.700807840298
85264,13828.204969215967
99920,14293.261908249166
79757,24861.72291534391
102991,11940.516466570461
82734,15233.477196969703
93798,24391.845074675322
78739,18126.04287169312
94102,25333.99221933623
107720,14825.061896464647
104818,23042.743636604122
105035,6285.771581048579
78882,13906.066080206832
106768,8855.170331770083
104488,17537.67437937562
83401,19885.765911856663
96513,12570.827537878786
103742,7532.49430820106
85746,13189.485989417983
89503,7876.6612687590205
86162,10396.103595598855
90081,11386.796079365078
87809,16481.600472823477
105903,13410.665914021169
91476,23665.588148268394
77323,22279.489958633974
79344,33935.804162698434
86967,11333.940669312173
87631,13937.225504569504
91478,21684.567206349213
87477,18028.79631024531
97456,26039.073157046667
91210,28070.98393013468
88841,22359.024255050495
86262,14441.730070105825
98038,17677.20966137566
108461,18182.266952020207
95645,21174.18247717099
91233,19168.062593314095
81480,26794.025623256384
82671,13979.838298053795
105275,11040.396603174599
77852,18760.55737674363
90565,22576.964943121693
89172,11080.782152356904
102384,9610.074457671955
88944,8786.415086580086
80531,20809.39812349687
101795,8333.895397186147
90744,6342.006599206353
78179,31539.13342929294
94388,31080.743917989428
92546,19877.504395502652
84282,14315.868875661374
87078,17419.879910441417
93190,36271.65463095239
92014,14367.48619973545
104501,29513.83889658489
79523,18374.713443722936
81096,18544.806810245307
78193,31796.993547619073
94720,39795.99106553634
97242,10116.50191714767
103784,11812.469678811925
100186,9409.277222342474
91494,13997.377566137568
98765,4802.424800264551
97370,21961.17911868686
76295,27389.497980880238
105840,20249.55176984126
100641,7310.926093795096
97160,29464.167111351628
96440,21655.40793386242
84853,6234.0298856421405
105223,10881.07508886484
105879,10867.90612037037
80347,27961.59827825877
84534,9714.940431216926
85045,10633.816249363736
99348,24739.46130291006
105487,17461.635798941796
101906,6244.797894179895
84905,11506.958680735932
105810,11136.39927873978
76346,12185.61782479558
104163,9872.231002044251
91997,22476.623683862443
94182,19030.643469576728
98583,13840.043325396826
78048,21781.074869769123
91650,16965.0958522311
99045,22911.046725228494
90167,13097.301153439157
81936,4963.087695767196
97322,8263.762380832128
79506,15911.80378655603
101689,10351.306440374437
99677,5807.557986892738
104364,7441.230034391532
104493,20487.758205026454
85811,11543.10702380953
76088,19893.194959595952
107014,10043.661740740747
85517,13739.34026851852
100065,11581.200485269363
100700,9221.438556277059
100178,9930.3511494709
86072,21593.74369696969
89071,8525.62745490621
76027,11492.70291269841
84394,10297.433155122659
97989,16287.314140211642
77527,11497.959928571428
89342,10813.876867845122
94118,21881.766414141424
94468,29322.95833597886
76061,20317.76031529581
85744,9355.01515873016
105185,11383.071526936026
79043,17852.94834920634
103948,11003.208196127942
98325,6944.554076719579
77056,17870.716747354498
85262,11239.76025012025
94885,28927.36302380951
92436,74970.74153703707
105339,10074.966171356427
85288,7433.587501443
92944,21249.510640211633
83145,13911.568941077434
87905,11563.098223544976
89188,11601.876949735448
90245,14114.169129629636
80370,17663.402382275126
92165,38558.230986772505
91638,17209.724150793652
103657,11830.938726551221
81016,19128.441872294366
103792,17153.283498677232
94815,14619.469934463687
78957,10065.760907407408
83141,9530.305177008178
107365,12307.595383089136
95563,19882.443187830675
76918,30893.418108465605
87215,14004.272156084658
108328,11603.631199735448
108027,20935.081784678274
79325,35505.383481481476
89545,13710.864250000008
103967,8232.401958994707
77530,34192.64573088023
95330,35803.006133597904
78671,3473.7403544973545
102103,9778.631121693115
80024,14748.076263588255
89481,9526.632386363637
89138,11046.142346560848
98762,6563.067766835016
86166,17370.595737614243
91396,15087.552743386244
94749,44733.5303174603
95788,16165.81188155363
99730,12029.784507696007
102801,14371.725995531244
87208,11869.204999519006
83098,10374.972121813373
96015,25611.920376743627
107970,24345.89863852813
77471,34284.059597883585
85822,7136.941411375661
100518,10179.198514550262
97282,19129.92047077922
107193,8083.607505966261
104825,9098.332592472343
82687,26812.472964285713
83026,11739.096137445884
77470,17179.89493612868
79254,13307.708721861482
108020,5884.760932539682
99103,6607.427276815775
78665,26744.564265873018
86932,12642.351689153435
79269,21066.250608946597
92024,52854.04794360268
95652,30589.074211640203
96170,9808.378921041924
83586,15253.031764550271
100804,9999.1890981241
100758,13370.837842953344
107628,18598.394419312157
108337,11359.260828042336
83175,16762.22511640211
90838,6514.04105026455
102741,15411.691743386236
81263,15242.808027426281
97071,8633.09924338625
95004,15015.9434992785
107019,17366.479140359635
95503,18697.180886243383
86249,13456.580133597885
106921,29505.90640897064
89972,20666.736894179896
77660,28788.593155603663
77328,26709.137655483406
98264,11981.495718133716
86800,15801.332099206338
76661,19269.670268518523
81734,28841.97172342473
84741,11482.097365079368
89926,31114.945804353058
79502,12922.322009379504
96963,11918.105102092351
97855,27904.156268518534
86877,19619.977910052905
96814,21630.644497715242
94648,36855.94100396828
103104,7416.770633838388
77999,22540.796432539693
77500,25810.805156445418
108189,11424.639502765753
107124,17960.07431349204
105320,17366.910456709964
84589,11724.004791726793
100502,4765.276001322755
84272,19779.925197089942
90146,6366.032104497353
89016,11691.885572751324
92360,20546.970462962967
97341,14549.08646428571
99635,10626.801229458448
93758,22544.94213359787
104345,20455.057216329966
104346,11056.102865079365
103219,20558.768265392006
94240,15591.259588023086
100510,16076.491535594028
97788,10089.936953703702
87877,20578.366306878317
83993,8478.80101310726
95268,30919.48530531505
90857,12090.352964526213
89897,19482.820907407393
103642,8258.183289738041
79712,31342.82875000002
84733,6415.5314119293735
103510,9958.450004208751
82151,13087.387360750363
89275,6985.205660894659
97022,23733.44825396826
89964,7304.566023182961
103169,10663.564166870174
98586,11896.169842083844
78199,9371.92586752137
78507,21132.257564093303
88856,14561.190881192877
79309,20968.487756613747
85685,10970.733292328041
76527,13015.129310846556
81636,13766.50481854257
86638,12338.404985209232
106517,17423.6735841477
102023,13902.131650793644
91620,45575.10009030784
101886,6938.099689514193
84887,13359.64861796536
84751,8982.327439689936
92613,25654.542125661366
91825,27642.003595238082
101895,12749.71226851852
90560,15813.095821428573
105545,9222.477239417984
78700,21075.89271200097
82886,19233.321986171235
105649,10864.27755026455
77577,17747.765996873495
98003,21667.177650793637
80537,25210.59797089948
87387,13922.705673280421
97626,6714.004869047624
92948,29548.043015873023
104000,10809.780522847526
78385,21145.62376851851
103301,9724.656579365077
100102,7280.797346560848
91401,15377.201887566143
105726,9941.495759129757
108002,10155.71445899471
96055,9106.622958633958
86533,21896.700970899474
84966,14795.893458513714
82750,9018.125354497355
84780,16419.69673476524
99760,9710.092042207792
96353,25918.03350156324
90252,18925.804554232804
92114,19766.497590668587
85641,11538.5558035113
78846,30367.9786653439
97479,27188.236817460318
100657,5734.3133038720525
92553,19712.07191209716
87684,8118.3423298460775
76579,20873.236155844155
104441,7737.377003367006
102915,12111.282682539682
98255,10615.544294853293
84716,11082.015591269841
85426,10878.344849927847
76829,18233.662962962957
77899,37160.908028258804
93875,16083.925620370368
94170,35721.834048941826
96206,18608.32745430495
82777,15446.384083213079
99399,8750.771932539687
76017,28475.097141053404
78785,16767.93701755651
104195,7367.589652837904
100767,10146.75479365079
93500,16039.73927236652
103248,7154.692322150068
101828,8002.212857994308
93209,22877.21074579124
96665,9215.244728835984
94208,20612.958077200587
81789,45651.297313492054
92578,19870.072605940353
84750,13130.943644179903
107543,16913.332892616643
83294,14303.918331890336
82408,10157.57596164021
104836,26485.195998677245
87366,8897.748040885035
100488,8040.714675264554
87296,16050.784554232812
99820,6744.466130647132
103856,7135.446976911978
80536,22482.80696560847
95407,24345.247383597893
78024,22114.000994709004
88166,18772.321835738338
79046,13260.675779100531
100829,7282.3801444204
99250,10234.430595238096
107164,7972.4871214526165
83857,8116.597188191438
90031,25298.427366041375
97531,29336.77345911497
78237,16720.32507311207
77205,19664.042006613752
84796,16328.215573833579
79769,19285.1631509139
79899,13019.982945767193
81570,31711.98599206348
96209,8161.6098862433855
108012,11943.76745262145
83784,11313.82712181337
95293,31036.02462962963
107894,9122.720321428567
90118,8278.553131673883
81548,14736.540837301587
91246,12440.908936988939
106066,30084.13985449737
76349,50854.55762578162
84792,10492.385036400776
94792,18982.506030423287
98772,9822.63850831848
81023,32054.154929894165
92760,15746.038585978837
81049,29896.47635185186
103697,7522.378429052434
82248,30936.86675805674
85475,27703.768937830682
80927,26473.399949735445
93520,22123.398160052926
103034,8406.120784391536
88006,15807.83140247715
80697,17577.97640343915
89565,18282.98719708995
106983,15965.623150793646
76042,21233.03112301589
95214,20940.768006613765
77712,17135.72516666667
102226,7344.630316137566
106128,30097.154838624338
94347,45323.667067460316
84176,11790.880918137414
92633,34934.72077405002
89147,11478.92896957672
76200,19784.09260930736
91972,24684.57539430015
95624,17839.269319143812
88237,12942.148068783068
90626,18749.962800865793
79402,28768.51823677248
92751,17898.241809523806
93494,30179.606289682557
77785,31110.754739658478
108502,10735.712665584413
76356,11422.638078042328
90256,8264.533307960557
76286,17682.55550384801
98835,25391.891238696484
78799,26428.57928114478
99864,13279.197076414332
89317,21845.493462842704
81235,36556.16212770565
82980,9099.945186026933
79032,14781.590568783078
94549,17741.494746031756
86872,10755.079387566144
101730,14763.70403571429
82684,11595.458275132276
99516,11497.421732804232
80017,8318.651355940356
99863,13000.214165343914
92792,38070.28665103414
100593,10546.22714285714
86135,6646.437860509856
78870,9643.35844203944
107586,23583.02409788358
83757,13980.803710317457
92765,22156.39633609909
84890,9646.045051707553
108290,13740.032179894177
82893,27817.54531349205
89660,8652.660905483412
105543,12150.09408342584
106368,12070.718793771044
81799,35185.275446127955
102757,5810.35724272487
87520,7976.548039682541
85172,8338.915469817222
76593,15971.717679172683
99431,9154.295394281644
104403,19320.101145382396
102932,9871.80939021164
81998,13548.97876094276
81391,7585.789326358828
108151,12944.416060125059
100164,15448.989207163208
77950,37397.45581000484
100416,12286.929394179891
108237,13089.572820707072
93464,20243.54221693121
83899,11902.180842231837
107184,16475.901137566136
78001,32029.950138888886
98816,7044.975841575091
98737,22193.548281746036
105432,20496.759895502648
99160,5817.897908730164
99195,2133.5717774170266
90337,8205.875079522326
85546,16405.318826118328
107128,19078.627537037046
93327,32448.293076358823
81501,28827.44088227516
78485,17129.25806144781
98491,21556.46735674511
91265,24126.332322029837
97185,14112.300489417985
95708,18933.27204689755
92269,22076.320256003248
90122,13820.911343915346
84219,10787.219277777785
95920,19813.419535954792
82679,13877.837201058202
105174,16079.77631697932
90879,11816.184003968252
77507,40046.66152380953
88757,13315.372013227514
101256,8448.853206349204
83426,17831.81784126984
76075,31352.737334656096
76871,16843.42288095238
77695,37689.86210389611
103555,10752.073982091983
94893,21526.643280423275
95836,15478.421832130827
92061,13499.064356902345
79710,11646.088261904762
93899,13577.594916666667
83299,10175.714193482445
95620,25928.103366337364
104279,19725.454845238084
83705,17039.273346560847
95472,33409.06178439154
106260,16265.986169552669
76886,14866.421321428577
97248,12288.564167748918
80660,15077.359626503125
101333,11829.242486291485
89360,6911.477020322269
85450,7530.192726310729
88836,17007.637771404527
77416,24246.313338383854
79577,26640.37063603988
98503,7632.474131553629
76778,14656.228456349208
93681,15310.2811041366
98418,6339.537787277536
98615,10244.012669088783
91857,27912.317844516587
85059,8971.903905242907
84064,14409.871874338618
83511,10929.770195130934
87961,11121.708134800381
89756,8521.065136002886
106904,12464.665411375663
78218,27148.401458754208
91503,22237.623105820097
77126,9622.967855820105
97801,8843.419813131315
87474,11331.4880436508
77057,23558.50763492063
79478,24048.256309523807
90041,17675.632492063494
83374,18506.87493326118
102094,11257.012739177491
103780,20883.24681060606
105079,7571.912785714288
80462,29565.63226719575
101705,13241.533779100526
105756,24715.011300986047
88993,11820.792262591254
89593,7757.56249482924
86338,17614.253234126976
77853,25461.66770599771
92077,29848.694147907645
102494,8316.769739898993
92534,35594.2805753968
78971,30841.8362597495
84687,18176.46321861471
88376,11140.0248562661
105707,16346.939231842229
80939,26219.74904437229
82258,18354.1867989418
104917,8959.711781625778
95086,20278.145355098597
79275,17043.098980158724
104721,10664.40890343915
107939,20167.42979497354
106703,8777.255015873016
107820,13079.935058080813
79947,19974.85858910532
89961,11946.994008417507
106451,10230.57886507937
98821,11795.236608225108
77748,33009.95484259261
104802,25571.71966510343
81481,44704.32527452175
93544,17358.05948532949
89611,14036.971058201061
79850,30712.497520683042
81466,24537.855764911004
90668,7470.705593674846
89743,16079.911971741229
106672,24677.095737373722
76030,16934.255216931233
97231,6495.415480158728
93484,31318.423253607507
81393,13094.718529701779
94369,16246.45093915344
93507,30753.740802549302
100752,7845.694121813373
95565,24319.821761904765
98749,15158.907070226076
99634,11320.298889249636
86127,7742.439183501685
101842,15294.707569023569
108481,10632.40712810338
82863,10903.254119167872
90043,9296.99519708994
76857,33725.31687169313
83241,10509.185802910059
103197,9003.537460317459
95458,15031.199669432423
76515,23157.660845839357
84987,13832.645797378551
80199,19679.839534391533
77835,22920.52096705146
80809,14548.25117195767
77245,24268.090921448926
104828,14709.494711760448
107338,7949.669886243385
78811,34924.05926984127
76708,37218.892226190444
88559,11281.123750841749
99380,5684.221472222222
89411,7334.299845146143
94532,24440.16425004975
88046,6181.176796536794
99155,11597.04654456654
80986,14068.34528439153
96122,24535.015146825393
78618,20119.186326839834
98205,5945.589155603653
98995,26164.58369781145
102432,9522.86728030303
78709,12766.686757936504
93586,22893.74892195768
98147,9020.170621091873
95468,34327.26939550264
95425,15276.857681216932
89106,10458.486531179056
85764,9784.741119047621
87674,10969.406083333337
106365,35444.47718265993
106263,7485.706994708995
97423,15674.023212842721
86855,14412.351116957125
101637,8647.774185185188
100129,7403.561404456656
89346,10628.088047619047
80037,7977.885412698413
87439,8175.940965247719
76329,49991.687435425716
101234,13924.464248677248
93715,23000.691589947095
96728,20778.232393217888
88023,15381.023146825395
100289,14366.894468734969
93685,11370.00329773929
97301,13196.288619047624
100588,10900.305992784994
78240,17199.608382275143
91194,34616.35778968254
78088,19925.622164261666
103811,10410.32329680505
79852,17869.322101250596
77718,18679.698216931207
99968,6906.771453074706
82937,14001.552112433861
106774,17032.194666666666
85107,9877.710367035012
77329,27938.67389814816
106498,14035.674098965845
80946,21320.57986375662
89630,20879.63252116402
105995,27324.873444444438
79926,48006.08182154882
93982,14902.048279581522
95152,41731.317990019226
102460,14206.403002164501
86797,17880.7192962963
98696,13791.809223905728
87491,22390.27369781144
93185,24074.39270370369
90910,18393.104949735454
102510,6571.656834656086
99707,12774.287174723424
106468,9555.895086580085
97505,14185.40663251563
85240,17780.623362433864
89795,24475.51864249639
78677,18056.225167989425
94311,21091.076947811438
79406,32063.346629629632
85528,23463.097969576716
95656,16532.240978835966
102783,12710.542956950456
76191,27695.54017448292
96193,12831.270504449252
108352,20584.002905723908
94226,24795.02861820584
94472,20681.11068386244
78628,8925.579250000006
96861,15337.048215007217
89698,14755.938512145256
89021,16327.516003968256
98919,12067.073054232804
107511,28834.958021765276
104317,13320.577798941798
105587,17612.294547619047
89244,14070.313282828272
108221,44015.569021164025
104558,20335.35580122655
99691,11211.618890211636
81153,22963.591527676013
83019,13311.28516931217
84699,8001.556739658496
92354,46831.24219889371
77258,31346.466051587315
81991,13531.226307146559
99191,14667.707103174605
80072,19000.737126022123
97195,26837.435629990377
83104,16281.849101229873
104712,11586.400188746438
100443,11081.701369047618
93443,28039.931271164012
85543,14329.17882744107
82977,16934.7406593314
92597,29648.694710317464
89182,17195.002072751315
89737,9535.606818542572
103093,13733.821540283781
103417,6389.360921957674
78550,13581.259043937538
93081,33614.692739418
80992,13424.59703811928
83725,11067.185200421949
90755,13571.23381228956
89727,24374.373681216934
82723,13461.98454353054
85046,7341.768320216822
105507,20725.430317460323
102497,7368.479175925929
86897,9512.757778554778
81522,13946.660284585781
106201,21251.522031746033
87615,10529.256822115063
84646,10609.638704545458
104296,21957.104740259736
84433,6060.142914825917
101470,10063.240068422318
76641,23162.96182275132
88265,9168.180349206355
101728,13060.366447089951
83541,9753.22349290524
93807,32249.89689790763
83873,10843.82584247234
76785,36038.81176190478
83629,10630.022562169308
87576,18197.01227777777
93395,16949.299698412706
95537,23498.783986772487
89598,7042.616398388647
78074,29074.18753968255
102980,9809.76901767677
104929,16739.930818783065
97395,13337.040240379984
106751,21232.789292809037
101628,14970.458252645505
103613,12755.90623544973
103641,12257.776915343919
95834,19325.46963115588
101797,3644.092816137568
80042,25629.050938071203
81608,19188.575307239058
86535,15200.0536494709
98235,22494.02931746031
94784,18065.919406204917
79342,13596.438596560853
97906,18112.346253367003
84622,13046.352207431466
85948,20043.755585978826
88274,11785.079007936507
92480,21548.321739418
86378,17288.942093795096
107558,12336.031034511783
88531,13891.238218050476
103681,12828.064809523812
103559,7615.762043484296
102821,12165.233801587307
77372,30420.771216931225
108078,10514.578382275133
96014,9943.156234126984
91072,17330.89698388649
78981,16264.27087193363
85860,6117.098902116402
91538,19379.518026455025
100904,13902.511087662338
83903,11536.59400661376
89075,10234.520095839345
87210,4707.0244814814805
95405,17258.74042700817
101957,13031.513596560848
91384,23568.65245767193
91816,22110.961984737474
93271,20103.691601731603
106951,17930.002489417984
77457,16002.642220501717
99216,10228.928652356899
106683,7355.78012938913
79593,13369.463773809528
92575,15953.888481481492
106332,21329.861611111108
99751,13163.20461159211
97844,19038.562607142852
90776,13676.501732924482
107788,30159.327473544956
97552,9011.70943650793
85396,9203.164755772004
90072,7149.833604497356
104380,9857.573461640211
108171,14523.977186507936
82534,15809.38756746031
77917,24454.47982190957
76212,17133.615141534396
77975,16374.801588985081
96718,24578.132066017322
101250,8619.084407407407
102875,19234.04914021165
97385,9059.997079365075
93943,21849.41501984128
76389,16064.398464646472
104653,20593.104117724863
85000,10963.010933982681
100844,6720.097468253972
94384,46896.59980820106
91625,18595.493921957677
92124,25046.60205158731
100983,11900.880789021165
97669,22884.483880952383
76674,19571.029987891743
104012,18602.92816269841
100742,11905.50160063085
97937,8852.676765873017
99509,20271.20555026455
99834,8740.173375300627
104037,15057.973231481488
96369,15334.760029285519
86125,9851.28519179894
102999,5466.117646103896
85473,11253.22621682947
90508,7674.041758297258
105281,29137.513703703695
90368,10497.55618253968
84029,10151.198944444446
88603,10936.38693375936
102423,7237.238062169315
105253,21492.220046777296
76230,18003.20471957672
100316,8243.082304232801
102553,10375.169464285715
76308,46919.39646031744
101348,10923.391395382401
105689,26928.339067700806
78347,25197.5241521164
88127,18416.031846079844
97320,12245.023000120253
98421,15640.342540653795
87422,13255.835384920638
90886,6223.795247354497
82580,7585.78446031746
106420,9614.522545695047
80218,13053.477363756616
77197,9307.343947450701
81116,14542.05781385281
103847,10303.139048460791
76611,26485.865828162587
80677,16444.1250438913
91546,15706.099460317464
83706,11459.130568687935
83288,10298.767113756616
83664,10039.008163059163
81103,29387.78249410777
104136,13947.514111111106
79754,33211.443952380956
80794,29340.357677008185
90027,6592.431287037038
99186,11385.887829365081
79957,12220.686097282347
83420,11877.23289213564
106971,10072.496374338622
88929,14535.84588502239
79354,17780.95342195767
104624,19692.34976058202
103631,2334.0598518518514
106329,13540.588770683013
94466,23117.043037397776
79495,14220.386810846561
92262,15296.124708994708
103626,10879.796277657524
102620,9679.275832010573
103026,10485.069559523812
95440,25322.8355462963
90675,7876.011531986535
92169,20133.064577681573
85598,9049.450505291006
93980,15175.849382275132
89884,7913.00489814815
100361,10409.025301796153
95314,17055.663345358345
102984,13011.25054497355
97290,31571.581854395594
88702,8490.306858465607
79250,22387.595075637328
101218,10411.896094516596
85994,16378.208141534387
91181,17175.17781084656
105974,10567.853272486776
92222,25011.89900595702
91691,30011.266346560846
103472,6847.162491341991
90116,11710.72811772487
94185,17819.43961868687
95705,26678.671289923037
92442,8250.185829365084
83759,12585.49463359788
106311,25593.48837830688
108531,15747.70424206349
88487,7636.522433501682
88956,10402.405606060605
80477,24271.40701106301
95422,12645.595757936504
77410,12415.225851851852
91873,25515.018253968257
95274,23170.3787051467
90023,7133.481224867726
77204,15848.443898629146
76504,20264.78253174603
105902,4958.359000712251
81820,14482.14967857143
89405,9557.154982804239
92206,14312.948076238574
79328,20340.892546176052
94971,19011.287302031316
91185,46681.2463140933
103332,11861.4999457672
105983,17971.220819291808
81775,20478.932546296302
81946,22745.66558994709
97846,25050.217745310245
103884,10514.984993386237
105182,7763.98525793651
76148,26833.881667989423
99255,20514.58627344877
87785,10707.145429894183
78903,13488.78401322751
94578,23946.292417388166
107853,12896.302753968255
76717,28238.35794757094
99052,9518.392828042333
82390,33489.51332551709
83676,9105.494057479556
87748,19698.51916402116
95443,27881.50380026453
94430,16976.988653920147
83886,17387.04195502646
78492,14306.558832010587
97540,13002.524277296778
103167,15568.333015873008
82621,11087.605137566137
88729,22730.672246151997
97779,9100.515580687832
87179,8414.980071308319
83693,10608.626757300248
83068,14425.676307118809
87978,11266.065747151
77547,13372.701226190475
104135,10281.272884911383
91838,20850.753620370368
81044,17079.49075336701
82100,31350.086408730167
79196,11113.14057275132
103420,8888.213484749458
84430,12753.90775661375
95116,29034.995674603164
88758,9670.309374458871
102600,15033.059186026941
97943,25492.701193121695
82923,17315.50289694564
84173,17762.83467328042
91455,25408.887199735447
104107,14933.2192015392
84031,7808.682619047626
103307,5457.41887193362
103516,11640.177425444928
94534,13793.554325396815
89498,18510.47906890332
78100,7264.823764309766
86728,10226.313126984129
89787,20346.97408485959
99604,6731.77366798942
87920,14396.220469074988
95679,26997.187285113032
106342,11178.053186507932
105013,9143.987145141891
94526,22912.203237854737
79217,14598.604003968258
105206,28395.338505651765
80930,14999.755745671
101748,9346.929449735451
108486,12588.326478595476
93949,31313.92417027417
99658,24680.332629148626
97561,19246.30092352092
101617,8666.515752765756
81330,46346.451318783045
101771,7776.296497955746
97270,6370.896786556037
101595,14243.41131409331
98215,10760.717538119292
84007,13864.118985088988
92680,20716.01652777778
78992,16383.75235714285
107596,21577.017160293413
77206,15089.994009259266
82743,11973.539120370368
83701,18219.908060485806
99165,17166.404873977877
94432,19982.245455026467
86548,13418.413488095239
76397,20843.236034391528
100070,6493.767825396824
103513,8005.967669312172
80091,18517.826164021164
76782,22662.167964285716
100886,9654.248349206347
103951,7837.686979326676
87351,17313.99119312169
85974,17870.141251322755
79314,27412.236645262143
102475,11946.055980399236
101614,7310.717629148627
99033,9497.604576719577
97666,11490.14775793651
99253,9646.417080687836
91658,21884.586959475706
82007,18682.581134920634
76687,45277.599645743154
83921,12285.834482683988
92186,23470.352682659926
85865,13661.672676527183
78521,10036.222159812407
77902,15171.559523208274
101697,11686.33341137566
98102,11188.250671208427
88037,10661.917580687832
87226,5447.769023809526
107492,9555.90914814815
100723,7278.461235449733
78581,14007.19101322752
104777,9623.020850529096
95606,14536.608466931211
101145,7757.426202380953
98544,11142.949219780212
96417,24063.570159090905
102714,10709.302079073434
85830,12266.38147028897
80541,25925.11897162097
88142,14852.449352693608
95553,29367.443940476187
107711,7396.086771164024
82572,9728.707484126986
77820,54374.45140175565
94456,18732.915580026438
90433,5660.008265757391
78161,27464.29778030302
98322,37022.1890441318
101884,9764.22233802309
98723,9156.335113787378
100828,9806.828307118809
100612,13255.00804761905
78754,16629.78839021164
95053,54378.88681216929
87293,8998.838681457433
83679,16256.253502525258
102810,7138.699291627762
103021,14450.297068783064
90497,15188.516562169316
106798,11518.960169552673
96234,12894.393935185186
97962,6943.3546183261205
81585,11103.483965367965
101255,9000.105271164022
95824,17478.199384920637
97053,13896.504348124097
106657,24492.343116642623
107453,18406.377272607035
77979,14858.325575757586
93717,18524.06413756613
100424,9599.48581409331
105579,26616.448419312175
85608,20433.978501322752
107878,26908.49671969699
83229,15385.526893217895
95478,26893.759882275124
104405,22643.985241943254
86681,7791.200661495913
81901,15487.327589706589
77806,15207.51395634921
102650,9617.978432539685
80845,21374.77576455026
77445,17414.65804894181
79206,31729.058362433854
105219,17832.98339405964
82665,2891.542598605098
79532,28698.35914297739
98125,6460.69338083213
77147,18815.79158549783
84836,9957.5012497595
105376,14229.544256613752
77343,32045.209636964886
108114,15621.00787433862
94994,11238.39237962963
88610,6014.712484063454
99609,7397.299524771526
107243,22210.242041666665
98829,13766.107223304482
85362,16678.61583465608
87409,10928.419935390675
95322,26957.246353174614
86185,10335.734580051576
81792,32425.645543650793
84113,11291.194305555555
86139,15687.098335978844
84719,14613.192502164506
85120,14152.250291606544
101693,5557.41162337662
77413,21160.39007106782
77179,17400.080274410768
91580,53894.26622546898
84116,11907.704888407885
93025,51919.09080820105
105224,8539.917085858586
102854,11741.128584656082
76237,22906.51172210198
105595,22181.16430759981
80155,30887.12486772487
92056,28299.89633080808
103229,15932.509727513243
98783,11265.662621332369
106357,9782.340550625304
92305,31263.944385882653
96312,8280.91860666186
86890,8115.347227392979
93354,13319.748230158728
86898,14016.701244829253
76058,17881.72825661375
90555,8831.423025733522
107136,10200.211939153436
107052,29131.457937830706
76384,45899.79818253966
101670,14076.539410754911
102438,10896.305677729675
81063,19872.27723749399
88254,11086.99953980279
87041,9214.357605820107
84909,7689.719720899472
79053,20950.311145400905
88187,10755.2903550986
85814,12952.377828162571
106396,18474.76621825395
90460,15761.830355459355
79261,16958.71969444445
105167,11942.670550384797
84047,17005.56046164021
96771,12737.052208994715
91074,47661.140675925904
92357,26550.174630952377
99588,8673.664834656087
78138,28014.350870370374
94328,17756.297289682534
92019,13478.564174603174
77557,26359.695827320822
83024,16835.88652116402
94888,13661.057966931221
94193,30077.29307142856
97909,18505.64224362673
79111,42957.64211844636
97936,14200.950240740736
95276,37862.041117724846
107815,18345.783829365093
92806,20516.29323567174
91317,20218.463468253965
89507,21121.86782178933
97462,17097.798506613755
93693,17394.832781746034
81331,25180.72527910054
77260,59089.58030952383
105287,15720.73161640211
86064,5394.344709114958
94906,29077.82226647427
94965,18299.3175436508
105863,8824.813862073112
96962,11691.593559523808
82573,14253.651784391537
83271,9391.05199206349
94624,11006.104793771045
105014,23116.86826346801
99965,10692.687592796097
98009,11977.110986383443
108442,9822.49873941799
78211,35601.887973544974
87609,4168.808744949496
95639,15119.577803030303
83389,12424.804871693128
84086,15457.70193253968
105956,10651.9522973138
108384,6454.440846200093
99053,12193.48757034632
85503,10537.774599206356
100879,5952.78719083694
102238,17086.71879497355
107311,19393.412150793654
90740,8073.635137177636
96463,32540.808408730165
96521,26226.497715608453
100020,8252.814129629633
86048,17977.69256625782
90310,17057.052977513235
95810,12103.925177248677
106809,5901.52594203944
90420,14525.242819893072
77189,23416.04651106301
103940,10456.144654761902
99054,22271.560321428573
86669,15745.603360879863
108226,8843.75314129389
107731,16466.232394235398
102410,7195.243829365082
107012,10206.382166666666
85117,6210.540185185184
89298,8206.891571548824
80880,18301.606773809526
86954,12405.288532347275
100029,16536.63672354498
98943,11472.450466847973
81089,35156.47605050505
89148,11240.681799628288
98024,9805.01231821882
84621,15847.057227392983
98748,21587.19823809524
106824,20298.6305
106049,21487.740411976887
108266,16512.558671957675
98763,4994.064735801239
100238,9345.452844035595
107279,10927.174219576715
78188,54530.897625781625
90443,14852.488055657306
95384,3016.507408341658
98928,22443.687474867722
83992,8412.39336904762
94914,18434.05877729678
92340,15879.041509980754
77677,14456.860661375656
90840,16028.980947635699
106434,34309.12369973546
83736,17023.565203222697
90022,12564.734110990867
87633,2514.121652837902
101312,15543.839800865808
92614,26425.410419617434
79410,11623.897264550262
83220,10188.003975589227
96064,10383.764813492066
96470,9969.555407407406
77247,10616.594804639799
102732,15553.01629232804
92569,23290.036917989408
103467,13111.224456349206
102976,8398.866533068785
87220,19078.096603535363
82183,15692.612025132272
88173,11544.656686507931
94227,23053.715872534867
83048,16048.02651760276
85320,15939.039400072148
90217,15794.31830820106
97112,14199.999582130835
78246,10738.31886964887
82000,22314.110973951974
79672,12109.90288492063
93499,19966.083657046664
103355,8429.872883597882
93334,29433.455850529088
77302,14543.594405844153
87100,15046.028698893699
92568,46931.035131673896
102148,7760.163032898102
81098,24510.589108465596
77544,33063.68702248677
92644,31341.072584656093
95996,26660.912535714277
79138,13946.828752645508
97082,26719.12685930736
85843,8632.070964285716
103831,11521.448940836935
78047,28348.39303268029
99184,13160.413591269838
83023,7868.397570586822
100629,6627.276566442813
106087,13654.186679413178
87161,12232.261114478119
97572,10371.151989417993
86106,18590.46985185185
90163,23043.971291005284
95623,45835.17217328041
104349,15891.623894179895
84422,8750.671045695046
107061,11708.93153571429
78175,37106.019496031724
87468,12937.569490259742
87136,13557.705895502642
84238,9555.75393205868
85432,11184.87671954171
85363,19160.41372847523
105017,12265.888894179898
80633,29321.37001058201
82273,25715.91043650792
76668,20943.526510582004
100970,12656.05014550264
104985,10625.218465608461
76457,19102.371432539683
102241,9554.38806144781
90884,9097.512249370999
79706,23014.881133597886
92608,19745.97500925925
86284,10992.479811533054
103990,10474.996309523813
106152,17225.237956349196
97553,16086.655304593549
106477,8794.5568452381
78423,23036.154916666685
82766,16855.28521164021
77477,50528.76927116402
97680,12016.812994227994
96346,13537.661404761897
104141,17779.031274891764
80807,24817.525214183963
100442,11148.147726310728
107029,17164.11844047621
90213,6579.46031012506
88434,19749.692051467053
96441,10162.035271164019
80102,15330.994337301587
105520,29924.42881349207
78279,31576.980590187584
95023,9743.596864959109
76739,19768.429264180264
76776,32330.011247955754
89754,22719.24323448774
92585,16573.792317460313
83197,8801.00483201058
99947,13804.497370370373
108399,12895.242136446885
99140,8474.660305555553
91454,11239.890902477151
104130,6284.681677248677
108320,13168.9046518759
93440,30313.834752885996
105567,15752.191111111108
89460,8273.494360870614
79662,27483.98247089947
88491,14734.987488095236
77034,16891.269034493278
90404,18051.375693223446
76014,12960.007328042328
104971,10043.135325637324
92516,15065.524832010586
86856,8197.86008706109
90648,18484.595305675797
97201,10801.414329365081
79186,21234.95363167389
98204,9599.001853174606
82568,25492.40284920635
97595,6723.733764189515
101703,9193.177630952378
84202,9334.072980158731
97310,7410.776624338629
105498,14083.47899206349
78896,35224.39570238095
106029,15170.56585185186
90047,13866.897332426835
83277,20334.98726587302
103503,11970.599618927376
104327,19484.291857263117
78026,30617.6141374459
80909,21919.141238816745
85733,8773.335513227517
103986,12626.36267784993
103236,15378.567830687827
94181,26062.1809949495
78518,21018.89543001443
88239,8566.26790608466
94503,49628.631961640196
76074,14851.502765873016
94424,18894.31602320828
97663,19710.13017328041
82357,21102.046296176068
92631,27336.00622643096
95482,48316.015788563316
90697,16154.70553835979
78798,19690.291047619045
103348,14344.660583333336
83659,11188.341880129126
91108,14084.634888888886
77916,13339.02325805676
106086,17278.646628908133
81928,25534.737013227532
108406,9748.349990379993
89731,15738.124475529106
106178,13341.520961399714
107719,22979.150312530055
90633,17914.880518829756
100003,3345.090685185185
98978,11041.935502645501
88009,16740.765342592586
96631,13883.461691798942
93628,20074.656330687816
87288,9449.990297619046
82057,27040.528913900904
82925,13804.517827681579
100038,9390.564646214892
78420,16547.79294312169
96271,9783.77055952381
97966,17524.518469456474
96110,9669.955640331891
80393,12612.421705229954
78706,17544.221648388662
107484,19759.66515488216
103084,10577.175595518012
99792,7094.112210678211
93476,33970.469223665226
88975,10251.786821428574
83981,14616.070126984132
79492,16151.001363997111
76802,33224.02542724867
83781,6212.090825453546
95719,25451.918984126984
106177,27259.060540043294
80626,26156.294354497357
76158,13717.666395502647
91434,19472.893410052915
80463,22623.823695767194
86263,12717.853139781273
107666,22285.377672318402
94262,22061.36693326119
103501,15686.009916305915
89996,15864.214599206345
87306,9365.755857503604
82265,13750.697270683017
106825,15523.415478835977
98851,18137.4674078884
80547,28708.419336700335
100440,10777.154773809529
103194,13053.76344047619
90394,32325.54610569985
86111,6506.557544973546
88528,19995.307528619534
86857,10030.431074675322
78099,8825.684851731605
92331,16538.07064522514
96016,18620.809077441078
91750,27215.61860978835
92459,21823.383784752285
107321,23921.218136243384
87091,9646.527742544493
97925,3974.7393544973565
81737,15817.320211640208
99093,9673.58247655123
99531,11610.476718253967
84423,12970.666608225116
76406,24987.841526575285
107350,18996.522149470893
76326,46084.13120767192
84338,24853.368030423284
76577,26331.871559523825
95385,14410.024494708998
90391,18057.998756373254
107624,24630.72769360268
99241,6385.7372287157295
80248,20173.207214285714
85295,15709.26508309283
96343,8952.618843915343
80926,12376.781065175564
94027,21648.55819179895
79544,20197.518104737857
84425,10060.481216329963
105264,12091.892593554592
82643,8076.743325396825
93474,13707.264430615684
107072,8887.445108465605
83519,4083.6032976190513
85962,17509.562082130822
96932,28480.111656084646
100759,10236.860313612313
107022,6815.8483949013935
77012,36542.94486171235
100651,8277.243833694083
89430,20241.749580687825
88981,15844.03615355941
95740,22794.76249735449
101954,14402.736474266469
103408,6097.82873160173
81304,10370.198972462724
108421,22476.370416666654
93532,20162.831051689056
101576,14328.413417388163
79931,19143.22749867725
108176,10382.006715608462
84455,17626.39063912938
106797,31351.21845502646
76513,21048.21315079365
89674,16413.193821428566
77722,22242.206921957666
84754,18201.076423280425
106492,10679.85124735449
99242,8248.582990019238
107569,13292.760018518515
94320,18388.42684391534
82637,10959.425517195767
96550,16853.05613720538
105480,18775.707921957666
100624,8167.328228475231
89114,11501.14654894179
100866,6975.516291486292
81896,15825.054232804237
102689,16466.64640336134
97911,11905.845044973545
97099,7054.747084656086
92071,23018.93352645502
95849,45160.612328042334
102903,11214.052565416068
103725,15283.054432659932
101176,12282.619819444442
103887,10340.713049422802
80921,27728.124707070714
92266,20425.049766835014
106467,7888.092608465605
92139,25378.008417989433
106826,31148.115749213728
88193,13909.167489723233
106211,17679.002468374223
88612,15689.873903439153
89179,16554.402515873007
80004,25566.044566137552
98225,9820.216568783067
99856,20920.962444712695
87150,25506.146761183263
94786,29682.140879389135
98471,18540.965767075508
103319,11854.908213564213
89393,8089.970702140451
85789,16588.70342231842
97761,20411.306126984124
101800,10878.635325877825
91588,30657.192546176055
76096,10767.522779100527
77378,21448.83556878305
105010,15999.422945286191
93587,29890.81062566137
90171,8841.540170875416
90438,8624.396588504087
91148,17449.553615199602
91323,25100.849846681092
98577,9299.63143085618
77741,15890.316893338155
87789,16100.132099206354
94742,27432.77022883599
78295,9154.819526251527
104797,6589.955305555555
77425,11591.131569023577
96208,18738.877451178436
100731,9235.567693001443
93163,33067.49391137567
85915,10082.889568422319
89993,10820.879898749396
99626,24863.73999098124
78228,21766.614665343914
78779,12329.808496031746
78654,17900.16193674843
82947,19703.819926166423
99479,6088.416283189032
90585,15355.923931216927
79933,22522.325008537755
79287,28365.840256613752
92899,28279.636071669076
93755,30642.890577635324
92117,30494.509355820108
102417,10333.339628547375
106587,29224.390632275143
108201,43609.626206349196
88442,5521.869404761905
82673,10963.853363756614
104223,11045.877500601253
86036,5874.833313973061
93425,25972.85505555556
96693,10750.434901274657
82050,35840.000997354495
99460,7405.407092897843
81829,30932.750591269836
83925,13139.534353174606
94041,30945.4948888889
82035,17400.718671957668
107368,8652.67253042328
105591,18575.255006253006
107782,9393.303355459351
96340,14041.033959235217
97566,9905.468163419911
91719,14383.829394707136
79210,17243.441234126985
89898,9949.253375661383
106642,13081.743642857136
93485,19094.638423280405
98774,11693.559567460323
90967,19078.523034271275
89550,17997.775871693124
99247,8380.712114838867
99897,6670.587184167684
91394,23078.37714855516
88135,5845.457336099085
84111,17239.607314935067
91479,27138.022681216935
82622,7743.194298821548
104106,28866.91602453102
77050,30993.15320430494
105631,10301.152868686875
86427,6490.303171735672
93552,49404.86258333335
81830,36122.43234656085
82034,20606.915898027903
105857,20124.73795550745
91623,19394.777297979785
87886,17124.708818783067
78123,3239.210148148147
101951,8804.439058080809
97543,11260.804246031752
79462,46906.44158597883
90234,4630.112685185187
81860,23923.58714069263
87045,5476.508588300589
107162,14000.021201058207
90414,14962.637876022114
78353,30302.266451872198
90940,26080.32435618087
104123,25431.23933958636
88330,9461.331764097014
84769,7343.085358465607
108396,20788.824041005297
89556,8558.534117724867
91348,12258.963431216933
107687,17015.304222222218
90777,14505.47426719577
104801,22023.059705567586
82951,17474.03636375661
106440,19602.029854136617
83562,9032.031221139972
95283,20466.428953751805
84042,8998.335452380956
97883,11312.935961233203
101997,8260.33124206349
82566,10480.071729522473
87497,11855.300986772494
79697,13334.094211640208
85723,18237.093123015868
103511,12815.380015993263
101075,15643.186797258295
108424,11267.086765873013
102011,13904.624735449726
90054,14011.487894179898
105933,16765.504995671003
83807,14738.725378306877
77338,28572.029247354487
96060,7590.505693121695
103133,10267.641942821067
76548,18037.230488576253
79177,31199.804752645505
88937,17814.266681216926
105216,9197.2777971288
80415,13130.13563720538
89404,4745.2507641662405
99503,12160.617490759247
102640,16426.970048941806
108003,30196.777653439163
78038,12826.524570105814
96267,23999.854251803754
106361,26822.539431623925
90046,5371.185148989903
81034,22362.990101546602
77832,21865.126997354502
76482,11552.347788359784
103687,7900.035048941799
104148,16264.571140211647
96008,8789.115066137569
77464,28540.586890211645
83612,17182.238333453584
88727,16341.12318169793
92881,17267.428858465602
78787,37086.36708465609
92593,16145.783054834055
93216,13034.586919793162
108447,8751.212267195764
91746,29115.205678571427
78670,17323.22767989418
93142,28463.165013227514
103515,11530.025495643249
101254,12901.699146825396
103532,11267.262396224149
95650,22722.734128306864
100251,14486.594540283788
82597,10673.255499999997
83045,8542.66557936508
95764,23211.655694324185
83685,10282.854504578752
108088,20366.006105699867
99800,9132.807253487252
104273,10130.167144660893
86860,7415.710636243385
103756,8033.531764430018
90038,8614.308849206349
81692,10294.913693121693
76875,12153.671001322751
82474,9362.256703194955
84165,11304.19500625301
92416,19095.42641798942
76486,15209.320236772488
83332,16014.033009138999
86362,7260.692167989418
99000,12995.885421957668
79474,10359.633386243393
81625,18695.88134018758
84416,10968.458209681203
107026,41337.14524735447
78888,25251.277153318908
91402,11946.951673641168
104996,17573.49686904761
108161,22567.466611952856
95547,16408.966605820096
81861,14038.944437109185
77574,36327.36415404041
88480,9243.440105820104
78311,33237.675050264545
79130,25004.024556878307
86087,24028.509869047622
96083,9217.018322631076
102730,5527.225494708991
93459,29875.171038359782
103121,6974.487158609912
106519,11151.03961183261
90685,10583.1786005291
95357,14385.565208994714
104263,2227.8429898989916
92978,26290.3548476431
85290,11342.74548581049
90632,9510.16630612906
105283,16999.558727513224
77070,18408.069511544007
97304,19672.73458152958
97350,22168.158205747965
88499,8895.510203703701
88773,17361.451245911503
97413,11462.57375276575
97795,13759.885405964413
102571,4918.417775493024
100395,9134.61996584897
83692,18375.195049182297
88058,10708.217006428764
88108,19626.156322751325
89818,6289.379865079364
84732,13722.047527777773
79794,14109.397794612798
103320,6061.5686058201045
91794,14948.5837063492
83061,13759.086138888895
88593,13123.769867724868
100252,8391.596662698414
87177,6808.403423400676
108018,8707.9044978355
102667,14670.353855820109
77541,14927.268242063492
78985,34145.916121693124
96495,13005.773485449734
91698,19736.6252910053
80282,21968.63433414734
92825,27940.356133597885
92684,24838.382695767184
93840,41525.339675213676
85266,5998.635136243388
96656,10860.670235569985
87600,9730.797931216934
106994,8351.392003968254
101405,12919.287449735455
86756,3326.598605820106
91439,13781.906477633467
85088,9457.275145909649
93892,16440.51392869168
108240,20901.36955291006
91934,25458.584853535365
79263,19898.370765031254
99012,13749.93001755652
99507,19300.35294708994
104775,13698.119996272244
76783,18832.150998677236
98630,6146.425607984608
105799,11459.487593628588
79687,19818.787074074076
102242,10302.591568801565
104987,13336.57685978836
76197,15872.667789682531
79819,37538.144216329965
105059,15619.710748316504
103748,7897.619031237285
104789,21106.80952777778
107740,19344.346534752283
94310,19380.5584488937
95974,25412.586334656065
78991,25418.583328042325
85346,13094.469376984114
104905,19448.681881072633
84858,8288.311959956713
95021,23772.134917869167
79234,49569.11483658009
93929,28299.783727513222
93964,21025.83577417027
102327,16802.59398148148
93930,42991.621968253974
94220,38348.139140211635
97355,16694.333082010573
101356,12620.8457037037
80132,47666.25282671961
96537,9026.414264448513
95767,10175.803901996154
102780,12023.625056878302
98549,5241.310016955265
91031,29764.48077284754
91922,20728.31387655863
92327,19543.998248196258
101273,13794.927193362191
83564,9337.431395456399
93121,16072.288141737894
91848,21826.22583201058
99112,12360.965183862429
79484,18870.862404761916
83792,13458.023707671959
88337,21102.478720779214
98896,6316.837448412696
82576,19809.169272607025
85186,10740.664765873016
103570,7588.438232804234
94806,27887.90520719097
107394,8970.330446248192
106891,9794.64042652718
77508,34938.69994504569
78851,46868.49500264551
81113,26127.481426712173
85437,14211.419113756614
82280,11239.792200096192
85886,17110.60664550264
79625,26935.41197354496
95239,42642.26666798943
82313,53727.097753968235
90789,17891.78827452177
92484,19930.61587854738
88349,6781.625749999998
87936,2485.588297979799
96057,9063.648082010588
102286,9742.439776695523
97187,9241.98405759981
85499,9051.803413540163
104015,14235.261982804243
99732,11740.004944564687
87915,12733.78707551708
81687,11440.339801587294
86009,19240.130541967297
97444,11654.465205026456
102004,16239.843054232797
104458,7621.145843554597
98519,7147.2481944444435
82785,16486.836863756616
103479,19341.026011784517
100675,11724.754365079369
102764,8123.737111351614
84770,13190.231150793652
106124,8268.071921976172
103447,7861.102083162656
101681,14623.204450216446
97714,19038.029907203905
101446,14640.460510582017
108526,16068.260952982195
92403,16864.941356301104
76218,57961.73821657047
81456,9919.717059403567
81297,30800.171097402592
90637,16192.78014153439
90327,8052.050880952384
95775,23046.734658008667
89328,10099.977731481478
76281,10835.730561808561
105285,23429.319259259268
97967,15855.154873015872
103677,7435.2279816017335
89371,16045.991935185184
93864,10114.375818783063
103191,7335.7208612808745
84138,15745.134097883601
88931,26093.462945767194
83174,10908.105521524769
96700,17090.95837169312
90557,7331.198198412701
106224,17893.532076719574
76032,14595.025761183262
93904,11335.854814814811
83233,9969.896036676288
97166,13904.996388888883
107008,11762.246178571428
98411,7858.342891534391
76898,14580.631386243384
77335,23760.196760942763
103661,13861.471394179891
89251,20034.51896428572
107278,10576.8290489418
76306,21870.82964021165
95821,34050.07636507936
93738,27378.273256918998
102085,14951.822554232804
87697,15285.33818410293
95925,17933.383184223192
86432,14134.514371452615
77843,8824.888554232806
91784,20389.26476226551
101658,15938.49246067821
77139,28518.91378475229
82509,9379.24157936508
92105,28178.401736652235
89714,12402.024650171183
104701,17211.44446404521
96529,13729.678695767192
86466,13338.843493386239
91745,13629.171042328038
89336,11870.542575396828
77392,6551.0799184704165
107821,26048.032392616646
96431,8326.485884920632
96177,9112.816888888892
103091,7047.5160474988
91003,19915.3055012025
95781,17855.84357154883
96216,13185.94084367484
78178,45356.76048484848
108259,19881.087810846562
81909,8906.757802910053
87054,8279.78385317461
95949,19827.78380026454
84912,15731.395056878306
106750,9969.761134439635
105535,8374.158472222223
104790,10339.96369973545
82394,34275.72407010582
85536,10902.385554538061
88663,10102.877009740265
95114,21983.129979446476
87720,9951.702519721024
105355,6937.458677248677
82633,9448.22884737485
77178,17894.529776334777
82650,10276.520191798949
88354,18585.239554445565
91594,11849.842773809523
106838,32807.20345899471
92201,28675.200861231362
86903,16788.28866438192
91790,39039.617781505534
89435,21040.04337301587
106192,9945.883612433861
100291,8053.536692307691
80263,19322.225473905717
105259,6890.999974386723
90581,12931.336790885045
82168,17375.22071164021
78900,20797.607989658485
92927,21941.764826719584
86035,13911.904452380964
82812,6181.950864478115
90960,15871.695511904756
80564,32816.70961772487
88136,13507.95105363155
81598,12103.441284030776
84515,19037.976398749397
76559,20475.392616642628
85602,14145.963125541133
87221,19515.536865079357
103271,3515.340300264551
94627,5183.027514189515
79016,18359.066744107746
89875,15984.789506493513
89037,15819.314904401162
100203,5659.157110028861
86521,7621.593273929773
100287,6831.226061151812
100028,11743.145358465606
99993,11740.49699735449
89572,16324.103249972257
89439,16616.325130952377
105686,9094.106708994712
92939,16032.00541810968
94055,29839.88084391535
80380,22400.43911243386
99967,5343.710338985087
95543,15685.37849591148
97455,11978.049367724874
77160,14061.119263227507
105212,20964.166199633702
100236,9853.582885762395
107291,10603.147003968254
104571,9429.76217929293
107474,13473.914714285711
93115,32965.900000000016
92068,19840.14575264552
101225,12388.226590187589
87087,12196.407406926412
98133,14310.658451418947
108494,24125.48343398267
93501,30941.36762806637
99785,9670.09688624339
99377,10875.258841269853
104791,21567.510367724866
95521,24689.088753487256
98752,25785.439563492077
100191,5632.282312169309
86298,11118.749915343918
85617,9665.225665343909
101651,14297.242835137084
93014,16953.760609788354
89934,8060.795746031744
85334,15451.547977873968
97879,16120.545990259738
79690,22150.656141895142
108126,20249.121711640197
77117,47163.577853174604
99027,17364.5745079365
102822,12315.395666786919
80603,11252.311781746026
98014,6428.9353632756165
77131,48789.036572751334
93449,21204.45327260703
96996,18484.54355687831
86682,6298.076748196247
88766,2755.979739417989
89860,5201.5448902116395
103646,7307.521632756135
97690,18000.2844428812
101168,11074.540232804233
106415,7657.014323352572
83711,24086.666436868687
87996,12137.121615079364
79855,15366.01840836941
105266,14689.37166931217
92717,42626.32134788361
88833,14728.492002747254
100290,4861.011350186851
79845,12683.875764550265
102781,17081.65701022125
80780,27794.953902116395
95643,18631.35474338624
90478,5918.90378126503
78919,45049.30472089946
87599,19004.612225589226
83576,12475.529231490733
97582,21659.77496957672
98560,1759.4534470899468
94839,17787.58977513228
79584,31157.86544973544
95009,35843.090756132755
86194,9653.431453222702
81291,15878.108798581045
108264,7567.074383477637
91618,26899.518159331394
103987,4518.502136002884
98687,8023.9333571428515
89683,8941.038569624821
80178,14240.658513227509
85041,9024.412244708998
85795,9305.114379749879
92667,25235.58336904762
88648,9668.827112313616
81003,29147.136630351135
89530,10128.934609547858
89343,18669.597023809514
84383,11085.451339225587
95447,21360.707136964902
103195,11811.37971380471
87916,9165.681664021162
79701,9053.41891534392
78939,34230.276055315066
90700,7876.222087421838
92770,24761.90275
108076,30502.957303030304
76716,20122.409028018275
94223,15422.545046296296
97551,23160.855854617603
92126,28968.33090476192
92616,29770.705129268877
101680,10823.359591510343
91237,34957.64301394901
105108,11552.27461243386
96867,7958.348825396821
89088,12825.799486291484
92402,22063.73102248676
94049,20046.42520502645
86720,9420.083840548334
100554,16768.160874699377
102551,13119.143796296305
88297,10771.930571428573
85365,10008.352404040397
82994,8207.244675925926
79914,12756.952010582008
108258,18599.058896177903
76068,14393.524847282348
82252,10938.951390516897
85769,18884.67165384615
90927,40101.69900396827
106917,14472.126005651759
97051,7504.935493987491
89757,7388.194503968256
90517,8919.260869769114
100679,6829.88959920635
102698,12733.172797739298
76935,16097.042440476187
94802,29032.19752873977
106017,28133.58623941799
105400,10238.384246151994
107120,13847.672155723913
102046,10381.33492989418
90067,11968.355584838535
82781,13850.072461279453
95277,43897.7452936508
95689,23071.83362037037
105027,20750.691516714767
85236,16966.080267195764
97380,17052.04703404929
100285,21193.606742905235
98812,12610.246928571434
96265,22137.01276587301
101336,9802.56088287638
107335,18776.844080447325
96385,13492.68746921597
78322,34701.10217328041
91805,41166.45805206828
106808,11552.211710317459
91272,25421.592480158743
97409,10236.697382756127
84801,12873.50505483406
84783,16923.178838624328
78594,23060.899703703708
84618,11696.608439153446
95162,16292.746822150064
87803,15715.112989036497
92565,11942.440678571427
107155,22646.92105291006
93075,25820.245061568054
102973,9449.245889369886
89247,7735.529484126982
79555,27575.40307936508
90326,19956.815264911016
107169,17635.81800032593
79268,22297.83295406446
99954,10612.986130110638
80374,26646.45389610388
101695,5092.669816137567
91260,51370.088161375665
78376,21974.984256715514
105554,11567.180673280422
106897,18092.066091149583
88890,20707.416665343906
85043,9959.986080327082
90014,16611.787007936517
99924,10239.311006613758
102210,12164.126646584895
102041,10996.631585978834
78082,50593.87518650794
106653,9214.453531746034
85042,6703.351748677248
90502,18815.23273280423
87396,18106.945380952387
92489,20636.417476495728
76383,13607.684229797975
82522,11103.632763828762
89906,16967.637461880717
103260,8201.609825396821
78162,11992.026391534395
102594,8534.277379629631
103841,7396.341509259261
78789,19412.601771164023
106717,9862.134723544972
88775,7087.009231481479
88109,13791.327956145708
87997,15506.850511904762
88027,16737.513814814814
93890,13671.153478956227
94101,20876.55825661376
102675,6698.860824074075
101475,11219.906303751806
80558,10870.732750601244
87171,7800.984157407408
88266,11238.413342592588
101850,15619.439632265885
99649,19664.382981721985
105512,13434.555670153923
102290,12215.862363275612
80390,25162.375367724864
90266,6726.865911470596
84938,9596.532924843676
93151,47419.923742784995
95267,33726.44661231362
92188,22807.620341390095
80014,22778.600670634914
103390,12619.345567460314
77627,24284.633504088502
104741,6592.089314814818
107297,9459.53322222222
93101,25566.150869047608
94142,18858.820697089937
93814,25165.683407046672
92300,30005.498668229935
89616,8920.695752645504
102876,10327.938037037036
106731,20457.71937253488
97653,16361.605893458393
86484,12573.006403439154
97041,11182.092787037038
88263,17715.91521957671
79035,15982.974958994708
85171,21622.10001887928
99949,10309.722537240537
97528,8250.108539682533
89333,7508.6143665223635
108420,32353.25462157288
103545,12201.905965608472
87578,10804.246950537477
89794,8855.009132756137
78220,22171.860556277057
86074,9988.05181637807
82330,20627.132231721993
77108,11547.764517195768
90682,18962.5618917749
105643,37583.84177898029
104819,32098.778169312187
98722,4516.06972222222
82464,12748.655613516112
80687,24739.25189057239
101340,6446.792529100529
86763,16140.762802308791
103549,6992.325428571425
85520,11293.008743386243
95658,38788.56399206351
98745,19535.084373015874
102751,9750.209250841752
86044,18443.823602813853
87791,7623.611269841267
85907,10159.309092833086
82976,15736.124489778736
87738,17509.9642598605
96035,12879.324118085617
88577,14927.501912698413
87932,8300.19671392496
100197,14320.967711640202
87983,19885.26444973544
83455,15929.294442520442
100627,8718.00572859548
108491,11322.615550865803
103896,3647.180674723425
100166,17817.27466762867
84224,18094.65940211641
82279,16488.683763949022
102695,9376.32837169312
91730,12943.33832912457
91520,16983.61350661377
93441,20462.109711640205
104061,14237.880678932182
85328,15865.20286327562
78431,12314.466079365075
89987,10688.645779100527
89785,9123.3138474026
87524,11389.09864285714
105313,20053.762392857134
97204,26527.283650793663
81190,18799.31737602213
106185,24777.36136904762
90483,11375.423582010586
85436,12573.27394492544
89422,13658.619186868687
94943,17224.099300024045
84834,10147.002003246755
104864,11872.416816378074
104593,17458.004514069267
97614,8499.833214285714
105794,10447.251497354495
87647,16464.07127248677
79445,22840.341871693123
86179,10398.113769480513
80653,31236.597255291006
86987,9293.350017195764
94399,14692.858281625782
85016,7721.81360714286
97822,9985.72560630111
78119,18573.65013736263
100744,8143.903186507934
105979,10707.259511423763
99994,8158.196470899466
100774,12978.271124338624
92935,23632.18023160174
98288,12917.791051587303
76583,12027.09092171717
83919,11039.320079244826
81696,34996.409890211646
82491,15661.579899470893
105912,7698.27768783069
81324,21517.16565860991
76616,27668.646945767196
77437,26774.333887325643
87372,10643.316910052914
92668,27477.181391053393
89936,7325.972223544974
103228,14358.95952910053
97587,9725.861194444438
101465,13721.13547041847
83831,10182.346284391535
106127,16264.309617724875
81306,29225.009935185182
90977,18753.62051443002
104439,17504.84764194138
93212,16281.609933020687
102209,10789.175344276093
100072,9549.397800865803
82518,13127.316330687834
103988,5031.43717616643
89788,7138.831294973548
81061,15506.733756613747
102430,7018.880945526696
97938,6299.060918229918
82243,28997.359092592604
98210,13327.788935185186
108342,20901.344025853778
83764,10871.51830383704
106233,15628.281864117369
99659,7940.713560966812
99142,10812.977074194325
98655,11337.115105820112
108449,17556.789308201056
104515,10115.472571428565
97931,10954.208879629625
100995,9495.066436507937
96070,22342.504684102936
76333,13362.24496164021
106307,11245.371716450212
92092,18820.34041534392
78883,9277.203650793652
94921,29664.53817328041
78172,29803.150394179895
96430,23228.20149603174
82844,8129.6444146224185
82378,5419.355525372775
105297,20657.626883597874
95050,26066.352646825388
93124,20946.80876863877
80112,21619.95258333333
86478,9577.84827380952
83917,9311.952249879749
100721,12621.816575396824
94123,28768.656993747
100693,11463.95447222222
106688,11679.156114838857
102131,10962.892410052913
99935,8110.499151154406
102108,11664.470124458867
82729,2895.900415343915
77495,16528.697957671968
98827,12233.197710557968
97526,18147.610995523
104954,10355.727376984129
78155,20376.454699735452
79469,10705.26364646465
98055,12320.046106180851
102443,9170.7991984127
91468,29553.07870502646
96944,12114.10934355459
90974,19574.458587662342
97294,8938.468062169313
98347,6810.786099206347
96505,16120.561467412217
100542,16615.14996031746
79348,18776.567654761908
95285,24199.25797077921
103440,13068.356022486772
91432,25656.832917989446
84815,12452.45247486772
88959,18718.613288840785
96017,25635.85870262147
105760,11190.752121693122
102874,10481.67034331409
103528,4831.112424362675
87558,10472.690000000002
95691,22373.932591149583
106122,25139.461883597873
92479,8664.25742857143
106673,5486.355625661377
108143,31454.797590067345
88298,10443.763481481483
102149,14064.35275925926
87765,15754.383832972575
90258,11688.9591547619
96940,9863.507414381917
108032,7925.488056878308
77733,20283.878814814812
90186,7151.288696488701
94702,17930.12612566137
95120,27957.30541919191
91144,13896.686861111115
103053,8381.368126984133
99408,14949.107246873491
79533,24376.792024290517
99369,11142.990190476195
105062,15655.06504232805
102029,12792.042231601732
96368,20346.853157407408
101066,11426.195371693118
100088,6293.665651635401
84869,14349.327779100526
100736,15808.309277296778
85981,15344.010072751327
98872,13296.43629124579
84037,9635.088205627704
89217,12049.998771164022
89775,25351.822636243385
88379,20845.26013532763
80011,25204.8231979317
80836,20759.071937830693
105215,12575.485131192881
93719,37489.46051190476
107968,16376.601376984132
98967,8778.87204761905
85591,15977.745955433455
80478,10614.625924482925
92882,17098.046105820104
89721,9381.008834656091
101878,8069.014933691759
102301,9991.27726948052
101408,7491.09221825397
81446,12851.925191798942
100045,10270.300247354491
82986,13861.208922198173
78772,23363.49242195768
78208,17478.643410052893
81689,10345.17863095238
96791,14759.198139009135
79141,12534.594577561327
84271,15971.683105579612
94879,16678.266863756617
107759,22067.181038359777
83675,9736.67391774892
88258,12728.89333573223
96976,11936.154332010587
92824,17573.949067460315
98414,7784.927596440598
85028,10022.98294051047
97506,10143.541042328045
92767,27915.68754761905
100210,15400.765367724867
84470,11200.7907037037
90627,6783.623516594517
98768,4064.898999999998
105263,9778.430369288117
81662,35710.86221500717
93787,16571.709852693602
82688,10764.188626623372
88923,8611.585925925929
97463,9814.772849326599
93008,13192.768858225112
86807,9939.040066137559
79997,23365.482431216937
106742,17951.02607539683
94777,11741.409077561328
86594,17970.953067460316
82991,17298.58869131794
102203,7654.824562650312
103539,14777.984357041101
96264,16051.415689634436
77721,12960.722297619051
107801,14358.216040283796
99511,9937.311364570616
92801,22328.389087662323
82658,5692.572453703705
91732,16494.75261435786
76557,20702.488467439962
91314,38900.887397065904
82198,14888.766689514187
100607,14741.7850899471
80984,12652.062979076483
77901,13016.162654040407
95736,16336.436664021161
86809,18170.70206746032
78288,17955.949189634426
101339,12491.701374218374
87249,8175.355923280418
82143,33022.97968518518
83850,15809.998375781626
106952,14233.343065018309
106504,27208.07490740741
87341,15218.764064814824
94165,74499.76192328046
79986,21023.586949735447
97235,12475.408357503604
84860,10324.9590026455
94913,22629.817551587294
82439,7693.0559497354525
83066,10862.457175925929
76993,29468.76012169312
88803,19106.751441438188
77506,26694.70319312171
76456,17459.4075600048
84599,7562.841019841276
76680,26289.109338985094
78685,35799.64386940837
80310,19296.59088684464
107412,26218.09407912457
89792,5051.861532106783
87421,13469.778814213563
88821,12172.954527417032
101930,7855.553126212197
105822,11101.922591269837
97642,14431.234179487183
107339,10298.61916269841
76550,19974.783193843192
88272,4941.585425925926
85777,6967.288685185189
104995,15140.019160654158
82640,7539.677166254927
80887,14241.881677248673
105022,18934.084839947092
79920,18416.771844877334
96724,13823.624514550265
87654,12047.448857984613
80242,33583.34094047618
103464,10612.366232202987
99537,9814.182354497356
92524,24015.510087301576
83634,13319.75364550264
77597,15274.560892551892
87830,18475.085994709014
87700,18156.26561231362
86513,10063.486238095236
92891,12208.58756216931
79513,20258.204346810595
101087,14142.170018518527
85729,9586.852665584425
107672,24695.892776575274
77549,32571.223623015867
94307,20496.218478835985
84500,13559.307278258775
98867,8003.309097883596
103039,11344.245329605577
91192,28535.47357326007
82205,15217.281974867734
100369,11222.225641534395
107529,14858.444802910046
106073,15166.246853174598
87934,8663.057517010762
99978,16125.655473544974
97512,19252.18759259259
78085,22654.69718927369
83329,9492.558821428573
106679,19910.178796176053
102680,9587.036463323719
100260,18651.14449338624
98100,19506.402670995674
79452,58227.79266931216
94814,28154.338910293416
83431,10937.745117724868
102298,4115.523423761423
86411,9260.106932132681
105783,12770.455057479563
79588,19533.515091149595
77976,11660.218055555553
103387,17102.490381433377
93070,42962.04884571909
108393,22521.78137253487
105094,16553.569063492057
101152,8728.779019841266
87464,10608.12289661265
92410,30276.831274531043
102395,7868.79553818911
98531,13288.816496633006
89945,8270.38054016354
102454,15106.883497354494
104729,14005.752182539685
89493,9593.784101851852
92058,26219.311287037024
93884,14915.045466931217
87594,7474.477125578127
100891,11958.236992664746
81535,21492.355150793646
80847,24841.854616402103
90120,9678.292101851845
76004,24039.710656926403
76670,16273.285636446883
82018,8654.914290644541
90007,16586.143503968244
76604,12898.913554232806
88324,7443.896850529099
84260,14883.47720634921
104662,18570.26176972102
80740,23183.520809163052
94973,16995.076214766705
89099,26011.733453703706
89528,15550.209746392497
87947,20474.542238095233
76967,26170.145065776822
94126,24744.624514670522
92187,41681.75168783071
104140,8234.619970779224
80573,15494.879272005772
99372,13468.09094576719
79790,28456.10412277537
94392,21229.65470947572
103573,10435.697863275613
96538,9581.232663540164
96774,21269.312440355952
83631,14305.66553619529
89532,9771.688425925926
83991,18862.077566137556
95769,25118.57847438671
83263,16021.321629629629
87065,10242.452747354495
107642,14613.81834920635
85968,9381.001712121215
77321,16596.67872089947
79237,24468.579765752766
98975,28561.613420033667
95590,21547.14849314574
104906,16020.032791005295
103289,12448.179703703703
82134,15223.954826719584
108432,14431.750513708514
79361,13328.239025733532
79283,14264.108863756619
108270,9898.554636243389
100333,5742.30474206349
89059,10693.426082010577
96852,8470.240592592592
89651,18251.418052549303
82856,5472.8565761183245
103072,14871.43585453979
108315,14954.811027056283
95664,17130.69926839827
87882,20880.05804761904
81682,23556.79797823471
102981,4629.978290764788
104776,8826.992529100531
97621,19123.500837181327
100451,10879.749183435739
94393,42948.33746560845
87416,12455.440082010578
105999,8349.45387433862
91075,2706.6838910256415
104390,15992.465302789804
78471,66629.17659980762
91077,13306.9788018278
81733,15470.387661014907
81475,24319.921990019244
89546,15442.609273809527
81968,18694.278482036472
82201,18431.26094468495
100703,15823.671733109479
108173,9944.192784632034
99283,2394.0216164021163
88618,8253.447006613762
77172,17187.56421957672
105813,13739.934598595846
85410,9426.922917989425
77665,13287.469800264547
106427,12762.312234247234
100684,8272.659256974512
77682,110276.01065933138
106196,3294.7625410052906
88627,18719.64967989417
108029,14761.59777116402
80142,20779.15341630592
101534,14365.7424498557
106737,20461.398842731334
84776,7969.194405844158
100686,10079.172138407894
100393,15326.901287518041
95593,19214.34641859067
106482,27418.48056721982
82594,17744.738022005768
95052,19169.874231481474
77581,31450.519091991322
105894,18459.31694220594
98981,20165.638998677252
103791,9805.22265079365
89035,15830.995962361712
78988,44625.73589550263
102284,7275.937113756613
78961,22135.702636964892
100824,10832.799977513223
80563,19104.818142977398
106006,27178.25997089947
98874,5925.971678571428
92004,23506.659464165474
76541,7247.405570586825
76087,10241.745282948534
96383,9349.6246494709
89403,11505.370488215493
85502,10819.180291005292
78453,17562.934859788355
105672,9880.76405555556
94086,26344.46661844637
103223,11594.900697089952
106894,5211.838015632515
104079,15322.278670875427
76659,52597.08692104191
78970,13709.379610630107
94467,12263.565333333334
106317,10344.220984126987
90990,19624.30993915344
85168,16860.403555194793
85329,18363.82147003922
90573,21249.00417063493
87552,7794.895291486289
106650,9395.339003968256
97658,11354.351281986535
103443,10256.29966450217
108293,10315.900006613761
106230,14520.286978835982
90762,5210.981933862431
90385,12083.578543833248
92892,30173.352533068788
87166,10916.507208994708
88217,18064.36975529101
107357,14073.583686507935
104588,14350.815418710914
106711,22354.00370839345
82117,25464.71246031747
76811,26276.087298941806
96629,13256.429129629629
82497,14812.650336679595
105204,10250.184564814814
92020,22569.4725568783
103534,11672.12277188552
87801,14272.136083333335
76388,20545.4269949495
101512,6419.970913900915
88523,13609.900505079762
82847,20461.202628306874
96295,22786.321713203462
104555,15865.818220177964
82459,7984.362156565659
88896,11573.052464886965
98912,18602.23248015873
87904,11608.328025058274
97899,8553.146226190476
84404,10623.91338034188
83628,54726.25875382952
98240,7495.998594997592
77405,52458.25914478117
95241,20659.555984126968
86588,14308.259695767205
100568,6868.54437193362
103330,10078.788120536878
88168,39480.70482010582
99695,7806.008611111105
105415,28448.52138852813
108291,10116.283944805193
82483,18563.494730158727
76215,13313.860662698407
95883,9676.412791967292
93944,17530.686765271766
80545,13167.673829846079
87133,14030.483797443288
107929,16314.765552669553
103594,10390.065895743148
98090,3048.311994348244
85950,7956.422657407407
97817,21027.006648148148
80349,11166.161311928812
92065,19582.337671957663
81419,21261.526769721022
103547,15529.249507936522
82647,17271.153890091384
103287,6534.8009025974025
92620,23271.83627513228
97818,12859.49419853295
94762,16754.075018278018
86986,13787.229068783066
80244,15888.405593915337
81808,27997.2509510582
101955,13353.248490740743
100277,9655.567854497356
97433,10501.286559764309
101701,11360.625550264556
88891,16873.468076719575
97998,10004.066677248684
84676,6186.583031321752
85102,12007.444955712952
95997,23383.86953306879
108269,18527.27973280423
101745,11675.315394420393
94167,23126.391184102937
100965,2988.7982552910053
96695,7042.910187830689
84077,9180.509204184706
95666,31831.020108465615
93525,22221.98413359789
86442,10085.299906084661
98856,15599.964002886005
102762,11379.87116017316
91868,25393.084573833577
85895,9445.388028619529
83837,10202.724248776274
97933,24415.546183862432
77159,45734.70530735932
86267,13845.938949735439
102669,3551.356601010101
99058,28146.03057190957
83648,18245.73245767196
90586,17356.549236772487
96303,12273.235523809522
91599,27656.987055315047
104830,13399.833302910052
103867,10756.989383511616
103352,8415.364576118327
85911,10785.664293650792
86215,6752.323453703702
100026,9611.97753835979
87347,9368.565496031746
95363,16362.965539682542
105922,26830.39545322272
100582,10448.592719576727
90707,12839.956312169326
89442,10855.846477513225
107455,13597.567694444444
79441,24911.965157407416
99119,14857.673972222225
84855,15358.76980423281
95694,23930.510005290995
98802,19810.854492063496
93759,24978.64598280423
100855,2784.0237568542575
93601,27881.4765937951
103425,8462.814943121695
79810,35359.524752525256
106082,11423.000462602211
96555,13441.20136171236
76273,15186.823633597884
81265,13079.508082371329
76722,22871.14858730159
87080,9610.770709355462
85477,14586.048682234436
100688,11547.902599326597
101612,7357.692388888888
107135,8978.23658597884
82754,6624.504825830288
77167,16526.769275132265
95627,35891.23136363637
77685,20009.628189153435
81835,22107.423575396828
108459,17987.46684391535
99976,19859.34830904281
77873,15172.91746428572
91574,19322.55733465609
98487,14419.33548412699
101067,5113.2663786676285
86888,16641.565416666668
79051,19637.047435185184
105704,13564.995898989897
93009,24121.232440476193
79182,27083.04357692307
77226,19293.858194083703
83439,10672.164013227513
106093,17571.207640211636
85243,16346.671309523806
77181,17171.97006481481
85451,16162.04955483405
76412,41869.78771164019
87990,16539.628152116402
82077,30298.116931216915
86289,18033.959092592595
81566,22126.941510582008
82864,11905.308775030524
99130,10100.882001322749
96176,13661.74293915344
102269,8294.571678469683
91841,23100.56800661377
76041,22316.6469517797
104840,18916.623342592593
106253,17940.78672775372
98245,23429.901090067335
77039,21624.932150793647
100730,7556.7887289562295
87739,5349.578750240498
107559,12670.33488305213
103282,15503.814471278725
76646,26376.611415343916
80252,12815.977809884565
103895,8802.934473424726
92491,24948.123902717656
89765,14593.001906084653
106652,16547.863707792214
88005,7869.0977380952345
99470,9689.60135137085
77069,19074.24663359788
77955,30477.086173280433
90809,8213.213076599328
91610,20256.4685410053
102774,11288.88259920635
78231,9850.216600769607
101171,8055.243097763346
94420,9695.383824074079
91378,29508.378403439136
82771,11683.116337421836
99918,2833.90730026455
103574,14295.689285714294
86799,12812.845566137576
94318,16788.309984126983
76950,28399.566936387662
101720,9040.659448172199
106698,21516.077937830694
103488,9968.970686748436
99153,17472.94968650794
104945,20225.345840668586
82708,17404.203777777777
80674,20031.967571428577
84122,10935.662770648005
100375,2138.23128174603
89456,14856.007834656086
82974,14638.399869167873
104716,25593.312948412706
88124,16228.015396825407
101244,9420.89802934103
82069,17796.18612433861
98606,16012.788231684985
94412,31452.12636772486
106030,25271.649083333323
89877,7452.35057130832
83349,15079.369550865806
84253,11616.025255291008
79774,20915.351817219813
87259,10712.649439960176
81587,10015.020360870607
94407,18831.20291666666
105889,13954.317931216927
90829,14330.90662566138
90286,8057.85827645503
90162,13396.657882275133
86022,14439.116721260221
108101,22432.967579365075
76814,14884.10519035594
106162,21128.0327010582
106605,17235.72087542088
99590,13782.395134559885
102676,11606.249923520927
107658,10915.625583092835
82396,14677.172682539687
108051,24579.3008068783
92955,27512.989826839832
83520,9856.952203287456
80338,15767.228020202021
89312,6627.26848677249
80751,27683.82265993266
90622,7071.76329064454
79431,19414.631639009134
82870,12649.149234848494
106446,21425.715699735447
96223,7161.922930375181
100491,7043.293952380953
90125,34104.07491185667
107869,18155.714824434825
78278,27261.580671957676
104244,12266.304090067339
93810,25000.56765464167
90911,25024.42735461761
81869,31353.1082056277
100472,14935.746640331894
101927,12823.207653559402
99713,18074.400157407417
108184,14606.60173677248
99764,6966.616347883601
101286,15892.010927489171
106534,8159.300895095649
77461,12028.498824074073
108272,11493.141925925927
106010,22296.622292328037
89193,18201.323041005282
87761,11144.070234487734
88154,14431.373882876387
97789,12670.163299450554
98271,7412.774634818885
84160,17531.16127597403
80752,11552.884250000001
106107,21160.69521825397
87260,11582.488140572403
76549,4098.571685185185
106619,9516.406297619047
93849,24279.86153571428
96045,19922.605083694078
98306,8821.810574074076
91896,40894.48108445258
94048,19821.671669312163
104918,9672.028358465612
97720,7950.921653439148
97482,10295.032677396679
94156,23168.213873015855
96469,9490.248356180857
96918,19327.02310714287
97241,8053.360850529102
78150,11587.028037878794
77808,34782.90804629628
103265,9831.309723544971
99485,10032.022021825396
77860,12226.042116503868
83834,17890.61029761904
82565,5169.841792328043
104344,31031.38877164503
88984,9204.14817195767
92161,18636.799043650793
102199,17632.769047619055
103723,10102.826979890482
94677,19454.166387566143
104806,11342.621495069745
87148,16438.30652330779
78411,17255.192142376138
97856,11825.834152958152
80535,22098.552976190473
90156,10725.449304232805
82176,20873.540382275136
76790,9976.625977513231
91762,30830.71696524771
78650,28306.529003727752
82763,16114.584780062532
82678,11158.952195767193
100137,27115.014514550257
78365,28445.80865608465
88768,10830.811250360743
80346,22706.034474987977
106682,17470.780102258846
97171,21403.17554040402
81701,16311.639599446853
84073,11737.062185185181
79549,7244.988745310246
100269,7519.152042328046
78466,30088.985426767667
80489,9884.914746272252
100009,10857.870216829475
78769,13318.021067460317
96821,26247.627321428576
107253,9529.482265873014
76045,12704.335888888892
85567,20555.042056878305
104651,9392.107903439153
94428,10523.052023448776
90549,16189.651375661371
100940,11485.860160052911
105608,17909.05767484367
105280,10389.179699735447
92200,17363.630056878308
91082,8150.842626503127
77298,25419.224281440776
99432,10133.319385577084
80426,7474.192909331412
100817,8093.594335016841
98552,14356.525842592586
102428,7729.157456950456
100978,9046.0296515059
96371,14296.299304232802
84334,7377.599606661857
90196,6803.871943121696
102540,10890.17917328042
96914,7134.614525132277
100895,10577.343421476671
105296,23952.456471260222
101888,5713.110174843674
104077,7146.829199494946
94267,33435.63395153921
96803,20967.80819492545
88905,10532.245004930255
106132,8955.605268518522
104388,10508.021581400082
92704,20057.121779100526
86345,20082.266363756615
98326,49782.440628306875
98572,29288.45973304474
98754,25059.9325489418
77794,11965.540476190472
101082,8610.929564454067
98455,11886.256294973547
95796,16260.962927368948
98861,19616.094658730144
87570,4167.644389369892
91904,21176.47316707365
84147,14549.711832010584
79470,28811.670291726783
100012,8416.728183862435
78698,20010.390159331397
84929,12590.382513227523
97808,13599.256089586339
85299,11281.204480278984
91297,45781.16562722464
100772,7910.673826719577
88500,8252.765089947092
86077,17880.385117724865
91891,17483.79955507456
81059,22855.22332551708
91023,26251.792627585364
94693,31438.18403150553
83779,16304.660955967716
102323,7665.8769041818705
86078,10043.252531746028
85595,18278.246699735428
78582,34835.62325529102
82311,33300.27854629629
107228,27348.73774734522
90613,16065.553043650789
102643,9867.809615319864
87044,16430.587945767198
94680,22696.110726190484
86222,16134.454956349193
92844,22333.97615079365
107625,2339.249002645503
98155,6773.866312289563
95145,12301.010219336215
79545,17506.25763552188
86312,11418.221002645501
106466,11747.785538480037
102721,6896.294696007692
82720,8510.304399470899
89908,12975.782693722942
86593,4543.557942400192
86930,7800.335412217411
80460,17166.175620370366
85235,18730.498554325306
103331,12826.941907203905
96526,21805.64863888888
93359,16045.38658333333
104761,10519.49362542088
76684,30366.81866931216
76697,20783.396082852327
92488,19111.782215608477
107148,20544.930865079365
100685,8692.548155844155
79407,21941.754272486774
90983,21738.911227513243
80435,13235.594301827807
106658,25861.149850168345
76894,26956.15921560847
77367,15596.352283068787
80301,39365.65051455025
81032,19810.03170382396
107900,36426.09162818664
83046,13313.72433808784
102331,13049.064960798458
94376,11810.238235930734
83559,13495.410213642212
103509,12152.176076960075
76553,18159.096427609416
85897,11722.087665343914
91644,16570.974138888898
101598,18504.47567857143
89707,11535.042902717658
106964,15878.144158730147
86117,8427.789791005289
100179,12903.810101837706
98605,26172.601452982213
99719,8339.289856782107
96764,17426.998532106772
97262,8957.43725793651
79645,21979.858782227035
85785,12696.939432539686
103444,7432.321023809522
105639,14436.126903439146
106379,21163.317785714276
94283,11997.543374218372
80195,16892.710981962486
84709,17180.251776455025
106270,17132.33472089946
106321,28132.091157768144
102975,10337.621887325635
77231,43039.322370370384
82488,7189.149294973545
100406,13387.662325396821
79606,10443.3738035113
81036,13379.044543650793
95806,27948.956753968243
97217,17690.423284030778
93696,18759.815534151025
84438,9481.269720899467
108083,14176.299928691678
94109,26153.990891534402
81873,25999.124067460325
83535,11939.523839641837
108253,9399.097605820105
103572,6573.037878306876
97782,20692.59923015872
85759,16766.272515873014
101313,8835.292669312168
98905,13902.788300264547
96344,19745.231456228947
79144,13875.983259980756
93593,6130.074046296297
99886,10726.929334656095
96085,7672.87270767196
91717,25786.371955026472
100170,14079.665274030524
101760,15985.458972222224
104762,30423.681743386245
94364,16074.309449975955
81819,17910.679410293407
88720,12198.711834785587
76810,18505.73366269841
91505,31053.107173160184
91740,30579.560854497373
107115,31918.163111111116
79860,20850.149109788374
103392,9226.261694925442
107926,7389.141505050504
98206,12190.385526760281
91551,42847.80531439395
100331,12557.144234126983
76115,22358.251079365073
82255,15972.033924603173
104007,19820.54913973063
77667,6841.286604858104
97247,12907.72845767196
104182,44120.06231072632
84802,11136.680770222516
82517,5610.664575396824
79978,43643.63986291483
104400,30298.733644179887
98809,16978.389712962966
96889,19585.033960317465
106291,26986.266856180864
99347,9927.823501322753
101462,6701.84686904762
92841,29045.240689634444
78210,65102.53132744109
90440,15785.078137566137
84119,12303.61862999038
96872,14095.91073617123
99411,7092.645182539685
88399,12627.635984487744
93645,19421.98397089948
106472,12741.99720454545
93223,17663.119862433858
100761,10067.77410040885
84396,9737.63677910053
81694,23188.072305435315
91499,52379.41558333335
86428,2773.2125793650785
95718,17981.367985209235
102532,9187.451458180705
101976,8033.900054713803
101696,10218.530548941797
98887,6917.457369047622
88660,16021.531531746037
88640,14401.67737433863
84379,10877.210431938436
84581,16006.230959114953
102278,8726.83385918711
87590,11013.574774170278
105244,21913.28462830688
85140,19940.903106180853
100212,7278.423953583456
82463,9367.117423400678
89649,12223.785554415255
105119,19385.353219576726
101138,10921.626298460804
97613,10534.648759259258
106323,14629.547607383358
102910,8001.76692104192
106664,17244.08183201058
78285,20755.31617592594
90102,11532.646762605038
96386,9744.632141534394
90800,7762.566740740739
98566,18646.066695646936
101815,13857.53821693122
101798,14350.291904761905
97728,13427.169600529098
99174,13235.821982563737
94250,18594.000367243876
88827,9981.616343915346
105493,8817.790457671961
77991,32234.47342724866
106003,12442.965740259742
102938,14052.872488095229
80815,15539.700858225093
102775,13504.80540079366
106108,11301.46907142857
86213,12884.211603054351
97119,19022.367785353537
90341,16928.551633597886
81713,24484.643823472838
99887,6932.797512210014
80067,43776.21982671956
104710,25216.08596825396
99374,14009.088003968254
102685,9907.912220899467
88454,9680.963985088976
88121,16247.901895502653
104607,13266.597416666664
108321,15737.426787740049
100788,16672.895366402106
79504,20503.0364908425
108273,17155.16785185186
94291,27569.42955687831
92974,19168.013455026463
98506,7300.135558201057
92238,24386.391097883592
101214,7416.260167989417
92872,24715.501319985575
92412,15630.723612914862
99487,29493.874552549296
95246,26218.57735582008
83843,9660.9285
77705,17379.161676647418
82903,16587.441796897547
99335,17143.182824074076
83112,12649.876510683765
82946,11243.73244083694
105777,13916.168302549304
87013,10476.944639610387
96752,8308.33968253968
106136,20768.868579365073
79867,33954.11443819144
84377,11453.264221861473
100807,16520.229102573354
77327,34585.19350529101
90531,14549.795385161135
80907,10220.344030423277
84019,17742.358502645515
90542,16189.781133597879
77431,11222.706403439153
100648,14051.588105820107
86836,10102.990036509786
85657,10103.5604510582
104881,20486.176892857144
87108,2958.762433020682
103909,14773.549813371814
101363,11147.607431216924
83894,9775.416324074073
87239,14456.957654761902
99880,6669.004033068783
101105,9165.890153439152
103682,10860.662802910056
84580,18934.925955026447
103278,7530.530992063495
81972,9764.222091269838
96088,6883.518301587301
89815,7902.924469576727
83189,13296.06311375661
93790,31607.75365584415
86893,7321.493360990862
85632,9329.508083333334
84891,7325.061236772488
81765,27072.507992063503
104808,11384.574224867723
78274,20319.243339947094
104323,14147.447917989424
104215,25519.145659932663
83258,15633.167000000001
85415,9400.33775793651
76352,17112.35509307359
105843,24888.41510569985
79923,8888.889735449742
86788,18524.41774290525
106140,11054.05395767196
107298,15139.049550884303
80097,48357.58741798941
84584,8637.086298941802
97123,12304.0067037037
82024,68502.67541137568
80482,24931.30054208754
85092,13352.479216329964
107615,14472.346664021168
83158,18895.058706709962
98377,10086.337114989876
101038,9520.289212962964
86398,11090.398395299144
93257,20174.101519360265
76372,23411.85521620971
91976,26932.714706709958
89914,34559.89781325153
102249,9346.536952380953
92223,27955.74985401635
96162,7776.566589947089
78476,39331.67233994709
84032,19108.359305555547
87790,9858.698915824916
99047,6738.865672975174
85743,15344.805056036565
100359,8083.421085978836
105381,20389.66396031747
87011,11133.318501202506
106016,23322.70383862435
104246,17762.680517195768
98535,4661.656185185184
101636,7322.935220899469
86057,18398.124996392493
103082,7057.569711640212
98076,6781.410937830687
83514,9176.883835978835
103770,6807.716711640212
81344,16175.541032467521
95622,33324.10164417991
103797,2412.540154521405
93056,25752.955612433852
78395,18815.207569023572
89628,8460.945276455024
103060,4481.805568783069
76440,21606.152431216946
91172,31058.323674963918
92399,25764.511974867713
93498,27306.896366762867
88211,6278.467168470419
101974,5741.278525853776
92110,15588.985750000009
108282,10338.483174482923
91046,16206.423849927849
87325,17085.02977519703
91442,16679.371359788354
105058,11337.356847883597
83755,9838.881762025014
84596,11150.00353354978
86642,8695.450910052914
104884,33421.80838492062
99464,11839.481792328046
76380,18631.206160052912
84398,8121.090914622418
86695,13280.32431216931
84967,16281.522559523806
91413,40867.76668686869
104536,20774.351717051482
103653,11534.934261904762
82660,7510.102572344321
96278,17300.52860052909
104281,9557.220332491586
96493,12139.470586099093
84816,16262.800515151508
96248,8080.396216089462
84910,13274.756695767199
76150,32441.216936507957
84168,8025.385538961043
91284,23534.037977513224
95359,15915.439435185182
99809,18082.021350529103
97478,13031.440086700337
90354,6994.9261744829255
76268,27083.584404160658
99017,5610.096607984611
92966,25900.402107383357
98031,12346.427617086621
102949,11125.979013227517
96793,12096.252615079371
88706,7595.786610704111
100609,9151.21726190476
89116,8079.714806878313
85861,7289.970158730157
81217,20703.62677489177
93134,28412.232158730156
93383,22022.972248076007
108417,7141.0198915343935
84549,10401.049329004332
97741,18100.189761063
82038,28797.139806637813
104696,11696.811253968252
102985,11181.687847883602
76015,34456.196989417986
89233,5557.831543891293
107693,9382.851855820103
79543,16180.179808201057
88941,11278.5971967292
107133,17932.411651996157
84262,8973.175776455026
80022,11949.755382275123
92947,3304.9695153642647
106355,21697.139666666677
84561,6848.205978835983
98987,19755.24361111111
106383,20826.57599194325
81784,10362.276417027411
100364,12553.44086772487
107310,39526.602308201036
95690,31070.277526455026
76393,28229.277824675315
99698,10789.765553391053
92142,30149.84997222223
83931,19277.809136243377
89216,7501.193320254364
78447,13404.354017195763
88380,16180.533550865799
106609,10893.732297258292
87906,17147.989999999998
107946,10727.747725829724
98084,11599.430344276094
86920,16652.58751190474
96738,13005.060687590192
90639,12511.141610750365
85170,24188.61911832611
78613,21066.72437169313
105247,22181.089944444448
90641,11660.260685185189
103803,10240.01846332371
101871,7090.043639511362
84737,9039.884723544974
88357,17031.836185906683
76060,20594.212531746038
96081,8799.947588383835
95771,19646.81874338624
90465,12140.446093915343
105795,7104.228552910054
99716,9303.867569624823
86627,9252.582890572388
76452,32263.50467640694
106972,19040.65332142857
85032,12702.207347883597
92339,20776.314545214038
92906,30302.045212842717
107476,23878.87177356902
98693,8154.863299145295
100745,14780.211894300142
93962,30658.167746512758
87071,24322.857387566128
78456,10865.60354124579
98616,7775.1130052910075
89502,15760.956574074076
84812,16884.072439153435
99278,10681.35479232805
106760,29464.406534391528
93843,17678.917719983718
89686,9693.221370610865
89459,14458.665850529092
86882,18894.50038359788
89055,14354.187660774414
103280,8060.712911375662
82388,12755.971715608472
84322,20127.799272967768
99763,9840.75478306878
89240,8122.707276455026
89369,8469.931055555558
97845,9698.083560846562
98505,22767.814920755158
83594,9537.389513227514
76879,20766.36746823546
107542,9373.797017195771
80047,18873.327111471863
103396,10176.685411209155
91511,23880.302403439167
103680,8288.758681272435
90952,31293.74714550265
80329,26938.77650396825
95213,15485.776326960067
93454,17282.084947089937
98790,13979.723630952385
90991,51617.12910509858
103576,15829.4093941799
95054,16605.717269841265
91254,40371.6853042328
78354,28313.398109788355
82354,8139.6578743386235
88849,10802.998429894178
89577,3319.7402212602224
92417,19275.547917989414
87390,20025.117249999992
90610,14831.940993746994
76083,26060.042892857142
81716,13777.882727633481
91781,31369.641814814826
90138,19974.013914021154
82651,8383.88803174603
97872,9434.643495310247
84809,16351.748773809526
107232,14917.628099687348
82070,13445.456280784034
98299,21268.24239417989
108152,7383.846283910537
81894,14120.490469456474
92170,25640.969943352942
76815,12491.109079244829
85318,15499.923530062528
101609,14251.734020562772
85681,7723.857476597478
90628,4616.7274867724855
81278,10308.857773809523
85022,10657.94216979317
106237,9372.365611111105
99060,13043.688649822405
97068,20514.804209595957
81590,26304.13449903801
87125,7631.826622174124
86034,5633.0644338624315
92154,16041.25355820106
94085,17480.852221139972
84555,17831.365173280432
96138,18162.383348188847
87289,16546.564777708158
96099,17833.722372775377
92408,16380.69566786917
79885,23270.351579365077
77403,21992.01274603175
78502,36939.09436363636
101012,16346.270735569988
87470,10587.74919684945
85394,16714.300664381903
90467,16104.667248677246
101768,17613.24487698412
82421,13127.338438071187
85707,17258.492861712348
90630,16445.745177248682
83619,10971.715934463686
102793,10146.08284463684
78299,17608.759366762857
108074,9504.587962000955
80894,46793.04914285716
107622,9412.910687830688
89930,13546.448589345846
105194,20034.15791137565
87228,8193.27506950457
87821,21745.572544973547
79921,19017.857123256388
85109,16522.991840548337
104039,6093.662712000966
103523,15014.837747234249
84724,9734.929314306059
101351,10746.494767556522
76444,31660.612861111116
108202,2599.806924001924
92774,39069.689004088505
97279,14060.799788359785
94079,14983.543764550264
101938,5760.918054232805
105071,23616.00033754209
91761,50545.317833333305
79296,28991.024494107758
100769,10806.240873015875
88597,11115.345693722946
85935,10055.486236772489
100302,14739.083143578653
89081,19725.93444468493
86282,7096.749617845121
107202,8712.086494708996
101999,8720.218358465609
77135,22150.64402958154
99417,10450.937960798467
90406,18709.224405363162
94752,12890.585260702268
83342,12246.128947450701
98973,16232.750068783074
79768,30497.434115079363
77192,10483.22124543049
80500,13024.659931216933
76835,37382.37478042327
86983,13041.985088624333
97069,25233.78874603175
97193,9368.472054713806
105073,16868.965138888885
108405,7147.782320105817
90739,14113.694827080331
100079,18768.903437830697
97513,16519.372800625297
108004,31838.245259139003
100330,10413.262781319341
88508,19005.244956349215
81325,29109.429183862427
105920,18049.65374255374
81530,9437.247211640215
86776,10728.861293976535
80384,12907.356662457913
105020,17367.991082010572
104228,13178.28047222222
103926,5979.042749519
92044,30371.628349206338
107049,10520.244075156317
107408,20446.34152148778
97280,14760.480433862433
84121,23103.8428452381
107517,14245.280493386243
81847,12272.604344442594
93671,17466.62758164983
81276,18938.416215608475
105034,22078.96485714285
82559,16026.348703703707
97468,24451.85402753728
101227,8016.816084656085
84614,12870.40399867725
76259,20452.195523809525
81329,44671.63774776152
91999,25220.153406204918
83557,13849.829764430018
82819,10430.936285714288
83735,10439.358037037035
103607,7297.9910726310745
93256,24004.94321957672
89255,13067.241592592596
102147,8815.21880555555
86853,14759.711958032707
76266,13732.115020202024
85025,18723.21454761904
79566,20658.793068783063
95663,21456.30763035113
96600,10184.021542328042
99798,5941.496955988457
96922,14940.34576190476
76888,42687.2450515873
78701,30446.509863516098
108246,12275.441277777776
102309,10864.678617724869
89158,17562.530140211646
95309,19158.347017195763
90997,20159.66941534391
88930,15594.693431938436
86235,15261.169944444448
86159,9538.95325793651
101049,12854.052725468971
81773,31302.644059523802
81389,26770.74443253969
88802,10643.742732574976
85702,10489.165925134603
98780,24419.190941798945
84786,16887.18617460317
85683,9712.86018314093
77857,27115.097720899474
88429,16300.305511784512
102069,11175.975107984612
104862,11821.09687169312
108204,22645.049671115914
105476,10627.371440115443
91778,21213.13176851852
100851,10968.994732804236
82960,14902.83021969697
84799,19578.397179894186
86912,11120.908638583642
101533,4630.685832972582
90657,8367.496623015875
88912,11873.690051587304
86715,16022.664930254932
87508,16155.887042328044
87984,9466.14703439153
94852,12957.707900913903
94905,20226.704665704674
76632,22327.464395141906
84100,7596.096895604397
95802,11878.055160413656
93740,42819.74008201057
98565,10563.701346560842
104153,12139.660100048102
82480,7004.030206950459
100660,10413.834866610967
76089,23508.412861111112
104329,8204.924875661376
76434,20522.654781746034
84061,16593.422997114005
92097,17447.10881613757
96236,9290.98853992304
78908,10482.38205050505
104602,11358.587002284756
102750,15246.796757936503
103394,14535.569375661373
88113,9539.204345238091
95654,23809.166247354497
86372,10597.47378968254
103110,12383.328433982688
88378,16717.683248677247
97704,8374.57919576719
90821,15348.150637566137
84901,26604.778937830684
93956,17041.22974735449
96320,30096.244332732073
81148,24003.71998003848
96461,24507.645154761904
84615,10881.479279461279
108104,22991.325004810013
78039,15798.049353174607
91425,28428.626945767217
77044,11842.1528042328
83049,17536.481403439146
99803,22631.108543650796
77693,21472.65427020203
95508,39940.15190059014
101593,10652.993988991295
101499,6184.831867724868
88319,20029.880237503236
107344,37863.486322751334
88590,7628.030331076874
102740,7554.223152597407
85931,14096.201051587304
77210,22342.148500721498
104732,14144.933898148149
101802,8214.756520923524
106071,10872.86223280423
107867,9103.962019841269
103449,4939.329702482703
79433,27104.882083333334
94897,42960.57984367487
79851,18754.495393819132
103779,7391.317505651749
84206,7375.110160052906
101707,7828.813227994233
90924,15423.915052910055
92910,29865.65352777776
95774,45057.92310846559
78551,42844.05686568064
97038,13590.141174603174
107852,13382.938861471861
87639,7890.775129629628
89958,18600.046374458878
77096,14935.50528992304
80491,19864.936557479556
97835,9560.65898653199
88697,8443.373047619047
78196,45811.780096560826
100662,9820.761978956227
93739,10181.867341269839
101433,12558.01715522441
79620,11444.03633597883
98914,7853.551132275138
86750,9915.972359788362
99223,9079.536156084658
100046,5679.127046296297
77452,30397.13805916307
104703,16255.602271765272
98198,12786.014711279458
104049,17222.240291005288
102264,11863.252968253964
104967,19432.37023305398
82009,20896.983196368452
79345,13971.886694139193
76063,31910.369372775363
92506,18543.099103655593
105509,6918.323861111114
87958,12325.783954425207
104150,18230.508260702252
76395,22599.37504196729
92933,22529.482782782037
105564,10659.833953703706
101877,15712.79321560847
97863,9858.241205026456
98886,22857.91748015872
108166,23617.234171957665
84870,18542.359451058197
105095,14412.661514550264
91461,18677.14767688793
89581,6956.446874218375
79917,6553.4392857142875
86396,10932.158544973548
77190,25662.696508297264
81287,10783.19451358826
103138,10688.119689153436
87123,10793.355767882258
103793,10678.709365079365
93077,20589.368494107737
107545,29937.926283068788
99055,8769.603246873501
101183,8225.92758994709
100713,8188.002696488696
94948,25923.7215325878
104333,5475.580388407891
99987,6953.906246031744
85251,10575.373468056992
78966,12008.753379268877
106038,18527.488544492546
80139,27109.70176851851
86167,11531.32639814815
99261,13080.705452380946
92352,13484.44559319384
106505,20805.30571957671
100845,10551.082474867733
99620,12675.80604232804
99159,20478.870273809516
106476,26508.737399711394
98980,20726.75197354496
93289,18643.404268518523
108209,12351.107261904759
83126,10030.419413059162
100563,6630.377330687831
105255,9347.903214285718
94179,19637.581031746027
90552,8630.021817460312
91267,11048.65529557479
96812,13700.999084656087
88257,20002.716031746022
88718,11411.972857142857
83854,16403.354230158726
94902,17385.54462782587
92523,13727.50053174603
89821,14304.097621091869
95400,43887.21124867722
84369,14040.796404761904
104199,10796.71766839642
82116,26147.20400613275
100708,11792.351597883597
82790,12968.315970899474
81821,17353.433294973547
88277,13494.141120370365
81500,30978.00889405964
86835,16129.926384920636
79378,33054.92251166425
91295,29336.935320105833
91973,26478.34144841269
104856,16240.324968013465
77543,20314.567243025496
108162,9032.840424140672
91217,32003.96799903802
87896,17998.444604737848
98107,8594.79375661375
100169,10793.586053068395
90709,8759.440727873975
80086,32915.05806746034
81299,33794.235144179926
96112,19584.227242664747
103775,7086.210366041365
95669,29946.84064333815
78443,16123.722271164028
83136,15407.739194083691
103945,7301.864637566137
93010,26143.132167869175
91906,25312.04464550264
85113,11969.542837902836
79454,17436.840838143336
95079,46921.69117328042
77330,54397.14510582011
83798,9738.227026815774
90237,8052.16988227513
90782,8279.728011396013
93557,23884.886501322755
80716,18200.17977513226
103222,8212.617893939392
88529,7780.3064782347265
79327,21370.464680375182
103525,5681.386763708511
77294,14906.283517676775
86934,5885.9528844396345
83687,9624.851657407407
101179,11166.162472222217
86285,15019.665223665232
108225,31734.97723544974
79458,20421.49155168906
79962,27958.51598544974
77878,30253.760874338626
79980,28855.08527032227
78111,21932.79828835979
96878,19862.518421957684
91368,26143.28085711729
85298,7353.674986411736
85082,17639.091433862424
91369,21822.41202177451
96485,23179.859040866548
77644,13673.61176382876
87187,16198.62386640211
108438,18780.57102489178
83884,14949.155167748913
79694,13187.948438792686
83581,17507.59797883598
89661,15731.240465848965
91756,15711.69281703944
94344,14941.186752765747
104700,26393.252455627706
82382,29704.82769047618
107594,44655.149895983624
78751,24336.572793650797
80127,12535.700431216937
99586,11956.348234367486
79871,17735.897827080335
107372,17893.82733333333
108028,25547.449357142865
85904,13561.6544563492
102788,14340.593202140451
99942,13108.109553872055
107103,13889.87077741703
84087,9020.095445406443
97292,11956.577463924965
104542,13831.44168518518
94429,23989.76356878307
86335,16669.182664021162
82367,13747.974018398265
86457,16644.254860630113
107346,13316.25376058201
77766,58754.67484547861
94768,45744.37572691197
84426,17757.721634920632
104173,18039.13287962963
80165,30804.58557720056
80521,24039.996420153915
95028,30086.33185052911
77278,37216.6989232804
104940,15423.468330687818
76864,23861.32956301107
87845,8710.699264550267
86391,15513.159675925917
85488,3478.3244280626777
87274,18079.43779509379
102371,8078.3575606758795
77811,15288.326472222217
80166,25507.69798508898
85693,8100.546336459842
86192,17602.394293650807
104128,20533.801746031746
76805,12022.423562169313
76360,15662.7781425519
100706,4301.805288359789
101318,13485.058596560855
99579,19611.97178306879
77331,25285.63973412698
107340,14155.16942688793
90662,19508.614608465603
83565,7109.244772366521
89664,18210.36919155845
78421,22675.205850769595
85006,10099.71823280423
93876,32957.70097835497
97786,15954.72362722463
96174,24465.22171825397
87729,8729.0144529822
83280,11509.823039682544
102207,15534.59440933141
100949,7926.2741909571905
105703,13236.352379629629
100936,4652.058161014909
80419,33320.02791798942
85990,8640.364419312169
107505,22769.54336904763
81337,14864.646854858103
93683,30231.65703186628
94646,29368.524635642134
93987,18200.60508465609
80512,16562.301757094752
76113,20774.863313492056
106835,7160.015886243386
100428,13995.558668811662
105624,22154.875467652713
89652,11677.20955663781
95108,23198.96298941799
99206,12020.697202621446
76036,18480.406374338618
86230,9293.427465969222
84454,20426.15067063493
79349,15084.710820105822
85609,10191.760148954887
77345,15395.821470899473
78726,50455.11188095239
94445,30636.621494708997
107695,8396.050473544974
106991,14627.1348015873
79308,13482.146063131313
86486,9448.488331649833
80429,42799.95746224146
87107,18096.455604497354
80582,15088.069674603179
90386,13765.4647970178
98363,10888.6711461039
76705,21584.307051346797
104824,6105.917310846561
104154,2524.0526825396837
91270,18883.411246031745
83116,11366.54900962001
105710,6259.79878920154
95042,17180.94832010583
88001,14037.084929894172
85212,10581.951283068785
91875,21748.857560846547
108248,9143.781615079362
106378,18174.95593253968
89950,18095.540994708994
108165,7600.181791005293
83958,11538.207782106783
101582,6062.805407046659
106377,13795.464057239054
104057,9425.32272931698
92245,25951.8994576072
91187,30309.167253968226
88022,17109.066939153443
92561,18563.885128427126
96757,9951.959683862435
104597,39559.73440476189
101485,9515.121111111117
88381,7723.812411976908
103776,8576.273074582823
91215,28488.23992724868
103022,13423.584712962964
101933,13256.75435582011
93174,29294.42637698415
105945,7495.133515873016
78879,19388.971872655125
82065,11232.349339947086
99235,26999.56924867725
81250,27105.142407407402
98942,28049.50753703703
82966,21379.76753078404
81141,21956.371871693125
101325,15147.305201539208
82470,9177.853697089944
79063,32014.485777777776
95324,36764.46803848002
86407,6469.504451058202
94026,62734.65932718209
106390,11522.17352212602
105069,21110.827177248695
88045,16606.903838624345
85356,13799.486142610525
80298,27973.264124338613
78479,10567.764424603176
98197,17952.023628667623
76490,27288.460493182745
77678,29890.186511904776
87021,16643.3902883598
107215,18643.456216931212
81404,27015.888858465605
84641,13991.94484259259
96328,21252.87383333332
83845,15061.825693639703
102745,7850.744489417987
105081,9639.133947089947
92135,16721.988795362053
105888,21564.8885554353
103985,9078.38118915344
92091,14310.730271885519
88090,18060.49008922559
106712,9977.68775517075
83446,16523.175337301578
84263,10978.963888167393
87277,11210.26525192401
90625,7344.781831409334
79466,19952.42356108706
77287,7537.492567580567
91628,17883.66918253969
89171,22442.799790885027
78750,21498.12753968255
77085,28534.966619889365
80877,22741.55492460318
76526,26907.591231962488
81085,26342.872948412696
107918,10449.074694203946
89072,7646.622609187111
103832,10563.663275132281
90495,7969.743904761905
100430,7883.914603174602
94346,11456.390481481481
94350,20003.820011904754
85431,9234.97871969697
105851,22549.16752392978
106969,13672.770031866285
95370,15554.910138888878
94611,22343.871789682536
79129,4173.72494227994
76596,22221.855653198658
93211,24229.96638191438
102753,11512.791597883595
98370,7406.289773809525
90773,11977.933078224782
98298,11675.302687349687
98150,7906.70397089947
101220,12202.325614718611
80802,32699.713630832124
91398,19667.452076719575
86010,19104.134123737367
81267,37249.61118145743
79745,18131.226205026454
105864,25393.13542460317
99245,18584.811367123617
77308,15479.30123280424
85341,12801.126942039444
78845,12122.278417989417
78542,13033.342935185186
95408,19979.079432051287
99562,7925.026136243387
82748,16616.704859788355
79419,31721.725306878307
107846,13049.228197089951
90929,21465.427153439156
77964,21223.15339033188
95902,22762.94343477819
105576,9268.099929413178
94067,25419.611818662812
82322,16490.508073833567
94533,13824.567011904759
102326,10189.044814648318
97048,8953.71224074074
84908,11244.197432369003
81143,17562.561408730155
90090,10533.340524050021
93029,20408.712154761903
85943,15793.428656695161
95392,18843.055130952373
107057,17059.02119769119
89067,9385.317016474268
85202,19036.663829244833
81457,22545.407428164428
77074,11359.181407407412
94378,20540.53295935545
78921,12472.383953204206
80414,29925.911257936503
78653,14892.290156084659
87185,17562.791218374212
103928,9480.07737830687
77930,15746.333862433865
93057,30969.862729918237
81986,25805.04113359789
87505,20146.347811808566
104258,5479.000901154402
100795,11121.748084175088
82702,18411.59799206349
98156,13940.836840307842
81155,28226.30331878308
82204,11545.019246993748
79859,16685.447890507647
79501,35267.33834571909
78998,16014.934940476194
93846,9528.183075396824
83490,16076.47570947571
81890,32582.635846440593
78672,18671.15072811447
79310,20832.509040524295
81889,44083.96310545939
84975,15284.421304815558
104001,18469.620751683502
90374,24408.152239177478
76586,49131.11324867724
80099,29637.606582010576
78984,26867.44589814815
76198,15180.835686507939
106595,18496.97159391534
78327,16449.51083333333
88954,10011.27360449736
94710,39253.639404761896
82380,6478.315107142857
95780,28443.367914021153
80440,58530.0457367725
103715,10897.906100529095
94371,28762.103470779217
105793,22620.29629725831
104941,10957.531460076956
77499,12771.489365079366
79776,17262.41654232804
102456,5789.8340886243395
87034,7739.00505339105
98570,13368.180826719581
86294,12167.02387301588
86579,12629.634733444269
78767,27079.768629389124
101407,10651.485553520559
90427,9660.051039682538
86604,13332.29698482998
104481,7314.475535714285
102055,8528.591150793649
76565,31905.439281265033
101769,7435.672438912938
86849,8880.98571139971
89128,11317.690670634922
77119,10583.602773809524
94623,24726.276712241466
94988,25379.57516534391
107071,13757.876103174603
106724,12165.692363636364
79938,22120.84581481482
98217,14729.451285714287
96660,17821.221373015876
82817,11447.767816162685
89810,8902.65501911977
108212,11333.613006734004
82851,19212.49742316017
106739,19901.767229677727
98224,20560.35885173159
79457,29528.019400312638
87381,11313.166092897844
89127,5846.230028499281
79388,31083.967850529105
100705,6140.725475256768
106385,12600.54197619048
76142,31983.229829725835
79007,17625.706642857138
95972,48199.93932840307
100737,7662.023429385435
81958,30350.41323544974
100805,8829.232193362197
81226,11711.913118085622
94857,19240.51333730158
103193,10068.5026468254
80622,27968.223169312154
92116,19008.992581770082
108228,10368.425566137563
84744,10223.283261303512
90654,16239.219002645503
90551,18759.49471825398
78428,30279.188919672928
80781,29380.79644348244
87118,38475.99665211639
90187,10453.671970899468
76110,11322.61384259259
81102,21340.86380579605
89957,10108.74266907167
103585,10534.606933621928
95786,21968.309562169317
90883,8324.859423280428
94705,48220.760084656096
98890,18004.87124134199
91766,35829.47348809524
95207,10082.414314454063
77002,13331.700902116396
98428,17279.254986892738
85456,12793.069791005295
102472,18148.035025132278
83021,9927.749812169313
94063,16688.756772486777
94665,31353.974379629624
81432,23683.753611832606
79825,31356.555477152466
95008,25123.5120568783
104634,23283.740722194474
89960,8263.058727513224
99162,10371.299095238099
99269,8958.560656325157
102221,8425.509706950463
88075,15966.507884920631
86981,8868.316089225591
97144,9804.954739417992
95073,31241.551521968773
107794,11238.600482804239
82837,9652.326973544976
76265,29881.775806878308
102416,14489.794201058196
106292,25042.27656914382
94162,24393.82347486773
85715,9352.702846560846
108484,25885.048165343924
103120,8081.690675444925
98178,7490.9071785714295
92208,9575.288158730164
82800,14555.410793650793
86660,11579.671303511308
94811,19396.285551346802
95020,12741.31922883598
103339,7838.901422558922
76719,16154.119193056933
106391,10148.098063492067
95855,39256.038797739304
107989,13918.88594384319
82154,23713.340803751806
77767,17390.936892015405
102776,11533.729449855698
79642,26983.427823713322
77306,15497.681515974766
98007,15256.414211640204
105538,15192.035540163535
84076,15559.862927128434
77749,27847.16081397306
95734,21585.602216329964
80602,18286.155634920633
100988,9933.214629629629
83690,11364.166917989414
84882,15278.878378306876
101699,8609.616190476198
86025,14977.397613395871
104331,22064.848669312174
93789,14769.551453703703
100427,11214.473857466608
89980,8083.053133940133
92989,20470.989391904383
96820,10126.297667869172
76354,19102.437628908116
93143,58495.991839947055
95045,25167.269606421374
78135,12059.327124144373
85841,10588.493969576717
105453,15386.977817053323
86843,13212.158045935543
76450,53154.1826984127
94878,44903.23452910055
85792,16535.490600529083
92518,21140.631276066528
91382,22530.372085978837
91966,42687.96461832614
95486,18281.69641666666
108090,20311.777026427277
83588,2368.2678240740747
101240,8590.223623015874
79797,29208.90151406927
101978,13526.56875925926
77559,10427.429775613271
84171,8820.471805555555
84012,12400.533853174606
78716,19905.374533790273
100485,8826.610746031747
98908,9072.99847985348
93238,31591.89285317462
95809,25495.124305555564
107070,24482.08919708994
102546,7593.165984126986
104507,23085.259698412694
92943,27833.758714165466
90241,8274.135854737853
79542,26086.72366005291
82510,10605.414558302813
93255,26210.523948412698
96559,12140.001600048097
108483,18320.879756613765
82288,24211.809632635883
104480,10897.514310846562
92328,29999.883623015867
95793,32150.305198893682
105673,12562.982257936506
95841,16070.862311087056
98338,7825.528624098127
103579,5610.202118085615
76861,22003.322865079354
84414,5518.583712361713
102508,6594.259072751322
83622,8744.729180495424
98822,10927.923658730158
86291,9661.988017195772
84831,9617.003154040403
82626,10617.721235449739
105508,16127.396652116404
77130,28052.356482804218
94652,29924.866724867716
83243,9088.21361363637
80908,64581.16714285715
106139,16837.510694444445
91617,21082.985401912916
83524,14946.299134920633
94486,26066.153420634917
106044,13653.254203703706
87195,9758.778592352091
77450,21697.90631517556
99239,11895.20402681577
104813,21507.02049567099
108254,7794.888257936511
105150,13739.4876451974
88390,7959.291096560848
97902,20492.051210317444
101186,8292.937223239722
79116,24249.47466197692
77214,22737.750174603167
79298,5201.661147426648
91370,25070.90773184224
84827,12331.620165343922
107282,9581.755878306873
97678,8871.382054232798
93570,14658.655088624337
77654,13538.330027777776
77227,22637.569648268403
106789,17448.071403799895
78869,20686.40941269841
76531,14663.131868205865
83469,9958.314108585853
92278,25312.61373244348
105949,12144.162031746031
89026,21252.98816534391
102066,10899.909114652668
96352,13895.311994468491
77819,35118.57142195766
79655,28669.890161375653
84059,12879.486928571432
96541,9427.23144925445
89319,7504.351117724867
107795,9615.60199338624
96961,21053.24700757576
78158,20863.410646825403
77428,23152.743455128206
101125,12816.274654761906
95105,19155.198293891295
80306,6516.238443121695
88903,10646.779919672921
80574,16768.262980158735
76321,27612.15103270804
88786,26343.392486772478
95682,16992.991212962956
103135,14395.51542628668
84241,16098.080003727751
77809,13300.381404761907
92926,34387.10827044251
105895,28852.820113756607
86247,3087.8861277056285
103470,11236.75913443964
98865,25054.24481337182
107363,28394.991838864844
76516,22365.92800793651
96506,12233.001408249156
106306,12902.33903282828
89093,13813.093428774922
108123,10379.04412289562
83510,6795.7778240740745
86792,15954.023755892249
99984,14818.125592592589
76508,21488.68183730158
86580,11065.221017242013
88428,11590.827895502644
103922,16315.425952380952
96703,22916.718502645486
107626,17911.41120899471
90100,7262.714730158727
101987,8223.569784872536
88615,13503.315955026452
100138,11678.138548941797
83743,7380.774146945646
82321,15181.755408249168
88594,10266.45463564214
93842,52712.21390476191
89350,10404.507151755652
87643,15518.13940873016
105892,12951.239942400196
105711,14610.704250961999
95657,25815.56018915344
96330,18441.828444444447
96906,13115.081516354023
82247,20367.909263708538
97125,7085.843895382393
101306,12420.598981962481
96708,15624.668192400188
77250,17596.264691798944
95451,21143.510280303035
99405,13206.06206481481
94758,19534.99642063492
101101,8096.618104377105
77643,29624.989924122176
90209,12492.62383465609
90312,12609.766970177963
93955,19304.783182299183
76334,22598.64613227513
85190,13595.125468007353
97992,7048.084978114477
92748,53930.02636640211
79843,22637.56843891293
88769,12369.256321067822
97453,14502.56532804233
82550,8750.329059523805
90775,11855.025119747903
88190,9876.97864814815
100712,16103.715247474747
77237,35595.57143157768
78997,22977.98540295815
105656,19891.290761904776
93368,23546.320100529105
93469,13344.235947330455
98426,8673.521502044252
96832,8783.615113636366
85322,14202.049280423284
97139,12344.022186748434
78678,18288.758980639723
97821,14676.13309126984
95410,13751.610039923047
107358,17349.91070430496
96750,6098.245659571909
102529,5458.097010582011
76433,13637.40615343915
101626,9924.710709836463
77790,19705.173587301586
82932,12113.109888287634
89517,6515.598256854261
82905,14798.518726481616
88552,8261.824086099094
103006,14171.214421236167
88811,16416.362369047623
101734,9894.421593915344
99230,19852.345562169296
106537,20287.090861111108
107114,17699.26905531505
98513,17613.99198629148
92795,29936.068797619064
98563,13913.302903318903
78599,7631.839013310766
78911,22423.672950096206
84652,14314.09522751323
91014,25889.58958465609
90901,16368.803341269835
82041,36849.102313492054
79218,28842.21592063492
107371,43676.35494179896
94767,20946.975346560852
91910,66555.29804497355
103462,7071.856427729683
77125,20699.327248075995
95567,45642.1401137566
95039,27583.632322751335
85065,12714.34621801347
78252,20603.603585978846
89580,15533.05533068783
96742,9042.35362361712
79876,42476.51560185186
94674,22188.09837433862
107822,13111.02468434344
92586,15181.585911375667
78107,21318.728858465598
91241,24359.398820105827
79077,9836.186797378548
86212,11549.42381349206
107527,16191.355450937954
88056,8581.81078093203
108480,13531.810158757908
77620,9828.76081216931
97188,21512.784345238095
94979,20976.222652477147
105541,16132.48124410774
105852,20222.667004088507
99182,17763.285804232804
91355,56747.6360462963
88516,10968.79252248678
76101,25159.12275529101
87097,7555.567649831651
96299,7447.6922453102425
100944,9915.360828042329
83995,5335.5922223424695
100407,5795.124998917748
88255,9748.138116762868
93935,21660.189869149366
95442,27140.5090925926
93571,28292.038456469447
78642,58612.50672907646
94545,28079.664054538072
97746,7557.765481481476
96419,24938.03423148148
102851,12180.97143951418
102356,8958.542664021166
94962,26172.32666798942
89175,14555.021767556522
104139,10500.382719576715
103395,11430.548271164018
97017,7313.4418796296295
101358,9026.703431577682
107417,10908.995067460319
97977,11829.975015873017
86765,16916.92537481963
95743,25212.313477392978
97804,17837.781339826837
87010,10651.669141053393
86791,9947.549507605505
97486,13596.490504930256
81124,18083.857531385274
105391,19967.345277777786
90275,8272.995119093866
104855,5921.988857142856
82804,15382.500832611822
94810,18032.407095238093
79517,45503.121425204416
101826,10874.729584656088
89848,18001.804177248683
90432,11584.060789682542
83070,11607.169285182857
78270,12247.200747354495
99275,14050.8748476246
92424,27513.02844312169
103334,12452.630108104853
79160,20069.405869047616
98830,29435.96394047619
87956,13750.082284391538
84523,18859.464495671007
78157,17617.283218253964
79460,20476.387210317458
81918,14363.271896103903
98433,20349.975053631566
104582,9916.119885040884
80046,46316.753505892266
82135,20006.274886243395
89685,15795.528957671952
100990,13847.46312674363
85624,15768.2962063492
88293,9764.963264550264
82215,11443.022839947094
91261,31553.246373977847
78018,11841.812020248271
78266,18006.383673280438
101074,7876.296752474822
97075,18699.80224110149
81806,15605.126460317457
80743,20438.47455663781
95234,22545.06771645021
100410,17934.083202380953
106840,23246.68626058202
89637,6055.652705738705
85382,7958.672023569021
83832,16764.380475589223
108331,7732.164143578646
82026,17162.61955639731
108448,10452.902029341036
90028,15828.20134391535
107663,26454.708682743178
107477,14685.836365079364
93709,13671.050373015863
91327,53379.2075462963
98548,3602.3075251322734
79064,12709.744626142376
100670,7591.67343530543
96494,11264.053425925924
89974,4572.677584415583
96107,10941.558091390096
78151,21560.595925417176
79304,19219.328287037035
92842,48366.769444444464
87813,10462.820099511599
88762,18769.098600529087
90399,17680.79742316017
78756,29182.26919179894
94019,52894.8576747234
82073,16526.263107503604
91846,25965.60053920153
97414,29839.355861712364
92758,18426.907685185175
101342,13170.887224747472
105987,20897.913404641662
81349,12529.076665343913
103712,13210.178562289553
83627,13617.722129629628
95247,13927.342383597877
92833,16704.422990740743
104587,15918.918463018472
93265,19605.500814814826
90518,15543.866138888889
104256,20828.552772126015
80882,22158.22320947571
108148,12397.108034188033
81385,13840.835677248677
87860,9742.066637566142
107638,13190.917339225594
103947,15960.761308201058
91049,43850.76797619048
97916,6047.193133477632
95433,19007.904210317458
95871,34155.002380952385
85779,10062.034019480521
103360,4255.206201751951
80203,24602.4669589947
88511,11243.15879461279
101672,11757.141281265038
82992,4526.760075517077
103889,10418.206321308331
103630,7736.113917989417
103366,14615.45295899472
97200,8101.552091269842
104563,10115.01660918711
85824,8777.852435786432
91924,14347.02515608466
96499,13936.92937566137
99026,15740.71486518112
81965,27668.191425925914
91604,24545.91320755169
77552,27457.107931216935
93750,28250.03739417989
78941,32766.58305704482
102717,10108.800117123612
100534,11229.58698953823
99036,25595.525946488702
101961,6506.765654761908
76940,16235.842220899465
106310,16963.235846801348
81520,31218.80611147185
91800,9470.366194444445
95707,17947.099843915334
96395,11165.835595478595
90505,22212.809052910052
95284,20221.14744324193
98094,21488.064965608457
97884,10030.1168452381
98933,10764.750415343913
77664,38281.91377056274
93941,24785.398573833572
87812,18211.62828703704
81266,20589.72453835979
103825,10937.568027777774
99494,6917.106454822957
91256,12482.679408730155
91703,18793.829273809515
99971,5341.395942039443
76631,23051.64841269842
103612,2219.418255531504
98611,4750.820375781626
94591,26371.72017472342
80518,24333.539585858583
94000,31162.092804232812
85010,16556.397614117366
87369,7660.681486171237
86714,10005.545296416547
79985,13606.334381072636
88051,3645.695304232804
97065,8551.36572883598
91307,19301.49565740739
98365,9435.393561688312
76522,53537.725552789794
96638,19013.61001238576
79703,13353.164629685132
83107,10818.541178571424
79104,19331.44903860029
93563,31909.519300865803
82599,7496.808763227514
83486,13892.664459494208
92895,17249.665649470906
108343,29298.045230158754
101774,8610.40540199615
82612,17805.234867484367
86861,7275.981644179896
101902,17908.790091269846
82973,10835.791386243389
89872,6022.955011063009
105616,13026.68627380952
84876,14427.968218128846
105133,11042.46046296296
98877,21512.71672089948
98515,21866.47439285714
98327,9843.98010834536
106633,12433.519950577202
82505,17866.471009980767
105007,11382.876545935545
97269,9445.9463042328
78140,15119.044686507936
82318,18300.28663756614
92993,21733.016480158727
97743,12097.819173761427
87763,7750.753285834541
104942,14107.037681337186
92045,16953.4002425445
97767,29024.343157407406
108348,18958.347685185185
89665,22832.47792748917
96862,8360.731095959598
78597,12788.738172077921
107574,25417.07529256855
94460,18241.604461760464
86944,9109.241052068297
104505,35418.638485449716
94837,27816.14665079366
84576,8174.82576719577
82427,6820.2893707311205
80054,25176.158681725672
103504,15780.597412818655
101400,14614.435194444439
95904,26807.776215488215
99877,9014.989764069263
87554,8118.52577296777
81180,18524.355273809517
101239,13894.98267700818
94258,39540.78558140933
82942,14172.17616474267
101204,6746.138760461764
98516,15494.699244348252
86925,9309.486027417026
104724,6842.425050264551
84627,11826.136954064452
90133,12987.217185185189
100320,16965.531054473293
88358,15733.703386243385
94280,11776.309776455022
95334,20391.82994708995
95899,28141.010521284268
87270,17371.09994047619
80723,23126.79855820104
80469,11345.135392857137
80280,23204.759570947568
79493,10961.916582010586
92221,13322.378562169313
88547,10499.270185185183
97994,9714.677018999526
100047,10971.687522486773
96172,8145.976370370371
88933,11975.515329004329
107059,12660.14198809524
104280,20689.70525396825
94714,21972.7101017316
88671,25196.235291366032
102414,12168.676263347763
78051,43094.840144901376
89512,9616.33446452622
98524,9243.911171957674
88047,9446.631887325639
84441,9105.18243650794
78156,23166.980521164012
78648,15637.42072883597
78364,12341.992022486775
86764,14114.859622294369
78495,23708.010042328046
94609,14713.294481240982
83449,11344.33353710686
102392,10549.562023809523
102455,13066.94667195768
83713,16243.643603174613
97475,11955.900269841273
93371,16253.92383357384
94199,32549.295792328056
85023,10795.822342076579
95338,12835.82697089947
90965,42158.98153138527
77195,69232.85921224148
81875,10006.062642496392
104416,17203.426014069268
87203,14390.7257987013
91239,24006.507074555073
78127,13877.154793650789
98386,17072.373771164013
96497,11459.637617724862
83232,13931.802046416547
107692,33106.36503174602
100734,7981.444053872049
78271,36454.58802645502
100136,10832.044301587304
86004,20766.881075396832
77776,30324.950012025
84950,8511.729806998559
84323,11345.749066824063
87033,18423.714038359794
94088,20579.070104497354
100594,15916.953060846548
103071,8410.287648148149
89791,9681.2143015873
97852,11259.980656084661
105601,10809.13591534391
82003,14821.529904761905
84872,16243.812371693126
82701,15095.594908730154
92469,26571.600273744778
92873,22549.909212000955
82114,29244.547297619072
101316,8533.377904761912
85697,11471.156255291007
100885,7979.164031575353
95305,19319.4871914382
93741,12392.708469576724
76178,22311.640081289075
84999,18754.316431457428
104143,22344.668699254453
105483,11809.822655955162
86136,10596.084626984131
99292,18018.806029581523
95024,23218.10640343916
107831,9024.616790885038
95035,34532.62226671478
86842,18813.901210317457
79511,52147.03526058199
99852,8416.973206830207
92478,20623.072769841274
93704,17279.96507539683
101664,11306.802997354496
76931,34464.839365079344
81674,21577.84423484846
102597,7837.900136243387
100630,6312.36997089947
76978,28516.468099206337
102490,9873.141308201057
100842,7548.024203703706
102990,3798.917237373737
105412,10655.643444444439
78744,23435.06986916787
76082,13285.163259018751
82773,12873.034048821542
107285,18316.309441798945
85211,14360.4205925926
101093,7110.47430026455
96626,17454.497232804224
103089,5893.327030904283
98149,1651.3031970899467
89290,9101.885647546898
104295,9079.044007936513
106958,24193.334312169314
102661,10359.827395502643
84082,10254.395734126982
88521,24934.975933862435
78312,37000.694873737375
85481,8276.857522967772
88961,9800.13010846561
96432,29860.538767676768
77539,10505.484060846555
88374,16117.474891293887
102919,5667.2105892857135
94335,14584.819768518513
85305,8053.675194444444
96360,12804.857169793171
85471,8624.584076719575
104566,7814.237721139969
102100,10423.892154761907
80170,12069.97497931698
103347,14512.5040026455
87487,47257.988078042334
84090,14671.33652621453
100034,17707.12478270804
86825,17268.319370370373
80018,48065.743780423276
102611,14816.981979557484
102665,9190.583342592592
92920,22656.227999639243
89381,7319.466373829871
105151,17702.423547619033
84039,17074.508703583444
102217,7818.403129749876
102388,11439.483679413184
98820,14905.110099326603
100665,11067.255904761905
90384,33926.45761099086
92859,10658.359868446367
106356,10155.290770562773
104723,14714.308279701778
93244,38800.04502164504
77449,20406.03277645501
107911,11343.582863146117
81721,28187.44287277537
85237,8253.596787518038
87601,18558.428947210203
98578,13295.425490740743
80704,30839.641403198653
89078,7656.576390360188
92042,9603.353126262624
100450,12402.516026936022
95304,8447.55671789322
76023,16068.207133597884
90609,12992.417466931214
95170,19119.809369047613
96870,9346.819246031748
107247,26972.79400264549
100484,9695.638207671962
77659,32236.984701178466
79832,30792.05210666187
91419,5029.462238095239
80371,18792.9334484127
83386,15735.658925925922
103919,9950.473323953824
95201,12848.551579365081
84155,18098.14190716691
90743,10851.876362433863
104381,20938.03611904762
89097,7109.193382154882
102033,5171.913408730159
91725,24420.158824074064
92999,16928.815242063494
95835,18691.200925925925
102206,9212.933928571427
101763,9331.439145502643
81377,16501.837367604618
105683,13883.943494819989
91033,32014.729760341506
103314,9777.078091269841
105070,8632.175609427613
86950,8572.799257936511
79171,21837.199779100534
81227,18488.998450697454
80197,15841.710796296298
92037,24997.631003968258
84688,12555.547496031744
101952,7817.843341269842
88604,17122.100767556516
104058,21615.224998677266
106274,7039.58556938432
84985,11393.25669380819
99085,7365.296167869171
80801,18527.11928042327
80233,24860.94644444445
81000,45148.8305767196
89057,16530.894982924485
98382,9920.095812169322
106493,32781.20883658009
95057,19980.027585137082
84556,9209.590006188253
103037,15776.624630952381
92174,22934.753916546415
90920,11459.791408249155
93409,31984.675460317445
87113,24455.62516149589
104981,27918.148952380958
104556,14358.905637205382
92782,19659.18675661376
90546,7199.103695887446
105506,15097.557116402117
84787,12030.46459920635
100399,9438.32540873016
105911,9159.488361471864
101920,10283.418637566141
89224,13182.619702501195
106787,31925.38271164021
83083,4283.967096560846
102399,6870.755140475265
77196,2784.10947039072
104889,7122.639206469459
79598,9844.926315656565
100540,7583.323522607026
107792,54882.716801587296
85758,13747.581394059649
79333,16516.275536796533
99351,13357.15560762386
86706,7750.343198532948
89547,16902.659337301582
88092,18139.6927646705
90348,13720.18908862434
96125,15338.587077441076
86921,16452.898036916773
76903,32996.921899470915
95539,11149.213365079375
89841,14149.119228835978
102771,12963.878336459835
87174,13412.269997354495
81975,50176.03340608469
95289,16901.50078042329
77318,25191.180357142865
76955,14516.720641534388
80996,51019.78894131794
87707,5356.436996031747
84519,6559.777515873015
96833,18723.879853655595
97584,7198.870866402116
104697,11259.229873136117
85510,7890.856514069261
79758,34591.64129894181
99502,6232.352558201055
80725,18854.547777777763
104108,10362.703836820583
107802,21163.21332671959
84871,14434.389078042333
85817,10698.377191552114
95473,10298.118947089952
85629,17090.808741915494
99641,7374.891244588745
82356,13302.679899165645
96335,23409.68623833574
103623,10484.327720899482
84233,9336.420123857622
93708,14156.843585978839
97947,10653.184660083676
84368,18262.12081613757
92108,10528.824877224632
86099,15473.556469937464
95173,24355.66127633477
78389,27894.721936507944
106219,14096.067025012017
88823,15780.18931216931
95608,25659.294083333338
95876,31694.91208333334
86433,13368.095505170757
95515,20399.87025925927
97503,14831.547684102929
89163,16090.39807467533
106479,20112.220246244495
83722,18011.441839947085
80644,23926.492923761427
86002,20000.587242063495
86783,10677.897760582013
91928,30713.999628547375
102142,12136.685649470895
106024,25993.604935064915
76022,15806.069589947087
95221,13340.211931216929
105051,23058.66536880712
99939,11654.22861327561
103202,7514.95353571429
104770,30230.987596052095
88396,7902.194125591755
93666,29200.501767195787
100763,9264.221452861955
96842,12517.773298460794
78807,29450.878951058177
85559,11053.920844120836
84384,18326.16336772486
95619,26313.139309163067
104008,19940.291106060617
98379,6742.034123015876
90476,10007.73494312169
88845,9937.812620971621
80296,9501.618849206348
88294,13161.923325396832
86733,10533.75652861953
101515,8303.06223280423
107440,9793.29677441077
81834,29568.808472222227
94764,29397.322100529113
94968,20585.70975132275
88218,19147.43674074074
87863,10851.015886243385
104019,11460.214577801828
103369,9156.555554543129
106979,6430.386779581528
89717,7358.724599206353
94504,4449.004562049064
85722,11105.92907563733
85311,10795.045727513228
103162,8709.843949735448
79834,32593.76880291003
102283,8579.502252044254
102686,10549.832103174602
85834,11412.059151274654
83633,10551.818571308324
101178,6593.245271043772
102859,17647.965271284276
97691,19303.458660774417
99575,10232.075693121697
81921,12579.765104136603
88114,12712.92031510595
100101,6384.548865440116
101736,14252.457261904767
92763,16487.67978306878
93514,29127.25913888888
86322,14648.950992063492
84924,17045.303207671957
85898,8310.228723424725
93419,29180.873006613747
88784,11050.012395502648
95012,50664.237481481476
81858,20250.620843915338
101610,11319.508054232801
99190,9795.172327561328
87530,9277.114131914379
86979,14874.410187830688
77670,2670.346803270803
81123,12779.757254569511
81724,10893.809431818183
77870,11385.712541005292
84193,16288.461768518519
105928,17092.65160052909
97607,18353.8194541847
96063,27677.454002645503
77962,14274.353794973546
81560,29352.382267195775
100204,10365.924008056756
89185,15066.417239538236
91744,14579.74795238095
91470,25148.78086772487
78412,11073.77007311207
96222,16962.927626984132
95148,26414.533437220183
106039,13883.328858669107
79352,11016.291012866755
96602,6653.289759860511
102798,9052.039279100536
107301,24899.654365079365
96147,15657.826662457905
87382,16267.078768518524
79907,23029.787717652718
102924,8436.925504310017
78012,21975.192222222224
78333,18494.626658609897
105989,20286.725320827318
90607,15600.490793650793
86110,12036.5930499038
81540,22354.023190476193
77937,20545.005432539685
84630,18353.964244708986
80988,39353.004515873
92519,27702.53261772487
95795,13321.896728835984
86837,5647.369843314094
82642,17661.614226190468
86017,11771.207779100532
84772,16016.011482804231
103962,11158.179754088507
106264,9627.636955026457
84934,19955.32093650794
91598,29928.802562289562
104102,10496.372928571429
81261,5124.33990079365
78425,20911.05945624746
96508,9728.088202380952
98668,18847.64893073593
93948,36404.61852657527
82909,15189.615291606533
91514,20785.55233068782
100969,6691.278226495726
102102,6418.884470899474
103465,9468.891218253964
95072,19095.920921957673
87535,30097.823426406925
107564,6630.79719708995
103297,6165.152296296299
106528,9978.686050144297
83748,10119.085945767198
98195,6707.003904761903
102113,16359.441084656091
94277,12720.191832010576
93160,19869.771182539687
92063,27026.31060449735
81037,12197.277922077928
92602,53737.148450937966
93096,18787.357168683175
97243,11077.586028980284
78019,15919.667190476193
107604,9517.049276214524
101438,16989.893579365074
86439,9102.983310485812
82300,19382.594981481474
105142,11130.24667002442
84429,6122.845554029303
98958,7631.576573833575
92197,22703.055878306877
82096,29872.60925300626
81536,24829.185673280423
101623,14806.657320707065
85596,10269.970034391534
90600,11514.370853054354
80089,49912.89855598106
87224,10453.194283068782
87685,18997.094439153432
90958,29598.44636904762
81004,20270.647490740743
91667,19511.129886123137
77877,22911.979146945636
90956,17835.128552789807
87744,15810.448506613762
96817,11242.994678571431
97163,10975.305218253972
102517,12543.436021164018
83356,6628.890543290044
89415,9750.946379629626
100153,8690.477034391535
96024,18060.802568783067
92043,32802.107489057256
100495,7891.597685185184
79653,21494.038455026446
88149,16129.071912869293
98022,21111.750591269825
84983,19216.569578042323
98394,18883.488939874955
78062,15919.594530784037
83656,16236.229220779216
93963,55206.18924206347
81988,30462.45153246753
95992,27047.375071789334
82620,10850.634498677244
82149,14643.365657407405
106199,9598.50435113035
107884,24877.697955868207
106607,19265.863352813853
84212,2769.9245156325164
88234,16113.994296296285
96712,14021.205492424242
101058,16687.531936507938
81149,28899.321220899466
92670,21345.09666378067
101383,10634.694799062045
82563,13356.754256613753
100600,15942.86221741222
90826,10951.065514550264
102364,8653.690649350647
80759,29204.43580303031
79628,16261.780027777782
86113,17791.482498917747
96607,8560.563488095242
96462,18036.53495875421
88668,15447.192846560845
85575,17857.28713949015
97718,10827.214074074074
107322,27943.023289682544
79948,51872.907702380966
84361,19421.223312169303
77092,21036.409096098345
82359,20897.175996633003
87495,16736.595410293423
102966,13641.497305675804
104309,12674.618588624335
106312,24352.97781613757
85152,11484.690277296771
80835,11697.361950937946
99488,9765.883338624337
101023,10066.492835978837
82295,22762.788826719578
94330,22766.09709656085
96446,20751.806871693116
99608,12292.147781356989
108305,17115.82131493506
106512,19998.87796524772
104003,9608.152369047624
103550,12422.193494708992
86253,7070.929919312172
88355,8685.60858128908
101629,10915.539820346326
101460,5291.097237614237
87820,10340.46094047619
83140,11287.398497474747
89804,11735.023524891778
101738,13450.354311193172
101121,16314.752373015877
81810,46644.15699603172
102106,6914.168867724868
80437,9198.345216931213
101463,11943.854337301585
97919,8122.746493746994
107407,21555.074551587295
76258,29235.21914814815
100626,19264.674477513236
92755,20119.948085978842
102655,8168.666821123325
89223,16052.769424603166
95180,40621.082350529075
96372,8178.91208994709
84089,11231.946893423388
82203,33420.56398280425
98785,7628.769624338622
95930,20269.33424987975
92151,19711.92904100529
105149,13840.833298941805
104517,8024.267038359786
85727,12903.41872041847
104769,12109.694727513228
106796,22411.62573713324
79021,17154.906620370362
86121,9852.921185786437
103139,8189.037851851851
87918,9272.406342592592
80634,46243.822619288105
103033,6849.132009259254
80019,15536.60357383357
108035,21010.567072751335
77891,8392.863769360272
95749,24476.371542087556
86617,8064.44088888889
77709,11050.43652248677
77952,14215.664480158726
97083,12424.621531746037
78040,16019.03184920635
96041,29785.263187830686
101843,7807.767374338624
103016,9857.447029220775
86049,11674.131551948054
98228,7868.234403799907
90554,7208.461998075996
103311,5137.42628980279
80418,19298.22405772007
81866,46758.236391895145
101259,10216.643410173161
92909,25894.602953703707
79034,34183.04069288119
77129,12401.707117724873
99018,13469.302703703706
107391,12295.13113636364
108170,15964.75489814815
80664,28803.757099206356
94438,45019.3799814815
100436,10808.972584656087
107031,12706.700946127943
103954,10047.66148809524
78892,12837.296192640688
88505,15694.642566017315
103329,11193.530435906687
88345,14180.093577681579
105950,9662.6541468254
98331,7756.99073656899
77666,21680.82634066859
95383,18862.52813431939
108535,13066.593403439152
78705,11714.90576118327
79597,12073.705431096683
97585,25765.655464886968
93832,25511.97481697932
97348,9549.004916666667
87291,17342.720673280426
96291,16312.697478595472
84851,11811.841825396832
105338,21120.627962962946
84514,9408.7961574074
105830,22789.55990764791
78819,11757.899795695042
79728,57929.08381216932
105993,23729.617740740723
104822,25282.51851455025
101141,10715.107723544968
82728,8097.502660894663
83273,5738.73273869649
107233,14948.467137806632
81943,37832.55352777777
105637,21846.039424362672
81203,13124.624237854738
95127,29807.75168686869
79994,32836.08695634918
96025,23323.331956349204
97390,29189.10168302069
107522,17709.741965608468
99674,4146.466191438194
83001,19946.561771645018
94573,19774.01619215969
91983,32118.378606060607
89935,16023.540513227517
83115,8609.341296296298
108439,18310.540280423284
82297,16231.859128066373
96542,12514.005103174606
78269,51921.14124867728
104124,10920.905406084656
90435,13401.667358706107
97520,19686.333600529106
85468,6074.216728835981
83566,10118.684855820102
106890,30869.33561640211
98124,7106.6201312576295
85866,10920.155110149113
104379,25488.82887169313
99616,8771.288070827319
77346,27953.195536676292
83668,7997.533091473342
94488,25599.789896584884
87494,8790.947087421835
84099,12592.094307479554
78345,13312.344611111108
95626,17325.500934944677
91044,22764.963572751316
91343,19769.24080423281
99823,8720.223206349207
97197,18139.88279473304
76399,26404.954587301592
95484,43200.49328114478
89728,21136.741486772487
93866,13436.49324867726
94053,29887.748658730157
103190,11741.622383718139
76312,18128.371051587303
79453,30372.724851851854
99956,13477.319752405003
96811,33297.38544528621
100537,13653.057379629627
98142,3261.636111111111
106900,17183.940291005296
89474,7149.9467674547695
76696,12286.549452380948
87479,12952.380783068784
84806,10332.844658454647
85385,28562.05099747475
93372,45344.98354761904
92860,23323.17057575758
105267,26236.63863359788
86951,9130.452156084652
79622,8914.61925793651
95103,19994.84455555556
87138,10590.369491822994
91912,17045.810230158728
78932,17951.069535714287
106494,12662.329321428579
91645,28437.72127645503
76102,18547.85924867724
79636,25006.97977777778
99416,12204.622817460311
95715,26814.5512830688
81323,28544.103411856653
96273,9659.05027777778
95585,22075.549919312183
91885,21815.715234126983
80762,27388.85430904281
79167,9702.133404040402
87173,11078.987328300007
92719,22735.892449346946
87482,7133.312276455026
95215,24829.477447931687
104054,29713.036023809524
103066,10405.580076719576
102449,10150.323357142852
93985,28494.0878425926
99869,17670.374798220288
88347,12439.705567460316
77208,12915.907730158733
79376,15211.81989237614
98451,8784.431127825887
88983,17104.926797619046
106464,10369.581464285713
89146,16740.068983405483
105833,12521.898359307355
79242,22445.395487373746
107738,10318.542496512744
77626,14532.35595009621
77415,16132.6853994709
82458,10137.753542119188
80995,26983.065134920635
98434,12713.237041847035
106938,22823.38502152478
102349,10515.140708994708
85791,14946.59430820106
103622,10137.488928571429
108149,9904.897562169312
86450,19519.40913359788
107252,13518.322197089945
76034,9584.97347126022
82259,32125.868496632997
76581,31224.05243253968
95499,29084.618696729198
76648,51755.11859295333
75992,22541.02989550264
81407,19551.19558597883
105954,16410.42472222223
97001,9237.402541005295
96179,9611.056461640213
77616,16111.5668968254
108142,20032.473853174604
89107,8687.035912698413
108236,24690.908234126982
92520,17839.22483099308
93186,14089.476626382877
96171,12767.053335978828
78460,12087.100677248678
85417,14145.212560032553
100064,10638.199390692642
92393,17098.580616402112
83360,16964.50105158731
103935,11285.867516474264
106977,13039.962048701298
107965,14166.986271284275
91921,21116.87706782106
105002,11699.003966810966
93968,25279.69952753728
83088,6776.931279037002
92707,24521.69414778739
89001,18407.897683862433
95856,22072.634196849467
88962,23750.041887566123
99828,12962.187794733043
87980,10830.86351190476
103861,14445.780888167386
90588,11749.617937109191
91508,31587.9744139009
86131,8224.877734848484
97249,7461.525356421357
88232,17492.709522727273
78451,28990.135264550256
79773,20604.93240211639
82873,7772.934384920639
104116,21125.53130423281
83673,21153.93502741704
77622,35305.25634908611
94936,19630.578199735457
93795,18524.197140211643
96084,7493.34225745551
105406,13447.710197931696
102280,10971.307307599804
83867,16653.21825721501
83621,17002.42927970179
98536,7777.531431818179
101889,10553.46045899471
84479,12476.047664825915
77956,17294.52144047619
99484,4787.233702380953
82140,11229.793453703704
79005,34429.313624338625
77513,26102.364223063978
92211,24139.68298015872
85245,10507.730196127946
92239,21183.496211640195
97205,5625.156947210198
84822,9892.839053326305
104413,11133.980357984605
98704,22314.44448148149
76724,17588.345861111102
101457,10799.717123015882
85487,17583.474952380948
107392,8738.113108465612
90712,13539.28499025974
105823,6994.326635642135
100345,13317.96988107263
104219,13119.079768398267
90297,6910.846210798461
77122,33784.07306481483
104805,23391.19468518518
94490,31808.79528968256
99948,7875.9304322344315
103562,16159.543860990856
93378,14935.14121921597
92288,12798.352235449736
78059,9144.79892376142
96096,15899.014353174602
95732,11500.170257936508
87817,6485.758294973543
101084,9599.57482407407
90506,8203.393854978352
95676,16010.791318783067
90249,14175.904256613754
95932,36547.480662698385
103254,10868.127009259255
99286,7553.41395165945
84918,11687.54080170755
97397,10181.166211640213
88837,12774.664412698417
99212,23669.30155315056
86421,14457.256650793648
78337,33684.55857587783
76020,30173.267671957667
88038,10393.19554076479
91409,16029.603876442996
95205,9912.556867965372
108031,8180.761005291003
105386,10099.86424110149
100613,16494.583812169312
95685,21418.329873015864
78731,12436.653541366042
87310,17728.520974867733
101113,10566.006828042327
89077,10159.617031949525
96672,24602.94136568062
86775,4628.11775490698
79262,28020.93366931217
104469,14038.781385632881
98351,9728.915496031748
80728,19653.015072390557
97386,16697.92312169313
97417,19562.18751984127
93911,23741.14831878307
99842,6645.093429894182
97191,15764.380923076915
103152,6647.646201539203
100093,14123.320164742663
104319,15315.699780423274
78419,24067.567846560847
106929,9219.074321428574
107427,11159.876098364597
93578,21356.66836495911
103404,8382.361954517706
77844,23455.532743386248
98068,14265.477028258774
95709,45671.22095622897
87946,16436.211445767192
76391,47071.511880952385
87096,12227.898909137155
77186,25132.318723665223
90698,11594.75275300625
93367,24330.092300264558
83133,11300.92795165945
97840,12711.0434498557
87605,14618.579268638761
78472,22012.74086904761
100925,4965.227755799755
99596,19184.012947358195
86081,8310.930559523811
105725,11001.383055555554
94362,17497.895902116412
88579,10540.98783718134
86705,12243.163269721019
80813,14833.688400599403
78885,9665.569957671956
95548,9491.529902837909
82342,23152.024890812892
77011,17504.22453619528
83904,11015.660195887445
105485,10636.974019841275
107922,14295.850293650798
90200,6896.476984968736
104534,10364.76489417989
88664,12820.250915343915
100499,7289.418561568062
101035,14074.049182539682
90482,14716.809898869647
108068,8553.27504629629
81709,35076.59245238095
97618,8454.457126984124
101931,10231.381197089953
100284,7364.084946608946
101027,15994.908492905246
96674,9970.734872655123
84856,16025.477169312171
105326,30131.056075396835
102491,10927.428493386245
97616,14352.20930687831
100667,15727.730592231846
108197,10957.9796388889
94844,29300.2593743386
104934,15435.748375661386
94116,28259.60367809043
76214,21569.35599603175
90916,20661.322914021173
106013,12377.299003968254
103429,15211.366770655273
93335,16798.388137566126
99260,18020.464021164018
97043,14987.038445767183
77925,70079.40294492544
86716,16145.60745502646
82230,12099.67176617827
77567,42239.37218386243
108496,33895.17867989417
104871,21376.770826358825
77957,11547.925255291007
96401,14144.223279822025
88284,11075.065545454549
86845,7428.4172010582015
101349,4737.771633597881
77015,14277.092353174608
94471,19743.86988258962
108380,19880.79834776335
92533,30473.46229473302
77756,12970.185851731603
76035,21886.421159451667
75973,9853.180942400193
94675,10607.532557553555
79435,18715.818039682545
106542,23728.346400793653
96546,12323.917211760461
95946,20455.42442989419
93188,23923.212650793652
78117,18373.93414153439
102180,7123.398974867727
81825,17154.80443783069
90050,7947.481134920634
79638,19220.752434343427
87579,12356.243445767199
108103,17783.80539417989
76578,21298.59143145745
79112,16059.843828042329
95959,22575.219090899845
78244,17306.987609788364
77851,31211.85516361416
87052,17587.274367003374
88538,18559.43537493987
79011,24066.542999999994
96381,19936.48642412218
105358,14725.726107022601
92876,18830.90058850409
87699,6194.865879231879
90203,16088.717874338623
77001,17003.606671957667
97974,7558.341813492066
89985,8220.82358213083
97810,9942.576050264553
107459,9742.457744708996
104861,18137.342413660404
82516,9440.183714766712
83497,10887.460460569206
80194,57140.117894420415
85730,10212.165671957673
77914,28471.54487433862
88779,16621.449105820102
88366,10121.840025012023
104300,13784.646061688314
84300,12452.012652116397
79422,10144.521388768642
94910,27430.502880952376
108386,24621.009969576717
92708,2825.1967764550272
90802,19383.095988095232
104397,21679.337221019727
98039,13734.712749037997
107887,23538.395060846568
105290,10478.086592407595
102575,19933.252142496378
105040,8580.352989417988
98430,11337.070443001438
80499,22215.80016402116
101694,12767.166551827802
76386,29180.794465608462
98181,12172.050691409891
85340,16767.18092303993
90766,16924.096402218154
93472,16435.711148869646
79927,23868.332739417983
80854,20963.100842472333
100180,10181.735174723426
84437,4935.02635714286
83358,6789.174616402118
93108,24551.02365079364
104330,13162.078104497348
103518,8209.56399603175
89006,15784.556645502647
101611,5965.924461640214
92226,21311.521103415107
84798,9165.54655796056
92840,10185.557038359788
106054,12689.8028982684
78261,36074.775531746025
76071,14948.142623376632
92246,23062.76577248678
92296,16019.981939153442
89469,11348.712162698414
98079,14518.861804232802
81294,10957.02488612314
96301,5057.9116713471685
83888,11275.571123376621
87403,8507.927654761907
92192,29851.72465416064
107592,17641.28123015873
77496,15832.543761303512
97447,29754.876924603177
103131,11941.8003485866
104590,23802.32582275132
97597,9274.397198893697
82167,25787.569648268392
91027,26170.582063371825
78607,34369.3503968254
99587,11603.493849206347
93937,27911.391305074543
100307,11601.019434824435
107613,15145.895566137564
99773,13889.684696729197
90044,9411.613993025494
85578,19257.239286833537
77103,13455.014025132283
91386,23592.834263468023
98955,15980.870629028374
95927,23430.715015873026
103188,6550.179373015873
77389,80690.08763227513
81822,10995.485916185673
90768,29725.42346608946
77594,13460.184463564221
107085,16213.366814814812
87692,11794.108662698409
77813,9042.354099206344
81414,14340.044276695528
102900,8752.85914550264
83150,17466.55261161986
92414,29437.70370634922
105321,11075.652768278012
92658,24045.25092231842
87160,9055.079023328522
107827,14524.817736772482
105790,17941.786232804236
87463,21245.88669095719
91532,48622.09006613758
77459,23451.477116402108
81593,13277.694720899473
103719,11100.840728835974
102291,8494.470697280018
77211,23044.498563852812
92956,19337.46316137565
86578,14679.208508056752
85882,12873.401605820109
82082,17358.269866281877
91811,25083.48092063492
82036,28784.388240740733
76773,17683.225497354488
99406,9917.199033068784
102289,9910.270580447337
94402,20798.35959126984
98621,8459.211100168348
96476,12761.773849206338
93410,13980.856160052912
84989,16371.08242989418
85123,16438.239735449733
88492,19403.14668121694
95128,25219.514005634333
93047,14727.172706349209
84587,13980.745175324677
94856,25336.34568590669
92247,22478.91739153439
101052,14330.498087402331
82940,5225.776222222221
97756,11155.385777777787
98444,13940.211374338627
77869,9815.644824074068
96694,17906.227685786434
107101,12452.35268975469
88276,10838.427665114652
84648,13470.270734767024
88011,12290.256296777297
97951,16746.472230519485
77288,21878.436907407402
104937,7582.235455627707
81621,9942.05606108706
82049,33041.33178463204
98553,10504.23228306878
105056,30910.643440355932
80914,43183.21317340066
82440,16951.783238095235
94927,24600.686841269842
84303,11651.353842592593
85533,11347.738132034632
97576,11638.279607263103
82216,19741.438449615205
84279,18397.966490860996
80976,14053.071837181344
106097,21349.153931216926
83074,13054.65046780997
87581,12850.208376780633
97210,21177.962845719103
90785,11167.027639369893
99434,14617.37015656565
89600,17912.03813095238
103809,12815.862105820099
92260,11128.611704425206
89667,11582.769816137568
99310,6240.119510582009
90375,22277.6194539627
89468,11828.519291486293
94940,22971.077720899484
97747,7031.056871813373
97570,8499.765394179896
105994,23615.77562037036
93145,14450.553446127953
94100,17279.925253968246
103226,12843.82631528167
100167,14474.137708994713
98138,10770.696350529106
101043,11231.180751322754
82078,19703.96621176047
104748,10924.526788359792
103881,15415.823708994709
86774,20270.650136243385
89857,8333.313821548823
97150,14537.758547619056
107683,21041.295033068778
83708,21467.26285978836
78775,12045.511691678685
104200,24959.49761844635
107581,12054.119541005286
99756,6488.287843554593
90210,15650.796116402113
78027,32083.68078270804
97012,13771.23157960558
104010,9335.605374338627
100639,11285.631054232803
93792,12538.381175925928
85574,17919.73851322752
105066,10504.67024444075
97307,11381.070403078404
77243,48401.95318650792
100661,9902.674890091394
80825,20409.58085882636
85856,13132.079753764761
85793,12665.823845238092
107091,19843.301567460312
85836,24807.153675925925
83887,10941.180294973543
84721,15630.846630952374
77636,6841.259483645986
76905,46292.36208465607
104895,12725.849295093789
86377,15521.412044471806
83076,16520.696438552186
90124,4434.5277219817235
105661,10317.132831770085
91631,7890.123798581047
79760,52160.44028150555
100714,7703.249216810961
99231,18198.082432539675
82805,16885.922558561808
80714,31054.040979677706
93820,23481.060362433873
85373,9266.407951058207
95562,29153.916072751326
91723,27375.826512987016
91501,25940.914982804235
91222,12360.476421957672
97984,28342.921919312153
95047,46816.42527982205
101181,5882.26418121693
88389,9400.937337301584
86999,28707.733944564698
85255,19307.34258345359
79093,15006.167378306876
82409,16786.956415343917
103128,11015.7719431217
107027,12274.85335364635
108081,14865.041185786435
85698,22042.910801106293
84249,20789.08243650795
101719,7386.495659211157
88643,7012.055981481482
80972,16466.20672138047
106047,17968.027472823473
86779,3953.483974146223
78587,31281.2413498076
90179,12943.69947089947
90972,10768.597830687826
78609,23984.764006410256
98324,7854.0576291486295
76446,50206.553703222715
86829,12845.604570105823
87796,10682.390381638877
83650,16086.415708994698
81411,10794.36101058201
81963,29394.849927368916
96782,21228.26214658489
89718,8770.528295815291
95518,22833.9998121693
107293,8354.603711279466
99739,9236.943318783065
103956,12379.596742063488
85946,16550.304014550264
88532,18312.342391774895
85713,8423.576613756613
78184,19524.35651719576
100234,6574.706178571427
107715,10067.377548941799
106150,16682.538599927844
77266,13072.692461399709
91067,20634.31542854367
80869,27686.301858465606
81462,11527.972043650794
83382,8858.118497354495
92915,18513.007046296287
81139,16438.09408054908
96523,13025.878248797504
107090,32507.539208994705
108117,19578.11481902357
91742,4030.8584969937497
98340,12663.453456349209
88371,16271.712531746032
101031,5560.473365079364
108430,31901.466534752293
77740,28359.24292712843
87861,11298.818632034629
84746,10543.34027513228
81252,26799.501079365073
81933,15351.589433862437
92153,20652.026405242912
95485,17150.741727513236
97686,14392.112548581055
107452,15070.88326679704
95477,25555.906058201075
95752,32705.65498677251
99499,6435.687189754688
81223,16459.551370009627
83589,28353.06094576719
81497,29920.35726839828
95884,21575.159416666673
87806,11396.99801322752
92330,19564.367563492055
84558,12855.217764550262
82990,9867.540703703704
90851,6423.490461640217
96997,29859.12643915346
90278,14209.224286315532
82417,10873.288404280906
100247,7700.204317460316
82239,29159.521116402117
76975,22358.53699867725
102948,9376.39103439154
96929,11857.427467504718
107088,13931.289697089958
94670,12741.609074074076
89862,4535.033143698893
94506,17402.65419733045
97696,8981.236018518517
82696,22547.939213684458
103767,12918.552858826359
105307,12775.526478835978
106510,28762.834859991843
88316,15745.192879629634
94321,20027.76193783069
96595,19874.542835978842
83223,8332.115675925927
85551,13182.90160449736
96007,12471.629168831168
90296,10241.67701322751
97407,13163.787231481481
93071,16227.78114021164
97275,7980.079283068781
86827,5468.201419793173
99759,6466.701370250118
106689,20298.8156542809
103062,7124.140314356944
99657,12923.913601130358
93428,29123.985289682547
88504,18410.821461973206
87359,10657.67441438192
81906,15956.107483766244
107446,9758.862787037035
78926,46293.109420033674
97871,8402.670710317458
94202,13821.980113395855
101216,12666.228181216933
89614,13766.7783448311
82929,4377.609688672438
78710,14338.171548460796
104966,21017.628845839336
88410,13709.30932671957
94382,19641.538910894662
106319,46923.61558886484
91212,18646.879907407405
103584,10376.113942039447
107593,9544.212172558926
100069,14940.131331770071
97293,10847.331095238094
97085,5803.84240873016
78830,16033.444569143827
80409,13719.284948292452
81079,30533.363120731123
90437,8218.563897546901
104169,30871.868550264542
83432,14847.067550384794
86630,15904.854831168828
100678,6176.740389610391
92564,23974.91874074074
86007,11063.918516594522
84102,8096.910541005298
85324,24651.26707683981
92796,12467.31085449735
78277,26592.79197751322
91813,14074.963848124095
107896,23017.789912337656
80598,24400.726943963436
93630,22230.490975468976
98016,13363.59119912495
79518,49916.59735798461
104016,9971.696615800867
90069,18038.280239417985
108485,8608.933217652722
105556,29871.108578042327
107276,21380.78268398269
86409,16422.566152116404
98131,12231.983913632117
95165,15902.423374218373
92954,19059.0376089466
108363,7872.524734126984
107775,16645.903118686867
98806,6514.973274290525
82105,17637.048562169315
95777,13594.51731277056
78794,20252.835107142848
77994,34260.944119769134
90061,7686.263375300626
98353,14398.638262987004
86777,12542.754458032707
107107,8984.103392857143
99207,9416.991664021165
92441,22964.43109391534
81253,18895.259041005294
82071,22950.647394993885
86304,9707.910952380958
78529,7741.496247354497
100606,8673.30923605099
108524,22588.583894660896
87772,18875.285910894658
83062,16266.701024170257
106197,17504.604981481483
105773,26219.331287037043
79317,24754.503439153446
103930,7166.892404641651
77486,37499.85162698412
76154,29997.231313371813
89324,5381.634078763829
98354,13170.425752645502
108349,6523.788098124101
108146,9045.06785449736
77826,22835.594265059008
91078,15849.841036426536
78136,24746.122480158734
107463,25493.947240740727
100749,16291.089997354507
77223,54487.03621308323
92513,21533.505798941806
99409,8449.124304834058
94380,28316.728802299556
84791,9869.066023809517
86042,15975.61192171718
79939,33607.481421957695
83953,18689.186769841264
103754,11736.967347883594
86091,14883.750630882767
83114,10109.554330447334
80956,13803.066496392501
96276,8104.630371693118
89799,17693.800928040906
87919,8114.634614598366
84054,19668.404952380944
102856,8383.564064814813
105645,10349.66321560846
81207,21441.200504689754
79629,22942.520908730152
97211,18555.901535473793
86631,5672.2423552188575
93438,31884.18561375663
96983,19789.103667989413
93914,25018.637023859286
98470,11039.052302910051
76650,12052.098223544974
96428,34212.7697037037
84958,16931.13570526695
81064,13190.184991822995
82469,12447.4075962001
102139,11228.413477513233
97800,9960.796183862432
98474,6355.434201178452
107944,10519.5833486051
97401,7535.525812289563
108476,8733.832313492063
103189,8054.454002765748
82987,10793.919041310543
80903,24849.3702039442
90854,10316.277023569022
95644,38473.05312301588
98728,11484.133198773454
94370,18026.764716117206
84537,13597.243382275134
89358,11085.797334656085
76221,10647.399588504093
84935,16395.51233982684
107676,12348.152240379994
103154,9969.31246007696
82600,16956.218849206347
104290,18085.502763227505
79972,20704.17453174603
89202,21270.78567724868
97253,9116.931564362107
97358,8389.690271645024
106932,11123.306757936503
101140,6881.398503968257
100650,8437.437805555555
99817,20395.13018253969
80953,18888.781466931214
93851,17607.33320683021
89574,4601.779865319866
91092,13104.291998677249
78214,23802.798567821068
80283,17482.096959355466
93158,17897.653721139974
78562,51385.36234018759
108498,13847.37468518518
100223,6163.285319143824
76976,9611.9440542328
81119,22973.378330687832
97369,24881.5703015873
95721,23325.64871618197
82271,17535.918963924967
102837,10129.174949494958
94761,20922.157551587294
89200,10942.910261904764
102690,9403.500991101484
101274,11534.52082407407
107682,22631.086861652246
108276,13516.488420394413
99011,13182.566915343912
94484,16264.773850408845
106033,20976.71603246753
89123,11399.824265512267
88740,9138.642403439155
90951,26278.50111153662
103812,5745.012214285715
100056,10070.387523809522
100691,12827.336199013951
88394,16176.816248677258
97620,8154.169512866766
107955,7964.0403035853105
98144,17793.55117460318
106325,24923.684436988933
92867,49889.08810052909
85204,8114.690244708996
87062,19348.251578042316
81539,19549.58944468494
92009,37344.580300264555
108224,13076.758503968254
101686,11688.056078042322
98557,9513.733107142854
101594,11959.18632142857
100647,2301.7102267824766
102401,9741.212494227993
86093,11263.710042568538
85837,13804.85887542087
86260,15214.74943783068
79830,35560.58445950345
100041,11685.494159331412
92230,20995.7857526455
94661,19844.3805643153
79450,18645.684853775856
101374,7228.079424843673
76983,34433.618251082255
99673,19123.54988095238
81336,17728.615899470897
100376,10839.014879629627
92756,24649.926875060126
87725,16611.251357122128
84541,20629.259150553145
82284,42338.58086904762
89479,6947.200939033189
93259,92191.04501058198
105648,7517.941076719575
99099,10311.329984126984
104543,21601.3822999038
108474,25120.274518518516
76907,20223.999300264542
93652,29156.481920875434
100967,6602.83259126984
94331,15887.345669672917
106381,8952.61929761905
83170,10613.232904125643
102953,9967.368848198092
103590,10592.4211752416
77316,19658.175452380958
84682,20061.95854232804
84524,13141.546958006753
76747,18280.78973965848
99049,9613.84734114959
105881,19077.304593915338
90833,7051.58771176046
108079,13257.105334656084
107295,13762.231808922556
77121,16066.734035594023
78927,37796.45663359788
103048,9009.93489021164
86216,15393.033312409818
88448,17036.557916065412
86219,15030.900996031742
87181,8412.798092592591
98755,8603.222367364115
76443,12818.832102092349
101149,7539.484403078407
104315,22177.190922771675
108345,10407.208496031746
100156,8199.432636724388
107263,14805.315593915342
83935,4985.5778439153455
90584,7668.425175925928
105733,10918.362059523808
88332,12794.982936507937
81979,21590.70479220779
91864,48385.79769444442
106847,9610.87821031746
95136,16854.81846479446
96991,8864.109293169793
105905,10904.245378186632
102080,7623.680794973539
98072,9176.872292328044
103711,9369.076633597879
92213,15763.56608994709
106898,9705.750539682538
85333,16924.255113876865
84559,10520.094274891777
95428,30751.131166185674
101003,14997.946096560843
87773,4448.493255772008
100739,10891.77423677249
99885,12564.781135882633
106647,11105.54171127946
98019,9769.431685185184
92212,29838.99456854257
100786,12291.395062770569
85518,17049.030526455033
89849,9521.566294973545
76149,14939.498936147187
97490,8399.21150901876
87476,9150.250488095235
83248,19701.976285714285
99352,9294.830048941802
90736,8900.032646945643
77596,18258.115155002408
77209,3110.2586124338627
82308,12896.457228835981
78207,18225.929099807592
104041,11686.20455952381
81125,18013.93845598845
81691,35217.80854680505
94459,9962.70919203944
79977,15565.408837301582
96530,18397.466344997596
78367,24676.75152044253
108100,35476.73686195286
104510,9502.466107984617
81891,12863.574380351132
97087,14757.002010101014
88161,9698.536774290525
101097,9927.781954545459
81742,22041.5695978836
78409,8387.698598845598
107496,18045.13327645503
99326,7382.038489417986
78535,9653.883963443966
106164,20769.018174963938
79719,28007.855689273674
90418,8917.84617592593
85844,12324.973610509853
86639,10094.614585978843
83745,7193.892007936509
77300,55839.71409884563
87702,11367.520357744112
82586,10035.120046361044
83769,10579.796090141335
81708,32833.91405026454
90224,12317.17100949976
100063,7731.891139249638
79249,13444.181303511303
78719,31716.27883068784
97287,9002.70822029822
84267,19697.470243506494
84056,8765.318761904762
101164,11264.015909812408
85826,17651.180783068783
93793,26289.798214285707
90945,27382.520845654348
98991,10232.79535726311
79647,14458.561735449735
96794,14132.860010582013
83984,15524.056874819631
96688,8878.630251322751
79838,15946.407480158732
105671,10428.548529100524
87438,13932.707548941798
85859,16163.307772847525
91639,16005.645039682535
81134,39525.81070129871
99992,13928.051532948535
91262,29445.746746031753
81417,29064.65209391534
90783,19922.38971428572
88898,17013.945719576725
76241,12726.894916786916
76491,19055.27124735449
83132,16367.353477513241
97757,16487.089702380952
91753,28579.234384920634
82333,24697.118250000003
88295,10490.28078439153
98314,10516.680226190483
86172,9621.917169117918
78331,23485.656294492546
81996,27793.427715608457
83315,2849.4000741943228
92376,16177.7988534151
103058,12471.020336570833
102215,12311.877967532468
104225,27841.230051587307
76910,16873.61891534392
88657,13070.810162698404
104943,19960.05870370369
86434,13666.774386002888
79432,13725.669411375662
103103,14224.842364578872
91456,41026.5406521164
89465,14095.064320707073
107774,10508.373876984126
80938,28431.172056758038
94883,17667.808486772487
94135,29320.521431096673
78747,19539.11683333333
76240,20403.55778198653
95820,41427.06870057719
79092,21817.80497077922
84393,10395.632876949116
94391,39339.49498941797
77183,20622.085776455027
105612,7820.365452380955
89046,9703.658793410295
90878,23427.128459827196
77058,13484.869984006735
84468,9914.497621693123
76713,22553.29137457912
85568,11168.281709681205
82191,21536.67283597883
84825,17257.688347883588
79009,54224.46524338625
93908,24933.958761904745
91135,27394.371444444456
94603,21915.07906277982
105887,28354.680198412698
103196,10824.345440476198
87544,12781.435765873013
99605,14221.019200937955
101660,10928.694190718028
100671,10310.711244949485
97839,26382.994228234755
77742,36172.1151067821
106144,8966.311163059167
79681,28995.394459114956
98764,9392.372325156326
98200,11250.835966450219
82652,9271.239052308803
83599,9103.093380351133
97776,13570.876675565176
83403,13887.996277056278
77472,31615.435498677263
79535,27577.412752765747
82632,16720.10916895141
98612,12087.077169783375
76103,26578.938280423285
94824,26097.691538359803
87424,20638.542636243375
79193,18703.136842111595
80853,14355.46567243867
87885,10665.35567075517
80891,27598.439664021167
77149,25556.20084788359
91012,14432.692330928336
99259,8057.155636604137
81555,25377.23480698005
93917,29639.107904761913
88089,18366.458800264554
100704,24794.211806517567
77798,33702.31309968736
87342,11391.643412698411
96013,11407.817853988607
93380,22937.931283068774
84040,13019.32871296296
88600,18362.22134126984
76133,18159.915711640217
94842,21280.11512698413
98184,6065.017061688315
88767,16698.90781746032
98741,22410.922265873007
81739,11456.671761784508
91321,27442.58587830687
108030,22740.91467688793
77680,20421.76336904762
78189,27394.098211159213
82302,24794.248629870137
78968,20163.54650829725
101390,7144.081920634922
95491,17507.491178210676
101687,5811.068813492064
76371,17269.152911856665
100151,12654.630933261185
92147,22142.249813371815
103385,13903.258977503976
86960,16627.586312169307
89563,20288.170174501432
98013,6734.1989695767215
103747,5040.5573449976
107681,15495.558234126987
82686,7807.014176397673
79913,11473.165853054354
96545,21506.89689694564
98278,11495.27793389319
88916,12818.353357142862
104733,11020.499182299181
103529,10503.324891534388
100642,15169.901410052913
97860,9436.04468241943
88870,15578.726267195785
97563,21427.07851250602
97081,12485.455974867722
89544,7558.232015752767
96332,11946.148746031753
97064,5619.123642857142
81916,30567.519585858576
82148,45243.73539850891
102447,4323.439973544976
103111,8809.459348124097
85058,9654.962052308803
76422,20668.76445526694
94546,17576.176903439144
96769,11258.127281746029
95364,13214.188009259271
101118,13139.097974867722
107644,20347.670302910054
104650,8848.927391173642
97300,8883.897970298218
104069,10828.053859233361
84700,14833.993207671952
97122,13053.19533249158
89878,19125.955975108223
82579,19661.105820226076
107967,7198.003968133718
82494,5346.466088504091
104872,13924.685889369897
76339,20127.90223701299
90676,7045.607678571429
83780,16086.380585016836
94444,24232.51831481481
83532,4041.1640925925917
103380,6999.602453888704
90941,39085.49975768679
99845,19547.350365440114
98053,12202.69505050505
77863,45419.19276851849
81107,25116.87858655234
81176,28213.38915211639
93196,40441.44534656086
102895,5309.9715464535475
107093,20546.67508333334
106566,42800.28613949939
88893,9976.035762746504
81939,58888.60212698414
98833,7561.532472222222
102812,6255.052100529103
95766,24864.707371693126
83556,18547.987756613755
96725,8445.762604497353
104649,4896.648556036557
98466,15641.196900839892
77661,23276.810639730636
99882,18807.509335978844
82646,10274.100405894591
94874,19903.94531349207
92800,12817.650334656082
80265,28778.78121184372
80587,33125.91789706589
92298,27848.465656084656
99023,24253.593728835982
88098,10542.948310606067
100928,14346.800978335465
106437,14276.680825637328
83122,11134.73455820106
86614,10503.356969576722
105454,20673.118071428577
89282,22028.52773208271
103136,9367.671479918235
104899,26033.274706108696
92041,32044.14233201058
80795,14096.97585714285
103043,10533.882779100535
90842,21551.439660052918
103070,9886.435732924478
91523,28662.572362914867
76427,23996.262354497358
86188,19106.79299124024
105618,34295.27514285713
82931,8578.965438912941
76137,11735.302669312168
88017,14169.168417508416
82713,11683.730050264552
76155,13610.08608201058
101057,9502.566659090908
94699,38130.76107275132
106794,18837.446230158723
97000,19877.582465608466
90986,23172.677281024542
92785,8532.668654280908
79156,16593.958892255894
107616,21050.62878751803
84264,7576.137935185184
93932,17546.969587301584
102956,10832.824357864354
79715,22695.665371813364
82329,20013.776302863796
86636,11669.046351241348
94479,29285.468197089947
84998,10188.23225
83835,9647.21393578644
106823,9555.776807118807
80760,21827.651062169323
83060,17493.678428571417
85872,9330.026990740736
76227,16797.895017195755
103460,7323.524189995192
96989,13308.011400451402
107858,14284.264109788357
80447,10802.217580327082
108267,7704.290916666668
86584,13530.321251322745
96426,16429.24304100529
86696,20202.08419107743
88252,11414.95692396692
91515,55299.59229304953
98357,9664.99542941318
92439,23555.392285325244
92341,31550.218145141906
84739,10681.049245671002
76906,28446.63893650793
100027,8700.661576118326
102225,13942.553738917488
88476,14203.955789562284
81778,24240.027
103266,17395.96647486772
87660,13690.019269240018
89634,6961.034074434823
93577,22499.88330952382
92450,18491.480091269837
99404,13188.23654497355
107936,13490.179660894659
86174,4126.875333092834
98273,9619.803579365078
99007,23439.3380568783
81615,17144.554690596447
91236,18135.779991101495
96984,17557.085584656088
92538,32123.37799470899
87039,4352.270117484371
84235,14815.959113275614
77010,19431.197598845596
106727,5133.370941438196
102933,7530.729656806155
80821,8892.030151515153
81969,18493.04236772487
93088,27755.87833116884
107004,14312.144784632037
79330,29295.1271571669
80388,21385.333369047625
97494,15611.152354497353
107144,20729.367431216928
93860,19380.187869500856
94845,16393.82740079365
79152,20796.684810726303
95032,21644.009264069253
108333,11316.052500000002
76925,23369.325394300144
93278,59019.38983742188
98608,7447.368493867241
87236,8415.760207671954
79320,18204.432053751796
83893,13329.750585497835
80973,17372.746473905725
97659,7128.598066257816
102063,9393.111169312171
96324,9321.458898629142
101184,8369.270333453584
97392,25437.084188912948
94094,17623.349556878326
95219,16095.796853655605
85048,18524.91963359787
94887,23129.636589345835
88002,19258.819513227507
99157,12053.706380952377
102746,10492.747124338623
89164,12779.904943732196
101079,14136.76229064454
94124,10903.138243386244
100161,12554.728069023573
84658,16666.21704497354
105603,15451.317604497355
90963,17767.75383994708
85012,16857.392133597867
108298,15631.609481481488
104080,4544.425958874461
91850,40267.15926515151
102713,4751.539652116402
83295,10999.99618343693
107847,12299.295980399229
105847,12697.744623015873
87143,21339.819421957676
106090,15576.722033549771
88925,9128.692271164024
106297,15501.158281024533
96596,13011.525945767191
99233,6733.043769036517
103321,15917.361199735447
82479,16127.544861210621
102734,17705.57721560846
107461,28455.638313492065
103237,13979.42559163059
85581,18512.022334656078
99196,7491.814338624336
79178,14417.109189033195
84339,15043.626414742665
92764,19142.696714285714
85498,17312.33484042809
100622,8750.903310245307
106518,29178.421920875422
82821,10187.598821428566
97628,20529.626682539685
90763,8652.319923881669
91567,25132.500816137566
107462,8273.044953703706
95833,23166.120992063486
102479,15731.40983285233
97555,12793.823809523808
80881,9316.046843434344
84016,16508.714880952375
94051,12134.01681962482
76277,26064.437923280428
88676,7120.056863155363
102566,10044.183353174594
88564,15536.57112962964
95048,25069.470284391544
82166,12957.866067099569
86227,27587.467609908614
83738,9062.99052777778
103684,11376.003994829236
79893,18739.100564814806
100634,9073.62169949495
96392,16909.482705026454
96311,18876.355344997603
85015,15708.850375661375
83050,18214.705518037517
81925,28404.155707671966
106187,10510.340786121287
83863,12011.206160774414
82048,30873.05332010582
100962,13096.184251322753
91587,17579.127328763832
104915,18012.188979797975
98779,16254.186754810005
96698,7864.827002765751
84701,10681.514424482926
92986,24655.699105820106
77112,24219.732022486784
90774,9654.477182178935
88520,8907.182630952379
88281,17574.73252958153
91388,37326.51063888889
76441,32031.36983862433
98643,17749.588634078875
97850,15764.4841984127
98344,3399.034023689275
99441,20514.962669312168
80230,29434.028477753734
106370,10725.881239417988
88901,10878.335022005776
76590,13691.038969696965
94998,13629.273579365072
77283,31289.898550264537
104065,21669.534330086575
107919,13180.474071428573
103743,5173.7814580327085
100503,6891.232374338626
81273,12779.029795334294
81878,10118.324420394423
79224,30134.580801383814
90254,4290.583068783069
82712,9349.327138888888
98113,8715.509582903485
104562,14666.177516233753
103014,9346.18653174603
107299,26547.391687830695
99799,5544.176252886002
87952,6137.524844155845
101836,9229.728597883597
104896,23926.813337301566
107665,13562.644904761906
96182,24786.37003174603
84731,21240.157682539695
85565,13338.067146103898
83237,10436.224176166426
80785,28089.879361111125
81935,32798.67876310725
90932,41288.96994973546
99204,15016.29989814815
78802,29422.80748952899
105421,18825.633103174612
81831,14003.629753607505
100016,7885.899067460314
76262,32639.310584415587
85286,11670.966042328038
78629,15753.330962962968
79451,15468.676556397308
91132,61923.02906349208
88726,11610.820531265035
89928,14660.992845238097
84672,15668.729632876382
102127,10224.410877705624
78630,17646.210845238096
105874,11432.343507696014
81491,15342.834960317463
108085,16222.235740379985
99711,8230.575848244343
95713,25374.66068638769
79499,13296.946292328035
88373,6777.838202140452
106412,18973.67065175565
86000,10491.929503968255
77849,17438.160585063095
102224,15633.850010582022
90591,7751.854398888145
78511,16735.53923881674
83611,16092.97844444445
95316,10602.769611592114
85207,7308.521398148148
86755,14227.628626984128
91361,20181.822996873503
88107,6887.611541366041
99468,4199.499038239542
101776,12716.441677729668
97132,5616.7698955026435
106405,12021.091373737374
83804,12786.654421717172
104093,19861.528019721023
81897,27404.877603054352
97522,12933.059960317456
78569,26270.99736724386
96486,33040.017069504574
99636,7262.169671596922
80770,31958.478716931193
91534,25050.50521957672
80461,26247.292505291003
102345,6327.351345238097
95431,29742.49619179894
76350,8490.555284188034
76330,14727.805475829724
101604,10711.32822077922
99303,11614.58065873016
106266,16521.267817099564
84697,18196.998665343912
86296,9279.73803835979
90658,17231.244173789175
102954,9195.861466931217
106174,22115.599830687835
81510,23240.32122486772
89222,15296.462640211628
104391,17013.923357383348
76573,13195.935342592595
78060,12786.803868492621
85030,19038.14600420875
105478,21107.518563492064
83477,11941.458747354498
101134,12066.211371693125
103096,8637.225182539683
99391,10904.20738615391
94614,16712.978961640205
100110,7322.016263708517
81782,32137.25667063492
90292,8575.825485449739
86357,8315.460026455028
76157,9968.938820105823
80325,21861.6272996633
88991,15222.776161375657
83117,18783.732359788355
90513,15737.21102777777
82037,12997.326623015872
90066,9976.872326071774
92814,41951.252826719574
93991,39025.370393217905
100121,13818.745555555557
104495,10842.90573015873
105953,12110.17412566138
108089,9436.40001767677
84778,21781.358722222216
100753,14118.027974727976
107832,28926.801415343918
92190,13198.159066137569
82029,16353.131154761913
97914,10291.730425898179
105776,18112.308822510815
95402,16611.472820105806
99097,11182.95847222222
105043,9519.347161588408
106998,13429.077738095246
99567,11498.793656898653
85421,7376.9379494302
99161,13371.891272005778
89951,6967.802825757575
81358,31724.72901575277
100373,9724.985511904762
80291,37524.34221825397
88545,10457.697695286195
92994,20310.68258465608
90248,25736.852246031747
78625,22306.249362554114
81990,35315.31360368335
103075,9655.611349326598
98639,7361.0171639009095
103368,13462.378871933615
95427,12885.816813492063
84503,5828.515731601732
82446,7454.395718133716
97175,12007.980119047623
101777,11608.187415343915
76086,13696.35682852332
106347,13291.073736652235
76445,45504.7416322751
97649,11095.13557587783
99273,25801.661839947094
98864,11745.647789682542
98037,20830.83942857142
107264,21932.87238359789
100104,10749.566256613765
81842,19242.266576479073
81839,13555.877056878311
100608,12968.078645622894
106588,8706.993908730152
107466,28884.770285714276
86092,14375.836363876866
92204,23679.94541221741
107905,43217.33276827801
76821,19630.7278044733
81022,12375.17827056276
105727,34531.52631529582
80544,53653.49677380955
93388,16398.846638528124
93775,19888.302887445883
93733,21201.158637566143
108177,16639.50864153439
79746,28470.808578884087
89285,15100.064497354499
100243,7658.157234126983
107171,21144.47698809523
93444,13909.080517195769
107421,13366.970431216927
94071,22631.471665103425
92195,41320.344498316525
76108,16546.065095173344
100603,8717.1346005291
95800,13292.046323352582
90708,13588.70886856662
102701,10675.363535594033
97732,13039.651580327085
102574,9432.040436628187
92237,34251.1910899471
94192,37514.407953463204
88219,7888.07375925926
88910,12705.748345839347
100811,13971.699817460327
103288,7731.789681216932
100370,10135.18108730159
102544,14183.600828042328
107473,9329.088031746029
106926,10662.248195767199
92514,19642.345810846564
78557,13554.297617003365
99091,15348.608821789318
96487,12571.236603655598
86252,13981.135576599327
84763,6815.999602212606
82531,16191.452269841255
79012,16184.76198809524
97078,17450.713048701302
96824,6611.018838624337
79970,21522.21093915344
98057,17233.578415140415
105947,23421.720335497834
82539,16632.425238095235
105816,20781.565279100527
93800,19169.332762385766
87079,7974.303072751324
87453,12070.778660774415
92855,17127.747971260225
95805,18519.52720238095
76398,22988.99541041366
90724,14201.927827922083
102196,8113.5202328042315
97661,9631.363743265994
105475,13138.806173400675
81241,11591.43729497354
91106,21800.776571428563
89543,27723.64236772486
94403,19308.036392857146
80666,18808.104074675317
99769,14115.483691798945
102351,8566.06530050505
102941,12981.873776455026
82783,19511.589973544968
78504,27278.82195995671
94715,19778.17449644984
92180,25811.736231481485
103904,11507.443936507932
102921,8507.731186507943
99685,13583.955216570466
93048,18709.29291546416
82988,22199.494228475232
93279,32786.27236038961
80084,22224.19597534872
101966,10659.19785681963
94667,29381.359212962954
76298,12196.465478835977
87379,16400.049118566625
94212,13684.670366402117
81333,16665.687976911973
85998,14774.317084896593
90198,11459.590104497356
87823,11038.254037037039
103530,13583.396966931217
106243,10375.992450096202
81208,14963.227805555553
105153,9434.424202501203
104103,22784.95294035595
89555,24012.07509583934
106042,18389.803984968727
78170,35707.655034391566
107675,13937.37008177009
106705,16352.651702741701
89953,7137.018816137568
101934,11624.083734126983
104727,25589.13034523809
87327,15723.824837542083
103247,13142.231140211643
84673,13130.356871693122
107520,41061.33423280424
76626,21102.441969576725
98638,9761.915809042806
102060,7696.157253968253
83635,20874.14579220778
94566,47970.48441125541
79207,35604.16710509861
98700,17518.80453039552
86563,16182.309843915338
86891,17875.714744708996
85278,7174.57282708033
91817,29946.73225132274
99473,12143.323916130166
102489,5717.443645502648
89191,15052.136216829462
101746,13817.952231481475
84538,11311.038744708994
78072,24599.844826719574
99832,12262.420103747556
103475,12674.90731301106
101016,15245.603241702738
100280,8173.387761544014
96067,7918.595806878306
104086,21100.875148629144
77248,17081.9758505291
104269,20706.5658346561
89495,7472.996572150071
81340,31966.10941534391
80277,20118.640766354023
76683,32239.13269841271
94847,12717.328896825398
99029,16324.10797619047
85874,15337.923191438193
78105,21843.926101592846
94978,22460.342037037033
101666,8888.76824001924
100757,8175.708202741702
86704,8296.21303306879
91205,26188.420265873017
95762,11938.853321909575
93641,22169.748200937946
87073,22863.98757431456
102433,10775.678283549787
104382,20181.940988095233
108060,9045.541767195771
107387,25390.92323148149
85027,12181.85548015873
86014,19555.330817460308
102602,16235.74668518519
107255,15826.502845719102
84269,12768.370035594045
85885,6624.962535353537
92843,13955.339702380947
107862,15691.686395743145
98781,24234.868535954785
106119,13785.320429653686
101872,10468.564973544975
87865,16459.511772246275
84803,9508.730287037031
88438,10591.819643698893
80105,21526.68662674363
80595,21715.983753367003
76539,9924.5192073112
107236,9664.920386243382
84946,12182.71869516594
93772,25648.991700456954
87793,16212.379367243868
104843,9268.06079761905
92234,16109.038382275132
89467,13648.660043049544
100145,15452.36125661376
93382,56432.39431878306
101891,14852.834920033667
81354,21289.006119149366
99309,12864.180439153437
81431,18521.110009980774
102073,10360.635565295814
88468,16794.58838756613
101873,14011.797302409546
88120,12961.865875901876
105714,5085.273703703702
106015,9807.465340307837
86707,16728.39625396826
93107,19328.7371031746
89230,12323.729441808187
100875,8352.041115079364
82920,8161.308956349208
98114,17392.31062638289
87262,11387.864030303033
104436,9798.668525132274
85404,7257.826711640212
96189,14765.684317460318
93408,51482.83874037999
92789,61682.657140211646
77768,32577.442001803753
99414,20252.968585858598
82807,16716.01376430976
88996,12907.359856515643
90305,7597.242344516595
77030,16825.605832010577
86129,8007.343593915342
83660,12813.093158730167
78602,25532.369847643095
83672,8958.71101058201
105105,44663.52877116401
78704,35661.32202705626
80789,48104.034815295796
96633,17556.469703703697
86132,12647.152432539686
81619,48083.68932215009
104645,21724.25003811929
103853,5463.209639369891
96259,11869.014932178934
104677,18520.31133225109
76418,21053.38135293411
103593,10084.398150192405
84886,10436.294637336876
80773,10582.350468253968
94688,20861.428194444452
103823,7126.491251322746
98757,18581.624846560848
78516,9651.694941317943
80596,9713.781296296302
102855,14333.90567592593
95957,19213.256768518528
86440,8889.665234126993
95030,27189.855840659344
101874,13854.809664021162
84585,9686.040415343912
76257,10614.595816137571
76971,20728.767716931216
94070,29554.795259624632
106041,31730.102931216912
87346,14639.012478835986
80993,27705.373939754696
105309,19497.94729329004
92622,20367.79310846561
94582,38548.47945177972
83334,12445.392689356937
98922,7016.000652421651
77691,17364.479831409328
95469,21976.831075517082
90587,7338.00708862434
107411,12017.5488941799
97489,10649.980247955751
105719,17756.814251322754
89534,10075.686427248684
80741,24513.469308811564
105737,13755.414950817703
99043,18334.622983285215
80254,13837.843804232802
83172,19500.88071416547
101830,9518.34502777778
80506,6960.749413419916
105763,14697.744528018276
92507,20989.690976911977
101742,8218.332667609682
106547,32340.07744312167
98619,16555.421589826834
83503,11863.215853174603
80565,11309.476117243876
83013,14540.840649110154
85721,11492.47860782935
87556,9722.076068783066
84442,7425.779272556035
79634,6332.89874022274
97497,6272.748366661118
84325,12783.061826719582
81399,10252.928789682537
96361,12300.459911616168
101973,2462.462534391534
78352,11597.93702248677
96564,12760.216240860987
94669,26095.429104497347
76655,43200.40098809525
76084,17888.675505290998
93215,15751.270779581524
105802,11727.7835465368
89981,6145.7645165852655
84315,18598.83507010583
83297,17120.570055555552
93291,31650.253107142857
92128,28042.364494107736
101550,9063.574143939391
79384,14340.045029100524
103643,9835.15446164021
88482,6949.72450889851
79950,27436.833334656083
79519,29768.08715199615
80376,16498.536547619053
83366,11624.389898388652
92250,28507.184905483406
87368,13335.224620971627
77347,16318.664320105823
107935,7500.39537962963
95765,25880.751046270732
91877,31842.362689033187
97574,9077.70141269841
95192,12970.801975829732
80288,26067.795632275127
96795,12936.142448412693
80851,30921.180593915327
93753,27751.432186507926
99782,4357.7224642857145
83153,21048.3387926888
78634,12002.07510906686
99463,16098.446269841272
81675,17771.526693602686
83093,11048.116428330928
82993,9918.621854737861
86972,15859.555046296296
100455,12241.072599206347
92692,17340.65718530543
79761,35350.10165527066
90624,11752.428050745555
93517,22404.543357041097
99893,8179.586853276354
85441,10016.966021164022
91552,21550.088030663774
81031,16291.468029581529
82232,3821.863279609281
80062,28415.292267195775
104764,16523.250935185188
83572,8234.111332371334
100100,17529.65017320261
96649,16818.575657166908
99860,1919.8978391053383
81915,26818.2307974988
96284,8201.282426767673
89243,7890.377686507936
95051,15589.604818783071
101507,12715.882564935062
108257,32532.618755050502
90558,21612.3101412939
96913,16969.37184259258
76621,21991.9893977874
99801,11612.78801757502
95155,13822.719233645983
96739,15640.61858285233
90592,12364.959324074074
83307,11227.410696969706
101154,8228.82262974988
88229,10136.847883958639
106301,13275.355928571433
82193,26335.57332323232
101153,10201.375129148631
107721,18626.255892857138
104792,9119.92273280423
92322,27098.56173136123
99316,13397.716236772487
86404,11570.574426406925
79624,29761.53014417989
87122,15303.59015343915
96046,14438.576460317467
83384,10007.66586640211
79657,13981.875999999993
86605,9836.590534391538
91883,15893.642748677255
100473,10593.883281940285
96611,12835.190843915352
89102,4175.413684102934
103838,11240.902894161392
78454,20170.334722222222
89761,12041.135719576727
106275,12073.392718253972
77831,44418.75458597883
82876,14529.533590067333
96899,9030.670812049066
99945,12048.68861207311
83505,17159.90424206348
96841,6022.067211640216
94189,28773.986792328047
85020,12257.909961038962
101456,14061.226729316972
94155,30749.31618386245
77575,18169.080552910054
97904,21742.961586099085
102523,5732.555837301587
107541,20371.529226190476
87223,9137.148568783075
94975,11507.961464285716
104630,11890.702322751324
102538,6935.34176058201
90345,7053.458689153435
90170,7575.120540043289
79448,22033.67441683317
100139,11792.233603174598
97457,20138.863015873016
76291,48916.172388648396
83987,12793.514857744112
106283,44031.2755960799
101864,7343.525801587303
95757,19115.131752284757
107668,15677.82865728716
96696,11005.198080327082
83094,16494.09850024049
89521,8469.91290079365
98998,7593.752612433868
97028,8246.429056878307
95291,28492.655347282347
94443,21121.54150529101
102182,10501.183946682948
81794,19562.331165343916
105003,28572.5854157509
83041,13928.236384920632
107213,10314.850240860995
104467,11843.694090307834
93950,26025.401604136612
103790,8256.8088994709
89125,9741.215563584563
80748,24999.880342592605
84795,18834.05089562288
91105,23447.637862433858
86086,16611.877342592597
88522,11185.64534632035
84472,11295.884091956324
99289,17408.996997354498
88050,15875.987273097271
98087,6487.941645807899
95839,29041.741703944208
76057,25150.916655067154
89619,8546.18452657528
86471,11318.68539381914
97685,7901.640202861951
79824,30059.105490860995
91710,27167.367182451675
104474,30199.0960846561
104157,43381.33775012026
95117,33525.20917784992
96337,8007.763436748437
107562,10017.681306267814
107286,17066.263927248678
101251,8350.266539682538
97688,6605.87427910053
86405,7616.730029100532
97631,15361.103902116402
92981,37548.51066390092
79580,24211.63205026455
91562,12953.011505291002
87048,16384.474548340546
96103,28104.88323280422
101854,10882.645572751322
82126,16767.00255026455
105443,31858.43390608464
77293,47586.33887962962
108262,13828.183472462717
107157,10464.809223665232
99717,13752.238685185179
93208,24150.50067328042
81353,19890.27602873978
81790,17333.952519841267
82153,13892.291517917267
97223,15633.420267676773
82088,34930.98225396824
102996,9942.148982202978
100023,8176.5297946682895
84333,17559.719626743634
102506,6719.026211519965
95753,26388.306550625293
77116,9652.617482804228
84459,8371.105289081286
91453,12142.139169672915
76524,49993.69297174121
83249,13388.365267436264
102313,7141.913280423282
90456,10127.504132275137
94635,23929.219510341518
101187,7731.234760582006
100776,14211.45937999038
84563,8990.582395502646
107706,14737.25291149591
78776,31158.180822510825
77019,25730.770588624335
76122,24696.829465608473
79042,17695.4258941799
101851,9328.766439153436
84657,10132.965859788357
76067,19997.296646825394
83598,5805.021746031745
96003,8611.328882034635
77817,21251.860227513225
76887,36335.53994312169
85766,8281.091227513229
105836,20372.329309884564
92443,50169.14773941798
98875,28642.113395502653
94808,19712.624220899463
99490,7823.805370370372
77469,12474.264120370366
105148,5448.413196608945
91649,17795.558877492876
107040,27486.981363155362
96074,26406.161123376623
100656,7605.325925324674
90366,14957.535286630042
93981,17246.12005194805
80858,12078.015392857142
90070,12057.301472582973
86606,10450.038360630106
104521,9096.834195767198
83071,14419.96049175824
101956,8352.871240259738
83846,7261.130308201055
100982,14431.538253487259
102610,8247.489348484849
97828,15066.24452380953
99450,6733.324967893221
87521,7709.428390211643
96065,24700.88760293411
88306,10170.77500757575
96325,12154.545719576723
95801,33717.17856998557
104248,21388.312334776332
98652,13901.54690079365
103877,12947.71285762386
107470,20265.640044492546
96801,13794.962810846555
99595,30318.060113876854
86094,18091.144471380474
80874,32411.360635521876
94606,21193.002847643093
96127,17787.193774170275
100687,9043.113981481481
81118,26560.84810858585
84405,13096.689113756609
83257,20176.880190476197
81541,17827.131935666177
77940,11457.132731481479
101270,9803.596680254932
85349,17022.778952380948
92315,12529.861658489664
108360,10991.952892857138
77607,28611.307666185665
95640,15062.99573677249
98143,10897.020876743627
102200,8957.282238095233
83375,11829.178317340065
102178,6718.48615527066
97500,25831.230170634903
85782,8564.576735449742
96049,6489.56587830688
102744,14305.262564694565
102560,17055.70773701299
79010,17930.128179894175
85644,9279.733194444445
76595,15998.666365079367
82219,17251.09315981241
76899,19774.371270322266
85663,21933.710460317452
92737,17579.85188359788
106758,3097.566178090427
94625,22873.11092400192
96472,25915.593243386247
104250,14247.967661736415
86303,21201.023272366518
107881,42130.98815981238
101517,10378.204677248674
89988,16425.884772486766
92689,29488.008416666682
99002,12653.925173039925
90734,13489.011216570472
91013,45925.390306878326
102056,14268.424879629634
106641,17939.04628342953
100391,7354.308484728233
77305,11868.053269841264
85197,26632.69650252525
81122,18605.065642496407
91088,26075.15741967292
107377,15056.488620370363
86495,11595.409722307459
78661,12748.392616402116
77687,12285.699868131867
98480,10316.982121693125
101537,7352.213803030302
78032,12654.343841269842
92374,15800.838599206356
82010,14878.32576617827
84496,11820.82164766715
98337,9437.043587061085
99520,8639.615177008176
98452,24567.226961279448
79828,28281.8916415344
77151,25587.38136507936
84095,16287.343881313123
83491,8357.90534872535
102170,8148.139562169316
88063,14108.436996512748
90214,15718.254657046653
91980,26729.017129629636
96573,20977.800612554103
105573,31828.751541005273
86880,12847.087529942277
100420,8435.291729627299
86053,10664.65573737374
84481,18473.703384920627
86088,7685.2176554834095
83553,11955.149703703708
101328,12056.982117724869
105352,10365.845366809117
100532,12626.395287037049
98052,6950.141206830208
83818,8792.75211243386
99576,6613.952015873017
91026,14734.37952501203
92445,28576.038963443967
106934,7177.079460317462
78791,18759.678408730157
93664,23281.76401022127
76923,24237.28457407407
81335,16719.246866522368
105969,26585.338096921598
92701,24908.603251322773
98070,8610.491806878308
100423,11797.321059523803
92335,28393.577277296783
92370,32043.407915343927
100177,7360.884580687828
100125,6751.672198079697
82358,24512.144030118034
85557,5159.634344276097
102609,7244.119995791243
77612,12499.062555555563
81173,51658.164212000986
93689,14304.061792207798
89219,6260.153145863395
94659,11503.43653872054
82424,10001.568968975467
92367,33293.5274563492
95828,11786.104126984123
87894,7808.180690836942
88621,10070.446273809519
104992,22008.798802429046
98567,7813.867224867723
106250,9096.193342712844
102235,8612.437947089948
94841,24869.091875661354
105496,12386.835104136611
90019,8325.729824434826
95575,30632.348553751795
98437,9148.956492664738
90907,15077.660333333339
83289,10230.638058201055
77938,17440.47451587302
98791,11865.262832972589
104254,20433.088615560362
104311,28267.214658730154
96753,14541.828766474264
77998,24811.932927008176
101102,9819.737089947084
102836,6554.920452380951
85330,16228.920648869645
108511,15805.52554810005
89527,14961.303052789804
87734,18211.580462962964
87110,4900.773714285718
80936,13726.093371693123
80100,17230.450432539696
86546,10117.424955026461
104949,22105.383124458884
83654,18448.521097883597
96736,8505.169079725832
91898,25278.458818413073
90221,15972.578641534392
96356,15056.682673280418
78901,18191.45084391534
91469,18345.28590921116
106591,30836.077435064944
77763,25518.832625781633
89604,7311.708201770449
90001,11688.705496031744
89947,12004.543458994713
108218,13477.744068542568
82927,10423.151549783546
107140,14200.997776455031
95013,28693.29118647095
104979,9498.694536435783
90521,14218.651661375668
108465,22393.610627825878
106606,9576.039945767194
82999,13105.753626984135
93784,18666.239385281384
82680,12217.858032467533
100796,14629.347505189262
96230,23509.557501322746
89110,7085.41788095238
88152,10662.10057046657
101403,7091.435919071669
77566,22176.34840343915
86366,15873.395733164978
80356,29432.652582010596
83500,22468.67864153439
76673,18228.46776719577
100256,17364.795312169295
101335,15362.617113756614
83416,7789.358515873014
104983,10812.630507936512
107300,20775.01187049062
87350,5394.4099487734475
107106,21461.272111351613
90550,9888.213190836943
80002,23014.190249158255
90827,11424.99957852333
97480,29592.03828703704
88160,9891.511493265994
88467,5550.0859960317475
98500,7807.100357142853
86587,17203.1166070226
76737,16367.81774867725
79089,16647.27483104859
93153,21798.878205146713
80315,16439.027027417033
76731,36896.25425
94243,25479.937548941798
82571,10220.60989550265
86896,1603.5445515873016
88404,9985.269568061572
108530,25013.6497526455
100573,7961.680379148625
102888,12297.702292328038
76011,30617.293158730157
79586,44137.442808441556
85620,4809.721421957672
93470,21845.92144179894
98335,9399.627510582008
87826,13100.752661375658
94743,24402.587768879275
81247,14614.947194444447
91376,24932.36298677248
83451,21139.911579365074
83176,11078.274621056862
78867,26353.910873857618
96786,8594.199216329964
81019,27996.655832010583
97316,9523.090294011545
80560,19384.784957671956
88535,9274.629104599098
94281,28704.952144300136
94309,19829.09249969475
93404,32515.61949603176
85218,16580.940611592105
82697,16382.659939153427
94919,25194.166481721993
80829,16882.443424603178
84671,16239.189146825394
108043,15414.193447089947
105111,25358.00725132275
76997,12350.155938311691
83545,13946.4620540293
82274,23965.721116402106
100513,11780.428416426164
93471,40148.11096693121
91627,58712.65578042327
78780,47286.432980158745
90005,21299.474144975396
104234,10301.897510582008
100798,8598.83198977874
101322,10811.552707671957
81807,22143.20749915826
84469,10538.825892376144
94701,20782.726168229914
96119,11084.528773809529
104478,7336.166816137568
100116,11618.126925444914
85151,15849.015429172683
106970,9979.084973544974
106570,31970.495330447324
101472,5593.518542809043
98101,18311.97297222221
76225,12104.870248677245
82833,7070.355110389613
81055,6618.638615079364
100048,12956.479514670518
90519,32234.390660052908
76484,17985.830764790768
101898,12806.325800264549
81741,33645.27593362194
90441,7468.4057420634945
108314,13309.223411375662
97881,3991.7830203222707
79306,26559.596730158722
107116,16613.29102152477
98899,15489.383738936978
99975,7164.935485449733
84378,9530.52896043771
101661,10275.367204994815
100239,11779.585887926889
80035,19418.083064574315
85033,8822.056312169309
76723,10182.458334656085
107773,8999.901786075037
105937,11581.501374098121
78321,18516.043026575277
82047,47663.25894937472
95113,18759.51087734487
84907,10447.30631610256
107479,18050.92806890332
99770,14542.982868205878
86815,16652.872505291005
101558,12976.44832059607
102258,14935.114179894183
95963,19371.055942279934
91995,9929.083059644056
82913,20067.909058441564
101968,10225.870457431454
105332,17727.66588359788
108213,18361.946330687828
83825,10363.251286846973
77438,22155.39814682539
95768,41410.04722342472
83195,20291.76017147668
104287,11072.784051587298
103213,12692.397878787875
92744,15475.062010582009
81351,30381.60543398268
91555,16187.201120370366
84546,13167.58590548341
81270,12072.697994468492
98294,12522.99116750842
94278,18942.154474867726
103537,14549.602837902836
104284,15514.24587881563
76635,17605.010410293413
76676,27578.32687049062
98118,8766.506110630113
79440,46596.894902116386
78969,29803.621600649374
76500,14239.712927248667
106027,18914.380292328035
84604,9764.08136507936
97498,11419.61782936508
92641,46331.836654761915
98216,9652.542456349209
102453,9298.478522486776
96270,14411.019166907177
78777,21981.53069841271
93169,10801.815655964405
87621,16687.17631878306
76876,23834.907630471374
83561,18595.55434920635
84296,14208.921645382388
92355,31406.218682539686
90302,22103.512370370365
91387,13899.414405649904
89854,16104.76942724868
106305,20022.956062818666
98703,9075.055422799423
97929,18892.253701058205
105575,14323.074695767185
79052,19031.909466931218
82362,22184.327354016354
85625,18641.89589670515
90792,14171.696397546895
98488,9987.325916666672
106795,11184.26002808303
91666,31421.374406084673
101528,6023.374532106784
94739,13558.278281024524
80961,11768.514177609431
91988,11479.096229039476
80335,23522.56951719576
77505,17834.669519841278
93280,15626.418059403552
91630,13915.74826587302
85422,10898.615476671477
104986,13922.896082010582
92176,69672.73472883597
89861,7429.0903902116415
84435,15312.249574074074
100381,15344.816506733996
85651,11248.377235449729
96525,16542.51533970659
91383,22404.98758333334
99177,7485.288613756611
85842,26655.445329365077
79658,22603.17728523329
84332,23193.413063492066
101621,7320.680944444445
94509,19470.11541690717
87175,16919.23433201059
89394,12965.316298941802
91163,27342.37531060606
107771,15017.758946007692
99551,5756.83858068783
87537,15840.762033670035
76726,17458.20719973545
106637,39041.40493783068
85583,12695.221869167877
84617,8466.203685185194
86419,7690.216077590164
80036,27358.59935088985
83956,17511.824156084658
106663,10157.120487974984
98368,6839.015015031267
80217,10413.203718133713
98528,8435.78845370371
92746,32075.090846440587
78042,19587.487017676773
87314,22211.277389249626
78148,19169.44408333335
101574,13008.41262361712
84789,13515.240551587305
81056,8603.90239417989
91483,13524.863161375659
97869,13472.757485227728
89084,16744.935297619042
90398,16161.970427248676
91038,27974.503105098593
80326,65179.323221620994
88665,8127.054200410696
99793,14589.482864237614
107218,9956.543612313613
97438,11309.391689153437
82375,5666.648755291007
103211,6206.7823027065515
83430,16467.1235436508
83717,8076.3128142135665
95607,21115.16377729678
99653,8252.944555315056
77072,20817.555199735456
95300,13353.429390211633
86090,18571.35007936508
90553,24004.027193121696
90690,13863.772857845861
93608,16958.87092580567
96059,9882.941392857141
105488,17318.963561087046
102403,11679.599813492061
105357,11735.026799062049
81201,22291.621840067346
100092,15271.895033068788
105800,10380.201125300622
103658,6736.715419413918
82416,7236.7733342953325
93007,20685.378765993275
103850,13151.82072486772
97328,12797.58730856181
99167,7669.076379268885
92788,30963.55213756615
90228,14501.680241822995
105015,23495.103104497353
77838,11909.658025252531
88672,4979.512997354497
86881,11185.291868298376
90515,9038.249519536017
92777,37479.5516005291
103455,9503.389287037035
97286,28209.939869889382
104633,19375.412824074083
83548,10845.007739723236
80980,20576.828294011535
87954,18378.0515515873
89975,6831.627367724867
83762,16769.69499338624
90615,8087.480078042331
76755,8660.335601851857
103371,10257.456241943237
102703,10377.236613960116
83856,2252.317091982092
105099,8710.087492063492
79080,18399.176684704176
83898,6908.365143698897
88241,10391.255931216929
89549,14222.814820346326
79740,9540.919527777778
81937,27146.782142255895
99084,16321.681098845602
106967,20956.911042328036
80358,45582.96421591372
97694,12623.02736075036
87454,10673.167336700339
101943,17421.781610149115
105586,7715.870892736898
105651,18373.037909451657
84667,7209.449107142853
99050,10504.237538359796
81245,24705.42052056277
78547,21263.05551587302
82473,29716.542396825404
85978,7058.8503531746055
88385,9950.543136650393
95452,15300.557897426645
98159,6687.208537342289
107952,9939.206775132276
107265,8043.640276455026
99744,8507.388349206347
107450,13558.986207792212
108280,11918.929737493985
85684,8272.666504782255
90660,7275.488109788363
107627,13240.942847883596
93896,23807.388165704677
105931,19298.056392135644
107160,9965.614918470414
94644,18465.280820105814
100057,12688.619238095242
85053,11069.730589070328
77037,32359.14633742183
81281,11969.51423773449
101247,14964.544503727744
92031,28879.99523015872
83306,11422.392206727132
82079,17754.37000132275
85936,13732.228077024824
90480,7526.599314814814
92696,21504.57583333334
105467,18719.889836099093
89682,7398.918976070229
76305,30885.913191798936
79665,29540.650422919673
82839,10174.913710317463
93076,18416.66471825397
104369,19312.994944324204
107999,9186.18191292041
83787,14438.02403703704
92554,30264.938601851856
99110,18873.319716690705
82707,7180.027847883599
80261,13323.617568061569
102365,11025.878784391529
82760,15466.172603415102
81142,37004.780097883595
88411,15822.5327979798
97734,12093.489705868204
81604,50074.529505291015
84705,19159.127952380954
104661,12627.327369769122
87897,13527.92679232804
84651,8480.749301587306
82294,25345.85410135235
100689,7193.707462481963
105236,8760.587202380957
77656,14218.020512145258
94054,25992.472507936498
96367,28726.685207671962
99913,19231.73943061569
77083,20315.358568783064
104849,19511.713097883596
98172,9608.620412698412
98043,14105.336422059425
90979,20892.53074603174
93136,26585.787571428562
88750,9309.851277777781
88471,8069.880958633957
93720,21961.315095238104
76649,12282.68102753728
99291,5937.1962341269855
89267,5925.005254088503
108244,9695.229961038955
95194,26666.0722917268
103998,30570.495846560847
103782,8071.8181997354495
101502,12574.244658730157
85961,11648.1413015873
99073,14334.338715608465
106535,17484.448447957006
96594,8248.075494708992
76156,38466.19644745069
85484,8756.744503607502
79139,11373.019319384322
96730,13380.204676332934
101796,15773.45798809524
78809,32135.526039081302
101193,6559.180086940842
96275,12066.19096188071
98321,8561.300231481482
77928,11744.723715127464
78328,31285.480400673412
103527,11153.061486772485
89266,10366.414808201062
99074,8319.905617724866
97952,13509.470382876383
88220,13169.027322150072
90223,23170.327976671477
76506,27943.69413828765
104498,22573.607170755164
84634,16861.63492917269
106803,26251.48585930735
80608,14338.248129019132
78715,13528.647448412694
89962,19904.452244708988
88958,12122.539356227102
98941,14731.59794528619
80707,19514.806301587294
105934,9309.676455627708
106190,18746.59761640211
107803,25333.16366269841
87945,17860.969193121684
96859,7877.093923881674
84495,14753.664219576713
79965,30167.738443482456
89496,7836.434177248675
101195,10516.470927368926
97209,6743.227939754692
101751,15503.125835978839
101541,8850.424678811929
96051,13440.737928571427
85075,6994.758412698411
77118,29929.22073148148
80487,11990.445182539683
106184,10865.951028138528
96374,2378.2182836700335
91702,17600.49197890073
77517,22516.198950216454
98188,12679.525372174117
91641,21725.224083333327
94607,25093.932085978846
86769,9779.862492007991
80484,49643.5822037037
86964,9667.940343915341
103086,7971.939047498802
84257,13052.08417460317
91852,18334.9684582732
87431,16703.34048544974
80439,25627.153719576716
90405,13965.939880832144
97647,8514.284271164022
108071,12452.708573112075
101911,22173.47639670515
82293,8183.48439345839
93627,9663.932894179896
92080,32507.74797594997
88291,9287.996536556037
97591,16267.33439189515
94632,13106.19600661376
79572,21263.793148027897
100727,14217.693179894182
77760,16183.862062169314
80267,23627.006110121354
106167,22940.01374591149
93339,22389.975606180855
98727,10890.372514550276
106765,20211.919375661375
106746,22060.96755877456
80012,27240.46553968254
86651,9651.250524290524
106616,10941.591136243385
88617,7541.2596600529105
78380,13163.985541412285
102380,10920.425675925922
102093,14979.025777176528
79049,42495.17254605582
104933,15249.084142376145
81578,25850.6328891294
82296,28187.974911135156
102256,9950.171078042324
83868,18165.394393698894
101459,9586.376056129056
85014,6323.9435800865795
90820,11542.241591269847
83173,8060.684361952863
91252,47284.02196645482
102307,8332.360123015871
95153,18595.61371693122
99149,8516.019403920152
76130,14702.361109788362
80049,25332.306104497355
84353,11497.147927415184
79550,10106.922096440596
106113,29892.985384800384
82182,19114.0289402357
99898,12098.116192732647
94685,28654.851404641657
108125,16165.102998677245
76144,15489.045940957196
82087,17790.421744708998
96666,9653.628945767197
105109,25922.51183597883
94341,37699.687531746014
80039,27183.862632275126
91350,20499.268522486786
99415,10594.020956469452
85832,15363.464313732566
94022,10924.374575396825
104332,22062.862482804234
89367,9315.1130978836
101420,9779.164588624337
99401,26188.490609307366
79179,17196.637747594992
81603,16784.90853439153
94068,19653.349576719575
98185,10601.912322782084
99646,4856.4220582010585
83218,14621.73149987488
84593,12915.216535714291
93040,16428.022832010578
104544,13428.232072029818
98735,14118.86902777778
86524,7553.747630303587
102541,13665.88514249639
88339,10606.22758369408
92750,25977.507880952384
101882,8928.168931096683
78793,18219.614830086568
100625,10391.446121572872
91791,22217.91249338625
98604,8493.75968650794
107903,12539.86126719577
108450,9357.71488287638
101903,7778.896202380952
96190,21077.430223544965
77299,17886.068873015873
96588,23738.88290476189
80932,63684.36612746513
81221,27117.700576719577
107383,12547.568947931693
92815,27978.487005291016
98724,13577.390656084654
101984,11367.834236772484
85939,13609.892197089945
91597,27549.139859788364
82514,8644.55105952381
88788,9141.57384896585
101131,10923.919303150555
82614,20796.386603174615
101646,11697.354751322753
87641,15939.728068783066
103855,13389.520394179895
96901,25348.35496674622
101942,18997.94532010582
92415,27873.625691438196
96467,10538.536064814814
104656,34547.468905122645
84104,18116.682038359784
96685,27382.428522486778
93816,25657.004248316494
104925,8168.9815119047635
82086,14989.099408730157
93855,19472.496655122653
85411,14217.894113756614
88743,14094.990879268878
107201,8329.167899591148
91771,12877.280445767195
81001,25087.006308201082
90074,8564.76461904762
82791,6978.4266917989435
102636,1694.8737431457428
102722,13750.903271164021
94571,32302.97464045213
103852,7854.502079605578
81514,14694.058142736896
99997,6661.4663809523845
85808,10463.1275995116
95355,10377.421453703708
101928,7340.071378306875
98862,7485.733469937473
87759,8344.404929052429
101810,7917.5054838217375
104902,36038.527693121694
101361,13007.134838504093
81707,18863.336958633965
84482,18600.11745238095
87358,8416.281092592599
103589,10948.438287037035
103675,14842.102982804232
76652,19380.575441798937
104101,13868.550526455025
94807,19341.48215343915
77325,11490.971050264545
79875,22326.57820430495
83034,13362.778425925932
94997,25322.746234839244
85209,9803.455788359784
88344,12378.347066137563
98849,8327.02648881674
80527,36663.92207539683
87245,14815.931643939392
83783,14917.021670634917
96515,10286.708689153438
95110,23845.66964922114
92177,33275.46823905725
94690,25251.007994348256
80340,13367.630938191447
80211,19787.163056397298
87440,13603.801024651264
97742,10098.363916185668
86586,17107.57722222221
98006,8522.345127104378
87613,10138.068022331157
76521,27677.461952380967
105734,18414.02746123321
87925,7308.204369167867
94634,17109.112857244603
102227,6815.332961038963
85292,8774.311318783064
76921,9746.530414742669
95158,20637.187527777776
95582,21726.833966810966
105636,24003.345271164024
92793,21440.97843157769
80981,38873.692260582
76421,13987.60246296296
87182,10051.405670274171
93677,20817.128271164034
92969,21446.47064417991
95005,16545.663847883596
85337,9559.661783068785
90477,15773.590775132276
83508,6040.695106902359
96886,14770.560756613751
104112,18736.67985173161
93923,27584.040089706585
83338,7122.939902116404
77100,24683.630899350646
103801,10438.213900756644
77772,25203.11291534391
94352,21710.497694444446
78360,22258.55374338623
89986,10084.00991402117
97654,6521.31915873016
90295,18711.91461375662
89180,15254.43690987716
82039,22559.691047619053
79485,14965.572992424251
87606,7300.04044179894
99574,6004.436075396822
92198,38059.60338612313
83529,19860.75695655271
83789,17059.461428811916
106137,18421.71863645612
81731,23932.335958513708
82668,9953.757186370272
95865,34718.114123737374
103389,9339.149812650314
98482,9680.627464646464
83775,12206.71317724868
98846,25786.471550745555
79233,12657.413344516595
93254,31384.66440704665
84246,10447.904440836941
101996,14307.827721000218
96237,15281.96168783069
104216,14166.594180938459
105667,31662.86099867724
78813,13053.969539682535
99270,8681.8998968254
78588,18929.36917400193
105552,12314.36943121693
97164,20472.34564466089
84342,15159.422357022613
103688,19725.485094757085
77484,10014.286669312172
94326,10063.686743386244
81254,27970.29925661375
90674,13408.804686507934
104261,10468.34400925926
106636,16864.305388888886
83188,21350.668039682543
93725,19018.028943963443
91349,25395.980232202994
106973,10293.28149074074
89671,7267.307709595959
92830,21449.836566137565
105964,19019.023746031737
89696,24120.119058201057
99813,8886.904693121698
108159,41243.38916486291
84988,16022.315100408852
84921,11785.658734126982
93609,32062.582155603668
105751,11725.694500000001
92102,31746.53906697932
83130,17844.803207671957
91136,25468.169681929183
78276,7458.543947089945
108370,24225.659019961542
100384,10760.44394204887
84940,10024.006009379513
91942,46248.808528018286
94454,31691.4778478836
100909,6736.385208994709
87701,18971.172609547855
104798,19304.21962025012
95263,23166.29593915343
87121,10556.127079365082
93095,19505.49374206348
85642,13025.5661519129
92656,15344.405764790761
95617,42487.285404040405
78219,13941.155495671
104179,15451.106759620014
106438,22823.320252645517
87196,11405.698869047616
90335,18999.691779100536
82059,20213.15814430014
92365,22950.089519961515
98309,8709.251695286197
77684,13543.732976190477
89823,11004.55099867725
76689,19268.81113492063
98279,20857.20189153437
99892,8650.133733645986
77342,31848.709129389128
81074,62038.3296102971
101487,12130.51339153439
79070,12297.862706450958
95231,31588.936455026447
102572,3422.4535305435315
99529,11592.545378306882
105996,9859.33370502646
100780,7521.138765873016
106814,11343.154533068779
85545,15833.062884078892
79630,18629.064386243383
91145,36781.34060449736
84823,9858.741933261184
84954,11828.558285353532
96658,12674.049258297257
91360,26830.788293650803
90452,14956.567581770081
101820,5965.527088624338
81605,21344.969712962986
95895,24135.315824675323
99378,7164.929878306878
89327,15511.024738502232
97326,7784.374351851855
100777,8670.85434321507
87405,12986.690464285713
97627,20816.58731481481
107458,13132.106869047611
79060,17004.667147907643
96136,12417.539564814811
98257,8621.627928571434
102335,8553.24541982092
77850,10381.354846200094
102160,10040.541095238099
102379,5438.3609021164
104579,9519.023152116406
105614,17986.414220899464
100113,10628.945138167384
91032,21952.968148351643
84428,6336.701727753729
95075,12545.526735088984
103736,12152.512283068785
86290,15238.89713888889
81511,34752.71748412699
90680,15950.393185157438
108256,16156.393349816864
104529,20131.384559523816
105190,8743.907363756618
83963,13941.67783333333
82386,59318.53250264548
96710,6462.657025132275
83474,6702.782220177971
85539,9925.91192592593
106439,17860.646566137562
102158,9977.627633958631
88822,12715.838229057978
100881,9029.869400793652
76677,50465.5313664021
90178,8706.811860990862
93735,14418.023129629626
84662,11382.003174327669
106182,13681.184378908127
83398,12542.376913540165
87992,13783.554226430973
87968,8430.004189514191
103912,15279.588537037029
93375,20656.776115079356
101226,6729.323809662557
77949,29707.950071678322
85607,6435.794302910052
79522,22253.697591871096
77739,10383.94042989418
83123,6408.537391534391
98241,13178.43760377586
85653,16645.650709235197
103346,10929.545337061087
93933,25032.583355339106
103652,9162.258658730165
101032,17117.789757936505
95245,43886.66883128912
87397,11062.020203703702
104051,7719.669296296298
88815,13202.905412698417
78834,45008.18522619045
86348,12287.18035582011
102205,11199.828850529106
85638,7266.2870476190465
84036,12734.754689153444
103627,10926.531677849931
86641,11307.263299868791
76954,19086.183915584428
96042,18254.466399470908
79230,21565.000670634923
81240,24667.831707671965
98464,13700.158197089955
93761,19204.20510930735
86239,16525.181409571916
106231,20802.66226851852
94092,30042.972974867735
93651,32519.279773809532
102239,14834.46112566137
108216,20440.332842833093
87035,13331.484238095238
77754,22842.58638708513
102892,9701.726386363634
104205,8715.861440476192
89539,6939.867361009362
94276,18773.979038359787
78405,11211.575813011068
82829,10920.563931216935
96653,12511.096316137562
107768,11216.724020923517
82557,10441.541187830688
79190,14781.44387169312
83639,19437.649316498326
106302,25412.269085257332
83161,8873.652433862431
101839,15963.408760582008
76769,32257.203646825415
92536,29966.54812169313
105981,10606.40898544974
89644,15204.581408008651
95175,25022.85211988937
95837,26660.3401050986
81282,33240.44239417989
92231,43652.44848995911
85287,16528.01403872055
82582,12036.190563492062
82666,15674.822544733044
75999,16893.810772366527
81738,18444.55551106301
87020,10991.329125661376
93066,29422.647318061565
88496,6637.210421957671
93297,47475.66637962965
82044,17008.553752645497
81673,25306.104259259253
102694,7373.534567700822
89509,11097.231264189515
95965,34055.91766931216
106101,20462.042851731614
83569,8349.533343674846
104718,21942.17769047619
99492,21313.1477154882
81091,61865.15264069264
91028,21085.344715488205
87981,10279.453975519404
91801,17593.08983249158
102243,6809.350492123615
82445,10532.310218253971
104094,6658.961492063491
94745,35940.858315295816
90106,14175.203996031747
89015,9656.343737854735
93183,16654.483313492063
84610,4964.983994708996
77055,20916.54631878307
79194,15293.411223184221
91155,27085.52803968253
86569,14721.195899470902
82485,6852.56640055315
88760,10215.932667869165
105923,7475.82660942761
78686,36327.025081409316
88814,7755.196321428571
82320,17686.095763347763
102937,10860.627496031748
87116,9619.171554593562
90494,9410.525965608467
106037,11326.43278655603
81698,35096.1197468735
108120,22318.98768518519
107501,15050.14422222222
76407,22247.753654882163
98601,10984.236796206815
107872,14730.333727152478
78176,19979.629257335255
93534,46259.75558008656
91839,10253.526571428572
106436,18189.830621693123
82935,16535.695968253967
84674,17528.60238215489
83479,15222.867152116407
105047,20677.680481481497
103698,6785.563436466309
99614,13072.884252645503
84726,9378.197892736891
84695,7408.867357383358
91147,27690.926666666655
87076,18319.172643097638
106200,4733.118593674844
94496,16684.1110069745
105826,12985.346345238097
94976,15318.644602332852
86380,10936.979119769123
79211,10742.74900252525
83213,12770.693347883596
84355,10530.193966294959
108034,32588.29713756612
106948,9790.357030423287
94995,33594.78830627704
101963,8184.749361111113
106550,14491.23816269841
85682,11803.755216570471
98174,14498.410985449742
105423,11610.383626022127
77341,14402.285401274656
83563,12959.468826719582
80177,28259.187803511304
88183,13624.723632275143
77520,19034.290492183743
96601,10523.768489417987
91964,26340.600162698414
86685,14017.372387566134
83039,15530.179641534398
97785,8502.850607142853
95814,15848.585071428577
83452,15436.5486554834
84518,15427.636361111105
102194,9259.401953703702
85247,11119.122058827425
85418,5988.7407277167285
77908,10795.823682539685
92033,21521.991838143334
80872,14149.05311183262
86635,10662.480485620406
79420,28239.215560245302
98251,15402.771070105819
77158,25329.17314550264
89969,16844.4252008177
85928,9557.118246151997
91375,62466.713219576726
80568,20342.108980158737
91041,20258.454217652717
89322,2071.289013949013
88057,12304.230895743143
89486,6978.990276233027
105977,14990.843638610415
88167,11715.529669312169
81115,44597.62242063491
91486,9904.057205026453
100782,16889.75024915825
89320,13667.064228835983
79784,17567.327382275133
89096,15958.371077801821
78264,9614.390601851854
97581,20061.303811688307
79576,32634.502101851846
89259,10360.32269444445
106745,7973.71568915344
92013,24443.0723965849
86678,14673.425239417988
102324,14083.295823232329
77632,36613.01128078401
106887,10373.606756253004
78950,21061.380752645506
88191,10087.03545827321
88247,9455.632260341508
94345,13946.407190716689
95349,18207.71605796055
93901,42820.17119973545
100074,9883.40224158249
85164,8339.070641895143
106172,24077.961183862433
108479,16272.727315850814
101908,13702.48862427388
87385,21262.0358320106
81494,10483.60409126984
81977,6300.684256613759
108330,12360.96856746032
80073,14225.594354497349
98716,10635.18717724868
104170,9242.74760678211
103992,13435.394257326003
105540,17678.066080567572
75987,14989.485197089954
99496,9674.792664021164
78765,36246.811121693114
98564,7622.026543650792
81895,18662.17648941799
100955,11981.824914021161
77153,48811.2838228716
103888,8253.433478595482
105921,15136.102977753726
99660,13791.930307239056
78579,31682.751682437938
87023,16431.9518042328
95879,16286.028960197216
100433,9944.707675925922
83011,14317.127711399713
103255,9726.423567460317
75978,21825.759792328055
102295,9051.351033068784
92099,10904.191607142857
80985,28157.224986772493
99556,8670.445465608464
97124,7764.866265873016
81386,28533.62352525253
92818,27811.7278464406
76413,7535.524787758534
99585,14345.619588023086
98093,13893.490017195763
87527,7886.716150793652
77911,28301.420410413662
85090,16347.952484126989
80843,15153.965518518522
107096,10210.278316137566
88042,14053.103481481485
83948,31655.78392989416
93242,21431.602155168894
83677,9789.409578763827
92864,10566.149065175574
100323,10466.897625864873
81042,17951.12180026454
89663,11725.507658730154
85381,10774.68823112073
96699,13454.405201659449
92422,31422.068931216927
96880,20592.14250204426
88530,10422.606754477005
81438,26410.943647907636
83484,5704.711174603176
83637,16935.671493025493
89092,12978.50839814815
93732,21607.414569384317
92925,19245.325789682534
105183,11958.616116041365
98369,8715.591318662819
100868,8075.650395692719
82430,12256.10674013949
97604,9391.274564814816
85474,18293.336916546417
90978,12065.215093915345
97258,17614.593537749304
106720,9689.418064814818
89418,10743.275917353163
83154,9317.230015873014
98671,17966.07203703705
105356,17954.4140535298
88880,16520.769167388178
84275,11820.18798809524
93184,11239.795975949972
99811,15297.708951058208
96995,13265.433163660415
89700,7038.793281746035
99390,30616.234307118786
100504,10526.109576118326
80427,9830.863070827321
105125,22782.80602020202
105652,15972.832863756614
82706,7443.424628269874
97831,16393.09217099567
79865,40792.01451298702
78586,15153.052965608462
85926,8330.577597883594
83961,17428.414088624348
96313,17170.40461784512
77556,30185.21473412699
108155,21745.13672486772
77590,28283.62197763348
90192,16539.546223544978
88094,10216.339176612415
86737,18095.646082010575
107509,18540.957675925936
96960,23978.425937229436
85495,28733.276183982678
80902,19636.985970538724
87998,9378.975082010586
93672,19676.72268121693
101245,17443.95611772486
85802,22105.19120634922
76378,23734.26403439153
92576,22180.547592231844
80096,18166.57204100528
103064,5002.512815175569
101782,13334.62961263736
84729,15348.542450456951
78010,17818.028687109178
76995,14445.127723239731
83407,12479.12255880231
86858,9707.976338624341
92623,21928.936724747473
107680,20278.158839225598
77324,16545.102777777778
92312,16124.221536916792
95266,16298.944021164014
86907,13076.564781144782
98403,9158.378350529103
77236,26174.072916666668
98098,11824.723437830695
100392,7820.505416666665
80696,13211.953091510333
100083,12454.457773809523
107500,35058.38391402116
98415,12851.05819119769
89111,18878.046139369882
97813,12618.592230158736
86818,10763.3799510582
76368,18380.64041859066
92461,19456.337868326114
79280,17037.20833513709
94481,13591.1371530784
85233,11570.18131301106
87051,10444.269812289562
97596,23063.376575184077
84911,1926.5705274170268
84923,16661.484551948048
100105,13069.014798340551
100360,10112.261376984126
87548,18243.167776936032
106839,12862.541430976427
97625,11111.025624579117
87757,13487.869027935023
91686,19222.846835618082
98789,14090.089425925926
101190,6981.389502525251
88070,7248.140695767194
93252,18816.088052669555
99741,17503.741641534387
104820,7808.426911782667
88169,12346.735943130945
77198,10832.061398629148
93558,29182.228725589222
82381,19210.332859788363
99874,12117.029073232317
80727,19242.883777056275
93762,26396.71968518519
82928,7740.550835137084
82083,29931.40660846562
102681,9621.738182900437
84592,7164.834153318902
90373,28251.64619047619
100741,11663.914764309762
80833,11538.176655723899
91415,23026.00495634923
98086,11573.484731481485
88138,12632.79229641655
86387,15285.610608946603
95134,51986.6014371092
86392,17868.495705747948
91440,22455.82151058201
79877,13905.036962000968
85439,12646.323245504498
88629,10096.137444444445
90541,16100.032634920633
94365,19518.912542809045
105625,42159.918368807084
100340,13672.435857142846
78761,18677.092300505057
89066,10978.01992276441
92418,27205.47000529101
90530,10108.460377705627
91595,28953.42433730159
101516,6977.187444444447
93518,13772.022902717647
93676,14699.950323565323
77432,27595.36063095238
94585,16258.13642460317
96358,7996.585311087058
78159,25256.342783189044
93872,12382.106571428572
86968,10577.727364202605
76425,23626.783311207313
91431,28367.317600529095
79862,28505.524818181824
86839,13512.043314694567
100378,12348.343361111109
87028,9498.357224146224
81612,20320.06187962963
80822,21891.394911616164
79272,42795.239387260895
76037,34313.10755067156
94336,11757.591958032706
95900,21188.548449735452
89645,7644.639770701519
88068,2102.862855820106
78067,28130.960408730167
107703,14829.267547138039
106822,13003.50068253969
82155,3484.7064497354495
91564,36388.16478270805
107241,16024.598758417502
79829,28709.157637529137
82574,5893.453751322751
93529,31144.025599206343
86196,11171.979917989423
88887,17840.792102157106
103822,10329.665075757575
97431,23674.92175793651
80655,21010.248616402117
104352,8331.90668807119
95983,43629.654345899464
90231,7556.427542328044
91426,24152.73252380952
96804,13476.949525974029
91789,20609.69383706109
91063,28889.39696765271
95672,26316.818753366984
89669,8126.4099432419425
105177,25472.395990740748
83317,5306.787952020202
86083,14373.173241341989
98558,9409.853744348247
98497,16242.788553150547
107910,10264.76355904281
101650,12960.049582010573
98157,13441.175269721014
99234,20603.956537277536
91943,27507.945115921117
99237,6237.689209910459
86413,17601.427224867715
85589,8922.844714285715
83028,11867.903565846636
84633,17867.307288359792
76000,12814.64980074555
100519,8784.897207912458
86940,11641.386025132273
93162,26659.239036500538
98061,8465.867760582007
99205,20615.89204653679
86507,8946.471042328043
91613,26492.836134920624
85308,8932.587029100527
105270,20463.58963215488
90212,5791.304294557293
94127,16188.384177248687
99422,21906.637652116402
105583,9399.970205026444
81264,26990.77352224628
96205,8346.742290829536
105242,26990.49284788361
91770,19970.501171957676
101725,13492.211018638774
108296,26221.352809042797
82556,13390.945232082737
93282,10792.847061928811
90749,22572.488438191438
101708,10730.358266474272
98952,10785.341099446852
84008,7145.791012987015
104420,27635.920671596938
96406,7793.018653439151
83723,20692.407186748427
97143,27123.94591618567
97025,13639.279005291008
81322,70085.3843095238
102314,7672.7523029100585
79427,7378.060049062048
107605,26130.033424603167
87036,7161.6802933455465
91115,51480.320075276584
107095,23512.916045214046
86726,7849.011031746037
89311,14609.686492784986
85612,6915.789915945166
78297,12615.335156084657
87140,15399.023691798933
99815,11693.462206349206
99814,11814.39806986532
79285,29659.748682058682
100846,14340.140325396827
83155,11174.357626262627
94858,25936.273956349203
85781,15022.976468494466
92914,22567.91014309764
98443,19079.327302549304
92134,14958.019203703705
102425,11674.376537037033
100338,7488.748100529099
75995,13371.889859788356
96586,6629.9836262626295
76467,12676.032099206348
79386,24062.890682178942
87549,9637.953157407406
79953,13355.588548941796
85516,7177.3473050745515
102251,15604.262371693114
86747,14951.797156084662
96255,9702.098576719574
102580,4334.476925444926
97573,11899.597324074077
92803,16016.430100408843
103185,11066.376636123132
93477,19777.98862199836
90488,15454.763670634919
103256,11895.628402319899
98259,9757.741213203466
79168,25040.613264550273
101416,11305.913858465603
84088,10124.996968253967
105807,21596.147212962947
107132,14523.725447089952
101505,14018.299115079362
96102,16730.692600529095
80342,22080.45524470899
83221,7684.828285531461
87186,16659.197666546414
89162,16500.364248677244
100282,8898.592667989416
95292,27134.925235329494
95878,43139.145729076474
81326,14833.223143338142
88518,8496.167735569985
108243,30966.173394420402
108026,7419.392050218296
96751,11202.311310125067
90571,12106.751362616313
76767,20788.598984126973
87910,10867.24294973546
108470,11480.759886243386
82634,6728.991088624338
92666,27450.38094047618
96690,17290.503313492063
102493,8277.352684944684
99491,20774.918514309753
94959,17962.274084896573
79015,35704.188892736885
93400,17508.392513468003
90577,18969.63541402115
83608,5467.328243987494
101527,8882.91040957191
99227,9517.493866402121
105333,14328.199474867732
98720,8785.587808201059
83359,5338.093514550267
95498,16086.925253968246
101019,12313.880616402108
86045,10244.070123015867
87546,11832.944600529107
87526,5741.509948412702
83304,12990.74683201058
81244,17777.823590548338
76248,23540.863518518534
90107,10345.912433862431
82584,8279.472794973539
97783,6192.489884115884
79048,12689.23603042328
94531,18255.2204186508
83872,7728.895752044258
95726,26654.357142857138
107362,8814.273146825391
88562,6542.227525658232
105680,7868.48936736412
77859,11308.937928691676
82802,10910.289816137565
100220,6574.385766594518
80149,22074.917891534395
78826,7892.831986772485
92081,20656.219397186156
90008,22215.461446969697
86319,13090.096845238098
93624,28470.003374819626
92325,24170.41957777354
87857,17882.9590940356
84996,7915.949494038129
105536,7809.883993386243
86209,12686.919697344598
96095,22512.781255050504
78426,22991.741942159686
80287,19391.510321428574
98154,7629.2535515873
84049,16913.028238095238
99005,13356.863005291008
101228,9415.570166666668
79488,37599.9594589947
95378,31210.651720899474
81740,18927.172882635878
101394,12856.949309523805
102736,9072.31247751323
75993,54931.58566738816
102322,7676.417652116403
106248,9410.533327940579
94377,28434.290153559414
102281,7575.019033670032
99028,9624.78347041847
88725,10423.476374423868
101290,8479.968473184223
101436,16614.419663660407
107395,12720.185608465612
83696,11744.652984848486
87319,12231.319755291
77845,8857.925150793655
94163,11694.192443602698
89778,15831.538202741702
81251,10452.597071428565
88855,7579.536205146708
99680,8580.166369889372
94593,18655.562243386248
79028,38308.642379028366
100784,8405.721150793648
90856,15737.768022486778
76836,21663.470457671956
105944,15378.268954064459
76844,14507.259478604734
85377,8914.383027898028
102613,9812.193890211636
105832,19132.80770105819
105173,14043.158505291001
107270,7777.100970899475
104605,19030.427036315537
93776,28284.97621693122
98145,15788.927834036338
105384,6156.996156926407
83797,12071.491268518514
78439,10590.978804954304
84850,17894.652884920633
81348,14127.769173280429
81586,61109.30909809634
97554,4092.4678272283304
96691,6377.645875661377
100073,15209.096411375658
89195,11568.434743894992
95919,17500.68857407407
78872,7940.885562169315
91100,27664.28607936507
80008,16387.708353174607
89155,6907.048284030784
79002,4913.1298439153425
80103,15995.790686748447
95722,26436.124727513237
92248,32564.747125661368
104759,10701.693528739777
101435,11235.694559523808
95367,28892.330464165472
93611,31533.113503727764
95610,25522.924711640215
87950,14208.630623015873
78095,23136.391145502646
78646,17697.21783730159
82091,19612.856798220295
103774,15167.814584054839
102660,7193.022740740737
92256,26185.154816979317
102733,14387.671029100524
95698,17454.240671837422
103008,11274.071222582976
76310,36410.79967460314
102230,11821.786396825395
108434,5188.492182539685
103325,7518.667262626254
89871,12299.773424603172
84888,11454.105531746038
94838,13820.050923687426
83744,6035.566983164983
89112,13809.872670634926
102043,10305.337000360754
105254,10532.555201058205
77814,22343.203279100537
92390,10152.532203703711
106879,17501.879848290588
77049,14323.045881914379
84476,12551.35049470899
81372,27802.53100925927
90236,8575.252174603178
92132,18695.315863516123
92240,19413.7712579365
95286,23493.714817071832
101750,10248.216484247241
88817,17298.574478715727
81131,24307.496268999523
84244,12083.187564814813
100801,10807.259179894172
95844,19448.66522471972
83870,10225.035726190472
88723,10946.071480399229
81243,23941.06186375662
100385,11203.32312073113
104717,16877.345258343492
91235,14708.2741494709
96520,9288.4889484127
93381,34087.94092195767
80691,31567.266112313606
92000,29337.14861507938
107035,26540.241955507474
102138,12213.251913059166
84605,7780.742720899471
79297,40894.708403439145
106336,25040.819735449728
94253,25956.564261303523
79716,24175.567194444455
83444,8099.076734607985
106618,10792.84219023569
96175,17018.99035846561
103007,10081.621731240984
83413,10587.378288359789
87204,16188.925597883599
102288,7884.05316666667
80637,24954.49931782106
102156,7870.952951178456
99444,5593.103522005775
88292,15889.853783115028
88382,22840.131177248677
83149,16363.857424094422
96173,14385.94496031746
104005,19460.60658116884
78097,16711.43580952381
79949,20449.173150793653
93089,33416.98858068783
86142,10773.21416137566
79736,11810.380085978837
76052,21194.778964285706
80534,14169.338701418952
86998,10954.940502645506
92690,24181.01833201058
88656,8911.419288840789
94395,19991.57251406927
98447,6956.0451097883615
97701,17097.02075012026
92140,16588.247402958154
100562,7052.733721380469
90947,13271.574848965845
101174,8719.400003968258
82150,42663.86737037036
82220,13928.073661375656
99327,4533.932999999995
98695,15999.659018518509
81373,17746.87482936509
92571,12394.40427922078
99568,7446.706826997077
80774,37781.40177032228
88548,16014.719673280415
89214,16359.115850459471
104968,17640.622252645502
76079,20334.32403559403
106643,17894.610451298704
98760,13196.06641798941
79377,16090.508626743629
92075,33145.859097883585
83689,15064.890703201962
89321,9432.132451779698
101772,7774.751242063492
82498,13036.46531673882
100293,8983.702813492067
82360,23161.050441798947
98921,12381.323812169318
78949,33410.52277477152
77501,18004.241084656085
93322,24876.479617724868
85827,7862.699439514189
76428,18882.49310076961
105249,21252.154571835577
93940,25898.111206349204
85259,14869.324710798459
95570,30339.651936387698
87993,7865.52528968254
99558,6898.2715010175
91277,19185.559408730165
93825,18410.334005291
107121,29311.452512330252
104959,16112.616886243386
96364,12376.636715608465
106601,19813.97044444445
106375,23529.975574555072
79619,11298.439160052912
76473,14638.724759620009
88184,11098.577878306878
92530,22665.86395502645
100669,8832.696165343912
97656,15284.027321428573
78071,28056.18184920635
89316,9137.531251322747
95061,21909.665393467643
86189,13487.169030423289
89553,16881.40017833093
93106,23670.03303174604
92968,15153.43430955155
84025,28867.18571176047
107972,10375.050271164017
100646,7262.170815826327
94107,48860.58384187111
93865,15352.546105579604
96199,10780.731736772486
107397,26516.910386363637
100882,12407.105856421356
104739,13966.06178270803
85360,18215.037088624333
85630,15709.811542735035
91862,26705.68757010582
107207,22132.08769492544
97162,7041.0292789802825
80025,33228.16626190477
102082,10644.383569264068
85267,7764.959974146228
101929,11285.005177008185
101500,10349.932519230766
79709,17411.02192185592
93972,12620.085275613275
103035,12217.168710437707
99214,11758.509370370373
90020,15343.45332275132
93078,20510.6998932179
91474,27563.58489971141
104931,16925.4175544733
78728,26191.048263227516
79185,13316.634580687825
103871,7284.771168159176
91303,29775.69292857143
103205,18153.941002645504
102796,15028.065736652241
84381,5440.375995670996
80694,2826.1466782106795
88412,18164.487061327553
87437,10349.447820105817
81938,26011.230462962983
87557,8180.592396705149
84227,15500.580539682533
94972,32551.922217439966
101329,14162.495915584419
80069,37125.64016798941
82432,6094.300973858183
103399,8410.317253968256
77538,26810.31549206348
83684,10403.427103174601
101430,7355.377535233288
104322,17119.098806878304
106856,13481.469480158728
83084,7884.648062049065
102179,9550.748656926404
91752,22265.340298941803
102244,9782.489499999996
100903,8081.9464563492065
87128,13044.513125034166
104654,25357.182296296287
98265,5685.5856984126995
101764,8689.552455026458
77753,12477.003981481483
93483,32601.9771730399
85586,6896.724075396825
83436,60414.79174853849
80395,15891.018956857954
78652,22870.000857022602
92985,10388.450141293895
87343,10780.894480519482
94390,31244.81299963925
94485,38036.052607864345
79564,18517.244453342963
106104,31773.214441798944
84557,11479.595610149112
105524,28620.277277777765
96622,23261.245529822027
85389,12971.449358465607
78029,51303.69797222221
107904,15464.406965728716
80526,44412.4562526455
102233,6051.142759620011
86058,12508.620200854704
76614,28370.622378306874
81334,50095.99368589746
95043,23147.426519240016
80400,17072.965432539684
100114,13860.494915343916
92049,25400.56734343433
104070,8499.273506613754
95487,11221.353436507938
80402,24603.740150432892
102682,11860.09029256854
79747,13880.980582010587
97331,15007.646283068778
92573,25580.94206721982
81827,18421.838122414625
99721,6400.803659211158
87560,20037.919035714283
101447,11422.100332972585
89027,9573.420587902838
100905,8774.676092592592
86467,12288.446656084654
90523,8154.259306998557
77588,35560.08936231362
79946,24327.98802886003
94096,20133.852454064447
106481,9204.397589947082
100694,16242.894449735451
91176,58428.95147138043
106878,7179.111102693606
99871,15027.616911680912
77534,10461.686407407402
102006,11629.387821428569
93356,24804.691392376142
85788,9802.632276455028
97108,17547.877165704656
93129,17631.787155002403
95168,41172.792239898976
96578,10616.872619528622
79570,12793.970302669557
96604,15094.753835414584
76367,8435.81426190476
105065,13231.743604978361
90635,18417.685977272722
107221,13864.899570309315
80375,12498.459105820104
94421,21626.674912698403
104009,10043.034595238094
84804,13060.424492544491
92074,27735.091828282835
103678,4967.177634920636
102350,19652.623749999995
81690,16882.633152717644
101817,9873.562661616166
108275,24325.068892255884
78030,16295.88256493507
91570,23658.368783670026
96746,8679.714789802787
89748,20576.982681216938
107889,19894.528405122644
88402,16659.89211111112
107789,14749.9582010582
108061,26712.811477633473
105143,13518.432571789319
107488,22594.637813492074
100812,12362.415549663301
97830,11809.318746336998
100664,13604.612719803074
80071,27339.449802910065
104550,12633.367787471778
99466,9500.993744348241
93777,16310.274139850897
108105,10362.805116281865
90322,10439.581550986051
101860,14343.6671559644
104129,9341.773912337665
77381,16689.659869047624
76946,34897.951690476184
91556,14725.374782467521
87190,9456.400336940833
107647,21234.622652597398
84177,11948.125120971621
93266,29062.968886123137
107341,13397.668116402116
92693,27243.243227513223
101292,9373.383811308571
79651,18017.896275030536
81654,12625.268469937466
89688,5301.56038985089
107423,14156.742513790783
86626,13034.238623015872
101633,18839.821906926398
83827,10992.597581529582
106678,16697.434131118884
93756,27266.945416666673
84185,27797.696976190477
94867,18515.224252645505
101062,10352.209314814816
76567,31722.7388155363
80522,19303.750796055796
101932,9385.77865740741
86016,13509.441545815298
98609,14863.526858465606
84081,10968.457687109196
78446,10943.63368987494
82074,19351.768811447808
108374,30340.082031625796
77895,23717.911595478596
93416,18128.262625661373
89357,9552.933947210193
106786,9901.15077380952
102766,12832.421921476676
82233,15516.344885401633
84115,10350.044872775381
98073,10985.396484126983
106198,6679.764816498316
100335,15913.663503968253
82169,17693.850011090766
101191,9345.960132275128
94584,16232.759344396349
81980,19239.867005531498
93574,36917.287068783065
76934,37161.89225
104181,21477.005175925937
85205,13752.750873015872
101304,11984.796933862437
77927,47043.183848364584
82028,28278.79702765752
87191,24125.224903439143
77713,13485.850087301582
100414,4448.84676851852
94287,21734.850405002406
97941,10109.616163780658
93702,25819.28862698412
91433,24832.811731481474
92420,19585.616789682525
88433,17174.09954232803
91656,33948.85494612796
94313,29342.59830266956
91218,16687.698271164012
104418,18592.170714285705
86375,10484.172789682538
97556,14091.902115319868
94514,42139.82790800865
79165,35957.22065873015
81780,15576.39271885522
105424,16840.86574735449
77427,14292.525821428571
78626,20548.82950372775
85465,11562.752100529096
87616,10605.797967101893
101667,12295.004489417988
84226,13106.543901515151
104737,18785.75377441078
95041,33029.08647294372
84070,12234.488255291008
79071,15716.860279942286
98688,9053.40487770563
91104,29790.505461640223
95301,17239.47481084656
82795,6156.929756456506
76606,20289.721444925446
94708,22179.896490740746
82934,7331.640337542089
101243,4731.695624098126
94629,25139.684688191428
88235,11897.564576007326
78913,52429.85388275616
94480,23307.81957539681
77005,15616.6603994709
95511,23229.15985666186
88879,12587.665908730161
78396,11016.429664021169
99977,12886.595521164028
87602,14986.451424603176
105439,17530.96426587302
91094,20552.920347883603
103575,5630.415633597881
102840,7267.936100529103
105367,10572.518834656088
91884,22115.188025132287
84572,10742.038541005295
96544,8375.982153439161
94082,40515.007240740764
95510,12783.383455026455
85718,7648.381292568543
92527,19060.264677729676
78855,13481.443128306877
107521,17032.49292063492
98876,5124.323059523809
98440,15313.160974867722
98714,10299.887394660898
100643,11485.54155423281
89570,6565.652476190479
94168,32461.89160594036
93299,20234.17519444444
96033,22493.706681078183
93742,19018.862914742658
89946,14114.913781746036
107741,3639.9425661375662
77268,16653.99015343916
84848,9933.62926479077
92323,31650.92023857624
82181,33183.0536014911
102252,6878.80651902727
100240,12276.100250601252
90422,14699.163474386725
103145,11349.098691798943
83333,7965.410461029712
97103,33713.31435618086
107379,33073.18697486773
94694,24454.22687602212
97339,31640.77195189996
93104,27888.876045574783
88194,9779.399120370368
81954,22016.072235088996
96391,16537.95097619047
76563,12259.993568061574
97630,18882.87757407408
80201,21771.618513468016
87854,2505.933364959114
102312,10532.668276455028
93848,23833.80473532949
82542,5942.348973544972
102300,18332.032592592583
97229,11743.264687950941
98907,18011.398632395376
81238,12134.133231120733
101377,10202.671741702745
79109,13869.266804954306
88044,5462.4394140211625
91950,31541.9096598124
103403,8680.78677898028
87611,9296.541616522361
98169,17036.09767364117
84352,13661.612833934585
91787,18608.45911724386
85668,8295.805183862436
91287,17717.28691594516
80289,18713.02493518519
80647,24662.59966868316
90612,29567.360272486774
84941,14339.38592087542
85955,10301.20406962482
95019,11806.332867845122
92685,18899.034688394928
87156,8065.462654761904
98300,17718.799056156808
80737,25307.917691317947
92849,25973.30298382392
87490,6343.396165824916
106168,15688.148333333324
87014,18481.68252777777
95822,18863.71880820106
76797,15415.426153920156
88416,19086.978769841262
99974,9986.540336940834
79248,10096.752665704662
93969,43558.62761303511
104746,22801.891501322752
101092,18653.731530062527
104076,18819.978960946468
99087,7690.366833573834
93808,26207.189258537754
80849,31275.431460317443
93870,42330.0993478836
97218,8891.9500523088
85690,12978.103251526256
82581,15568.292634680141
81062,13341.487148148151
98925,14335.528025132278
98116,7877.513446553443
78229,13351.186120370367
77717,4413.607552669552
92227,23490.648842592596
97525,10046.643839947092
92015,14075.66246320346
93168,18332.048202380953
76841,19817.099506613748
94920,17202.32224603174
95188,11987.129017556521
91909,46156.553667684166
104631,15017.720728835973
91186,20108.658813492057
100465,11538.317674603177
79253,17852.289140211633
97133,9746.024134920634
84758,10031.299374338621
83113,9334.178309283308
92012,28553.52843518518
97730,11280.03416125542
89579,16351.98676837051
89670,9378.548244708993
98105,13283.502424362681
79497,21383.57768951419
85954,13059.928015873022
90314,5394.736579365079
81052,7503.200598845595
78531,15182.640039081289
97791,13505.659776455026
77746,21630.767936609696
105318,20189.43195791246
96956,9092.457904761906
84493,10312.277258537759
102164,8070.943770993343
84640,17472.914437229425
83292,15198.660708171461
80446,32955.61260678211
106883,19863.252466209728
96822,11992.684893698892
99282,10102.851007094763
94359,11681.49091185666
105084,22233.062333333346
85908,13698.540683615822
106431,13840.77055555556
97313,17506.317345238087
101268,6644.437285594038
77989,15833.923978114475
87682,19441.78396560847
106611,35823.6124196729
107890,11088.87785846561
79578,17905.39993518518
92372,29495.683060485815
93915,22458.770845238098
85425,8929.629289442037
80577,8836.599291125543
87561,15422.96982443483
82120,19843.00019810745
91633,21187.221981481493
96970,8803.309753968253
103356,10705.085452380945
89416,15432.459751322756
101155,9154.7800518278
104222,19194.716086894587
76104,16246.772792328044
108362,11609.280178571431
80616,45624.58016498319
98659,7818.878966810968
76470,27177.461630952388
86501,4701.000956247459
103166,7743.993869648871
80799,11394.06851984127
103699,11921.568246716248
97005,22748.058009379503
89375,7606.372206349207
89434,9195.459515873015
103114,8469.959208994707
99021,26063.184673881675
85368,6253.7976468254
98207,9118.112887566143
88420,11967.366153439154
86225,11480.606448412704
107761,47250.0701034151
83146,18888.248664742656
97834,10010.8449500962
95729,27693.61711616161
95480,48859.21580784028
76736,25569.824775132278
103683,11508.01133275983
96410,20875.42941967291
101570,8474.316124079138
81039,13492.81291185666
82813,17783.546832010583
88704,16314.628403439156
77926,16067.357519841262
89560,14303.965961519962
98902,11640.408543650796
105164,30016.69862698412
108109,11627.953608585865
84480,12617.444174242422
98239,9064.908205026453
82385,32252.97451587299
91637,30205.469396825407
85732,7892.715821428574
90790,6958.2176547619065
90251,7471.547536075036
101246,7929.68242316017
92962,21831.210810125067
75988,22385.932144179886
106880,18595.803264189526
89844,14345.782526815781
79925,16247.406935906696
76282,20420.11732010582
85648,6676.6287526455035
95507,16923.542280423288
96605,21020.157555555557
90201,8684.346664021165
93506,25729.637465728712
78490,12446.30771825397
106831,15846.166873015867
78101,13969.069838624338
93059,41243.789713924954
106820,9423.859775132278
80839,25320.89822619049
76695,16076.400260582008
107678,10672.762099206348
77084,10887.302436507933
107856,14411.78908730158
104446,35524.054997354484
93306,16684.44534259258
76610,31443.396940476166
94451,19518.416441798956
96510,14943.457697931695
84861,17854.705509860516
85787,24362.1206456229
78201,14850.306057997563
83353,13713.694902116413
106485,11897.627103211598
98115,10994.247861111111
83852,13883.327443121689
91320,24198.699987493983
92427,10228.169547619043
83851,18018.6501415344
92011,15037.246199735446
96043,8083.9509493747
93535,24077.15160582011
80183,28680.36002573353
99075,15328.896391534387
107932,15239.68176322751
98968,17794.05171873496
83350,11516.550229853481
77983,18183.860380110636
104722,19524.298929052424
101213,9473.320908730162
99670,7395.391141534396
86163,15480.78728030303
107969,12045.04496173271
77875,17292.051974025966
86254,9711.257517797021
106709,15031.686841510338
79732,26972.062847041838
107841,9309.515685185192
82222,17825.95796693122
82020,17028.48677465128
78930,27629.5633968254
93446,13872.142278018284
82880,10608.059658730164
85724,8391.44965860991
97629,25405.725699013958
106635,21095.654982202974
94103,18811.010586580076
83051,12184.63151105376
85087,10612.4278512506
76917,15933.26202645503
95037,32669.24425
99867,12548.042584656085
107425,27348.80648677248
85753,16491.319096866093
95099,27459.98895478596
81950,19779.439280423278
87493,10329.722724867726
84035,11304.33636755419
98743,11034.929613787379
84532,9278.73662061087
106827,12635.451710317458
100006,10912.665935600246
108013,26914.894173400677
102898,11187.147195767195
93509,22824.50339153439
89759,8716.674387806635
78191,26530.50427417028
80286,7180.28387999038
105908,23409.571257214993
85325,10736.130627280128
86177,3075.6111005291013
86780,15190.791224266486
82738,10970.620248917749
78918,22642.509671957676
79161,32466.98313888889
84004,8167.830179172683
92541,32036.52256806157
86047,12993.113771765275
106538,15532.26004232804
96648,6357.463990740742
101018,8086.441452982207
97019,20574.417580447327
105288,10378.214974025972
103441,12023.682740740738
84757,17693.590138888885
107069,10072.237700937952
108356,27769.68471416547
84436,10099.725761904758
79898,19906.338306878308
84703,19004.968004569513
101219,17105.007298581055
99858,12117.41151142376
77333,9814.859234126983
81923,13257.719090835084
85116,15473.283565416066
106149,14156.620013227512
91228,19957.046442400188
91512,19669.833531746033
80878,20944.81607431458
91229,28303.32180892256
99181,7600.152901459656
97944,19588.729362433867
78314,15802.682728410482
103087,5173.483478835978
98170,7905.420764550262
86475,8231.22781000481
76501,21020.6844431217
87632,17108.156718253962
78342,20598.76226322751
99723,13926.444416666664
87620,16371.952154761897
108111,35426.88718831169
89385,10120.041186748438
78604,13126.20011616162
87199,15749.616255291008
106661,12939.910445286188
98162,8003.450019841275
95522,14856.102652116399
76276,12598.507736772484
80135,21885.21866666668
98199,7678.037040885043
97771,8950.142473544978
80509,45051.314054232775
80570,34462.67983429534
102070,14843.082466450222
87513,13670.088157407405
92822,15820.848508056759
85443,10698.848230158732
107258,14494.860161375662
90876,21268.740019721023
105021,22482.106028184786
106246,5595.779024531025
102213,14571.79464417989
102502,7162.24724074074
97859,12882.945669312163
90858,17158.12283826358
103900,7920.278998677256
101159,7757.320629629629
79882,10959.18789153439
107307,16925.541994829244
91892,11069.402771524772
77992,17840.193955026458
103300,7620.775490740735
76540,39309.48699278498
103225,7112.644465728714
93202,24343.57657671957
106035,9565.561621933628
80459,20382.783759259266
90377,8625.760122895626
94302,23206.768353174608
107598,15673.757267991277
97476,22761.874412097164
96871,15758.939603174606
78543,14892.204936507935
89215,10470.198264274752
87251,15715.287650072147
94113,18258.15901455026
89499,8149.9612295759825
104785,13026.397366522362
87775,19333.599711159215
91882,23884.329503968263
79256,31921.446915343902
100717,10952.80691474266
104470,10163.046792226294
98732,14616.091832491595
82547,7250.116135022388
83776,9166.559533068785
106546,20002.660235449726
88539,9301.579120370372
83929,16363.249611111109
96026,6893.516734247234
104011,13657.4930515873
76131,16422.456075877828
91826,33647.392153439134
103999,26647.216607744096
82675,17352.751145983642
94439,25868.172714979464
96307,9838.725370971622
78033,15328.078280219781
76854,14461.929153439158
90036,6933.546263949014
103891,11689.563990620489
101263,12541.895739417985
91712,19196.30116666667
80856,16661.190628186636
95058,19534.627093915333
82735,7970.573827200577
82588,21582.947617003352
80775,48965.90875661375
104524,12287.76451455027
98431,9463.091302910054
82272,26732.622637445886
80152,18681.65474098124
99115,10262.239637445891
91591,23457.975363756606
84573,16546.511603581603
96777,11287.779691077449
95331,16938.080975949975
87492,15688.87678342953
78031,20209.217087301586
102367,10728.203439153442
105139,22992.472138888883
101793,8337.009162698414
82312,33708.17324386724
90663,8853.018520942023
97827,17540.801442881202
85812,11736.597233182158
93839,22516.40859547858
92711,18679.524569985566
90705,20280.516093314094
105089,16309.026237688233
97946,20269.667113756605
89744,18208.712014550274
91047,27026.89928282828
101166,6899.904645502645
101641,12593.243996031746
96865,13219.408251322746
76615,13850.375902958154
107736,16507.32662698412
101285,13780.3934047619
87016,13546.054854016353
99919,7890.2784021164
99314,20213.081792596295
80754,28828.993351851845
94215,34897.62546320346
82552,9365.460198412702
79696,49789.54254401155
87903,12807.830971500725
77373,18648.213438792696
76494,20485.464687830685
80003,22961.735800144303
89000,10746.66018518518
93128,26640.83530952381
107992,11200.376112554104
89029,13277.135287277533
105461,19379.00946560846
95945,14835.389513227508
103106,14497.008044612801
96246,21914.705147065906
90428,7145.236214886962
88909,9012.02856878306
85222,11771.671383116887
106888,9713.618892736893
103117,8982.096788359795
93022,26335.347902236652
103375,7541.28837602213
93229,22335.754935666188
85603,8428.931635521887
89869,9989.390055916308
102338,7741.815884920634
82631,13184.964787277526
102687,13239.66348929774
82001,23821.23236688313
80204,24978.551166786918
76279,27698.161087301574
104066,20833.02802380951
85918,5543.848484848482
101590,12461.680039682546
95375,20040.45048015873
77897,11922.541477975732
95209,19782.883126984136
95921,26349.351940836943
105769,7907.287404761909
97833,21893.58817195768
106557,18564.850531505523
80274,16094.249321548827
91786,26532.822817460314
85350,14780.835744708987
96217,17117.612466209714
86429,6397.3198280423285
76233,21922.016471019728
98782,9271.259535353543
77064,11784.990476190478
82904,17396.12486459836
101384,10745.598113577575
103541,7502.151898148149
99625,11320.771703500208
89436,17844.14985245311
92889,17221.202345478592
78390,46167.87677645505
80649,18777.6559404762
78894,16113.935662698414
100312,17427.226910052916
78222,20907.15159910461
91392,28278.870371693123
81452,10780.32010409035
97819,3916.0577698412694
105008,10669.054585978838
94993,23582.50867195767
85430,10699.668808441555
94075,46278.61222883597
81246,24303.04113624339
78432,26732.635690476207
89458,17610.198434223177
86520,18370.172003607502
84594,7912.642897546897
87131,9128.701908730152
103493,13729.895543650793
95302,16540.189493386242
105156,20446.803611832605
101489,6694.123457671955
105619,9915.538703703709
81460,27463.821191798943
79311,11659.621471741226
107401,31174.42073256374
106068,16316.370295214048
82033,24675.517214285708
93749,11325.991595238092
80321,26622.939437830704
103609,12055.072256243751
83443,9620.167466311466
79664,21064.401070707067
91263,22458.17930266954
80368,33344.67910353535
82178,17228.302957671953
77812,28176.062408369406
88159,10453.274660052908
107356,10638.548186988939
79312,21611.074046897527
81185,25978.93989478113
103927,10735.953125300624
92977,24766.101517195777
94013,23733.119458393456
78601,17477.494570707073
103250,10576.244837162354
90673,7317.572604497354
92757,29715.15702747254
86876,13498.689879629632
99148,10113.184449735445
77972,11882.951597162095
79854,6466.369236874231
97128,6659.936429894182
108059,14094.759083333332
105613,14936.965335978832
94727,4379.219395983647
104783,7437.993541245791
89446,19723.161558802305
107306,12930.923064814817
94890,21373.902391534393
94080,13188.639101851853
81720,21809.339080687834
105157,19399.988367724873
79438,46215.64907407406
95275,18000.123825877825
86870,12681.874929894184
86336,16202.363488095238
95031,27469.5574541847
76727,31507.01024374699
76416,28056.863425925927
95523,23795.260929894182
76945,11438.81480531506
92733,21392.285169672923
87625,18060.53738227513
105282,16470.235654965407
76798,28702.97783068783
93061,20605.7878531746
99449,6458.52961772487
88177,9826.081756613754
89115,16508.68910582011
97192,10302.519330687835
90003,12120.445044733046
99544,20019.34479894181
95661,28218.53181661857
86502,7207.035858826356
92299,15714.174832010585
92164,36690.65326310727
79415,11101.651379629626
82793,6821.536528379029
96761,10801.170202380958
95372,14455.073519841268
78310,19800.22805291005
84611,14220.882692279949
79039,12405.784202380948
83955,2548.5487701280204
103422,11208.369220899474
98290,11953.479206830207
89786,18776.96354052428
88966,13788.4468558201
91692,14545.166985551483
99720,10460.03657001633
92291,29435.607194444437
104283,19421.98840981241
77907,35193.63176791726
80667,24405.171017195764
83714,11395.270570586821
81499,33978.891435064936
102870,11543.87166245791
84245,16777.500751924003
96709,13124.88121657047
96985,13706.797580567585
79739,27042.985378306872
101167,10731.90866137566
101412,11951.667402236653
97207,12125.524716931215
77022,15681.914585858596
97267,22164.49861135161
89310,9816.691252645513
88525,8262.204650793654
100951,13535.834429894177
105401,8065.787746947501
89558,15600.433055555557
97593,21762.478717051465
91993,16763.535025733527
99362,12237.556405020903
86021,10278.06361772487
80590,28130.35616883116
76881,16127.339360269361
97173,11928.958185185189
100208,14524.289034391526
106111,18105.47154761905
94771,15466.501537037035
86006,9809.595279341029
83246,14537.429680129811
81624,22235.83986303511
97158,12317.014158249161
90839,6842.261162698412
76730,11712.73596224147
95912,30896.932940235685
98742,13300.943128306879
85366,11035.11535721553
88971,9803.182108669109
91073,16865.095187830684
84276,12359.590781625779
93643,32270.319452380954
77674,18347.52779810005
107054,19409.02690476191
76029,11970.837560846556
76703,21361.1406967292
76951,27035.322921957664
92952,24453.17291798942
101165,12108.709889249632
83703,16652.54768253968
102514,11091.776014189514
84274,15695.81137698413
80933,14394.918171717174
89802,14907.16477645503
95459,25330.93998761424
88242,10765.473082112334
80337,19242.17425925925
96758,16393.133987734487
81706,9359.344161375664
92861,27485.173201539208
97057,11406.157092592588
90369,8719.41036171236
77587,15833.649667989414
92265,17240.16198100048
91500,29934.318988095223
105511,21221.340544252034
90137,12029.073387566135
78339,21617.381011904763
90208,8205.819872895621
101548,12767.425070466565
79969,32343.812996031724
83047,8040.591576719568
106469,15077.82433068783
83513,17852.104297739308
79652,11449.191547415548
93970,7547.876611111108
95655,23044.353483766237
93966,14379.46923196249
103174,9067.401205026457
92732,29942.28066666666
104052,16475.812334656082
104427,13908.488207671955
81504,28451.398952140455
85835,8140.425089225589
85265,11041.990354377105
88872,9864.428154160652
81581,27572.01414165463
87525,16049.241247715252
95242,14145.833881313134
84066,9259.479220899477
91130,47055.402119047605
103798,12377.428903439162
79777,11693.081437830691
96975,12805.208174603178
98657,9493.54014021164
89241,11835.069579365076
94846,18826.428378306882
100346,7204.9046732804245
102570,7992.410088624346
86462,11311.7933449976
97934,20605.98213732564
96947,8473.227473544972
83667,9761.59957659933
84928,11957.139251563249
107956,7282.727922558925
98949,12509.674896825396
90998,10732.71644179894
97708,13020.717260942767
95416,26928.527605820113
78313,22782.87628174602
78886,22701.710242424248
104031,19238.240407407422
105160,30813.974740139518
103659,11636.71503968254
82200,17411.63510704111
90814,6726.84833730159
85367,10999.331254088505
83180,11895.994530423284
106202,15266.192484126988
78450,18860.88666137565
99063,9132.513780423278
83877,5293.713404040404
103411,7564.735781866284
108533,18141.34648412698
98123,14306.762730399227
106850,11937.394280182778
100148,7953.687867674441
83012,3719.374869889367
82410,12629.286354497352
81994,12260.781806637804
77099,26685.37580687832
83281,19019.55628123728
94288,23103.183124338626
103702,6945.491317460316
105076,14301.295390211639
77642,17141.65301503126
107183,16645.068207912453
106615,12756.64358333333
84149,9332.852830401076
76911,19923.32437000962
104162,9476.68059463684
102563,7089.270805555554
98356,9806.767231361233
90601,18059.002125661373
86307,13895.477476190474
83892,16010.889723850218
86128,11375.265065295813
92836,14288.453514550263
77569,26876.514517195777
108327,16826.121608585843
101953,13760.524497113995
105792,26027.50170502647
97726,2968.180241341992
86652,9096.594731240975
84446,7267.527883292637
96826,14032.284131313134
95460,21372.16708333333
86352,12526.864524151777
106793,13351.011003487261
87778,13773.646666666664
99950,7353.026669210419
104088,14928.838644781146
92232,15210.637894179888
94143,19831.61851274651
87874,8125.363115079363
83793,13378.177914261656
108182,18726.348751082245
102804,7774.997810966807
97509,20231.395456349208
96468,12087.298433862434
85388,15800.467081770086
76856,32265.06112169311
106114,29304.81825793652
92900,26007.538824795585
84771,8548.5327972583
87714,11812.487461640212
80892,22033.438362433873
91592,29522.124078042332
102842,11564.016312169317
107139,20614.342670153932
94334,12935.240583333329
86768,12120.37105952381
103414,12180.202047138053
92179,26306.22074050024
106474,14747.04698268398
86309,9641.5168985089
91109,10343.085034632035
78133,26031.741343915346
76963,15146.959842592596
101391,10202.056486365489
107342,8049.617097883595
105184,27028.07572691198
104693,31562.180698653206
89673,15643.388657166912
103903,10289.889471620967
88947,7075.7908670760735
87569,17865.769048941795
76483,31822.72286243387
86102,9637.041784992793
106452,9205.482982804237
107976,17295.370418951414
85216,16311.342046296299
76812,25471.585464045223
90905,22216.396043771052
101716,10179.088963804716
106450,43843.13010209235
79930,6731.582430134681
80812,28976.513977513237
80862,23549.423326414326
103996,19680.170207671963
93119,15986.477226190476
93986,18064.37568253969
90226,15252.822623015873
104841,7467.8032142857155
77115,8801.457616402122
82162,46436.58943278018
88176,18234.558386844637
96807,18052.29981998556
87893,16954.49702465127
96864,10192.164139850885
81129,13654.11346825397
94158,15906.524599206343
87268,17504.841194444438
101545,11222.440353896105
80322,14425.844485449737
95591,20204.6284954305
97284,2220.6163203463207
76503,17288.904332010577
102457,7618.754992905242
103358,13131.50187962962
85800,9303.779570346325
77892,12772.272251322745
86918,5775.656416546416
88797,7384.216629537675
101581,5568.119613756614
99941,9745.407694444437
86005,13086.446836339579
92601,22749.56657899508
77922,24583.86768843194
107005,10572.906693001443
92729,19424.69882936507
99740,21054.15453069152
104686,11373.498062169312
87339,12227.136431903424
86577,10971.291096560843
105913,39311.26366005292
87402,17157.26269203944
88287,7599.070592592595
86544,9648.245546296297
87671,16563.0788425926
91204,21203.39184259258
99618,15049.264305916304
93596,18208.35105555555
100194,2055.3628843193837
76820,30724.561382635882
78350,26647.366526455025
91114,21232.563754088504
106403,27174.416432780177
77876,19722.001879148636
92321,16703.85969949495
93803,10738.288090187585
95007,22113.41243121694
93540,19679.937857142857
88267,8190.150396705148
100770,9022.300787638289
79033,38798.480042328054
105481,11411.735883172396
92645,22301.850685185174
91504,15447.253578763837
103374,16664.941748677255
76555,29554.29382804233
106876,19085.0643452381
83008,6889.782922799421
103085,11630.986993386243
108288,26811.41570887447
78153,25641.87600915751
101104,11408.227603174602
86300,17759.365063011057
83596,17503.37136183261
92918,19451.01094745069
96263,13372.92127623303
95845,26579.217272486767
82174,9408.06580687831
95636,32377.416064814806
87859,17835.12835461761
92038,14717.717898148143
97965,14107.78198412699
99236,8995.367129870134
102581,11214.792025844527
88484,17594.589518518515
76734,17528.65548941799
107756,10052.399288359786
100368,17553.929313492063
92542,29139.02225661376
106507,9407.74658225108
94713,12084.92646560846
86830,9185.883102453105
105659,11533.861497354497
103299,9862.613279309384
77388,42006.65192195767
93171,34153.43032407409
95564,23492.52992857143
92209,20057.01836519961
103068,6656.309397546897
101008,11500.629483044731
101098,10215.958321428576
100297,8896.653896825399
100668,7110.1824484127
83587,11363.825670634928
103730,11419.915823593077
80300,10575.735037037042
90994,31489.821735329493
84749,11296.34341426166
96883,21524.69293302068
83643,19880.733338504095
101307,9306.53877176527
96979,21523.053620610863
96090,17578.507857142864
82603,8797.27538359788
79091,21502.22298051949
101959,11983.691933140934
101554,7417.116788359787
100961,11093.370526455035
82778,9005.772999038007
98924,6545.438865079365
85086,8358.227050865804
89149,7794.9806190476165
89443,8544.656027417028
88608,13596.173287878786
108064,21316.291717772972
93913,18940.981834656082
104833,18500.300313492076
88819,8401.406561928816
105039,16093.285194444445
108163,14457.89297751323
78429,20522.893161375658
100022,9751.279635521892
99243,16442.810660052906
96715,13232.22320995671
88735,27502.89526599326
86496,7955.860194564693
90642,7638.620392977394
98358,8289.530023809526
91268,27957.718302503057
106457,11415.003551587306
87063,12677.855752645508
103942,11764.217392857146
101823,16153.819744107745
104919,3165.172066137566
89192,21331.951007696007
78525,23281.857604497352
82948,12781.382128186624
97364,12592.24656216931
77638,19437.756799302562
94939,16316.869564574314
102799,11891.328654761899
97063,17514.14812157287
84889,13901.374522486769
91197,10466.309314814816
83936,5707.096316137566
88850,10095.336485449729
104781,27261.28732671957
96341,9300.85636507937
77784,19234.11582215007
79500,22200.55346741222
85956,9592.144857956857
80268,6448.88053835979
76575,27326.7618068783
88273,16366.412186387688
96863,10966.175171957677
104149,12929.414396825397
95323,29775.605115800874
108521,11694.779173280425
104891,26261.03019841269
86333,6798.958770202023
97441,33137.540006613744
103963,13087.721125781633
94117,22015.28636820588
106930,19465.665571308324
96478,13275.605203703703
93273,19139.877280423272
90140,5487.9247772967765
101752,11498.49223178673
102564,10028.751990638995
89449,9310.76583309283
82080,15968.026727392979
103168,11659.277645743146
92400,18661.631533068776
89829,17161.96516798943
100294,14860.143439033187
101914,12213.72677513227
91223,21409.075875060124
107925,19644.368250000003
108124,6929.378419312173
99736,28326.368386724385
106222,6697.236301587304
96843,6598.783946368449
86576,14311.181952380948
106802,20075.611257936518
101331,7117.078334480338
76847,12225.77663576238
82850,11158.363999123241
107284,17315.95142436267
77599,20689.522246873497
96827,19732.65799074073
76080,17270.556110990863
89213,15304.67497883597
91332,26883.812574434825
91930,25590.53730759981
96005,11404.568304232807
94637,28275.00087566138
76949,11216.651614718618
93336,21097.646649470887
79792,19345.21934752285
94859,26659.6526137566
87815,10326.567202380957
100994,11969.2366511544
103939,7950.113037337663
91674,23327.905172007428
81166,23739.95716273541
105292,17505.993892995895
76991,51353.66209283308
100176,15237.415509740264
100118,13462.94398677248
94700,18136.855687469928
101432,10498.785888888895
78373,20419.99879954305
82918,14104.841999639255
80619,31208.895508658003
98870,6691.4531378713855
99728,55947.3874968735
100347,14182.129685185191
94871,21130.233676647425
76922,26411.419116402132
102057,5706.696947089946
106406,20237.473344636845
81647,38023.38935714285
86232,4659.616067460319
90976,27836.79173977873
101053,9516.588705747956
87392,10305.598216931216
97377,15927.157649470902
96652,21955.65047751322
88212,10366.553684704184
106859,11339.623493386242
92678,17006.603082491583
99554,7328.016798581052
92531,38680.77710101013
84190,11378.654650793651
98562,9409.949981481483
102014,8053.082988095245
105663,18488.1339484127
88795,9181.517201178449
83227,4324.336946007697
97436,6698.699313131314
101846,8842.78775805676
80332,30015.001357142846
104483,22842.826944444456
97675,9043.324753968258
87703,9521.774744107744
105829,16241.65101190476
97495,12685.716605820107
97230,18177.69829629629
99232,12208.81181339031
108036,5992.942300264549
90470,20140.183904761903
91410,25199.62488095237
87856,10835.440588143341
97072,13729.27227248677
98581,9136.875724867721
96021,19221.29121296294
104873,22218.81370009621
82366,16871.57312842712
81093,12420.872799422797
94091,18903.3457010582
105502,23897.10167267917
81212,26372.315216931212
78477,22318.146325396825
86344,9290.39023088023
87337,10223.153940476186
83364,12036.16502789803
105029,16754.655318783058
84927,17493.254387566132
92467,25931.12005291005
77390,23706.955568783073
91159,20135.584904761898
86919,12651.988890637134
87364,15976.860023809519
96009,15659.383815536323
80050,23330.16855495429
97335,20360.620011423758
82533,8793.58602236652
88494,11480.019529100518
101773,4250.198173280422
84410,14627.718021885526
90583,10430.8338015873
97361,7892.184749999998
101276,9371.395134920638
92452,20311.15803631554
107354,11723.581932539684
78584,48496.87034944686
80128,17853.05398809523
88645,16864.770677489174
86622,9726.50861904762
81676,21609.599630952383
107409,27680.092309727304
101162,11084.040762265518
107883,12330.35174735449
84824,12493.553391654641
96253,12795.963667989414
80764,19443.731275493024
105145,18163.625151034146
76292,22441.617456950455
85405,8360.436641534388
105373,25245.441748168498
86540,13731.726398508907
91362,27576.55233068782
90075,9725.713679894174
81886,11235.585224025976
99080,7185.449047498802
105235,13665.372016955273
96437,21168.323449735453
83205,13240.939451779699
94569,30302.04838095239
92687,33709.62573677249
85951,16486.393623015872
84977,8490.8180045695
86143,19477.97921031745
81763,12770.034338624338
92970,24929.941601851842
108286,10951.58944997595
99395,7196.377300523553
81779,22379.535788600282
82131,16955.034373617113
77833,11921.275690476194
91949,50479.17983597883
84571,12391.277085978838
81403,31179.471353174602
86275,11989.974904761912
98103,7356.257735449737
96519,20403.203179894175
102141,12622.251263828763
95016,30551.17418518519
102800,16351.640620370368
102275,10627.714185185185
79437,19686.807966015465
99129,3994.474586580086
102738,12915.180726190474
88502,13466.973231481486
83847,6004.054916426166
82098,31807.255078643586
97608,11084.185805555559
93635,45268.34596729196
107415,16827.96814694564
100604,7175.6246797739295
95825,15570.740511904753
89837,8984.948603174595
90563,13628.535813371815
87183,10614.426564500314
82030,15243.70221212121
100952,6132.433230158733
88907,7003.866379148628
108136,17205.581615079365
99824,8131.32877248677
108052,19415.865240740743
86157,19807.532850529096
95635,26292.936157407406
76024,20955.79682082732
92449,14503.198076109082
101870,15760.767666666663
85896,10879.568805555557
102465,7728.445285714289
80302,13934.788867724863
104316,7497.708751082251
95294,31836.863765151527
106995,43795.690760101046
86510,10307.184319023567
87250,12964.697957070708
86483,21435.10142929293
83417,13826.141492742732
99580,10083.340008537763
84527,7641.094644179897
86193,14757.062089947092
98832,18549.344421957678
89427,13416.834738696489
105172,10418.704365560365
100800,13470.280352813847
81313,13321.805805222551
98110,11188.143496031744
83944,12591.356099927847
91420,22012.283746031757
79842,26158.532929773923
98350,12296.343648989896
104288,22656.09613227514
96086,15648.26171897547
78566,22051.813994949498
84457,17162.477425925932
88685,13262.482833333337
87157,10116.79932804233
82023,26145.659333333337
95492,27421.319281505523
84139,6451.654016187517
89309,20019.26588936988
85676,8235.844337301589
94553,7373.668837301591
90271,6796.598214981899
85678,10933.741840307839
86238,7378.046644059645
104335,13359.116087301585
83609,15741.164257455512
92930,19243.378515873013
101478,7406.850898148152
86537,10848.799588624339
95350,20191.746130351115
89176,13154.421351648352
89383,11205.16377317326
81369,27191.086149470913
96749,8376.844849032197
95414,31037.115293650782
91568,29811.648465451213
92425,29472.849446729186
107079,25841.937030303034
93550,30286.975202140435
78972,22554.293724266467
80719,9749.0381897547
92919,23921.80171825396
84505,11119.018263708518
103401,14649.369813011064
97516,7863.015849206353
91738,16195.648765031265
81664,10475.660292328044
108017,11432.295797619048
94154,16573.608780423267
94015,26226.75582671957
78990,25540.995813492056
100198,9280.779336459833
91258,31873.514002645505
95886,17292.442265873007
80048,53690.752658730155
92615,25156.43523713325
92333,29771.595162698395
85637,6276.504360686834
100681,19779.5354325397
86280,8321.77197943723
88934,11586.424722582977
102926,11965.965565175564
88415,1983.512329365079
108063,15487.199764430008
103273,10373.469399470905
79468,17010.587703583464
91285,15813.486605218854
99111,7496.784547852475
90686,8238.015714646464
77458,20958.713481481493
103540,6954.784787037038
98158,14268.092153439153
80240,28517.22112698412
93032,19168.150198412703
92380,15352.204286676286
91853,18308.024461640216
76049,22136.316026214517
98852,22623.09666414141
79019,12698.066952380954
78009,13609.092566137566
79038,18595.0366940837
106404,10257.236284271283
100619,4127.155697089951
82348,27919.966878787884
83844,8546.131375661376
101370,10891.959892857143
82900,12159.448010582011
77014,26048.487063492074
94704,31269.023800024042
105395,18689.42543650794
92471,28558.19353030304
82964,19069.212391534376
80223,65663.13914694564
83523,11455.36681048581
84395,16508.150444444447
77474,20787.338031505522
94649,10954.386685666188
79826,11573.836894179894
81786,15150.536488095246
106749,16102.512326719578
94115,29248.26970105822
103835,6858.833370370371
83617,15312.72166005291
106555,13152.774716931217
86868,9613.464162420914
105245,9353.32857491583
107495,20417.16449633699
79571,36068.156823713325
100328,13423.664677248678
77453,27166.170958874452
91473,25933.602134920642
100493,13381.218611712364
83383,7529.698153679648
96482,18117.557984126986
91509,23630.421558201055
92051,32719.388179413192
82251,14329.941447811452
76054,11833.40410185185
105927,5092.800255799754
89426,13429.130476190474
101006,14460.154773809521
96504,16709.389697089944
89053,16709.49343783069
102578,15306.642932539678
104576,14640.832429052432
94137,19462.217042328044
96387,11150.568822751318
106040,16382.137484728226
79795,10809.482988455986
102216,8775.586800264553
106933,21556.78414550264
87217,13343.49804365078
98953,6848.809714285714
106935,14210.84024074074
108160,11465.552398508898
86220,16680.26327417028
81017,13781.791782217775
90319,7312.260196488697
100847,10524.720618686863
79811,20838.789809523805
82324,31518.306027898012
79204,21745.33326322752
76561,21317.924101491095
90313,10030.140681216932
94271,13144.293378547378
99090,7489.457593138342
106261,13865.380783790282
95699,25504.63926851851
101624,8184.319162698416
92096,11842.774848364601
104402,19039.618298941798
106877,5851.536698412697
95341,28060.108338624344
79252,25870.312447089957
85039,8698.115203944199
95172,19610.6424028379
91340,17346.61509656084
91584,17855.024185185175
104972,14337.917692039438
80896,21092.685148148154
93083,17929.79857010584
90855,8039.5060886243355
78320,18354.99439201539
98584,21570.64016798942
97117,15605.82116534391
90267,8440.090074314578
104276,13489.868435064935
93771,17385.218128306886
100654,12822.061812169308
84833,18120.53567195766
79006,31855.686511904758
98734,6786.852075396825
96686,21118.90668467643
81262,10815.648053511299
104374,10324.128353174603
87939,11978.914440476194
85868,10566.32831934895
105505,8059.870722222224
87999,6359.255446488696
84535,10118.07801479076
105765,15211.310842592595
77591,20875.580095238092
83018,7834.062523809524
95281,16860.15259908609
104629,19445.857764911005
80247,17195.216382034636
98202,10978.303511664268
89361,13161.232265151513
86384,11295.294391534399
77923,16780.241147907647
86901,9939.949625864876
101827,13401.963076719585
101756,7806.101984126985
77041,28799.413213924952
97753,9954.430234126981
95848,22850.683097883604
94827,25874.071084535834
78247,35346.871825036076
87132,13498.4138428331
88911,18511.449564574308
88418,11193.788023929774
77238,12427.199969576719
88359,11738.743898388642
78818,11022.262763828765
95395,19508.76624579124
103416,12227.410837301588
84747,13845.681585978838
101608,6547.855839947088
105437,23581.395496031746
76320,16319.141845598848
98937,6007.168929894182
78233,10956.894902486407
82250,16107.5626547619
96164,20126.092926406927
105298,16576.566670995668
85892,16595.824001924
93834,15262.89384656085
84717,5711.3299960317445
104176,11072.832057840309
95319,47483.47769312169
85002,7917.3837364117335
91460,30142.8702883598
86992,15558.189931818188
76228,23981.261636243395
105611,10671.418653846158
83256,27605.445460317456
88943,18391.92911241537
77394,31713.501671957667
100873,5306.557928210679
92464,19255.092699735436
89315,14142.554813011066
92773,76033.64562169314
82489,6875.550241462243
76219,16154.769449735442
102904,11868.005661375651
91039,35889.32059788362
104890,24293.19960088986
99922,15594.312817460317
107007,12665.795075276576
90649,6256.8903234635745
90166,13679.230320105822
90837,17540.74405026455
84748,19166.26025529101
101034,10286.314718133717
80579,12346.713952861948
103124,14858.488855940352
92022,10733.04580026455
103382,9143.81353042328
104089,20012.88762698411
92089,19638.280245430502
106395,34853.78817977392
76012,20228.311649711395
90152,11782.4576005291
85524,11937.243609788356
95337,25277.425500721503
101744,8430.684914021165
105820,15349.03809499759
100587,1998.7167358104853
95224,31820.52695947572
88607,8024.935170634918
105741,19448.40348412697
100550,10095.978718253971
80543,23714.81898809525
96731,7636.942585978835
94235,34412.073462962966
89536,8511.84750481
104062,9446.879205026458
79870,11106.322689634439
90961,59077.09639225585
104757,12574.457517713765
78702,9259.520862433867
82823,8507.54507275132
76387,12020.889502765755
83860,8303.36342123617
97853,8492.252270442523
96491,29643.98667460318
93018,13870.318822751322
105464,18918.592253607505
91589,17328.434264550266
81040,13177.365166666665
101726,4811.398663540162
89843,10545.66485918711
82306,18473.588852767603
102706,10470.000472222218
81905,14848.315560014053
99194,13656.326647667154
84038,11380.937705026461
99179,9418.687355098607
107945,13890.470882275133
107187,14546.59107275132
106729,14345.281871693122
76009,17315.933725108225
80160,10852.965486772482
87798,2674.3007328042336
106779,10055.134297498797
87694,11478.127541606536
83225,12910.326618205867
82371,25696.886464285722
102154,11274.825552429045
91905,22335.69990608466
91831,19108.607197691188
96829,15328.244583934586
100724,11567.455721260223
98429,13857.685436507934
98046,15482.761308561818
104025,7963.953843915346
104930,18562.293804232806
97711,11130.343775946276
87985,1911.771394179893
102005,7679.1211891534385
93141,28689.054548941815
93564,18536.23375974025
77719,23196.696322270327
99873,10968.32752248678
87053,14987.33613383839
96789,10333.64842376143
107871,18952.257554232794
107192,11244.264051587304
79928,30423.76946596921
107669,18524.16230747957
79401,24632.40999338625
95320,28692.63937421837
94864,31636.99770045696
80654,20128.5505546398
99193,13281.38352085877
84375,10102.913297619052
90211,14521.842474386716
80720,13903.660063492065
91902,15697.928597883601
82275,10467.493279581535
81465,21414.786012866763
93508,24216.739624338617
88780,8250.13684054834
92268,29726.99276455027
87172,17043.31674398749
106818,8159.319683862433
103457,20247.633070105825
86080,13243.068300264553
107319,16000.73017948717
104533,12860.13162698412
105670,26710.35490199615
81801,23332.228404100526
86611,15365.740433501682
103251,12840.968559884557
95313,39257.91878174604
83324,9815.401449735447
106920,14184.683384106635
93607,19224.79476058202
82902,9668.250901098902
98295,10623.44043253968
99592,7810.2261798941845
83209,20516.884509259267
100342,6509.934985449737
100059,6747.154442631441
84964,16823.2747015392
101150,10205.32113227513
80834,18534.014445286182
94660,23336.074467893213
86817,11971.103980183847
82881,16096.049239898985
92477,25343.96642676767
88843,11319.74082671958
88409,13704.832731481483
89464,17847.13164550265
84554,8106.920183381433
107456,22030.49793109669
105815,31785.385386724385
84223,18839.743513949023
77230,38034.09238624341
82653,9384.63340740741
84903,16369.509390692636
96636,11732.951861111114
92293,20677.333543290035
76243,11311.230489898991
78795,24354.04360557959
77946,57358.38650420877
108033,26342.29177910053
89601,13056.919189153441
90606,19070.882353294845
92249,29525.358867724874
92624,19761.17315079365
97695,9662.0928968254
78743,36994.10126851851
99859,17420.02165776817
78302,21581.86978571427
99986,15766.21563047138
81908,12432.467153439153
85440,7955.597077731094
91412,31626.07220899469
83964,7778.195283309282
77867,12298.884521164016
98287,10237.771146495403
92675,4573.410995550744
93893,13213.673686507937
93828,32713.611466931205
107502,18439.185555555563
93726,13547.883895743147
93097,14840.983211399714
107762,17418.005914610418
93545,20099.229769240028
89831,14306.253235329483
108065,29372.353209475714
90388,5136.479984126984
82017,27042.513938792687
91025,26614.01105952382
96293,15781.069960678207
99187,8496.243291440043
98283,6825.854743867245
93590,17928.788792328032
105510,10269.677882783883
81365,25367.325838624332
105805,20153.985285473776
95866,53952.36559199132
99079,13921.430835978832
95673,14216.067160052911
99311,18978.465508657984
86145,7570.733757936512
103531,11940.683485690239
108261,21367.09792316017
85582,6389.095972896181
85281,6626.203188071189
92591,36765.48890885043
97180,33471.50185052911
105998,17181.48852380952
101355,11173.793214285715
104286,40406.40102729678
86703,9735.237007936505
76535,11535.571421115921
86181,10441.6349001924
77004,19326.941768759036
99367,15910.623349206351
106001,15591.77464309765
93179,25652.876541005295
83031,10303.55918626744
86572,19802.556900793643
80350,25983.511193121692
96375,7360.139294011543
102219,7554.326498436748
100942,14311.979271645021
82949,11404.094248556994
104083,24043.230812169317
97140,13967.253878306878
96421,10877.181666786913
87075,15170.680557794061
106419,20232.282892857133
93602,25022.75009788361
77222,10321.596006132757
101712,9896.257998677242
106666,8579.628089947088
87295,13705.809404761898
89044,14380.246417267916
106433,9304.839661856668
94575,32586.25300264551
107025,8760.536063492067
89318,10434.253337301587
86030,13870.247551587303
103483,10780.733096560843
94536,16824.938582010578
107058,17616.907376623367
87031,10712.108762591248
100119,10621.03267063492
105938,10298.394629629625
89724,21627.351263468016
99480,7580.292617003365
83017,10644.88472751323
108355,5684.6498346560875
94711,19087.528886927877
95759,31986.29480291004
105168,14096.079669968927
93791,24918.014791967285
85850,10878.505388888894
102333,8624.157343795094
104407,20907.261167989403
98798,19154.773314814825
89284,8133.099846560851
100823,5864.892541366042
80514,13914.566601851848
105308,18266.396301587294
104612,22972.490842833104
89638,19291.276820105817
93794,13797.119782560028
83933,16088.349452380948
90413,10227.866703703708
98929,9498.630138888891
90959,17460.098136123142
83414,13945.391986430237
82228,19482.29563564214
88669,10619.583167267916
106815,24802.451419191908
84567,11314.089693121694
91328,32199.219084656088
105740,10576.413537444034
96452,6242.134838143337
76038,21107.024509259252
99940,9676.100636243384
102377,15717.549168109665
105229,19657.64964021164
82158,20671.029192520436
104844,18003.59469925446
101203,10965.320940957192
95222,19758.906525974035
89529,18102.97078162578
103230,6857.587800264551
100692,8334.224882275128
99821,18426.93103559404
81086,24976.880835738346
89399,8831.598467532467
102445,6526.083351851849
96444,6303.019816137568
83485,10401.027186507938
93778,32343.574145502655
100464,7895.583297619049
99865,8982.342250000003
100107,17361.717718494452
83973,18259.360567460313
92032,28072.21070830095
94017,16391.588847763353
76046,15598.727720899471
77816,14738.756406084656
76743,32775.23932708032
87201,12312.428291005284
90652,14235.086034752285
103448,13575.371069384326
93642,22247.148810485818
85409,17840.441194444455
99777,6656.452447089949
92216,16572.819439153445
96269,8955.342821428569
94298,22506.59409484959
106667,12857.310558922562
93716,54940.888339947094
95754,32977.35049074075
89379,9733.779446127948
95970,20658.31346296296
81911,19736.7553968254
85652,28382.109960317463
107793,16507.30759439634
96389,22276.463281505534
80000,19447.155517908013
104440,12620.201838023087
92029,37535.62179701778
93473,15559.749401575267
90350,23736.026248677244
84947,13158.077882515627
81870,10925.73088817664
79936,10844.364086219333
79910,19358.23850565176
93467,34701.22553703703
80387,30714.646993386254
104360,14034.93240740741
93150,25068.216098244335
79119,25410.576445767194
104462,4767.365661135162
99548,21227.35919312169
104024,31356.343167989402
83480,18213.98831349206
92501,12943.037390211633
86740,12914.543992063489
82165,24576.985469576724
85963,17540.103484126976
79487,14299.840343554593
83245,13944.115363275616
102193,6662.778153744404
95449,29148.65263888888
99413,7522.406521950269
77176,17004.670945767193
107260,26159.8848121693
94187,25652.627806036555
85664,16842.980141534386
97886,11768.057988095246
85384,12038.285888287635
81228,25635.311039682536
81930,19004.524929653682
106627,43500.91247498796
88081,16517.183891534387
91651,15751.839681216932
98067,5434.680832130834
100814,10853.868147065896
77028,57062.51207010583
89853,5694.779023328522
92951,10006.875925444929
96866,25200.09770382395
77498,26995.528059042794
102959,8297.944504976502
103546,15379.86858597884
81127,14769.311863756615
88867,13691.876392255886
90099,8408.10206878307
81637,18017.73226226552
101995,8690.581342592595
92382,38032.916501322776
99078,25475.73171957672
93118,25364.149108465605
91524,12936.646179894182
105674,11459.005850408854
78943,8641.051875457882
99513,13965.178585978836
82972,11382.159374338633
92438,24434.76807804232
76466,22052.15493650793
93315,26703.16001322751
84637,18566.827723544986
91553,14705.449301587296
92093,18445.7938452381
89774,19252.791853174633
86455,9751.384683862438
81999,27655.717675925927
83211,18929.211792328046
102893,6581.606058099308
101347,11591.605366402116
102099,15801.184882395377
108532,18711.025161505157
94030,30587.801394179904
87114,7043.631881313135
78523,57925.0800547138
89274,18135.991052910056
103663,7474.2190794853295
98104,12316.618760582001
86952,10710.264013227525
93621,13195.625243386245
90898,14064.429880711878
88902,18271.533051587303
99135,19209.06304461279
96645,12580.526361111113
89265,8598.413222222222
88536,16217.448627224623
76788,27517.08674831649
96496,11610.148481481483
83580,13791.04410954786
80060,27113.572592592594
99910,9810.66720262145
94254,24979.98697619049
98982,12161.283674723427
101182,8294.93011019536
104497,25735.767169312163
99215,11551.149954545455
102237,8452.253137926891
105340,19930.498173280426
98398,7174.100876262627
82895,8361.653619047616
84880,7510.752162647423
76633,20807.715660654158
98237,10377.599615079365
93475,15331.086144179893
93644,9104.147534511785
83331,13167.816953703712
94673,42763.89737830686
93774,29210.567334656083
94872,17811.561875661366
104642,31862.163687830693
105806,10552.240784632042
93351,18949.353875661385
99440,19385.184538359787
77434,20245.769074314558
78382,35571.94362962964
76269,24813.56022089947
94221,34601.94299074074
101103,8365.603843073593
92917,27252.241808682054
83521,13010.037985209234
83915,9970.07253835979
93502,18135.594115079362
101013,12577.854118326119
81762,15647.020084656077
106753,17446.312550505056
101173,7010.583130952381
98602,13393.981091390093
105397,12022.668048941803
97067,27301.114757816256
101378,10854.35546043771
101862,15465.454820105822
99039,10575.36337049062
88393,15260.069914261667
106130,17371.800325164466
85828,16783.28529785954
108231,23258.96129100531
104898,15725.681866161625
93112,15309.359978715722
89768,8164.482179773921
84354,15046.61537890813
100168,7501.908723544971
92834,16120.095789377287
99208,10680.041511784515
96108,12802.79493674844
80163,12099.884332010592
105455,11496.525526455029
80323,27318.44104365079
84714,15922.191114838859
92348,19636.647179292922
83603,17406.623764550262
103959,7196.743551127523
106728,13010.702086940835
78696,34943.78201984125
94150,29013.80650793652
105629,26033.421667748913
97037,13818.123215247717
92850,23063.779718734968
88432,13428.882472018724
77436,19674.967428571428
76469,5527.675841269843
102030,10364.156894179898
87669,10119.537226190476
79981,22106.077546777295
99662,11883.28285317461
78260,19917.478089947093
94555,28934.889087301573
84628,10790.741820105819
87955,6326.013648148147
85130,9777.89082202982
76417,27014.638304112555
86241,10783.70421167449
84603,9211.247690476193
76645,18215.040324074074
100195,7151.4001362433855
77467,27818.483363516112
98126,18956.75397486772
98081,14126.124235449737
81234,27714.71919155844
87717,9885.84926851851
79724,29697.276854497344
78643,12759.476060365549
93113,26867.549650312652
100597,16920.753953944204
91190,32284.877085978835
89351,11710.177055555554
78056,31001.72447895624
76053,18415.550992905246
104592,12311.183181216937
105891,25256.863319745065
93731,22695.836186868677
90123,6459.4425330687845
85669,7895.550589706588
90040,12477.222157407406
103624,8041.164702871648
82545,13904.431836580088
101212,11369.628073713326
76510,11775.074787037034
88673,9473.469634078885
107913,16782.209097883595
76619,22682.82672619048
98461,24216.313978475217
88455,4226.0258098845625
94543,25082.070698412674
79082,28069.66444865319
107039,12018.334820226073
99565,13654.247714285711
85597,16392.992155844164
90908,21066.459846533093
103741,9615.113940476183
101177,11614.833460076961
100246,3248.7309034391533
84497,22169.940866883113
79003,13521.18088816738
78075,33993.29408730158
85527,12196.560971713472
99400,8313.04940969216
83118,12878.606608465603
106176,19508.724424603173
79864,23375.859272486763
96609,12072.309683742185
77968,19858.587035834535
105349,10296.231858465604
95787,19194.983976190473
86759,2159.731164233914
80898,14684.47279485329
80948,12700.706192511192
107151,13288.880876984136
85395,9226.367205627703
86612,15236.249977106225
78951,30172.346281746024
79546,15758.079527777787
83345,19848.27366798941
107224,16389.267207671957
104509,14707.647858465618
77088,36192.53741534393
88988,11203.461195563686
79061,25383.623376743624
89758,15044.775551467053
79439,51915.21124867725
96411,13625.791710317457
102234,10016.64978391053
89720,14666.613545214037
99600,10035.361744708995
101235,9788.139738095237
89235,16404.89062409813
96214,33042.83071200097
84205,14187.925162698415
106816,26682.938294973552
90934,31119.51520983647
83597,20520.428781746028
90454,16038.992974867719
82998,12787.836937349679
76772,26648.927600168357
100571,5667.860361231361
76400,28217.629732804235
107381,18211.921533429537
93102,15883.872914021164
97419,7179.367665343918
98844,7718.07229365079
99354,8345.703374255378
90811,14988.499462121214
98152,11953.610788600281
90157,12958.16184523809
102629,14475.05433381433
102111,9949.78937037037
100448,11390.912993589744
106531,11859.55577248677
107493,7897.245656084658
87471,8449.150964285713
83607,12488.931780543535
95488,31807.210333333325
76205,29389.763484126983
95394,20206.52170767196
101050,5262.272527777782
98680,58249.164899470896
97176,23745.782658730175
104530,15594.272198893701
83396,2618.64778944204
104984,6446.278494708997
102081,8331.545197089947
91955,10346.92107010582
79996,49928.44390824916
107833,18426.129925925914
81342,14532.240191798943
104936,7651.842160533912
97105,13395.830042207785
96834,14397.55497883598
96402,14336.668886243391
106575,10184.513797619044
82857,8557.68500673401
105504,9067.706167785916
88261,11705.78392989418
99175,7683.3116666666665
89160,13003.916337301589
83875,6779.2221151996155
104695,14631.875189153443
84189,10785.275613516113
86024,17952.714510341502
98475,7035.622797619046
79856,28545.55198941798
80385,30877.766205026463
78287,23229.96812037038
88807,13741.906929952816
86288,10940.730411856663
107610,20375.639458513702
94375,21607.204306878313
83385,17420.252237373737
96627,12315.15177669553
101257,16401.840609668114
91915,14848.06659307359
97986,17905.882611111112
80806,20277.08690199615
96930,13624.499724525474
89391,12998.784727513226
85423,2283.922313492062
79397,32674.263183862437
102565,11847.850467772969
85590,13227.874683964183
81920,10803.358817460317
108098,18970.563600529094
91230,63957.572168710925
108021,6761.626194564692
102554,11511.59719588745
84182,12797.132550865808
76770,19892.83085305435
77856,19576.36548677249
94249,19248.76653956229
94729,18807.174910052905
77171,18982.690927248677
107487,23903.75343762719
78766,25907.33936411736
100849,11493.69132622932
97721,17499.029437830683
92837,17099.216599206346
83099,15864.79007190957
102521,8265.374095238098
89738,7461.598832611833
84234,15206.272526385406
107428,14015.199765151521
93895,37623.38039417992
95662,45026.09295238094
80328,19198.609662578157
103054,11115.124427655683
104950,8569.449785834537
93125,28935.942270442527
77393,48948.064339947116
81178,30261.49752645502
77207,31442.0924589947
98648,9359.231328403075
106065,32068.647432539667
85228,13051.443261904764
92787,24061.740155483403
108462,17142.467577801828
102896,11348.771753367
78301,12729.873033956788
92584,8215.435955738707
96414,12317.184973063979
101267,10766.876932539684
92934,25980.661298821564
80206,12540.638143939397
76657,16044.92992857143
99365,12847.366432178933
96142,30710.469566618565
96484,12554.720207551709
81767,27274.061885401625
84926,9585.3057049062
84961,10538.652170634916
97487,25190.040640452153
86753,9673.398008778257
76410,13980.957886243386
103512,5794.882911736414
91899,22121.89554100529
82404,29851.290527833276
84598,20125.0147534965
95115,23643.860425084193
92544,18298.87801455026
94011,22609.308745744987
77265,20724.027329846078
103378,11792.083205687835
83828,10099.643325258074
106142,26106.00967063492
76564,30423.961910533893
93718,15268.13678330928
81110,19893.731423280427
90753,17594.621924242427
86557,8565.550023809525
90778,9218.08814153439
77313,17325.960148989892
103914,10659.239129629628
86688,12682.338051587296
102878,13135.897384920629
99734,14973.859876984128
91581,28955.859229076486
105434,10383.641158249155
89221,8421.939190115436
84974,16221.329416907163
101055,12943.440330447329
80952,29750.535629629634
80861,17214.82100829725
77446,15617.52021693122
105345,15655.347664021172
95204,17570.25457275132
96228,13925.924771164026
100840,9032.372074074074
90096,5512.361769360266
97213,25365.540756132756
84188,10973.174607022607
96571,24837.637285714292
77068,22155.1585515873
90711,13836.398449615202
89855,12010.932630952382
104858,10608.324571188066
95897,27245.666533068787
81849,21792.22145875422
106143,12307.702182780187
106333,21278.816421596915
107165,22874.75853571428
77133,12078.310306878304
91788,26422.533607448106
91418,18616.044619167867
100158,10831.063640331891
96982,18471.08167436267
81275,28034.15470021645
78741,19119.72118939395
104961,13219.75735714286
89332,7384.899295093791
77546,33093.80891137566
90860,22642.717121693127
79924,13560.702953703705
108433,16813.619274290522
101702,12177.871612433853
79340,33462.778621693134
107333,9840.479726430975
107963,26992.64284259259
89408,9793.357473544978
93686,17546.282402717658
96129,15384.134043475045
106156,28174.892301587308
87515,11865.208208994707
92980,29937.57174074075
83982,8757.02964790765
85504,9716.502683862429
108354,10390.206691798941
97260,13237.380295334295
95437,25346.90072546897
88483,15823.210397646411
87959,21494.458927008185
93858,16913.417350529104
80968,22475.16776868503
85754,15491.515456349201
87723,16631.611922919674
95880,40885.02426719577
106868,9542.753784391532
93138,13001.528301948056
104747,14731.04688359788
94889,24722.081387566133
84681,9720.028172919672
98538,8422.76281974508
77073,28034.159058201054
106730,17522.42071236171
79208,30701.279043650782
100127,12696.303274290529
99655,7802.446977587228
80695,13243.589574555073
96818,14038.211994107742
101382,8317.432359547858
81239,17437.855874236877
91299,25494.348096560843
83005,17774.260968253955
99363,10142.806911375665
76302,22671.23594973546
98317,20774.54337181338
93829,61994.33210317464
94188,22583.410193482447
102190,15330.09011507937
94901,19154.91394047619
80495,25888.367584535823
101373,11685.344621693117
76822,13172.527589706593
105052,18427.716733044726
98580,5861.277157527655
94567,17843.414828042332
95144,14087.667762987017
95559,18292.174945767198
81580,38452.32589021164
106874,20480.81769179895
79121,27706.195021885524
77257,19942.41770736671
87589,15347.072265151512
84579,10112.24321986347
95950,18263.759234006728
92510,14853.811373015866
108139,14671.307187830696
76182,32994.99700264549
88687,14197.078507335254
79244,15160.734920875424
80690,19686.56891137567
86259,16046.040537037035
76977,17577.62760485811
95716,15640.53666666667
97234,13405.143367724857
102608,9344.604245189994
105976,20332.656535233302
86505,8284.993901034155
91220,33341.72575396825
96558,14366.757815656574
87444,11088.872309403563
87498,12400.715398869652
102631,17132.12491269841
82185,19849.70898809523
99403,28031.75551370852
79515,36165.97330687832
99088,11030.983665824915
76226,22703.431825396812
108382,11898.69824206349
85313,14683.469318783074
94499,25832.131269961523
99934,6597.905091750843
82376,18667.284558441563
107765,32799.279837301576
83605,7392.25537698413
77701,16145.751309523816
94028,17680.1254383117
107523,11964.55181265032
90650,20552.193592592597
87414,9387.505194037441
100055,8734.5693531746
90566,12350.705453703702
77944,8965.43128174603
104365,22643.854875661378
100010,11889.024013828768
97116,6674.551276334776
92053,17657.83462145262
89028,14237.823702380943
97021,25873.192172558927
76667,37670.492611832604
88020,10785.209629749883
94877,18038.198149951906
93946,21125.348277777768
107829,20146.748070152073
78257,30401.474021164013
79067,22368.94719841271
77650,35512.05672366523
78087,75969.3143227513
106695,12103.944593674842
94630,8507.548101491102
106256,6231.646484126987
95601,18209.934291245787
105796,16409.666609788346
102585,10491.549195374802
87265,9899.044971791653
81014,36068.56667063493
79536,21269.534375661384
103430,13339.286257936516
95642,25381.897694444437
85927,12347.593974867727
98965,9567.168667147665
82285,23061.230911375667
88076,7499.294920634922
87977,8344.975169603305
93013,20696.23634126984
86356,19395.593089947084
82657,2455.5944575517074
104960,14654.338837542096
84159,15397.091272486774
102831,7762.604846560849
99907,11853.459624579125
95588,17832.4019013949
87604,12306.253497354495
104688,8508.418567340068
78457,31776.147481361237
89007,15299.601543650788
104449,17216.57183549302
97888,20382.493746031745
83178,9757.196137566138
81940,21500.396342592594
103932,10697.831080206828
93309,30929.417541125527
108001,12609.62708874459
104771,9094.349025613275
79382,20447.33071296296
85883,9287.155436507943
106425,10911.303724867723
83165,20185.0715438913
105632,23840.05105474156
77132,29785.776740740755
101743,7046.243140091388
103628,12787.100543650798
90647,33828.217723063965
84997,7721.876330687829
91158,27632.43447486773
102727,8662.690025252532
83926,21532.755045093792
105492,15071.344833573827
84091,7531.551989417995
90093,22051.32840007214
97013,7912.218182178933
97421,12973.631697089944
93503,20451.511465127463
89921,6878.7840817700835
94294,29072.581000481005
88049,6199.706245430496
87152,10606.503671957673
100030,10720.785435064934
81887,22190.596492063483
92813,28680.85889682539
103849,8516.065576691828
81370,17490.69030555555
100077,6556.075310125059
96215,16534.59911423762
99477,10941.181170634914
92453,27606.169319190078
79103,23574.496940476176
83988,10723.106922928926
82753,9962.833054232804
88096,19191.75252513227
82591,21568.37258333334
78600,9939.860324915822
96130,14422.719839947087
86532,19906.580924001923
78212,20171.914636243393
103099,6986.25089935065
76517,14110.480977032234
85372,12310.920372294373
87192,11023.378491427236
89912,9128.318627825876
100674,17189.99062289562
78362,16631.6411405724
80234,9855.120499999997
103492,8501.21055820106
91876,16737.942592592593
99906,15989.969716450209
86556,15366.50595815296
95439,22341.70960918709
89552,12687.523099206352
97510,16916.701477753726
77027,24325.47338888888
96651,10050.641306878313
101124,5360.338800625304
81564,29883.233379629644
103834,11097.197641534392
106120,16220.680278554775
108302,11984.05308393459
95258,26444.180687590175
80241,9842.958662698411
103079,18429.077916666665
107671,19752.34010978836
105451,11091.092152116404
100581,7230.510076821327
103200,11055.439765752762
107958,25258.07258802307
80508,15123.438779100534
86519,10740.015580377503
106014,14150.221915704664
88647,7990.006804232806
78370,19992.100579365084
80157,46020.724937229454
78549,33363.632113756634
78346,16038.56265969216
102025,11039.523117724868
102642,11826.601325276572
101566,12616.026078282826
105090,9448.665317460316
102879,12233.653884920643
103116,4819.98837037037
108181,19923.224770442524
90077,9206.467842592585
87209,7677.208552910048
78488,26503.35592893218
80235,46697.33782142856
100754,8783.841981888489
105566,13397.917239417988
92772,25174.234788359798
91123,39081.133166907166
81751,46929.239152116395
97826,33834.66273051946
79668,21598.874456589703
93067,10302.281228354977
102583,10845.715999539916
107690,17152.179743154982
87693,13765.42955026455
80476,9208.583253968254
81846,43564.36437830687
104885,12697.422533068779
97224,13604.250955507461
101301,14709.253737133238
77468,19775.61276444851
102865,13456.0116509139
89933,18999.89101190477
80064,14940.37702777778
102316,6499.737886243389
78861,11574.502808201058
96856,11377.531858225106
80901,34144.33513600288
93880,4661.295925925928
93155,18394.412656084667
95490,29215.724641534394
81179,10450.114029100523
105515,27023.766969576733
93763,31310.91607347283
79292,20332.142851851848
79547,50398.064891534385
76889,17944.780400793654
92884,19467.962376984124
100959,9566.544078042323
103931,11098.078229918225
87109,5084.325546296297
85670,14916.594046055796
106941,18119.269085738335
82237,26079.059105218857
95369,16751.09998172198
104098,8460.654174196177
88392,7808.535722749475
79992,15850.892403679662
91429,21957.881756613762
93131,19190.208206349213
102287,9458.334449615202
93988,17157.134738095236
98533,21645.14523412699
82402,28698.5251509139
100838,4996.120424603173
100418,3619.7491951659467
78723,21157.298730158727
102054,19564.939865199627
103873,6887.620378612126
102429,5131.813822779072
92423,20064.820488095233
100306,10961.017480713737
95398,28242.510218253967
98509,6791.199127465129
76571,21607.949224266475
99096,11831.584136243386
79974,31910.408198653175
86070,11572.178069745076
106407,18954.20215873017
107921,6046.716775012026
99358,6300.43453162578
81645,31391.760711519953
82190,30109.599387566126
104692,25778.086086256324
93221,14957.319058201056
100438,13290.078526455029
91444,20077.987683945685
81053,45552.23581493508
91363,21261.21366991343
106954,21488.17907407407
106654,18161.984763828772
99522,11148.578286075037
87009,17324.62331998557
87909,11756.561825396826
77419,21650.40709211159
97652,20783.582186507934
99779,12715.365062049064
85584,15109.08729906205
91829,19631.396335164838
88101,17999.589890452135
100556,4526.076524771523
90352,7824.515660052911
83282,13525.26996560847
83007,14139.851979797975
108313,11714.190777777781
78810,7289.207476430981
98828,22952.000092592592
96114,6435.067455026459
79191,21944.64244444445
87297,13743.974514790765
95877,13325.418072751334
94139,40149.659023208274
100850,8899.836489417992
94945,55505.560882275124
101089,7695.943012626261
105691,19551.102843554596
80668,13970.756624579126
81214,31634.792716209722
87518,13925.824359788368
105030,16510.837113275604
85923,7583.947142857144
83311,15865.441978475234
98855,10179.433104978354
104159,9175.296099206353
82779,9937.030160987162
107742,10455.031260702257
105468,25663.695924501426
80455,27843.559328282823
86388,17756.05298494098
94821,50055.038642098654
103268,10062.193500601248
102051,10365.04355242905
105353,25673.431771164032
80456,23881.860697089956
100987,10443.962130952386
91198,28377.223772607023
85153,13188.36948352574
103654,20411.94272691199
108172,10255.984411375657
86497,11770.587066498314
105311,9013.573927248677
83207,9172.353125661373
103088,13804.289544973548
80581,23422.6764206349
94590,24396.721993654508
92857,15905.451912938915
104990,21857.79002224627
106022,10845.347715608463
105717,15735.43002248678
93403,32237.55078367003
85166,14622.256150150153
106430,17105.590278739783
99092,20509.93945380544
91093,14334.065732804236
88851,18976.12168013468
98289,26378.636294733045
105096,32268.99024723423
77047,19904.893234006733
104430,20930.82123268399
89790,5561.686340668588
95496,30221.023575396848
99397,10894.568814574317
98691,7691.0040925925905
76750,36016.46582864358
96768,15867.347333435084
99671,10307.465099206343
100893,15521.17092195767
96376,2503.925400793651
85359,16682.4419083694
85526,17805.91214105339
99471,7128.415693482443
100718,13964.151779100535
100408,6117.285227513227
99396,12888.679955026457
88571,18340.282801735306
82056,33186.5588114478
95339,40299.43032551708
106966,44003.80741233766
87419,16624.252302308803
107951,9861.67761904762
89086,2354.3588318903326
81863,49115.61924206346
85352,7886.726538359791
107573,15277.559252765755
85160,7896.49228631554
86447,14770.9267012987
85129,15661.996229677725
81978,23205.44336111111
76538,23139.740964285716
96475,13032.739208393456
81872,20419.20272113997
100975,5938.691279100531
89846,7747.990484126982
76813,26863.383082010587
79861,10688.04722174122
85807,10685.699311928814
100520,13727.2990417268
83614,9928.381902717652
101194,17496.554577561317
78639,36233.18011640213
97237,8158.039764790767
106299,12011.200851851852
88307,11679.009037999042
85314,9998.17317929293
105736,14816.484675925924
80065,10754.174694324194
92131,17190.476868233618
88644,17742.327060846557
76738,14539.916673160176
105697,15674.917883597891
87316,9422.489342231846
98209,12698.641718253977
96229,16416.965438912935
100262,4875.572209355461
100999,8541.56085449736
107614,10530.19781000481
80838,27860.206470418478
100986,15188.747689634438
78593,26580.446278619536
100441,6472.079462602215
82682,10711.924757215002
78999,31455.85799867724
93261,13694.960903439158
80075,38767.16538227514
93655,27913.914371693118
100596,17866.37452356903
104232,25235.742119167877
91804,38874.47084632034
77995,16158.376407407408
103787,7308.1886174136325
94205,22066.430322751323
85358,8567.641915103415
78658,17635.696998316504
104647,16382.760842592596
76044,21971.89839971141
76998,10374.842000961997
90687,17973.933903679655
88724,21478.2872037037
89881,14308.314038359784
77162,17793.959925925916
105640,14431.754628306879
87663,17240.193173548665
79472,11756.371631072629
105402,9664.608792328047
93024,25628.73810906686
88764,12701.469092472347
102845,13694.398643097647
94779,15541.330356301107
78682,10986.212143698884
95089,49393.543526149755
92437,11295.667439033188
96574,8820.984965127462
80215,9729.574600048101
103217,8195.020257936514
96957,25876.71177465129
77332,14678.225125661369
88904,17797.616497234256
85813,19312.13562121212
90079,18490.5438929774
106345,10143.042435185187
93236,22264.16074338625
77551,26281.295378306873
98682,10766.210470057722
77482,27417.942283068794
106734,22518.136681577675
96167,14536.873419312173
97901,7785.973551587301
88753,18449.012804232803
80085,22335.752179894185
101127,10330.135610870613
89915,9731.600408369406
77818,42602.128749278534
88216,7938.7329824929975
88372,13831.683434879944
83811,9239.907295815296
82936,10578.918052910049
89742,7584.556837662336
91673,31278.99657010582
96257,13704.669049182301
87975,14074.708164622414
80305,21047.983109483113
103204,6818.569885281387
87651,11193.91656464414
97692,21608.058051587315
79587,17028.032138888895
78081,20290.39536387686
90382,27023.99890343915
101784,10314.518088624338
86751,9727.696387566135
83746,7567.610019240019
107367,23467.734306758055
102824,10696.734686507933
88861,10574.936280423277
81296,14204.241174603163
93069,26531.18040343916
87324,23918.635713564214
80156,26589.34323003849
101653,17148.695145743146
106220,9306.19357671958
106598,11514.418727513226
100402,10330.119338864844
76609,27406.339185185192
84956,14692.482366762866
95576,25713.17555026454
99581,8111.427275132276
80485,23258.272800264556
77166,27766.940453703704
76018,11368.634238696486
104735,12181.118141534394
93333,12763.904171957673
99795,11202.202697089942
89839,9677.856067099567
82759,13238.062676647432
78936,23182.368755290998
85749,13752.178146224149
103893,5420.651389850892
80488,17624.700777777776
85554,10942.79351587302
90240,13797.730348484847
106288,17969.984956349203
77948,11650.541938792681
102329,9512.941642857142
100162,13326.992772486776
88576,16838.69101455027
94039,17437.419625661376
94453,20079.39661856662
87879,12546.9612526455
82862,16441.341005290997
102535,15571.180096560853
105231,13650.622652837903
101295,10811.445997354502
103639,17702.876289682543
100996,9902.495792855292
90885,6858.377868927368
98058,6735.964505411259
76405,21650.11943314094
81140,10613.466347883603
106762,1239.526146825397
77805,18439.213398148153
91903,27524.25041690717
103506,8180.483611592112
99841,11438.524248372001
86237,10769.43134208384
76010,28243.742812169305
90547,16744.665313492056
97073,9441.738468253969
96345,20501.481955507454
104803,22737.068784992793
97547,9349.874769841277
80566,30588.51622883598
76686,27432.868681216918
76532,19033.714897186146
95342,18350.760392135635
89227,9183.43726851852
100141,11425.153319624818
78308,22347.309536833538
89064,13365.840424603179
80510,17374.658775132284
88585,15576.36504365079
104610,19100.93315367963
82104,9987.584658249156
82975,11870.369744588754
89065,10340.084408173208
101733,6017.432933501684
96657,17181.048464285708
86410,15756.880419080922
97079,13763.34246344397
99980,8203.152339947088
83405,17695.344256012493
94937,12802.157373015873
88990,12233.721955026454
100897,10154.546557239059
89852,6049.367330687831
79720,20513.956193362203
87573,7950.961293650789
77570,47630.33144576722
101535,5933.922119047618
106853,28772.294504449255
90614,13924.678733719984
99883,24746.27303908128
90053,15080.130334656074
85345,5449.156352453102
107848,12341.36317412217
93445,29802.274521164025
80275,15124.251400913903
78979,18222.085972462715
102516,13145.390579725836
89258,11169.33497979798
107117,23254.338137325634
106721,6744.491884920637
92982,34476.47772486771
83496,8127.841783068786
81803,62316.81662085138
106993,16804.591987854736
103294,18437.522420634923
94098,15378.718225348735
77532,15267.130520202018
89286,10441.339388888884
89501,8467.598550625304
95186,19141.25223448774
92283,29512.422987734484
95290,20522.0328380231
96893,8244.152289682537
100971,9693.077161616164
78080,26531.183999398745
99131,18560.17828439153
108281,5605.0135238095245
100144,6831.187174603177
105273,14773.596318783068
87851,14867.37655555555
108128,10603.37472763348
86420,9797.957572853074
88534,7299.658322751322
91836,16265.986079725833
105068,10345.720232804231
89909,16192.751027777782
83912,17351.279194444443
92078,30458.237235209228
97169,8665.105248677251
89505,7692.158157407405
84000,12195.0623941799
95770,20308.66326599327
96966,7832.974558321307
99958,12285.599564814816
93263,34156.005656084664
85201,5140.588051226552
87858,11276.949781746032
76733,18968.14448015874
95475,18379.04291534391
76959,17019.889793650793
88587,6843.435773208274
106240,12635.457890211637
76297,26188.58565873015
96655,12459.97342328042
97329,6678.799689153439
104459,14772.346530423283
86218,9647.326156084657
92652,26591.91699338622
87708,11716.440018518515
89003,11111.763458633957
77758,10678.00475204425
80355,6867.209598003847
102381,8411.768412578167
102034,19561.531856180864
85449,16779.3475899471
108344,12163.424672318426
103231,10877.40630699856
88619,10867.892323056569
91294,16190.54839694564
91671,35322.04924603174
89398,15880.797246633001
97449,13219.120053150551
90985,19019.063890211644
95931,28375.207511904766
91207,15050.848809163055
93227,48269.71576322751
83380,7999.133371693121
88517,4564.809932155657
94074,27352.76260822512
83286,15037.015005929263
78621,23368.194512746526
78559,28983.982419312157
95517,24837.247798941793
90301,8232.341064935068
86982,16172.204242229984
79155,12460.948251202499
87645,13133.886346079837
94734,22358.43479365078
80776,10438.481582010583
80191,25126.902284391537
81665,21327.421493987495
95409,23283.53547222222
107275,11209.876638407894
88752,7437.533839947091
85344,14471.298309042813
96113,12216.263558321303
89564,13886.86527453103
83351,15671.635355820106
77727,20242.11587277536
105427,11531.355845238095
86511,15580.91865247715
96465,12133.517762025012
81345,25697.309245430482
102204,7453.010713924961
91518,55317.24532106782
103030,7237.84789153439
77586,27067.72735317461
81802,16869.55236449662
97913,18344.806050264542
106159,18692.670547619036
101107,16184.337232804228
77988,25254.143576839837
103558,8181.501322769821
107080,9017.305253367
103080,8071.036357142855
81729,31018.27813756613
76576,12190.030004689757
81302,35245.573742063505
102815,6833.344208874461
76838,120319.26502705623
100835,7297.647406565652
92600,20462.339740740743
98836,10054.417509915716
107734,13482.191511423764
103146,8580.501988576245
92838,28904.849581649825
107210,15067.220365319861
87193,8185.397854497355
80803,26100.450484848498
99014,25034.692804232807
81317,12555.73425757575
105975,14453.019219696962
91289,13981.81648689273
102427,9232.446188912942
88770,9071.423177248682
93130,18290.97243788619
91428,31375.830654761903
101880,9622.533978835982
96317,12870.336707671955
79846,12090.793487373741
76152,27466.74371428571
98591,9557.40205555555
83409,12845.977403439156
98307,6836.205926231177
81931,44220.45375132275
90083,7338.524667508416
77773,16573.73749338624
103635,10775.64101479076
90621,7394.036099206347
91055,19561.536333453576
82011,10750.47462866762
84194,10028.566846560836
107360,18874.05119047619
89868,13635.812974867727
78774,20169.41896560846
98229,11916.374218253974
78895,14187.484812169318
104821,14085.148471019724
88829,17833.111964285712
103561,10879.284502645505
95077,26404.811247835496
77218,15302.24686904761
96894,10638.703779822026
102467,10911.055194684954
80026,13513.146797619043
81904,33063.693182539675
79212,21675.797644179896
76081,27147.627305555554
102446,11880.110771404527
92123,30323.755739417997
99505,19487.086865440117
90701,32587.88166065414
94131,29949.02934259258
98499,9560.603616041362
87292,18228.63807010582
101982,7372.6656124338615
79507,16012.239400793653
80367,18331.588484126965
87303,9615.901145382391
90939,19187.70944047619
105990,22751.39743915345
93538,29589.34690476191
96747,13932.679324074072
96705,12764.506321428571
79540,22265.337920634924
97104,10278.114513227518
83406,16043.197101851854
105299,10267.507681337185
106722,9540.959739417991
105452,14250.012630952386
87290,9396.226889971134
81467,16383.385483525733
105170,25422.9375026455
93330,21588.967516354027
80272,20335.493308561803
107730,17369.28379858104
96010,20462.485820947568
81845,27024.846763708512
80811,12484.525570466574
83571,13793.967333333328
105322,17862.33676286677
77762,17781.376915343924
102039,7594.8633982684
89712,7945.797538840788
89635,22056.386318783076
95445,30366.425625661388
83168,11367.533025132276
97583,9364.28860137085
90719,13287.370942640691
83437,19359.019915343906
95182,26652.703687830675
85203,18399.723115079356
103788,11601.60775841751
82303,18363.991369167867
75983,32326.543404761887
86812,8972.016076839827
81841,30664.299958994725
84828,7237.5895793650825
93783,27423.351891534403
107916,23227.26573809523
87430,8516.46124122174
104874,10510.192209956711
93137,19127.467215608467
103047,6464.692116402119
102110,8206.624842592591
91435,18189.553155122656
86558,15546.489323833575
95141,25680.824953823943
101513,7124.2810107022615
98883,7377.911604497357
84488,10604.392203703705
77317,28998.500453463203
76345,27467.251955026466
91779,26035.314098506624
76882,12069.769716931216
90888,9701.278067219819
98663,10348.257834656082
95756,20136.73243614718
92853,19271.46658682058
105681,25304.24139682541
100628,10154.772998677252
93663,17307.88527200577
92183,26133.871120370368
87635,19090.412719576725
104386,30092.358837301595
87388,13851.449668664669
77217,21233.219172799414
96722,19277.162743386252
96916,13643.122424603169
77168,50614.653477753716
78963,14147.214244708994
93780,24751.735089947084
91677,25600.539513949007
98082,9523.153808802306
76229,17570.890553150555
92338,22082.26494420395
84178,13765.999075951826
106784,10542.228332010589
90742,4247.446379629627
96034,18777.945512755763
98064,7765.236595238098
96973,17943.038263227507
102048,8330.900277777777
106484,13420.970523208282
105759,13482.734203703703
93589,30331.685898148156
99057,13854.363305555557
80757,14560.788637325637
89636,8301.229950688203
83495,7953.497758297258
85277,13280.487910052905
91843,36439.79925252525
107118,27186.192281986532
100387,13566.059232804233
81885,26714.067285233272
105369,18001.581836339585
103588,9883.492689273688
89859,19494.39117195767
99533,9882.450488126004
107533,16271.068182659928
103667,7388.949792448291
92303,24582.572815416075
98400,9638.715995550745
107283,10445.401064814816
77352,28732.1064524827
83662,16637.16382539682
79661,17373.556412337675
102007,12378.248206228955
97793,12413.528505411257
106968,19366.911582010598
91632,22694.92003703704
79763,34749.73314875864
84785,10172.782119047617
92155,15608.30636928812
76625,28246.52709920635
107370,9504.160148749397
87638,8146.202609668108
96040,8704.289614357867
97299,13164.046977633478
81301,18621.05266005291
83192,17155.022974867727
105291,42640.0776481481
87135,13448.557872414623
75985,30078.924791847032
82125,8987.311104497356
87636,11127.779347883596
78783,30580.706330687808
78662,4233.825205026454
87134,16676.40310449734
89451,7445.456736747169
100098,10578.960139524119
88589,8358.55248148148
85831,15881.34938540163
101724,9756.273464405967
107345,13950.500423280424
88336,11585.96993783068
105588,11064.79082936508
95273,20525.71746332371
101163,8537.23143722944
77479,8305.418573953824
80339,22445.150895502647
86561,10149.336675084183
90365,13163.328366883115
78103,15876.786297619035
98617,11048.67165832316
77621,35445.61866402116
91901,25012.56610978837
93087,20109.823847643092
82739,13353.870308201058
100953,7757.689817289637
80117,22141.170489898985
84174,9254.404825156322
106828,17460.739527417023
90803,16774.995469576726
85910,10369.380070827317
89576,9443.195910173165
106572,19970.076527777783
88570,18988.816545935548
95066,23557.25738131312
101114,7667.000546296299
90936,20405.652582491584
99197,8003.780136483882
106363,8354.078534391536
106495,12376.220451058201
77516,9324.558929172683
88093,3390.776514550265
95483,14158.57474867725
93513,66849.15340416068
102348,6525.012912578167
104779,12040.441470057729
90381,15472.821949735458
90866,19930.008599206354
76005,27590.823854497346
83160,19043.584378908137
105547,13282.854106902358
102598,9939.640934583933
104485,17185.59185317461
88186,5928.771822751322
100958,7021.90138624339
93967,28614.85562902838
93296,17247.810397667145
102906,11978.355571669073
96380,13725.857503968244
93298,25879.779114666373
84722,16471.460010101004
76718,20769.95684391534
80056,28338.9746034151
78850,19742.239113395874
100715,8603.749680615681
97058,26875.33182275132
85906,13577.10390981241
102477,7877.136182539681
78624,51739.80208020681
104387,16886.725061327557
104252,11874.322939754682
94178,14478.063132275132
106337,21496.786842712845
105385,15529.539026455017
83119,9263.380444684939
76930,15860.92198677249
78083,28664.554207551715
97868,26427.54908201058
81081,8079.957287037033
102325,8229.820653869723
83604,12751.090121693127
107825,5697.639448893696
105577,24852.44742592592
107308,9262.172112554112
103876,14606.873418831166
97378,21844.090486772482
89508,9384.286760582014
86933,10885.60052910053
100033,10877.09507275133
84820,15730.130232683981
88884,10984.90845634921
105458,7197.78947667148
103164,9318.67564285714
101838,7345.524136243388
97811,28332.944244227998
93826,24977.083314814812
86364,6862.640022126021
95317,26567.705740740745
80613,18971.841908970655
78372,31164.275385040884
83283,15536.721646825405
93249,30300.109961640213
104303,29159.514674603182
87973,24916.489525733527
89997,7574.867812169309
103013,7332.307676527179
85570,10298.822718133719
102979,5801.326375300621
78598,10387.439480158728
101402,6244.250132275132
87313,5634.833670755171
95505,19082.20714730639
79319,20517.752621693126
95230,32581.825568783064
91808,23396.24451370851
98678,9562.33749735449
84270,11416.7435550118
84932,9365.550632275139
92433,16733.67508862433
95944,18842.874458994695
101180,14384.403680956928
82624,19003.977875661374
80920,21430.383653439163
99771,8987.997403799905
86425,17645.350216209707
92191,19790.121495189986
85940,12236.57644444445
97391,13719.652277777775
101341,6675.896149470905
76066,20443.69930026456
93226,20385.25591714766
108367,10222.891448412696
83144,8526.440906204907
82764,9400.257021978026
85112,18053.950686748427
97167,13609.730029100525
105808,8262.66629324379
108416,25611.951018518514
94695,39633.17946380472
100332,11870.424304232802
102829,8139.486148148151
83817,6877.651510582006
92304,24878.445629870137
104385,8590.133765151517
77858,24387.678031746033
104454,12387.807568783071
100292,13849.071970759725
88759,16608.61582142858
81746,16945.145136243376
98246,7093.866251322755
96680,9036.508752645506
84163,7820.5365200817705
98135,12135.255173890922
75975,28631.109514550255
92064,14408.21962854738
78732,18937.183525641034
99528,16042.389072751315
97651,9039.215439995194
88195,10196.217207190957
85398,16470.023674603173
105940,9706.622384920636
83822,8542.918353174602
79148,21028.85728042328
101011,10584.326257215003
91642,25878.93210182629
92277,31415.370873015883
78438,13518.198283068785
103126,7378.289392857142
90247,16780.116679894178
105738,12953.859832010585
91585,22988.812138888894
99313,7710.545810846555
78484,10180.52662938913
91221,41226.242761904774
102068,16253.836081483336
103027,14624.64233814334
79594,31811.22035185185
78290,17181.2136521164
83059,12561.144311447817
94542,21460.52469516595
80450,13393.190945887443
86055,12432.378819504564
77128,23801.951712962968
78459,23598.9241415344
106614,8177.189842231846
100580,8935.101712962962
79200,17351.795089826835
90988,15907.760397546908
95354,47573.57434656085
95524,19205.579513227516
89514,24104.075691077436
100494,7894.172309353133
80365,30766.702854016366
100498,7032.490346440595
94820,22710.38600132274
95203,15756.16544973546
84845,18891.493234006728
103726,9811.019753246755
78164,10383.813196368443
85894,7895.759668710919
83974,11390.134485279059
100042,8623.803955026453
82641,16228.093744709007
89331,9975.850613155362
104138,19083.55184920635
84136,16296.001644179887
93037,21151.69282599808
88791,12911.289474386731
102077,10510.074633597884
81882,22583.70467364118
98035,10946.463309523802
108194,22695.197226671455
101297,8481.757605820107
98938,13334.946650793645
98486,9502.591201779702
83293,8671.482727272727
96404,12062.229795093801
90115,15527.1647116402
100205,8357.738947691198
81271,14831.03376046176
99430,11304.81609139009
106622,21022.41506481482
80213,25793.727346560856
106624,18042.086465127453
89907,9229.30299819624
92178,14684.837337301582
94849,31369.33847186147
83585,8021.041716450214
85742,9170.939556878306
98510,11465.486943861692
95629,32200.964318783077
86114,11375.588698273947
104028,21671.957874338626
78862,15013.906081168832
100720,16293.436679894176
97302,6891.456470899469
76761,16453.227087301588
97918,24026.451227513226
95704,13033.090995180743
108116,39100.74770683021
101381,9318.512983886483
95542,17081.50004100529
89609,15391.078100529103
79374,12267.396133116883
97399,12705.833531866278
79350,13147.451436507936
101700,10304.034591269845
76556,20053.43209042809
85945,9692.48550925926
92706,25171.664640211653
98698,12278.916765483968
98683,12093.792014161223
95706,29150.759287518053
91170,34067.60404713805
89870,6510.273253968253
105665,26710.00905002404
76774,16852.72878571428
106996,11016.750087301585
100111,14780.195846560842
85146,10356.4145503848
87623,10306.898764550268
106125,16428.46519035594
81146,19323.56187169312
82472,14044.60647246272
106621,16115.116406084657
92229,17350.903755291
100574,9363.940050264551
93325,21394.739788359802
88820,11167.799409451656
95448,26538.382061928813
94293,5421.214832010583
83682,16735.656669312164
82826,7676.947824074076
78729,16286.360689153438
82431,9621.031334656074
105701,27148.107595959595
90828,17654.329160052916
88782,17589.5718452381
90765,21857.305778860027
89779,14710.842408730165
93973,31119.82403499279
82915,10662.387346560849
107131,22537.097681235427
78143,31690.3392910053
101557,13850.634585978836
81060,17743.224043891303
88032,17409.13667592593
102913,10446.2857994228
84050,8477.350120370376
97797,12975.643804232806
99183,4817.301773448774
81588,28861.335876706627
89819,21975.429437830688
86947,13135.21119264994
107568,23091.192756613753
92085,15931.504216209712
101729,10435.730109187103
89417,13368.729044973541
89797,8087.308120370372
89349,12123.941010582012
86040,10820.925812134305
85454,10592.045890211635
78374,25680.3325986051
84084,9933.614534992792
88370,11614.635726190483
99555,22113.808821428574
91675,58419.635362433866
87112,10316.434066137565
96235,15667.984519600763
98203,7151.1566679894195
77675,8604.545056277055
98775,7984.7427408609865
81614,29853.96383549784
102391,11812.429161135165
77097,24967.343468253977
80494,23853.704547696852
91050,25043.230911375667
90412,8419.250779581525
106318,14575.503216570458
88976,18981.24597438673
95898,25621.107080687827
107839,23109.49717989418
83737,9533.23053980279
99929,13551.613416305907
85736,16441.765746873494
100856,10577.917146825397
85708,15580.512461640208
90131,10597.378906084652
94568,18425.913887566137
96466,25563.79371284271
100117,12054.197619047616
87585,6866.972274891778
79106,12764.421736171234
80237,19889.48345370371
91302,25394.592510942763
83945,15194.483678330927
80650,29635.757882275135
95104,14729.681592231831
96677,5659.856629629628
100682,11499.549604497357
94464,19520.563076719583
89293,15231.745664021162
102107,7392.622760270775
92219,29280.969056637816
87853,17319.10598160173
95391,19133.482684583938
102232,9679.681744468498
83035,8484.613603174606
80636,12918.038596560846
105398,22444.189926767678
103291,10504.468036885139
78340,14350.046666666663
107130,13177.74745238096
85694,11627.004761544018
89901,7480.774651154401
101501,18861.140506613752
92797,51722.78776491102
90279,10236.512509259255
92115,27745.571670634927
105910,14052.240078042323
105226,17296.873288017538
94797,25609.0546384079
88857,16042.567989297739
91374,19378.305158850413
106841,16353.05828571429
90283,18509.400711640217
95421,22012.28725865802
102374,4897.521832611834
93581,24140.253878667627
77463,34548.10056253004
94949,22064.50400264551
79220,21256.73155687831
82822,19262.389166666653
107897,6754.1596005291
77398,51211.43924074072
99943,14615.721542809044
101334,6939.071235449735
78664,12937.573620370371
98917,25256.063183020684
98320,11775.695097735594
86414,13293.406365079365
106690,12996.94761483887
103656,10599.799175565173
82816,16250.2824050024
92595,20760.34324314573
89058,9403.758103174603
90981,38590.439613756615
84545,28002.708226190465
85121,10749.358682299178
86786,7968.276428571426
104318,9781.778887566135
101816,10157.939259259258
85525,8607.985294973541
79169,21130.60749074074
90473,8287.97903379028
76459,34083.458874819626
91881,19500.939500000004
76343,15159.632656806158
99475,3557.9423955026473
76756,19764.543621452623
105158,8807.278817340071
82355,26462.369236772487
102382,10870.886351851856
102739,10502.149747474747
95595,28093.437409932674
92655,17760.23695767195
93230,19517.12896296296
92502,29517.182662097155
78020,11474.494129870134
76077,18268.643694444443
107845,7724.9820119047645
94272,69477.94019179895
89239,16205.361076839827
81657,22212.8136921597
79605,18843.47508465608
92466,22881.45598412699
89062,21111.15586507937
91866,21315.172162457908
87629,7896.142269859772
94495,22627.377033068788
108301,9374.545617724867
97893,14256.483512866771
88636,12313.61898809524
76642,14343.248904040409
97723,8565.859863516118
99689,11882.77929894179
98669,9296.978776455027
107547,30569.29541534392
107324,19375.64985269362
96837,5887.460622895627
87607,10649.391943362192
77412,29999.657937109172
87012,12765.987458994709
106509,27456.665627825896
96290,14397.460176166423
98997,17585.81971524771
80784,12967.025916546421
79231,18168.265146464648
99071,10700.08940740741
95343,62417.31813756615
106067,20056.845485449725
99385,25186.977169552676
108247,26257.56815392015
92030,34270.09924338625
106907,17646.894340909086
83305,10562.592250000002
77537,11243.365876503134
94191,29748.00558573832
106218,10543.810321428573
90895,17734.96427176527
87733,12960.916191678689
85938,13106.855548821559
92778,18019.134740500234
104351,25876.85792989418
98023,32799.11036940837
100496,10808.439183402348
99703,20611.936489177493
97963,6122.048906084656
107514,15491.002776455023
90147,15948.24451298701
78976,19043.430440355936
87951,17371.01386231362
87689,19084.762523809528
95720,25571.263154040418
81362,14110.357484247232
88028,8471.166835978836
101241,15170.17263492063
77282,19869.35531552706
87318,13411.656577681577
95832,14211.56980423281
93146,20480.030932539677
105053,27226.924986892725
106782,22961.90940079364
95641,26747.273867724874
101467,10071.413744949497
78487,17957.974108465616
97221,8633.023592592594
88550,13214.59823280423
102969,10802.435935425694
91727,30515.543188792686
102790,10680.211821428578
90218,10541.503287037036
95243,52382.36213083213
101112,8234.424472051545
85231,10144.82661964887
108368,14356.160465608462
84764,6442.887275685984
104560,21836.025506613743
88854,9905.224819985571
96342,28254.371033910546
97363,11876.587014550265
87222,10213.15983438058
85750,13990.729636243383
99457,9990.80575324676
105834,11270.572410052908
81230,15033.153496031751
89905,6807.609237614241
99107,11641.122244708997
97725,26075.048633597886
103383,7928.215183862439
101881,9585.009526936026
79274,34660.75370815293
106126,17730.435763976755
88014,7893.931273809526
81379,25398.155221380464
76685,11785.361548460802
81756,31752.759587061082
80382,23423.68403282827
87661,12962.586930014428
103160,12860.329380591627
81893,31363.872764550262
103538,12396.014608465613
101780,8758.212080687828
81384,18315.45048941799
106350,26584.3046732804
92907,18606.948767195758
99538,14480.190305555556
79214,17933.749963203478
101909,11163.526088143342
107864,17435.42186760462
100524,10546.29168843194
84466,12307.060441077425
105389,20988.412843314094
95621,17936.2858558201
85294,6264.213292087541
101831,13247.993640211642
104539,18628.306948412708
97418,23829.408375661365
84417,12655.850943121697
87082,8889.460256613756
90484,19861.241472582962
94455,25333.87102332851
88204,13107.047362794612
102964,11081.038202380958
83265,12135.764776658527
79644,28311.860252645507
103662,11536.168129629625
98160,19114.448328042334
86602,20069.011460317466
96773,18490.91122859548
106258,21185.548776455027
93161,24437.533251322766
84913,8160.5021362433845
93566,28191.459634920637
99048,9055.606574074074
105009,19986.87918386243
78907,13137.902226190477
86767,13971.191082010584
91280,36246.61188936992
80284,10286.372436507932
90664,13307.325608465604
82570,11863.62464048915
97344,7087.450593915349
107585,17826.19664826839
88462,11791.679830687843
97190,9030.285626743627
105578,7949.8113425925885
100275,10148.515462481964
101818,5264.494683862434
96900,15777.193317460315
107149,20941.032576682584
92413,32280.802753848
79385,29836.83902248677
86389,10123.290045695045
95212,24369.068515873
76373,21262.09778439152
78959,26200.704549959293
88737,6034.6360396825385
92016,34309.71825661376
86224,24393.369778379023
82578,10216.301734126984
97155,9111.107630499671
107701,14759.053378676874
100516,6201.430108585858
100278,16750.143219567464
88637,15857.327625661364
82527,10941.846080327081
84753,7619.272382275135
103714,11155.173881192883
100322,12863.248283068786
86770,13100.344600529104
81754,33010.43038504088
88214,10349.194170359413
104113,15185.842765873022
104421,5165.124359788361
97736,8329.267376503123
103535,8122.862022847517
83206,16654.266699735446
106330,9586.7851984127
102339,11729.193297619044
87709,11594.42821729197
76492,20913.919194444436
77728,19482.097057720064
80481,20215.885822871573
103158,8061.4606177248725
88892,12702.032306878304
100388,10878.803951779702
92082,29378.13347727273
81236,26974.787509259248
77042,11893.677075396825
91157,29136.368902116406
84392,16639.179173761426
93436,28184.444972222213
106487,25766.311828282833
76638,12390.24587169312
100756,17545.81603511303
89769,7505.6617182539685
107047,26571.270969576737
107482,15705.723001563249
77672,51008.62693915342
88137,8179.462917989421
94234,46401.7754589947
100690,9236.825583333328
104730,16139.08177128427
80889,50653.07115283789
83038,7711.767060846559
78952,14168.95019059644
108324,29847.02379497355
89723,14985.161410052904
84963,8065.255044733047
82834,17396.937526455033
84141,12259.252762145266
94870,26214.992441798942
97980,19443.940277777772
84101,11590.751300865804
103187,8846.217232804227
89617,11885.135777155303
107178,9446.051451779698
92448,25393.03783862435
105739,11252.209273689277
94934,14928.384309523813
106422,9159.288514550259
84357,8358.413898268396
81219,17582.46918362194
96165,8398.124479984575
89437,7574.15363071188
107434,25442.839698532953
104751,13153.792354497351
79869,44577.41782936508
108255,22892.837715608468
93706,23418.060437830678
77694,25662.631228114467
106112,34295.013898508914
79750,22367.71260618086
92715,26925.543531866297
91183,23066.07062433862
104425,16096.194267436269
91695,19051.023865680603
107783,22893.794875661373
80023,31734.056750000032
106551,11298.688407046657
88253,27492.136907407395
89867,14622.628039682542
83678,16206.683708994715
105660,18065.1056521164
88202,10934.521808201056
95119,27566.32037878789
108260,12432.996637325645
83078,7969.332870731117
82345,21080.91538227513
83217,9776.091194324197
87850,14664.819825396824
81035,42440.901734126994
79575,30529.422802549314
91737,17742.36044841269
87829,15368.447784370805
83729,10467.654105218859
85611,15197.585571428564
98402,7268.620761904763
92385,12400.26483934584
86408,11981.098382034632
86059,19276.95903439155
95741,43917.329900793666
86739,9394.2086547619
78929,23747.317722582986
83842,6325.304299783546
87907,12069.539921236175
88079,16170.736134920633
85643,11381.790766233773
81382,18483.284070105823
83493,9137.231417027422
93460,35661.86911796536
80412,31114.462383477632
88171,9652.276285695782
99783,10434.427948532955
102777,9406.293072751327
80663,32176.26163095235
77531,10885.19967724868
86865,19923.501180856187
78461,21296.833481481477
107352,25264.89585281387
94120,10055.006034151033
79496,23383.412944203952
80515,47572.175338744586
91344,44977.47442460316
79373,35581.51354172677
96220,10343.963022486776
93246,54850.628130952406
106908,10127.953794973537
78245,34720.74675589225
94731,16474.573080086582
90402,7479.931748677245
76206,55613.74520238094
98559,9328.83291833167
88796,13087.268984126982
85816,17893.24458994709
92649,31982.326083333348
101935,11385.515873977874
105463,20555.76423617123
87365,7876.99501984127
95227,29538.549194139185
93234,15048.08472859548
85937,17872.87901322751
101266,12129.057200937952
99571,10399.731278499286
85700,6152.818354700855
107102,10716.127013949015
89204,8530.1938941799
107013,9044.698745190002
89174,13269.604603054346
105413,15424.90566534391
97676,7384.4888148148175
97236,6475.259858465608
103159,15197.848329365079
86515,15361.765404280904
95748,18381.693183381438
103941,17290.59421428571
86393,10485.772962481971
100154,7557.583646224146
96775,14944.521670033659
85975,15877.042273809522
80620,19208.32568626743
91545,23693.63829629628
90512,8743.959287277534
98423,13201.846340548347
98191,12664.246580687826
92713,57557.902441798935
106242,17535.90463624339
96941,8709.866610509865
91711,16106.501510582008
93194,20570.939418350168
84431,14971.454085257343
106092,10570.257587782586
77699,8482.90886111111
107042,21223.081763468017
94581,81427.42683068785
94719,27145.66478439155
103203,9877.95596693122
90527,14798.771867724878
105553,9809.73697222222
86257,14951.955119047627
108539,8334.298742063489
80580,17051.871562169305
100564,7301.796397186145
107330,18769.87801070225
91726,18577.67354533429
102084,12400.859769961515
87088,12050.229420634925
106757,32024.96990127466
77040,11781.035683862436
83253,12500.064681216933
87231,5641.251503968257
86913,7210.1704075224325
100372,6016.596931697933
104194,25044.951030423286
91979,11510.082312890812
82139,14219.75401924002
82434,10123.438093915349
95418,24738.61455122655
76862,29255.44257804233
76939,13281.165810846558
86454,18461.401697089936
98632,24667.80648436748
77936,29070.996266437272
85823,9809.633376984122
88035,13774.954230399231
90469,5915.780048941797
77882,28710.33178306879
91663,20043.318759259255
84326,19209.278658730156
107834,14009.998425925929
102220,14232.936988095238
105246,9379.068564814814
107828,22517.480361111106
78808,8846.565234126983
87428,13796.501306637812
83186,10853.466023328518
83578,12366.705900913901
76948,16971.582949735435
78241,15065.098355820113
79743,45685.401612433845
105523,6586.522185185186
90957,13641.72964021164
100382,9844.819391774892
76105,17260.98023809524
86104,7789.238503367003
101922,12758.173742784993
76554,18740.73336507936
106985,21767.992570105816
85689,12530.598178932181
85008,16164.794595238094
91965,17313.270883597874
76366,33414.773098290614
86191,13529.945098605096
99663,6603.518833573838
96285,8677.402821428568
104099,20108.267877705624
99056,8930.660415140417
84374,9717.280113756615
106354,23691.77777681576
93698,47426.18578306878
96634,8948.292153947901
84156,7763.188019841268
108084,23122.366002728762
87399,14382.278601130352
105466,25848.84460317461
80586,25998.363787037026
92580,9594.234352693598
101845,5337.5590074555075
84566,10565.966555074558
90141,7562.134280423287
108378,11794.074780219786
98277,2996.73909042809
95092,40047.355076719585
104064,26215.183296296294
107637,9484.883026455032
97365,15946.9591506734
96955,13018.458266835025
95760,16381.415239417995
95872,23370.13296452622
96240,17017.33581048581
88163,18065.271693121693
100611,15989.380058201066
78881,22972.19908068783
101061,13987.43596957673
107426,11679.732026455025
84044,12501.69841979317
104552,6489.609664261668
94780,11447.735616402118
91863,65399.52527116404
100864,9240.211788359788
81237,20934.59026984128
82136,13104.486018157764
95905,12576.27003571429
106384,4724.160357142858
104293,20169.615515873003
81454,21139.561198412714
107302,22165.47890091391
104291,22269.22629593555
82868,15846.114169312163
97858,13220.990954064455
105855,15137.621208994715
93166,18275.823640239396
94741,28532.852850408846
90290,14217.264102212594
89573,9196.552641534387
78623,11819.022165343915
98815,10465.045252645505
108391,8472.538805315053
84762,9885.088736531985
91318,19735.712735449735
79163,18179.27016798941
95977,17075.36248941799
85867,11006.739720899472
88322,9884.625918109663
79623,19841.41653571428
98269,9004.559388509639
99650,8911.000863756619
107902,10552.301456349205
105941,10924.414043826542
81949,13104.797249759498
79343,29599.334015873043
107578,19824.34248112073
99489,7367.204506613755
85577,21529.260973785476
96815,8569.886785714281
101625,15209.27255423281
77737,14321.141383597886
104092,34680.78475865801
100181,11391.033543710915
104928,6623.511156084659
98913,6972.956697330447
91602,36204.56012830686
83876,18660.461031746047
89307,8862.826265873011
94093,26344.694041005296
90665,7649.165575637328
89424,15869.102071909563
89966,15380.523584656079
87512,13664.550723905728
93925,16757.449234487736
92819,47158.50479232805
93100,29470.10392111592
84387,11756.298588624335
102337,10742.72026972102
96351,6895.887313852814
84790,10160.969288634567
82257,9201.326168710917
99957,16070.570465247712
88917,14936.22282359307
95068,29309.709664983173
84509,15250.214602480863
91624,31252.41330820107
97851,13295.07154583379
88699,14733.957652356905
100216,8352.757890211644
103752,15498.08498280424
86444,15060.470109788363
96692,13586.033243386242
99855,9460.878656869816
80299,30805.72409126984
106960,6799.898468734971
97471,19848.586269841264
84560,6762.19227284752
102670,9725.883486772489
89279,9842.030128547376
101965,14411.988403235646
97569,12083.103088263584
79614,25195.705517195776
91772,28560.28274735449
85007,12097.504405677651
106561,16941.843908730167
75994,26039.04243807119
79691,33801.558002405014
89364,17325.945521164016
78875,14605.621972222232
107066,29349.88171296296
81507,36539.91971693121
95249,20432.96840343916
87015,9019.404098484847
91324,17323.77774795575
76752,7205.120711880712
102171,13284.762185185187
101910,14057.318058181558
103619,14861.447027777775
100128,9260.667064333811
79404,29391.349510582007
93180,30383.006863756615
98208,16250.80511772486
79595,20623.135569967068
80232,28237.741104136592
80698,27460.255667989415
77442,11074.258647546898
89295,12017.527993025496
107982,8243.0333982684
104260,9395.3588558201
107081,7052.276275012025
84397,18634.851240019245
76341,13212.365314454059
105837,21531.616613756614
87758,17409.066495550742
89085,9742.944376984133
85464,6596.213496031749
108404,10038.374956589707
87357,8901.70131649831
96567,11855.928529100527
106723,7090.812222823474
102198,7081.244417989417
97673,11030.082719576722
94078,20179.0974457672
107507,9917.97331216931
97681,6743.482945767199
80033,6886.9269214766755
86656,16458.669690476192
77797,19599.72412193362
107699,20813.866997354504
86945,9968.549458874459
105222,4612.353759259261
104904,12103.65635858586
79731,12101.948946997445
79205,26418.628437830677
94275,45718.62087830689
83219,11728.755220658966
93926,28783.4094153439
77804,17644.076552910057
84512,16868.501425925922
77215,11260.373502284756
95226,27676.898655844147
102992,5540.011042328041
98108,13027.572730158729
80629,12367.71435449735
98788,14420.499922679175
84971,14609.571732397228
97484,12002.669186147177
87887,9786.420881673883
104294,34604.9166547619
84316,8926.374414983164
105685,24145.07240752766
84866,3515.201764550265
108412,25774.970937830676
83463,16088.357013949017
105005,18370.987906084643
94134,19811.145041005286
87832,9756.713068783067
106089,11391.81690608466
90745,7253.578049182302
93579,11266.092802910052
77750,31704.583623015875
101618,6202.460938071187
101148,12515.72010449735
91084,17196.12353415103
87106,16110.448680594955
89045,8827.484898148145
100365,11205.765349206351
107100,18455.05821957672
89836,15818.173384559877
90463,19878.88868590669
95908,27951.598173280414
105700,8857.35166835017
93105,23403.948899591145
83244,18170.34482804232
97603,13918.7927936508
93616,23548.08492857143
94245,21974.895096560846
90752,14884.203623015874
99594,13257.248169006923
93068,34577.73176310726
88443,11013.521566824062
92592,25913.942450456943
99796,14758.402698051948
101588,6964.002727513227
89633,12241.59251707551
99577,16778.99357936508
97165,4694.050238095238
95686,13481.437343554591
79266,27190.18365079364
76351,26602.402868205885
87457,8550.95183044733
90220,11785.53097833375
87855,8095.87105880231
79818,18292.014465201475
91024,26268.481099326596
97908,12023.819493386243
101556,10346.806444444443
89750,8026.788288359791
107781,20871.743773809514
94151,10894.004666666664
103214,10392.628982202978
89012,5555.93107804233
80997,22383.83665440116
90002,15467.739882275127
88243,13725.346095117837
77631,20866.733736772494
76185,36017.57243638767
102767,15025.180481481488
96776,23451.843089947102
107630,10370.972735449732
97550,10415.919584054833
91871,18320.514501322752
84499,14528.455667989418
94523,24460.990095238096
95467,24311.69151803752
91735,16893.359712491212
89874,14264.844120370379
90168,7645.115854617602
76765,13922.34046296296
92590,25279.882101370862
100529,6286.2839246031745
99330,6674.230833333334
92566,24408.58936868686
85303,18373.661614650602
108401,8329.314671957669
107621,8867.155494709
80471,17444.40833417509
85478,11189.775910173159
78386,20616.168794252055
105016,17478.16981491657
76807,18399.8476441799
85036,4729.993366402117
85428,10096.331945767197
85783,10174.126121452624
88510,11380.937937627192
89262,20931.861916666676
89136,10662.132257936508
77193,45078.57690704668
88928,7294.432279100532
85930,15260.797976190475
93387,26056.676297619048
87348,11186.83473216797
106766,10471.854145141895
94358,17873.12162337663
81582,13588.319799903797
87880,8292.636317941317
80554,27336.9858421116
103295,10415.895166028413
86265,7034.670285714281
85650,5384.201791606542
78496,9908.349980158735
90155,5773.529617401118
108366,16898.94434704184
95435,12720.530107142864
83433,16128.74020767197
97917,12034.746134920633
80755,16586.459024170294
106070,8832.272269378762
80354,19874.409681697936
98453,8083.170112193367
100106,11236.891769480519
90408,23498.61452777778
83615,21529.44806938431
82425,16489.382806878304
101993,10331.758111351608
94522,18803.61658994709
84782,9070.574691798942
108223,13356.154364478118
96160,8904.153694444443
98432,13128.271571308316
105363,10621.538604497347
100535,7775.741851851853
86591,6577.444374819626
104667,19522.87463227512
90913,18748.901514550264
88935,12929.812005810794
104570,12475.451396825398
83610,14171.07451984127
92006,4064.2591772486767
86169,18667.26561832614
82827,6816.292091630593
86592,11607.488545695052
87212,10227.738801587297
97120,13815.883128306874
77359,15396.222543650794
104752,17378.21735582011
97296,4760.139310004811
76528,17274.17232671957
94678,14283.692912698416
92677,17579.48673136123
79068,16973.829268518508
79258,15275.882358465607
85903,19570.512232924477
85139,14671.586705026459
93427,19526.591777777765
83820,8682.513085978833
77286,25912.90764285714
99210,7105.774030423279
87068,11636.41263438921
83423,7160.374617724868
104277,13843.713443963445
90679,14533.937055194807
87218,16308.827950336707
85604,9285.799040089538
81045,28807.791089947106
99525,10843.119284391534
102332,10511.229557599805
81248,20362.47673124099
94626,38408.33456685907
102031,5929.880736111112
99240,20763.224098003837
104198,8143.258183862435
103296,2692.1270238095244
105530,21885.67619179894
77830,13216.376394179893
107707,45829.76898629149
99875,49272.902084656074
107727,10218.397825396823
86279,10635.514558561812
78738,18975.36726190476
77514,18003.12576719576
83235,9819.720727513228
96964,9017.049990703736
95157,28032.78955952381
84407,7761.049496633003
107930,14549.967074074066
100103,15902.423452741708
97895,13545.832563899066
96823,26537.066066738815
85448,8416.688462962962
99246,13723.782839947089
100586,17432.266430254927
84536,8693.65452910053
79744,12987.004434389677
89433,7113.595869408373
93466,17058.6218968254
80628,31065.445848605104
105144,25972.678838985103
87407,15681.380750961998
106295,26011.87656902357
84239,20064.718992063477
89362,11031.323008658006
85099,10877.755440320925
88071,6978.894208633963
87696,10794.754576719582
102512,10872.07186904762
95911,25474.308934704186
85069,4246.679642857142
77710,26141.337941798938
106234,17498.310749999997
96338,8077.291902356904
76534,30409.717840548332
91330,13721.52419155845
99229,11591.430112433862
79318,19500.90052453103
87465,16019.54350793651
85327,17593.658910052916
85601,17613.368543650795
84287,18179.06903944204
99523,10818.492686507932
85692,10132.29758068783
101573,5947.136238576239
97295,10471.632052549303
106567,8698.956006253005
76031,9075.66259920635
96219,21605.444783068775
103153,9877.98261507936
91126,31310.13902320827
106188,22472.453591269834
79174,15429.699046296297
102013,9549.254206589709
104603,13098.186464618711
94006,28050.1670894661
108326,13013.199474747478
78483,27645.068853054363
85801,14789.645740019245
93295,22065.61441402116
107744,18071.84148701298
100171,5587.744509499757
106558,7647.608541921042
100806,10702.80640343916
87732,15744.707719817214
96227,29757.93331758057
92111,21766.73061002885
86147,11555.830378306877
89519,15323.179966931219
95271,25962.157169312162
95264,26100.645249398756
102294,15637.837320827324
81966,14937.369042328046
103012,15136.255189634441
106989,13210.86203306878
96772,15188.291730158739
102972,10475.889447089945
96306,34239.63535052911
108418,26935.726260582007
78045,15114.73766666667
88095,20623.406694444446
107561,20462.420747354492
81795,7485.579450577201
106736,19729.739924482932
89308,19961.802407407402
92852,26143.42621729197
79486,14466.084167989415
102942,8983.324919312166
104342,14843.200524290522
92242,34299.45181301106
107000,14791.588658730161
101869,11528.276715367963
103744,9668.494598244344
92316,21177.534271164026
100386,9983.567598244354
93123,54612.77900793649
79755,35993.58086176784
103598,13353.384730278985
85309,15793.208788961048
99062,6008.803867364116
106747,25844.566367965363
86675,14955.917063011068
78833,14644.413148148149
77194,16327.174206709959
100977,11618.19835714286
80837,22853.98894973546
89253,19221.49412698412
99368,15487.513269240015
82058,7699.318929413182
88519,15329.943437109187
91242,29986.566456950455
80897,24924.58109475711
80505,10515.066048941797
77645,27057.009387806636
100818,11889.767694444447
101021,8430.67324572649
80028,33087.118755772
105669,15021.49017063492
105092,4991.760887566138
85973,10755.603253847996
101110,17955.162622895623
87926,18574.28589021164
102411,18474.258187830685
86210,11833.195766992265
106999,10610.224228354977
86228,10267.647810245313
89278,12763.584050264544
85460,16146.787722222225
100527,4868.0876516354
88852,12547.69899531025
105762,16872.73510412092
100149,18146.02361904762
80290,17828.38680303031
85953,7930.433797619046
81492,15912.553306878302
76831,19135.389726551228
106123,18455.67563864838
81945,34771.2503066378
96796,20388.698793650798
83848,15029.23704761905
76568,20698.207896825403
84777,5960.320897723869
85159,11689.988906796909
86943,12702.086674843677
85719,14193.429382275135
90325,3307.568633718134
102061,8926.43570803271
77924,22047.452286075033
85093,8577.554785714288
101892,15120.65426322751
100848,11445.353072751326
98725,29514.470226190475
83883,7291.107850889851
90754,8260.717186507934
83803,6563.179542881751
78486,14208.978103054355
82705,10824.804277777775
81532,51776.46873148149
108285,25849.710581289066
83833,10796.836653503897
98263,21617.29646945646
87000,13964.662011904766
80673,23523.41017724869
78206,27967.629388888887
105718,8202.37826034151
93533,22575.09251924002
92133,30159.31650925925
91065,24608.141993386238
87899,19735.070600529096
98017,21510.11256481481
99570,8394.297366161623
85188,18361.97097619048
101319,7372.663291606538
100142,11687.33172222222
100019,8537.08138768639
96598,10947.278058080807
81397,22070.713692511195
89238,22642.204197089945
95758,18347.36173941798
91540,15796.434861111113
88474,8462.458156084655
83465,8633.625277777779
103092,11154.878589947093
84968,14896.256082010583
77523,22164.43838468013
93366,32740.379109788333
90815,11303.233525918518
86902,8858.979945286193
98479,6475.567148268402
81068,42785.07835714286
93005,12516.830342712845
79216,21824.94896885522
87027,11878.969177368923
97332,15677.910404077398
76700,28981.522746743995
92098,22635.85212818663
90564,14947.143242243861
85106,18788.895633477627
107907,20551.692456349203
84142,6544.670797619051
76304,26423.364158730168
83000,10171.132818302065
89782,14042.862428330925
76184,3208.97861087061
107539,11185.122144179895
78236,31452.275870370362
82316,19301.882193121688
106526,9843.618269841267
94138,23393.87885413661
87340,13774.543834054833
79516,20323.14982804234
77411,23050.789310846558
86680,10363.439268518516
95225,18377.65632804233
92224,29822.251243386243
94791,22382.12800962001
102989,10203.505867123622
80765,17102.896896825405
85393,21303.819538359778
104860,18970.286850168355
102484,13499.68413071188
103672,10979.20882082732
82448,15490.723391534388
85479,4990.626310125062
94775,25178.743902116392
98729,21112.749828042324
76893,17913.111226671474
88144,11349.865917989418
92369,12386.47836568062
80841,23373.404555555553
76791,17940.585554232814
91845,16774.465868326115
86949,10059.73813311688
103913,19438.664416666663
85869,10214.125346250526
76426,15866.500038359784
85214,20857.268362433853
95332,21251.991288359797
85821,11027.786718253963
79430,20304.81739021165
104573,10649.404367845118
105788,15875.212756613757
104867,13616.885116402122
106367,26181.797440476184
108241,15393.667402837908
76913,43231.3504474507
78712,36284.201513107255
87769,9476.127203703703
80169,23372.95930952381
102028,8376.584116402115
102001,10570.358468253966
107798,40083.137227513216
80044,29963.796872895615
93757,17566.63611507937
104233,20245.681210557963
84195,7458.895396825396
84096,7962.006232730234
82336,18367.646914021174
90423,18904.725857142857
81769,16883.261513588262
79650,15762.638574074072
84837,19317.6954510582
106303,10310.180593915347
98551,27754.3263452381
100452,10384.534601273974
81161,24160.90948003849
101116,8657.679503968253
93465,17611.423117724862
92749,38140.10382407406
86281,17246.717502765743
95586,12196.74181168831
78235,30691.083574434822
102754,7210.844566738815
100017,9056.71827022324
102637,16464.014190235688
98192,12398.563365921109
96683,17003.796412217416
103968,12027.562747354497
89159,20593.926772486782
77752,18079.121402116398
78526,23581.955038359796
108387,22545.5718507696
78659,26734.435595238116
77013,19768.18789838864
106480,14913.260400793646
93920,25288.11829134862
92912,19025.03747354497
79044,28859.435352092336
96831,5162.014914021163
83502,9893.05781277057
99420,3191.2298915343913
93785,11267.368657407409
83739,18785.61893771044
87018,20116.164613756606
93773,31851.56744179894
101674,9187.191349206349
91655,22892.064682539676
104412,4806.793465608466
91636,25203.365251563264
91101,15512.547984968734
102437,11256.520235449738
96958,14791.295375661379
83934,10828.146328403083
83372,18895.948682419435
107296,12288.607137566147
104909,19732.285889221897
103886,10107.473560846556
98858,10175.12560767906
86276,11263.672140898128
98148,12725.058137686387
107294,24873.80269576718
81812,38538.88264405965
77997,19934.236735810493
104626,10194.59903909979
102424,10268.464103415108
84992,13731.642515993264
86867,4504.998687446665
93370,21044.437577200577
90804,18272.588774050022
76001,12605.43931216931
85691,11181.624568783065
76328,44308.204513227494
79143,11935.954517195767
91356,7326.730644179893
93553,19571.979488335743
93673,20568.281566137564
108239,9961.849385161138
99923,12055.31099206349
81616,34449.69480555554
94433,25786.545727513232
99985,14395.084332611828
79648,36346.8717037037
91423,44749.36073484845
96581,12829.426245189996
93321,55752.99849939871
89736,15473.956734788355
82722,7766.730564333813
76093,31943.014922198163
82767,8431.802208994704
101615,15897.51852441077
96585,9742.849122201871
81552,16042.791324074076
89656,15305.200556878302
76301,15369.357873617126
80683,48693.55888576237
95638,12269.4548505291
78343,19700.005654521417
81495,25398.571158489664
78517,12220.380344877349
91764,15778.212638269139
87050,22058.07263227513
102877,14899.698041911792
86844,11306.75425
94535,15384.243261904763
80871,11138.274657407408
81126,9427.96733429533
77182,18470.300978835974
89335,16442.04866666667
99612,9915.098126863877
89041,9342.310184463693
104165,15698.07456349205
79096,20231.88264454065
76051,18656.85743169793
99599,14387.598596560856
107763,17912.820812169313
106646,14751.35149338624
88985,14691.681400793648
107109,26609.162666786917
85110,15649.551553511306
96907,12428.633334656082
106806,13696.386362433861
105409,10909.704592592598
105449,18181.654469576726
104042,23622.637199735447
101299,10226.065714285714
102434,17686.321956108706
96363,10031.177062169316
93918,19470.953141895145
80842,51274.878797619065
91578,19092.27857623858
90458,26891.676227513217
82186,26555.28132407407
99767,8369.80771344396
96898,30232.151812049062
77755,20367.38027188553
82958,13315.128453703697
89248,5408.047393338143
93452,9183.253942881194
81517,11287.620576719573
77919,31215.064174843672
97110,18543.845139971138
107317,9278.790964405967
106102,8780.235964285717
93034,25000.5114920635
103446,10657.54627200578
82762,27951.478462962958
77365,24389.332112794615
86634,14986.788863395868
93109,32040.429578754574
96094,5040.092506974508
108191,13606.788117724867
82667,10731.065367724867
87953,13700.86937433862
79188,30656.209949134198
84962,10945.852595238095
88377,12090.268733618235
85942,12886.494850649347
88278,13703.046645299148
77743,17549.703853415103
98341,9979.720175084178
101197,4944.278547378547
102838,12924.853157203905
86885,7405.327759259261
87648,15184.737981481481
78995,17136.241699735456
81374,20593.100329365072
83829,11195.387646825404
86073,13449.274026455028
82848,10979.226818783072
101727,15893.354735449742
89929,10404.250435185184
108534,11693.501103174603
80592,22323.94420370371
96292,13795.420240638994
102569,13131.949407647906
84692,16832.90514550264
84531,7671.787697089944
100173,7756.938498677247
90263,13076.297275012028
88489,11519.329273809526
83941,19326.777641534394
96621,12929.459217412215
88427,11178.362572751328
86625,9709.167085978841
82798,14749.647426406931
86084,4488.6877130647135
93058,26899.43022000222
98527,9722.038464526213
99786,12264.47717460318
84132,9577.1493563011
101160,10369.224490361488
80396,34987.54157336183
88132,16580.07633357383
82835,17007.855378306875
82959,12450.479663179409
97225,18484.976755291005
85463,17036.494777056272
96733,8332.111477513228
91820,12826.791179894177
105870,25143.023605459366
83255,14919.46196957671
78899,19474.86670899471
99812,11022.513574074079
85798,11704.375665343921
85452,12590.100657888408
84706,18339.17458068783
104289,22132.49644576721
94785,15260.103698412695
96707,10586.526879629628
92847,24891.74355423279
96054,13204.93942111592
77986,62104.26328494656
103435,7323.664871332372
97008,12803.825165343918
81650,29257.710809163047
76920,21785.29201190476
100479,12182.999557118806
78120,11455.909288359791
84761,5257.461951058203
95062,26346.297952501198
83102,6824.388548941799
103872,7945.615968253971
103816,9579.242246031748
85672,8496.490839947091
102125,12732.810743746992
86928,19124.588597883587
82814,15163.08665668591
93167,25741.07448542417
97674,8188.413988335737
107400,29970.054919312148
92669,13830.629715367964
78046,23611.613485449732
85703,14572.535689033186
104265,17651.95857010583
107786,13481.447634920627
83707,17122.83949074075
76858,22886.88361243388
94147,20705.00935642136
87307,18979.563416666668
90594,23322.123308201048
91305,30750.87154232805
83302,9943.246251322747
86173,17075.009456349206
95811,20619.83032936507
79868,16281.121973063971
105265,14933.301288359795
107009,9441.943209355457
107281,17535.754800985487
98848,11789.714370129877
84222,13960.31063684464
98808,22775.920518638766
94002,32973.54122450697
83985,17948.783128306874
107772,13381.238384920633
86564,10764.210633597882
105241,16899.823126623374
101060,7732.14725420875
104362,23362.09726068375
77441,13444.26786904762
92827,28816.82697174122
86523,16148.727208032717
78695,30589.884571428578
81392,16214.70237566137
104823,25301.18816558441
93521,29012.603598965852
107098,15949.347953703716
106011,27481.41943434343
97032,5450.783219576718
88646,9279.106218253972
82014,25488.23532022608
88034,14774.965176887925
90561,15238.222291606537
107888,13819.22232359308
106249,13026.529068903315
94608,22995.71501190477
78134,18599.210679773918
92898,37147.904199615215
97031,9434.830870370371
85220,12921.677687830686
104973,21569.726059570054
104081,9953.309918710915
89865,5954.518778730526
91706,9467.988791245793
86089,15891.125108345364
98736,20072.05242195766
83238,9891.561296296293
104237,31599.649002645492
106990,9036.263994708996
93432,27397.681347883583
85280,17127.63971596922
79909,15799.595448412718
87698,13218.468228956222
106059,22034.960449254446
91016,18409.2001521164
80180,20758.85073593073
90006,12243.59319973545
78122,23701.817737281242
99672,7683.0614843674875
102297,10148.05623893699
76047,12246.36763191438
106296,14181.28963888889
79989,32867.07899338624
100843,7165.467285714281
89014,21505.51356746032
90568,20742.84482299183
79905,19137.4341494709
90643,16360.736841269834
100729,9549.790338624338
97084,10949.851640424395
100984,12586.58427272727
91475,24725.928339586346
105531,15379.337207671957
78482,12169.790971260223
83254,16438.21831409331
85217,9533.187507936504
102974,12466.599482804233
80040,25083.0433992304
96077,13517.4562979798
89073,9722.79591137566
79118,24323.288828884073
107565,10510.168104497352
93486,19132.097965608456
84670,18492.175358104854
81104,16427.696303511308
97867,17192.933064814817
92897,13785.644099715097
96592,16692.291485449736
97864,13364.876037037042
83369,8902.2039496152
100471,11770.833834757836
87533,11404.755366402123
93111,17871.589218013465
99979,13071.96636964886
103340,15328.967969576719
104434,19292.84743470419
78515,20533.65780820106
82046,45206.03086640211
100572,11744.534362433864
96382,13004.981022995526
97575,10331.630033068783
76210,26838.352138888895
96628,13657.275015873012
98232,9605.574714932129
92457,27856.421548100032
103665,13227.675852813858
107838,16310.94974254449
81165,19297.47662746512
97719,26345.396676527173
80739,17046.8707526455
77593,13176.981662457907
84766,13324.55611772486
97274,11170.905715608467
77281,9697.187144901403
90347,6156.322219576718
77555,17684.057029100528
103246,10314.087538359789
78404,25355.06561664262
107745,22437.314806878323
77017,13183.918305315057
107995,16507.287619047624
80982,23218.797852332857
93844,58985.2017984608
83606,13120.387488095243
86904,11791.801976190478
102616,12541.872682539684
81768,32812.44456481482
81464,14593.93617212417
103309,6490.089865079365
92975,27717.140699735453
96156,14871.71843253968
87770,11418.876571874564
99632,17947.335637566142
89924,7702.959414021167
77573,21673.560059015057
102968,15419.246854497353
77822,19333.72772715249
77725,10258.239799543051
100787,9152.511898148146
78013,36311.11532936508
94440,23173.846144901385
83938,23352.550316979316
81204,19606.669217532464
76519,35108.929096801345
82172,32253.64593855219
103592,5813.602297498798
102003,7169.695846560849
104259,17732.896206349207
81120,18638.82923148148
106207,10687.839827561329
86710,8416.021816137565
94024,54891.664218263206
88164,11555.01166017316
86667,13489.690725829727
98371,13671.022612794615
102344,17564.708047619046
83142,15197.091386243384
92532,24950.539890091382
98345,7612.220647787398
94565,15779.22782010582
106223,11278.214299783553
104831,30153.011837301583
96144,7835.710409090907
106634,13816.37922486773
90623,11473.918427248682
91275,26276.006825156313
91547,18661.93691798942
86390,10409.758717617715
101986,7755.12013227513
102994,6419.7947460317455
85291,11928.973595238094
97430,13563.93337688238
106209,17400.228058441553
94798,50555.138965608465
104565,7697.356227633475
93679,15330.92103114478
93960,30624.535756253015
90063,6884.682855820106
80038,33678.737370610856
106513,10207.475607142856
77267,25190.68371777297
91539,26684.856302068307
77973,37176.385850288585
95999,10498.687687830694
78036,22958.979235449737
106191,11701.893920274171
77480,11703.371335137086
82656,9526.746887566138
93916,16880.978322270308
95975,18777.297329966324
81550,14532.25696741222
103221,12986.27405868206
84062,11160.947248847922
81584,14905.474498917743
99564,16187.386947089952
100276,11013.362503968254
81308,16564.952099206355
85519,12364.582489898992
80114,17924.974367724877
83911,13991.171156685905
101879,10557.388864718614
106626,10554.311443963441
89009,12051.616411616165
81989,27262.153144179894
88197,10071.428034391538
93592,27181.197685185176
103290,11518.742232804227
96988,7303.848226911975
106777,21880.869178774934
88922,28401.571996031722
78224,17333.77266871092
79643,30462.434502525255
100066,10213.868528258783
99132,7453.861583934583
100610,6992.604712481964
89409,12361.111509990009
105675,20718.922006613768
93304,25440.07101851852
87662,10342.950489658495
99433,7669.5722956395475
100011,10991.642609361665
95327,28389.03698280422
90169,14644.717123015884
103978,10767.97346031746
95238,25116.642465608482
96242,13068.236936507928
107917,11186.291984126987
92639,25662.535750693743
88936,19835.25102501203
102923,13067.262769841263
87883,14265.325801587303
82670,16198.741886243379
104229,27347.908062890816
82031,20513.047830687832
94197,27599.19395890222
93921,21882.47210377585
96030,29293.61951310726
106335,6462.444335877087
80671,14759.9059481722
86723,26096.56127380952
79293,29513.207388888884
97549,17159.12058958634
91837,18611.892491702733
86437,18431.72226996152
107577,23725.900386243393
88419,10448.859030593958
80746,46464.69130952382
82548,16865.54521957671
102711,10344.357270803275
80682,21238.457819865314
93204,34966.17965163541
99582,16635.504880952383
93195,34495.24826911978
89626,25047.793954665718
84713,3305.7322764550263
103182,15114.490796296304
96954,23793.407139971143
81758,27016.47092291968
91938,17520.113390211645
92961,13253.004942039443
89533,19899.9553917749
86243,13215.104177008177
104482,20993.744082010584
83198,10748.264268518516
78284,13061.040096560842
101133,14756.295213924963
94339,25594.48655146704
88631,9871.87016534391
84364,14953.846040163544
104341,16080.245933261182
84650,9445.779417989419
91140,25925.26209920636
88889,12874.707539201534
98085,9921.541893217898
78796,14565.795549903807
80524,25817.26677092351
81309,7543.452674362677
87410,12930.80946486101
96810,1876.528194444444
89982,16702.049830928336
87326,10258.748722668213
79722,15289.650596560845
86367,11132.773460041955
105368,24377.097178571414
92505,30542.46266798943
103000,13082.403067460322
85052,13038.245292328036
76497,52862.80911904766
105312,20521.17140608466
89705,13291.399484126992
104999,25544.613580687823
107876,27096.84152513225
76095,22111.350715608478
96723,19216.828003968258
91593,29692.52357275131
85772,20957.03857671958
107199,10326.566452140458
78256,49883.46483814334
78275,27998.48604521404
87582,19840.677113756607
104231,11679.287081881082
90265,9427.05047751323
81793,15036.541994709
90526,14621.92505483405
99086,8886.00255423281
92743,18212.548862554104
95412,12400.202917147672
91146,27161.922158008652
95923,20549.536859187112
76021,19540.530800986053
92858,15122.13844495319
90984,38115.29825661375
79158,15659.749557960567
90318,14647.032135521882
91747,20678.982199975944
96641,8894.911593915343
76202,14666.062867724868
101040,12863.233773809527
78797,27381.89810052911
84745,16412.328936628197
76942,11523.752582972586
78980,28869.132904160655
96662,13794.926610389613
107813,27520.62744973546
93431,24082.54388227513
86915,13152.286585978829
105102,29950.39673015872
104447,18641.822898148144
83183,12475.204937590186
78917,14031.009419191918
99336,7277.849125661373
86883,12526.198953703708
104155,14880.926482295477
89989,15870.367555735944
80406,29523.567630952384
103151,12555.70908862433
101077,12431.079767676767
80134,20522.469908970656
79090,25698.28449603174
93482,43182.48909645911
87205,16522.686597883607
81295,43919.38475396829
89726,9994.746846560849
107842,9002.878002645513
100351,10046.025329004327
78392,19953.516643217896
106503,13486.482811207308
103982,8787.820487012987
89276,8649.62020683021
83143,11276.102990139492
106521,21818.35531746032
100841,8024.30188359788
76990,10431.402026455029
108466,18052.202976190463
94285,21909.933402116403
76323,20784.192195767206
90868,24395.057269360263
100631,10803.188593915342
76196,10952.932708994704
98387,17838.42077116402
107494,8872.445933862433
107439,13377.462306878306
101458,16378.158244708991
78473,15174.894144179902
107016,14117.9987010582
102109,10232.345837301591
76537,11342.925395743143
106523,16087.032124338615
86340,10894.133747354497
102486,18460.48508862434
98993,20323.687914021175
79358,10390.706212962967
79906,9447.757458994703
83932,9037.169977513224
95064,7396.151933862435
108339,18372.50175300625
90489,15738.413303030307
107984,21966.266776455017
108096,24908.648235699486
98313,7565.999005291004
79508,15774.623067460312
94289,25209.715317460323
104393,12835.58485978836
108220,11687.884660052909
104795,15241.049351851852
93178,17363.006908730156
106079,41493.54256914381
89584,7427.082092352089
102435,7434.322589947086
91967,46670.46909259257
107618,19788.838962842703
86862,6366.2401494709
87991,10523.398301587304
83618,18334.336334656087
90089,11895.225707049485
90681,15065.390158730155
85562,11976.971231000485
102934,10270.081224867721
78806,29366.807623015866
104615,23261.477250481006
101221,8507.450320466573
107067,30720.699925925917
101807,16812.603802789792
85952,16264.80120719096
99387,35159.51772138049
106135,10226.192870370365
90522,13716.245234126982
80068,28385.34825925926
95046,38195.53090608466
93546,27088.473250000006
97202,24706.308484247238
97567,8430.397089947091
79963,22411.333548701303
84033,16931.13349074074
86538,15387.358766835012
104104,30080.564427248657
98033,6101.669033910538
91989,27268.88200048098
102114,15730.20278643578
102507,7651.934025132275
104663,13770.334769841269
90772,7154.913807720056
102250,7976.992830687831
78758,14973.091642857138
101421,10731.104478595475
86744,11599.528154761907
98916,8377.448574915825
86659,19708.06869841269
79853,31752.9773932179
102463,8607.313609497429
103827,11376.148390211652
106662,21459.563074795562
97291,10024.993722222222
108516,10716.374055555554
101211,10143.33574206349
94947,21441.443306998553
87948,13260.689730837987
83719,19787.23808645983
105186,10899.556830687825
97592,19676.290022847516
79918,40347.62709475709
78137,10739.065334656081
78859,10328.39313888889
86082,10785.466104497356
96316,11107.169649470903
80327,7900.421234126983
81639,9702.645592592591
76145,25574.21466534391
76612,27611.267166666672
99606,18291.423419191913
101120,8035.2445608465605
98540,6496.983361712364
99667,7413.225816137566
81038,24900.093342833097
77521,17742.30215331891
83408,7563.4819259259275
86905,11011.160594601835
85997,8497.525140211643
77009,18467.44680291005
103958,11882.360246031742
90392,8217.93253174603
94800,13075.906186507931
84391,6008.202338744589
94843,22572.011869167858
85555,16076.92295490621
101453,8123.583562289565
86686,9586.48017063492
101665,10492.568919312163
101044,5659.142554232803
84230,8303.594326479075
88440,15076.548207671953
103253,7607.946140692641
102847,11832.869049302552
94381,45509.55035040887
94229,26510.634640211654
76327,35733.05600264549
97717,21896.60778114478
101291,12039.374734006733
81877,15065.5191521164
88927,5934.402030543527
77137,27626.44327777778
105325,7183.686573112076
79368,63211.33604151404
90769,15214.137318783063
101376,14823.68071007697
88733,11409.258293650792
104519,20339.73142929293
79100,11672.316602573355
85667,10448.52739574315
91111,31896.83200396825
84474,17675.171226190476
102166,7299.191464766719
96711,17637.459408730156
103102,8406.150592592589
102519,2148.6517671957686
92508,17713.505821937324
79560,28234.443310846564
79530,18362.596732804224
103272,7638.88541462241
86935,8971.705493386244
88977,18323.655093915342
92681,13318.593401394906
91978,15181.885341269839
81144,26174.968268518533
98005,13197.623887464391
82716,10505.750853174604
83371,8249.247750360746
95566,18465.728684824433
87240,10621.630179413178
105593,17573.378461640208
85457,13060.627710317463
89803,12144.768711640212
107934,5419.72145970696
94736,48522.270785714274
92865,18401.407929894176
89863,12360.092566137566
101109,10752.402094636842
100755,8084.258006443077
99015,21047.5467987013
98439,10001.98293650794
84150,9516.726853082107
87593,14519.487376503123
83830,9001.839862433862
96778,11650.137354256854
93458,39058.8133483646
103141,9742.200905844158
78576,26664.714095238098
84582,8149.300100529101
84034,11493.457589947095
79223,21797.76011327561
88574,17346.978358465607
95914,18771.615838624337
91830,24821.067591269843
76682,21409.024351250606
76091,21342.732699735454
86187,4408.504336099085
80571,21197.964733451736
78015,20267.501018638774
83392,13373.384804834055
82103,13084.656066137572
93859,21677.10431349207
76290,7831.561531903277
86539,5315.980539682542
81288,18142.53139021164
103599,9503.280000360744
90430,7850.733941077444
89392,13037.088150793652
98963,2257.5848320105815
88846,14178.306624338624
90966,47036.478768398265
97360,8785.480399470896
82496,10232.137325322827
96630,18872.936770683027
81712,18370.8511494709
105871,15730.177867965376
90926,15094.794137566148
81443,17002.750574074074
98173,17103.918797619055
90309,5405.463895502648
92444,20366.668794131787
80136,25968.40867051467
95739,16345.147443121687
89153,20373.70934559885
76376,14608.741564454062
80884,15067.988296296295
87395,17117.355135281374
85338,3150.754761904761
103345,10470.305320105817
82351,12406.084753968258
94598,40689.10922005772
103500,10695.585324323833
90717,7521.9670496633
79512,16933.649497354498
82283,20153.447583333324
85192,5384.077958994709
81490,16415.631250120245
94793,23779.643449485702
97046,16630.110077681573
78567,30572.43352910053
106928,12480.420033068782
102478,8154.601518398265
99213,8212.670972222224
101949,5984.298076719578
102151,7616.190611111108
82627,10817.090818783072
90239,7488.985508537759
91840,26049.648117724868
93782,43433.25026887927
97384,12203.852277777782
108322,16184.30862566136
97638,6789.925433982682
101508,17671.986019841268
77475,27301.117951659453
106194,41576.67578571429
76651,18985.560523809523
104133,23951.436404761913
99030,8574.390929894178
81824,17446.546547859543
83167,21007.817916666656
92274,26307.45896164021
86068,10305.782858310353
78912,17491.437477513216
88363,13785.223465367975
97410,10064.166924603176
77823,19901.53765103416
98879,12847.002779100529
77043,11985.616412800166
93902,17567.761496031737
82757,12210.97585826211
90417,19033.507302910057
86645,17094.6053543216
105708,29409.18923809526
79365,17842.86762049061
93456,24066.206657768154
104676,15278.666700817701
92775,20469.86307275133
103789,10566.25757914308
98176,5322.339927248676
101278,8558.79846164021
86112,17595.441685425685
90579,19345.402929894204
102615,6885.876447450693
97093,25538.96762145262
84373,8601.38057034632
97755,12484.229390692648
100097,10423.168961899206
80866,21919.003121693135
84693,15062.14727248677
103077,5135.265566017318
93079,79560.64158068784
97533,27708.04561507936
94217,12929.260908970648
106019,25452.335020081766
107836,14443.525235449737
84471,13296.599364875861
94600,23592.04043956044
94349,16992.153981000472
95132,26531.923494227998
104772,27211.08554792429
92560,16767.952444324193
101638,8634.35584126984
100523,6652.940432539684
82090,10269.373716931215
95816,19140.94360714286
88689,11444.204644420392
82540,8668.70047751323
81643,14541.921736652239
104880,14231.928982924486
84922,20487.860542328042
97849,8416.036084415588
107366,11173.795383597879
89303,16585.304611952863
76547,48216.29485978837
105055,20536.958095719096
104312,9246.041087542091
106500,30216.639621813367
91096,14474.899507936509
92671,23654.984621452622
95982,19231.471550264545
105012,10194.157222222224
108232,29899.029689393938
84668,9623.997218253964
104903,15364.328831529583
86487,9877.433800505045
102860,4846.703152717655
93205,11211.584749999993
78221,19999.268117484364
91931,28492.265099206368
81589,17877.329580687834
106873,17401.85842063493
89482,13113.516450937957
98459,9913.99732160432
97660,10735.461518518516
96409,13439.70104365079
101480,5191.754189153441
105862,1890.050962481962
90363,10970.959447089948
96433,10757.352013468013
76970,20523.754284391543
96689,21173.89482107707
88899,11803.492433658923
87559,9210.177443001443
92908,28597.855956349198
105211,9417.804334415585
96729,8548.030455026455
95854,20282.042969576716
93767,15806.60127645503
90545,12308.41333730159
84005,9375.884874819625
77380,22448.404662698427
105877,10062.05411531987
104706,17975.296791005294
89994,8311.716483645983
90227,14498.482858465612
89814,15948.760570707069
102539,6407.381252645505
87753,15616.501958273215
102038,11873.885517195764
76666,17758.315462962968
86698,4978.740886243388
97368,9276.048813251564
79416,21263.998356060605
85147,18462.900076719565
80148,20542.70909126984
96579,13222.812376022124
89817,9924.0420964406
86431,10114.804041005294
103566,4386.791019600771
89355,9797.787933501675
97349,6913.90741931217
92618,20992.87018518519
98595,13573.143670995672
87502,12306.205575396829
107954,11352.726924603168
81470,41830.9876878307
79848,25985.168988095247
96373,11146.172411255411
79599,25844.898920634925
101454,10086.339304232803
92802,20303.35309583934
82725,9134.710055555553
81084,33641.927661375645
90130,14414.284060125063
91985,15070.69250661375
79528,19927.79343915344
86359,12856.953538999827
95724,19298.33027748177
102527,8582.643066137567
87032,28154.639001322732
78499,12442.625128306876
107980,30620.411898629136
91005,67827.30054761906
100196,19098.38864321789
102797,7006.971687830686
77141,18418.187861111113
92109,47597.417774410766
96501,19418.891605218854
83865,10934.30283399008
79122,31221.65467989418
87979,19233.612365800866
93237,32532.412937830686
99104,13024.74552777778
95095,18919.785947210203
89412,10559.467390537375
77440,14142.040683862433
84127,7339.8722633477655
103842,14804.10731613756
89806,9219.530303751808
98894,7797.346196072449
88126,9158.813630711875
92809,17186.059577940578
106076,13494.328516233763
80110,23729.999664021158
95396,16444.971416481654
103003,15241.007378306873
80123,26321.635935185186
82441,11974.259363756615
89990,20154.825576719573
92936,21778.22093915344
82544,9292.266223544973
91339,69006.67805870983
103929,10059.613653799908
102389,12873.840629990384
91128,25027.174871693114
89752,7995.549050625302
76840,5830.455275132275
96514,10930.865202741705
98706,18354.45450396826
107602,9852.764726190475
103844,10413.279771164025
76375,21269.853728475224
80401,13727.19202308802
79030,21875.78131746032
105766,13137.793435185178
83033,19933.906667989406
92521,13849.36304629629
90836,9462.120137566144
99168,9342.995544011541
86363,11894.668028499285
87320,19053.75120045695
88185,8831.977783068776
79290,20713.395912337663
88091,6957.332934944688
83838,6445.525990814741
88099,7021.180466931214
82824,11055.81897338972
94204,10987.328044733049
107723,11503.229873015878
93691,22252.22471957671
99317,20599.13749786325
107105,16093.479307840298
106351,20786.654614718616
82970,16146.872332010582
107261,6451.164296296296
76679,31255.508361592125
79464,15353.659509018762
91312,24633.18534680135
80546,27695.612181337186
89220,9588.525380952384
91796,28374.670664983158
106360,30680.951603174602
83027,16241.366832010588
81553,16829.05565933141
79124,16467.86956349207
82590,9130.281580687828
107515,17051.380739417982
87964,5771.835316738818
79995,15979.794982563739
101022,10233.753778277282
78580,27750.59611387685
97644,8314.801633597881
87603,19181.38094708994
85091,19569.365244708988
85155,15243.249066979317
78402,11381.359227392975
92603,30698.92070598847
79788,15935.359764550267
107769,21703.906328403085
105117,11332.3809484127
94619,63848.66561387685
76808,23959.19632347283
89229,17990.642234126983
102592,17037.250689393924
84597,7707.477228835976
77146,29381.13950529099
98794,8458.830488696485
100453,6840.944271885522
84075,13105.601255291007
92090,30306.27982960557
97646,13384.304330928335
84071,11012.569565020305
80924,27218.155326719574
91167,28285.076068783063
92607,18129.64151851852
99654,13035.907157407404
108195,8542.343179894182
95150,30783.20761904762
99921,4033.563005050506
83768,21571.474172919683
106095,11398.450769360266
79380,26376.660773569023
106671,34703.64469444444
91757,34828.18262830689
84936,16885.846098364596
77970,21382.736585978822
103327,9089.784787037033
102169,9820.263056637808
103207,12306.54889550264
81602,8931.13233838383
79975,36038.75983513708
102385,16905.15688299664
80726,25851.46914333814
106953,16317.130949494947
92929,21596.11868253968
96553,17765.83800108225
79654,10831.980610630111
95376,22679.31421428571
96667,18390.24261640213
83421,10403.85777008177
107579,18581.391906084657
89108,19538.219809523805
79958,28955.260377585386
101980,9570.634144540642
85178,10794.399971001218
100898,11830.102485449735
94926,13662.274764550266
104484,13025.515898148145
80250,34882.78550683577
79639,50828.62191137566
84385,9843.225181277063
98249,15867.031044733034
94803,49662.939671957676
99178,11580.72052513228
99706,21691.730995994752
82493,10599.742061447812
105868,19601.701318422318
98807,10249.856415343922
95529,45091.54267592593
93580,25834.208870881306
91437,35609.53874867727
87804,6599.683870009623
92901,17907.832922919675
77177,34274.622285714264
78856,17750.525668229915
84586,2304.014144392644
85230,9149.129449735452
83215,12390.742260461762
78610,20117.264103174606
100081,7968.4978253968275
105716,13763.628707181704
95022,14652.125863756606
94225,9655.123952020207
106371,9313.382972222214
76850,26699.432555555555
108514,22438.778628306874
80352,51306.15375793651
87930,17936.598684223176
103564,12429.732701261692
79881,47921.514173280404
86736,13383.390189153437
83661,18891.104328403075
98853,26763.531505291012
107158,22398.188129990365
96809,12311.44000998076
84048,15878.004392857141
90608,12204.039204304958
89134,16597.553279100524
99321,9864.914637205382
82452,27192.07807407407
80684,26170.158619047605
99699,10849.023451215451
88449,9386.818486652233
76962,20362.542215608464
105626,15176.930138407894
78655,30045.826783549786
97115,6130.309686507938
94865,15465.337615680613
85675,17515.76656481481
96671,11228.15177982203
93365,19416.62422138047
105188,15649.225676046175
97713,13626.825906084665
98996,9537.716612674369
98329,5770.980945767192
96091,10325.593128306882
101010,10826.193052669549
87169,18582.778679653675
83760,12561.116035296132
98511,16539.263597883593
94233,43623.692661680914
92072,13788.892687830688
79796,23637.000441798933
97619,31206.58575601251
84419,10397.505075396828
101015,14111.335968374218
81132,28342.732629629627
105597,10264.421539682538
99139,13038.171578366075
93116,18250.325690476187
97838,14975.522686507935
76627,19740.798910894664
81785,16343.531291005285
97645,14618.42618518519
78865,20725.4233464406
92152,32157.042673160166
106432,27157.320047619043
81609,25486.61833994709
85585,19661.88978246753
79017,11785.837112683614
105666,9984.97051495727
97664,30191.335177970162
84418,13373.291353775852
102163,8870.093148148151
99675,6440.881550569805
82132,29393.34566666669
89488,10379.421290764789
95516,15281.383063492063
88542,8400.819476190474
81995,17175.68216005292
81065,17026.94758465609
89542,7882.128124338626
87184,23520.91944047619
87194,18658.09960016835
101981,8279.321896825395
105620,9435.904615079362
99094,24850.02726430976
101950,12367.418072751321
93488,33689.34930772005
79632,21683.536364237618
79299,17185.238664631674
85438,10971.629581705329
91006,56087.81815632516
78636,10320.684534271288
98590,12871.714140211636
97735,12633.613096560848
103694,16229.551687469942
97890,12925.258070947571
87646,5869.1651983294505
107953,31008.885665343918
103882,7710.092406445402
77900,21385.85405158731
101991,12389.305173280425
90105,6533.841225579975
106516,15655.076894179883
108415,10019.638481481483
78853,12442.670895030898
98196,9483.322888990639
95738,30269.590228308738
89535,22692.71490873016
85467,10733.86850925926
100920,7165.278458994706
97314,10197.277062650322
103461,12736.971337301587
104907,11075.465608225108
92168,20409.36397751322
98077,11363.307566137566
80593,53936.86913756615
76915,12983.964486652238
106919,28202.617083333338
95592,30619.331712962987
105772,9111.15549170274
95614,14055.999902116404
92550,11841.291121693119
92495,28266.900478475236
84341,12979.42652080326
84600,20586.364437830685
92665,16579.649917508403
93922,15147.391450096198
88129,9426.454568783067
82700,12601.66527861953
94492,15023.24056313132
100974,12788.539339947094
106554,13712.195589706593
107785,20321.51105026455
107443,10596.40349062049
105470,8230.38192684168
99750,18081.839300477288
94633,21072.234382154886
99429,7348.349853054352
88790,17088.740640211643
104180,31616.91813876862
104589,31043.40991137567
106704,22623.104336219334
78596,17480.252202621446
102083,6936.695006877381
84507,19361.00035714286
94274,23388.90505327081
92588,13752.68130603656
84344,11598.284510582012
99818,33050.1738536556
76710,26794.511640933142
107923,13363.310882275127
100470,5524.112624338624
102211,15899.319199735457
90030,5421.838494708995
90852,15872.915285714284
90222,10526.063816137568
105952,11393.406611111117
100876,13866.736592592595
98062,13207.275373256378
100478,16848.811091269847
85486,9568.642562169312
98292,7510.313914021159
86160,11383.410878908131
82468,21227.657657407402
76728,15654.771058682054
97277,21295.527506012524
107553,15614.564942261446
100325,6250.695193602695
91775,33299.45914947091
104326,26774.686980158735
102909,10988.87134800385
82173,28553.230865079364
96281,9582.869794973549
92426,18775.15525264551
97724,9307.652196007693
84057,5532.9013253968205
91020,13800.836522126023
100095,18121.893478835984
81655,18847.293522995507
107220,9647.322194546192
91626,31381.537671596918
108469,20351.835435185178
94037,32613.62058068782
83530,5964.050974822696
84542,11291.044421236174
85634,11582.575143578639
91707,47286.655741221715
81934,10300.98400757575
94960,8800.574413900915
105778,21506.23891750841
83841,8460.873287037042
77242,31529.515584656092
104694,9158.748084656081
89706,23203.939049302535
88670,12630.98693979348
102492,6551.195692881193
82971,12229.783797619044
87256,9342.17615608466
84642,17669.03543686868
107437,25884.804099206354
94640,14972.546649470894
96089,11927.251431216935
85018,28594.554990740737
106576,22389.43121428572
104158,9936.276304473304
98002,9715.85282804233
108045,26961.500033549783
105890,9966.460123015875
103298,7832.744130952382
98977,31742.50199242423
100431,15325.04249383949
81100,14932.713585978834
85300,19614.004769841264
77518,18290.740673280437
76712,17749.297256253012
87545,9343.667480158727
86848,16627.471883523882
77647,28496.212279100517
92094,23526.333929894172
78540,7266.826156325159
82957,19716.60982407409
82768,7644.932586339585
95875,14863.51416798942
80705,27761.90616676841
76746,39781.98939021164
93222,21804.67911772488
84494,11095.38900841751
97557,11208.126409211161
104969,20213.494289682545
92998,12658.582109187102
75991,18115.222428571422
78217,18708.942735449735
79176,41512.42335305434
83261,9861.734923520924
81177,28608.899211159205
89681,10000.044607817807
96968,11639.649193121697
82896,9599.951469576721
108357,16368.026120731123
103421,10644.227722915979
87971,11952.621780423277
87170,20187.33497619048
89941,24025.616887566128
104046,22405.01613648389
88894,12835.690367724863
82638,14445.256950216452
79213,16634.18136772487
92902,22458.116595839343
79282,15706.347048941803
86331,12270.300806637806
76336,29523.334175084172
96080,10447.472570707074
86990,17755.52475781624
87762,6297.803396344395
80699,23256.33351070226
84711,9174.139225949975
95297,24604.94547089946
92828,17544.17477645504
77614,22284.919355820104
106565,13400.27622222222
96874,7516.657390211647
77145,16043.292979196725
80473,23671.144101851853
89438,16612.0130465368
98442,22160.88755303029
106213,20777.829541245796
101442,12387.841888888903
79337,22872.788196248188
106021,36840.94549735448
88638,7442.605511303513
77383,11671.504642255895
88452,18899.41211928813
104464,12612.05613095238
82639,11231.045870370375
87305,11962.512527537276
93172,26011.39063203465
98857,27946.450761063
90873,19520.59243650793
99679,7918.372828042328
78104,15893.228030423279
77770,17198.125214285716
91351,10361.371243265981
83700,12973.59818999519
80548,27387.781605820102
81163,18011.59498544973
84140,18739.620060966823
95479,22699.079051587298
91705,24687.094058201066
97722,15842.66628126503
88383,11354.920150252527
96632,9645.293733766237
76496,12742.88950986051
79062,29257.796866402117
103519,7529.006507765826
87592,8409.45671296297
97668,20770.157087301584
77969,9550.628284391534
97610,27981.259163540166
93889,20996.5054426407
87792,7792.200734126987
95078,19792.501611111104
87575,16586.69124867725
78804,13530.972892857133
84242,10168.057649776152
83462,10391.320916666667
102260,10646.83221031746
102635,16395.132374338624
104460,16588.348932539666
100463,10096.071759860508
77272,20003.421458152963
82246,15151.922038359788
81472,10669.863432539682
82420,14774.864489417989
91586,25841.858403406648
91099,21347.6853531746
103536,11330.46526046176
105169,13152.739321308323
93837,24725.703517195765
93958,18235.377579365086
86124,8854.067340909094
97448,8807.961312716663
83040,7859.1316468254
104713,19757.770334656085
101549,7666.42267376143
96018,8803.782749518996
91089,31401.07205880231
105130,13597.010880110638
84720,9704.102881618384
97182,12182.191286075038
81653,3357.1668718133724
87522,11692.438040849675
92754,15684.992166666661
77510,9453.817143338145
94863,19339.02981565657
108414,12730.447406926409
102393,10422.423300264554
81528,19900.210650793648
78983,30191.16803703703
98051,15965.82005026455
93080,19639.01945502645
92657,16429.570190476188
108070,16543.77902574278
96990,22402.435850529102
83301,16806.33792063492
88459,15484.68877777777
80158,27260.410030423274
106913,27444.093353174598
91119,15234.171325396821
85522,8913.16594312169
87469,9126.014093674838
89620,16362.978198412706
106903,5506.625932511932
104183,13548.407684824435
107015,17702.30936002885
89120,10537.513085978839
80555,26201.594781746026
107037,41312.30346973397
83340,16033.200039562285
86654,12111.438301587303
76116,17704.462628667625
108208,11219.71302561328
99790,12424.659503968254
100950,7575.113103174609
105495,15007.022177368926
85317,13237.176747354493
90114,21978.930112433864
99322,20303.00601719576
77185,23030.546706349218
99412,10267.32325925926
100021,4888.133646224149
106020,12507.090206349209
85234,16676.712808561813
90059,29738.872789682533
106902,10455.14151118326
106871,18014.110219696966
97784,19995.65567195766
96140,25863.78833766234
103840,11632.649619167874
99573,9446.507425925929
81967,18597.92978270803
96124,6681.053406084657
80245,27898.68805808081
90896,31330.71106349205
100257,6403.725757936508
76759,26937.36375925926
87022,14101.604700937954
90758,15617.21242628667
94073,20451.081275132277
104837,13185.917019841268
103025,9671.966281024526
91765,25021.956430304697
88352,14007.051829725826
83826,15635.644361111112
106648,13833.60056313131
102967,16189.834357142849
88989,9607.926233164979
90846,15218.688463924966
90232,11789.118781986535
95262,19891.310171476678
80599,8403.130166305922
93353,20353.5268452381
100230,10471.278090909087
104516,12869.499941798942
76127,16228.381325156326
99603,9640.373681096673
87441,3706.8805262145274
98607,6869.831824074074
101385,12018.742888888883
84028,12893.310443121696
99900,11731.320916157914
97880,30648.221339947086
103005,7808.440172077923
99862,6734.008212962963
84899,7625.183872174125
76129,33002.1495410053
107674,30092.867247715232
79058,24105.645599206342
103161,14005.145624338631
77525,22157.332339947086
89366,16285.965539682546
76529,21236.646341390075
78121,51953.068626984124
87960,8226.04138966102
76468,10264.52931216931
104029,17257.685059523814
78294,34891.58809271283
93269,44979.82535257334
76124,17289.929835978837
107551,17415.39880002405
103953,12055.579078763829
103212,10155.076001322755
77337,24151.331650553155
94095,21883.047291005296
95358,21136.394439153446
94772,24702.141255291
99318,11086.463489214488
96569,18391.450999879744
91669,20202.789592592588
95240,21031.054458994706
79693,17475.069173280437
83100,11657.490244709
85506,20690.312045935545
93245,20154.326962602216
81444,15076.856014309771
95558,20138.04003306878
105709,16935.72231734006
80796,23747.187534632034
97061,2082.750507936508
91452,20989.360665343916
88626,18325.487997354496
92700,36712.75017027418
80109,16768.668404882148
103649,11981.119448532947
95545,17074.342099446858
96879,19846.035941798942
94580,10657.524992063492
88361,11015.033388407885
78094,22952.148415316176
82831,17092.81344182669
76965,38344.17714093314
89246,20149.1044484127
91844,21885.911441919183
92122,18214.030960317454
98944,12013.166503968254
101088,8701.447417989419
107119,10649.14684523809
91603,26049.388227753723
83339,14386.29562698413
105408,18087.665582010577
97091,10968.062692400188
93822,16654.689486772484
96950,11891.105063492067
106461,12382.104507936509
79538,29809.5449487087
81813,19461.52327157101
92640,30571.907170755174
107376,22976.11643229918
88834,14136.616189514187
98532,12420.665425685424
94957,19667.12911060237
84884,13156.59562037037
80124,27055.81712133237
92048,30022.632670634925
90244,6923.764778739782
90103,6272.060742063498
108009,4994.437433862435
96435,6471.66013888889
89475,14615.404190476193
86286,8743.11082671958
100193,8435.267073546824
99733,9327.39342195767
100561,13197.242154761905
98626,7719.628928090428
89177,9666.58406043031
80294,11599.610082010582
79134,29316.99139285714
78603,26288.48841798941
108528,14925.478422318422
79147,20508.16337433863
78538,5892.7315917508395
105042,20321.047939153435
93560,20154.393163419907
107122,12227.339809015053
107336,11896.897720899473
105831,17803.97579353054
92973,17912.156723905726
79087,15798.32452513227
86806,16941.4314616402
98787,11875.842451058197
99838,11380.7587445055
105442,18177.712310846568
101659,9482.517261904763
95085,25763.74666137567
89893,10227.204704906206
100412,11719.204589105333
78433,12374.518222222216
90887,15295.569910233278
87783,11566.24863672439
105572,11771.966822751321
84065,17603.711998677245
93714,27212.9028941799
96148,10597.958781746029
83771,8948.853261183262
84970,7101.939044973545
88859,3594.9839942002436
104620,33652.732917989415
83749,6846.62585858063
90174,8242.26369444445
93947,29211.973407407422
91462,25986.38584920633
108075,8316.856981481475
79113,28061.0461653439
88445,13667.420187830683
81311,33195.611679292924
100633,9862.195689153436
92904,23542.503374338627
83091,7951.202724025978
104657,17974.360222222218
82910,21742.05253896103
92383,19135.225198412692
93424,7663.333210317466
79891,28906.492906445415
98961,9067.53564574315
81502,28982.223223544963
99035,11647.9629510582
81371,13224.542226190466
87333,11262.94587205387
90353,5124.066740740743
93258,27338.94149446849
102053,6925.237718614717
86713,8246.700448172198
97203,13145.40612433863
92794,20608.60149603174
84293,15227.960043530547
91672,16379.809940476194
87085,9338.331396464642
99300,35059.48700925926
81242,15841.752725228474
77834,50282.20307671958
86864,15857.683971260205
108332,15871.080667147664
93461,21840.943860028856
85198,42882.80380555553
75974,21396.906946969695
78679,24039.07266462244
97060,12944.439216931221
89300,19928.0244047619
97682,21553.839237012984
86664,6648.201973256927
85169,30416.162816137552
82930,20352.25312722462
104583,20105.089650673403
107212,22701.361703703707
78128,19196.485193963443
101395,15041.092591269846
79984,15116.775290644542
106844,13526.809217893218
76507,15775.37538492064
87935,14660.129871813373
81796,16214.292718253972
92942,20166.51892724867
87848,10983.638730158731
88325,15348.35982130832
91296,13903.264582010583
103415,10732.795772486768
99038,21731.43936447811
101080,7123.639073762836
102789,9991.854783068778
84656,10766.985853174605
85716,15911.326216209714
90233,8102.743710317455
91097,24768.654779701792
104466,13495.527140331887
85061,12696.473011904765
92535,22854.69385185185
82437,15771.618587301584
104845,11253.222149470901
99353,14027.696403439151
94273,46451.38890079365
84080,16871.622543650803
90877,14977.619368686872
77883,14731.439574074075
106394,20597.193789321784
103042,15207.163051587297
105388,17316.236316137565
93490,16771.935256974506
102852,14519.260392857148
101859,6950.2000833333295
108113,17332.751110028858
77290,35003.25521921597
80341,25522.409419793163
84286,6767.287867003371
96187,22005.521687469933
100716,9391.7337492785
99682,7054.0872513227505
89827,10684.692108225105
82053,12028.730198773454
101135,10050.47862830688
78574,26403.008327006337
82541,17334.50357275132
94530,33355.582653439174
107277,16150.514064814808
88719,7654.000796055794
95962,29319.607706349194
89249,11013.113574880816
98786,1718.6864844877339
83968,4355.79887073112
85115,10419.433665945166
79741,15908.392294973542
81050,26249.49699206349
106955,10772.770156084654
85572,13411.170824074065
80604,34632.92853920154
106115,16353.961239417993
76213,18194.821780784034
92026,47568.340886243386
91397,17875.231480158724
105916,14107.499064814818
100938,16670.836573833567
102187,8211.343312650315
87434,11581.164250000002
99959,10364.169510785512
83438,13087.693346782853
77840,15061.590703102449
100930,15632.852329365083
94925,18863.198845959592
78494,15329.94229761905
102418,7764.665102212606
77793,3985.831957671955
78383,25727.257005651758
84216,19902.346920634922
82610,7366.843078403079
97544,13091.364623857624
92549,29653.907183862433
80538,47321.34976301417
90890,15187.05958994709
100299,9356.773853174605
89902,7634.141833694081
105561,21126.99171296297
82364,8419.166794131794
78091,10552.793781746024
86023,17920.348563492054
79752,21540.911339826824
106315,10459.756770757027
80934,19818.650650793654
78782,30826.62329136604
76471,26389.670507936513
87418,9270.195392857144
76891,28029.909312530068
102628,5492.845978835977
89363,8953.68359920635
89237,14089.717615079368
80257,27546.413810966817
102857,5996.985132275132
76201,39957.39014117365
104887,9248.24438323713
102310,6511.798846560846
78714,59421.614901154426
89302,10675.671182188182
87676,16964.132358928102
90321,8614.163528739778
85244,14726.056986050991
101913,8896.516848845604
87086,13795.30792328043
81974,24366.625697450716
98075,21024.687371332373
80870,18017.028251322754
81556,31925.791104256863
94722,32059.10373015873
83840,10036.202731601737
100809,12205.04805170756
77101,14326.291099206359
102172,13658.072009860507
86373,18231.065730399227
77540,15529.372481481485
86271,16072.864324175824
77679,26109.18911375661
99807,15946.615529100522
79126,15359.93810894661
86337,13494.495991095384
87496,8587.339998677247
83272,15998.412915343915
103495,16065.58653054353
107915,26917.036128306892
82213,21513.36699326599
99461,9737.049199735447
85797,12758.236738936985
78898,14668.591383597883
86463,19262.316343915336
108138,19048.84863696488
88417,30191.18508850408
78694,47085.10230291006
99802,9331.372458633961
100250,15448.87892484367
83482,11790.6234973545
104457,10628.645746845752
101415,8971.579007936505
101767,15932.001662698416
108250,18279.888009259266
89772,8667.509992784988
91127,16185.676318302058
102887,10453.373072270328
90756,9740.767419793168
107554,23301.077583333335
103731,13502.349782467527
92317,14808.262520322272
86805,11805.113585978836
91722,28795.083610990878
85026,27431.199761904765
77478,17235.573379389127
82027,19090.936165343923
102742,14327.327789562292
80198,17693.592007936502
94907,28943.152438672452
106738,9324.123006613754
99797,6636.9104978355
106456,5524.821378306879
82741,6501.279642616642
79172,27497.296495069742
106696,12992.304589826841
82422,8121.325529461285
83924,11547.395912698414
90599,8805.105057479563
108095,21945.77282804232
91777,19569.844796416546
95001,15905.38551984127
80408,43024.15971031745
87330,15872.75409559884
103361,12887.260449735448
89641,9381.803850223852
90618,14274.053555916313
91679,31528.37382527657
96844,11279.365445286194
94418,20396.69691534393
97002,16898.264132275126
79748,31989.88715656564
96355,12291.933867724872
92347,18232.12107142856
81569,15026.161429894179
106924,29414.211596560857
85270,12609.992137566145
99622,6445.851569745072
106843,8273.338575637325
80147,15634.389958994712
102181,8180.7133814333765
84710,7572.638677063681
85189,12089.511380952386
99281,18091.120694444442
101130,9038.743007335263
91554,21819.05425745551
86116,12971.732620610872
106899,18291.163461519955
84516,16306.097906204903
105422,30548.688061327524
76956,13087.427994708993
84006,9927.426963323713
81453,14179.072769841276
104850,16029.570920033671
90867,6269.398343915346
97154,14611.92821031746
102088,11200.646838624338
96019,18742.932760582004
100300,7423.2954458874465
86459,13320.938523208273
99304,10530.384633838383
80630,19548.83743783069
82387,25845.65782720059
91359,22160.205415584416
79123,11944.526125060125
103324,10077.877640692635
101086,13646.399388888884
97170,9749.238669312164
91834,8826.460182733934
85238,7397.605638167388
81942,14894.905198051949
90971,28279.894860028853
87864,17632.99841798942
95296,51985.46559716213
91427,13819.474454545456
93697,17376.974295935543
107694,24805.96757407407
77364,20765.14639814815
102144,5280.388894540644
83410,8746.501353174603
101560,6946.627307479557
84775,11932.234988095232
103879,11415.350411375663
103933,11127.55048412698
76344,16094.361101851842
82119,17518.373292328037
102130,10134.530008297252
85748,8550.914421957674
93769,21646.534439153438
101775,7662.789185185192
94613,20077.16178294853
104021,28064.3121566859
98175,14184.204441798938
98477,10667.120114478117
78185,16623.524129148624
81576,22806.062932539677
84854,5404.809420634921
98361,12940.935191798939
81390,10839.233395262141
80911,64897.037459115
89407,27644.76954882155
95981,24481.68411075037
79131,11553.166304232805
96624,13282.288181216922
85131,17972.49127453102
76436,13360.782841556582
94111,16675.35124759501
101518,9519.235966931208
76588,50727.56993915342
82353,27791.271779581522
96186,10301.387313732565
92735,17614.630320947563
87271,15476.759035594041
88968,9977.074648148151
84154,9860.832028860028
93692,28632.849160894682
89484,9545.657770081765
92547,26190.424869648865
78689,12655.402070707076
102058,8452.598284391535
102579,14567.18642159692
105825,11079.300881794126
96154,16636.991937830688
102183,10850.033559523814
85976,8222.501403799908
98679,7861.049656325163
89612,7565.1687830687815
107988,17919.879732804235
83362,14411.09100444926
94251,19453.469156685904
97018,13247.866148027902
90329,9279.922606782111
104604,25390.15537301587
83742,9690.487878306878
99447,9006.788523430274
82194,15926.632411375667
108351,20194.08470925371
105314,27872.32259656085
97351,11656.90493133718
105861,14539.286769841267
83010,8306.546883958634
91447,22794.841407407406
87619,9403.984771765266
91870,18948.733517075514
86543,13219.94564285715
91484,14676.969588143334
100659,12873.927713189321
104491,22098.355457671954
100779,13359.414277537278
100935,10438.914238335745
82331,14141.807475829724
105140,29760.808730279
96349,13450.286396825388
82664,18663.679300264546
104532,9169.517690984943
91854,28190.059189754695
77003,19809.90514903615
85137,6568.783727513227
94577,30917.115265031272
85461,11014.632120370365
77550,11650.166480158727
99095,10248.133244708997
91832,16730.7229515392
85920,20867.591693121707
79766,17598.540217893224
103839,9773.165430134675
98167,15495.287526455026
96684,5715.933091510341
106982,9117.88124074074
93524,28062.257260582017
108310,15114.489412698402
106569,10222.956671957678
98088,27851.816620370362
78890,16905.14096031746
81559,18418.93146236171
105178,21601.08556084656
90578,9237.358139971142
82299,21192.554790163547
103885,11319.332436147188
77488,12999.442067460317
96669,24527.174034752294
78344,27147.35983128909
79405,24504.99878042328
94620,38718.77090079366
96836,10925.534201058194
80212,12001.428913299664
95746,24152.788905122634
77363,28102.75960317462
76866,36760.842421957655
93847,25411.070400793655
105175,30729.227072751317
90010,8450.680884920634
104429,12397.528735449738
91160,29861.14491137566
78906,15787.771667989415
106414,25727.53842989418
86910,10838.40711507936
105882,9930.412683862432
107238,7855.949001322751
77102,21865.897473544985
76704,12221.263360630113
87083,15866.405340548341
79057,30603.83360774409
83270,10092.195882515638
80561,35695.150350529104
88469,2743.264808201059
78768,16970.568699615185
83574,10750.011313492067
76771,31345.012059523793
98589,17801.44145526694
93091,20248.36465187591
108358,10970.004419312181
94601,23812.046624338625
76151,15647.284123737381
87442,11570.910996744
93531,21658.90267328042
89771,16191.168776334765
85803,18851.620997234248
93147,27918.427921957682
105196,9979.655490740737
76171,28926.035401635392
90616,13791.662769480521
100032,16284.971777777771
92905,36147.83954232804
95696,29576.344838624347
88913,12835.815533068788
101504,9960.402560846562
92241,13826.618512626259
99822,7014.326193602697
87745,9812.971128306881
105827,19533.394026455022
106620,10276.299314213564
93497,28652.066490259742
89250,13671.753947089946
105581,7592.9383425925935
91076,13854.828398749396
83506,5051.5775032467545
100635,13479.652623015874
91828,40217.5655277778
76039,14147.545334656083
80685,11514.714240740737
97571,25783.235810846567
87425,9867.102510582008
91662,19597.775619861615
105161,19830.368349927845
81006,42035.88257491582
82888,16318.100447089955
78545,23108.540148148153
102922,7776.893736772486
96198,9813.557684102938
92979,25719.047957969044
105623,13147.778589947098
82195,12947.281754088508
76760,16674.321957671957
79305,19596.42833261183
107942,12579.82728294853
81981,42723.402084322486
100135,10646.368470899473
84307,8289.988028379028
92628,23856.542928571438
103304,10366.971188431939
89421,9915.695615079363
103645,10997.699044973546
77164,9895.187499999998
88451,18953.624296296297
76488,18295.176031746025
92835,28851.71633164982
80449,13649.010866522362
97408,22024.03587830687
99256,19459.227861111103
86205,8759.761510702256
101002,9943.887025844531
93390,16475.627984968738
101654,7670.533592472342
90595,8746.879560365565
94955,24869.115247474754
93871,27471.429701779703
82164,27919.94651984127
99373,6619.873144420397
90148,19794.631570309313
83210,14189.931244829244
81726,12888.760993386246
78041,19976.617514550275
106229,8851.436235449737
84209,21026.608862794616
92225,28223.372908730158
91878,14226.035607623864
97878,12698.222271164017
77435,14608.212735449737
91180,22021.286323352568
100272,8186.848428571421
94228,20063.191540163527
80549,13162.54192099567
99566,9285.498144660893
85829,9417.846057239063
102693,9830.275596967842
83322,19803.169033068767
96980,9179.9137459115
101844,10051.93090033356
80791,78047.56049278502
107384,15853.675843915336
76193,17003.061717652723
88605,13731.0299510582
95910,31822.122334656076
101217,8312.69913095238
94833,16170.084373977877
80221,19094.54798352574
104479,7582.82482936508
94405,32072.88625721501
93415,15793.18519588744
82460,16493.801267195755
83009,7630.427347763349
85429,8565.27800925926
106034,6580.70569179894
88406,10307.970105940356
81623,28692.605828763844
93605,34568.73105675808
103670,15455.573990740742
100409,6488.516440476191
107237,17522.064588624336
101669,10705.706116642616
78854,59287.89105086579
94034,25327.033141053395
101096,7201.62373015873
98417,8064.690720658965
76874,13963.368751322758
94954,20286.41858597884
83137,21417.48627621453
94653,22516.240163734405
87567,16485.2200925926
78154,15626.156523809526
84461,16271.16459516848
85686,11142.930184343433
94342,16511.534575396814
101392,12274.535620731116
84192,19181.628072751337
106701,12130.199404882149
104013,20883.251334295328
82745,8662.80521055796
103973,6595.429322751323
90409,13630.824813251566
90651,8162.1208441558465
87413,18205.08509920636
102121,8707.61099338624
92145,25456.446330687828
107141,6137.255859307357
83230,7798.625689874937
78553,6353.25637037037
83939,10068.319179894179
104875,19876.43471031747
78129,34011.84870502647
80313,26676.468115079366
85535,14962.757618205864
108311,13728.454587301587
102292,15614.584203703695
89716,15972.992763227507
77046,75145.65987566138
97611,15566.145535714291
93038,15421.030898989899
80503,8224.23604761905
79132,18329.18921380471
103759,9671.505783068782
78960,18577.731499278492
97265,17744.095936387683
77855,20371.09617183742
97371,13156.107184102928
94297,19407.04506216931
95653,5417.770917748919
95891,27348.318278860013
81947,13297.808997354501
79702,12617.123333333333
76463,30127.5004973545
98065,11790.076024170276
77154,28263.99691967293
77348,27410.47141534392
80987,18257.093900793643
92207,11259.480255291004
92983,32439.28126058203
80731,11387.731420153923
86277,19927.52799867725
103051,5338.688409692156
82013,18317.523072751323
78814,48577.84938492064
80153,36742.93162397788
94618,21934.396269119774
80059,30194.090948412697
105557,10521.234682178932
78860,22665.54230170756
84849,10843.267730845218
96896,12246.047851010107
88244,7707.5796993747
105984,17498.732948412704
82644,13694.069981481483
90970,27346.342603655612
98810,21624.415299182303
85184,18490.27612627188
93723,48769.48561832612
105049,9920.646316137569
88554,10663.256017075515
94996,14944.117948412702
107689,9940.61625
81575,47351.71935389613
106988,9905.676575396827
89894,25759.23032563733
81703,18678.854129629617
90718,18126.497520350014
99561,9930.624611111112
81269,34815.98472619046
103069,6423.760357022609
88952,13599.76264718615
95295,15066.478591510344
106589,25174.718286796535
102918,7959.969376984129
93669,27824.596628306885
86144,13779.523744708991
98336,9053.649150590154
96891,15062.463898148158
98576,9154.26060582011
86038,15785.098972222231
87511,16624.483529100526
83642,13235.02484126984
99964,7200.883615079365
82842,16096.593120675618
101714,10094.75777777778
99439,17479.783315416073
108487,18344.794543650794
88965,16637.01108862433
86445,6360.460029100528
85916,8070.017948412703
85616,8155.7484823232335
90865,16561.153920394416
88634,11507.68146392497
108094,14820.005071428574
82654,13261.637106896243
81401,16648.862991582497
85163,19604.21008333334
97623,8873.389335978836
79759,22604.015613756612
108230,9844.889584535835
77757,29674.25379545454
83089,10142.091449735448
92851,32769.00548581048
80656,13641.134630351136
86019,9878.343609959038
100887,17284.75632479556
78011,37931.99493386243
96398,20168.871678571435
85254,9190.127370490622
95254,19710.871733285232
102320,8547.691506613754
88408,12749.882945406447
106594,6286.622712962965
83849,6655.19450180375
79313,19047.47822847523
95010,19597.938893698894
105546,16308.439843915341
81884,20244.485072751322
106088,23078.910982804235
100892,6699.567769841274
84487,16957.565789923032
78004,29758.907993867248
97446,22914.164616161615
93170,18034.811666666657
83208,18718.13778848003
88728,8542.99103811929
91300,18765.919698412705
98637,11069.216666185672
107267,14297.85289570614
89956,14764.47307275132
77052,17559.831264911
94583,17286.797547619048
91424,18255.736198412695
104774,7663.668091991342
93699,25722.400499038005
102986,16551.837583333338
94176,14413.093850889849
95618,19446.8140542328
81622,21818.821521043767
91273,25301.29838492064
102725,7968.351779581531
90479,9915.445224386725
79835,19915.103227513224
78909,37358.38995238092
99437,12117.900198172198
79890,18731.355561928816
77662,13798.179510156506
90320,8915.39696031746
76278,16707.432768518516
80029,15884.710225949979
95797,20109.175795695046
95356,53098.935395502645
101962,8791.773915343912
85810,17108.69591654641
93588,15029.636854978358
85679,7823.205291486291
78286,14080.938872053877
105233,12258.766527777781
98613,6015.230429894181
101314,12317.80805555555
105749,15392.566777777783
106103,19575.473320586832
96678,9940.07236507936
85003,12267.793929533433
78035,29080.43778427129
82443,8392.593668979169
93373,42239.27462313613
99857,7750.904268518521
82450,8173.894248196247
96256,13708.57327248677
95924,33080.54191798941
81425,17369.840138407882
87252,18938.618071428573
100379,10035.3291533189
106316,8066.222203583455
85879,14429.684263227517
108334,11017.769681216936
80243,22015.315462241466
84504,10667.914742424238
106064,7323.7817520442495
96443,10147.38875396825
99020,7177.838075396824
85068,9099.145186507938
105374,9233.828411014912
101946,8794.902272486768
92945,22500.35565945167
79338,31550.33222318423
95027,23722.191519841275
81488,46771.328010581994
87754,11276.353530423277
108454,20903.680089345846
91283,24693.59217724866
106232,14593.036134531154
78368,29621.263650072124
101417,18751.85934319384
81479,23643.85825661374
94527,21934.345948412694
76897,27207.052285473797
84107,9551.736592472345
103177,10861.395916786914
88043,10719.011125661376
93710,68047.62014814814
87679,10605.22767917268
84644,7942.212310846559
79097,18431.28873412698
98030,21808.343780423278
95131,19450.13086207311
83593,18122.612349206345
82532,14293.033878306875
101675,11825.806358465608
85118,18997.82200132275
100813,12384.029583453581
88693,16800.37567195768
85819,16298.896189754696
104337,13463.69237217412
102104,9172.315575396826
107526,11235.30179497354
85600,13721.299143097645
81771,20259.13273063973
98339,7750.493381673883
81855,10384.792306637803
85755,11210.896942365187
87321,7798.845982924484
101819,10323.184838624336
101569,14131.03610185185
94538,9091.601730880227
104142,26305.646544131792
93830,24736.926580687825
82076,27815.928922558913
82721,19993.99611640211
88982,9668.736703703704
85055,9426.783060846561
101426,10266.323668229918
101136,9849.920302910052
91939,11725.44414814815
104368,24706.577821428567
81513,12438.880988455989
76394,20238.984105820095
92054,19242.304248677247
94663,30103.776931420452
106117,4350.388742424243
92528,26058.920736772474
79929,28198.48158597882
81579,25488.076124098126
107328,2694.3137386964886
105031,22889.17208549783
100819,7593.598601851848
87353,17362.10979172678
77698,23788.046508417498
77157,12152.387541366043
85947,17785.4596468254
92761,20372.62591137567
101344,7938.680465969209
76877,14056.673697089947
95851,12555.071866402111
84319,15451.917651635398
93218,15984.065577441072
83770,10446.08332383357
99753,7406.849007936509
82062,19619.161946608936
78053,35791.99005555554
83901,13492.67668157768
89826,8560.907144179897
104171,10498.841157647907
83906,14735.03524338624
86819,12855.20923003848
88150,17102.833045815296
85289,8020.734310846561
100567,3560.859255411256
105930,11791.682050264551
107244,6197.209148629147
85900,10420.294461003949
83184,9898.757571699127
97034,12967.974101611362
82506,1376.2018391330896
81182,32035.406738576243
78619,6778.269313492064
86046,16668.234719696968
92798,16174.15404863653
86595,16243.351951178462
103854,15078.019791726796
108504,17954.2473095238
77451,17926.98809728235
76665,26533.91883321308
103434,6424.371449735451
82338,21230.292259259266
105189,2827.063913900913
94512,20972.49007671957
97542,11682.379052068303
83343,10297.28979100529
77274,35098.23208742183
83810,16050.43301984127
90850,12509.937560945591
79688,15241.181390211641
104038,9686.59839069264
100468,6131.861669672921
81010,18684.44723544973
80372,27843.869673881676
95979,23093.09542724868
89813,6076.6651468253995
96873,13125.25291618567
87267,10019.854518518512
83327,14153.922828643577
92095,27018.274066257814
84723,6927.753751322749
101561,9975.706083333336
77409,8808.61335281385
76480,22319.27345767196
97632,11894.91137433863
91990,29146.817280784027
98020,18867.461498677254
81375,24993.5148423521
81903,15751.475915343919
107050,21399.912867965362
84920,11597.817706469463
108180,21336.445774290525
94696,24468.98925769601
88215,11198.22042676768
93276,18789.487304232807
80359,13474.5082037037
88717,4247.959435545938
99702,7625.326629509378
86283,10064.941102036855
100037,6024.855900072149
93640,27752.497105459333
104313,11385.668425925925
84666,16997.57846428571
93000,26196.761834656092
77512,21599.6540467773
85094,7419.122007936505
77184,20035.810003968265
91257,21057.496929894176
103957,7798.588449735447
78533,31235.75551394901
89080,12754.308909211159
98463,21841.405498677253
89002,7807.731649711401
87542,9806.154315295824
88641,15559.24658525733
97972,9249.982747474749
76363,19084.675119769116
93821,31402.769978012733
93549,16550.946393217895
86037,12168.001819578565
79563,30407.094260276772
100014,14003.893664021169
98717,17741.637585978846
87323,10204.913650192399
101054,15225.003455146698
84408,14693.13541666666
82692,11078.066966931217
91513,50753.68015223665
92863,18817.022789081286
90666,17924.925118085615
76919,39939.637539201554
91549,51335.12878006255
90300,13355.334785714287
106228,15681.98207349133
101551,10019.81977645502
105986,14064.406263347768
78520,20898.094633699646
94130,27361.24928294852
88980,10837.068761904762
76245,21247.559449013937
96800,13589.394997354495
79591,28481.641092592596
94738,26411.188418590667
103275,10973.412432112986
82981,10195.225885091313
102017,11347.25478823954
85242,7441.930431216927
106488,12851.248093536102
80606,15192.708960918706
100861,11206.984657407407
93103,15522.20073100049
83680,17198.266308201066
95926,21930.098654761914
84955,10394.62935449736
102279,10369.277861471857
90285,14444.785501322753
86735,15453.533418229914
89918,6868.114773809526
100914,8028.799903439151
90315,8662.08734271284
98805,9437.793973544975
81572,43693.15773184222
85263,5660.476271164022
91962,11059.545325396826
86328,24524.3318611111
79610,29664.181922161177
96570,2614.2925396825394
100929,6776.242712962966
107784,21860.426193121686
94269,15587.815033068775
105574,23668.443215608462
76572,13171.237595238097
96249,18410.5513508621
97897,13335.95557551707
77625,17118.29561952861
102369,14720.921505531513
84079,14109.265899165648
77866,16639.542443482453
83806,13403.524547258296
107540,19291.406209716206
103244,16068.644060726308
98859,22541.409608465605
96719,17243.938345238093
76235,47936.03742989421
76348,6261.050642015393
94323,46252.68525456948
96314,14306.073449735452
77439,15476.21375000001
88588,12196.491763949016
89516,14259.244928932181
92199,13902.62693650794
81669,26658.07647907647
93600,26773.669164021172
105605,9477.126085618087
102501,10248.574149230397
105250,20484.518704064456
103132,14517.696895262143
76914,31670.85572811447
103063,8348.871831649834
85636,19711.91454761904
95703,25980.783367724867
95014,13417.514977513227
91855,25303.26943686868
89326,17391.160207671957
86878,14303.59890324929
94159,25789.689134920627
98939,19527.89711676285
106603,27330.088503968247
97683,13411.03839009139
105057,13563.558017195764
82551,8515.678525132273
95156,15877.304072270323
96663,11158.959525132275
103966,15609.712755291002
103721,8950.415007094758
104581,9700.449649470893
99601,28493.107059523798
76271,11312.827436507936
106578,11844.327613756614
105436,7551.166828042326
96180,14061.554442159691
93214,18809.3605592833
83950,11233.299094516593
87436,7585.5976916786885
78008,34658.403145502656
96396,7105.564822631073
86423,16928.81924338623
97519,19281.12409151035
86137,16956.775418590674
94515,16403.370030663773
86264,9623.473566137567
93856,16091.664951058205
89370,27676.727947089938
95869,27595.329890812875
108411,14979.023701058191
90193,12230.65577928298
84817,6884.21948015873
100719,9130.376550264551
82801,19629.089349206344
83103,20729.293950697447
103950,7699.294896545989
83927,13906.624064213565
96442,20010.994875661374
92599,13594.842318163312
105284,9298.151448412696
89963,14148.348764430011
79117,16331.025567460323
94001,10448.74093386243
90520,6275.848624579123
83344,18942.75547883597
104811,22530.851232683974
81567,4701.999353174602
102778,8819.196313492062
90439,22840.374875661357
104220,10208.690506613753
102961,3682.463037037039
97588,8110.925827801827
78049,9214.608029100531
80076,17344.07293080994
83466,7622.977169552667
81941,20355.458839947092
105786,16579.27288186813
91443,17493.51151430976
99961,13630.784101787112
96323,10696.73408333333
107235,18087.318049663296
108199,4641.383478835979
93938,27814.41066065417
82727,18753.42173809524
78548,30146.770269841265
90362,14927.282402116405
92257,25904.429178571412
80015,15824.142838864847
93724,28166.961975348735
88826,15987.341482323229
80051,3162.1578013468006
90219,21159.505931577693
83727,18142.174673761434
90139,18281.286150793647
101189,8106.104780423279
85435,16425.931652116393
91933,29609.72635449736
95135,9701.403910052912
80576,20919.728051587303
97289,13913.812626984129
90225,16850.596375994384
77958,16475.12693253969
96218,29629.82368314093
83747,18088.955213804715
85699,12485.003561568059
92682,59825.76134475709
92129,42248.31474098124
91533,33067.262124218374
86503,9949.969686988932
107555,20256.598879629626
98751,25323.52683682059
88145,15797.132168710925
104214,21360.307913059165
80027,17128.15793253968
94594,19607.319451058192
105978,9371.207296296294
81202,21239.107067460314
88343,17317.967183862434
96928,25894.375501202492
89639,9191.18653306878
83427,8376.908219696972
77241,13894.292931697932
76837,20855.705196488685
105316,23056.08206084655
80915,11121.383112433858
78226,20494.801141534397
98367,15905.80412397788
99268,10460.129608465611
102336,13693.138891534387
99355,9750.520233044736
92728,25775.893252645503
105261,22188.61057948532
86321,11362.10409325397
83913,21593.265079365065
76582,9604.804829485329
80624,10996.266417989418
105804,14432.430867965368
101229,9194.970251923998
104782,9985.974992063495
91859,51313.22314021163
81892,21540.302667989414
104257,17655.26797486773
89995,24952.351587810335
94721,28339.86169841269
100123,10674.624368364208
83121,8011.462761053761
89621,8657.639455747956
86608,13338.689048100046
106922,9188.402874338633
96146,18115.75763359788
108383,19363.5336574074
81554,44024.05019047621
101538,8708.502560966812
105248,13427.377264550265
81033,20664.861653439144
107312,14901.253788359785
85588,16006.08809415584
108227,9885.229845238096
84017,14606.537839204859
101028,10157.39091354016
93019,27358.12759656084
84359,7605.591242840495
90602,8299.985640331886
102834,8726.955983775482
85284,10949.870979437232
78749,63632.149873737355
96892,28317.272591630594
89640,8893.91039057239
102773,15270.50005026455
105779,12709.585559163059
108453,17662.251026455036
83162,11292.812625060114
89704,13137.051884920631
96488,8199.947310846554
81546,20247.82594829245
82108,18886.11935185185
96784,8329.071555555556
86526,8426.781256493507
81220,32827.342195767196
97126,10444.463616281864
79954,27773.591742063494
100182,13034.823226310724
87058,19489.11100853775
95026,20966.878716329968
96334,13536.19317857143
92636,21255.955588624343
89131,9836.56584223184
78145,14305.508585377574
106255,11847.387897546903
84691,6042.661464285715
83425,11863.69751322752
91526,23062.921652717647
81170,11867.320999999998
93766,24209.442846320348
89183,11768.594723785473
87644,18424.842526695527
105559,47034.840341991345
91968,13964.074702020202
107198,13862.60721043771
97030,7832.393014430016
96512,18097.711497234253
106506,10218.548682539677
97240,12974.680986291485
98164,5605.605521635771
79782,9208.092255291005
102498,8437.021189560439
86052,9405.831662698409
101070,12604.92751851852
88461,6270.473176647429
94238,24137.314731481474
97040,8655.582555555558
102861,14683.126084656082
81516,42036.72174519
98512,6977.50821805047
91654,26851.278564814806
87837,6964.056361111109
97950,17779.42994191919
91492,28251.63559391535
86374,9589.22976659452
103671,7064.334182659937
99254,24227.273120490612
96920,19104.579838624337
100733,10059.42103727753
101602,6786.163762866766
101809,8768.07168590669
93626,38719.10175732601
94707,27245.582785233288
84718,6529.896302910052
77357,18001.254977513217
101735,9293.393048460799
85009,10385.91764153439
98213,15937.851288359792
89068,6947.170332611834
76270,17009.162100408834
84608,16978.704828042326
106582,12025.40835557961
102112,16551.1277989418
79840,16616.786952565963
102362,10483.088275030523
102074,15811.154090788843
78050,21739.8961350224
91002,33997.28705170756
91648,17724.43102380952
90182,15174.194402116407
101732,11805.241879629628
108023,22941.465498797515
94586,26177.354068662808
91189,21757.137753006245
95199,22305.606753968244
78510,12504.181945767192
92551,14028.775923280422
92368,21646.160513588264
83335,8180.836750480997
82609,7223.864105820102
83471,15775.159706830205
89455,9929.042664021164
84982,9035.959465608465
106978,29322.840814814816
96399,19288.302162097167
82526,13029.279317848823
86743,11248.739698412695
92104,18077.38498148149
97862,9287.547116402116
99211,8301.94064021164
99118,22375.007645502654
97657,30125.93688624338
80627,13394.880878306878
76293,17786.072215608478
83108,7663.414855820102
93728,20076.58339153439
108295,13690.945113395865
87957,9791.917387566144
78627,27485.085916666674
103227,4684.840556758058
88115,10439.106113756616
89694,14526.921242979244
95755,44494.07993121694
100889,9934.931776455027
76859,14181.583869047621
80975,21606.527931337172
104878,10755.194558561809
105859,21094.596699494952
93283,24257.787600288604
76217,14663.890181216939
90731,16553.575568783068
99826,13544.65910064935
84180,12478.101928571432
92500,24495.452554593536
81956,11159.63408994709
100508,10061.470067460317
78336,11841.532056517563
98694,14630.74748809524
92486,22835.790384680127
77134,18759.34481725682
94264,15833.073248677241
108210,6703.41907130832
98310,17419.897331289078
76260,36684.13544179894
89623,6691.080182780185
101737,12823.745283549782
97665,9501.096580327085
86041,16399.388008417518
86653,10406.048076479075
88423,15128.786869769121
103407,14859.625596440594
84654,18355.436039682547
77143,29009.1010337903
106392,19321.475439153437
86347,14725.555828042323
107230,10472.12449386724
103693,9428.531009860513
82765,14911.074647019643
103894,11504.240057118806
105668,12819.733948412697
94216,9642.093829365082
76250,31594.52948412698
102466,6296.248961640212
91919,17721.741850529103
99138,20933.483052910047
102850,16100.245584656084
79094,23969.431130952376
84552,10735.77048809524
93668,26655.182853174592
93389,14727.072212148954
84312,9649.346551587301
79379,27573.412652236646
98739,7591.652967772967
91448,36397.48043253966
89834,7764.507211640212
105359,8722.176507936509
100267,11586.48337866763
89101,17064.700958994712
76904,21807.57899591149
76664,30004.866768518506
102621,2448.0849218374215
82337,24216.861166666673
94266,25741.383580058824
84994,16306.36533333333
86246,10331.98878210678
96923,10739.436739658488
107661,19669.717157527662
92401,18499.96897883598
96296,12537.092309163056
85114,11518.193212962973
83081,9678.298326238579
84948,8902.464662698412
80292,17180.979064333813
78938,13245.428133237128
79942,21604.77041269841
80899,28390.64266666667
102476,10522.545799663303
90589,14008.526240860985
89944,16147.56691798943
106241,17753.0633036593
99835,18239.306470899468
98665,11705.159656325159
96516,6434.374845238094
79065,21939.875783790292
97070,14251.474306878301
88721,17044.638271284264
100311,11929.792939153442
97912,6020.21826190476
101514,9053.675423641176
91763,19472.60711267436
88488,16720.75556746031
79955,8730.497355820104
105677,7598.414772486772
99297,6110.7099943482435
77377,10968.842085978837
95552,15099.421390720388
99704,14946.21720767196
82097,48609.20326036867
77067,4965.732575396825
93326,15442.388992664746
98258,6089.4207337662365
98900,20302.26697354496
101474,10470.345538119287
91945,14850.356999398755
78816,32668.206116402118
95208,10766.49922486772
80788,17838.445384680137
92446,13091.328222222213
81929,28664.79485083434
101068,13731.936657407412
105116,9639.778805555556
96828,11577.59949338624
102272,10524.861963203464
89347,21226.131425518935
105201,15209.989281625782
94146,17065.999088504086
105641,9727.024543650792
94416,35596.82698063974
89152,14275.357308441557
99500,6382.227864237613
101711,11748.76950925926
88178,15614.41938227514
94259,24322.77793111518
90380,11293.738332491575
80659,42284.38064201541
94687,16724.28822486773
100447,8753.598680856177
80895,14262.824667147663
91806,22885.948162698412
82758,9859.257583814337
81850,15417.17086375662
85521,10601.274767195766
92432,19808.30392989417
78318,45280.041764550246
98804,13613.790541125549
84403,18340.813858465597
100979,12804.277315536317
80559,18532.83287325637
104553,19046.73321440597
90570,11454.289925925928
108278,25421.452791125546
107134,9403.701194925447
84351,16976.324918294675
105418,9832.043378713883
93910,19979.7138015244
98231,24452.07498412699
100789,18095.06710449736
101332,13293.30503306878
105715,9439.33579497355
82170,10605.132302910046
101526,13600.266566137567
89070,6233.093040524291
90429,15313.834374338616
91152,19527.733387566135
82374,49061.751165103415
81668,32060.070048941798
78914,19984.123719817224
105239,15150.348871693117
107483,19010.773599206335
83354,13719.082190476194
105252,12301.893199134194
93977,19357.923391534383
89807,8185.20838359789
81551,26297.817871286123
86311,12414.777827398822
85966,11602.00321124246
83878,18325.54321007695
103342,12142.390633597879
102398,11361.430347162099
77021,51317.65807359306
82755,7773.4442592592595
88635,7274.042116402117
105457,13981.979484487732
106552,20541.979678571424
102641,14480.40148941799
77582,25439.279001322757
95453,56656.76084932657
78388,11198.18208333333
99772,15944.886097883598
77990,11303.646275132272
78944,32010.02959607985
88290,13178.859261904761
90011,5670.5136448412695
89540,12986.215946849446
78904,26251.016190476195
91379,17115.162111111113
105750,11479.681735209238
95603,15015.527594636844
92481,15282.864188672447
93463,18545.374604377088
88974,12662.985559523813
77787,20198.371718253962
101389,10813.669345238095
90559,33350.49479773931
90421,12945.371718133722
107190,26639.90454401155
87506,12076.681630443627
101147,14223.412901274658
78096,28871.615630230885
99840,6304.7356375661375
89677,9513.12357936509
97991,8924.3216495819
103556,10748.181612794613
101327,9955.212472342464
108008,20140.006392857154
107752,17347.233075396824
94554,18803.16705687831
96408,25348.932419312172
93573,27478.77684126986
83674,10491.546812770566
104503,28926.719273809522
93082,21800.72826984127
101841,6058.525610569984
85143,31683.958986411722
76781,11477.936656325153
102153,8858.649217532471
97411,6746.797551587303
101676,8714.130904761905
103176,11772.309847402594
80879,30375.849562650317
79695,16633.734538359782
106987,46912.587093915325
89095,19343.421314814812
88707,7820.127957431463
79935,12696.508115079363
104678,11704.223404761897
78644,11083.821356541604
101947,14113.762567941323
85390,15187.63770767196
94121,14721.409547138046
80525,26771.4645
92964,27483.567248557003
81982,29296.57036892737
93804,19330.964327635338
95574,26403.857919552673
81710,17464.498087301585
84452,17994.00150517076
94410,22493.29535978835
79137,30025.341005290997
103270,11572.821141774886
82736,5017.301367724867
106741,19073.74941269842
77630,17400.6644520202
100426,14777.869580586075
107231,10325.723756613761
101001,13102.081737373743
95067,17687.514066137566
107197,27383.994794973547
83522,11433.92106601732
80239,10467.415172318422
106389,20755.842635521887
99072,15381.94387830687
92779,27575.56296336996
107906,21961.068164021166
81289,5900.773523809526
101206,7333.188201659449
85646,9170.269111111109
95202,26384.3391055796
96423,6074.849566137568
106597,7885.319958994707
97601,9185.102159331409
76974,53247.0858425926
80171,27179.089976190488
78391,22070.187166463165
101424,11081.641486245237
79548,25868.957547979797
99083,9415.456038359784
96204,26206.543234126995
93318,11003.954734126977
85745,19594.018916666668
79531,47170.529004569486
106411,17483.849852693602
88431,12968.634575877833
79827,14858.941037397788
80860,20950.431578042335
93114,31714.586473424726
89031,7138.214304232807
105755,18769.989706830205
81286,9753.713762987009
94641,19221.401963443954
92196,10110.449054473309
103591,7074.351441798941
80497,11345.139396224142
89672,6826.616433381438
80800,20751.408033068776
102146,10650.10482046657
106675,21430.303891534382
76780,18507.02822594998
79880,42094.811082852335
90306,14878.528466524222
102271,8850.60895887446
82996,9908.506917989429
77929,29079.379039081297
86610,15165.397789682538
85316,11805.050916786919
91134,8507.893075396822
87377,10269.287720899474
102946,13149.712607142854
105420,15312.686603174601
78375,25522.09350413476
81157,9939.337526936026
93430,19968.183820105824
90671,10371.669921957673
98881,7528.635945767191
107152,12784.137150793651
106056,8809.474947089948
86256,10598.511933261183
88692,8440.871962361709
98622,11521.892041005292
84068,4967.998798941799
85863,8629.881358465609
104131,11381.843753663003
94296,9575.10390367965
104177,8348.557707671958
105126,8155.251335978835
93360,27316.282669312157
91059,25445.31074603175
100015,9566.448529220785
97027,10447.723675925929
106300,28506.383471500718
83539,14469.1065462963
87099,13756.463619047618
90692,6686.400355820106
107313,14395.290584656088
81341,56287.07512037038
82901,11174.273150793648
85576,16329.577677248675
98646,13157.048402116407
102552,8224.981055555552
84874,15998.970200456959
104768,10789.876260785508
87768,7062.353664021161
93342,17820.830123219373
87241,14029.102432539687
103615,10312.317829365084
98526,13811.861420634923
107464,12729.527026334783
83357,17887.66505651754
103171,8808.336299062048
100341,11028.309727392976
104547,9773.286152116405
102882,13585.625552910054
107531,20869.08297496947
85433,11633.454253331993
78435,16030.577783068788
106094,19279.611298941803
92625,77224.3980133478
100319,9873.989870370373
95937,28652.429179894185
88915,10109.574255411257
87681,8172.599711159213
92428,6887.3196150793665
85427,11232.20466438191
105372,10269.731648148148
82482,20017.74553968254
95178,22168.122218855224
106881,9344.634298941803
76562,26830.985764550267
103710,10375.656288720536
89109,6378.478661375661
92522,27979.979645854135
84821,17607.871956349205
80597,27349.677137566134
104040,10453.897454906208
96115,9646.078080808076
82818,8968.782968253963
90316,15898.684420634923
94385,19760.871859788364
86823,10323.26487037037
84842,12732.580102453107
102995,7074.678957190959
85397,20280.138728835987
81427,12831.899067099568
102461,14538.64841798942
77422,33274.089530904275
102354,13382.857845238097
91822,21167.477530423275
87427,9728.048346351996
105450,19868.003424242415
94789,21547.762529100528
106631,26765.843288359792
97004,14250.961150793653
100826,14817.88411760461
97915,16816.53692857143
93253,31436.563003968255
85776,9993.501035714284
105562,16007.02432010582
77560,16917.350247715247
82659,9703.172452260695
89531,17008.658503848
94076,18899.152543012537
98457,10960.601960076961
96163,23612.686494708996
84779,9786.872638888884
104551,17637.368903439157
79934,16373.055141293888
84896,12786.881662578167
99393,11032.35304365079
82051,16630.370019240025
93247,16240.407796536801
86929,9923.188957671957
106943,12445.724306277052
79979,22944.327498677256
80912,20668.934391534396
105006,9383.662001443
94368,32504.09827344877
81871,22937.70814814815
90338,11086.430781385277
104271,10763.234310846561
89984,6737.602585497841
105122,9954.64128463203
104308,27347.851705868205
92941,28553.763157407404
87433,22828.432664021166
96289,20038.069955026447
89130,10100.218310245307
77233,56035.30184788361
96895,12823.395727152478
90364,12292.444556637805
76283,18955.834960437707
77689,23366.82695382395
98366,9828.563104839599
78025,23091.89353487255
96644,10357.845297619047
80641,29425.137743506486
80271,28706.364747354488
99003,7769.628240740737
79756,12520.887137566138
76981,11665.31024555074
83320,13766.771555555555
96797,5033.820632275133
86350,11520.533765873022
107535,15065.364231481477
104370,11252.772505291008
100740,10957.22855512886
85851,12953.49846825397
89132,4978.408058321309
78746,21075.06172619048
88999,16528.861578282827
96416,18369.033525613275
88921,7509.199070295332
101078,12181.44483862434
92447,22906.999924603184
77960,15768.960880230874
106799,14213.437066378066
99888,21247.288054741548
83252,16429.37682539683
78645,13671.930321511814
92233,23905.03224191548
104026,9760.56161940837
85148,17281.992446581196
107726,13812.144203222702
93331,23121.402184704188
106236,16197.594597402594
95282,15631.53865343915
76222,26974.919291366044
84158,5560.613947811449
81857,42589.69304497354
94698,16627.164619528623
104680,6035.736925565177
104366,20341.61348725349
82562,17428.03049338624
89753,11432.006685185188
101937,13931.287037037042
76600,19000.730412938905
102683,5738.529787397789
89245,18303.60881216931
99902,13177.821041005298
106525,9649.181376984128
80738,31471.290991341986
107909,15346.494951539198
105939,16209.318569624824
92485,29524.34302777777
105128,18963.544886243388
103147,7407.899063492064
96539,9192.558002645505
99656,7794.03372883598
89755,17569.46222354497
88400,13549.08938997114
82968,19350.84214947088
103521,15152.580325757575
94755,28871.547836219353
82278,27596.95601022126
106205,8134.6179907407395
102677,6505.806798941799
103577,13091.716177248676
88365,13513.212920107679
93543,15691.58023761425
103285,10987.126555555556
91445,45971.302653744395
86676,10145.033547619047
108086,10498.670711640216
97671,12618.618841269841
85193,14094.53387433863
80220,46178.966761904754
107824,13342.739738095243
87246,9199.962681216934
85080,9204.829958152957
85470,12005.527840668592
93453,29148.902158730165
87214,9945.301805074561
99010,8780.640008537759
77246,34530.42442857142
81671,17334.062783068788
83651,11011.896042115295
101085,6199.146541005292
86961,10007.248795695048
99154,6677.671528795278
85563,11459.788079966329
98972,19490.50362169311
79331,19685.66605447331
100112,12033.942350529103
92540,18877.85942700817
102135,5994.8275079365085
104980,23654.376125661372
103442,6798.07201984127
104320,11453.101914021165
91208,76925.54190873019
82486,21768.15559976135
92052,8875.024139610394
80540,18523.92095105821
89228,13271.875228835985
98960,11405.568810846567
86821,16685.122998316496
95220,15480.111844155845
104196,11516.265119167869
77934,49883.93680194804
80965,17851.247623015875
80864,16846.782145743146
90303,15454.69806216931
100396,12532.941678571422
98226,11858.016843915348
107713,8304.89633742184
82199,27355.12469708995
104715,27056.768087301574
103412,11229.674616161616
77224,11649.303146344397
79149,19342.900483164984
79332,22493.600724867723
100094,15233.919248677246
76280,33317.04386904761
104668,27089.235931096664
106239,10774.41879365079
106918,17251.004801587296
103738,14055.540356680356
99768,15449.244054232808
99895,6591.215681096679
88553,13297.204770923516
106781,10919.131825396826
104339,23551.795683020693
88198,8096.251882275129
77024,11107.693548941807
90492,14387.970456617459
87383,8188.180492063495
85194,6895.345419306945
100821,9998.74960353535
86207,9475.96388492064
80736,13300.886167989416
85035,6555.310564814817
77847,9733.201113395862
102444,8115.295784391536
101635,20727.754219576727
99639,8827.27155423281
101365,6578.31981794132
106612,23951.971501322765
89655,13076.178576960076
96679,13557.212527777781
107353,37597.6616957672
101805,11362.749198412694
81804,22734.46596031746
106783,12380.447483886494
101047,13526.664048941806
76164,39921.64975396825
106524,11736.836017195765
104745,9625.554702380943
88874,11460.303104497352
89206,4708.58079689755
88602,19239.557234728232
80458,26106.323832510083
85756,9930.126973544973
100972,6992.195431309436
79897,33303.23376587301
85913,11606.40378439153
107705,23141.830430856193
102659,7340.948287037037
101994,9816.360220899473
104004,10530.322824074077
91171,58208.99683730158
100207,14824.043144179894
101431,7395.991033068782
92034,19178.109735347985
95470,32734.926974146216
79276,29362.47661375663
101893,12427.378849206341
91522,29217.207532763514
94047,21179.628298562555
100620,14315.363488095245
97405,10759.745683982688
89277,11205.481828458578
102728,11234.6579944685
95665,53009.67013419911
93861,15965.887426767687
77779,11353.689624338627
79844,19029.510747113996
102549,10521.27367063492
79764,22062.437998797493
106543,16037.106306637801
90127,12551.227981361231
78759,16777.933965608467
85232,15993.753908730148
103173,12572.82867652718
77690,11945.638649230403
78669,36804.41359776333
77821,11076.210628547378
96869,8715.549379629629
99426,10367.242244709
86596,11345.41230624204
102352,7840.61951960077
88825,7978.987662698415
82595,19862.216974867722
79408,23044.315921430418
105771,20279.069169071674
92499,20250.920408730162
82744,11118.77867267917
104310,7181.628410052912
82965,12134.79213023089
108492,19967.37387433863
102748,8054.962714165466
105549,20701.09798015873
103794,13476.424190476193
87574,11514.317095117847
77090,18834.16731481481
77729,28659.48062830686
92854,18505.91939947089
82724,11429.784474747477
76843,8457.435883116883
95714,10176.043063251562
85077,14754.878450049953
100035,4835.838701779706
76694,12882.035159812409
86970,11969.234321428568
93243,28523.791662698437
95700,24700.453431216945
103907,11208.98742460317
105698,14502.233760582014
84320,11217.242376813449
91561,24213.268690476183
100459,7317.1750039682565
106398,24446.300406926413
86911,3771.639054713804
102905,11768.130046296294
103009,6383.568463684465
76287,14455.41249603175
106832,10673.87456822807
107240,21852.487046296286
104164,9073.992234126981
96561,12971.54746347171
81823,9551.39056469457
82102,24171.718193121702
81420,25797.00265271766
79102,21530.313498557007
92252,20077.251502765754
91605,22254.28917989418
94353,26556.016310846557
76883,16283.15995683021
79941,20497.07791798942
102977,8290.060068181818
104975,27262.13939682538
86138,20047.368674603174
76309,23716.427504328996
104976,17115.762486772495
105819,14383.730762987007
103115,9747.414785714283
78958,17274.868202269958
86851,7324.345048941801
91889,15714.420629268881
96977,23805.5039021164
98888,10420.951809434318
87642,10495.260087301584
96835,20293.721178451167
95915,26264.087419312167
89880,12212.203118936619
86974,11674.870161014915
80793,12701.285662698416
95773,26131.192892857147
92664,10527.429168350169
108423,13147.044049422804
88073,16793.2656984127
97731,18080.671364838865
92705,24396.644342161355
98275,9549.317041005294
106563,7962.7288068783055
83216,10701.859395909647
108252,20190.388301707553
90052,22290.334566137546
96839,16579.022334896592
87847,7686.426916666667
101778,17686.975195767183
90493,9255.888710918714
84236,8270.450970177968
94651,27635.314927729687
82828,6829.380862794613
84570,14745.038711570585
103560,6913.2107552910065
105414,11109.554699735447
82874,9322.762202380954
94023,15201.113646584898
99936,9039.504526455024
97927,6461.484072751324
85922,18000.601636604137
92409,17510.172751322745
102547,7675.386219692342
98620,7819.320021885522
77418,26031.869789923043
106846,22264.48864417989
90794,17057.0892420635
102848,8033.376551587302
77668,20553.637786435804
87057,8778.46177801828
92125,47175.6049404762
89356,12654.08256818182
93931,18167.663346079844
98496,8107.899676286675
96762,12949.067676527176
77603,15858.163136243385
76242,16185.40899521775
77854,17733.859841269852
90496,7719.987321428571
89873,8074.623334054833
81047,33620.67269312169
81482,13386.903461519962
106630,21289.00976948052
102807,10168.309304112552
101397,6953.66698412698
103459,10106.609088818588
78508,34491.03523088021
87042,17893.309361832613
106348,21852.279734247237
90653,6606.404171957674
76159,28763.75571777298
87944,10110.34743322618
81531,28462.13571693121
107875,7407.477426647424
99542,13091.525839641843
107359,18326.261445045704
104564,13169.115532227035
82560,11899.39061345136
93591,29772.820135281385
103234,7546.275818783068
108458,12169.394867724872
79888,12699.90802513228
76419,22701.6776516354
106649,11455.91722546898
90004,8002.736868566622
93201,35647.104127825885
97558,16692.87135016836
83097,14036.880772486773
96492,5470.471871693123
78413,6877.825257215011
79076,13296.446894179897
87061,10097.345368205866
83665,12527.11198965849
97131,12610.814518638768
102075,7091.979179894181
99331,8099.928265873015
82067,48557.348206349205
85459,19025.64729292929
94510,37342.865575193355
97875,21206.257435185198
105176,13367.053174362674
89196,6428.318652930402
97424,20265.469202982196
92886,23717.241206228955
76660,11761.659570105812
81181,19200.482297619044
93133,13231.035304232802
84390,6363.472091168089
107413,21873.207565776804
98681,10582.156217082227
86318,1699.9734510582014
80893,28682.516785917796
106409,22697.65502248678
101539,13973.735325036077
107735,13855.573562169311
103362,6920.852765512265
95493,28887.71383862434
95573,25183.553673280425
81435,29806.87600132276
89730,13837.516206349204
104812,10379.275248196247
95540,14010.48148388649
105693,9335.244320827322
99879,16480.332323953815
105045,10260.678140211638
95556,26831.40918518519
105209,10898.827841991342
77262,45051.71240151515
88746,12909.400530303034
106257,30410.183909442407
86665,13632.272252645507
99714,15888.604720899466
86308,3774.020789682539
107814,13675.928542207794
104110,18295.911436507937
107020,10080.86500132276
99899,8029.511512626262
87878,10952.704558201058
107898,8134.621605820104
91803,24809.77222751323
91708,23888.2811388889
88131,11791.552335673581
94236,28398.540406084645
94787,40207.55838359788
88426,6162.845240259743
82052,22146.919898749395
81430,22749.144378787878
103458,7992.938428571435
87322,11100.14613227513
88030,8651.201992063496
94505,29125.44439898989
80104,9785.219170634922
92324,26439.405618446366
93393,17261.39403499279
101185,5382.869423280423
99944,9859.129024623524
91381,19092.83616065416
102720,8969.790165704662
80107,22800.556384439642
93006,31692.68153270803
85248,13066.944458994707
99068,12316.000146825403
76834,57543.5119437692
89377,12632.20609367485
101452,13121.23115740741
92548,42165.14769708993
100658,13452.229850529102
98383,56023.19514285715
77915,27676.672920033667
86268,5757.01374867725
80304,3362.969032948534
106680,15003.957641534393
101132,7068.247910052904
90092,23905.660501322745
100329,13725.764798941798
79943,13909.851846560845
104189,14514.67428571429
107250,22511.35012662339
105088,9987.484461159207
88824,18757.402635161132
89166,13170.696092592589
78748,15672.230723424727
80118,20875.259388768634
106238,30898.64537037038
105638,9316.719129268879
94974,15746.900325637327
78384,15681.554162698412
93451,19696.34586050061
98422,7343.7762169312155
91430,39293.92748412698
77519,19713.585158730162
96946,16672.198753246754
98391,6428.8481190476205
102809,6455.158537545787
82926,10836.5137989418
79108,22568.695005291007
96213,19475.99827910052
89205,5542.582522486772
91600,44389.86246151993
107292,25400.128198051963
90688,16164.610153661153
98776,7390.739448653198
79778,13380.919882275135
106834,8153.691041921042
107835,16879.19152513227
99788,10968.744391534397
91133,26484.306496272235
82747,9711.64368650794
95651,22002.7201031746
90035,12337.70497689076
92821,14334.880726190477
93614,23140.59006072631
85993,8781.75557070707
94616,16302.39822089948
97987,11678.71591883117
79300,23018.270741221735
98588,7492.270378306873
83355,8876.353621693117
105664,22213.856345478598
106502,20235.429274531027
77235,24610.901158730157
101503,10280.89582479557
99569,29030.87517989419
93332,19118.358206950452
103565,4297.152813492065
98223,5155.874033226036
89090,11198.315316824055
101490,5102.709805916304
89428,10172.948597162089
82555,9695.23632599808
94744,19474.433785834524
97092,7977.7197103174585
80994,24862.79829282755
99486,9055.397033790281
88556,12841.539987614236
105789,26760.571701058194
90968,14324.594966089475
87386,10667.402881433378
96239,11103.25187193362
98412,8896.96779100529
107073,11295.256664983164
85775,12774.98797486773
103494,15534.096952982207
96232,7398.9117182539685
95146,16674.561057479546
101493,16332.382157647899
108369,22141.69739407815
94214,25645.638439153438
95377,21471.39569516594
80081,14033.09674603174
81186,16194.997006734004
100638,12014.874354858102
79228,19726.81468386243
83296,17328.887601851835
78663,18400.793030423287
90474,14176.579027777774
99746,11681.4203505291
80600,53221.29694456469
104132,16008.635531986527
77292,11123.587377825876
104314,13026.608018879266
92563,54783.82753799905
81135,20642.183629629628
83199,14308.201725589226
103083,7250.666801587303
88165,6897.604541005297
93492,9036.956296296297
80502,22240.253706589705
87640,8645.56614021164
95862,23409.673187830685
97106,15270.356239417997
88353,6166.237866762871
99443,19584.068425888927
85914,7991.654481481483
102522,7839.665693612391
94035,21491.548400793647
82309,17685.37331854257
103845,14130.508041005292
82955,7336.765892616645
86039,19649.337478835976
76890,8044.255671754169
94862,19899.465762987013
89261,9954.177779100528
95261,29068.03889021165
76543,28195.44488131313
93805,19268.18908068784
79387,28372.199534391537
105256,18762.135248557006
103632,14236.270969076213
101647,7888.499538720544
90779,7804.640017316018
83004,9274.058005291005
82810,5933.5791632996625
89851,6955.187490740741
95583,20025.019814814812
95318,12319.595713564213
96740,14518.331827801829
89999,6501.911779341027
101586,7133.749567460315
90205,21926.457623015867
100202,12746.351211279463
95896,16059.184248677257
78190,23146.492625661373
106867,11208.658986772487
103122,7096.975113247862
78800,19083.97753944204
98137,10350.423538270295
104071,21996.130277176522
80969,17151.758025974024
93695,12387.821663419914
79235,16678.217915343906
100233,7796.620185425685
103673,8445.533702380953
82811,11282.859619648874
106273,23353.76307732082
81714,11454.692477513227
76623,15492.297570105826
98396,7586.516845238097
87067,17452.415189754687
94615,30499.978543650792
91380,26862.12405796055
81368,16043.01421548822
100189,16645.462072751325
83055,10218.54022138047
104726,11277.098973544971
79494,20062.224396825386
86895,7201.766035834538
104253,43947.51393253968
80451,24808.099426887926
81633,28929.300349206347
85761,8947.787598484849
76040,15860.878749999996
86749,6560.544081168834
97161,21004.330498455252
89492,7589.704416537168
101063,12758.248665945168
102557,8251.252925084173
99966,6182.4827552910065
93615,23485.482410052897
79812,14145.589009259262
106083,38205.02662433863
91688,19279.01035690236
93348,13865.970672466416
95861,14522.795896825399
84278,10596.78836973411
76892,15931.776396825397
86674,9271.873986652236
76138,21230.70348809525
104974,13907.348817460326
102421,11465.098558201058
82617,16214.325559042807
90307,8726.593681096681
92258,21518.763307359302
90255,20459.62195648796
101498,13063.168172077922
80567,12976.352863035107
95321,25296.529019360256
86671,3266.307406084657
89272,10908.537213203466
78823,7454.684809163057
95185,22375.114230158717
98753,7673.795416666667
88611,3132.9739708994716
108390,13900.813464285715
105366,19092.21681637807
80433,21238.180010582
104145,11315.871086099087
90881,14961.971853174608
82596,8957.248103174603
85279,11076.387675890915
105968,13122.651113155367
84463,15769.86198328523
85840,7959.796938515185
78708,12821.438146825387
81642,27126.485644179895
88004,10605.313988095237
97345,25528.474353174606
106927,6822.654834656084
78351,14015.781180134683
91596,30101.778175925934
98390,14492.375399230405
80145,14501.462206349208
88364,8588.955275853774
88715,15628.557642616644
100449,11341.745329568577
92076,28595.09368686869
102573,13988.471120370368
89983,23320.080719095713
76338,28418.144170755168
78076,20267.472858465615
96116,13054.050180134676
76662,19601.33864393939
94194,40986.90210846561
105200,6857.9140370370405
95232,16579.238781385284
85705,7899.904554232804
81683,6825.778017797015
92007,46816.32246153849
101156,8166.351665774489
96857,9028.531354599103
91201,18693.76950396826
77066,9303.07108862434
94938,24949.792312169313
82691,11945.018745430485
108279,24236.228938071195
101317,11031.666305194802
91872,20850.12043686868
92517,20230.377478428978
76176,15715.91966185666
98840,21580.38073809525
96297,13558.594186507944
105077,14408.693842833101
108306,15968.267989417987
106837,13534.167099326605
80906,12055.85968518518
85979,17508.29874603174
100004,10688.036022060076
108473,19589.943544973547
77203,19025.42317797018
101523,11730.836593915343
91769,22268.11779232804
95403,19754.47404100529
83930,9466.408624338615
95272,28297.14780555555
107063,16404.06348268398
105033,7617.016515873019
105705,13103.398052789806
80224,19384.252984607985
98468,9204.83871164021
90993,22615.46663239537
89413,6734.939482323231
98561,19190.982210798455
88199,12050.788695526695
95082,16349.408814574319
96647,9360.579240740744
80307,17764.438649470907
86717,8081.028962962967
107754,26197.064153920142
92740,18833.371472943734
89653,9295.468018759018
83458,17149.029054861803
88918,5939.907297619047
80859,12144.864220899472
76830,37468.261370370354
92727,10908.91691829467
82512,9620.760427248679
94918,31899.914390331905
96158,11658.368752765757
97812,30930.509302068298
102820,11460.762973785477
88655,9562.22023412698
86512,16736.62072751323
84814,17290.914222222214
82832,15268.662466931215
86946,7665.48925372775
102885,7827.937035353536
86598,18570.536748677252
76927,56470.46666546419
83377,17592.939727513225
81917,28258.854133838366
92972,21733.21348459872
94932,16937.17413648388
76026,35604.102080687844
82383,35401.32432503609
95697,26517.968266354026
79489,26359.91494576718
102254,10168.950027777775
95248,31031.84316666667
99438,7976.713869047623
96002,24742.532141654632
107266,14248.693238095244
98233,9426.48850925926
87721,12025.076550144302
76462,43174.89894119768
101352,10310.6828483646
89118,9762.467429894177
91908,21867.97932070708
94169,21923.197651700153
105347,16830.784580086583
93347,19520.918801587297
107981,19110.22391077441
104698,16317.431732804233
87678,18883.78963095239
78945,11368.739333694086
106051,12027.673535473785
100768,16785.477418350154
78915,29097.766689736185
101837,3922.0721071706075
79136,12151.644851851843
97035,9041.50382756133
78591,47876.702017195756
95969,31577.374027056278
84208,10119.155996753254
100228,7843.527132034633
97687,11113.018790885042
87591,14886.63351544265
96149,24520.857984126986
87736,10695.669338929589
87550,4002.6408655603664
102052,8192.122625661377
78827,34640.26851334775
102402,15153.13888107263
79412,30660.18254353054
77865,38757.30610305433
107971,9056.80511904762
107469,17765.761159645914
97612,11316.623317700818
108451,17334.266640091384
91741,22191.725353174592
97524,7888.753000962001
88979,12193.3393994709
87740,15594.14199470899
98817,13209.838254329012
93862,18782.98437265512
99648,17618.61868734968
76643,15554.411099206345
107633,17570.25603042328
91213,25001.633899350672
90869,22491.105842472352
85444,15948.098730158723
104383,18881.915662457912
76870,20720.58784391533
79279,47166.45578174603
83999,5520.844840668594
98596,8268.46089814815
86831,12598.967376743629
78863,32198.55561507938
98360,7132.634091269846
100096,11764.732546055795
104448,7572.100472222221
90367,9071.493322751328
103277,12124.718478835977
103728,8451.38582539683
84370,9766.016112433865
89978,9426.448760582009
92359,16610.78933465608
90135,6978.606853174604
87969,15611.660656806156
102318,13006.429731481483
76607,40066.765350769616
88481,11792.552240740737
98436,22490.530115079368
92888,68003.88999806676
106269,8746.59624891775
100538,10407.949991055239
106326,11676.519162790915
82449,5774.4394324194345
91142,19061.10502513227
80150,25364.239449735443
106004,19283.685563258627
108069,16968.96837600643
87037,18414.555088624344
101280,7927.804518347839
95763,16858.894752284745
86504,12405.813287037035
81964,20508.39395584045
98685,11098.545701058205
103215,13225.700445767196
94922,36986.993699735445
78554,24878.70285040886
105764,10599.40537662338
87972,12429.560051827806
84358,12312.544697210198
94964,19005.916415343923
103241,9640.107412457914
86647,12933.412982202984
99158,16259.954550264556
85420,10637.282421561918
78077,25297.69995721871
107422,10831.234747114
104022,22810.000375050873
79737,37302.063463804734
80207,14143.899547619043
80967,28767.104419312167
104178,14145.269601010099
81030,18089.648709836467
93015,22355.984855699855
80407,25128.313309523804
87649,16904.42908489659
76690,17559.590685425697
79789,22521.731062900053
82746,7786.682498677247
87159,12578.789277095068
105962,12147.73403858179
86711,12892.94221380471
90644,6113.992996623744
85786,10479.723940115438
107631,21517.336190476177
99617,7851.8915573593085
96261,23406.667195767193
103524,8325.995449615202
106761,5779.3337791005315
85261,12979.869662097166
82784,10980.209184158439
79866,9985.986885401637
85332,18357.841173160163
91102,24849.19459656085
86628,18313.982535714284
79673,32910.731556878316
83347,15998.23275661376
94145,28911.062515512265
106036,19212.299160052906
82287,14146.341036916794
88789,13003.881496633003
79618,33174.801902477164
94133,20221.80830158731
76165,19014.208483211227
101369,6083.294654761904
89387,8031.35637823726
76789,35726.841601851855
107309,14494.65344047619
91783,24997.730791005288
101897,4507.946408730159
97745,18466.023662698422
82133,45211.99554232802
91614,18241.298201058198
97308,11042.825993386243
95044,45048.56203439153
80363,21066.993667989427
87137,16673.116679690676
80900,10314.893722222218
81525,28411.496537638282
86772,11032.996686267434
104784,26389.89887566138
76211,29355.308314814814
88180,11444.135178210674
107375,19652.29773039923
87142,8648.691614478108
102944,7475.375175925927
99258,15738.465188653943
80209,13050.132033068778
81591,14364.986625661375
101494,10231.218968253967
103703,13550.162053511298
84613,12671.613201779703
81070,22933.287077681576
98675,22530.008681216936
90638,6358.802617114368
78215,19832.082968975472
104188,10444.021052068296
79525,25122.986629629624
95362,20217.865271164024
95717,10272.320437349688
106872,26214.775306397314
84301,14053.295367724872
81601,32086.007182900416
86575,9409.244814814814
100108,11221.720873219369
98140,10229.714198412701
80480,17802.72197222222
105961,20969.87829040404
88147,8589.24764285714
90426,12260.049808383512
92503,22552.85366137566
91066,29123.771017436262
103976,10469.451186507935
78267,21264.544640211654
99535,7866.775129629628
87776,8703.497718133718
108501,23503.64223256374
102285,9641.104974747472
105946,21737.989082112348
107799,15662.55667063492
90291,14236.520864117367
103617,11442.504195526695
97086,13599.57635052909
108058,16337.366005290998
84663,13542.570644246149
83054,7517.987623977875
80706,10321.753925204423
84885,9298.730092592592
96741,10357.432291005289
89018,17625.3033531746
102962,11640.043439754689
107208,20288.980142857145
87254,9156.324593795096
90928,31792.225851851857
107211,15661.698814814818
104636,14771.859710798466
96902,27203.66623544973
92953,18301.18666534391
107082,25610.58186387687
87483,9761.856740740739
81493,21345.940946608942
97521,6276.928007067009
107168,53217.55509523808
94004,24740.817118807114
87794,13986.772743339992
99172,9792.655104858099
78673,24492.73990608465
77673,50453.73960317462
89569,19395.4667420635
95130,10782.457723905729
82941,13210.069447089949
106278,24784.79587433863
92295,26637.236218253973
100500,7067.9459306156805
82192,48538.680533068764
103583,16014.574364959119
76059,14554.809757936508
105499,7572.073498075997
107083,11636.19652777778
99563,9364.804387566135
94951,16004.089770202025
103148,13383.22486772486
91319,14160.895816378068
93386,27813.240837301586
76109,10153.129096560842
82945,7297.097644179895
101785,10008.011512025016
99381,3834.7303511303494
87060,19058.71444035594
95211,32417.43113672438
91694,20600.095738095224
77173,51305.51660052913
82094,14111.426012506015
102120,13848.380355820105
91721,13516.627755892257
88100,9133.772168109666
101115,14171.33163840789
104595,10682.776985449731
90098,18524.289175925936
89595,6423.861830687831
82269,33866.775388888906
79900,21175.991694444434
90360,12499.570985930743
102462,13466.084914021161
106639,17467.607530423276
100825,8714.426335978835
79579,30544.499938792706
97198,8938.143160052914
78303,13258.25357275133
87680,6240.140167989414
78160,52306.79219312168
76168,31138.974830216084
88329,18952.83717857141
97416,13995.59022486773
93159,60167.723266585286
91927,22488.8377936508
90611,13641.502925685434
78641,33825.16323015872
92598,20155.758587301592
94425,25137.888173209933
91168,21704.205541005314
78734,22630.799726190467
78005,19537.446485690234
93001,31896.372576719565
101473,13721.909000000005
81076,38184.36361026936
89625,7533.08632972583
77610,12991.300671717168
99909,14769.759488095227
84285,5124.266923280424
87146,14534.110649470891
106204,20941.648365800862
79047,11334.808955387203
101371,18089.783443043878
83269,14000.637564814811
79251,13054.797538359795
83976,24433.133997595007
102684,6756.742775252522
97327,11905.888369889373
103469,10164.410991221741
84299,11121.027316137564
99272,13580.472801707549
89489,7960.798661616161
83325,9593.755592592595
89423,11007.39506746032
86724,8713.827054232801
83802,10348.594536435792
92419,44875.13856481483
104989,11945.077336820588
83670,18078.981384920637
90400,9705.50189814815
107433,19604.99298088023
81641,30619.314229677737
103722,12368.127997835496
86632,11469.519812409811
93036,19726.377850529112
94398,16683.32221524771
84906,7468.70522799423
81280,30719.07739911015
104075,14177.823037037037
95998,25139.514270803265
100993,9547.028291005297
105404,19374.227355820094
95615,23889.171726181223
88828,9017.138196849446
94230,33272.0111890332
97101,33813.0325800866
102266,7124.950492183744
95269,11032.49258044733
87008,16866.442154882152
96384,20642.84332996633
81461,27322.978755368822
92651,48913.471079365074
83997,10528.49607118807
100143,15416.497624791878
86721,19062.823765910012
107348,12960.566592712843
99221,9768.769032227034
92846,21050.867749879744
101042,13067.410548100042
76663,45950.08918217892
87986,5740.753293650793
92959,16634.704219576724
86076,9421.383280423282
76987,11803.07892724868
76842,24516.467820105827
77966,12979.292711159209
86599,14748.461686507935
87922,10163.5671036186
90812,6377.82746031746
90897,16519.86769420394
86531,10319.565263765096
83583,9479.821962722455
81256,26629.97626767677
80343,13591.50016293892
102122,10657.885468253968
77334,34605.71239285712
102222,9286.42381938432
93883,17717.63023280421
101876,13390.14806084656
77602,15815.775719576717
88598,13708.759898148148
77524,28648.43047883598
96783,29889.03700252525
108041,10919.00958549784
93694,32901.79471055796
96258,16152.709665343922
97398,11592.520870370372
84225,19396.75030675806
86415,13830.265536075038
90604,11100.222049903801
103848,10309.757998075998
81012,12005.925486772487
94703,25148.430632275136
107406,10694.708033068777
97842,6213.505106735855
106706,9562.925304232804
81667,32055.035276575258
81092,19620.569050505033
97523,18685.424249398748
77107,19513.345162698402
100699,5961.456424723425
86969,1835.6252932900431
100917,10318.278278980279
86251,9870.12228872054
86424,17658.19075925925
79990,12441.43496837422
86382,12309.622541486291
101613,7755.545461940836
78397,15706.061669108665
80111,12720.984126984127
88021,11153.55786955637
76832,20790.49224338625
78935,14170.415572751332
100446,12133.05558465609
100621,9416.96781613757
78399,11859.546113756614
108515,20857.446010582007
106023,10949.33662433862
93721,63245.6274616402
83647,10809.120425049163
94136,27293.064373015888
95847,22259.812315055315
107172,10215.609473544975
94458,41831.69754689753
94175,16819.33140537241
92726,27489.172523929767
80910,42103.568464285716
86869,11038.319969215967
81258,17758.989289682537
84340,15851.359047378553
100324,6082.316991221739
99428,5576.633215608466
88878,12940.590909331408
78066,52164.95754418732
105935,19835.933928330916
87309,9494.715332371336
87656,10173.611476190472
83790,10817.681939153445
77893,7566.291538359788
76055,18498.770077006342
99688,12258.734754901956
99661,9308.886031746033
93173,35821.09424194323
89291,8012.437785353538
107766,7452.687441798942
80369,16086.519369047617
84448,19302.986586940824
98481,6385.710145502645
96477,29480.845777777777
94818,14254.461828282832
106708,12322.364199615193
77786,20969.84421825396
77244,54273.74433730156
91199,15212.82035714287
101108,7442.291732804239
78967,16067.608201058203
106914,15723.693947089954
91647,21031.52280459355
91411,28252.26882912457
98766,17698.199050865787
105906,8746.694865921112
104682,20405.330962602213
78615,38119.66065127468
85253,11416.934960317467
103137,8178.742861592114
94662,27808.600392135635
104640,7580.2681296296305
97535,29801.32073929773
80168,34831.558220899446
89005,9759.13643650794
99876,18912.800468253976
88741,9898.293350630845
88333,13360.467457468465
79822,12494.369251322756
108292,16712.10423442298
106845,13929.48548809524
92167,16613.001773328517
91226,15111.601302910056
95206,14694.645596560846
92166,40865.999416259685
102963,11771.623420634924
79527,47535.22579497353
94552,25603.077218253973
89210,9492.19635906686
78573,22358.511340307836
104073,14310.777085377584
98520,14139.396734126984
77491,46370.50092087542
103333,13641.296213083218
80090,22598.557243626743
98666,9392.607190476188
86798,14066.656597883599
81728,16150.782936507936
81606,10358.57166257816
84372,11145.085833333333
105528,8256.46972991823
107436,10413.21282936508
89038,10143.488126984128
102983,17581.6601924002
83135,11304.921981481482
98165,10263.819059554575
96159,9133.671396825395
90229,9092.200505291006
87710,15843.011799182299
91414,16583.333851851854
77961,21118.02130687829
101890,13880.960435185181
83710,8997.69560846561
92874,20639.81705904282
86534,7416.566424603174
98517,21178.155314814812
76174,34155.200795695055
107068,21331.627739778745
98050,13585.0892936508
98718,11789.332444684946
101964,13702.6372029627
96813,13741.812056878314
95118,16575.022671957675
91139,27309.527025132284
98838,2371.096218013468
98268,8095.296534030784
99553,12679.930853896096
98904,11022.109746512742
80828,26340.36472510821
100001,6836.641734432236
106691,21640.709706857968
108038,20022.305870370365
98715,7587.737199735448
85714,8192.53776984127
88475,17892.887934463688
91923,24228.212595117853
94795,18596.447905363148
79738,12780.645251683498
104213,9751.18603703704
89425,2362.181682539683
82405,13698.691101972103
101000,8599.270461640206
83819,17318.940485449737
103491,10203.746523809525
88226,9211.912306517557
102022,10988.1947051467
106889,6274.759153078403
98697,15557.716879629626
97178,9093.847296416545
92375,20259.630945045697
95917,29714.67800356126
96308,12815.196750000001
92406,14896.233279100523
108375,8806.041490740741
76860,11786.829817460315
82234,20593.24003330928
99593,10443.80014237614
82962,11457.350245310243
82016,13373.415371693121
86781,19323.573794973538
101065,15829.414430735937
95525,19333.081096560843
95306,32780.00986219336
77397,34137.10811640213
92496,37710.68955952381
102473,14347.335531746032
102927,15937.408734126984
91897,26776.43270238096
95554,14511.710536075032
97488,26803.563322751314
76085,17881.777498677253
84133,10223.704957671966
106369,21693.82556216931
92172,29794.596119251113
80532,12787.715108465607
96952,7178.5688528138535
104627,26735.861735449733
87415,10394.505651480142
97047,11587.367355820104
87227,11626.480945045694
100308,7639.617727682991
105075,17178.969511904765
84539,16683.34420370371
92284,19714.336662393158
95634,28871.009283068757
86731,10996.736205627707
96425,13108.20652260702
96765,16436.9690515873
93239,13702.53491137566
95450,14587.233274290522
102086,16847.734437349685
103024,11168.440787277535
92808,26568.011272486776
99619,9045.68456878307
79704,18275.0641487494
99613,29808.61959523808
106854,7844.070121693126
80959,45964.54276767678
96020,17446.288780423285
78736,13175.771310846561
101207,13908.852965848966
89767,7250.6536273195625
105747,18301.470193121684
77828,16271.05554497355
91572,28004.72178571428
88785,14209.102363756616
76972,27334.509141534392
76362,23861.271546296302
87572,21647.091054232806
82399,27641.247292688793
93833,20635.660850529104
94597,20778.981306156817
86551,9347.227203583454
107163,14149.525002645509
84085,12473.907556036556
93349,32133.279018037498
99389,22300.62268734969
80970,20931.462434223187
96279,9965.522411135158
95329,25975.790123015868
99228,12108.889095238093
90184,16276.738920274165
107226,15571.586362433858
80769,28762.372698412706
80742,18107.67752489177
93650,21322.389354497358
107530,23122.519471139974
87038,10770.740675084178
80146,32472.839177248672
94892,29134.184234127006
107150,18899.502297619038
77880,32204.29062950936
100591,6881.823367724866
80919,13105.35510317461
84533,7052.629495310243
82006,12603.34947835498
83592,17029.681501322757
77124,22347.449311873304
93924,19160.75620803271
95528,18620.470335978833
105644,14829.079767075516
85662,16504.47611796536
83079,12185.00783874459
106655,11238.989255291
96517,12926.350772486772
80260,33228.66398917748
78203,15248.59973280423
104045,20547.193973063968
76147,33503.55997318422
94260,23885.409785473792
101648,13719.079481481489
84725,11681.16768362194
100099,11267.024514550263
79381,8956.405782828282
77511,11157.157661505162
78265,15633.466279461276
85496,10374.379785714282
77336,12986.359946127948
80330,32300.269689273693
97617,13656.376939153439
94477,39235.50726719576
94881,11363.952556878303
76653,94055.2291270119
89023,16209.779520923523
104965,17383.6198558201
79637,16236.351861952851
94018,18802.18083994708
76481,13374.83717063492
76139,18459.44813388464
89662,15393.282087602212
105654,16311.853260582015
101555,3934.736676647429
107636,13644.18515740741
99722,17105.839001924003
77887,35379.403264550245
83236,15810.525465969216
107964,21823.15848544974
108137,12675.090116402114
99718,21025.67567592593
86701,13402.6870097434
77077,19259.100882275146
88040,60371.21041785065
78583,16625.4065515873
85917,12485.124441798953
81283,24248.284651394904
104304,10171.36495863396
87081,15386.753166666671
87129,9214.482990740744
98111,7766.501066137569
76125,19517.666119047608
89395,9088.19183201058
105028,14210.954609788356
98036,12528.91442628668
78805,10273.320556637806
103101,12743.737583333339
108365,9694.993521164022
103367,15659.418883357383
79524,24701.288833333332
96079,27344.938451058195
104361,43945.367617724885
106133,30090.643691678724
88514,16392.95493386244
80511,61199.24955423283
90340,11279.639428210678
105563,16889.189770442514
85987,15313.888142135645
88251,18259.17909126983
104270,17021.31570394421
100820,6944.338425925927
91061,24005.482814814823
94348,23316.73692063491
106956,23028.357346560846
100858,9587.897635642132
81114,31556.032188431942
103100,9284.516135642134
87787,9710.697162698412
96168,21895.214421957677
107880,8412.315706349205
79423,8585.240374338624
96948,8241.47076142376
99709,11024.514043290046
92562,22842.61074987975
101684,10864.176153032146
99037,14638.82531517556
89129,13337.231435666188
78722,17517.55668386243
100854,12945.583358585862
94206,21381.428047619047
107045,7387.247979196735
102537,13897.00416618567
95597,45071.74936664263
88680,13697.217164021167
96439,16403.1985069745
95466,22874.591118326123
89104,6214.946078042328
88224,9755.035904882152
86152,9481.639493025494
98291,12012.307502645506
106901,18684.606196729208
81783,39170.217330567575
100932,7096.775233525733
81607,11359.428105820103
96664,14882.844416666667
87553,18527.647341269843
95513,29009.98388431939
89899,18916.94200132275
98891,20866.0503584656
107167,10311.651072751329
77353,11396.915402116401
106280,20234.613812409818
90874,6743.862581289082
101248,8722.592382275132
79805,28039.198231601735
106429,8688.293158730165
80749,30699.702025974027
100354,8675.715468253964
80249,16318.733943121684
108135,41830.95828391052
80931,19137.945388888886
107899,8314.052433862433
106399,11409.780477513235
92635,28731.06487962962
99128,7569.343350529102
83388,9764.469774050032
79225,34054.141562169316
103533,7513.304694444444
103029,13622.965600529098
107588,27474.551057202054
92646,27621.525295815292
95432,27925.058149470893
105377,10268.13749218374
104914,15585.53095045695
103692,6482.369369047622
90273,15439.614391534387
91496,14748.615776455033
90243,30033.35973845598
88300,12379.073366198618
87519,9788.651724266476
91612,15626.729214405963
101939,8643.00687421837
91015,28466.639019360282
90181,22774.30189814815
78441,16269.270630952384
108389,11897.72747061272
92627,21621.553587301583
96927,7820.1909074074065
87730,10095.826436438118
89842,21539.239355820097
92971,16597.956748436744
85556,9295.302488095238
82669,17553.67019408369
96673,11047.840435666185
79153,38577.84844444445
104675,15418.28208333333
91062,23560.701230158724
93779,24423.30592941318
84248,19545.139469576712
85038,17092.33753643578
87003,13462.748608465608
104951,14898.188285353535
80530,10334.54579064454
83785,15714.228846440597
88812,9183.114379990384
82270,35046.36807010582
108300,12473.705485449735
103880,9769.966453703697
90507,16153.242628306885
108049,10070.096493867242
77105,23144.15406613756
86615,10823.990670634917
86494,8427.262497354497
103184,10137.932635882635
98599,22540.18059656085
104375,29398.05116931218
107205,31217.61482792208
78844,9758.248112535606
99780,20233.230850288597
88969,9351.391191798939
95137,46091.7551058201
102509,10271.609948260806
77745,27213.98020755171
86566,7115.677511285013
97877,14433.065261784506
101765,6866.083422558924
77886,11453.729496031745
90185,9246.777632275132
104203,16413.161326719564
85229,17055.6400899471
96143,19084.589397546897
88575,16291.097689791688
104096,15452.541329365065
90161,13027.391452852706
100702,8019.803293480116
91390,21922.213712962963
94518,18986.553737373724
95365,14300.498943001441
77078,9959.21320502645
103981,9918.36493518518
93049,19718.70297099198
104932,6765.358936748435
80929,22146.2583531746
84280,16829.98382936508
107619,8898.735547619048
96726,6631.34872883598
95122,12697.104732202984
96286,25920.123635882646
104463,12508.595935795684
79669,17535.760654761893
83751,11640.021971500728
103686,7739.479285543603
76601,28991.052423280427
78424,29184.848589826823
103522,15248.367527176524
96181,16451.178219576715
106896,22305.244743386243
103201,11767.733694444443
108472,21329.663151394903
96100,10929.438694805194
78149,39093.941853174605
99046,7378.392587181337
101215,7849.692342592592
95675,25600.723041005283
103753,7548.229782467536
102010,13139.094362554111
99789,8226.211413179411
78760,28431.595238455993
88270,14269.133793581175
77169,29205.913510582006
94033,40624.347739418
96304,9171.13196620972
83591,11523.784481481489
80417,18730.495732804236
87101,19884.050756854253
91487,20906.942327681583
107256,39875.67729232803
81695,33481.24098412697
104760,7165.135103174604
86668,12323.804370194615
106007,27045.813847883604
94726,20607.868700577204
80940,29396.68227573354
94574,16270.412555555555
100505,11414.719752044253
86383,8365.0183476431
95683,18515.38248544973
79982,10611.799093915346
91488,60323.695130952336
79556,43486.30580038481
108183,13170.646202380954
93993,28826.86931192881
95976,33442.16839754691
98574,25782.512639009154
94825,34822.39339021165
88397,13705.027226190476
84250,10683.819758177013
98593,10088.174825036083
98330,6645.044058682061
103350,7297.701680735927
79640,12171.129611111108
88447,11057.41283333333
97515,16681.36439285714
99951,13236.974070586819
99333,13100.464482804236
88755,6373.465917628668
86184,16132.000920875415
79396,13623.974599206349
86690,13664.832534391539
84172,15122.030565416062
94766,24572.16740259741
95569,23844.96623015872
106158,14867.83480820106
81339,12734.535297498802
93286,23637.766395262137
98950,8241.719635040885
78868,17915.431178571424
100793,7751.765452501208
90095,17262.82978882229
77269,28278.909916546418
79615,22440.638427248676
104050,8459.73208994709
103961,12003.745302910054
105844,15530.631376984133
101832,6719.371142736896
102550,15274.352233164978
101434,15296.948136243393
101418,6991.363425925925
108042,15165.133827200572
107747,10969.432605339105
84521,8615.35125793651
97615,15186.54674074074
81424,11581.867594636842
99517,8423.023033068781
86658,18618.57445262145
91422,18934.18848809524
83839,17538.231562409816
95100,17553.67866931217
108425,17611.312829365077
102439,6438.762085978839
88840,11547.760295334298
90580,11531.483617724865
85770,9210.301429894182
87728,19942.55232142857
89952,24421.503952380943
97315,16028.15608994709
85711,11004.23560582011
90358,15846.632082010585
102929,7818.036411736409
82447,8007.876579846077
100245,16077.644486291483
84784,9486.170190476192
76465,15903.642425925924
87664,9606.123046296292
105387,12642.996478835983
77089,17722.050472222218
81610,12552.747300264547
81058,14841.151870370373
77730,52546.38427248678
87459,27697.47740873016
104036,10937.027405483404
107145,15672.203443121696
82326,26957.52551731601
98946,11988.132531356989
107053,3134.1036856661867
108371,16777.47373015873
99914,7234.180854700855
103049,16580.614034752292
108509,12457.463527777778
97598,25708.457382154862
79617,26395.836005291003
95140,20619.348737133227
90323,5314.334391534392
87974,20479.055790885035
103944,7716.054433691761
103018,15547.154067460315
87158,10706.874864838861
77669,17123.790107142864
98042,18336.47420839344
78268,42142.12215007216
90767,8402.067083333339
90669,12687.161702380949
81912,4916.903561688314
100120,10339.968162457912
102601,9256.74787962963
106911,12787.230403439155
85941,11288.50058790284
87006,19793.37998148148
79286,30318.402233285226
97138,11183.510619047624
90797,5391.795859307358
100707,10684.01384571909
107334,13595.281212722466
85757,9124.023585978834
85888,19023.37779497354
99962,25501.297168951416
76188,37805.88824458877
99064,22725.547000240516
77045,25171.622205026455
84655,9721.141972222222
107154,21750.458484330476
95840,12681.862229797976
82979,15266.165023929772
97459,7926.704797619049
89352,4894.790366522366
98956,20579.698189153445
96121,18327.976903540897
84625,14174.891232202985
98767,8477.411134319385
104355,19035.014953703692
89678,17828.527157407414
91357,33383.57787566137
75998,15047.622405002412
107603,13513.817320827317
86574,10512.426022486776
83632,14461.481457671951
89374,16595.933831409333
81663,13464.976142736898
85717,6737.872525132275
107272,14390.304515512265
106265,3863.558179413179
99040,16255.180519721023
88694,16320.252944444439
85144,16027.713593915354
86820,12141.497388888894
102396,8694.937569143816
87881,10862.435085137084
76603,20232.44700757576
100941,8824.612122294371
97580,20991.825534391537
106362,14898.18739202464
84680,6495.055327681578
105064,10120.664788359789
105522,17300.163765392015
82587,15452.102356902355
81216,32373.291414021147
77075,19035.821848484848
95633,17263.592996031744
97702,7290.650947598697
106735,11820.791833333324
78177,19067.237807960555
108495,10162.729193722937
100743,9974.893481601735
88876,2916.9933896103894
101192,13787.618297599547
87450,11741.798769240017
87281,10496.103946969695
89740,17764.813418701673
91037,15302.79860317461
88485,19120.221208754203
103760,10947.01970382395
108527,10076.091636844634
94564,30648.999177489168
96909,13661.327184842932
96759,18323.01047486773
99752,8805.704011063017
96075,15981.404521164013
93329,15853.986264790765
96936,26114.216447089937
98873,8262.885659331409
90863,11785.365149831649
76692,44711.36603210677
89812,16282.720421957683
82128,16395.00666402117
96066,9096.374928571428
95160,34288.1948061568
94923,20271.08476848152
79998,21823.383231481475
98555,19403.991790801792
84197,10021.048072991816
93881,41109.799498917724
96420,10872.37248172198
91466,12206.693497354492
102246,8374.833963323717
95149,22529.286458994702
92066,32401.71076984127
94579,33502.585609788366
81791,31274.681059523813
87929,9084.607859427606
79839,16092.625473304468
103708,10275.144273809523
78718,25614.953354617606
87840,17606.991751082252
86316,12303.293183862437
106118,24602.386955146707
87923,9722.890423280427
105417,19816.887730158727
95584,25719.57226238575
80187,8856.210696127944
96280,17976.666187590195
88069,7267.587700577202
102826,10108.047113997116
91166,21781.862789682546
95616,28256.593174482925
77374,27590.461082010585
101288,7182.52335846561
88801,15651.605969336226
100060,8383.73646380471
97336,11895.53964321789
79226,16762.68516931218
106287,11023.900681216928
95018,22253.62716137566
78131,18202.96667760943
84551,18440.3133893699
100445,5557.501376623379
93031,25196.900354377114
104415,16065.391116402112
82984,19131.18054629629
104242,6751.680146825402
86170,17440.31186904762
79814,20835.848614959115
94172,35202.89677116403
95530,48149.100727716745
96105,13146.237477392979
87822,7787.918015512271
78073,15662.181841750837
106610,18896.918220899468
99065,10177.342607142858
77646,56603.19992724868
86266,14866.77645502645
80186,15863.58806168831
102645,9560.71373809524
83453,16192.362903439138
93905,22480.531248677253
90535,4827.53204978355
103695,11586.027294973543
87488,17348.286080687834
84520,10671.644223424719
97541,9558.619422077927
93818,26890.68451587302
90796,23082.96696296297
92896,31920.17215608467
95577,19091.888714285713
101488,13909.596756113251
92336,23612.275440476198
98826,9478.29887037037
99527,13738.389343933848
90582,14230.820800625293
99787,21407.231148148134
107806,16224.583752645513
94108,19726.724333333343
96333,8070.869364478115
100710,13575.52216871092
94129,19982.541795935536
85361,9445.92562698413
86043,36460.046460317455
86833,10793.427547619049
94373,18887.010616402116
77978,27601.47750877827
96250,18857.281751322753
95594,30918.048608465604
96781,32560.615957792208
91860,26177.798321428567
91206,18662.49860882636
102627,7308.655782467535
89384,16440.632806878308
100945,9812.610222222222
103337,8106.375948412695
78230,20093.40314153439
103814,11982.422190476187
96429,12516.095861111107
81547,25107.84497883597
85056,28785.209337421835
107758,9384.340285714286
81328,23114.282993506495
100775,9598.006366402115
82066,22623.470773809528
83908,16880.945123015877
105323,11087.766191317936
77492,20147.47081445406
107451,8463.058183862431
77351,12414.331200336703
98029,8214.63402645503
101572,6825.446888407886
94944,30677.057498677248
91179,24803.28123280424
97780,26020.722413900912
97978,10440.561903439147
104953,13463.10983189034
89173,19467.77610978836
103406,10432.363593915343
105570,7139.0546494709015
81815,16854.286142857145
83095,13733.967132756132
92184,22458.60814790764
88793,11676.969857142847
81805,11473.72639417989
85794,17257.613749999993
97245,26989.476564814813
88691,9960.000702158952
98261,23016.51245502646
76495,24673.62406349206
100400,10689.852464285716
95964,34024.4619356662
101477,9370.08358201058
91345,20062.013022486768
76207,35919.876313492045
88153,14384.589544131793
96153,18135.224800384804
82291,14806.373665343914
99451,7944.547491221748
87965,20896.82200132275
102559,9601.252814417065
106147,10042.06453018278
77921,17340.08046236172
82334,21841.539693121696
108164,10986.036513227507
106096,11154.65279365079
87657,17327.07437169312
98448,18029.450150312656
91900,22915.789195767193
103220,10499.890954064453
107077,8474.71967412218
78197,11818.691026094273
101655,12349.775071428576
107006,11323.21097210198
101367,9311.525830687833
91219,26298.917919191925
92182,16423.20336640212
81544,19489.001271645022
80496,20706.866402116404
81766,23363.535300625306
96589,7980.243229383322
81711,18705.016665945157
94981,22283.32707671959
80701,16015.053851851855
83791,11308.382734126979
84832,15472.516619103122
108407,9359.8400018315
98308,17076.17583441559
101437,7084.284754477005
91248,33879.147206349204
104100,19724.233367724883
78410,30889.21400000001
98413,17568.87293783068
90060,11688.203641534386
101366,7002.8324564694585
98709,9139.222909826558
102890,8039.063796777302
87962,13144.552072751323
79140,14848.039415232912
94166,34687.020446849456
105551,10875.828126984125
99518,11688.645018518519
101813,13841.100076820334
97443,25037.26184656084
89725,8749.375808201065
100115,15649.725060606062
91893,17880.85522568172
90000,6015.5863181263185
82989,10882.531912062155
89359,15932.038053270808
91971,40606.07654894179
88614,7757.3991250601275
104765,12023.745413780664
80918,23245.09027946127
91622,16379.793460076973
88210,11718.07527209101
82019,53902.9979098124
85200,12423.6984021164
81558,21140.57314009138
99276,10965.667084896591
81563,38720.75002284752
99583,9323.911350168353
77201,10951.291002645505
94664,23284.228328403096
99203,9130.881120250122
89314,11463.671891534383
89306,15780.20658201059
90716,15832.45992866393
84217,17235.43119832019
104655,20600.73843915342
92210,20022.597637566134
82528,7742.738154160649
91346,56419.11595370371
88118,18368.25905026456
76132,20816.05967303993
101208,11781.905136483887
102136,8390.284662698412
77562,31590.202841269835
108283,23411.896737493986
100008,15484.10709920635
91342,42196.41782671956
107698,11269.644080687833
81538,12078.942269841273
99044,15932.295622655116
83163,6348.751988936988
105124,10099.350407046657
86549,9684.891090187586
91034,10331.870219576726
101853,8909.324238095238
99837,20363.452249999995
89337,9392.28913119288
107369,9010.381398148153
77529,16384.180784391523
78801,15401.137282407404
76409,21358.05902380952
98146,9713.91880952381
91565,48052.26356613758
107994,21111.23019119769
93945,30571.337158489667
99755,11487.803233719977
78753,30766.008322751328
79674,21355.81638624339
101599,10602.871568130671
81659,33634.18136339585
96322,7338.9952999038005
80700,34110.128446368435
101522,15288.267524623527
93595,24684.395606902355
78924,17364.086499037992
102891,10478.923558904045
107611,17599.57462698413
78528,48416.79496031748
86323,16371.853112433857
103910,9271.223896173722
93854,20144.55481505532
88710,7685.976268759017
82438,23565.44348677249
83328,17962.279264550256
91690,23743.69341510342
83796,6020.488453658675
99904,9086.87757611832
100270,10981.705172198172
88422,9047.070067460316
102971,7792.24703932179
106161,10249.440945767197
91244,17592.626362674357
81158,19178.147543650804
98004,26899.587816137562
84522,10543.113673520922
81215,24176.725877465124
94487,21978.58463684463
78065,19936.812227994214
97766,19538.939693843204
86180,12676.754224987975
87921,10290.033530663779
76160,30359.456970899453
104197,8508.435828763828
100295,8551.986747992743
96012,14124.757241943242
95783,15614.29676130351
104527,22071.854426166436
77354,29682.375406084655
106062,11566.166948412698
84578,8643.999264550268
99784,12538.411244949499
91716,20631.01927380954
97394,13200.16921212121
97254,21691.655648749394
87501,17462.499664622414
95532,13657.752857383355
91011,23280.81977910052
106069,23063.055007936506
105103,17995.92308044735
84421,10661.542088829832
87363,5176.930683982686
108379,13779.798170394422
83268,10729.09054746379
94592,33381.837682743186
84041,17079.143012506014
88908,21503.58609295335
85932,16288.85377561328
96593,10122.135564814815
106195,10235.079821428571
107153,30216.803661375678
104500,15915.789568783073
85737,13131.120625661373
75997,11722.996710317457
79336,32754.4117946128
77061,37995.14422883599
88839,17778.757439153436
86859,9178.160932780183
101090,12404.08155026455
87563,10380.673645502642
107188,9104.893521164026
95198,18739.16193121694
86476,16052.054169432422
99894,25172.338328162583
88279,11662.05853306878
108121,13873.701563852816
99827,13781.097314814815
107457,29883.39110185184
96509,27145.278358345357
101858,9256.263093795096
93052,23274.276902116388
91879,29412.596196608953
107229,6842.227658730157
87917,9679.817101010096
82310,10509.854427248669
93584,15835.306424603174
94356,3979.0308196248216
76249,54129.04431613758
88386,18361.087605940356
104406,19286.296158609908
98286,5879.2306268638795
95310,25193.00790608466
95994,21453.000584554324
79879,29678.81677513227
97135,13073.53494708994
81818,33674.79601190477
108055,19258.858224747473
96474,30073.58389862916
104358,27303.200809523798
77110,12112.900885762388
95124,10740.088741702739
100539,13111.842440476188
102883,8494.572854497352
94081,4067.1467708032687
100018,8266.737724867726
101491,12681.363951298696
89297,18994.572810846545
99337,25103.685187349693
78463,13637.816364838867
97799,13808.186904160655
92138,19682.269400432902
83715,14626.793091269834
90455,12932.92571993747
89100,11224.927256613753
79908,21670.105051587303
91045,16828.837523809532
78357,15321.280186507935
83989,13921.48234992785
83057,7987.214233275984
92472,15297.465911375662
77836,8069.954633116882
91661,27679.304998196254
103107,13017.80647402597
95476,27332.19394131793
96615,11881.124216117214
76337,59587.55330639731
85067,15897.137611111108
95176,15178.786885040883
104450,25473.807643541648
104227,23686.32058465609
94327,15043.921511784518
97056,23906.60093302068
79775,17245.970158489665
91282,23585.638870971627
98425,14708.290564814819
79509,16521.328498196253
79798,15463.615719576726
82615,4936.30114742665
106314,22029.830366402122
88964,11492.577965608463
94303,14020.83971793947
96851,9228.180578042333
104465,11733.301871693124
89500,11852.826883597887
100482,9030.315199735447
102159,8186.509404761905
83242,9978.52922486773
104780,17868.56856123505
83902,7614.610434102931
88955,12088.0351511544
83139,4694.057374338628
88842,25127.6380489418
99320,7618.657683862435
81840,25335.297869047623
103216,7158.6691481481475
80734,23934.22140392015
102743,16757.89465740741
76855,27013.095142857142
89866,15212.407407407403
106171,31904.111482804237
76530,15548.013477513228
77933,12506.919256613763
89304,11539.30362169312
77180,29549.61269047619
101525,11796.675296296298
83657,14398.665891534398
92832,18824.954404761917
102059,12593.487317460313
98895,3652.510709595959
87994,19040.415162698402
86458,10041.90219468495
95568,31980.912464165463
79603,26364.669719095727
77681,16420.19787037037
105596,17118.161959235214
100815,7336.563781385282
77113,49705.6781648629
95519,14000.436756613753
82180,16435.961423280423
105893,20483.957701058207
96087,7086.32934920635
102458,10081.05133068783
104637,16814.767905363147
78633,20826.5097579365
101205,10486.382369732117
90825,8251.470133116882
77280,30706.547699864965
94924,13519.932593073596
92185,29496.11011904763
101547,16047.289705220697
88425,15994.382453463195
95191,21701.48874506974
82878,12027.456140933144
87900,15995.767386243384
90045,7136.204169672922
85402,18661.630313492067
78124,20113.9686984127
100374,10312.251576719576
96192,9033.43994444444
108050,37966.21756613757
98773,5683.776440716693
105534,8158.286525853775
89256,12768.668707671954
102735,18765.023287878787
101683,10529.273062169314
80977,32358.195142857134
98983,9982.350010822514
91969,45603.21081746032
101852,14713.484495430495
77600,13909.153406084652
95813,16330.310354978361
85687,16766.045913900914
97288,8992.560847883595
76331,18036.518471139963
76111,20648.989037037027
84464,12531.28005168905
102105,11428.678443241944
92739,43182.92278114481
87154,17654.931267195774
76313,9591.43064237614
80830,15351.046383357387
107419,44978.984066137586
103729,15779.588291005288
93796,18466.00082539683
85542,8917.601079365082
89838,17927.457375661386
93303,16872.04547691198
86555,10646.353427248678
81471,21287.936154761905
97273,31771.52021693122
84529,11359.259056517556
86886,2747.614209956709
77905,45472.83948809522
78325,14698.388332010582
91821,24811.786503968244
79209,15865.47979497353
107729,10706.45708068783
88328,10386.090783068788
85466,8685.064715608465
105634,8821.942359899356
79780,11041.324401515152
107271,10527.116992063493
77909,25051.58239233914
81592,20775.829722101967
90946,19110.191283068776
96511,14143.04468446369
101345,10883.812762626261
94773,23118.643234968735
106754,40316.83594288117
82112,24559.2851600529
76758,27305.384728835987
99146,18657.736433261172
103707,8624.815708152966
84009,17472.428056517547
84288,13102.41471332371
107688,13298.895549663297
98025,17250.060296296284
94529,26385.445268823772
78142,22308.751615079364
98985,18420.61018650792
96366,17906.42641089465
96697,8770.829520923515
93267,17273.64783516483
98625,7612.765980158735
90111,16231.678852693594
94666,29339.37322486772
102390,7162.011630952382
87799,8815.841417989417
101806,9149.53443518519
92319,16021.719101491104
82564,9704.06902164502
80431,30245.397928571434
90298,11094.280958152955
83570,3896.977662698413
85343,15705.42910714285
104567,20116.465859788354
107481,16444.51646428571
80625,18532.69471957672
98575,10884.62702119479
76415,20308.013166907163
95772,27554.495279100527
85564,17211.760448412708
106489,9444.12330856181
104520,9309.547044973546
85622,10875.637313584568
104842,27143.885674603174
81717,29188.203521404514
91720,12901.315135642139
93411,29086.481801587288
91818,36784.20132671959
103824,12301.029033068777
106453,19327.859583333327
96056,21742.27627248677
87924,12922.832010582013
76902,25789.3071979317
107200,31583.24989165465
98825,5655.888707190961
84740,13477.120222943724
94186,35425.559282254784
87093,9432.585656084655
90703,9425.43410305436
87711,10349.723628186632
89763,14594.984220057717
107087,10963.167835978831
97903,11780.131671957668
105393,12834.326211640211
77984,17535.553534872528
93270,29691.953328042342
83584,12860.718599002854
95630,23671.447178571438
92001,11066.84041534391
104596,14884.296993386242
108196,13412.676370370376
94963,16953.325379629623
103813,5366.634494949495
97285,9088.485851130348
102140,8120.021295954047
82537,2475.135362433863
105396,18578.784780904287
92363,24564.64080687832
87145,10859.31464646464
83808,7422.022283217328
98940,9864.658070707073
79334,21141.586628547393
88939,9441.73626984127
86108,12992.421742183737
107513,23526.022441438185
93992,15345.589694444438
77114,15739.63655474156
106247,11163.411511904762
106460,25914.17173809525
90980,27175.282136335893
91407,41600.55861762312
92716,14520.396059523806
94427,24276.51225493026
79107,52542.450234848475
97517,24821.336419432413
82963,9866.116545454544
95600,19206.82342460317
105627,21482.794362433866
94599,23407.961818783064
93831,27641.76550481001
77796,24816.145825396834
86054,9238.082616161615
103984,6909.382976190477
79232,25229.59248003849
86186,9908.252960918713
79993,18022.93159680135
106645,19801.136056878295
100923,10744.066873015872
79473,6611.94175396825
78631,11165.956707671958
98920,10888.285069504567
93487,18682.707011904764
89722,8297.659580687829
86489,9154.289271404525
77792,34613.73986652237
83434,19918.9517420635
81597,21403.465912698408
93788,28106.478212962975
105929,13340.528237373732
83037,15320.896718253965
96675,24975.391986772494
85315,23175.752904040397
88309,15499.089105820103
80642,21368.748243626746
85401,16171.624664983166
81449,13424.356142496381
108274,25506.315327237568
106544,7722.319033910536
91643,40367.348412818676
77829,28154.7437979798
78255,19119.381594424103
106408,12257.942537037043
96365,14007.819140211635
89365,13866.258475172974
98758,14626.992482804233
82412,16479.181087902838
103970,5796.282103174602
82004,35116.90633925335
76359,25606.369254329016
77601,21519.21269179894
87750,12738.885718734964
103263,8949.900907166904
103050,17783.044461640213
106203,29726.395279100532
107465,26714.628906084658
89824,10889.545900793646
83691,13114.297383597872
83517,12335.527323352575
87354,11272.841404761904
80631,46383.29641810967
88470,16310.24852705628
85074,10206.954146103895
106338,11729.16890044215
86031,6661.703880952382
77815,46438.18430699858
94854,30807.00606084656
92558,11941.950406445401
105202,8579.713836339584
79841,16404.345712842714
81027,33486.6304642857
81862,20462.500611231357
90349,15912.317912698421
95059,34253.604510582016
100279,8691.577527777776
106984,22479.965644781136
92688,26919.448336820595
79781,13547.776528018278
105426,22687.33673280423
76908,19598.48933261183
86624,7747.455958754209
77747,22752.839832371334
104911,26050.245832010583
100968,10278.023011063013
103235,4070.80901647427
79717,7581.973643698896
93346,16325.623596560852
81416,56539.017405603656
105745,16218.86991738817
89942,14844.220347522847
99350,14978.357519841271
77848,15996.918109788363
98163,8305.649115079366
79733,11752.676505291003
106417,10728.838081529588
98931,6916.921019573018
79025,23300.340097273096
96098,25258.055371212122
89627,12118.405579365075
100722,8953.05879980477
89119,7650.399777657523
106445,18689.663982443493
80588,19524.600674603174
91785,32286.5088095238
79294,16194.83236844637
105542,16169.037272801268
98603,14776.06707141006
103921,7721.96490459123
98405,19369.302702380948
79284,22303.960649470908
104738,16518.555898508897
104623,17630.384623931626
105041,11453.127175805683
107556,16039.56713359788
103553,20308.6025542328
88716,26243.60593650792
88844,9570.538564634438
87568,4047.0624288119307
84183,15447.988891293891
104240,17315.875017556522
87404,13511.701910052909
95985,15568.05458730159
95986,15545.995056878313
102723,8577.221113876863
93713,26998.3704561087
97359,8581.612325276574
91991,21950.522348725357
77490,20224.32399867726
106975,9915.563888888886
98180,13279.358670634927
80465,5454.917445406446
98027,1337.677044372294
79085,17357.248101851852
92539,33289.55830952381
92267,25408.153135331126
87807,4446.00513756614
78839,13356.753546777298
102361,10097.988782708031
76828,20222.186410293405
105914,26925.54581986534
80885,35002.54032623859
89833,19636.378764790763
81436,10921.550191798942
94157,25179.2040515873
98733,15353.559447089952
102978,5613.232689754689
81455,19004.55670562771
88578,4752.769933862435
105743,13627.411189153434
94325,79571.5409715007
79801,21321.34233994709
105405,17199.39097619048
80670,23604.371452621453
91173,13471.148236772495
80960,13024.95460906685
80623,34023.6161489899
93516,19574.700694444444
101762,12493.833098244342
104665,16836.579072751327
93682,28978.581060726327
86261,5496.974619528619
97450,7599.205516354014
97153,9355.21429761905
82769,9156.573130952378
81781,13077.29377332852
108329,11182.807292087546
93812,36296.61695370369
81383,15498.58904725829
84306,9836.875376984126
78773,7528.750973304476
85809,11699.779414021166
86305,11463.535718253963
88701,14290.291610028858
99973,6903.134250000003
106851,11559.054497354487
89751,11561.986626984126
83788,8000.474666870164
80351,13273.142953703702
84894,12098.86416859067
97232,9231.040886002884
82689,18085.101573352567
102485,12895.059637806648
96093,10582.308266594511
78234,49196.04668386241
83402,10815.845258056752
96362,30438.628528499266
85275,10659.760605339106
106895,22309.71260714286
87163,15730.138900793649
94751,16261.407328042329
93542,19070.90175396825
77980,21333.287451363456
76166,13005.290908730161
89776,12132.117134689384
106767,19453.80101503126
84743,17846.52013071189
92273,20795.405673298923
97882,11599.438874338623
76744,18680.94082539683
86560,12571.516286435786
93835,16792.591144179893
94203,11007.410304954305
88439,10171.48673148148
96097,27819.6422970178
105131,20010.455874939875
100343,8564.163817155068
90841,12065.166624939879
90540,7884.913603174604
92762,23982.27374074074
107805,17609.883816137564
102622,8761.98575132275
108073,25828.712133597885
86061,19273.732813011058
92883,21149.699761904758
82290,6901.822361111111
87824,9816.704965127461
82554,16556.66282491584
102928,10972.443203703702
77420,16192.069560846556
76315,28376.58881228956
99825,7975.495400432899
89292,10220.476587301591
87301,4693.296277777778
103076,12180.734339947086
93084,25147.141146825383
96934,9660.633205026457
85141,6088.408825396825
101607,9918.53045543345
106992,27063.533006493504
95873,25624.940856541612
83341,5414.642506613759
78017,25252.277400793646
83129,26479.225863876854
92261,12979.761066137566
83824,17102.878470418476
86151,12841.83929761905
88105,13350.872160173163
101848,8941.802156325159
89588,7560.567697089948
93705,25153.046337301595
93017,18948.043432780185
77465,20115.06088600995
105484,11798.047100529104
76751,13681.676764550275
97511,12149.628647426647
102864,10212.233184343431
85858,15877.286755651749
94836,18567.6805436508
85250,9077.210074314578
78497,22090.971031866284
99540,11944.260927248672
97147,29195.201465247726
81347,30642.678136243372
95555,26598.996585978843
98074,20274.951977633475
104435,9989.896591269839
107097,12679.04624074074
92205,13024.404026455022
90822,13367.20763095239
93344,12273.537809523805
84232,11083.436721352715
105217,33710.7752967773
76013,25372.12349867724
102818,9945.240464405966
106541,11504.155354497361
87213,9033.478113876867
94119,20285.137657407402
105753,20078.63228872053
90397,16169.894265873007
87612,5796.5044510582
82789,17814.787085978827
102916,9715.69159920635
104561,8068.533398148146
105428,12839.945698412694
86677,8448.009902958158
95080,26953.290120370388
90113,9138.963430856182
77433,22495.759140211652
106180,20408.750187830687
101692,8300.422353174605
80466,5251.323686267438
99512,17660.858300236792
104554,12272.290705507465
89047,14066.118117724865
93888,30098.772676286684
89659,9817.602070105819
89920,9351.051705026453
86975,16951.840538359782
91405,28183.245043650786
83203,33919.07453860026
104338,17773.297657527655
91659,33414.83047005773
86385,12504.85235762386
81048,15074.558674843678
102880,9170.555715728713
100237,10892.148666786914
97751,6735.591786676287
85614,7152.2471568061555
106145,9980.120059884559
105955,11068.671502516005
100146,9485.454545695047
107491,14533.301391895136
80061,19200.503141534387
94324,28852.164507020763
97114,25121.712902116396
106600,8025.794514189514
90922,24001.121502645485
80222,11750.201440476187
99356,8784.833167989418
92780,21357.45682671956
107380,8959.562601370852
86069,10743.61686622636
107753,18445.64640704665
97983,11021.403349104607
88082,9893.427055555543
82115,12030.395821428578
81634,16293.59102296777
89943,12016.321744708996
104167,13237.466694444445
91010,21494.39249470901
85004,11873.95716931217
96953,22657.990629629625
78632,13011.489034391532
76114,13987.418588744582
78570,12479.4126984127
82674,13427.515463564212
91196,15429.264338624334
93734,13205.557506613759
96031,24237.093940855448
102015,9150.85373941799
108372,24586.14944179894
98719,10651.720001322748
83391,10675.98012566138
97098,20762.150406084653
104357,20383.831042328053
93495,19767.495187109183
86422,17473.749978290223
99731,12847.354364237613
94144,20615.665646825404
88103,8691.299446368444
105199,24732.3623505291
97003,7819.687008685762
99925,8154.369466570463
92816,16160.341588624335
98472,9858.50894047619
91986,15198.33346031745
84152,7943.700137566138
87538,12660.392000203505
93305,21963.29706878306
104249,16623.51519252044
85501,10910.036785353535
82343,28986.227924603194
80601,33761.592152116405
99715,15820.219179773927
90451,32299.627720298213
98282,10516.720289562294
98397,20489.163220658975
76414,16664.79464069264
99016,14480.441663281163
85767,11020.824022486773
102787,11927.42538071188
101188,13880.66484800385
85019,14318.60958323158
79803,11920.41485978836
107582,10164.610120370375
98501,9021.211021284278
107021,9488.582074074078
82317,22084.016595238103
105678,2148.738641534391
77931,20463.88098881674
101619,9381.125708994707
76128,17159.73848268397
86460,17122.80613973065
106084,7770.259632996633
80551,21989.944529100525
77062,30965.832743265993
98406,18543.391952982194
103489,6808.018394179896
107191,8595.99093121693
88549,13760.971379629626
85095,13435.623871693126
83923,16112.823537037037
87074,18270.655256734
94031,25311.132597402597
99120,6420.755928571426
105824,14198.34148003848
82389,41264.08434475712
91994,16934.473448412704
85060,9590.578977513227
87412,21847.64504497354
94683,18541.94691366041
83069,20086.452943121687
77071,27483.70709126984
81406,31508.642067460307
89203,10467.018276455032
82423,9634.400297410188
88301,11803.124125661376
86758,10139.965863756615
94072,17314.98894179895
102247,9584.156850649355
101529,7800.941275132278
100738,12089.711530423278
101790,10192.345806277055
96188,8861.06977849928
98656,15722.88934126984
79321,10924.066387566134
80052,18856.222256613753
85150,15407.933551467042
102370,8162.990655242907
107503,20755.45218410294
76560,22119.695123015877
85319,11215.445706349206
89242,19531.42016029342
89510,6904.939693362196
104922,22849.458468253968
86937,15634.744151875899
107780,50264.19566269841
102448,10520.758497114
89648,10098.653156084656
95347,21741.802808080814
97926,10167.788954326179
104963,14118.677176527177
92272,17188.934856301104
76618,21807.893087301596
87722,11001.649815647317
85560,16342.0301957672
92621,27479.455297498807
87712,10660.634388287635
91009,23939.323708754193
76199,20391.847764550264
99145,27361.666117724857
103618,14159.315645502638
106072,15514.179436507924
102488,7627.443751322758
79837,21843.726272486776
102792,15599.372776658529
86565,5916.767417989418
98631,15588.501358585861
106374,46431.04736183262
108222,9717.357219576721
92127,18835.741379629628
96068,14896.416517556518
84411,11394.656687830684
102143,9685.129517769268
77502,20481.707274170265
105514,15243.380253366999
76896,32882.11632936507
104868,19904.610882275134
99686,13846.54149109225
96721,20534.999224025978
93026,19616.948654253145
95961,21654.96084223184
97465,12921.2048507696
86075,13557.120133597888
106946,11627.211183862435
97605,18293.43321428573
83156,19565.32493915343
88123,17774.51742857143
106817,9756.195832010577
103245,7274.941665343916
78564,32222.29503655604
81879,22445.912572751327
102330,11321.68368338143
98866,12315.797208605662
87178,18219.859435185186
83106,10031.299833573838
78280,17166.931693121693
101161,11584.020809403562
96047,14074.432921476671
93044,12373.921112914868
90176,34185.30019660893
76585,21427.89617303991
99524,21773.965947598685
97467,24801.99376491101
95557,22495.948278379026
102816,9250.615030423285
87141,13064.124041847033
82602,13022.47992243867
80108,28394.495925925927
77871,16632.190750101756
89910,7316.324716450218
76255,11203.239669312168
76231,49995.16099206348
87089,15141.300643698889
107635,14763.776848845597
80916,25902.078186507944
95179,32535.74421560846
90694,8060.171214646462
87504,19023.0943944204
95882,16035.450298701295
82944,9443.418431216931
90862,4188.804802068306
89494,10139.76037830688
81196,35986.21217460318
78258,27089.005522005777
98420,8660.247125661374
84051,11397.442086820589
97011,12253.794572751329
97357,6817.413608225111
82683,9852.696718253968
107472,9766.768110990868
101033,8335.247051707547
86376,19874.99726791727
97773,23364.177078042343
76448,22271.4433611111
94912,27557.976898148147
100444,12274.125387566148
92364,21772.307660866907
104206,25175.81048280422
82384,23789.40183994709
78524,29298.43722751322
82825,15370.402609788356
81519,30091.835607744088
89462,5448.994408730161
94783,26691.57297438672
99101,8984.381485680988
102363,7357.722374338622
107901,13565.003738095242
107950,31311.387539562293
94631,22567.796251322747
85176,9267.7920016835
93934,15416.94067652716
99621,3803.5403082010594
101616,5539.529912337662
86156,16166.846308321316
96327,8917.485505291006
89538,14182.47586580087
98236,20747.361820707065
92253,20937.65416269841
105896,17504.786603174598
97333,16853.897276815773
83166,18027.793170634923
96224,14247.568633597884
94462,25101.290570105823
82796,10083.495756613756
103597,10329.139570105808
99905,10819.445219576715
107349,14555.819883718128
76754,20311.365854497362
90912,27175.77200673401
108289,25841.928140572378
94106,30469.13404497354
86956,18443.89677910053
82492,7982.082515993267
81747,11986.764135521882
89144,9666.121772727272
85256,11414.918349326597
85342,9745.149482804232
108054,10592.160360750358
94681,32176.75089526215
86244,10262.518924603177
81028,25466.7316547619
86773,7759.04838756614
108431,20169.261617771128
102839,10011.243593915346
77700,13421.460178571426
92967,20312.83582142858
91982,19515.103567460304
80639,12403.906918350163
97770,12326.71463576239
100460,14308.918356782106
100531,10232.560117303992
84508,11139.06823785474
103706,4695.278888768639
79723,48558.973236171245
88897,9992.195597282349
88695,10388.894010496038
87380,7664.871687344457
76070,29370.35103415104
99342,25816.759205026436
79110,16995.697540043293
89341,13096.981037037038
90330,16699.015613756612
93894,25710.80686640211
104137,6334.551676166428
89113,10731.73830555556
91150,17613.329500240496
79621,26691.100895502637
86822,8583.063067460322
104869,13527.894335978835
93874,15108.900726190477
77606,30195.038703944185
96981,8737.31482395382
88437,8139.098194083694
87834,11238.520242063485
98923,9757.480920153917
108118,24998.84349867726
94447,18133.518838383836
99454,21446.53322089947
82144,14292.859184102934
83494,13776.019577200574
76545,17226.04971031746
85852,12198.188083814335
107056,24113.231277777777
95419,9924.652293650792
76570,16808.517139189506
91325,18957.689025132266
98990,9378.911623977872
107639,14750.808148869652
100232,10707.192131794136
83318,13678.815373015881
82277,42990.18650132274
105198,16485.021003968257
107660,15495.660750703008
92349,26068.613695887445
105445,15723.551234247232
98333,12388.087932558177
100919,12955.236488095235
94295,30616.958618566623
105853,7050.338306878305
100457,11272.011255291001
77726,16280.752138888882
96027,9901.617546296302
104201,11456.145929653687
105205,24041.84994672919
94718,49502.23458321311
96617,11994.895330687836
81405,10896.582856301102
98642,15601.184539923037
89156,14009.546700216442
104916,11091.96557948533
107696,32867.07385666185
87902,11085.150577406066
106870,10451.701097883593
106153,13285.906600529106
85108,15476.366143097644
106590,13835.754530423277
97948,10767.561666666661
77144,29626.339412698417
91535,13165.901941317949
83900,4299.232644179896
107374,6602.352624579122
106805,13993.93613107263
101971,7013.839559523808
103690,8062.107615079368
107830,13081.742646705152
105302,16487.19168253968
90504,12152.889567460315
91865,21630.004457671952
107204,20421.062675925936
93231,30768.22324543049
94654,18433.266506613752
107435,9880.756641534388
78616,31212.665350529092
102268,13730.264986171234
81320,17963.574756734004
85005,11863.788864922119
98032,7836.8864907407415
92938,30662.910074074087
76177,10712.96625661375
83869,23886.704203342935
85806,5464.659911976912
77987,10743.72856349206
103802,10023.632472222222
104020,22087.450904280908
93262,22215.104257936506
92988,21385.221539321778
84434,17789.004531746046
95648,34379.48654942279
77947,31253.487915343914
76135,17584.125003968253
80971,33865.99417748917
105584,10908.924744708995
85530,13565.544579365083
106515,14652.298374338621
80686,16982.392585016834
85040,16625.42298941799
77404,9102.497053872052
91234,36977.30408369409
99225,10399.161515783522
88808,11349.29718154267
89948,15573.514333333336
107161,3826.2778500481004
83683,10799.651056277058
83709,17117.797333333336
80256,19179.947172725428
83504,13700.372232804237
90112,9684.738276815777
93042,36967.38910738336
89466,6608.373651690902
103405,11528.17967652718
86026,45733.36690055315
86824,14540.73407840308
79357,23581.042537758534
78812,11096.422403799903
105364,17851.929390211644
105744,7592.334791005293
99819,21948.61932010581
91051,22396.895763708508
95688,21289.829335137074
102174,14623.856895502644
91914,48878.9497063492
86568,9266.6657010582
98761,1815.7145621693107
101252,9161.235987012988
91406,17632.749705026457
78069,16756.16413095238
86168,19674.086391534394
105858,11632.236035714288
83972,17405.16515740741
107196,22013.418649711395
80990,11770.379345238098
101095,13799.799531024526
93806,23454.17946284271
104535,8243.57362260887
99257,8945.459835978836
94967,14428.790977032222
94257,17292.409350529095
100543,7804.0228981481505
96277,17291.650017316017
78730,14496.288161375665
82370,20005.60961580087
86050,10752.717093915346
104245,22280.273152958158
89903,12005.607457650738
106353,15320.428165103414
90055,9556.020476190482
78070,24751.79558140009
84302,11278.274741702746
101048,8897.764001563257
97981,9440.206756132759
85001,15030.825335331336
79444,24239.28151695527
88862,11712.958093915344
90445,10058.503647907643
92203,43629.323137566134
100623,9320.21535582011
94528,19095.042455868213
94482,17796.958515151524
77706,29640.541801587282
100947,10383.237947691192
94367,24934.292738455995
108205,19782.96203428979
77256,27969.802104737853
88458,17479.768880832133
102997,8465.47922354497
88421,9861.837193241949
86001,10195.450827737088
97594,14129.53396031746
76992,27008.51333333333
92157,18145.217073232325
106018,10105.301097883603
85491,13827.407221139969
103359,8799.067338985087
101024,7993.053160561659
95167,32528.58703715728
93493,20302.1974970955
77624,18292.114662578155
76803,26508.865683862423
77142,23131.43307828284
86693,18531.3872027417
101755,9639.07329473304
82229,26453.867721500716
105220,12243.496503847997
81442,43457.68262698411
92017,10424.285783790288
106471,12415.864398629154
86231,11499.52731946956
92036,24321.19534126983
93224,24680.54602380951
87139,9944.435828042328
107623,9702.002187229438
81066,27402.582875180386
97790,13084.740427729674
76514,20647.60035185185
85297,11624.174379629629
93020,11544.4651079846
88666,18030.704460317465
98711,15196.503140331892
107486,21269.09269047619
79363,26970.810294973533
88053,8075.482502645501
87127,13182.425503925151
104704,26746.00605158729
103808,8716.06364237614
90199,27443.122748556994
92950,78132.44565476193
92002,21405.569480687827
108435,14775.378329365083
86748,10998.186871091864
86978,8021.908333333338
79932,32069.43754016354
107382,9102.673765392017
82616,13442.326782587785
99198,22432.034939393925
96788,9339.238019841274
92073,19023.57512962964
92060,16881.325533697785
79559,7892.32460846561
105276,19584.83487506013
78536,17736.25291979317
86795,16067.519645502645
103739,16964.461679533437
105087,19636.549277898033
106499,16308.53736772487
81009,46480.621694444446
77053,25813.83944179894
104832,7321.696680976429
81864,12384.72270767196
102634,8850.942663780661
90510,7229.4636772486765
103001,7150.405300986046
97323,22929.319444684937
77996,30084.949015873026
89082,15918.026045935541
106910,18883.415764911024
83882,8448.029559523811
106459,21462.11173364598
99678,6685.74276094276
92583,34430.238776455015
76986,21665.312463027713
90844,8857.179203703707
94286,11065.865378667628
85208,11349.298800264549
81224,19707.869107549857
85569,6666.005052910053
78152,22402.64044179895
93054,18309.605193121683
93481,21323.873230158733
99735,14444.672384920632
88060,16754.225873737374
97546,14210.320402625153
81083,29102.92362830688
100259,10718.883155242904
77751,13572.262629148627
105093,7665.05548015873
94991,20002.369851851847
91352,26306.909394179904
99901,11942.88972976968
83577,12003.410828042332
95846,35388.39986988939
89917,13001.22841798942
93394,16756.447904761895
102805,5976.751736411737
105448,25359.230515873023
108444,13073.11845502645
100862,6688.850400192398
95006,48539.90035846562
86446,8340.80192797018
90906,20015.432502886008
95336,26218.938082491586
94904,13342.753304232807
81105,13367.9447089947
78132,11278.59621933622
87302,11030.292520527755
101471,10069.608056758054
90015,10205.299194324194
90539,14798.87027910053
82418,11167.330228835981
79940,20004.79302380953
77401,36106.281744107735
79054,13284.039676887924
78493,44054.808912097156
87727,8647.169400312654
100390,7689.720967291966
86020,11993.466037638293
106293,24465.268006253
105435,11776.447034391535
81992,29936.866914862916
92805,18614.12669047619
92871,21111.97280820106
101833,12610.900523809529
98352,10674.753906084663
98629,9332.370797091799
79700,16475.42488251562
99710,13635.591211159215
84526,20142.013078042328
98636,12136.264873015873
106829,13688.345742063486
99652,18865.35707671957
85469,9185.802494709003
82224,22821.722719576715
81899,20881.99334656084
94817,23409.852830327087
92379,26473.89706096682
94423,29314.56185245311
94010,28491.9058430736
84867,15262.753428571423
84679,13511.906248677242
103292,10511.83155002405
77349,17355.5468478836
77697,12280.948702140451
103017,4249.8128042328035
79727,22296.368560606057
86490,10727.248751322755
101009,7109.084099409852
96540,14039.676147065898
106974,17918.853923280418
80055,21745.364794252047
102035,8668.909762866762
87843,7516.455335858583
107868,24173.767337301575
100831,12685.27354100529
98936,10348.552834295337
96915,27591.620960918714
88473,18821.017496031745
89030,12467.783438509938
95894,20740.592273809518
92113,22032.191408730167
105809,9035.044756854257
99360,15530.849819384326
86746,8934.30617592593
101917,10171.144717301215
96687,14064.750528379032
101210,7878.0648314093305
101146,10362.359582130834
104900,9571.21325
85924,20739.608367965357
90544,7750.322483645983
93003,19683.664391534392
98738,12624.873454304958
99884,7533.871969336218
108053,25609.4377579365
90188,6748.0542652717695
91970,20328.17058597885
103257,7218.16754100529
83138,8603.163637205393
104017,30250.654656565643
105104,7215.296221139973
100054,11596.855796296295
87155,19433.325046092792
107600,10621.567685666181
80848,28211.276715969227
86709,17546.651482924488
106214,30700.07048677248
91963,24061.591916305908
97698,7138.428361231358
106109,11704.715981240985
88231,9967.76913371813
104537,10490.360079244829
99388,11747.347585978838
94517,19472.450223905715
76658,44829.82212919487
107430,20963.013548941803
87408,7908.246814454067
105971,18636.138841149597
90264,14851.32533056758
78434,18302.055828643573
88248,18386.263133838387
103386,7415.119571428569
87862,29127.74621031745
83101,16178.030082251085
92350,30736.82158862434
98624,6081.413059523808
97298,14650.88932275132
81919,16739.56586339586
80556,32667.967588624335
98141,14067.818748677251
88205,15414.086606902352
102779,15735.132814454068
99926,10250.15452010268
101484,6268.532910052909
102869,17285.900208273215
89043,14249.080367123615
92878,25188.807920995685
101071,14797.08324338624
106583,25577.73577777777
106819,10434.403145502645
79956,15420.418386243371
90659,17501.25091412291
82276,11436.319082010577
85881,17696.42208201057
76753,33996.74455339106
102970,12488.058639850888
93126,31132.72498376622
97964,12346.984067460318
81951,12224.198682539683
101200,12386.548670634918
96104,29815.848257215006
78169,19578.41623701298
90062,12016.408977513225
100918,9860.937789682539
108353,11100.875962962959
96642,18630.525965608475
104763,10641.600447089946
100926,13908.965655242908
107597,11131.397298941794
102765,6665.288376142375
85805,12262.548483164981
102162,13157.421573158326
82952,13445.852574074075
94184,46289.64347619047
87797,13959.264917508412
101511,7591.206739417987
107686,7617.792920634924
95366,13801.990708633952
78349,8887.019268518517
100908,4265.089312169312
96196,6722.143263227516
107677,20653.332046296295
93603,23359.660866152368
99861,15262.538871693117
87456,15851.846318783071
82484,12946.17183645984
89252,15912.892455026458
104243,19745.100212962963
107181,32895.24752236651
90446,4313.979448412698
81412,15553.527562169309
86732,13747.560636123138
103972,9649.709731481473
102586,9591.289894179894
82466,13359.227876984127
84937,15937.13302380952
103038,15547.154067460315
104111,19209.586193121686
101111,14316.31981036556
107812,11166.93908272283
81483,15479.86775324675
81303,17762.085857744107
105370,15207.669661209164
80504,25759.186522246262
85839,12234.666512922262
91560,17595.92847198172
92722,43450.18666931216
86115,17387.639584054825
88062,21556.63492592592
104876,17762.533349206344
98777,15358.779435185184
92504,18500.806686507938
94025,12330.835904761905
87253,15383.61468759018
106668,29116.18925264549
100007,10850.650472222216
100956,14995.902980056992
104055,13987.560544973547
83761,8811.150927489178
79429,19491.37034114958
104731,20747.795952380955
104125,11682.527978835986
95628,22949.379714285697
80913,22859.086425444922
85196,13368.015582010583
102697,14223.923095238097
98587,6078.633059042809
106771,18519.31867628667
90889,13095.485164021158
99697,8952.509471741223
101404,7864.143212962968
96283,9198.817005291005
83072,9010.621364478111
84053,9862.683504689754
92435,18493.472008537752
99445,11836.254144179897
94604,20467.226616931217
105585,18404.967773809516
106189,13740.556842472342
108456,28802.930116762866
107914,11848.949422799418
105646,9807.332593915338
99808,20202.536845238104
101337,12812.37792989418
94636,10545.768167989416
100480,7631.231207381029
104644,25479.823592592602
96254,22618.850595117863
105238,21836.366891534395
99534,6588.534059523813
85285,14292.14979172679
82145,20187.16292857143
79604,16964.63033718134
92928,27986.216347883605
82245,26322.650504689744
100973,11478.63044011544
76365,17783.248511904763
79164,18956.55682010581
75989,15466.470118751617
96557,22882.399608465617
95029,5248.342138888888
107817,7510.624342592594
98521,10805.795296296303
103150,12596.058671115918
95850,12622.058503968254
102008,8292.433691798948
106002,13675.429336820589
106077,14439.434857142862
83367,10684.930316137563
97196,15192.808130591624
76566,8132.306166666664
104384,21442.910312169315
80692,13992.141718253964
101094,11217.92421693122
81800,19473.594624338617
86722,14942.816103655607
100318,13944.283005512007
104827,21403.583982202952
98244,6836.126407046657
94712,27318.294248196256
98393,7443.707551106305
80771,5885.856822510824
86607,17219.11209259259
80768,10639.120043650792
96949,18958.042637325634
87207,10277.341329365083
84629,10743.51812037037
76136,21537.31216029341
76644,9495.90137433862
107649,20782.333321669077
90281,12784.81277513228
108187,17305.898644901386
92025,36163.10019444443
99737,22134.38000925925
90801,15755.874611111116
100790,12571.207047258296
102558,14080.303097883596
98713,9637.871107864361
103633,8033.946808691751
101449,15334.789847883598
81515,21338.59722751323
98364,10143.76852116402
83966,13719.07335185185
99995,9534.743758145361
99150,46641.90489345839
86873,13694.382200144088
83731,18799.192711279462
80810,33029.430497715264
94650,17183.46647751322
82521,17945.686058682066
100255,7679.872336219333
80454,9605.248216931215
105154,13247.46021765271
79689,19209.40091534392
86810,7401.523049506045
82113,21024.246155122655
85929,9049.879042328035
77522,24757.585312169304
103578,4779.180320105821
102688,15100.641032106774
90791,18405.866496031755
94401,27992.90463227513
76740,18273.081228595478
81666,14418.1709973545
100227,1532.2669801587303
85673,10864.40533874459
108395,22386.745150793657
100214,5416.571639009139
95659,28721.4105088985
80490,24599.979707311202
88384,11631.562179894183
107062,9446.98869973545
105277,10176.389660052908
79265,18597.774947089954
84984,10790.388337301585
77376,12225.215646825407
77355,23289.824654280907
86313,18727.67197354498
99285,25554.95028571429
98028,11666.00383068783
77611,15579.09763227513
90056,15524.480056878303
84773,9713.570989658494
99264,19224.52334295334
100948,19584.83250084175
82379,24137.76174182298
85047,17116.41561844636
104114,17464.039729076474
107632,18216.796675352423
93536,16625.641659812405
81421,36931.348539682534
104793,36601.77986363638
88141,15640.210464285705
102679,11603.847721380469
81051,27302.55524987974
101005,15030.148296296293
97532,10710.040821428574
102499,16571.729404761903
89537,13110.765780774786
93046,19175.460231721994
79823,17225.10209644059
98882,22927.737730158715
97094,14952.439760582009
82461,11069.668347883597
86118,9767.630449735441
89801,7071.118859788363
83127,14386.20115644541
107519,9912.915062289565
82583,8966.219860870611
103259,7549.750255411253
81152,17145.42166137567
106206,27191.283793771036
96706,9057.864848845598
88303,15415.7073452381
94241,26116.93442195767
95076,24204.94413756614
107546,8613.559646825403
78467,18935.38025108225
98304,18483.990912698417
95393,18440.616201058194
98134,10674.809167267918
104152,19273.76040007215
76818,21643.94920093796
84707,6828.907501082255
87889,16596.422363756607
104736,18152.341367123616
87844,18619.718064814817
88388,9390.889605514856
83940,13565.496897907648
99536,18495.75514021164
83313,17293.7487473545
89864,14783.108956543456
106944,18302.66416741592
105635,8215.195586940843
83110,9799.884389610395
78937,38059.00505230881
91724,19471.864767195766
94886,21918.4889021164
91449,19524.92487782586
81745,32713.215468253973
93405,14116.61087806638
99402,3618.4423941798937
94317,13540.726606060607
78503,22353.668854016378
87111,16124.694641534392
108538,15716.193249999995
90689,7657.133520775521
84402,18227.61293939394
80890,19723.517063492072
101682,7129.920388888889
81874,11633.875694324191
84259,5118.152329004329
96616,15270.905139850884
106173,6198.73958874459
102534,7630.194476190476
81629,58542.98636243389
104910,12910.079006854257
92100,29821.499407407406
98454,9819.105712962968
81880,21792.640382275145
83346,11320.087278018276
95335,20619.738196248203
106693,23130.1025562678
107432,10217.298583333335
82694,10924.279638888887
100199,10718.564295334298
107361,22551.827146723645
88659,9999.48511592112
84237,5569.239026973025
83666,10930.664530423282
104468,28517.312980038485
95495,15406.024693482444
84298,17003.815443121683
108427,11570.717570105817
88238,17431.932317969062
103836,14017.025672058422
87394,10050.570438001365
77799,15929.309483164983
97905,9436.0678994709
101142,15863.376060606068
103274,6921.45536111111
88302,14616.953294903937
76533,11458.318187830688
80080,25850.375817460317
105134,12191.779971500715
100792,10752.158583333336
81408,19626.429023809516
80410,20324.657288359787
86355,12649.585602092351
100954,9624.64984656085
93799,18410.92336904763
100810,7818.438017436268
80379,16415.02136375661
107796,20672.666242664753
94046,16049.106892857139
99931,13558.316088624335
85890,3481.589119047618
106923,18798.523932539687
98319,12866.392675084167
94853,19456.23967592593
91069,56294.49834788362
78790,9990.650858826359
92697,25634.90339766715
94765,32840.947522486764
102150,9288.551718975472
105768,9836.35103258778
81755,23875.669681096668
96933,9476.208055555555
92136,63195.92526731605
96082,7248.97797222222
108457,16003.201594831087
95142,19395.592559523808
85688,19137.081056878305
86672,11386.096247151003
107583,11001.379014550263
93369,25829.276261538034
97637,11752.857333333335
80868,14667.428683862428
102315,8186.121711640214
108428,16861.32691798942
99478,10479.297400793652
98906,6544.19329785955
96394,9874.097436507936
106032,16833.902616041356
76121,18103.288211640214
92642,17085.46052167278
94725,18624.372222730974
84528,17900.939662698423
104492,12179.70772883598
98456,24669.06902392978
102089,9869.49886784512
105274,6745.92738888889
91436,30039.545976190468
99127,4672.431273569022
80416,17548.65390740741
83419,8524.118351851854
76209,19343.457465247717
91874,15094.865306878308
107892,13047.545615199611
86727,11985.107275132275
83096,6945.789606874608
107036,24312.99048412699
86096,8441.298844877345
89684,10917.114944444442
105301,11167.418243386246
79056,16317.260789682543
103508,15688.709234126989
102651,11195.676648208275
76605,17569.120632635884
99170,6539.815393217894
94850,15228.569715608466
78638,12113.600513227515
106031,16899.27792857141
104955,11573.986866402112
101565,10264.448579365075
105886,26943.72634656085
86499,11625.830083934585
91809,45526.70977910056
86033,9151.667512746511
90761,17100.474432539682
104168,23872.385744949483
88048,15365.564234126992
106343,30551.88279497354
96568,8735.21727597403
90082,33889.63637734488
85659,8737.305939153439
102950,11291.270904761916
96231,9380.733289682545
101781,15196.50369179895
103210,7414.466770442519
95174,4534.517839706592
105594,19721.8666082251
107809,21899.477498677254
81222,30341.623990740733
84506,19626.542470899465
83399,13416.726503968255
88318,21409.339482804222
106235,21597.878379629623
83952,12002.288496031753
103610,12267.04928703704
107273,18387.04228210678
102134,15562.45781962482
77708,28465.96431349204
99754,13086.091846801348
103372,11669.283434944684
90457,7999.096579485327
80228,12178.600812169318
105630,16614.872103174595
78448,23478.152231120737
86729,10014.338836820587
108510,11966.503815175567
79686,30639.993955026453
82677,17172.954544492553
94161,24116.90264290337
93064,13806.84517063492
103595,4783.125025132276
107257,7175.293447089948
81162,31550.08868253969
106410,9759.4358994709
97829,22111.054625901877
92429,22194.960900793667
90183,15448.512183862436
83816,17378.523288961045
88613,9545.191245791244
90025,6190.026992063494
89004,7061.566305555554
107997,17211.34671248197
97458,15610.632455026445
82737,9678.895830687828
101739,11185.80910365561
86766,14860.51416666666
77098,16760.98301851852
93598,14353.832015993272
108115,11335.788009620006
107653,32845.08373280425
94706,25987.986525012027
105344,9474.1034023569
87516,7820.003552669554
98959,6740.768431216931
104557,9773.8384448052
99137,6054.626636243388
102126,6357.565178571429
104455,13102.32526503127
104278,11381.40428968254
80331,21471.065884439635
90087,17703.65743590669
93700,36030.26681613755
108517,13045.618009259257
97373,19624.13379497355
83394,19507.919595848598
100989,9092.072623607877
82625,15983.287429292928
93457,12827.13742857143
103186,10579.870958994708
85133,13056.066277777785
101198,7986.505567580567
102095,7420.6025677008165
99684,8748.8162010582
83595,13529.793765873015
76960,37408.108275853774
103015,7620.202657768152
91987,48560.013522366506
78825,33770.31697943726
87668,18391.44311123135
84826,18601.76243915344
92309,10873.039231120727
90969,19564.605733766224
92987,18326.160608706105
105317,17223.596120250124
93606,25552.2657603415
95536,43771.733275132276
92839,16243.563891173648
102133,10223.737701058197
105225,18599.705207671956
85627,9902.612002765758
79013,43191.16861243386
92008,30374.881207431445
80983,20817.610531746028
106475,27084.41573941799
99357,12191.61378811929
79246,23219.177777777782
83200,8157.507904761906
79656,28216.19969179894
99031,24980.65099470899
82780,16318.619142857138
88310,11000.519226671475
98056,27865.224994708984
77289,20516.936653439156
105503,15623.89844047619
79198,31506.228202380924
93429,25909.926953583457
97172,12211.737953703701
105958,19346.448838624332
103180,3547.2123611111124
85825,8849.470373015876
81725,31641.473702621435
86590,14606.035257936517
92366,28985.997803391063
80589,66235.91265848963
95454,18498.177589947092
104525,6886.288798701298
107646,8984.94696296296
99226,8896.532088420836
77273,21172.657161375668
99642,13275.912626984125
91195,24762.51992917269
98641,22141.37137698413
107724,21617.37534920634
89646,29131.622403799884
85873,16443.533669312168
81468,32416.041493025496
97648,7183.852770923522
85573,10944.992587301589
102394,4242.412015873017
77771,20075.461369047625
88122,13895.207790404038
85640,15028.981452380947
97560,6184.504074074076
100584,5890.6097989418
97404,13889.193626262626
82414,10345.742366572791
84609,13158.212017195763
100462,10255.181346681102
91573,15864.584535714292
94716,18675.461609788355
107560,26180.837845238093
79627,24506.59625925926
83025,13802.565714646465
91918,9517.200483044733
87344,13125.63573256373
91683,29690.662859788343
77259,12774.380207671958
95887,21504.643304232795
96802,16248.655445646942
103965,5976.9869247234265
78110,9485.635036556034
99144,9455.347109427603
86801,11863.127552910051
88181,7509.171630230877
88262,18489.803089253335
85846,19288.90073484848
97896,15164.258657407407
92462,50898.68492424244
99668,20037.5663543771
89440,7356.6334230399225
82867,26938.768952380953
85857,11164.310534391534
79583,31464.094708273213
103090,10047.654101611352
104184,30192.785286916787
100921,10903.274373496874
83124,14722.448147306404
93320,23085.807390211652
81985,27136.76987698413
89618,18010.29137626262
90086,8601.923846560843
80855,29456.49149134199
105114,10012.225900793652
92497,18400.26978306878
89049,10011.694216269843
88584,18216.35782924483
88019,14331.720263708514
80119,21722.534165343914
84879,19708.067889249647
99293,11242.458613701112
82515,14832.842723043257
97600,17092.825505290995
103737,12246.192531746034
102387,16011.706445767197
80404,33654.65024987974
105785,42104.27094288116
76379,22921.455074074074
100569,14250.242132275132
101553,11197.301667989419
105803,11035.115492063489
89151,9736.428202982204
102960,7163.43019636845
103094,8753.821604377108
92146,9943.110845839343
97802,11086.433911856666
102939,10591.571166888667
101492,10720.161260702258
84207,9899.057447089945
86995,13286.928979154487
90024,22914.930608225102
87536,9216.891408850406
103571,8334.47660582011
87529,11333.602998093176
96756,20014.382386243386
92326,18153.77535545937
97609,7297.201019841268
75984,18335.384921957666
80733,33605.743113636345
77150,10014.989954545463
102496,7468.382635429382
86666,16975.63733597884
78836,10950.164033068779
82444,9863.934138888893
104414,23784.89985317462
98585,6727.873805250305
85191,13772.911067460318
88013,11289.864968253965
78962,20659.853660052908
101510,15111.400017195769
103438,11793.040818783067
99474,11488.739894179898
87180,16481.79746428571
82983,22964.83492484368
87503,9485.595974506972
90410,21372.685291800793
98416,12266.52723544974
104117,11104.670641534389
84900,7341.126744986492
88565,19344.103678956657
93797,17703.59747306397
108131,45304.675346560834
78848,17016.796812169305
88151,12286.411857744111
85081,10914.120129990384
78163,10509.721368807117
106580,13211.620308080808
104638,9982.241623496875
103696,13025.165379268874
99589,6504.108152356905
79699,14356.213822631076
95129,28025.34683201059
102173,13733.010358696862
92811,23452.55791281867
84986,8153.318428571429
84162,16419.0185489418
77340,23848.558531135528
79685,32340.83336772487
81423,25116.61087962963
93745,20411.11202188552
101399,12791.067053631557
91611,23519.91855026454
76973,12395.008306878308
83734,22732.428460317453
79526,20813.288280182776
80087,7741.341222222222
102186,14283.522731361238
77640,27417.564050505054
105138,16398.156314814816
79146,29962.585371693138
91713,12837.27599867725
104230,25625.98192195768
101896,6121.832712722465
107587,28311.680055555553
76461,30585.22586772486
95587,26628.786950697457
96185,11195.403810846563
103181,13826.10064021164
107643,29968.263317460307
88948,10059.036691590083
97565,25524.997779701807
83821,10960.182901811158
103781,7556.645842592592
81677,52349.366812169304
107975,16744.95977910054
84106,10179.869907407412
93060,46031.09447883597
81078,27767.45417989418
106748,20674.870178571433
79264,22796.239667628673
84098,9934.645255892256
87838,20137.86807744108
102957,12911.644496512752
89353,10914.933969576721
85492,11395.28553904628
107957,25318.67918559218
89938,13504.549801587305
90260,8075.051261655011
89571,12602.818715608468
106963,10025.866484126987
97266,11639.570453703698
80413,13127.290079365077
86028,10647.741421236171
93343,29092.608465007197
105232,7925.312460317458
107755,9999.848911856661
107326,11427.064971611722
107571,9429.930734126985
100062,9435.122972342473
91477,26961.50407118808
104598,8588.25045214045
98614,9210.59139086839
104034,27414.3486084656
98446,9397.964970899473
103023,6066.055702380952
91550,22203.482767195754
81211,20197.577564814826
90619,9964.962873015875
91525,43895.67081120731
104422,21269.949277657528
93555,22795.49146849447
88346,10550.296955026455
102067,6479.472499999997
107051,18004.459575396828
89642,16956.242249037998
83492,15058.043380952382
99169,14038.705801226553
85964,11224.98258922559
85179,11059.692043650786
100677,3456.3478320105814
85529,12037.223966931213
86198,13272.029661546543
99532,6747.307061151811
80443,31111.038441678687
93248,21857.09237372811
86958,16831.45199074074
77942,26808.6409045214
88568,16527.999768786773
81730,56497.59302777777
98884,8503.572159090909
82267,15178.057652116402
88088,11458.615321909572
89578,17609.387341269838
83568,28104.58689430014
85083,7932.492749999998
79222,17622.551284391546
82543,11034.609517195773
82611,2635.7463391053384
99708,18621.95833092832
97699,7098.416716089463
91371,30748.946524891784
101757,6066.0604986772505
104417,11381.334878908137
99830,9616.50616762867
88477,16346.693073953824
104614,16665.047216690713
76098,28894.089750120267
92143,18079.124094396342
81343,28156.18476322751
77212,29577.898541005292
78262,51404.1064867725
95097,27053.644464766716
84440,9967.91612506012
96942,17737.763937321935
101584,9711.856735449732
77202,7685.658917989415
85173,17230.36908333334
82953,16529.04579232804
81151,24665.39413105413
104377,16931.991379028386
86697,1373.9486419413918
96650,13269.939994829248
77031,18116.084589947088
82235,47536.17313492067
91333,15246.384239177492
103393,11988.410901755658
76254,15397.540266381773
101592,12722.367436507933
101865,10311.037734126987
90819,14579.495596560846
76941,10931.81216438192
91974,16052.09352248677
102930,14189.1828015873
96310,20353.42452645503
77912,25807.683507483267
108119,14027.840002284745
93631,17135.276589947087
76592,17440.399040274544
94282,33404.487902014655
77715,27282.419260582014
93747,18430.121920755166
94560,30689.673740740724
90108,15495.505031746026
102128,6991.79346021571
85820,16426.018126984127
79541,12363.431616762868
102901,13582.947175925921
102761,10863.558314814814
91536,20581.841798220295
82089,13791.672500962004
108489,8947.247586099087
98409,7754.1737235449755
79151,13074.525868686864
95549,17904.566456654455
85472,7147.9753390578
82072,22092.80723508897
99386,13646.72524902875
92932,29600.627500000006
86525,21509.075966931217
99013,9143.238445767196
99472,7430.21232010582
89967,8444.944497354494
106604,27168.08766534391
91608,12828.513231601732
82249,27725.200615162612
85445,18050.38374314574
106905,21366.23684187109
89122,15131.54743759019
87056,14503.714102934102
98254,6880.37688768639
81697,28084.534134920643
102542,10773.671244708996
86804,11603.201316137569
92626,47984.90026779703
76602,43406.92967893215
87943,13346.818584253087
95438,19336.497166666657
95823,20242.731352693612
82403,76846.51021825398
79347,24718.81107397232
99419,14612.719694444448
88561,9081.37460870611
104572,5823.370874579126
108507,25305.473218253963
97900,7407.787120370372
89733,13960.855936100936
86211,6975.430982202982
96713,16674.59042602767
107123,15169.937949975949
78086,18273.98825132276
100576,13899.296675324684
102589,17862.778059523815
104477,28099.550979196734
103487,13379.937003968253
79189,9972.891093073598
89098,16586.673212962967
79787,31909.128844396342
84294,16277.230728835973
79128,16772.012746633012
90269,8512.633970899471
78251,20009.276690476185
80572,10181.286765271763
75986,48924.97512566135
77619,32567.07379629629
105025,14941.666699855707
93882,25017.641407407402
78338,22345.191043290044
80621,26954.755243746982
103601,5029.685391293892
88170,16225.654175925929
102889,12580.827946886444
76347,22901.98667015393
106080,6213.997764430015
98834,21793.240031746038
76498,36758.72712037037
85104,8503.342095358343
87534,10741.576717617716
89883,5544.602716450217
88738,4995.433800264551
99252,20646.573071428567
102696,10935.981206228957
95948,22054.013893578656
105438,27647.504059884566
103463,10492.77575333001
100261,9800.191892736893
95315,23252.435380952364
104172,23449.28172089947
76502,35248.77054761905
91569,27499.082604497376
96071,13320.063043456546
105936,20491.45509391535
97089,17634.924416426173
85434,14698.875387566139
88446,10525.921157407407
93751,27436.994892496386
105399,13767.402063492067
88174,39417.30351719575
88555,8122.744464285712
102346,12911.418353174608
87144,10477.53748364598
101990,10130.365195165945
102931,9625.254870370365
108317,12292.118111111115
87976,8268.798679894182
97988,10574.974054353059
101822,9542.939537231285
82536,14952.840104858102
80676,31768.54584415584
91255,10170.632880952384
94069,16602.239315536324
91894,25874.038255290994
108147,13890.688830327077
76928,24561.57573412698
82648,13397.159403920154
79426,12970.516138888894
101936,12450.978882275132
107567,21305.958792568537
88776,11894.52826635402
91113,27523.906807720043
84568,18667.36576707551
78044,25278.32557744107
76929,43825.29498015874
102526,6153.0213968254
92515,9533.806637362633
90009,7868.474156204906
82978,8716.589516714765
104437,12768.995185786429
101451,13106.400685185185
76325,33182.8554074074
89491,7930.771832010581
98435,13279.118727513223
92282,15632.95189814815
82209,15246.535903439155
88705,13800.291595820845
104679,10817.314433862433
84919,7723.063625661373
89998,18354.959261904776
103520,6061.044536195286
106857,10659.211489417996
108499,12967.144409571916
78893,43639.82135846561
100860,10817.4854537037
91684,11788.570326358831
80617,14300.92667328043
76634,37068.786756493515
92055,27038.98955687831
83030,2331.5448492063506
86154,7352.0066154401175
96022,22688.147515873006
100336,17592.974433742183
92663,15037.881298100054
102884,10400.374342953344
80763,27292.64896164021
78329,10041.21875132275
87867,14014.671550264546
104353,26936.655109788364
94284,14405.483677368924
107996,19885.755289802797
95784,22108.456935305432
101298,16834.417720899466
95995,17735.5431058201
102718,6815.454201058204
93623,28362.1326026936
89585,17245.872691438184
77533,22154.33071404521
107550,15014.023476190487
87760,16164.277907407411
86299,3173.383757936508
83152,10412.584085571832
91322,24420.226110389616
91286,6582.23366726792
89231,16866.932615079364
80082,9757.156015873015
105518,9926.484428164425
100224,12434.974459956708
97261,11717.159999999998
99651,28553.21741317941
76487,10199.073392958891
76867,25447.205876984117
84574,11965.191792328043
92378,45066.64893650795
103934,11046.967630952384
108445,8690.163397546896
76872,21651.71778451178
76180,48676.899595238094
106906,9664.947589947087
76431,13229.07584126984
102603,10161.221771765273
78403,15332.766584757826
100799,7770.430916666664
104755,14710.785264550273
89602,29277.233818783076
101656,6943.7357724867725
79362,14491.8904973545
102262,13739.439583694086
79884,15921.34104280904
97740,28604.27438107264
101264,7398.560387806638
76525,14522.266997354493
101988,15719.343697089935
102819,19338.268594877358
95501,19033.13165584415
82890,13192.674269841273
94413,18693.24700456951
77898,28105.55688095238
92991,22624.06368578643
82055,11338.675465848964
100865,12603.142870370371
107388,13157.854477513221
94252,22893.66743458393
105973,8284.452252886003
100976,16031.006822751322
106212,25979.06958333333
76078,9428.232970899473
79014,17044.85181084656
104787,10341.746445045692
92342,22473.69244853295
86334,8142.996129148633
94066,12859.483278018277
76062,9456.039015873013
99371,15576.717331168826
91498,19433.950235449724
86406,18561.012838624334
95531,32218.469146464653
93274,10378.015237974985
100190,15783.679023328523
90424,20339.315210317454
99089,12113.877719576718
94306,15637.52496296296
88209,7856.37953667628
90029,8901.883266474266
103397,7665.837141534391
82341,27674.456220899472
92358,28643.735059523813
100389,11160.714359788364
104886,22620.747793650793
98404,9937.003769841273
85100,16686.748809884568
84878,19103.419108465594
78693,28985.349384920653
91992,57837.63447402599
105754,8571.620783068785
89594,16041.839330872832
84756,5603.116227513228
91795,72583.62387169315
108235,11188.639962481964
95474,24969.91394047618
103485,8964.560406707127
107700,9590.526761904759
86613,13408.42349963925
85741,8638.273719336219
89372,10711.045836665324
79735,31418.897463166453
76186,14220.04694179894
93135,28366.70681613755
108107,6506.346613756614
95853,34421.19972486775
106625,25701.132860750364
94400,16891.708778860022
84893,12943.883865079366
97777,22539.32973833574
82127,26751.633933862428
102116,14380.976708994713
84330,20624.875197089958
105251,20782.769863756617
104115,9795.925903439158
93746,14915.849404040408
104982,18942.3443015873
105988,9592.118579966333
102562,3372.4663518518532
100822,11347.108501322744
104409,23896.86195586819
80140,15243.65053571429
103317,11592.329526760275
96145,9236.23162301587
105732,26914.493185185183
100943,11208.376710317463
92940,15842.689734848496
108400,2722.3540656565665
108512,10742.143547619049
92473,44934.73802777776
99001,10611.863835312535
81082,27907.815156084645
108460,13911.133038600288
108169,11425.588990860993
106864,17902.17153835979
84685,19263.899962121206
77736,28983.33593650793
94232,24719.621859066876
89520,3416.0148136123144
104514,19596.781174603173
87509,11329.817744708991
102802,9490.485843915345
91042,29740.593376743618
79197,31163.45546031746
76499,15927.508872655124
100082,9905.25471584897
91224,25295.76008730159
95303,15684.273773689263
96830,13816.69996164021
88064,14660.89005055568
81628,6594.281816859068
84857,7975.710292439043
82032,20483.818234126986
93316,25918.337970418466
104993,20538.682152116402
82315,17435.550579605584
95990,48637.28233333335
89970,20106.778058441563
93407,19669.87211640213
84755,15675.427038359776
84684,16206.03675468975
79353,34052.86359066858
79649,54550.35914417988
81749,26403.14150132275
107002,6586.875034391534
82546,19382.780269360264
97536,14886.179891534382
77580,31947.643730158743
95967,22841.067659331413
108150,7115.973622294373
98992,8218.202217772965
108536,9701.400444444438
102358,6820.161427609428
91856,26688.98951911977
93148,25780.319833453585
84957,14546.59004930255
95413,12787.589427248682
102404,11036.918039682541
91495,19856.557874338618
77953,22968.85168386244
87398,8747.945903439151
95955,18443.876879019128
93290,15939.012611111111
88128,9359.91812433862
88830,18453.921272995532
83397,11885.383436507944
81599,25050.462791005284
106055,7665.416248557004
77655,18999.77575925925
92106,28922.02891750842
96536,12524.569806878308
104575,13925.793354978357
105513,8619.159450697452
92308,17457.756221380463
82419,13838.568227513224
96473,13297.466014550268
76961,28755.82946500721
104060,38616.792572307306
91056,21022.057737614236
87618,17682.62442989418
95253,28565.602714526223
96135,10382.985347883601
98015,7870.441458994709
87695,10790.315489630739
79066,15103.055724506978
95512,36376.553774651285
89234,18115.109968253964
89971,12139.09668518518
103750,11343.873882238133
94180,32362.410677729702
107947,23417.575083333333
93455,74577.70191269842
86369,16180.199504865508
78817,20632.735247354492
85051,7489.281754329003
79315,60893.93674206351
92395,27001.79707491583
82513,14011.500784188038
107728,6794.43942772968
90261,12655.125576599326
101064,12138.493134078886
79329,22381.973291005295
88998,11263.89939285714
102002,8607.93898544974
87718,10695.920150192396
87774,20941.65425661376
105214,16754.97117328043
103055,9821.460373015874
103543,14868.296417989417
104548,6706.338455026453
90387,9502.267285594035
83786,16101.110324314568
108102,12873.154400793652
101455,10040.519244708994
100577,19522.81766005291
97483,8140.930267141864
103056,11493.036904040406
78401,11055.559325396825
97400,10879.149441798943
97703,13840.054910533914
101311,9097.258412457915
87912,10548.514519841268
97168,8113.819612433861
100833,14805.380888888894
93043,26511.41906541608
80772,20294.537058201066
99794,5559.565607984611
78326,10680.59476587301
98710,8816.487640331894
92351,21099.546875661385
87356,6387.146114718616
96926,33160.4539373497
100570,8220.977752284756
95109,21314.975636622632
85050,7812.372474747473
84046,20247.58023809524
101466,15552.011860149105
90832,16462.564448412697
93397,32175.378880471395
107778,16754.20222210198
106710,23043.966416185667
83464,8058.6285598845625
93622,15892.877640091388
88744,17414.11541798942
107378,21382.106268398267
83032,13348.887256613756
89480,38718.006554232794
92634,27717.895843915336
81057,9274.92858201058
102633,21259.361025132268
101794,9537.60653439154
78355,14525.091377465129
76544,53629.95237037037
77408,13901.180958689458
104451,32557.207772486774
89254,17015.984459114952
85412,16722.080633357386
97709,9309.87828835979
105230,23798.7766890332
87691,12818.321592953343
90722,9684.834539682537
86679,14340.436505291009
81418,28898.772577690837
76980,16428.552789682555
105319,14090.198244708998
80516,15791.796026214528
88960,9115.835338624338
82982,10361.604665343919
105004,23480.043228835977
78037,37888.80808068781
105901,20581.20597198173
77109,13993.016719336214
85855,11389.261233490719
107355,31259.81279220778
106193,10278.749354497362
97700,25166.056791005296
86150,9399.666553030303
76267,36075.746198412664
102096,15402.190218253967
102561,13938.081260887266
101137,13854.895868686863
92050,75602.58625132279
103878,9244.37138924964
94760,23324.31321693122
102678,10925.873421717173
79971,28846.20884788359
85739,15763.226801346795
79714,20280.955932659934
87673,16531.905675925926
107304,19866.508092833086
78692,30274.288774420016
107274,9754.865454110706
88686,5364.724701539201
90843,13273.067530423281
97507,7988.468343073594
92343,47673.57980026454
78781,13775.100223544974
84990,22356.096238816717
92913,36727.50633994709
92079,43559.66423725349
98507,7994.923104090352
97152,21373.529063492057
78442,41591.89214947091
79711,12824.364824074066
96643,9239.013697089948
105000,8107.364697089945
89454,5865.90812987013
102265,15061.232015873016
94961,29671.0708516391
76335,18148.357990740744
82897,10713.065123919652
94061,26837.087518518525
90661,7494.159197691196
78112,29999.422124338627
95596,18154.08985509862
94740,31018.89081399157
83287,4001.610030182781
96668,13179.484270322264
101834,17736.111375661378
77285,32505.802488095243
102545,13907.560973063975
96287,20173.262037037035
82156,79858.5214285714
87276,11374.134621091871
77564,17423.59567989417
105991,7429.565771404524
107570,13541.802580808078
94519,35441.13798412699
78369,38498.62080663779
92674,10347.106988095244
90532,21571.194952140453
85489,7295.563613756617
103660,11421.76667528768
81206,15772.177411375664
106764,27862.70512830687
97425,12189.957756613754
96393,25108.696549783563
84960,11035.968226756715
78993,34890.17689754689
85876,14887.26641931217
103936,10989.947877104378
84201,6496.8555215247725
105098,28117.22066269841
85078,15309.866030784044
89886,15150.698922873427
81268,54391.74118253968
79945,16482.173965007212
97727,8674.432664021168
90636,7150.238812983315
80106,8595.611242784993
76947,13223.259246031746
83264,16131.180011063023
101532,6676.570400691902
91558,32732.83890333741
93311,15045.95438359789
101967,7050.799449905215
85725,5753.73247101972
104684,22767.900623857633
89747,13484.599306508311
105165,17322.07998949088
104814,15307.969629629633
101904,9108.73571921597
99238,11969.34464381915
80989,26244.06763672438
93575,12502.027261904756
101536,10284.079203703708
86847,8102.176407407405
99847,11379.534171476678
89212,6822.401558201061
93997,23199.62368350169
93647,28503.95696693123
87846,11626.34290059015
93737,23906.35893446369
77906,25846.74800925926
80648,27072.559798941802
102925,7348.173093933843
103709,12885.316399951902
86195,12922.957281746036
76865,12545.066709595965
83260,17826.13471753247
97233,24679.371259259256
104618,22538.474585978835
83879,7799.033101491099
104804,11075.579794973546
100551,8854.97519348244
90524,19846.937309764307
99669,19986.361910052918
102658,8196.33899206349
101398,7225.054188191438
103286,10659.015611111108
94823,32431.784678571436
83630,11337.237783424915
86079,7099.8754365079385
102145,8268.014183691756
94270,48354.800927248674
105688,29078.311440781446
87335,17600.922417869166
89805,13742.29698124099
95093,27309.419538359787
76699,18328.41126984128
83187,17697.281475589218
84218,6366.503051587301
94153,15250.146016381768
91849,16042.014995550742
96202,13784.546659932657
90172,12463.717056277055
98759,8957.526391534393
86718,7360.430342592591
103349,10190.96372751323
93293,41852.62888227514
94622,38232.458376984156
93181,21197.165383597883
104870,12201.99518579569
83247,8605.159598605102
87566,10224.962564333813
77362,20925.076101250605
79537,20510.62408343509
85049,13249.376277296773
81402,15342.977318903317
108341,14142.547470538719
92193,24014.112600889846
100184,16322.224110269364
106252,9295.755655723904
98047,12352.32911406186
105416,11585.203173280424
90872,28484.196248316497
100235,9769.091170514674
91485,22392.95671814298
90534,20715.565191798938
77841,16071.17128042328
105730,12755.419562169312
84175,12984.561776936025
103964,8870.8588994709
105970,39958.15631349206
99843,7444.453043650792
102012,10263.372862433862
76779,27342.848585978838
80778,21048.723523088025
106638,14450.358514069267
88233,17383.71023917749
102657,24255.04276214526
107180,27404.38511935286
108468,15859.340127280131
86399,10708.292820105822
85128,29978.565631914367
99868,4599.900643939393
100413,11532.108317460314
91125,22058.36808465607
80467,32269.100173039922
78605,12332.553866402115
90259,13958.160841269842
106759,10244.561625420878
101253,8979.211021524767
100980,7571.69639285714
83805,10164.915055916308
96745,7796.6697015392
90242,15870.139186026929
76118,25700.031427008184
98824,8104.723430652682
78006,21589.296124338638
100924,13722.045449975953
77138,79885.33655820104
87665,10656.770442400193
78023,16188.228048340548
96117,21761.0979484127
86789,8354.074457671963
88649,15952.923651996149
96792,8143.490082010587
79403,29516.752283068778
100547,7969.415757936505
106529,12970.120931216934
83042,11614.557442485433
80334,18868.083688024926
86589,7865.40148364599
101811,14310.0017501665
94128,17496.075135281382
95868,8105.671574074075
76244,27279.503683982683
88957,19019.79727525253
108503,17303.385594516596
84409,9043.13816666667
104962,27481.67736660561
105121,8300.89960870611
94389,14099.854749518996
105602,14513.292288961038
88289,9699.4388478836
108168,18218.482064814823
84978,18423.089971620982
108011,11468.317151515152
79783,11806.417697089943
89892,23839.42906746032
91748,25380.18187722463
105942,12029.047755651753
106893,17132.97350132275
85969,11512.858614735787
105403,15712.893035714282
80319,30258.645994708986
103010,4806.389126984129
76518,24114.42522727273
95598,14360.213439393934
101287,16081.742547619046
84475,17242.347274531025
87686,13932.147142857139
91202,22276.731370370373
85296,16923.080474867722
89710,10201.983669071675
108409,14340.913567941323
104660,12122.061204425203
91493,15558.824110149108
103318,10161.829870731124
83537,9962.124628427127
93277,18821.251970899477
91290,17393.953641534386
107127,12702.663433862437
87752,11410.804035078025
82613,14784.317341269842
104508,9129.178851491102
100051,9090.122667989415
84203,17735.854941077447
88624,12973.479051587303
99483,7489.093027481781
96635,28692.822632395382
78956,15467.80164217265
105839,23085.26726936027
92487,19827.855963989714
89382,10560.740602022526
100337,7320.081527981281
78640,44397.51849855701
99495,7124.210235449736
95580,42448.90305832129
85347,17162.527888528137
100050,13119.330949735451
97749,15235.80562999038
76587,28383.424572751337
95918,32404.232444444453
93823,33696.939029822024
80470,26157.18542941318
95399,85489.97336916794
101483,7725.3273569721805
94776,24002.546264550263
97442,6524.851198412699
79267,27054.382675204433
82710,11745.682283549788
77473,19750.388671476674
105371,13007.641780423286
84991,15116.487626022123
93878,25703.19525769601
107126,17323.91278558585
90996,10670.62316907167
87095,9948.842802945594
80205,16729.30829894179
100043,10007.159062530061
84793,15512.679225929245
80403,13443.014863654857
88018,13593.202021404513
92747,26456.088501563263
104894,12621.230205627704
108319,20455.054560846558
99481,29911.363498677234
98270,10353.942226551226
88155,18658.032003968245
84565,18597.573747234248
80779,45726.39950793651
105684,27522.324220899463
106855,14994.872267797009
103908,7654.363759379503
100595,10742.19789213565
89822,19840.508238095234
100401,11493.123902477155
101037,9712.362661616167
96350,20588.66079365079
104191,18689.330654761896
87891,12070.51964716765
97744,16359.122428673174
105757,20849.350022486782
98966,14813.622951539199
91869,9002.863265364258
81292,17110.96837433863
108284,24108.509920153912
83092,10672.965824795581
78394,20415.504287878794
97961,13548.482926286679
77723,37441.338333333326
87317,8284.09298809524
95065,38235.27253837831
88227,9865.17226587302
108087,9664.429556878313
76311,11022.535348003848
100764,8410.97969925445
87828,10340.427332130836
77314,13817.375535714282
107860,12064.561322751324
100339,5916.394588624337
106165,6392.982421550671
104443,12166.866734126987
79613,30241.306044252055
92686,25023.22937830687
97493,19323.161454184712
78977,35478.17793590667
82933,15250.066715608462
80063,23074.652649470903
92287,20078.801525132276
103664,11429.373595238094
102185,16125.00234259259
94679,15993.792312169311
99024,8489.687242303991
99366,8846.728496031754
96554,10239.21870899471
95906,25067.419699975944
85623,12849.523109788357
84336,17371.239730158733
96560,14678.33792328042
107448,6683.61285954786
104118,19181.992977513222
88391,9695.760237012984
100327,14089.43888684464
89323,6660.041584656084
106925,20554.35776719577
98542,8944.91985377586
93996,23030.435247354497
85103,12422.897645021649
76033,23442.69319877345
77213,19677.707184583945
98117,21138.741003968255
81109,34196.28075084175
78316,22528.498446479454
91021,26816.342582010573
78093,12546.610440476188
77497,12551.247081529571
83590,13129.728348364602
76126,21825.034638528152
90509,4601.0756996151995
76454,21610.07973544974
82095,34919.2263953824
88625,14951.274414381918
100031,7657.85755098605
99458,8177.171385161131
88085,10617.730736737474
91823,18747.15988492063
77735,29259.303309523817
91799,6490.179981481482
91480,8918.874248677246
84915,13814.010599687352
83688,11054.099896189136
102334,8742.7664963925
97765,11469.672210317462
99836,13542.532958513713
98569,15978.32607142857
105050,25106.700257936493
80826,16288.027048941798
78684,12834.242610389614
99123,10331.921053992304
96507,12931.70325974026
104742,21710.953888528136
93690,19302.958703583456
107606,14281.324300264554
87019,18494.951054473306
100735,9444.892478105226
101685,7114.005416666667
82792,9331.882345034597
100036,8354.87217989418
102607,7424.301935206403
97772,17301.764152717646
96207,16024.0602962963
100697,8434.774906204902
96481,22925.63902344877
89054,15585.850572751313
97847,22076.36489550263
87528,11199.075936953925
97145,7655.169589947088
95223,50413.30036483885
104325,14781.71424074074
93743,16228.292777777777
81914,7107.311363395861
79040,22491.39668253968
107030,15937.000972462729
106244,29932.10497751323
79602,29929.068829365075
107684,7481.37841931217
105346,23677.774125300635
100000,15432.558719576724
79001,10735.321213443965
78942,26582.708932539674
87637,10823.406259971507
102257,9576.942363756609
103502,8258.383723230474
84619,5175.925503607508
91129,23028.796082010587
98493,14002.308150488401
107108,31948.888622895614
101158,7716.549331310303
80236,17912.176972462723
105375,12850.794711640205
93002,29315.518044973556
91619,20161.25704484589
83965,14325.646541606546
94431,44360.91946224145
104601,9466.607550264549
92698,29881.43376070226
84014,8907.207181216932
91961,27513.66664201539
77595,50839.711607142846
88848,17647.16876563252
106046,13670.597705988454
99498,9329.521913059167
98153,7161.392136243387
83157,10215.971198412695
107475,12843.135609788362
100589,13775.126332611835
81448,16653.69452910053
102638,6731.623355459354
104473,26808.369231481476
102724,6592.527899470897
99338,10128.607404761897
92431,9716.588829124577
84969,10457.486319624817
108426,2406.8102539682545
103206,16163.726284391536
87345,8739.13817833094
102625,14894.809443121689
84606,13160.019529775782
99166,8003.221108465607
94408,24613.12208597884
94898,20455.564448292447
93658,32303.034675444906
98234,15593.828134920632
99725,11499.265088624348
103979,13336.45153198653
77277,19962.28979761905
84401,14142.658862433866
80006,22280.771296296294
78572,14648.437411255409
88781,11648.682705026458
78546,17029.748486772496
103829,19274.525729797966
79159,50602.56348280422
104502,13870.507428571422
95125,26331.961223544975
80804,16261.516686507948
96580,26255.876813492065
92059,18044.464747354494
100530,18699.78380291006
78079,26670.670806517563
95036,15714.981671957668
91490,19360.98825529101
103310,15719.359188071183
88853,13981.026007455506
105948,9192.429899230397
93744,19383.066319023565
108518,33284.191916426156
107733,20759.212738095244
106813,10004.789525132277
98343,14734.682832852339
83056,7755.382270562777
105721,21812.82296236172
89165,7665.996830086584
106402,12435.81407539683
77252,45538.93489814814
89194,7970.5723502886
76777,14565.287215386461
90569,14329.966944953198
93912,8929.89642664743
96848,6161.731662698413
87355,9131.2265484608
80539,35019.07269179895
105351,12954.798511192506
108019,6543.3684457671925
91331,14385.103956349216
80814,11985.878074074073
95951,20745.155929894187
98392,9289.182316378065
99209,18644.96452506752
86085,9846.970598484846
84678,8043.788875541131
96534,12892.87492760943
93665,27900.790378667636
89832,12199.888243568696
85079,9585.528653032152
79425,12543.279050865796
96052,5135.754578754578
96599,9627.512281385281
103705,19525.06883694084
78171,30814.084754208743
92005,19510.922474867722
101323,14209.962608205611
80398,20331.521054834066
82123,18041.28312061087
90262,6828.564955026453
93300,15001.221735902987
76795,16689.929705026454
91043,22934.405464165455
97362,14134.067469576712
98969,7574.917101851853
104826,12890.919739417992
84329,6353.606302910052
97976,12197.37601019296
96904,5580.113683862438
88148,13377.179581770086
94895,14576.754806878305
91122,26650.89187169311
108145,12996.98317628668
85476,14728.479620370372
97564,19128.209899063888
107770,41922.382966570454
106947,22226.29717328041
89548,14935.961328042316
79027,17328.964395502648
96032,20036.973644993912
100133,9789.130496031748
83191,9059.497597883601
82695,13643.530053270802
79273,49286.172947089945
95667,17056.02910473785
99578,14519.890761063016
84492,13345.432935185188
92353,14300.3390132275
106435,16203.976977106215
86655,15015.471443482442
106651,17421.948897787403
90268,8321.873841602843
98311,17720.302322390573
86971,7712.316047619049
88573,11917.57233730159
93189,19011.364726190466
87244,14741.5426550024
108207,8332.795131433384
95819,48292.8669695767
105846,27312.32501677026
102372,7911.572615199615
83616,14603.346854497357
92411,25526.840085497846
90395,12844.92567977393
104613,15839.143374098123
95808,25906.942265873015
98662,13092.793584175084
86066,12195.13262566138
77454,14541.440441798943
80846,17631.463410200922
89060,7331.881776695528
91975,14931.309802549298
84011,10721.53001511651
88315,12820.983414141416
95692,28273.34300769601
98373,11687.493583333335
97283,25202.302762025003
101495,9807.537697598702
81770,14216.737580327084
87458,15479.253736892731
102710,14116.901912189665
81205,30882.58342592593
97440,13551.604555555556
82618,7174.118134439633
104838,8259.753248677254
103606,12866.648399470898
91507,64004.10597053877
81463,14362.533449735449
76741,36300.329957671944
94422,20882.41645767195
99543,10165.051956349205
104044,19344.9947540885
83284,10010.208834656085
100834,14937.217071428573
108440,10005.680876984128
96881,7695.501625300626
103925,10393.868250240503
102881,13866.205052910049
78690,22416.95231746031
78052,27649.2434431217
103938,12278.532615079364
101271,9164.179462000964
76924,20879.76636111111
100415,12241.767702380952
78455,21657.760998297996
102811,13412.01390079365
85154,14421.362519360266
103761,10929.814731842238
77732,17589.85689682539
85957,16226.78435582011
96779,23712.631945767193
99061,17130.540148148135
106028,22411.750738095227
85889,21521.01981770083
97539,7961.42443518518
100890,14633.432552910053
96058,15945.64795238095
80216,18826.39128571429
93045,21932.236946488698
95789,14943.640190476188
89368,10561.456769841272
80917,21167.4478994709
93323,26844.33205964405
103669,14465.530050986046
81561,18836.467654040396
92214,29170.859689874953
86368,13919.525890516894
95070,19210.35416931216
80730,17969.90206878306
105647,17192.764198292447
104707,27414.276066248567
80353,18353.932872608875
98677,30243.955976190475
89445,9602.77216029341
98332,8391.981861111111
95929,14595.089935425687
88970,17510.944764550266
81272,15379.875353174595
77963,20859.90665079366
88285,17878.275742063484
88924,11989.017912501242
93562,29362.681614357873
89463,7169.051636243386
105407,13695.753434223181
80944,36820.583344396335
108099,25890.72184920637
89199,6398.804438504645
82756,14137.18333790284
79573,15337.088543290036
98847,10826.43036531987
100966,8102.380832371335
108500,25247.952653078406
103830,11779.147088624339
84043,9831.834813492065
84550,11615.385675565172
83946,9020.844681216931
86287,10413.382245254743
77598,16411.40321356421
92893,16640.057890572385
106936,16638.60056986532
101123,10226.773695165946
83943,11382.1477910053
89197,15478.34507202982
80185,63405.54788888889
82429,16158.920882275122
95864,20018.0299606782
100750,12303.380357142862
85497,6723.73088131313
99469,15947.66382768157
87667,7861.383697691196
78681,45425.991671356416
106579,16102.63787037037
97388,7525.142691798943
82487,11236.505121693122
80635,22476.436870250112
96378,7361.353341871087
77827,27066.81285449735
79045,32877.5350828986
95229,20814.68446428572
95387,17099.205096560843
101754,7100.57871978022
90728,8265.64897835498
77618,27313.617519841242
79390,37982.05063624338
79449,18218.204898148146
107826,21358.661272967776
87026,11944.027616402127
77765,18647.87387169312
89691,14785.112100529099
91087,15515.89021031746
79770,28691.486057479557
79341,31960.319543771035
87532,14522.734834776335
104082,10695.724763227516
83169,6382.020674001922
107978,26136.743555555546
97466,10923.454393819147
98381,19044.677552910052
87614,12419.543336700337
84768,11400.523635642132
103605,6145.72111014911
107420,10808.139438071188
76099,47236.263421957694
81932,11250.348513227515
96233,10981.562041606545
103484,9832.404420634917
89608,13980.212271164026
91316,20957.814151875908
80424,11796.88846464646
83120,9724.269371693123
95888,20850.604055555556
103279,12437.813937830691
76800,12672.903583213081
102188,14608.263246152006
100147,6180.165669492546
107959,24099.672797859548
93341,16192.685440836945
87446,13628.893038119293
103554,8059.877053030299
83756,6595.907611905324
86353,9412.528906084657
107874,22060.658019841263
78416,16980.11273229548
100911,11350.17918145743
86514,11330.020846560847
92702,33359.22137566138
76787,19243.700003968257
98523,25237.93074615201
88972,19456.1045
87370,15843.734780543533
107060,9773.297619889372
108186,12625.811334656082
90126,16306.854050264548
103874,6479.196365079365
88271,11533.156903198658
81752,13349.503575156326
78089,47000.37656746032
102383,12767.80287157287
76766,31861.751058201062
86120,10976.150652116401
82871,19372.119203703714
78647,27872.917193121688
92451,16258.24322835497
91743,22760.765298534803
96582,11985.585315656566
79729,19457.173446729183
78864,25562.698337301586
94728,20028.711811447803
90355,8252.674808080807
103777,14436.325034752292
96076,4973.200134920637
79201,27377.321472222207
106707,15853.076347041844
83836,9268.634392857144
82332,31817.576695767188
106545,30939.596292328053
107268,25559.11209920635
105459,6762.779970603472
99683,17350.264280303036
98385,15606.155816137567
103402,9084.513005291008
89402,12710.540769841267
87077,7084.735361231364
94222,23319.267189153434
89919,6934.635064814817
80585,27847.17017592592
102406,4677.7741719576725
95002,14051.713480140223
78216,18451.106721139968
81346,22757.635181216927
78309,18272.34434632035
93307,20215.03065873016
87233,4072.424115079365
77093,8803.41563167388
86762,6905.693799543047
94561,15135.453658730165
76392,74779.8427473545
76895,28907.02157010582
85419,14722.49233730158
101026,13953.274102072852
102584,7526.58133201058
81381,30333.97016402118
81761,51234.24166137566
98099,10177.753206349209
91347,14964.49412433862
100024,8014.743807500778
97924,12062.131235449739
100492,11101.16449470899
93559,23680.29560185186
103175,12492.03865608466
98122,15470.152296296294
84362,10276.284196969695
77943,20175.68951659451
87275,11161.190128306875
79991,15113.215671115919
102700,10689.661699855698
79660,48094.69771536796
105465,22676.786215728716
94354,26486.216255531508
96390,7898.301265752762
88763,29030.271394179887
87219,17930.07775986051
77221,27196.694606384346
78165,11168.423575396826
95069,22205.05482744109
85157,13285.15901719577
94547,13038.263413780673
80643,16486.650201058193
97499,8854.046247354498
81957,25457.746441798943
82538,11058.403220899474
83777,22045.518034391538
87927,15185.960677008175
82916,18375.391392857135
104146,12782.89553439154
105260,9982.735642857147
85483,13874.960890211643
102412,13041.917224867724
86508,8363.734616642618
102998,11160.423575637322
94493,34197.42043710917
93422,20134.764686868682
90033,10945.066811207307
92957,21278.504875661376
96584,13072.952901996148
103170,12086.817896825392
83550,16668.222459956716
76050,11540.36078920154
99903,8796.455103174609
95255,35913.15894588745
106697,25088.22952922077
91497,29516.199022486762
97177,9376.34815250545
101863,11554.848748677254
99298,7638.242068246569
106496,5593.137253968254
98770,25269.624351851853
101801,11868.540105820106
85037,13021.190365079367
104399,19609.411507936515
83980,4104.911191798943
97825,17889.45342857142
81924,23557.945387085143
104192,9860.941255291
87130,8759.24867171718
79364,15506.710732804226
81388,11130.02178703703
94917,18572.181552910064
102119,11299.734715608467
84135,13649.839261904757
94992,25229.507130952396
81229,20264.02085052911
79503,19429.30129858104
84540,11316.046984552486
77881,9350.65336619862
104978,2307.1935676083185
107373,16592.870720834715
76208,16219.307223544969
88192,18417.968987854743
107010,52424.198691197686
93961,50002.8879978355
83957,19598.283090085843
85283,7612.2800437993355
104226,6758.348030423278
79463,17639.74793302068
102587,13762.151075396821
90204,3243.555148148148
103507,11767.283028138532
94351,30257.858441317938
95181,14589.183494227995
107410,22369.52749338625
86541,18214.29423544973
106281,20737.074649951897
77315,11955.976932539685
84485,8945.509521164026
77592,11309.62152320827
104262,25600.439977513226
81260,27058.4356168831
94417,63272.89976851853
83014,14025.166894383385
78192,20263.618267676768
85838,10479.170135401635
98395,22417.714312169308
92617,24844.007322751335
107538,8898.517753968252
102588,10620.314644179893
88950,11838.407501322758
101450,8523.984033503533
96101,12972.270828042323
90567,13111.299791005293
94383,31778.164421680183
82961,4559.270892857145
96591,8012.0341164021165
77890,21284.81930471381
77801,17949.038734607977
85738,7040.029793650792
88580,17725.480313492062
88914,9268.577051587303
82206,20835.278477513213
107485,13869.169820105815
105203,27023.491109788367
82256,72925.66728547377
80181,31329.995976902712
88792,8259.302321428575
92581,19582.248565776816
101272,19732.14163840788
102359,9660.509998556998
85306,9761.936685666193
106078,19892.335685786442
82442,7634.094786075032
106313,20023.63485437711
107617,11100.35165295815
89719,18166.00291005292
91358,18289.49394047619
89676,32967.624473785465
86927,16312.460772366518
76819,27083.139619769117
96646,9476.323872053874
81533,37502.546332732076
89207,14264.148522366531
90282,7092.159947184879
94908,24160.934928932173
89890,9674.167270923523
103477,13687.626098484843
76090,21027.539324074092
84810,5693.1354548229565
98323,11549.407396825394
100552,12326.94188227513
104719,10233.077928571432
90016,18750.449640211653
84632,6662.8428624338585
99846,8016.769097883602
92362,27723.669599206354
81315,11492.301578042332
85084,17937.67812109187
86760,9911.907402236653
80297,17682.68670646946
93420,21141.080812409804
78563,20126.70370370369
100791,12092.553857142857
89019,7346.762148148146
101709,9028.047242063492
103419,6944.29720165945
96092,15533.497580687836
89891,6711.235862433866
86562,11544.104429894183
95874,28101.818854497353
99343,11731.440339947085
87586,8187.355659571909
103112,11093.310783068784
82740,10493.237003367009
81595,32645.974888888883
77578,7824.878105820104
94090,17253.673428090442
102873,8941.762168951422
103258,13301.816509259264
107497,7675.9573679653695
101861,9083.05719877345
103997,25592.031105820108
79785,14661.521569143819
90250,6622.455601250605
93233,31640.347740860998
86527,12395.604627224628
86140,6049.347411375664
104063,8999.033722703221
77734,19956.191030303038
91652,21689.498128306866
97758,11080.027637085142
95096,15867.107965506719
106186,10099.046101010103
107960,25812.24646594148
78445,21320.93487037037
91886,21132.77642686017
82711,9433.927860963115
99248,9018.565888888887
91701,16244.292998677256
88172,9647.080834656084
83916,13752.040869047614
88883,12549.752329365076
90342,14961.147624338617
102042,12640.516068542578
96563,8542.008678210675
82344,21498.16855507455
102707,12880.704138888888
101718,12886.551543169793
102705,8309.42389405964
92589,28743.678923280444
84231,12323.745269841274
83534,7978.628770322271
85768,9398.024298460792
82141,11771.821663780664
87448,10396.290780784038
79569,6352.12025814001
82261,11484.544083333334
80605,13561.314129629627
91120,12669.255541005294
92482,20888.359924603174
99998,11340.800571632068
82202,19026.984183862423
105899,15371.110639249633
93653,17685.860714285707
94333,15458.758714285726
107717,13211.019871693117
107655,9546.077120731119
86240,15528.14513852814
88745,15365.801544733044
81723,32218.201365079363
84125,14369.3523505291
89476,14883.08261772487
79059,38848.280071909576
77879,12734.568692279943
82855,14416.748384680139
108513,33911.235685786436
83646,7287.8630489418
95702,32731.35283201058
84145,9918.906103174602
107629,26186.90480555555
81843,9562.541990139494
98863,9425.001054473303
95154,28588.086408249153
93275,26396.25426322751
94003,20883.68814814815
81095,17277.777464285726
81099,11687.324702861955
105527,12393.36132539682
89596,9655.40078944204
91007,24438.001010101016
80594,19590.02603968255
82782,10417.510115079363
92721,19084.077284391537
91718,25239.845846560853
87452,12110.233113580865
78098,10166.814412698406
84123,8914.912301587296
104672,13666.644996512738
105118,10244.048983886483
84690,14185.462796296295
88986,10708.862552910054
76028,24548.223228835974
92995,17495.06878559404
76275,32430.220234968725
103315,5385.186165824913
98168,18225.05521416546
93633,15375.115995670998
90151,11824.139813492071
105269,28787.38361243386
102604,2972.2464814814816
89541,8487.549451178449
105694,32234.937267195783
80405,28985.15584656084
96001,16912.33727188553
96500,8900.228224987977
95235,17834.039180402928
88367,22190.08705952381
98850,15551.669337301584
105724,22681.06938227514
86451,12506.00930699856
86426,12504.087194444455
81213,30592.01837361712
98547,18594.834076599334
86461,6460.317362433863
99294,22448.698384920637
99597,10803.910837301582
92255,10057.347136483888
90097,22063.94142063492
102302,12743.118506613753
105746,10552.230156084659
86133,23458.866364718608
94950,55112.47383994707
103666,7745.666026284353
94750,19732.64592784993
92880,24791.188808201066
82349,18171.177678571432
107337,15018.67461375662
82954,7018.834537999041
89689,16703.104101851855
99034,12553.142723665223
79873,14197.196515873005
107966,20701.818748677255
88864,13027.338158730157
97942,24905.30040103416
97481,8652.00154232804
100313,9256.869888648385
99927,5909.104124819625
87287,9330.774940716687
99134,22077.755792328026
104705,18486.074346560847
86134,17334.181199735445
93028,25563.755432950187
80161,23452.76360978836
76639,22668.077153439153
79239,21368.836984848487
94244,20899.125226190474
103815,8481.742341390087
84445,17142.06749867724
85884,8647.846283068786
103496,10728.519855699857
88620,16835.489009740264
101448,6910.880665343915
100044,7382.369652356906
98388,15275.243320466572
87610,9871.651925444929
82063,28224.449047619037
82211,36919.38054906205
91156,18205.515873015873
83323,8276.715960127594
100187,9036.891552308802
93117,23408.314192520444
82227,30170.81586111111
94263,14797.592593915344
88207,8646.706191798945
87988,15230.332394591274
104687,20627.254268518514
79791,45034.93407936509
82242,21335.706676406924
80273,11899.078047619048
81542,28883.295145863405
90361,11495.536248677246
83914,19918.3628505291
103142,10659.13851312576
80137,26106.10037037035
103580,15208.096744708986
98328,9482.839415223665
95936,32671.414034391524
95189,28904.16327789804
97806,26917.05877910052
95829,10955.476918109665
98684,21054.034888888895
92494,19687.932833934585
83016,19997.375822270325
80865,18108.480445646946
94537,16203.414658730164
86293,13933.654803511303
100087,6390.725695526695
95534,17521.176693121688
80827,26831.04290680615
80610,13291.852958994712
97472,6250.667164742664
85523,7129.062466931213
100005,7978.577134800381
96618,34177.13976587301
104893,10019.860753487259
93688,37492.79652477152
86182,13451.161188431935
105091,19976.186743626742
103031,10319.009709235219
99359,6705.125656084653
101907,16661.16775661375
82914,13897.28001130351
83990,16291.904973544972
98598,19519.299660052908
85494,9284.04562169312
82922,10188.19953835979
82854,11312.688128908136
89024,19031.618177489185
91754,26989.775979918228
102699,4693.889804834053
96887,15539.472989963733
102671,11867.204335978831
80646,21957.524382515632
88146,12406.270525733522
82969,15688.855621091872
77225,19358.80284126983
87443,7126.067097578345
91227,14235.007875661378
95731,16521.359914021163
95171,20264.60909235209
97076,17534.036582491583
98901,10678.674535113038
86013,8717.197982924483
80831,22436.985897038143
100258,7847.644255050509
103586,15804.321690476188
84553,15123.138555435302
84400,14695.643981721978
93434,46782.584970899465
86149,7058.446981481485
80336,24662.806234126972
104511,20442.38802380952
93127,20531.3317912458
86330,10982.122003968258
105082,11785.693287037044
101222,14452.411921957679
92606,23800.284569985568
90462,11036.070342592591
102123,11574.170994708997
83212,11017.451273809522
90403,14410.180645502642
79392,24591.35757804233
102630,16966.722033429523
85988,8983.911400072146
107908,20036.705772607012
80949,18804.777754449256
80517,13363.372482804232
97922,13130.038240860986
100296,9269.31135052911
93073,21857.9964179894
97137,7860.461491582493
88311,9254.228720177965
78021,16536.02988516113
81970,21927.49241125541
98957,7102.123615384618
99602,23955.602126984133
91417,13253.22103066378
89429,13741.229350529102
96535,16687.90318386244
80782,30973.42450252526
86889,18917.319197570956
79609,21008.225943325197
99497,12240.800506854257
99547,25448.21262229438
93817,3776.298052188553
91079,35190.2660863396
81962,14958.092506613746
85833,8514.284277777775
103305,8372.21458201058
94357,18421.144117724874
88736,9389.95540343915
105162,16653.653723544976
91131,24042.342600168347
84148,7344.377161375664
76377,17247.31059656084
76357,25525.434456349205
84675,16056.34631349206
83239,27214.238288119283
86317,8021.864601851856
93990,27284.583729918224
96357,8919.388562169306
89745,21207.406227513235
97141,19371.883113756598
82911,17521.935357142873
82943,7085.663569504569
96282,5941.932416666668
105885,20863.08995227921
80131,43571.72188888889
99806,21169.703585858584
105497,25062.12284283309
106447,24361.484284391536
107746,15168.321189033188
89523,15772.019854497363
84388,13455.839156806156
78166,29893.331956349215
103685,8158.114023037596
105018,9337.995085137087
102373,4219.656723544973
76988,21970.797424556924
81097,24010.8145578403
105521,22532.66872318423
99775,12096.508271164024
99766,9827.0974954675
101346,8044.465302910054
95228,3954.962475829725
75982,23458.273006493513
107142,6249.177867724869
86109,13881.661310162059
94195,19696.741205026457
80777,36609.70160786438
92612,25890.375315323556
99383,10132.502828884071
81686,22284.91616113517
88650,10606.694623441374
95681,14461.111304232807
100071,9617.660058201056
77554,30912.749425925937
103505,4371.475571909574
93281,19371.57591329966
107444,17749.30175348726
78752,21075.773402116392
103057,13315.19332671958
100248,11631.599894845895
98489,11375.07180026455
89189,14823.433988456
81293,15800.638814574313
83285,9302.548805555556
99459,13520.676167989417
90810,7757.958387926887
82015,16284.874640211638
96132,16051.86653739779
80808,53553.883433862444
104685,17048.726296176043
80937,19257.88510317461
103328,9103.19393844119
76512,17291.61908994708
83456,13087.639276094276
95102,36334.225502886
79692,24378.685704924697
107807,3508.323858345359
99176,12514.558942760941
89632,10539.928984126978
85310,16802.362497354487
105676,16361.363354691595
96825,6232.786477152477
76640,10796.001739417985
99932,15415.313819143812
103568,13363.775476190473
100906,11104.398713869463
97420,15570.631560846557
86996,15866.507961640204
86948,10744.800022005775
77326,22325.015014550274
89296,14356.625671476666
83087,7743.4659799182355
100477,9685.812732397231
84635,10559.362165153843
95060,30762.52782580382
79303,29312.535194444452
84026,8935.04400793651
87802,11431.858984126982
85561,8392.208304232807
95941,13974.43626539201
107662,19796.844099206344
105811,11475.701658128908
81618,15672.559121933617
95733,29425.776599687346
93613,14183.470085978828
82163,13675.772745319495
91734,28073.35732243683
87677,2577.60617989418
89816,8158.05886904762
106327,9218.566466931215
101799,9839.330048429152
106344,12394.726472222224
97705,24824.39867833095
86976,18914.91753896105
104847,19802.733139850887
103833,6792.530775012027
103482,9347.949078523332
96532,13680.630832010582
105817,12111.249403235654
80883,14618.572187349691
77825,45765.74853210679
98673,9526.991744708997
107364,7368.719734126983
88945,7462.312455026453
108307,18033.66376948052
78078,30071.73878439153
92490,23488.732304593545
89401,11177.483908093898
81002,15636.570834656084
93285,25051.662181216936
76796,30335.679342833075
99933,3867.7637147667183
103989,9285.240863997113
77504,15044.516073953826
77187,16273.793484126974
76477,10839.783462962963
104834,11451.443072751323
90656,19238.432823297077
86161,11486.843053872057
82503,15581.115974867735
95429,24022.202837301582
86123,21028.29727128426
85549,9805.975283309283
101443,9225.506816257814
89089,10761.593055555555
101004,7869.539822751321
98976,11462.661390692645
106328,42373.14175264551
101630,4884.625134920638
79682,14599.156198412702
107885,23931.248714285706
97206,6438.299730158729
80721,30429.63303968255
96625,25102.23546164022
87687,14804.26865343915
91458,27928.357542448306
104683,11830.768390822146
104151,10029.87755687831
108346,33804.73631746031
101262,9734.383528980274
96543,16496.65187698411
102763,7983.2112394179885
81274,13185.358388888892
95280,10740.042825757579
82561,13401.496605820104
77783,15791.049070226065
95843,31545.01539814814
99776,6643.526759259259
79114,29442.1034589947
102376,13430.813662818666
101704,12328.442787037038
77297,20707.153065295806
80285,42788.24783201057
83467,5552.027306277058
101059,9431.686520562767
102229,12445.59868253969
84664,13519.997736041736
107750,19678.64267580568
102405,10074.072452260694
85553,9600.39632527657
89780,31477.271293169782
104268,9944.961784872532
102935,7131.310461640213
97898,11877.623227513232
103785,6199.891941798944
98529,20839.182739418004
93897,11937.863296176049
101766,11207.21115824915
95038,15642.577773088022
108350,21861.853587301594
103542,10335.540614117364
106061,41831.00901731601
82286,18964.07503938654
93548,32687.04471693121
89937,12154.01708201058
97650,20134.301721139964
77515,31626.190694444445
87466,15306.064266474268
87489,12230.796832491584
83029,6900.194914141416
78512,44746.40052477154
93310,21624.246386243387
99598,10073.846024410781
91341,17007.659426166425
82704,9410.926274771522
80819,4940.156611111113
82774,11025.732486136221
100367,9498.224558201058
80303,13052.356243265995
84897,10489.672689238685
81307,47494.16847560771
99687,9402.021534391533
85321,13686.55051851852
80702,13198.52534920635
103843,8506.15954232804
98898,6941.262026455028
87147,11892.324222222227
97662,8619.724065536313
97518,13244.884515873015
100217,4871.822840548344
94513,27611.06117266993
77035,12195.352611231365
103165,7526.850136604136
77140,6668.582129990379
103771,13065.208842592594
95993,22110.33362157288
83624,16229.189981481482
97945,9205.982405603661
87103,6553.603110269361
107640,13939.104292688802
99549,10915.808793650793
80464,16222.410261904763
99623,13617.49321031746
103689,16914.471260582017
97337,9313.0808505291
84308,16060.393113756605
81459,23919.264740380004
104126,29829.786813371826
97303,31752.04025685424
95139,19217.447068783076
93074,35062.415249999984
102368,9407.985325396829
78475,10512.310824434822
80333,24872.864500841755
80144,12743.164928571428
100439,7657.1119087301595
108154,20513.478810485816
107137,35095.744228715754
92752,28616.378158249165
89896,12205.966239417992
90485,36766.14004100529
83159,12368.529583333331
76671,16907.16012157287
96849,12403.676626170123
93722,39787.51399963925
107787,7603.13582106782
90164,14598.68325817701
84760,14290.930320105814
90370,8206.215201058203
88117,9723.254859788354
89557,11477.727294853292
98274,2734.807206349207
97325,8500.594020442519
78887,26837.03886111111
90525,19303.381974506963
86491,23247.96464911013
81617,9394.333021404522
96123,8455.506589947083
79413,14403.260894179888
88016,11682.387823472824
104681,22294.90281373257
83330,7970.4037685185185
99163,6682.9901530784055
102236,7646.963337301587
78116,16699.97077380952
81077,21284.178156084658
81046,30408.38635185187
93928,27226.62478703704
96436,9942.698669312176
93479,16684.460887566136
92021,28666.32998737374
95143,18570.69832671958
90500,13006.283879509381
78940,16769.29111327561
94861,15602.958010582011
81961,15610.014185185184
87630,8865.507280182781
101224,13720.511451899956
103357,7524.591628306875
99521,16902.250816942313
103897,15921.861493386248
76701,10009.233425925928
83560,10222.613306277057
83516,18353.075821789327
76385,14643.831978835982
87311,17877.22691137566
102065,9740.207659812415
81718,22443.083998677248
100025,15820.94374314573
93182,27741.566449735452
79240,21145.770994708997
96331,15281.392347883586
84781,12632.256373559712
100663,3617.242155964406
76390,25752.46150661375
87234,9603.402415343911
85790,18200.9909515392
91278,24460.438977272726
92254,22272.7746878307
99105,6334.080857142856
101324,12002.029799903803
104734,9975.703888888891
103445,18478.416444203933
103323,9534.406439153434
78055,24249.501450854703
101302,13109.2648095238
103095,10114.494718253964
88134,6897.2847421785145
79346,13311.795415223669
81699,16811.250186748424
96464,26454.685925805665
86609,10820.033653439146
96737,27641.326226671477
100080,13747.478884439628
93423,22971.81060185186
79886,23679.859288359785
89452,13624.928393217895
81509,14769.057201058195
83975,20827.332497955744
81360,7248.012788359788
98089,8820.07803703704
104047,29035.33369781144
78711,18978.152603535345
81025,22816.69017195767
79973,16746.262291005285
102117,16449.527292087543
78400,50219.15093001442
87911,11780.430959681204
82806,15911.561082010592
102480,10045.800691919185
94044,19844.701419191926
76824,8638.686213083212
104095,16437.28430543531
98660,11189.715365079373
101444,11318.742433862433
92320,49119.808628306884
105141,15057.250057960562
106950,10873.409095802344
81851,28153.810489417985
100884,11607.247373256374
95196,18912.78270779221
103636,4237.393056878309
80584,17434.254361111114
92337,17649.018884800385
85513,8062.746815175563
85180,13035.47542448292
103365,11894.288218253974
85796,15905.245057479558
78462,29137.55782539683
87895,9241.770447210196
99262,11235.204811327567
83363,9948.406333934576
103800,12560.761605820107
78822,11208.935011423757
107816,23142.3103418711
90042,9834.85951058201
99022,12489.494944444445
81854,25503.539730158736
102619,12889.324322029819
80425,20855.39812698412
102306,14485.254542328035
99778,15969.366050144294
105957,19090.383378306877
102184,11585.702568783065
105195,10016.687660894662
98841,10269.82492063492
78452,35401.63949470898
98974,11856.038318903315
86430,10227.63470971621
87124,8498.049269841269
105872,20891.465621091873
108077,15898.713159812407
103608,10340.053543498898
89218,11157.931318783067
106418,18586.492826719583
94498,9807.147688071189
89269,17380.113632635883
87283,10129.553211640212
97545,10085.525563131308
85408,16152.728884920636
104594,8879.712820105822
103905,9270.972539682543
95101,24792.563227513234
83226,11430.116887686389
89257,16397.339088522585
79479,11352.593526455032
77652,19486.719482804237
96606,10926.267896825399
95504,3308.34512830688
84103,10075.957062169313
102843,9081.112955026456
99361,8887.798084656086
91098,18209.19969179894
92937,15020.937536916783
85635,12184.033452380949
105348,12466.148862674367
96427,22367.28942893218
89473,17257.347627896608
79316,19827.68735569985
89157,18687.170269841274
92217,15096.504891534392
99761,22703.739021164016
88748,12796.712815295816
96029,23436.286215007207
92916,27665.52481577682
81210,16018.665683862428
83778,22435.384239417992
89380,11461.247114959118
103398,2105.8277550505054
92869,31533.44748015874
105278,21219.173075637318
77054,17468.60521500721
94021,21533.612835618093
85177,11019.8971022126
77904,22286.267465969217
99917,15245.891066137568
77123,27324.40845057719
95195,21182.151940476204
81922,33645.293835978846
84281,19479.485576118324
101289,15281.832714285705
108200,29235.471816378056
90235,10929.517088624345
81150,32734.964079365083
104224,17154.361986772477
90071,12546.898900793653
93187,30399.292427248674
84284,12549.162276455025
97109,9227.21842989418
102231,9937.263595719092
108093,9302.278583333335
108443,38195.92657948533
92992,13764.129697330454
80438,63062.02867255891
104913,12476.345411375667
82772,9921.245453823956
83960,12688.413080206828
83052,16444.20700132276
82939,7941.760125300627
91175,25182.932423992675
80115,23987.24018109668
99384,9143.568893217895
101540,11621.8676547619
76849,34989.102560846535
97226,13089.670446248198
97672,21058.524914021164
97579,8168.580677248678
92361,27465.12116402117
91952,42969.23023184223
79024,17788.521096079843
98048,15470.875742303986
95481,22820.018871091877
90572,12797.098280978284
91301,19743.667487493985
103209,9942.13221164021
78464,14088.770797979794
91311,25213.438608465607
105722,19481.629513107287
96211,11003.681128908129
105482,8137.716533068785
80750,61651.40014093313
85880,16238.363760221257
106997,20026.472990740756
99866,22482.351082010588
107262,12673.45004741554
98814,3143.7077156084656
98650,7841.668705026458
93505,13490.669143467638
103810,15161.346770683027
92931,57071.57075553148
96126,8941.250373284116
104285,5120.864578042329
96503,12795.860212121212
76826,19618.992293771036
102531,10724.816494348246
86939,13127.487210678202
98276,9530.525689153434
89094,6908.181361111111
89376,8244.762541245787
101715,8995.481604497356
98971,8325.002537638287
98359,12558.868176647426
101520,9509.251278055279
86866,10050.401712412138
80468,17648.28851719576
84146,8903.828048821555
82628,10700.603580447332
88012,16911.34144047619
78341,15004.59463023088
104664,9331.244955627706
80753,22751.762361111105
88296,13539.498279100531
100349,10292.695031866282
95307,22741.286722823475
97982,20403.77603703704
99328,20716.48101190476
84689,6658.662011303509
86620,8059.92561375661
105565,11168.975343915348
94198,42884.48045899473
81959,6600.628354136608
92894,35740.461082972564
95163,20468.762214285714
81774,17280.926752645508
97953,6844.440949430197
83179,11317.094644179895
83316,9114.664795214052
88506,14865.873835738339
83533,9954.347738095237
84069,10945.053123215032
103724,8291.23191056166
76757,19160.86942027416
88222,18843.779757936503
77382,16364.290875661372
86702,17588.6317010582
92511,13245.613856227112
100163,14197.879761423757
78982,22601.543848965855
94043,15324.150279100531
87066,12752.5141031746
79987,28031.057304232792
83428,18524.699585978833
88886,20266.49309920636
79836,16972.50061599512
95090,21652.130507936516
77868,23151.668775974023
81415,23786.223727513243
76542,24867.11831839458
99066,9521.761708994709
98211,14368.324493386242
77789,13787.680822751317
102614,10531.810901996156
100676,7686.5039380711905
95751,16024.730984126982
95684,19342.431843434344
108508,16431.99983068783
82075,16429.26529100528
78948,17981.165882635883
93337,20952.717601851855
86465,16517.982681216927
76163,25751.587289682535
101688,9998.91488756614
97445,19890.954420875412
76672,31562.933609788375
108153,27546.67151851852
92963,26378.66372787398
88441,12205.191564694562
76274,14858.085518315018
107189,9176.847478234731
79393,11472.397972222227
94684,34650.84574567101
77033,6783.225836219338
106413,21889.54162739113
90407,22382.629384800388
86730,10605.967354377106
79417,23574.181974506973
93426,30729.083975949965
86689,6340.200883534358
94562,22283.99227777778
101792,17763.042687830697
99696,12053.688658730156
84181,19519.64534920634
83652,20587.52785714286
87285,8575.071509499756
105860,5766.886181938432
80615,26256.638142043135
100040,7095.871605098606
88919,12906.452314213559
84980,11718.272891007135
83969,13344.002781746034
103616,6160.077288359787
105097,14092.822427729672
81573,28547.172777898028
85124,16371.006323352574
82995,14986.365941798935
106976,10853.823327681577
97250,17832.456728234727
91609,17104.488503727745
92582,29696.537152236644
106719,13819.36306553631
95711,21870.595096560854
81868,28287.26846428572
86650,9814.131645863394
84727,7664.730491582491
79409,11249.319126780627
90538,17139.653551346797
90346,7262.003954304953
94050,40854.66795887446
82866,9986.637182003182
93402,14501.933310485805
95803,60728.30530759058
88730,17971.850243386234
84023,15985.002609788356
85119,15285.648524410772
80528,27989.17830291004
103284,8432.837743386242
87269,9054.5328068783
80708,15850.95438251563
96853,19147.36897107522
77191,22101.359015271777
89419,15103.215789682543
106060,10894.014892857147
98372,4907.32205952381
102076,9850.777333333335
79960,27442.29144444444
97268,13840.953252886004
101849,15200.050818274322
96850,25631.410279100517
99301,6667.725092111593
81672,21166.381354497353
100709,11943.65782407407
104616,9965.61666137566
89965,8632.917323593081
93313,12371.078891534387
104340,12484.475740740743
103783,10672.87829385965
78842,30949.291558201057
87942,11079.120173966912
96790,8526.066873563215
97330,10440.315607142858
90180,10579.232068783063
78934,29633.551658128905
90145,24176.076597883595
78173,20076.115573232317
92455,30487.600673881683
81565,22717.138550384803
78530,27721.809924963927
103732,14253.586023328524
91559,23407.208932539685
100802,10827.699501322744
104472,29592.389877946116
96556,8450.822428571428
85610,9917.116530543532
81512,37484.7401480279
94005,28761.18801683503
88847,11258.318247955747
105272,19519.844632996635
88156,7267.225543650794
102245,11165.538202380958
103740,12952.424671596918
98554,1859.256133958634
82268,11825.913427248677
80472,13466.081539682538
77127,24629.62221512747
94612,12516.17874062049
91124,32290.654855820103
85847,15626.058591029327
95527,23672.985575396833
83373,16681.005658730155
86221,16867.741174603172
83131,16234.712820105817
104639,19882.329846079836
108323,44661.369931096684
95465,19965.85923148148
96905,16989.374693482445
104272,15701.53239682539
90562,19554.963274290516
81396,32221.490232563727
107589,14547.983328042328
78022,15681.627535353538
89141,23613.04480820106
87808,12045.559648388651
92344,15350.560892857142
85181,16518.19029593555
101172,5445.832825396826
107038,13820.675260582004
108214,51463.27995394419
90048,9465.978323565327
92619,21681.082269239996
106279,10964.439986171235
103918,12521.723956228956
96418,28495.205334656082
97891,12696.237947089941
90459,8314.456368085619
90230,17248.318693362195
82589,15521.462085978827
84093,7152.761194444443
84128,17198.912039682535
77775,22866.13836664263
80709,16010.126406084659
87084,17671.611341269836
78358,27240.010502645513
99051,7658.4610161782675
81732,12945.716813492065
94316,37682.223774410784
95333,26415.598100048097
84653,8132.375609547859
94200,23930.527459355464
77707,25501.46527466977
78884,8513.662855820106
87384,14467.842698532952
84311,12056.402785473783
106179,6762.135983405484
77959,49307.203850889855
101918,11321.095564514191
82519,14455.171706589708
90216,6731.991120610872
99455,9111.30512025012
78784,30654.504962962958
93016,22983.845759259275
102343,7451.295793650795
91681,24584.046755531515
94868,15496.924472943721
87562,7167.882599206347
96639,17694.919660894662
85312,19356.17561820587
103821,6728.343717772966
101157,13856.011285233277
98644,8836.736841390095
91060,20587.408453046948
87747,12330.423892255889
77903,23454.910682539678
99482,18827.970928571438
76170,17673.381129629623
83750,16308.927968253969
95288,11592.440534391539
83977,18925.31878342955
78300,22773.848632275138
80362,7403.304362313609
101315,10602.279109788366
88661,5791.6453924963935
96575,27265.886441798935
87420,16243.925182539684
76175,9296.936629629634
95867,26500.96976587302
80904,32161.706695767192
106939,14506.73636111111
97892,10456.471933162153
102282,15412.112404761901
81764,18984.934082010583
103326,11488.645863756617
94064,25340.075983044735
97529,21311.651169312176
97606,5092.460404641656
89922,21604.978579365088
104023,12502.016839947084
98885,8068.527426286677
83365,12509.955134800386
81828,51813.0836230159
100521,11377.72097041847
76827,7294.368784632037
89850,8996.829701659444
90528,13263.10157804232
80710,24091.72901034151
104646,13127.140661375664
102709,11405.352250000002
93055,16857.265260582008
103701,20250.409780423277
103548,8396.541857448103
96053,8353.732107142858
77609,32235.394231000493
99637,17366.489298701297
99911,17260.731620250113
87622,13308.18208730158
95938,16352.445386243382
93648,17269.004961640207
105208,19741.45803174602
82558,24233.664609908607
89781,20748.648969937472
94210,48784.27444444443
97589,26093.065607503606
96120,14646.202648148139
79277,28176.301983766214
93852,26010.04200813184
106276,13343.526598845596
104292,21715.951376984118
103994,17233.22348977873
83967,13245.100203463202
77971,23351.569074074083
76636,30524.792861111095
105328,12962.219657768153
89518,8694.469368640614
107941,10565.324300264554
79721,24824.320478835994
96770,8701.48748917749
105293,8909.822080687834
81503,44862.2354517797
97932,14052.61956830208
101258,9857.274715848964
83499,7719.658108983608
85447,11674.170746031752
98221,9644.485912578162
105617,21466.904666786926
103224,7611.212632904134
82749,5261.820494708995
104578,17246.18084884559
77279,27510.6509515392
106045,24838.607376984128
106053,8601.212388407888
99749,15950.97122842897
102786,14787.058224146227
87467,11348.751394179893
97949,8264.003893698893
91680,26425.332849206352
86203,17170.129580687826
102078,7005.880386604137
94020,22067.500736522732
97807,12935.081669312176
86146,11872.613920477668
92130,23187.796439514197
108463,13604.501876863882
79600,25847.326416666667
89904,9102.35720863396
105696,12564.70692159692
105440,11434.265476190472
78666,25456.74488624341
87225,8215.61456950457
92285,30497.23239838864
85762,7959.851862674368
107249,8070.236546055796
86894,8233.697951058208
86790,20257.946832611844
98272,13532.33936544011
95514,15569.839873136123
103863,12394.360445767192
85887,10652.867753968258
92171,17628.612583333328
105828,19556.389104497353
99025,6492.950906084658
77032,7552.943135281385
96993,17400.196490740735
95599,14242.93011416362
77651,37722.87355759979
99249,8195.580333333332
82347,30101.31453222702
83547,13866.426477513234
90793,7069.924004930256
94114,4045.1934954304957
98376,15947.821778138528
88356,14440.953561207307
97473,9424.91044684944
84728,15038.851607142855
99765,9617.654658489655
95147,24172.67775661376
93220,25128.98238071188
91907,29334.845201899963
100215,8912.073944444446
93841,24691.271567700802
99392,10419.920310125057
100078,10853.463805916308
98334,28296.64647799422
97491,6783.2728529341
76179,13333.46868915344
96845,18420.84883633958
99295,13583.12821260221
101419,5848.172607022608
88658,15798.986366402121
82883,19287.237145613635
76475,10358.320579365078
99742,26164.53474999999
93385,29231.859850288587
96197,7856.408334295332
103239,13986.368210317456
89746,15285.356849206348
84083,17146.886140211627
90921,40658.08010164834
81029,34015.937489177486
85735,15765.613033429534
100511,7320.751884920637
86938,10182.464974867724
106540,12522.70597222222
95088,19751.314838393093
106791,26259.999313973065
101353,5810.254540163542
90012,8275.155312770568
87810,9776.000089706595
78427,25439.091848965854
105147,21524.03648665224
99572,23739.04559391535
95461,36903.51697198173
91238,24617.302863756628
89040,23481.786927248675
106508,14495.150425084163
84365,13487.895100649346
98635,13916.190038359797
95456,26523.46751791725
82157,25327.96858934586
107710,14557.696878306871
102827,9262.29516015466
79534,23143.305554112554
81865,25813.20717231842
88639,15887.278324074072
106981,29001.172239418
105063,8708.961356180855
89959,13454.943507696009
76364,20317.82162169313
82709,11130.580535078028
97975,7652.847971620978
81231,28044.309602573358
91395,20278.07749362674
102044,10219.826829365078
78668,12866.908337301586
78000,18305.443584656085
105797,19892.012687590184
97820,18890.169025012026
78541,17350.186585978827
83979,23489.334829485324
92189,27522.461769841277
92421,36443.73239814816
104433,15220.463847041845
94419,22976.874496170498
81249,48691.128638888884
83181,13920.114141534394
101041,4459.944274170274
84544,7373.59750937951
82304,24033.166761904755
97216,22816.7167536075
106909,22504.84994312169
88158,6638.594854395601
97244,28876.58061604136
85241,18122.365763828762
93235,26990.607456349207
84502,18149.1205986051
100273,10288.091961640213
99220,8837.569528980273
100249,8210.893236892736
98796,11316.367391053387
100226,9728.548405844154
76989,59226.58011014914
101824,13886.593407971663
104347,17683.83469973545
83602,11885.06849338625
105100,31413.571343915337
87507,8672.919005892256
105460,19983.817296416553
106962,17474.590943121697
76968,18748.800493867253
102530,10850.502746031752
80270,31527.97428848002
76134,12422.503456709954
81648,23407.875723063968
82846,10918.27867528966
107094,28701.967228715712
88963,11576.249798941808
85665,14931.501332010583
83962,10670.957134920638
96200,13229.659926647422
89390,8656.832318783067
86778,8280.517527537279
87626,12664.950076839827
76994,14694.951015873014
95430,14247.160248076
99912,9582.417694444444
79916,33330.57832407405
77558,36589.739256493514
102504,4817.598777777778
79125,17115.3412111592
90514,16330.694280423286
84199,11290.443691447432
88179,13320.046115440122
93132,28448.70055603656
103105,15823.296441919198
91760,27746.230578042334
102027,15496.13559788359
99456,10266.379235449742
97843,8534.30213504088
98592,24835.42898809524
101912,9150.719814814813
99398,8618.773970779219
78585,16749.31052116402
99870,11913.631428469678
86989,16787.019969576726
86206,9167.220248677246
84406,9376.762699735447
86226,4934.373709716211
86528,13538.086983645986
84765,12149.315018518515
86600,9952.862773809526
97750,33313.08452693602
90475,9033.123098577349
103437,7694.37823015873
106713,17253.757411014914
84811,16057.261660052902
79863,35596.68649470897
79529,18306.9678425926
87367,12814.685538840786
93885,24693.987265151514
107524,11120.80717219818
77240,26077.37035582009
100091,11154.362189393938
77872,18971.58997883597
97015,25852.48759151035
78978,18845.85661904763
95091,20102.652965608475
107650,18303.332708994698
76162,31742.74575925925
102355,11927.745258658008
101524,10322.624071428569
78720,27021.35765392015
108192,31375.883450456928
94404,14118.382023809525
100206,11853.38195791246
94915,28485.08506878307
101631,7214.57667448292
84639,12290.935323741614
108277,19887.62468121693
103453,10063.721084054829
105392,18245.507312289563
82369,8904.911566137564
104666,9558.668017195765
95742,28411.103755651762
96912,12979.026920995671
93541,24129.516271164015
82393,19455.500828523323
81024,13104.978728595475
81284,17829.758296296288
78406,20366.793564814805
99306,11215.257478835982
108130,7357.539632756134
106160,18410.264762866762
102940,14968.994916065421
76742,22309.323190596446
108025,13352.722834415583
77658,25962.642836099094
84295,13045.577402717652
91996,15283.513284030774
103468,10985.318708994711
87336,10179.671034391533
103993,24130.844177248673
90396,7558.288141534394
97935,9909.45114634439
80399,34508.008378306884
105883,10774.077433862438
92823,25493.63101719579
82238,20414.007604016362
98091,18778.182294973536
87257,11348.013165343913
87937,9441.573431216926
97548,16249.69193650793
105775,17611.26697883598
81363,35865.29902934103
76833,33483.09487698414
91768,20117.35681649832
99627,11351.174826210827
